timestep,episode,reward,decision,elapsed_time
1,1,0.9433333333333334,discard,0.000851
2,2,0.6633333333333333,log_and_continue,0.001162
3,3,0.76,request_rescan,0.00145
4,4,0.76,log_and_continue,0.001726
5,5,0.9433333333333334,request_rescan,0.00218
6,6,0.76,discard,0.002357
7,7,0.9433333333333334,discard,0.002506
8,8,0.76,discard,0.002646
9,9,0.9433333333333334,request_rescan,0.0029
10,10,0.76,discard,0.003039
11,11,0.76,discard,0.003184
12,12,0.6633333333333333,log_and_continue,0.003324
13,13,0.76,request_rescan,0.003544
14,14,0.6633333333333333,log_and_continue,0.003694
15,15,0.76,discard,0.003833
16,16,0.76,log_and_continue,0.003985
17,17,0.9433333333333334,request_rescan,0.004203
18,18,0.6633333333333333,log_and_continue,0.004348
19,19,0.6633333333333333,log_and_continue,0.00449
20,20,0.6633333333333333,log_and_continue,0.004625
21,21,0.76,request_rescan,0.004843
22,22,0.76,discard,0.005
23,23,0.76,log_and_continue,0.005137
24,24,0.9433333333333334,request_rescan,0.005266
25,25,0.6633333333333333,log_and_continue,0.005496
26,26,0.76,request_rescan,0.005638
27,27,0.76,log_and_continue,0.005775
28,28,0.9433333333333334,discard,0.005917
29,29,0.76,log_and_continue,0.006147
30,30,0.9433333333333334,request_rescan,0.006286
31,31,0.9433333333333334,request_rescan,0.006421
32,32,0.9433333333333334,discard,0.006548
33,33,0.76,discard,0.006768
34,34,0.76,log_and_continue,0.006918
35,35,0.6633333333333333,log_and_continue,0.007053
36,36,0.6633333333333333,log_and_continue,0.007181
37,37,0.76,discard,0.007387
38,38,0.76,request_rescan,0.007517
39,39,0.9433333333333334,discard,0.007658
40,40,0.9433333333333334,request_rescan,0.007794
41,41,0.76,discard,0.008041
42,42,0.6633333333333333,log_and_continue,0.008186
43,43,0.6633333333333333,log_and_continue,0.00832
44,44,0.6633333333333333,log_and_continue,0.008455
45,45,0.9433333333333334,discard,0.008684
46,46,0.6633333333333333,log_and_continue,0.008887
47,47,0.76,log_and_continue,0.009035
48,48,0.76,request_rescan,0.009173
49,49,0.6633333333333333,log_and_continue,0.009392
50,50,0.76,request_rescan,0.009535
51,51,0.9433333333333334,discard,0.009675
52,52,0.9433333333333334,discard,0.009806
53,53,0.9433333333333334,discard,0.010037
54,54,0.76,log_and_continue,0.010187
55,55,0.76,request_rescan,0.010333
56,56,0.9433333333333334,discard,0.010465
57,57,0.6633333333333333,log_and_continue,0.010683
58,58,0.76,discard,0.010813
59,59,0.76,discard,0.010958
60,60,0.76,request_rescan,0.011097
61,61,0.76,log_and_continue,0.011316
62,62,0.6633333333333333,log_and_continue,0.011447
63,63,0.76,request_rescan,0.011578
64,64,0.76,discard,0.011713
65,65,0.76,log_and_continue,0.011945
66,66,0.6633333333333333,log_and_continue,0.012083
67,67,0.76,log_and_continue,0.01221
68,68,0.9433333333333334,discard,0.012345
69,69,0.76,request_rescan,0.01257
70,70,0.9433333333333334,request_rescan,0.012701
71,71,0.6633333333333333,log_and_continue,0.01283
72,72,0.76,request_rescan,0.012981
73,73,0.9433333333333334,request_rescan,0.013203
74,74,0.9433333333333334,discard,0.013334
75,75,0.76,request_rescan,0.01346
76,76,0.76,log_and_continue,0.013586
77,77,0.76,request_rescan,0.013819
78,78,0.9433333333333334,discard,0.013977
79,79,0.9433333333333334,discard,0.014117
80,80,0.76,discard,0.014252
81,81,0.76,request_rescan,0.014486
82,82,0.6633333333333333,log_and_continue,0.014631
83,83,0.9433333333333334,request_rescan,0.014764
84,84,0.76,discard,0.014905
85,85,0.9433333333333334,discard,0.015132
86,86,0.76,discard,0.015271
87,87,0.76,log_and_continue,0.015404
88,88,0.9433333333333334,request_rescan,0.01553
89,89,0.9433333333333334,request_rescan,0.015768
90,90,0.9433333333333334,discard,0.015935
91,91,0.76,discard,0.016085
92,92,0.9433333333333334,discard,0.016222
93,93,0.9433333333333334,discard,0.016458
94,94,0.76,discard,0.016601
95,95,0.9433333333333334,request_rescan,0.016733
96,96,0.76,request_rescan,0.016863
97,97,0.76,request_rescan,0.017118
98,98,0.76,log_and_continue,0.017265
99,99,0.6633333333333333,log_and_continue,0.017403
100,100,0.76,discard,0.017535
101,101,0.9433333333333334,request_rescan,0.017785
102,102,0.9433333333333334,request_rescan,0.017943
103,103,0.9433333333333334,request_rescan,0.018082
104,104,0.9433333333333334,request_rescan,0.01821
105,105,0.9433333333333334,request_rescan,0.018446
106,106,0.9433333333333334,request_rescan,0.018589
107,107,0.9433333333333334,discard,0.018721
108,108,0.9433333333333334,discard,0.018852
109,109,0.76,discard,0.019098
110,110,0.9433333333333334,request_rescan,0.019236
111,111,0.6633333333333333,log_and_continue,0.019364
112,112,0.6633333333333333,log_and_continue,0.019489
113,113,0.9433333333333334,discard,0.019723
114,114,0.9433333333333334,discard,0.019867
115,115,0.76,discard,0.020006
116,116,0.9433333333333334,discard,0.020137
117,117,0.76,request_rescan,0.020374
118,118,0.76,request_rescan,0.02052
119,119,0.76,discard,0.020657
120,120,0.9433333333333334,discard,0.020787
121,121,0.76,log_and_continue,0.021059
122,122,0.9433333333333334,request_rescan,0.02121
123,123,0.76,request_rescan,0.021346
124,124,0.6633333333333333,log_and_continue,0.021479
125,125,0.76,log_and_continue,0.021722
126,126,0.9433333333333334,request_rescan,0.021878
127,127,0.9433333333333334,discard,0.022031
128,128,0.6633333333333333,log_and_continue,0.022163
129,129,0.9433333333333334,request_rescan,0.022413
130,130,0.6633333333333333,log_and_continue,0.022558
131,131,0.76,log_and_continue,0.022692
132,132,0.9433333333333334,request_rescan,0.022823
133,133,0.76,log_and_continue,0.023112
134,134,0.76,log_and_continue,0.023264
135,135,0.6633333333333333,log_and_continue,0.023406
136,136,0.9433333333333334,request_rescan,0.023556
137,137,0.6633333333333333,log_and_continue,0.023803
138,138,0.9433333333333334,request_rescan,0.023975
139,139,0.76,log_and_continue,0.024117
140,140,0.9433333333333334,request_rescan,0.024246
141,141,0.76,discard,0.024504
142,142,0.76,request_rescan,0.024646
143,143,0.76,request_rescan,0.024781
144,144,0.6633333333333333,log_and_continue,0.024929
145,145,0.76,request_rescan,0.025158
146,146,0.76,request_rescan,0.025295
147,147,0.9433333333333334,request_rescan,0.025431
148,148,0.9433333333333334,request_rescan,0.025558
149,149,0.76,request_rescan,0.025795
150,150,0.6633333333333333,log_and_continue,0.02595
151,151,0.76,log_and_continue,0.026092
152,152,0.76,request_rescan,0.026225
153,153,0.76,discard,0.026474
154,154,0.9433333333333334,request_rescan,0.026622
155,155,0.76,log_and_continue,0.02676
156,156,0.9433333333333334,discard,0.026901
157,157,0.9433333333333334,request_rescan,0.027149
158,158,0.76,log_and_continue,0.02731
159,159,0.76,discard,0.027458
160,160,0.9433333333333334,discard,0.027593
161,161,0.76,log_and_continue,0.027842
162,162,0.9433333333333334,discard,0.028013
163,163,0.9433333333333334,request_rescan,0.028155
164,164,0.6633333333333333,log_and_continue,0.028287
165,165,0.76,log_and_continue,0.028543
166,166,0.9433333333333334,discard,0.028687
167,167,0.9433333333333334,discard,0.028823
168,168,0.76,discard,0.028973
169,169,0.6633333333333333,log_and_continue,0.029206
170,170,0.9433333333333334,request_rescan,0.029346
171,171,0.9433333333333334,request_rescan,0.029477
172,172,0.9433333333333334,discard,0.029601
173,173,0.76,request_rescan,0.029836
174,174,0.76,discard,0.029992
175,175,0.6633333333333333,log_and_continue,0.030129
176,176,0.76,discard,0.030261
177,177,0.9433333333333334,request_rescan,0.030479
178,178,0.76,request_rescan,0.030626
179,179,0.76,request_rescan,0.030761
180,180,0.76,request_rescan,0.030902
181,181,0.9433333333333334,request_rescan,0.031126
182,182,0.76,discard,0.031255
183,183,0.76,request_rescan,0.031386
184,184,0.76,log_and_continue,0.031519
185,185,0.76,log_and_continue,0.031736
186,186,0.76,discard,0.031867
187,187,0.76,request_rescan,0.032003
188,188,0.9433333333333334,request_rescan,0.032131
189,189,0.9433333333333334,request_rescan,0.032343
190,190,0.76,log_and_continue,0.032469
191,191,0.76,log_and_continue,0.0326
192,192,0.76,request_rescan,0.032733
193,193,0.9433333333333334,request_rescan,0.032961
194,194,0.76,request_rescan,0.033094
195,195,0.9433333333333334,request_rescan,0.033225
196,196,0.76,log_and_continue,0.033374
197,197,0.6633333333333333,log_and_continue,0.033611
198,198,0.9433333333333334,discard,0.033742
199,199,0.76,log_and_continue,0.033886
200,200,0.9433333333333334,discard,0.034029
201,201,0.9433333333333334,discard,0.03427
202,202,0.76,log_and_continue,0.034406
203,203,0.76,request_rescan,0.034533
204,204,0.9433333333333334,discard,0.034654
205,205,0.76,request_rescan,0.034915
206,206,0.76,discard,0.035064
207,207,0.9433333333333334,request_rescan,0.035202
208,208,0.76,log_and_continue,0.035333
209,209,0.9433333333333334,discard,0.035573
210,210,0.9433333333333334,discard,0.035715
211,211,0.76,request_rescan,0.035849
212,212,0.76,discard,0.03599
213,213,0.6633333333333333,log_and_continue,0.036225
214,214,0.76,request_rescan,0.036369
215,215,0.9433333333333334,request_rescan,0.036502
216,216,0.76,discard,0.036634
217,217,0.9433333333333334,request_rescan,0.036855
218,218,0.76,request_rescan,0.037017
219,219,0.76,log_and_continue,0.037153
220,220,0.76,discard,0.037282
221,221,0.9433333333333334,discard,0.037518
222,222,0.9433333333333334,discard,0.03766
223,223,0.6633333333333333,log_and_continue,0.037794
224,224,0.76,log_and_continue,0.037946
225,225,0.76,log_and_continue,0.038165
226,226,0.76,discard,0.038308
227,227,0.6633333333333333,log_and_continue,0.038443
228,228,0.76,log_and_continue,0.03857
229,229,0.76,discard,0.038807
230,230,0.76,log_and_continue,0.038957
231,231,0.9433333333333334,discard,0.039097
232,232,0.9433333333333334,discard,0.039227
233,233,0.9433333333333334,request_rescan,0.039443
234,234,0.76,log_and_continue,0.039586
235,235,0.6633333333333333,log_and_continue,0.03972
236,236,0.76,log_and_continue,0.039845
237,237,0.76,log_and_continue,0.04008
238,238,0.9433333333333334,request_rescan,0.040216
239,239,0.6633333333333333,log_and_continue,0.040347
240,240,0.76,discard,0.040474
241,241,0.76,discard,0.040713
242,242,0.76,request_rescan,0.040856
243,243,0.76,request_rescan,0.041006
244,244,0.76,log_and_continue,0.04114
245,245,0.76,discard,0.041358
246,246,0.76,discard,0.041506
247,247,0.76,request_rescan,0.041645
248,248,0.9433333333333334,discard,0.041776
249,249,0.6633333333333333,log_and_continue,0.042007
250,250,0.76,request_rescan,0.042148
251,251,0.76,request_rescan,0.042278
252,252,0.9433333333333334,request_rescan,0.0424
253,253,0.76,log_and_continue,0.042637
254,254,0.76,discard,0.04278
255,255,0.76,discard,0.042933
256,256,0.76,discard,0.043076
257,257,0.9433333333333334,discard,0.043302
258,258,0.76,request_rescan,0.043439
259,259,0.9433333333333334,request_rescan,0.043566
260,260,0.76,discard,0.043697
261,261,0.9433333333333334,discard,0.043942
262,262,0.9433333333333334,request_rescan,0.044095
263,263,0.9433333333333334,discard,0.044236
264,264,0.9433333333333334,discard,0.044372
265,265,0.9433333333333334,discard,0.044612
266,266,0.6633333333333333,log_and_continue,0.044764
267,267,0.76,request_rescan,0.044916
268,268,0.9433333333333334,request_rescan,0.04505
269,269,0.9433333333333334,request_rescan,0.045279
270,270,0.9433333333333334,request_rescan,0.045421
271,271,0.76,log_and_continue,0.045551
272,272,0.76,request_rescan,0.045679
273,273,0.9433333333333334,request_rescan,0.045909
274,274,0.6633333333333333,log_and_continue,0.046058
275,275,0.9433333333333334,request_rescan,0.046191
276,276,0.9433333333333334,request_rescan,0.04632
277,277,0.6633333333333333,log_and_continue,0.046562
278,278,0.76,log_and_continue,0.046711
279,279,0.76,log_and_continue,0.046853
280,280,0.76,request_rescan,0.046996
281,281,0.76,log_and_continue,0.047227
282,282,0.6633333333333333,log_and_continue,0.047367
283,283,0.6633333333333333,log_and_continue,0.0475
284,284,0.9433333333333334,discard,0.047627
285,285,0.76,log_and_continue,0.047866
286,286,0.6633333333333333,log_and_continue,0.048011
287,287,0.9433333333333334,request_rescan,0.048147
288,288,0.9433333333333334,request_rescan,0.048277
289,289,0.76,request_rescan,0.048499
290,290,0.9433333333333334,request_rescan,0.048636
291,291,0.76,discard,0.04877
292,292,0.6633333333333333,log_and_continue,0.048908
293,293,0.76,request_rescan,0.049154
294,294,0.76,log_and_continue,0.049299
295,295,0.76,log_and_continue,0.049433
296,296,0.9433333333333334,request_rescan,0.049565
297,297,0.9433333333333334,request_rescan,0.049801
298,298,0.9433333333333334,discard,0.049953
299,299,0.9433333333333334,discard,0.050095
300,300,0.6633333333333333,log_and_continue,0.05023
301,301,0.76,log_and_continue,0.05048
302,302,0.76,discard,0.050622
303,303,0.6633333333333333,log_and_continue,0.050757
304,304,0.9433333333333334,discard,0.0509
305,305,0.6633333333333333,log_and_continue,0.051134
306,306,0.9433333333333334,request_rescan,0.051272
307,307,0.6633333333333333,log_and_continue,0.051402
308,308,0.6633333333333333,log_and_continue,0.051531
309,309,0.6633333333333333,log_and_continue,0.051759
310,310,0.6633333333333333,log_and_continue,0.05191
311,311,0.9433333333333334,request_rescan,0.052049
312,312,0.76,log_and_continue,0.052181
313,313,0.9433333333333334,discard,0.052411
314,314,0.9433333333333334,request_rescan,0.052552
315,315,0.9433333333333334,discard,0.052683
316,316,0.6633333333333333,log_and_continue,0.052809
317,317,0.76,discard,0.05306
318,318,0.76,request_rescan,0.053206
319,319,0.9433333333333334,request_rescan,0.053339
320,320,0.76,discard,0.053468
321,321,0.76,discard,0.053704
322,322,0.6633333333333333,log_and_continue,0.053848
323,323,0.76,request_rescan,0.053997
324,324,0.76,request_rescan,0.054126
325,325,0.76,log_and_continue,0.054338
326,326,0.9433333333333334,discard,0.054468
327,327,0.9433333333333334,request_rescan,0.054603
328,328,0.76,discard,0.054739
329,329,0.76,request_rescan,0.054966
330,330,0.76,log_and_continue,0.055107
331,331,0.76,log_and_continue,0.055238
332,332,0.6633333333333333,log_and_continue,0.055366
333,333,0.9433333333333334,discard,0.055599
334,334,0.76,discard,0.05574
335,335,0.6633333333333333,log_and_continue,0.055879
336,336,0.9433333333333334,discard,0.056008
337,337,0.76,discard,0.056244
338,338,0.76,request_rescan,0.056384
339,339,0.6633333333333333,log_and_continue,0.056523
340,340,0.76,request_rescan,0.056656
341,341,0.6633333333333333,log_and_continue,0.056893
342,342,0.76,request_rescan,0.05704
343,343,0.9433333333333334,request_rescan,0.057176
344,344,0.76,log_and_continue,0.057306
345,345,0.76,request_rescan,0.05754
346,346,0.76,log_and_continue,0.057678
347,347,0.6633333333333333,log_and_continue,0.057811
348,348,0.76,log_and_continue,0.057949
349,349,0.9433333333333334,request_rescan,0.058168
350,350,0.6633333333333333,log_and_continue,0.05831
351,351,0.6633333333333333,log_and_continue,0.058441
352,352,0.76,request_rescan,0.058568
353,353,0.6633333333333333,log_and_continue,0.058807
354,354,0.9433333333333334,request_rescan,0.058962
355,355,0.6633333333333333,log_and_continue,0.059099
356,356,0.76,request_rescan,0.05923
357,357,0.76,log_and_continue,0.059466
358,358,0.76,discard,0.059608
359,359,0.76,discard,0.059742
360,360,0.76,log_and_continue,0.059891
361,361,0.76,request_rescan,0.060135
362,362,0.76,discard,0.060283
363,363,0.6633333333333333,log_and_continue,0.060419
364,364,0.9433333333333334,request_rescan,0.060549
365,365,0.9433333333333334,request_rescan,0.06077
366,366,0.9433333333333334,request_rescan,0.060925
367,367,0.76,log_and_continue,0.061062
368,368,0.6633333333333333,log_and_continue,0.061194
369,369,0.76,request_rescan,0.061423
370,370,0.76,request_rescan,0.061562
371,371,0.76,discard,0.061694
372,372,0.9433333333333334,request_rescan,0.061823
373,373,0.76,discard,0.062074
374,374,0.6633333333333333,log_and_continue,0.06222
375,375,0.9433333333333334,discard,0.062358
376,376,0.9433333333333334,request_rescan,0.062489
377,377,0.76,discard,0.062725
378,378,0.9433333333333334,discard,0.062877
379,379,0.9433333333333334,request_rescan,0.063014
380,380,0.9433333333333334,discard,0.063145
381,381,0.76,discard,0.063355
382,382,0.9433333333333334,request_rescan,0.063498
383,383,0.9433333333333334,request_rescan,0.06363
384,384,0.9433333333333334,request_rescan,0.063759
385,385,0.6633333333333333,log_and_continue,0.064006
386,386,0.6633333333333333,log_and_continue,0.064151
387,387,0.76,request_rescan,0.064285
388,388,0.6633333333333333,log_and_continue,0.064415
389,389,0.76,log_and_continue,0.064653
390,390,0.9433333333333334,request_rescan,0.064795
391,391,0.76,log_and_continue,0.064948
392,392,0.76,discard,0.065084
393,393,0.9433333333333334,discard,0.06532
394,394,0.9433333333333334,discard,0.065465
395,395,0.6633333333333333,log_and_continue,0.065599
396,396,0.9433333333333334,request_rescan,0.065733
397,397,0.76,log_and_continue,0.065959
398,398,0.9433333333333334,request_rescan,0.066103
399,399,0.9433333333333334,discard,0.066242
400,400,0.9433333333333334,discard,0.066372
401,401,0.76,request_rescan,0.066603
402,402,0.76,log_and_continue,0.06675
403,403,0.76,discard,0.066898
404,404,0.6633333333333333,log_and_continue,0.067029
405,405,0.76,request_rescan,0.06724
406,406,0.6633333333333333,log_and_continue,0.067367
407,407,0.6633333333333333,log_and_continue,0.067504
408,408,0.76,discard,0.067632
409,409,0.76,log_and_continue,0.067839
410,410,0.76,discard,0.067984
411,411,0.9433333333333334,request_rescan,0.068123
412,412,0.76,discard,0.068254
413,413,0.76,log_and_continue,0.068482
414,414,0.76,log_and_continue,0.06862
415,415,0.76,request_rescan,0.06875
416,416,0.76,log_and_continue,0.068885
417,417,0.6633333333333333,log_and_continue,0.069122
418,418,0.6633333333333333,log_and_continue,0.069264
419,419,0.76,discard,0.069399
420,420,0.9433333333333334,request_rescan,0.069528
421,421,0.76,request_rescan,0.069753
422,422,0.76,log_and_continue,0.069902
423,423,0.9433333333333334,discard,0.070039
424,424,0.76,log_and_continue,0.07017
425,425,0.6633333333333333,log_and_continue,0.070396
426,426,0.9433333333333334,discard,0.070532
427,427,0.9433333333333334,request_rescan,0.070665
428,428,0.9433333333333334,discard,0.07079
429,429,0.76,log_and_continue,0.071036
430,430,0.9433333333333334,request_rescan,0.071185
431,431,0.6633333333333333,log_and_continue,0.071321
432,432,0.76,log_and_continue,0.071449
433,433,0.6633333333333333,log_and_continue,0.071686
434,434,0.76,discard,0.071835
435,435,0.76,request_rescan,0.071977
436,436,0.76,log_and_continue,0.072106
437,437,0.76,request_rescan,0.072334
438,438,0.76,log_and_continue,0.072475
439,439,0.9433333333333334,request_rescan,0.072611
440,440,0.76,log_and_continue,0.072743
441,441,0.9433333333333334,discard,0.072985
442,442,0.76,request_rescan,0.073132
443,443,0.9433333333333334,discard,0.073269
444,444,0.9433333333333334,discard,0.073399
445,445,0.9433333333333334,discard,0.073618
446,446,0.9433333333333334,request_rescan,0.073756
447,447,0.76,request_rescan,0.0739
448,448,0.9433333333333334,request_rescan,0.074029
449,449,0.9433333333333334,discard,0.074239
450,450,0.9433333333333334,discard,0.074376
451,451,0.6633333333333333,log_and_continue,0.074513
452,452,0.76,request_rescan,0.074644
453,453,0.76,request_rescan,0.074858
454,454,0.6633333333333333,log_and_continue,0.075
455,455,0.76,request_rescan,0.075129
456,456,0.76,discard,0.075264
457,457,0.76,discard,0.07548
458,458,0.76,discard,0.07561
459,459,0.76,request_rescan,0.075734
460,460,0.76,log_and_continue,0.075874
461,461,0.9433333333333334,discard,0.076092
462,462,0.9433333333333334,request_rescan,0.076219
463,463,0.76,discard,0.07634
464,464,0.76,request_rescan,0.076458
465,465,0.76,request_rescan,0.076689
466,466,0.76,log_and_continue,0.076832
467,467,0.76,log_and_continue,0.076983
468,468,0.76,log_and_continue,0.077112
469,469,0.9433333333333334,request_rescan,0.077346
470,470,0.9433333333333334,discard,0.077489
471,471,0.9433333333333334,discard,0.077625
472,472,0.9433333333333334,request_rescan,0.077756
473,473,0.76,discard,0.077979
474,474,0.6633333333333333,log_and_continue,0.078122
475,475,0.6633333333333333,log_and_continue,0.078264
476,476,0.76,request_rescan,0.078393
477,477,0.76,discard,0.078617
478,478,0.6633333333333333,log_and_continue,0.078755
479,479,0.76,discard,0.078895
480,480,0.76,request_rescan,0.079022
481,481,0.9433333333333334,discard,0.079243
482,482,0.6633333333333333,log_and_continue,0.07938
483,483,0.76,log_and_continue,0.079512
484,484,0.6633333333333333,log_and_continue,0.079637
485,485,0.76,discard,0.079877
486,486,0.9433333333333334,request_rescan,0.080021
487,487,0.6633333333333333,log_and_continue,0.080158
488,488,0.76,log_and_continue,0.08029
489,489,0.76,discard,0.08053
490,490,0.76,discard,0.080674
491,491,0.9433333333333334,discard,0.08081
492,492,0.6633333333333333,log_and_continue,0.080951
493,493,0.9433333333333334,discard,0.081186
494,494,0.76,request_rescan,0.081331
495,495,0.76,request_rescan,0.081463
496,496,0.9433333333333334,discard,0.08159
497,497,0.9433333333333334,discard,0.0818
498,498,0.76,log_and_continue,0.081955
499,499,0.6633333333333333,log_and_continue,0.082088
500,500,0.6633333333333333,log_and_continue,0.082212
501,501,0.9433333333333334,discard,0.082452
502,502,0.76,request_rescan,0.082594
503,503,0.76,discard,0.082725
504,504,0.76,discard,0.082855
505,505,0.76,request_rescan,0.083093
506,506,0.9433333333333334,discard,0.083231
507,507,0.76,request_rescan,0.083359
508,508,0.76,discard,0.083485
509,509,0.76,request_rescan,0.083721
510,510,0.76,discard,0.083881
511,511,0.9433333333333334,request_rescan,0.084019
512,512,0.6633333333333333,log_and_continue,0.084153
513,513,0.76,request_rescan,0.084367
514,514,0.9433333333333334,discard,0.084504
515,515,0.9433333333333334,discard,0.084642
516,516,0.6633333333333333,log_and_continue,0.084775
517,517,0.76,request_rescan,0.085005
518,518,0.76,log_and_continue,0.085139
519,519,0.9433333333333334,request_rescan,0.085279
520,520,0.9433333333333334,request_rescan,0.085411
521,521,0.76,discard,0.085626
522,522,0.6633333333333333,log_and_continue,0.085757
523,523,0.76,request_rescan,0.085895
524,524,0.9433333333333334,request_rescan,0.086036
525,525,0.9433333333333334,request_rescan,0.086255
526,526,0.9433333333333334,request_rescan,0.086385
527,527,0.76,request_rescan,0.086511
528,528,0.9433333333333334,request_rescan,0.086638
529,529,0.76,request_rescan,0.086866
530,530,0.76,log_and_continue,0.087011
531,531,0.9433333333333334,discard,0.087142
532,532,0.76,log_and_continue,0.08727
533,533,0.76,log_and_continue,0.087501
534,534,0.9433333333333334,request_rescan,0.087644
535,535,0.6633333333333333,log_and_continue,0.087779
536,536,0.76,request_rescan,0.087923
537,537,0.76,request_rescan,0.088153
538,538,0.76,request_rescan,0.088292
539,539,0.6633333333333333,log_and_continue,0.088424
540,540,0.76,discard,0.088552
541,541,0.76,request_rescan,0.08878
542,542,0.9433333333333334,discard,0.088936
543,543,0.9433333333333334,discard,0.089071
544,544,0.9433333333333334,discard,0.0892
545,545,0.76,discard,0.089418
546,546,0.76,request_rescan,0.08956
547,547,0.76,log_and_continue,0.089694
548,548,0.76,request_rescan,0.08982
549,549,0.76,log_and_continue,0.090058
550,550,0.76,request_rescan,0.0902
551,551,0.76,request_rescan,0.090337
552,552,0.9433333333333334,discard,0.090467
553,553,0.76,request_rescan,0.0907
554,554,0.6633333333333333,log_and_continue,0.090843
555,555,0.9433333333333334,discard,0.090989
556,556,0.6633333333333333,log_and_continue,0.091122
557,557,0.76,log_and_continue,0.091333
558,558,0.9433333333333334,request_rescan,0.091469
559,559,0.6633333333333333,log_and_continue,0.091603
560,560,0.76,log_and_continue,0.091734
561,561,0.9433333333333334,discard,0.091982
562,562,0.76,discard,0.092129
563,563,0.9433333333333334,request_rescan,0.092262
564,564,0.76,log_and_continue,0.092392
565,565,0.6633333333333333,log_and_continue,0.09263
566,566,0.9433333333333334,discard,0.092775
567,567,0.76,log_and_continue,0.092929
568,568,0.76,log_and_continue,0.093062
569,569,0.9433333333333334,request_rescan,0.093301
570,570,0.76,request_rescan,0.093446
571,571,0.76,discard,0.093582
572,572,0.9433333333333334,discard,0.093714
573,573,0.76,request_rescan,0.093942
574,574,0.9433333333333334,request_rescan,0.094086
575,575,0.76,log_and_continue,0.094219
576,576,0.9433333333333334,request_rescan,0.094348
577,577,0.76,log_and_continue,0.094568
578,578,0.9433333333333334,discard,0.094709
579,579,0.76,log_and_continue,0.094838
580,580,0.76,request_rescan,0.09498
581,581,0.9433333333333334,discard,0.095195
582,582,0.76,discard,0.095323
583,583,0.76,discard,0.095462
584,584,0.9433333333333334,discard,0.09559
585,585,0.76,log_and_continue,0.095799
586,586,0.9433333333333334,request_rescan,0.095949
587,587,0.76,log_and_continue,0.096084
588,588,0.76,request_rescan,0.096216
589,589,0.9433333333333334,discard,0.096426
590,590,0.9433333333333334,request_rescan,0.096552
591,591,0.76,discard,0.096675
592,592,0.9433333333333334,discard,0.096806
593,593,0.76,log_and_continue,0.097035
594,594,0.9433333333333334,discard,0.097167
595,595,0.76,discard,0.097293
596,596,0.6633333333333333,log_and_continue,0.097424
597,597,0.9433333333333334,request_rescan,0.097638
598,598,0.6633333333333333,log_and_continue,0.097768
599,599,0.9433333333333334,request_rescan,0.097897
600,600,0.9433333333333334,discard,0.09803
601,601,0.76,log_and_continue,0.098262
602,602,0.6633333333333333,log_and_continue,0.09839
603,603,0.76,log_and_continue,0.098511
604,604,0.9433333333333334,discard,0.098638
605,605,0.76,request_rescan,0.098856
606,606,0.6633333333333333,log_and_continue,0.099005
607,607,0.9433333333333334,request_rescan,0.099134
608,608,0.9433333333333334,request_rescan,0.099258
609,609,0.9433333333333334,discard,0.099498
610,610,0.76,log_and_continue,0.099642
611,611,0.76,log_and_continue,0.099784
612,612,0.76,request_rescan,0.099934
613,613,0.76,log_and_continue,0.10017
614,614,0.76,request_rescan,0.100319
615,615,0.9433333333333334,request_rescan,0.100457
616,616,0.76,request_rescan,0.100588
617,617,0.9433333333333334,request_rescan,0.10082
618,618,0.9433333333333334,request_rescan,0.100974
619,619,0.9433333333333334,request_rescan,0.101109
620,620,0.76,discard,0.101242
621,621,0.9433333333333334,discard,0.101479
622,622,0.6633333333333333,log_and_continue,0.101621
623,623,0.6633333333333333,log_and_continue,0.101755
624,624,0.9433333333333334,discard,0.101896
625,625,0.9433333333333334,request_rescan,0.102124
626,626,0.9433333333333334,request_rescan,0.102262
627,627,0.76,log_and_continue,0.102392
628,628,0.6633333333333333,log_and_continue,0.102519
629,629,0.76,request_rescan,0.102752
630,630,0.76,request_rescan,0.102908
631,631,0.76,log_and_continue,0.103044
632,632,0.76,log_and_continue,0.103175
633,633,0.9433333333333334,request_rescan,0.103411
634,634,0.9433333333333334,request_rescan,0.103554
635,635,0.9433333333333334,request_rescan,0.103688
636,636,0.9433333333333334,request_rescan,0.103817
637,637,0.9433333333333334,discard,0.104061
638,638,0.76,log_and_continue,0.104202
639,639,0.6633333333333333,log_and_continue,0.104338
640,640,0.9433333333333334,discard,0.104465
641,641,0.76,discard,0.104696
642,642,0.6633333333333333,log_and_continue,0.104843
643,643,0.76,discard,0.10499
644,644,0.76,discard,0.105122
645,645,0.9433333333333334,request_rescan,0.105341
646,646,0.76,request_rescan,0.105479
647,647,0.76,log_and_continue,0.105622
648,648,0.9433333333333334,request_rescan,0.105759
649,649,0.76,log_and_continue,0.105985
650,650,0.76,request_rescan,0.106119
651,651,0.76,request_rescan,0.106248
652,652,0.6633333333333333,log_and_continue,0.106383
653,653,0.76,log_and_continue,0.106599
654,654,0.9433333333333334,request_rescan,0.10673
655,655,0.9433333333333334,discard,0.106856
656,656,0.6633333333333333,log_and_continue,0.107003
657,657,0.76,discard,0.10723
658,658,0.76,request_rescan,0.107364
659,659,0.9433333333333334,request_rescan,0.10749
660,660,0.76,request_rescan,0.107618
661,661,0.6633333333333333,log_and_continue,0.107852
662,662,0.76,request_rescan,0.108009
663,663,0.76,request_rescan,0.108149
664,664,0.76,request_rescan,0.108282
665,665,0.76,discard,0.108494
666,666,0.76,request_rescan,0.108626
667,667,0.76,log_and_continue,0.108767
668,668,0.76,request_rescan,0.108911
669,669,0.9433333333333334,discard,0.109129
670,670,0.76,discard,0.109257
671,671,0.76,log_and_continue,0.109382
672,672,0.9433333333333334,request_rescan,0.109513
673,673,0.76,discard,0.109726
674,674,0.9433333333333334,discard,0.109853
675,675,0.76,log_and_continue,0.109988
676,676,0.9433333333333334,request_rescan,0.110121
677,677,0.9433333333333334,discard,0.110343
678,678,0.6633333333333333,log_and_continue,0.11048
679,679,0.9433333333333334,request_rescan,0.110607
680,680,0.76,request_rescan,0.110733
681,681,0.76,request_rescan,0.110976
682,682,0.76,log_and_continue,0.111121
683,683,0.6633333333333333,log_and_continue,0.11126
684,684,0.9433333333333334,discard,0.111392
685,685,0.76,request_rescan,0.111601
686,686,0.76,request_rescan,0.111738
687,687,0.76,discard,0.111884
688,688,0.76,discard,0.112018
689,689,0.9433333333333334,discard,0.112238
690,690,0.76,request_rescan,0.11238
691,691,0.9433333333333334,request_rescan,0.112512
692,692,0.76,discard,0.11264
693,693,0.76,request_rescan,0.112848
694,694,0.76,request_rescan,0.113
695,695,0.9433333333333334,request_rescan,0.113139
696,696,0.76,request_rescan,0.113267
697,697,0.9433333333333334,request_rescan,0.113477
698,698,0.76,discard,0.113602
699,699,0.76,discard,0.113735
700,700,0.76,log_and_continue,0.113874
701,701,0.9433333333333334,discard,0.114106
702,702,0.76,log_and_continue,0.114234
703,703,0.9433333333333334,discard,0.114366
704,704,0.6633333333333333,log_and_continue,0.114501
705,705,0.6633333333333333,log_and_continue,0.11471
706,706,0.6633333333333333,log_and_continue,0.114836
707,707,0.76,request_rescan,0.114976
708,708,0.9433333333333334,request_rescan,0.115115
709,709,0.6633333333333333,log_and_continue,0.115331
710,710,0.76,log_and_continue,0.115464
711,711,0.76,request_rescan,0.115588
712,712,0.9433333333333334,request_rescan,0.115708
713,713,0.9433333333333334,request_rescan,0.115953
714,714,0.76,request_rescan,0.116098
715,715,0.6633333333333333,log_and_continue,0.116233
716,716,0.9433333333333334,request_rescan,0.116361
717,717,0.9433333333333334,request_rescan,0.116594
718,718,0.76,log_and_continue,0.116737
719,719,0.76,log_and_continue,0.11688
720,720,0.9433333333333334,request_rescan,0.117016
721,721,0.76,discard,0.117242
722,722,0.9433333333333334,request_rescan,0.117381
723,723,0.9433333333333334,request_rescan,0.117513
724,724,0.76,request_rescan,0.117644
725,725,0.6633333333333333,log_and_continue,0.11789
726,726,0.9433333333333334,request_rescan,0.118042
727,727,0.76,discard,0.118178
728,728,0.76,log_and_continue,0.118309
729,729,0.76,log_and_continue,0.118519
730,730,0.76,discard,0.118649
731,731,0.76,discard,0.118788
732,732,0.6633333333333333,log_and_continue,0.118932
733,733,0.76,discard,0.119151
734,734,0.9433333333333334,request_rescan,0.119283
735,735,0.76,request_rescan,0.119411
736,736,0.76,request_rescan,0.119545
737,737,0.9433333333333334,request_rescan,0.119757
738,738,0.76,discard,0.119895
739,739,0.9433333333333334,request_rescan,0.120025
740,740,0.9433333333333334,discard,0.120154
741,741,0.76,discard,0.120389
742,742,0.76,request_rescan,0.120529
743,743,0.76,log_and_continue,0.120661
744,744,0.9433333333333334,request_rescan,0.120791
745,745,0.76,discard,0.121045
746,746,0.76,discard,0.121193
747,747,0.9433333333333334,discard,0.121331
748,748,0.6633333333333333,log_and_continue,0.121465
749,749,0.76,discard,0.121677
750,750,0.76,log_and_continue,0.121811
751,751,0.9433333333333334,request_rescan,0.121954
752,752,0.76,log_and_continue,0.122087
753,753,0.76,log_and_continue,0.1223
754,754,0.76,log_and_continue,0.122427
755,755,0.76,discard,0.122558
756,756,0.9433333333333334,request_rescan,0.122689
757,757,0.76,log_and_continue,0.122915
758,758,0.9433333333333334,discard,0.123046
759,759,0.9433333333333334,discard,0.123177
760,760,0.9433333333333334,request_rescan,0.123312
761,761,0.76,request_rescan,0.123529
762,762,0.9433333333333334,discard,0.123661
763,763,0.76,discard,0.123787
764,764,0.9433333333333334,discard,0.123924
765,765,0.76,log_and_continue,0.124151
766,766,0.76,request_rescan,0.124286
767,767,0.76,discard,0.124415
768,768,0.9433333333333334,discard,0.124538
769,769,0.76,discard,0.124764
770,770,0.9433333333333334,discard,0.124916
771,771,0.9433333333333334,request_rescan,0.12505
772,772,0.76,request_rescan,0.12518
773,773,0.76,discard,0.125413
774,774,0.76,request_rescan,0.125556
775,775,0.6633333333333333,log_and_continue,0.125691
776,776,0.6633333333333333,log_and_continue,0.12582
777,777,0.76,log_and_continue,0.126072
778,778,0.6633333333333333,log_and_continue,0.12622
779,779,0.76,request_rescan,0.126355
780,780,0.76,request_rescan,0.126489
781,781,0.9433333333333334,discard,0.126728
782,782,0.9433333333333334,request_rescan,0.126883
783,783,0.9433333333333334,request_rescan,0.127026
784,784,0.76,request_rescan,0.127159
785,785,0.6633333333333333,log_and_continue,0.127373
786,786,0.76,request_rescan,0.127512
787,787,0.9433333333333334,discard,0.127651
788,788,0.6633333333333333,log_and_continue,0.127781
789,789,0.76,request_rescan,0.128012
790,790,0.9433333333333334,request_rescan,0.128144
791,791,0.76,request_rescan,0.128271
792,792,0.76,discard,0.128408
793,793,0.9433333333333334,discard,0.128629
794,794,0.9433333333333334,discard,0.128759
795,795,0.9433333333333334,request_rescan,0.1289
796,796,0.9433333333333334,discard,0.129031
797,797,0.76,discard,0.129254
798,798,0.76,request_rescan,0.129385
799,799,0.76,log_and_continue,0.129509
800,800,0.76,log_and_continue,0.12963
801,801,0.9433333333333334,discard,0.129886
802,802,0.6633333333333333,log_and_continue,0.130033
803,803,0.6633333333333333,log_and_continue,0.130171
804,804,0.9433333333333334,request_rescan,0.130303
805,805,0.9433333333333334,discard,0.130517
806,806,0.6633333333333333,log_and_continue,0.130668
807,807,0.9433333333333334,discard,0.130808
808,808,0.76,discard,0.130951
809,809,0.76,log_and_continue,0.131169
810,810,0.6633333333333333,log_and_continue,0.131301
811,811,0.9433333333333334,discard,0.131433
812,812,0.76,discard,0.131566
813,813,0.76,discard,0.131778
814,814,0.9433333333333334,discard,0.131914
815,815,0.6633333333333333,log_and_continue,0.132049
816,816,0.9433333333333334,discard,0.132184
817,817,0.9433333333333334,discard,0.132401
818,818,0.9433333333333334,discard,0.132534
819,819,0.9433333333333334,request_rescan,0.132663
820,820,0.76,discard,0.132797
821,821,0.9433333333333334,discard,0.133027
822,822,0.76,log_and_continue,0.133163
823,823,0.9433333333333334,request_rescan,0.133292
824,824,0.9433333333333334,discard,0.133425
825,825,0.9433333333333334,request_rescan,0.133639
826,826,0.76,log_and_continue,0.133769
827,827,0.9433333333333334,discard,0.13391
828,828,0.76,log_and_continue,0.134042
829,829,0.9433333333333334,discard,0.134253
830,830,0.76,log_and_continue,0.134378
831,831,0.76,request_rescan,0.134505
832,832,0.9433333333333334,request_rescan,0.134639
833,833,0.6633333333333333,log_and_continue,0.134853
834,834,0.9433333333333334,request_rescan,0.134992
835,835,0.76,request_rescan,0.135125
836,836,0.9433333333333334,request_rescan,0.135255
837,837,0.76,discard,0.135473
838,838,0.9433333333333334,discard,0.1356
839,839,0.9433333333333334,request_rescan,0.135726
840,840,0.76,request_rescan,0.135864
841,841,0.76,request_rescan,0.136088
842,842,0.76,discard,0.136218
843,843,0.9433333333333334,request_rescan,0.136344
844,844,0.9433333333333334,discard,0.13648
845,845,0.9433333333333334,request_rescan,0.136695
846,846,0.76,request_rescan,0.136826
847,847,0.76,log_and_continue,0.136963
848,848,0.9433333333333334,discard,0.137092
849,849,0.9433333333333334,request_rescan,0.137327
850,850,0.76,discard,0.137475
851,851,0.9433333333333334,request_rescan,0.137615
852,852,0.76,discard,0.137754
853,853,0.9433333333333334,discard,0.137973
854,854,0.76,discard,0.138117
855,855,0.6633333333333333,log_and_continue,0.138253
856,856,0.9433333333333334,request_rescan,0.138382
857,857,0.76,discard,0.138592
858,858,0.6633333333333333,log_and_continue,0.138715
859,859,0.76,request_rescan,0.13884
860,860,0.76,log_and_continue,0.138986
861,861,0.76,log_and_continue,0.139204
862,862,0.9433333333333334,discard,0.139336
863,863,0.9433333333333334,discard,0.139474
864,864,0.76,request_rescan,0.139606
865,865,0.76,discard,0.139823
866,866,0.9433333333333334,request_rescan,0.139973
867,867,0.6633333333333333,log_and_continue,0.140109
868,868,0.76,log_and_continue,0.140237
869,869,0.76,log_and_continue,0.140458
870,870,0.9433333333333334,discard,0.140599
871,871,0.6633333333333333,log_and_continue,0.140734
872,872,0.76,discard,0.140863
873,873,0.9433333333333334,discard,0.141108
874,874,0.76,discard,0.141254
875,875,0.9433333333333334,discard,0.141388
876,876,0.76,discard,0.141515
877,877,0.9433333333333334,discard,0.14174
878,878,0.76,log_and_continue,0.141883
879,879,0.76,request_rescan,0.142022
880,880,0.9433333333333334,request_rescan,0.142151
881,881,0.9433333333333334,discard,0.142385
882,882,0.9433333333333334,request_rescan,0.142527
883,883,0.9433333333333334,discard,0.142662
884,884,0.76,request_rescan,0.142794
885,885,0.76,discard,0.143041
886,886,0.6633333333333333,log_and_continue,0.143184
887,887,0.9433333333333334,discard,0.143317
888,888,0.76,log_and_continue,0.143443
889,889,0.76,discard,0.143656
890,890,0.9433333333333334,discard,0.143786
891,891,0.76,request_rescan,0.143929
892,892,0.76,log_and_continue,0.144063
893,893,0.76,request_rescan,0.144276
894,894,0.76,request_rescan,0.144402
895,895,0.76,request_rescan,0.144525
896,896,0.76,discard,0.144659
897,897,0.9433333333333334,discard,0.144881
898,898,0.9433333333333334,request_rescan,0.14502
899,899,0.6633333333333333,log_and_continue,0.14515
900,900,0.76,request_rescan,0.14529
901,901,0.6633333333333333,log_and_continue,0.145529
902,902,0.76,request_rescan,0.14566
903,903,0.76,request_rescan,0.145788
904,904,0.76,discard,0.145932
905,905,0.76,discard,0.146164
906,906,0.9433333333333334,discard,0.146305
907,907,0.76,discard,0.146438
908,908,0.76,discard,0.146564
909,909,0.76,discard,0.146796
910,910,0.76,log_and_continue,0.146949
911,911,0.9433333333333334,discard,0.147091
912,912,0.6633333333333333,log_and_continue,0.147225
913,913,0.6633333333333333,log_and_continue,0.14745
914,914,0.76,log_and_continue,0.14759
915,915,0.76,discard,0.147724
916,916,0.76,request_rescan,0.147852
917,917,0.6633333333333333,log_and_continue,0.148105
918,918,0.76,log_and_continue,0.14825
919,919,0.9433333333333334,request_rescan,0.148383
920,920,0.9433333333333334,discard,0.148513
921,921,0.76,discard,0.148732
922,922,0.9433333333333334,discard,0.148886
923,923,0.76,log_and_continue,0.14902
924,924,0.76,log_and_continue,0.149151
925,925,0.9433333333333334,discard,0.149395
926,926,0.76,discard,0.149543
927,927,0.76,log_and_continue,0.149682
928,928,0.76,log_and_continue,0.149815
929,929,0.9433333333333334,request_rescan,0.15006
930,930,0.9433333333333334,discard,0.150205
931,931,0.76,request_rescan,0.150341
932,932,0.9433333333333334,request_rescan,0.150471
933,933,0.9433333333333334,discard,0.150689
934,934,0.76,log_and_continue,0.150835
935,935,0.9433333333333334,discard,0.15098
936,936,0.76,request_rescan,0.15111
937,937,0.76,log_and_continue,0.151326
938,938,0.76,log_and_continue,0.151457
939,939,0.76,request_rescan,0.151596
940,940,0.76,request_rescan,0.151725
941,941,0.76,discard,0.151955
942,942,0.9433333333333334,request_rescan,0.152092
943,943,0.9433333333333334,discard,0.152225
944,944,0.76,discard,0.152351
945,945,0.76,log_and_continue,0.152582
946,946,0.76,log_and_continue,0.152729
947,947,0.6633333333333333,log_and_continue,0.152869
948,948,0.76,log_and_continue,0.153006
949,949,0.9433333333333334,discard,0.153249
950,950,0.76,log_and_continue,0.153391
951,951,0.76,log_and_continue,0.153523
952,952,0.76,log_and_continue,0.15365
953,953,0.9433333333333334,request_rescan,0.153885
954,954,0.76,log_and_continue,0.154033
955,955,0.9433333333333334,discard,0.154171
956,956,0.6633333333333333,log_and_continue,0.154302
957,957,0.76,request_rescan,0.154544
958,958,0.6633333333333333,log_and_continue,0.154687
959,959,0.9433333333333334,discard,0.154827
960,960,0.6633333333333333,log_and_continue,0.154968
961,961,0.76,log_and_continue,0.155209
962,962,0.9433333333333334,request_rescan,0.15535
963,963,0.76,discard,0.155483
964,964,0.76,log_and_continue,0.155616
965,965,0.76,log_and_continue,0.155844
966,966,0.76,discard,0.15599
967,967,0.6633333333333333,log_and_continue,0.156124
968,968,0.76,request_rescan,0.156258
969,969,0.9433333333333334,request_rescan,0.156493
970,970,0.76,request_rescan,0.156637
971,971,0.76,log_and_continue,0.156774
972,972,0.9433333333333334,request_rescan,0.156915
973,973,0.76,log_and_continue,0.157159
974,974,0.9433333333333334,request_rescan,0.157311
975,975,0.76,log_and_continue,0.157448
976,976,0.9433333333333334,request_rescan,0.157584
977,977,0.9433333333333334,discard,0.157819
978,978,0.6633333333333333,log_and_continue,0.157965
979,979,0.76,log_and_continue,0.1581
980,980,0.6633333333333333,log_and_continue,0.158231
981,981,0.76,log_and_continue,0.158466
982,982,0.6633333333333333,log_and_continue,0.15861
983,983,0.76,discard,0.158744
984,984,0.9433333333333334,discard,0.158882
985,985,0.76,discard,0.159124
986,986,0.76,log_and_continue,0.159273
987,987,0.76,request_rescan,0.159411
988,988,0.76,request_rescan,0.159542
989,989,0.76,log_and_continue,0.159755
990,990,0.76,discard,0.159901
991,991,0.9433333333333334,discard,0.160035
992,992,0.76,discard,0.160166
993,993,0.6633333333333333,log_and_continue,0.16038
994,994,0.6633333333333333,log_and_continue,0.160521
995,995,0.6633333333333333,log_and_continue,0.160655
996,996,0.9433333333333334,request_rescan,0.160786
997,997,0.76,log_and_continue,0.161025
998,998,0.76,request_rescan,0.161169
999,999,0.76,log_and_continue,0.161304
1000,1000,0.76,log_and_continue,0.161433
1001,1001,0.76,log_and_continue,0.162346
1002,1002,0.6633333333333333,log_and_continue,0.162715
1003,1003,0.76,log_and_continue,0.163349
1004,1004,0.6633333333333333,log_and_continue,0.164163
1005,1005,0.76,log_and_continue,0.166348
1006,1006,0.6633333333333333,log_and_continue,0.166676
1007,1007,0.76,log_and_continue,0.167015
1008,1008,0.6633333333333333,log_and_continue,0.167338
1009,1009,0.76,log_and_continue,0.168992
1010,1010,0.6633333333333333,log_and_continue,0.169324
1011,1011,0.76,log_and_continue,0.169652
1012,1012,0.76,log_and_continue,0.169988
1013,1013,0.76,log_and_continue,0.171596
1014,1014,0.76,log_and_continue,0.171937
1015,1015,0.76,log_and_continue,0.172279
1016,1016,0.76,log_and_continue,0.172597
1017,1017,0.6633333333333333,log_and_continue,0.174429
1018,1018,0.6633333333333333,log_and_continue,0.174762
1019,1019,0.6633333333333333,log_and_continue,0.175101
1020,1020,0.76,log_and_continue,0.175423
1021,1021,0.6633333333333333,log_and_continue,0.176949
1022,1022,0.6633333333333333,log_and_continue,0.177293
1023,1023,0.6633333333333333,log_and_continue,0.177601
1024,1024,0.76,log_and_continue,0.177932
1025,1025,0.76,log_and_continue,0.179341
1026,1026,0.6633333333333333,log_and_continue,0.179522
1027,1027,0.6633333333333333,log_and_continue,0.179843
1028,1028,0.76,log_and_continue,0.180429
1029,1029,0.6633333333333333,log_and_continue,0.181995
1030,1030,0.76,log_and_continue,0.182332
1031,1031,0.6633333333333333,log_and_continue,0.182654
1032,1032,0.6633333333333333,log_and_continue,0.182992
1033,1033,0.6633333333333333,log_and_continue,0.184273
1034,1034,0.6633333333333333,log_and_continue,0.184603
1035,1035,0.76,log_and_continue,0.184945
1036,1036,0.76,log_and_continue,0.185276
1037,1037,0.76,log_and_continue,0.186473
1038,1038,0.76,log_and_continue,0.186807
1039,1039,0.6633333333333333,log_and_continue,0.187139
1040,1040,0.76,log_and_continue,0.187447
1041,1041,0.76,log_and_continue,0.188802
1042,1042,0.76,log_and_continue,0.189144
1043,1043,0.76,log_and_continue,0.18953
1044,1044,0.76,log_and_continue,0.189965
1045,1045,0.6633333333333333,log_and_continue,0.191431
1046,1046,0.76,log_and_continue,0.191762
1047,1047,0.6633333333333333,log_and_continue,0.192101
1048,1048,0.6633333333333333,log_and_continue,0.192414
1049,1049,0.76,log_and_continue,0.19365
1050,1050,0.76,log_and_continue,0.19398
1051,1051,0.76,log_and_continue,0.194305
1052,1052,0.76,log_and_continue,0.194612
1053,1053,0.6633333333333333,log_and_continue,0.196021
1054,1054,0.6633333333333333,log_and_continue,0.196653
1055,1055,0.6633333333333333,log_and_continue,0.197047
1056,1056,0.76,log_and_continue,0.19735
1057,1057,0.6633333333333333,log_and_continue,0.198612
1058,1058,0.76,log_and_continue,0.198953
1059,1059,0.76,log_and_continue,0.199271
1060,1060,0.6633333333333333,log_and_continue,0.199575
1061,1061,0.6633333333333333,log_and_continue,0.200737
1062,1062,0.6633333333333333,log_and_continue,0.201076
1063,1063,0.76,log_and_continue,0.201402
1064,1064,0.6633333333333333,log_and_continue,0.201717
1065,1065,0.6633333333333333,log_and_continue,0.20299
1066,1066,0.6633333333333333,log_and_continue,0.20331
1067,1067,0.76,log_and_continue,0.203616
1068,1068,0.76,log_and_continue,0.203926
1069,1069,0.6633333333333333,log_and_continue,0.205208
1070,1070,0.76,log_and_continue,0.205528
1071,1071,0.76,log_and_continue,0.205842
1072,1072,0.6633333333333333,log_and_continue,0.206253
1073,1073,0.76,log_and_continue,0.20766
1074,1074,0.76,log_and_continue,0.208008
1075,1075,0.6633333333333333,log_and_continue,0.208325
1076,1076,0.76,log_and_continue,0.208639
1077,1077,0.76,log_and_continue,0.21001
1078,1078,0.76,request_rescan,0.210194
1079,1079,0.76,log_and_continue,0.21053
1080,1080,0.6633333333333333,log_and_continue,0.21083
1081,1081,0.76,log_and_continue,0.212054
1082,1082,0.76,log_and_continue,0.212382
1083,1083,0.76,discard,0.212552
1084,1084,0.6633333333333333,log_and_continue,0.212851
1085,1085,0.9433333333333334,request_rescan,0.214024
1086,1086,0.76,log_and_continue,0.214359
1087,1087,0.76,log_and_continue,0.214709
1088,1088,0.76,log_and_continue,0.215035
1089,1089,0.6633333333333333,log_and_continue,0.21635
1090,1090,0.9433333333333334,request_rescan,0.216669
1091,1091,0.6633333333333333,log_and_continue,0.217022
1092,1092,0.76,log_and_continue,0.217339
1093,1093,0.6633333333333333,log_and_continue,0.218724
1094,1094,0.76,log_and_continue,0.219048
1095,1095,0.6633333333333333,log_and_continue,0.219351
1096,1096,0.76,log_and_continue,0.219656
1097,1097,0.76,log_and_continue,0.220886
1098,1098,0.9433333333333334,request_rescan,0.221223
1099,1099,0.6633333333333333,log_and_continue,0.221531
1100,1100,0.76,request_rescan,0.221839
1101,1101,0.9433333333333334,request_rescan,0.22325
1102,1102,0.9433333333333334,request_rescan,0.223758
1103,1103,0.76,request_rescan,0.224147
1104,1104,0.9433333333333334,request_rescan,0.224451
1105,1105,0.76,request_rescan,0.225708
1106,1106,0.76,request_rescan,0.226031
1107,1107,0.76,request_rescan,0.226351
1108,1108,0.76,request_rescan,0.226655
1109,1109,0.9433333333333334,request_rescan,0.228351
1110,1110,0.9433333333333334,request_rescan,0.228666
1111,1111,0.9433333333333334,request_rescan,0.228972
1112,1112,0.76,request_rescan,0.229285
1113,1113,0.9433333333333334,request_rescan,0.230599
1114,1114,0.9433333333333334,request_rescan,0.230931
1115,1115,0.9433333333333334,request_rescan,0.231258
1116,1116,0.9433333333333334,request_rescan,0.231555
1117,1117,0.76,request_rescan,0.232915
1118,1118,0.76,request_rescan,0.233238
1119,1119,0.9433333333333334,request_rescan,0.233536
1120,1120,0.9433333333333334,request_rescan,0.233825
1121,1121,0.76,request_rescan,0.235126
1122,1122,0.9433333333333334,request_rescan,0.23545
1123,1123,0.76,request_rescan,0.235755
1124,1124,0.9433333333333334,request_rescan,0.236055
1125,1125,0.9433333333333334,request_rescan,0.237373
1126,1126,0.9433333333333334,request_rescan,0.237699
1127,1127,0.9433333333333334,request_rescan,0.238011
1128,1128,0.76,request_rescan,0.238304
1129,1129,0.9433333333333334,request_rescan,0.239609
1130,1130,0.76,request_rescan,0.240001
1131,1131,0.76,request_rescan,0.240534
1132,1132,0.9433333333333334,request_rescan,0.240904
1133,1133,0.6633333333333333,log_and_continue,0.242171
1134,1134,0.76,request_rescan,0.242505
1135,1135,0.9433333333333334,request_rescan,0.242807
1136,1136,0.76,request_rescan,0.243121
1137,1137,0.76,request_rescan,0.244608
1138,1138,0.76,request_rescan,0.244928
1139,1139,0.9433333333333334,request_rescan,0.245233
1140,1140,0.76,request_rescan,0.245547
1141,1141,0.76,request_rescan,0.246793
1142,1142,0.6633333333333333,log_and_continue,0.246979
1143,1143,0.76,request_rescan,0.247298
1144,1144,0.9433333333333334,request_rescan,0.247595
1145,1145,0.9433333333333334,request_rescan,0.248855
1146,1146,0.76,request_rescan,0.249188
1147,1147,0.9433333333333334,request_rescan,0.249498
1148,1148,0.9433333333333334,request_rescan,0.249793
1149,1149,0.9433333333333334,discard,0.250812
1150,1150,0.76,request_rescan,0.251154
1151,1151,0.9433333333333334,request_rescan,0.251463
1152,1152,0.9433333333333334,request_rescan,0.251758
1153,1153,0.9433333333333334,request_rescan,0.25289
1154,1154,0.76,request_rescan,0.253222
1155,1155,0.9433333333333334,request_rescan,0.253525
1156,1156,0.76,discard,0.253686
1157,1157,0.76,request_rescan,0.254998
1158,1158,0.9433333333333334,request_rescan,0.255324
1159,1159,0.76,request_rescan,0.255631
1160,1160,0.76,request_rescan,0.255944
1161,1161,0.9433333333333334,request_rescan,0.25768
1162,1162,0.76,request_rescan,0.258009
1163,1163,0.9433333333333334,request_rescan,0.258316
1164,1164,0.9433333333333334,request_rescan,0.25881
1165,1165,0.9433333333333334,request_rescan,0.260177
1166,1166,0.76,request_rescan,0.260491
1167,1167,0.76,request_rescan,0.26079
1168,1168,0.76,request_rescan,0.261106
1169,1169,0.9433333333333334,request_rescan,0.262336
1170,1170,0.76,request_rescan,0.26267
1171,1171,0.6633333333333333,log_and_continue,0.262843
1172,1172,0.76,request_rescan,0.263185
1173,1173,0.76,request_rescan,0.264607
1174,1174,0.9433333333333334,request_rescan,0.264943
1175,1175,0.76,request_rescan,0.265251
1176,1176,0.9433333333333334,request_rescan,0.265549
1177,1177,0.76,request_rescan,0.266968
1178,1178,0.9433333333333334,request_rescan,0.2673
1179,1179,0.9433333333333334,request_rescan,0.267607
1180,1180,0.9433333333333334,request_rescan,0.267909
1181,1181,0.9433333333333334,request_rescan,0.269245
1182,1182,0.9433333333333334,discard,0.269576
1183,1183,0.9433333333333334,discard,0.269889
1184,1184,0.9433333333333334,discard,0.270191
1185,1185,0.76,discard,0.271509
1186,1186,0.76,discard,0.271835
1187,1187,0.76,discard,0.272154
1188,1188,0.76,discard,0.272455
1189,1189,0.76,discard,0.274009
1190,1190,0.9433333333333334,discard,0.274342
1191,1191,0.9433333333333334,discard,0.274666
1192,1192,0.76,discard,0.27498
1193,1193,0.76,discard,0.276342
1194,1194,0.76,discard,0.276668
1195,1195,0.9433333333333334,discard,0.276993
1196,1196,0.76,discard,0.27729
1197,1197,0.9433333333333334,discard,0.278616
1198,1198,0.9433333333333334,discard,0.278958
1199,1199,0.9433333333333334,discard,0.279274
1200,1200,0.9433333333333334,discard,0.279573
1201,1201,0.9433333333333334,discard,0.281024
1202,1202,0.76,discard,0.281404
1203,1203,0.76,discard,0.281712
1204,1204,0.76,discard,0.282014
1205,1205,0.76,discard,0.283439
1206,1206,0.9433333333333334,discard,0.283764
1207,1207,0.9433333333333334,discard,0.283941
1208,1208,0.9433333333333334,discard,0.284244
1209,1209,0.76,discard,0.285572
1210,1210,0.76,discard,0.285902
1211,1211,0.76,discard,0.286222
1212,1212,0.76,discard,0.286518
1213,1213,0.76,discard,0.287882
1214,1214,0.9433333333333334,discard,0.288221
1215,1215,0.9433333333333334,discard,0.288523
1216,1216,0.9433333333333334,discard,0.288817
1217,1217,0.76,discard,0.290538
1218,1218,0.9433333333333334,discard,0.290948
1219,1219,0.9433333333333334,discard,0.291262
1220,1220,0.76,discard,0.29156
1221,1221,0.76,discard,0.292968
1222,1222,0.9433333333333334,discard,0.293301
1223,1223,0.9433333333333334,discard,0.293607
1224,1224,0.9433333333333334,discard,0.293906
1225,1225,0.76,discard,0.295314
1226,1226,0.76,discard,0.295677
1227,1227,0.76,discard,0.296112
1228,1228,0.76,discard,0.296407
1229,1229,0.9433333333333334,discard,0.297883
1230,1230,0.76,discard,0.298228
1231,1231,0.9433333333333334,discard,0.298533
1232,1232,0.76,discard,0.298843
1233,1233,0.9433333333333334,discard,0.300348
1234,1234,0.9433333333333334,discard,0.300667
1235,1235,0.76,discard,0.300999
1236,1236,0.76,discard,0.301367
1237,1237,0.9433333333333334,discard,0.302911
1238,1238,0.76,discard,0.303246
1239,1239,0.9433333333333334,discard,0.303546
1240,1240,0.76,discard,0.303844
1241,1241,0.76,discard,0.305298
1242,1242,0.9433333333333334,discard,0.305613
1243,1243,0.76,discard,0.305914
1244,1244,0.9433333333333334,discard,0.306347
1245,1245,0.9433333333333334,discard,0.307892
1246,1246,0.76,discard,0.308221
1247,1247,0.76,discard,0.308538
1248,1248,0.76,discard,0.308836
1249,1249,0.76,discard,0.310291
1250,1250,0.9433333333333334,discard,0.310615
1251,1251,0.76,discard,0.310927
1252,1252,0.9433333333333334,discard,0.311243
1253,1253,0.76,discard,0.312795
1254,1254,0.76,discard,0.313119
1255,1255,0.76,discard,0.313531
1256,1256,0.76,discard,0.313904
1257,1257,0.76,discard,0.315299
1258,1258,0.9433333333333334,discard,0.315623
1259,1259,0.9433333333333334,discard,0.315939
1260,1260,0.76,discard,0.316256
1261,1261,0.9433333333333334,discard,0.317486
1262,1262,0.76,request_rescan,0.317653
1263,1263,0.76,discard,0.317984
1264,1264,0.9433333333333334,discard,0.318298
1265,1265,0.9433333333333334,discard,0.319654
1266,1266,0.76,discard,0.319978
1267,1267,0.9433333333333334,discard,0.320282
1268,1268,0.76,discard,0.320592
1269,1269,0.76,request_rescan,0.321853
1270,1270,0.76,discard,0.322201
1271,1271,0.9433333333333334,discard,0.322511
1272,1272,0.76,discard,0.322898
1273,1273,0.76,discard,0.324375
1274,1274,0.76,discard,0.324694
1275,1275,0.9433333333333334,discard,0.325005
1276,1276,0.9433333333333334,discard,0.325317
1277,1277,0.9433333333333334,discard,0.326703
1278,1278,0.76,discard,0.326882
1279,1279,0.9433333333333334,discard,0.327192
1280,1280,0.76,discard,0.327503
1281,1281,0.76,discard,0.329001
1282,1282,0.9433333333333334,discard,0.329323
1283,1283,0.76,discard,0.329637
1284,1284,0.76,discard,0.32994
1285,1285,0.9433333333333334,discard,0.331159
1286,1286,0.9433333333333334,discard,0.331471
1287,1287,0.9433333333333334,discard,0.331783
1288,1288,0.9433333333333334,discard,0.33209
1289,1289,0.9433333333333334,discard,0.333266
1290,1290,0.9433333333333334,discard,0.333589
1291,1291,0.76,discard,0.333898
1292,1292,0.9433333333333334,discard,0.334204
1293,1293,0.9433333333333334,request_rescan,0.335611
1294,1294,0.9433333333333334,discard,0.335928
1295,1295,0.9433333333333334,discard,0.336231
1296,1296,0.9433333333333334,request_rescan,0.336537
1297,1297,0.76,discard,0.337831
1298,1298,0.76,discard,0.338154
1299,1299,0.9433333333333334,request_rescan,0.338457
1300,1300,0.9433333333333334,discard,0.338768
1301,1301,0.9433333333333334,discard,0.340407
1302,1302,0.9433333333333334,discard,0.34072
1303,1303,0.9433333333333334,discard,0.341031
1304,1304,0.9433333333333334,request_rescan,0.341343
1305,1305,0.9433333333333334,request_rescan,0.342873
1306,1306,0.9433333333333334,discard,0.343203
1307,1307,0.9433333333333334,discard,0.343512
1308,1308,0.9433333333333334,discard,0.343828
1309,1309,0.76,request_rescan,0.345414
1310,1310,0.9433333333333334,request_rescan,0.345724
1311,1311,0.9433333333333334,discard,0.346028
1312,1312,0.9433333333333334,request_rescan,0.346349
1313,1313,0.9433333333333334,request_rescan,0.347817
1314,1314,0.9433333333333334,request_rescan,0.348165
1315,1315,0.76,request_rescan,0.348465
1316,1316,0.9433333333333334,discard,0.348775
1317,1317,0.9433333333333334,request_rescan,0.350098
1318,1318,0.9433333333333334,discard,0.350415
1319,1319,0.76,request_rescan,0.350732
1320,1320,0.9433333333333334,request_rescan,0.351039
1321,1321,0.9433333333333334,discard,0.352156
1322,1322,0.9433333333333334,request_rescan,0.352488
1323,1323,0.9433333333333334,request_rescan,0.35279
1324,1324,0.9433333333333334,discard,0.353106
1325,1325,0.9433333333333334,request_rescan,0.354241
1326,1326,0.9433333333333334,request_rescan,0.354551
1327,1327,0.9433333333333334,request_rescan,0.354852
1328,1328,0.76,request_rescan,0.355156
1329,1329,0.76,request_rescan,0.356385
1330,1330,0.76,request_rescan,0.356779
1331,1331,0.76,request_rescan,0.357148
1332,1332,0.9433333333333334,request_rescan,0.357436
1333,1333,0.9433333333333334,request_rescan,0.358799
1334,1334,0.76,request_rescan,0.359125
1335,1335,0.76,request_rescan,0.359434
1336,1336,0.9433333333333334,request_rescan,0.359742
1337,1337,0.76,request_rescan,0.3612
1338,1338,0.9433333333333334,request_rescan,0.361513
1339,1339,0.9433333333333334,request_rescan,0.361808
1340,1340,0.9433333333333334,request_rescan,0.362116
1341,1341,0.9433333333333334,request_rescan,0.363317
1342,1342,0.9433333333333334,request_rescan,0.363628
1343,1343,0.9433333333333334,request_rescan,0.363928
1344,1344,0.9433333333333334,request_rescan,0.364244
1345,1345,0.76,request_rescan,0.365431
1346,1346,0.9433333333333334,request_rescan,0.365746
1347,1347,0.9433333333333334,request_rescan,0.366059
1348,1348,0.76,request_rescan,0.366373
1349,1349,0.76,request_rescan,0.367625
1350,1350,0.76,discard,0.367803
1351,1351,0.9433333333333334,request_rescan,0.368119
1352,1352,0.9433333333333334,request_rescan,0.368427
1353,1353,0.76,request_rescan,0.36968
1354,1354,0.76,request_rescan,0.370003
1355,1355,0.9433333333333334,request_rescan,0.370314
1356,1356,0.9433333333333334,request_rescan,0.370626
1357,1357,0.76,request_rescan,0.372083
1358,1358,0.9433333333333334,request_rescan,0.372422
1359,1359,0.9433333333333334,request_rescan,0.372825
1360,1360,0.9433333333333334,request_rescan,0.37337
1361,1361,0.76,request_rescan,0.375072
1362,1362,0.9433333333333334,request_rescan,0.375391
1363,1363,0.9433333333333334,request_rescan,0.375704
1364,1364,0.76,request_rescan,0.376023
1365,1365,0.9433333333333334,request_rescan,0.378003
1366,1366,0.9433333333333334,discard,0.378393
1367,1367,0.76,request_rescan,0.378712
1368,1368,0.9433333333333334,discard,0.379022
1369,1369,0.9433333333333334,request_rescan,0.380334
1370,1370,0.9433333333333334,request_rescan,0.380663
1371,1371,0.9433333333333334,discard,0.380974
1372,1372,0.9433333333333334,discard,0.381287
1373,1373,0.9433333333333334,request_rescan,0.382479
1374,1374,0.9433333333333334,discard,0.382654
1375,1375,0.9433333333333334,request_rescan,0.38299
1376,1376,0.9433333333333334,request_rescan,0.383298
1377,1377,0.9433333333333334,discard,0.384636
1378,1378,0.9433333333333334,request_rescan,0.384962
1379,1379,0.9433333333333334,discard,0.38527
1380,1380,0.9433333333333334,request_rescan,0.385587
1381,1381,0.9433333333333334,request_rescan,0.386944
1382,1382,0.9433333333333334,request_rescan,0.387277
1383,1383,0.9433333333333334,request_rescan,0.387586
1384,1384,0.9433333333333334,request_rescan,0.387889
1385,1385,0.9433333333333334,request_rescan,0.389241
1386,1386,0.9433333333333334,request_rescan,0.389629
1387,1387,0.9433333333333334,request_rescan,0.39001
1388,1388,0.9433333333333334,request_rescan,0.390492
1389,1389,0.9433333333333334,request_rescan,0.391833
1390,1390,0.76,request_rescan,0.392166
1391,1391,0.9433333333333334,request_rescan,0.392657
1392,1392,0.9433333333333334,request_rescan,0.39297
1393,1393,0.76,request_rescan,0.394253
1394,1394,0.9433333333333334,request_rescan,0.394571
1395,1395,0.9433333333333334,discard,0.394924
1396,1396,0.76,request_rescan,0.395236
1397,1397,0.9433333333333334,request_rescan,0.39641
1398,1398,0.9433333333333334,request_rescan,0.396735
1399,1399,0.76,request_rescan,0.397056
1400,1400,0.9433333333333334,discard,0.397359
1401,1401,0.9433333333333334,request_rescan,0.398544
1402,1402,0.76,request_rescan,0.398866
1403,1403,0.9433333333333334,request_rescan,0.399177
1404,1404,0.9433333333333334,discard,0.399475
1405,1405,0.9433333333333334,request_rescan,0.400677
1406,1406,0.9433333333333334,request_rescan,0.401006
1407,1407,0.9433333333333334,request_rescan,0.401326
1408,1408,0.9433333333333334,discard,0.40163
1409,1409,0.76,request_rescan,0.402839
1410,1410,0.9433333333333334,request_rescan,0.403168
1411,1411,0.9433333333333334,discard,0.403484
1412,1412,0.6633333333333333,log_and_continue,0.403652
1413,1413,0.9433333333333334,request_rescan,0.405009
1414,1414,0.76,request_rescan,0.405334
1415,1415,0.9433333333333334,discard,0.405642
1416,1416,0.9433333333333334,request_rescan,0.406079
1417,1417,0.9433333333333334,request_rescan,0.407565
1418,1418,0.9433333333333334,request_rescan,0.407893
1419,1419,0.76,request_rescan,0.408203
1420,1420,0.76,request_rescan,0.408751
1421,1421,0.76,discard,0.410088
1422,1422,0.9433333333333334,request_rescan,0.41043
1423,1423,0.76,request_rescan,0.410737
1424,1424,0.9433333333333334,request_rescan,0.411058
1425,1425,0.9433333333333334,request_rescan,0.412325
1426,1426,0.9433333333333334,discard,0.412647
1427,1427,0.9433333333333334,request_rescan,0.412956
1428,1428,0.9433333333333334,discard,0.413271
1429,1429,0.9433333333333334,request_rescan,0.414542
1430,1430,0.76,request_rescan,0.414858
1431,1431,0.9433333333333334,request_rescan,0.41518
1432,1432,0.9433333333333334,discard,0.415481
1433,1433,0.9433333333333334,request_rescan,0.416786
1434,1434,0.9433333333333334,request_rescan,0.417114
1435,1435,0.9433333333333334,request_rescan,0.417416
1436,1436,0.9433333333333334,request_rescan,0.41773
1437,1437,0.9433333333333334,request_rescan,0.419018
1438,1438,0.9433333333333334,request_rescan,0.419338
1439,1439,0.9433333333333334,discard,0.419638
1440,1440,0.9433333333333334,discard,0.419955
1441,1441,0.9433333333333334,discard,0.421138
1442,1442,0.9433333333333334,discard,0.421455
1443,1443,0.9433333333333334,request_rescan,0.421753
1444,1444,0.9433333333333334,discard,0.42207
1445,1445,0.9433333333333334,discard,0.423348
1446,1446,0.9433333333333334,request_rescan,0.423729
1447,1447,0.9433333333333334,discard,0.424035
1448,1448,0.9433333333333334,discard,0.424353
1449,1449,0.76,discard,0.425506
1450,1450,0.76,discard,0.425825
1451,1451,0.9433333333333334,request_rescan,0.426151
1452,1452,0.9433333333333334,discard,0.42645
1453,1453,0.9433333333333334,request_rescan,0.427605
1454,1454,0.9433333333333334,discard,0.427939
1455,1455,0.76,discard,0.428247
1456,1456,0.9433333333333334,request_rescan,0.428537
1457,1457,0.9433333333333334,discard,0.42981
1458,1458,0.9433333333333334,discard,0.430139
1459,1459,0.9433333333333334,discard,0.430447
1460,1460,0.9433333333333334,discard,0.430756
1461,1461,0.9433333333333334,discard,0.432231
1462,1462,0.9433333333333334,discard,0.43255
1463,1463,0.9433333333333334,request_rescan,0.43285
1464,1464,0.6633333333333333,log_and_continue,0.433038
1465,1465,0.76,discard,0.434255
1466,1466,0.9433333333333334,request_rescan,0.434573
1467,1467,0.9433333333333334,request_rescan,0.434879
1468,1468,0.9433333333333334,request_rescan,0.435188
1469,1469,0.9433333333333334,request_rescan,0.436389
1470,1470,0.76,discard,0.436707
1471,1471,0.9433333333333334,request_rescan,0.437019
1472,1472,0.76,discard,0.437336
1473,1473,0.9433333333333334,discard,0.438645
1474,1474,0.76,discard,0.438977
1475,1475,0.9433333333333334,discard,0.439289
1476,1476,0.9433333333333334,discard,0.439766
1477,1477,0.9433333333333334,request_rescan,0.441396
1478,1478,0.9433333333333334,discard,0.441717
1479,1479,0.9433333333333334,request_rescan,0.442029
1480,1480,0.76,discard,0.442349
1481,1481,0.9433333333333334,request_rescan,0.443667
1482,1482,0.9433333333333334,discard,0.443993
1483,1483,0.76,discard,0.44431
1484,1484,0.76,discard,0.44465
1485,1485,0.9433333333333334,request_rescan,0.446619
1486,1486,0.9433333333333334,request_rescan,0.447039
1487,1487,0.76,discard,0.447393
1488,1488,0.9433333333333334,request_rescan,0.447738
1489,1489,0.9433333333333334,request_rescan,0.449703
1490,1490,0.9433333333333334,discard,0.450097
1491,1491,0.76,discard,0.450578
1492,1492,0.76,discard,0.450912
1493,1493,0.9433333333333334,discard,0.452674
1494,1494,0.9433333333333334,request_rescan,0.45287
1495,1495,0.76,discard,0.453226
1496,1496,0.9433333333333334,discard,0.453556
1497,1497,0.9433333333333334,request_rescan,0.455281
1498,1498,0.76,discard,0.455637
1499,1499,0.9433333333333334,discard,0.455992
1500,1500,0.76,discard,0.456472
1501,1501,0.9433333333333334,discard,0.458288
1502,1502,0.9433333333333334,request_rescan,0.458655
1503,1503,0.9433333333333334,discard,0.458998
1504,1504,0.9433333333333334,request_rescan,0.459323
1505,1505,0.9433333333333334,discard,0.461045
1506,1506,0.9433333333333334,discard,0.461432
1507,1507,0.9433333333333334,discard,0.461774
1508,1508,0.9433333333333334,discard,0.462126
1509,1509,0.9433333333333334,discard,0.463963
1510,1510,0.9433333333333334,discard,0.464329
1511,1511,0.9433333333333334,discard,0.464658
1512,1512,0.9433333333333334,discard,0.46498
1513,1513,0.9433333333333334,request_rescan,0.466593
1514,1514,0.9433333333333334,request_rescan,0.466968
1515,1515,0.9433333333333334,discard,0.467308
1516,1516,0.9433333333333334,request_rescan,0.467624
1517,1517,0.9433333333333334,discard,0.469367
1518,1518,0.9433333333333334,discard,0.469713
1519,1519,0.9433333333333334,request_rescan,0.470039
1520,1520,0.9433333333333334,discard,0.47035
1521,1521,0.9433333333333334,request_rescan,0.47194
1522,1522,0.9433333333333334,request_rescan,0.472305
1523,1523,0.9433333333333334,discard,0.472641
1524,1524,0.9433333333333334,request_rescan,0.473167
1525,1525,0.76,log_and_continue,0.47529
1526,1526,0.9433333333333334,discard,0.47567
1527,1527,0.9433333333333334,discard,0.476014
1528,1528,0.9433333333333334,request_rescan,0.476332
1529,1529,0.9433333333333334,request_rescan,0.47797
1530,1530,0.9433333333333334,request_rescan,0.478329
1531,1531,0.9433333333333334,request_rescan,0.478659
1532,1532,0.76,request_rescan,0.478986
1533,1533,0.76,request_rescan,0.480525
1534,1534,0.9433333333333334,request_rescan,0.480872
1535,1535,0.76,request_rescan,0.481184
1536,1536,0.9433333333333334,request_rescan,0.481494
1537,1537,0.9433333333333334,discard,0.482905
1538,1538,0.9433333333333334,request_rescan,0.483247
1539,1539,0.76,request_rescan,0.483559
1540,1540,0.9433333333333334,discard,0.483869
1541,1541,0.9433333333333334,discard,0.485195
1542,1542,0.76,request_rescan,0.485548
1543,1543,0.9433333333333334,discard,0.486029
1544,1544,0.9433333333333334,request_rescan,0.486354
1545,1545,0.76,request_rescan,0.487763
1546,1546,0.9433333333333334,discard,0.488091
1547,1547,0.9433333333333334,request_rescan,0.488398
1548,1548,0.9433333333333334,request_rescan,0.488726
1549,1549,0.9433333333333334,discard,0.490104
1550,1550,0.76,request_rescan,0.490699
1551,1551,0.9433333333333334,discard,0.491101
1552,1552,0.76,request_rescan,0.491428
1553,1553,0.9433333333333334,discard,0.492976
1554,1554,0.9433333333333334,discard,0.493312
1555,1555,0.9433333333333334,discard,0.493489
1556,1556,0.9433333333333334,discard,0.493814
1557,1557,0.9433333333333334,request_rescan,0.495372
1558,1558,0.9433333333333334,discard,0.495705
1559,1559,0.76,request_rescan,0.496031
1560,1560,0.9433333333333334,request_rescan,0.496357
1561,1561,0.76,request_rescan,0.497926
1562,1562,0.9433333333333334,request_rescan,0.498263
1563,1563,0.9433333333333334,request_rescan,0.498576
1564,1564,0.9433333333333334,request_rescan,0.498912
1565,1565,0.76,request_rescan,0.500384
1566,1566,0.76,request_rescan,0.500711
1567,1567,0.76,request_rescan,0.50102
1568,1568,0.9433333333333334,request_rescan,0.501331
1569,1569,0.9433333333333334,discard,0.50285
1570,1570,0.9433333333333334,discard,0.503184
1571,1571,0.76,request_rescan,0.5035
1572,1572,0.9433333333333334,discard,0.503825
1573,1573,0.9433333333333334,request_rescan,0.505082
1574,1574,0.9433333333333334,request_rescan,0.505396
1575,1575,0.9433333333333334,request_rescan,0.50571
1576,1576,0.9433333333333334,discard,0.506015
1577,1577,0.76,request_rescan,0.507702
1578,1578,0.9433333333333334,request_rescan,0.508033
1579,1579,0.9433333333333334,discard,0.50836
1580,1580,0.9433333333333334,request_rescan,0.508532
1581,1581,0.76,log_and_continue,0.509647
1582,1582,0.9433333333333334,request_rescan,0.50999
1583,1583,0.9433333333333334,request_rescan,0.510315
1584,1584,0.9433333333333334,discard,0.510623
1585,1585,0.76,request_rescan,0.512188
1586,1586,0.76,request_rescan,0.512374
1587,1587,0.76,request_rescan,0.512764
1588,1588,0.76,request_rescan,0.512933
1589,1589,0.76,request_rescan,0.514107
1590,1590,0.9433333333333334,request_rescan,0.514431
1591,1591,0.9433333333333334,request_rescan,0.514733
1592,1592,0.9433333333333334,discard,0.515034
1593,1593,0.76,request_rescan,0.516237
1594,1594,0.9433333333333334,request_rescan,0.516553
1595,1595,0.9433333333333334,discard,0.516868
1596,1596,0.9433333333333334,request_rescan,0.51703
1597,1597,0.9433333333333334,request_rescan,0.518175
1598,1598,0.9433333333333334,request_rescan,0.518503
1599,1599,0.9433333333333334,discard,0.518807
1600,1600,0.9433333333333334,discard,0.519112
1601,1601,0.9433333333333334,discard,0.520281
1602,1602,0.9433333333333334,discard,0.520602
1603,1603,0.9433333333333334,discard,0.52091
1604,1604,0.9433333333333334,discard,0.521207
1605,1605,0.9433333333333334,request_rescan,0.522345
1606,1606,0.9433333333333334,discard,0.522678
1607,1607,0.76,request_rescan,0.522847
1608,1608,0.9433333333333334,request_rescan,0.523274
1609,1609,0.9433333333333334,request_rescan,0.52469
1610,1610,0.9433333333333334,request_rescan,0.525039
1611,1611,0.9433333333333334,discard,0.525354
1612,1612,0.9433333333333334,discard,0.525657
1613,1613,0.9433333333333334,discard,0.527043
1614,1614,0.76,log_and_continue,0.527217
1615,1615,0.76,request_rescan,0.527377
1616,1616,0.9433333333333334,request_rescan,0.527702
1617,1617,0.9433333333333334,discard,0.529221
1618,1618,0.9433333333333334,request_rescan,0.529539
1619,1619,0.9433333333333334,discard,0.529851
1620,1620,0.9433333333333334,discard,0.53017
1621,1621,0.9433333333333334,request_rescan,0.531419
1622,1622,0.76,discard,0.531598
1623,1623,0.9433333333333334,request_rescan,0.531922
1624,1624,0.9433333333333334,discard,0.532226
1625,1625,0.9433333333333334,discard,0.533371
1626,1626,0.9433333333333334,request_rescan,0.533685
1627,1627,0.9433333333333334,request_rescan,0.534024
1628,1628,0.9433333333333334,request_rescan,0.534329
1629,1629,0.9433333333333334,discard,0.535645
1630,1630,0.9433333333333334,request_rescan,0.535969
1631,1631,0.9433333333333334,discard,0.536275
1632,1632,0.9433333333333334,discard,0.536583
1633,1633,0.9433333333333334,request_rescan,0.537848
1634,1634,0.9433333333333334,request_rescan,0.538175
1635,1635,0.9433333333333334,request_rescan,0.538479
1636,1636,0.9433333333333334,request_rescan,0.538797
1637,1637,0.9433333333333334,request_rescan,0.540103
1638,1638,0.9433333333333334,request_rescan,0.540496
1639,1639,0.9433333333333334,discard,0.540803
1640,1640,0.9433333333333334,request_rescan,0.541136
1641,1641,0.9433333333333334,discard,0.542327
1642,1642,0.6633333333333333,log_and_continue,0.542503
1643,1643,0.9433333333333334,request_rescan,0.542844
1644,1644,0.9433333333333334,discard,0.543157
1645,1645,0.9433333333333334,discard,0.544512
1646,1646,0.9433333333333334,request_rescan,0.544831
1647,1647,0.9433333333333334,discard,0.545148
1648,1648,0.9433333333333334,request_rescan,0.545457
1649,1649,0.9433333333333334,request_rescan,0.546767
1650,1650,0.76,discard,0.546946
1651,1651,0.9433333333333334,request_rescan,0.54726
1652,1652,0.9433333333333334,request_rescan,0.547573
1653,1653,0.9433333333333334,discard,0.548714
1654,1654,0.9433333333333334,request_rescan,0.549048
1655,1655,0.9433333333333334,request_rescan,0.54937
1656,1656,0.9433333333333334,discard,0.549667
1657,1657,0.9433333333333334,request_rescan,0.550874
1658,1658,0.9433333333333334,request_rescan,0.551199
1659,1659,0.9433333333333334,request_rescan,0.551517
1660,1660,0.9433333333333334,discard,0.551823
1661,1661,0.9433333333333334,discard,0.552961
1662,1662,0.76,discard,0.55329
1663,1663,0.9433333333333334,discard,0.553595
1664,1664,0.9433333333333334,discard,0.553901
1665,1665,0.9433333333333334,discard,0.555108
1666,1666,0.76,discard,0.555439
1667,1667,0.76,discard,0.555748
1668,1668,0.6633333333333333,log_and_continue,0.555918
1669,1669,0.9433333333333334,request_rescan,0.557495
1670,1670,0.9433333333333334,discard,0.557889
1671,1671,0.9433333333333334,discard,0.558212
1672,1672,0.6633333333333333,log_and_continue,0.558378
1673,1673,0.76,discard,0.559977
1674,1674,0.9433333333333334,discard,0.560301
1675,1675,0.9433333333333334,request_rescan,0.56062
1676,1676,0.9433333333333334,discard,0.56094
1677,1677,0.9433333333333334,discard,0.562243
1678,1678,0.9433333333333334,discard,0.562562
1679,1679,0.9433333333333334,discard,0.562877
1680,1680,0.9433333333333334,request_rescan,0.563183
1681,1681,0.9433333333333334,request_rescan,0.564545
1682,1682,0.76,discard,0.564879
1683,1683,0.9433333333333334,discard,0.565189
1684,1684,0.9433333333333334,discard,0.565503
1685,1685,0.76,discard,0.566867
1686,1686,0.76,discard,0.567198
1687,1687,0.9433333333333334,discard,0.567524
1688,1688,0.9433333333333334,discard,0.567833
1689,1689,0.76,discard,0.569204
1690,1690,0.9433333333333334,discard,0.569522
1691,1691,0.9433333333333334,discard,0.569827
1692,1692,0.9433333333333334,request_rescan,0.570161
1693,1693,0.76,discard,0.571454
1694,1694,0.76,discard,0.57177
1695,1695,0.9433333333333334,discard,0.572219
1696,1696,0.9433333333333334,request_rescan,0.572565
1697,1697,0.76,discard,0.574438
1698,1698,0.9433333333333334,discard,0.574764
1699,1699,0.9433333333333334,discard,0.575096
1700,1700,0.76,discard,0.575418
1701,1701,0.9433333333333334,discard,0.576972
1702,1702,0.9433333333333334,request_rescan,0.577296
1703,1703,0.9433333333333334,request_rescan,0.577617
1704,1704,0.9433333333333334,discard,0.577925
1705,1705,0.9433333333333334,request_rescan,0.579614
1706,1706,0.76,discard,0.579946
1707,1707,0.9433333333333334,discard,0.580258
1708,1708,0.9433333333333334,discard,0.580561
1709,1709,0.9433333333333334,discard,0.581908
1710,1710,0.9433333333333334,discard,0.582247
1711,1711,0.76,discard,0.582553
1712,1712,0.9433333333333334,request_rescan,0.58285
1713,1713,0.9433333333333334,request_rescan,0.584169
1714,1714,0.76,discard,0.584497
1715,1715,0.9433333333333334,request_rescan,0.584803
1716,1716,0.9433333333333334,discard,0.585104
1717,1717,0.76,discard,0.586414
1718,1718,0.9433333333333334,discard,0.586746
1719,1719,0.76,discard,0.587061
1720,1720,0.9433333333333334,request_rescan,0.587359
1721,1721,0.76,log_and_continue,0.588539
1722,1722,0.76,discard,0.588879
1723,1723,0.76,discard,0.589204
1724,1724,0.9433333333333334,discard,0.589606
1725,1725,0.76,discard,0.591145
1726,1726,0.9433333333333334,discard,0.591479
1727,1727,0.76,discard,0.591797
1728,1728,0.9433333333333334,request_rescan,0.592116
1729,1729,0.9433333333333334,discard,0.593568
1730,1730,0.76,discard,0.5939
1731,1731,0.9433333333333334,request_rescan,0.594211
1732,1732,0.9433333333333334,discard,0.59451
1733,1733,0.9433333333333334,request_rescan,0.595858
1734,1734,0.9433333333333334,discard,0.596194
1735,1735,0.76,discard,0.596366
1736,1736,0.9433333333333334,discard,0.596671
1737,1737,0.9433333333333334,request_rescan,0.598026
1738,1738,0.9433333333333334,request_rescan,0.598363
1739,1739,0.9433333333333334,request_rescan,0.598671
1740,1740,0.9433333333333334,request_rescan,0.598974
1741,1741,0.9433333333333334,discard,0.600309
1742,1742,0.9433333333333334,request_rescan,0.600628
1743,1743,0.9433333333333334,request_rescan,0.600949
1744,1744,0.76,discard,0.601255
1745,1745,0.9433333333333334,request_rescan,0.602572
1746,1746,0.9433333333333334,request_rescan,0.602906
1747,1747,0.9433333333333334,request_rescan,0.603213
1748,1748,0.76,discard,0.603508
1749,1749,0.9433333333333334,request_rescan,0.604792
1750,1750,0.9433333333333334,discard,0.605128
1751,1751,0.9433333333333334,discard,0.605434
1752,1752,0.9433333333333334,discard,0.605731
1753,1753,0.76,discard,0.607427
1754,1754,0.9433333333333334,request_rescan,0.607754
1755,1755,0.9433333333333334,request_rescan,0.608081
1756,1756,0.76,discard,0.608382
1757,1757,0.9433333333333334,discard,0.609713
1758,1758,0.9433333333333334,request_rescan,0.610053
1759,1759,0.9433333333333334,discard,0.61036
1760,1760,0.9433333333333334,request_rescan,0.610654
1761,1761,0.9433333333333334,request_rescan,0.611965
1762,1762,0.9433333333333334,request_rescan,0.612294
1763,1763,0.9433333333333334,discard,0.612597
1764,1764,0.9433333333333334,discard,0.612897
1765,1765,0.9433333333333334,request_rescan,0.614184
1766,1766,0.9433333333333334,request_rescan,0.614547
1767,1767,0.9433333333333334,request_rescan,0.614856
1768,1768,0.9433333333333334,discard,0.615158
1769,1769,0.9433333333333334,request_rescan,0.616679
1770,1770,0.9433333333333334,request_rescan,0.616859
1771,1771,0.9433333333333334,request_rescan,0.617196
1772,1772,0.9433333333333334,discard,0.617527
1773,1773,0.9433333333333334,request_rescan,0.619207
1774,1774,0.9433333333333334,discard,0.619597
1775,1775,0.9433333333333334,discard,0.61992
1776,1776,0.9433333333333334,discard,0.620245
1777,1777,0.9433333333333334,discard,0.621657
1778,1778,0.9433333333333334,request_rescan,0.621995
1779,1779,0.9433333333333334,request_rescan,0.622306
1780,1780,0.9433333333333334,discard,0.622618
1781,1781,0.9433333333333334,discard,0.62427
1782,1782,0.9433333333333334,discard,0.624591
1783,1783,0.9433333333333334,request_rescan,0.62491
1784,1784,0.9433333333333334,discard,0.625227
1785,1785,0.9433333333333334,request_rescan,0.62658
1786,1786,0.9433333333333334,discard,0.626904
1787,1787,0.9433333333333334,request_rescan,0.62721
1788,1788,0.9433333333333334,discard,0.627516
1789,1789,0.9433333333333334,request_rescan,0.628878
1790,1790,0.9433333333333334,request_rescan,0.629217
1791,1791,0.76,request_rescan,0.629531
1792,1792,0.9433333333333334,request_rescan,0.629845
1793,1793,0.9433333333333334,request_rescan,0.63148
1794,1794,0.9433333333333334,request_rescan,0.631803
1795,1795,0.9433333333333334,request_rescan,0.632131
1796,1796,0.76,request_rescan,0.632454
1797,1797,0.9433333333333334,discard,0.63385
1798,1798,0.76,request_rescan,0.63418
1799,1799,0.9433333333333334,discard,0.634488
1800,1800,0.9433333333333334,request_rescan,0.634819
1801,1801,0.76,request_rescan,0.636103
1802,1802,0.9433333333333334,request_rescan,0.636423
1803,1803,0.9433333333333334,request_rescan,0.636736
1804,1804,0.76,request_rescan,0.637051
1805,1805,0.9433333333333334,request_rescan,0.638265
1806,1806,0.9433333333333334,request_rescan,0.638587
1807,1807,0.9433333333333334,request_rescan,0.638904
1808,1808,0.9433333333333334,discard,0.639208
1809,1809,0.9433333333333334,request_rescan,0.640859
1810,1810,0.9433333333333334,request_rescan,0.641217
1811,1811,0.9433333333333334,discard,0.641521
1812,1812,0.9433333333333334,discard,0.64182
1813,1813,0.9433333333333334,request_rescan,0.643081
1814,1814,0.9433333333333334,discard,0.6434
1815,1815,0.9433333333333334,request_rescan,0.643723
1816,1816,0.76,log_and_continue,0.643904
1817,1817,0.9433333333333334,discard,0.645114
1818,1818,0.9433333333333334,discard,0.645436
1819,1819,0.9433333333333334,discard,0.645747
1820,1820,0.9433333333333334,discard,0.646063
1821,1821,0.9433333333333334,request_rescan,0.647261
1822,1822,0.9433333333333334,request_rescan,0.647596
1823,1823,0.9433333333333334,discard,0.647921
1824,1824,0.9433333333333334,discard,0.648235
1825,1825,0.9433333333333334,discard,0.649678
1826,1826,0.9433333333333334,discard,0.650025
1827,1827,0.9433333333333334,discard,0.650339
1828,1828,0.9433333333333334,request_rescan,0.650635
1829,1829,0.9433333333333334,request_rescan,0.651812
1830,1830,0.9433333333333334,request_rescan,0.652143
1831,1831,0.9433333333333334,request_rescan,0.652455
1832,1832,0.9433333333333334,discard,0.652753
1833,1833,0.9433333333333334,request_rescan,0.654039
1834,1834,0.9433333333333334,request_rescan,0.654372
1835,1835,0.9433333333333334,discard,0.654688
1836,1836,0.9433333333333334,discard,0.655015
1837,1837,0.9433333333333334,discard,0.656261
1838,1838,0.9433333333333334,request_rescan,0.656651
1839,1839,0.9433333333333334,discard,0.657047
1840,1840,0.9433333333333334,request_rescan,0.657351
1841,1841,0.9433333333333334,request_rescan,0.658693
1842,1842,0.9433333333333334,request_rescan,0.659018
1843,1843,0.9433333333333334,request_rescan,0.659325
1844,1844,0.76,discard,0.659649
1845,1845,0.9433333333333334,discard,0.66118
1846,1846,0.76,discard,0.661503
1847,1847,0.9433333333333334,discard,0.661818
1848,1848,0.9433333333333334,discard,0.662128
1849,1849,0.9433333333333334,discard,0.663331
1850,1850,0.76,discard,0.663669
1851,1851,0.76,discard,0.663982
1852,1852,0.76,discard,0.664286
1853,1853,0.9433333333333334,request_rescan,0.665454
1854,1854,0.9433333333333334,discard,0.665804
1855,1855,0.9433333333333334,discard,0.666128
1856,1856,0.9433333333333334,discard,0.66645
1857,1857,0.9433333333333334,discard,0.667683
1858,1858,0.9433333333333334,discard,0.668032
1859,1859,0.9433333333333334,request_rescan,0.668345
1860,1860,0.76,discard,0.668646
1861,1861,0.9433333333333334,request_rescan,0.669998
1862,1862,0.76,discard,0.670322
1863,1863,0.76,discard,0.67063
1864,1864,0.9433333333333334,discard,0.670947
1865,1865,0.9433333333333334,discard,0.672217
1866,1866,0.9433333333333334,request_rescan,0.672549
1867,1867,0.9433333333333334,discard,0.672952
1868,1868,0.9433333333333334,request_rescan,0.673407
1869,1869,0.9433333333333334,request_rescan,0.674854
1870,1870,0.9433333333333334,request_rescan,0.675196
1871,1871,0.9433333333333334,request_rescan,0.67552
1872,1872,0.9433333333333334,discard,0.675832
1873,1873,0.9433333333333334,discard,0.677133
1874,1874,0.9433333333333334,discard,0.677464
1875,1875,0.9433333333333334,request_rescan,0.677774
1876,1876,0.9433333333333334,request_rescan,0.678078
1877,1877,0.9433333333333334,request_rescan,0.679307
1878,1878,0.9433333333333334,discard,0.679637
1879,1879,0.76,log_and_continue,0.67981
1880,1880,0.9433333333333334,request_rescan,0.680123
1881,1881,0.9433333333333334,request_rescan,0.681421
1882,1882,0.9433333333333334,request_rescan,0.681769
1883,1883,0.9433333333333334,discard,0.682101
1884,1884,0.9433333333333334,request_rescan,0.682402
1885,1885,0.9433333333333334,request_rescan,0.683795
1886,1886,0.9433333333333334,request_rescan,0.684138
1887,1887,0.9433333333333334,request_rescan,0.684444
1888,1888,0.9433333333333334,discard,0.684739
1889,1889,0.9433333333333334,request_rescan,0.686074
1890,1890,0.9433333333333334,request_rescan,0.686414
1891,1891,0.9433333333333334,request_rescan,0.686721
1892,1892,0.9433333333333334,request_rescan,0.687037
1893,1893,0.76,request_rescan,0.688351
1894,1894,0.9433333333333334,request_rescan,0.688683
1895,1895,0.9433333333333334,request_rescan,0.689022
1896,1896,0.76,discard,0.68919
1897,1897,0.9433333333333334,request_rescan,0.691001
1898,1898,0.9433333333333334,request_rescan,0.69134
1899,1899,0.9433333333333334,request_rescan,0.691653
1900,1900,0.9433333333333334,request_rescan,0.692118
1901,1901,0.9433333333333334,discard,0.693432
1902,1902,0.76,request_rescan,0.693766
1903,1903,0.9433333333333334,discard,0.694083
1904,1904,0.9433333333333334,request_rescan,0.694381
1905,1905,0.9433333333333334,request_rescan,0.69559
1906,1906,0.9433333333333334,request_rescan,0.695927
1907,1907,0.9433333333333334,discard,0.696241
1908,1908,0.76,request_rescan,0.696538
1909,1909,0.9433333333333334,discard,0.697793
1910,1910,0.9433333333333334,request_rescan,0.698133
1911,1911,0.9433333333333334,discard,0.698444
1912,1912,0.9433333333333334,request_rescan,0.698747
1913,1913,0.9433333333333334,request_rescan,0.700001
1914,1914,0.9433333333333334,request_rescan,0.700339
1915,1915,0.76,request_rescan,0.700654
1916,1916,0.76,request_rescan,0.700964
1917,1917,0.9433333333333334,request_rescan,0.70214
1918,1918,0.76,request_rescan,0.702474
1919,1919,0.9433333333333334,request_rescan,0.70278
1920,1920,0.9433333333333334,discard,0.703084
1921,1921,0.9433333333333334,discard,0.704265
1922,1922,0.9433333333333334,request_rescan,0.7046
1923,1923,0.76,request_rescan,0.704918
1924,1924,0.9433333333333334,request_rescan,0.705223
1925,1925,0.9433333333333334,request_rescan,0.706792
1926,1926,0.9433333333333334,request_rescan,0.707201
1927,1927,0.76,request_rescan,0.70751
1928,1928,0.9433333333333334,discard,0.707811
1929,1929,0.76,request_rescan,0.709044
1930,1930,0.9433333333333334,discard,0.709379
1931,1931,0.9433333333333334,request_rescan,0.70969
1932,1932,0.76,request_rescan,0.709998
1933,1933,0.9433333333333334,discard,0.711239
1934,1934,0.9433333333333334,discard,0.711586
1935,1935,0.9433333333333334,request_rescan,0.711905
1936,1936,0.9433333333333334,request_rescan,0.712506
1937,1937,0.9433333333333334,request_rescan,0.713778
1938,1938,0.9433333333333334,discard,0.714117
1939,1939,0.9433333333333334,request_rescan,0.714471
1940,1940,0.76,request_rescan,0.714782
1941,1941,0.76,request_rescan,0.716013
1942,1942,0.76,request_rescan,0.716349
1943,1943,0.76,request_rescan,0.716652
1944,1944,0.9433333333333334,request_rescan,0.716952
1945,1945,0.9433333333333334,discard,0.718157
1946,1946,0.9433333333333334,request_rescan,0.718485
1947,1947,0.9433333333333334,discard,0.718791
1948,1948,0.9433333333333334,request_rescan,0.719096
1949,1949,0.76,request_rescan,0.720245
1950,1950,0.76,request_rescan,0.720579
1951,1951,0.76,request_rescan,0.720902
1952,1952,0.9433333333333334,discard,0.721249
1953,1953,0.9433333333333334,discard,0.722469
1954,1954,0.9433333333333334,request_rescan,0.722905
1955,1955,0.9433333333333334,request_rescan,0.723607
1956,1956,0.9433333333333334,discard,0.723982
1957,1957,0.9433333333333334,discard,0.725228
1958,1958,0.9433333333333334,request_rescan,0.72556
1959,1959,0.9433333333333334,discard,0.725872
1960,1960,0.9433333333333334,request_rescan,0.726173
1961,1961,0.9433333333333334,discard,0.727328
1962,1962,0.9433333333333334,request_rescan,0.727658
1963,1963,0.9433333333333334,discard,0.727967
1964,1964,0.9433333333333334,discard,0.728137
1965,1965,0.76,discard,0.729278
1966,1966,0.9433333333333334,request_rescan,0.729688
1967,1967,0.9433333333333334,discard,0.730008
1968,1968,0.9433333333333334,request_rescan,0.730315
1969,1969,0.9433333333333334,discard,0.731596
1970,1970,0.9433333333333334,discard,0.731926
1971,1971,0.9433333333333334,discard,0.732237
1972,1972,0.9433333333333334,request_rescan,0.732539
1973,1973,0.9433333333333334,request_rescan,0.733959
1974,1974,0.9433333333333334,discard,0.734288
1975,1975,0.9433333333333334,request_rescan,0.734596
1976,1976,0.76,request_rescan,0.734762
1977,1977,0.9433333333333334,request_rescan,0.735829
1978,1978,0.9433333333333334,request_rescan,0.736173
1979,1979,0.9433333333333334,discard,0.736501
1980,1980,0.9433333333333334,request_rescan,0.73681
1981,1981,0.9433333333333334,discard,0.737988
1982,1982,0.9433333333333334,discard,0.738327
1983,1983,0.9433333333333334,request_rescan,0.738645
1984,1984,0.9433333333333334,discard,0.738954
1985,1985,0.9433333333333334,request_rescan,0.740458
1986,1986,0.9433333333333334,request_rescan,0.740788
1987,1987,0.9433333333333334,request_rescan,0.741107
1988,1988,0.9433333333333334,discard,0.741407
1989,1989,0.9433333333333334,request_rescan,0.742616
1990,1990,0.9433333333333334,request_rescan,0.742948
1991,1991,0.9433333333333334,discard,0.74327
1992,1992,0.9433333333333334,request_rescan,0.743572
1993,1993,0.9433333333333334,request_rescan,0.744766
1994,1994,0.9433333333333334,request_rescan,0.745109
1995,1995,0.9433333333333334,request_rescan,0.745429
1996,1996,0.9433333333333334,request_rescan,0.745742
1997,1997,0.9433333333333334,discard,0.747159
1998,1998,0.9433333333333334,request_rescan,0.747483
1999,1999,0.9433333333333334,discard,0.7478
2000,2000,0.9433333333333334,request_rescan,0.748109
2001,2001,0.9433333333333334,discard,0.749401
2002,2002,0.9433333333333334,request_rescan,0.749724
2003,2003,0.9433333333333334,discard,0.750036
2004,2004,0.9433333333333334,request_rescan,0.750335
2005,2005,0.9433333333333334,discard,0.751544
2006,2006,0.9433333333333334,discard,0.75188
2007,2007,0.9433333333333334,discard,0.752192
2008,2008,0.9433333333333334,discard,0.752492
2009,2009,0.9433333333333334,request_rescan,0.753645
2010,2010,0.9433333333333334,request_rescan,0.753985
2011,2011,0.9433333333333334,discard,0.7543
2012,2012,0.9433333333333334,discard,0.754601
2013,2013,0.9433333333333334,discard,0.755836
2014,2014,0.9433333333333334,request_rescan,0.75624
2015,2015,0.9433333333333334,discard,0.756617
2016,2016,0.9433333333333334,request_rescan,0.756989
2017,2017,0.9433333333333334,request_rescan,0.758229
2018,2018,0.9433333333333334,discard,0.758569
2019,2019,0.9433333333333334,request_rescan,0.758882
2020,2020,0.9433333333333334,request_rescan,0.759188
2021,2021,0.9433333333333334,request_rescan,0.760365
2022,2022,0.9433333333333334,request_rescan,0.760698
2023,2023,0.9433333333333334,request_rescan,0.761024
2024,2024,0.9433333333333334,request_rescan,0.761486
2025,2025,0.9433333333333334,discard,0.762666
2026,2026,0.9433333333333334,request_rescan,0.763044
2027,2027,0.9433333333333334,discard,0.763409
2028,2028,0.9433333333333334,request_rescan,0.763722
2029,2029,0.9433333333333334,discard,0.765056
2030,2030,0.9433333333333334,discard,0.765384
2031,2031,0.9433333333333334,request_rescan,0.765714
2032,2032,0.9433333333333334,discard,0.766032
2033,2033,0.9433333333333334,discard,0.767204
2034,2034,0.9433333333333334,discard,0.767523
2035,2035,0.9433333333333334,request_rescan,0.767839
2036,2036,0.9433333333333334,request_rescan,0.768147
2037,2037,0.76,discard,0.769318
2038,2038,0.76,discard,0.769647
2039,2039,0.76,discard,0.76996
2040,2040,0.6633333333333333,log_and_continue,0.77013
2041,2041,0.76,discard,0.771349
2042,2042,0.9433333333333334,discard,0.771683
2043,2043,0.9433333333333334,discard,0.772002
2044,2044,0.9433333333333334,discard,0.772308
2045,2045,0.9433333333333334,discard,0.773811
2046,2046,0.76,discard,0.774152
2047,2047,0.9433333333333334,request_rescan,0.774462
2048,2048,0.9433333333333334,discard,0.774766
2049,2049,0.9433333333333334,request_rescan,0.77602
2050,2050,0.9433333333333334,discard,0.776367
2051,2051,0.76,discard,0.776687
2052,2052,0.9433333333333334,request_rescan,0.777186
2053,2053,0.9433333333333334,discard,0.77841
2054,2054,0.76,discard,0.778743
2055,2055,0.76,discard,0.779056
2056,2056,0.9433333333333334,request_rescan,0.779354
2057,2057,0.9433333333333334,discard,0.780565
2058,2058,0.76,discard,0.780904
2059,2059,0.76,discard,0.781251
2060,2060,0.9433333333333334,discard,0.78155
2061,2061,0.9433333333333334,discard,0.782785
2062,2062,0.9433333333333334,request_rescan,0.78313
2063,2063,0.9433333333333334,discard,0.783445
2064,2064,0.9433333333333334,request_rescan,0.783747
2065,2065,0.9433333333333334,request_rescan,0.784973
2066,2066,0.9433333333333334,discard,0.785301
2067,2067,0.9433333333333334,discard,0.785608
2068,2068,0.9433333333333334,request_rescan,0.785914
2069,2069,0.9433333333333334,request_rescan,0.787133
2070,2070,0.9433333333333334,request_rescan,0.787466
2071,2071,0.9433333333333334,discard,0.787771
2072,2072,0.9433333333333334,request_rescan,0.78807
2073,2073,0.9433333333333334,discard,0.789357
2074,2074,0.9433333333333334,discard,0.789872
2075,2075,0.9433333333333334,request_rescan,0.790366
2076,2076,0.9433333333333334,request_rescan,0.790682
2077,2077,0.9433333333333334,request_rescan,0.792052
2078,2078,0.9433333333333334,discard,0.792388
2079,2079,0.9433333333333334,request_rescan,0.792706
2080,2080,0.9433333333333334,discard,0.793034
2081,2081,0.9433333333333334,request_rescan,0.79463
2082,2082,0.9433333333333334,request_rescan,0.794966
2083,2083,0.9433333333333334,discard,0.795278
2084,2084,0.9433333333333334,request_rescan,0.795576
2085,2085,0.9433333333333334,request_rescan,0.796695
2086,2086,0.9433333333333334,discard,0.79688
2087,2087,0.76,request_rescan,0.797219
2088,2088,0.9433333333333334,request_rescan,0.797537
2089,2089,0.9433333333333334,request_rescan,0.798781
2090,2090,0.9433333333333334,request_rescan,0.799114
2091,2091,0.9433333333333334,request_rescan,0.799426
2092,2092,0.76,request_rescan,0.79973
2093,2093,0.9433333333333334,request_rescan,0.800899
2094,2094,0.9433333333333334,discard,0.801234
2095,2095,0.76,request_rescan,0.801543
2096,2096,0.9433333333333334,discard,0.801843
2097,2097,0.76,request_rescan,0.80312
2098,2098,0.76,request_rescan,0.803461
2099,2099,0.9433333333333334,request_rescan,0.803766
2100,2100,0.9433333333333334,discard,0.804064
2101,2101,0.9433333333333334,discard,0.805291
2102,2102,0.9433333333333334,discard,0.805621
2103,2103,0.9433333333333334,discard,0.805968
2104,2104,0.9433333333333334,request_rescan,0.806506
2105,2105,0.9433333333333334,request_rescan,0.807806
2106,2106,0.9433333333333334,discard,0.808157
2107,2107,0.76,request_rescan,0.808484
2108,2108,0.9433333333333334,request_rescan,0.808787
2109,2109,0.9433333333333334,discard,0.810255
2110,2110,0.9433333333333334,request_rescan,0.81057
2111,2111,0.9433333333333334,discard,0.810895
2112,2112,0.9433333333333334,request_rescan,0.811202
2113,2113,0.9433333333333334,request_rescan,0.812393
2114,2114,0.9433333333333334,request_rescan,0.812714
2115,2115,0.76,request_rescan,0.812892
2116,2116,0.9433333333333334,request_rescan,0.813209
2117,2117,0.9433333333333334,discard,0.814368
2118,2118,0.9433333333333334,discard,0.814732
2119,2119,0.9433333333333334,discard,0.815057
2120,2120,0.9433333333333334,request_rescan,0.815358
2121,2121,0.9433333333333334,request_rescan,0.81652
2122,2122,0.76,request_rescan,0.8167
2123,2123,0.9433333333333334,request_rescan,0.817034
2124,2124,0.9433333333333334,request_rescan,0.817343
2125,2125,0.9433333333333334,discard,0.818531
2126,2126,0.9433333333333334,request_rescan,0.818858
2127,2127,0.9433333333333334,discard,0.819178
2128,2128,0.9433333333333334,request_rescan,0.819478
2129,2129,0.9433333333333334,request_rescan,0.820632
2130,2130,0.9433333333333334,discard,0.820969
2131,2131,0.9433333333333334,discard,0.821278
2132,2132,0.9433333333333334,request_rescan,0.821578
2133,2133,0.9433333333333334,discard,0.82284
2134,2134,0.9433333333333334,request_rescan,0.823289
2135,2135,0.9433333333333334,discard,0.823887
2136,2136,0.9433333333333334,discard,0.824207
2137,2137,0.9433333333333334,discard,0.825419
2138,2138,0.9433333333333334,discard,0.825736
2139,2139,0.9433333333333334,request_rescan,0.826065
2140,2140,0.9433333333333334,discard,0.826368
2141,2141,0.9433333333333334,discard,0.827521
2142,2142,0.9433333333333334,request_rescan,0.827839
2143,2143,0.9433333333333334,discard,0.828179
2144,2144,0.9433333333333334,request_rescan,0.828488
2145,2145,0.9433333333333334,request_rescan,0.829645
2146,2146,0.76,discard,0.829987
2147,2147,0.9433333333333334,discard,0.830314
2148,2148,0.9433333333333334,request_rescan,0.830616
2149,2149,0.9433333333333334,discard,0.832169
2150,2150,0.9433333333333334,discard,0.832488
2151,2151,0.76,discard,0.832806
2152,2152,0.76,discard,0.833118
2153,2153,0.9433333333333334,discard,0.834295
2154,2154,0.76,discard,0.834624
2155,2155,0.9433333333333334,request_rescan,0.834933
2156,2156,0.76,discard,0.835228
2157,2157,0.76,log_and_continue,0.836282
2158,2158,0.9433333333333334,discard,0.836625
2159,2159,0.9433333333333334,request_rescan,0.836943
2160,2160,0.9433333333333334,request_rescan,0.837242
2161,2161,0.9433333333333334,discard,0.83829
2162,2162,0.9433333333333334,discard,0.838634
2163,2163,0.9433333333333334,discard,0.838945
2164,2164,0.9433333333333334,request_rescan,0.839273
2165,2165,0.9433333333333334,request_rescan,0.841194
2166,2166,0.9433333333333334,discard,0.841516
2167,2167,0.9433333333333334,discard,0.841821
2168,2168,0.9433333333333334,request_rescan,0.842136
2169,2169,0.9433333333333334,discard,0.843332
2170,2170,0.9433333333333334,discard,0.843645
2171,2171,0.9433333333333334,request_rescan,0.843969
2172,2172,0.9433333333333334,request_rescan,0.84427
2173,2173,0.9433333333333334,discard,0.845432
2174,2174,0.9433333333333334,request_rescan,0.845764
2175,2175,0.9433333333333334,discard,0.846097
2176,2176,0.9433333333333334,discard,0.846399
2177,2177,0.9433333333333334,request_rescan,0.847704
2178,2178,0.9433333333333334,discard,0.848083
2179,2179,0.9433333333333334,request_rescan,0.848391
2180,2180,0.9433333333333334,discard,0.848688
2181,2181,0.9433333333333334,discard,0.84987
2182,2182,0.9433333333333334,discard,0.850206
2183,2183,0.9433333333333334,request_rescan,0.850514
2184,2184,0.9433333333333334,request_rescan,0.850816
2185,2185,0.9433333333333334,request_rescan,0.851994
2186,2186,0.9433333333333334,request_rescan,0.852314
2187,2187,0.9433333333333334,request_rescan,0.852633
2188,2188,0.9433333333333334,request_rescan,0.852937
2189,2189,0.9433333333333334,request_rescan,0.853964
2190,2190,0.9433333333333334,discard,0.8543
2191,2191,0.6633333333333333,log_and_continue,0.854475
2192,2192,0.9433333333333334,request_rescan,0.854795
2193,2193,0.6633333333333333,log_and_continue,0.855924
2194,2194,0.9433333333333334,request_rescan,0.856342
2195,2195,0.9433333333333334,discard,0.856747
2196,2196,0.9433333333333334,request_rescan,0.857201
2197,2197,0.9433333333333334,discard,0.858549
2198,2198,0.9433333333333334,discard,0.858881
2199,2199,0.9433333333333334,request_rescan,0.859191
2200,2200,0.9433333333333334,request_rescan,0.859489
2201,2201,0.76,discard,0.860777
2202,2202,0.9433333333333334,request_rescan,0.861128
2203,2203,0.9433333333333334,request_rescan,0.861439
2204,2204,0.9433333333333334,discard,0.861739
2205,2205,0.9433333333333334,request_rescan,0.863274
2206,2206,0.9433333333333334,discard,0.863682
2207,2207,0.9433333333333334,request_rescan,0.864008
2208,2208,0.76,request_rescan,0.864178
2209,2209,0.9433333333333334,discard,0.865527
2210,2210,0.9433333333333334,discard,0.865857
2211,2211,0.9433333333333334,request_rescan,0.866182
2212,2212,0.9433333333333334,discard,0.866483
2213,2213,0.76,log_and_continue,0.867624
2214,2214,0.9433333333333334,discard,0.867968
2215,2215,0.9433333333333334,discard,0.868285
2216,2216,0.9433333333333334,discard,0.868588
2217,2217,0.9433333333333334,discard,0.869855
2218,2218,0.9433333333333334,request_rescan,0.870194
2219,2219,0.76,request_rescan,0.870363
2220,2220,0.9433333333333334,discard,0.87067
2221,2221,0.9433333333333334,discard,0.871882
2222,2222,0.9433333333333334,discard,0.872219
2223,2223,0.9433333333333334,discard,0.872528
2224,2224,0.9433333333333334,discard,0.872902
2225,2225,0.9433333333333334,discard,0.874456
2226,2226,0.9433333333333334,request_rescan,0.874783
2227,2227,0.9433333333333334,request_rescan,0.8751
2228,2228,0.9433333333333334,request_rescan,0.875408
2229,2229,0.9433333333333334,discard,0.876985
2230,2230,0.9433333333333334,discard,0.87739
2231,2231,0.9433333333333334,discard,0.87771
2232,2232,0.9433333333333334,request_rescan,0.878027
2233,2233,0.9433333333333334,request_rescan,0.879313
2234,2234,0.9433333333333334,request_rescan,0.879636
2235,2235,0.9433333333333334,discard,0.879946
2236,2236,0.9433333333333334,discard,0.880246
2237,2237,0.9433333333333334,request_rescan,0.881453
2238,2238,0.76,log_and_continue,0.881641
2239,2239,0.9433333333333334,discard,0.881987
2240,2240,0.9433333333333334,request_rescan,0.882302
2241,2241,0.9433333333333334,discard,0.88349
2242,2242,0.9433333333333334,discard,0.883818
2243,2243,0.9433333333333334,request_rescan,0.884142
2244,2244,0.9433333333333334,discard,0.88445
2245,2245,0.9433333333333334,discard,0.885647
2246,2246,0.9433333333333334,request_rescan,0.885987
2247,2247,0.9433333333333334,request_rescan,0.886296
2248,2248,0.9433333333333334,request_rescan,0.886595
2249,2249,0.9433333333333334,request_rescan,0.887767
2250,2250,0.9433333333333334,request_rescan,0.888107
2251,2251,0.9433333333333334,request_rescan,0.888429
2252,2252,0.9433333333333334,request_rescan,0.888743
2253,2253,0.9433333333333334,discard,0.890213
2254,2254,0.9433333333333334,request_rescan,0.890609
2255,2255,0.9433333333333334,discard,0.890932
2256,2256,0.9433333333333334,request_rescan,0.891238
2257,2257,0.9433333333333334,discard,0.892449
2258,2258,0.9433333333333334,request_rescan,0.892765
2259,2259,0.9433333333333334,request_rescan,0.89309
2260,2260,0.9433333333333334,discard,0.893392
2261,2261,0.9433333333333334,discard,0.894578
2262,2262,0.9433333333333334,discard,0.895151
2263,2263,0.9433333333333334,discard,0.895477
2264,2264,0.9433333333333334,request_rescan,0.895783
2265,2265,0.9433333333333334,request_rescan,0.896982
2266,2266,0.9433333333333334,request_rescan,0.897308
2267,2267,0.9433333333333334,request_rescan,0.897626
2268,2268,0.9433333333333334,request_rescan,0.897935
2269,2269,0.9433333333333334,discard,0.899102
2270,2270,0.9433333333333334,request_rescan,0.899439
2271,2271,0.9433333333333334,discard,0.89975
2272,2272,0.9433333333333334,discard,0.900053
2273,2273,0.9433333333333334,request_rescan,0.90122
2274,2274,0.9433333333333334,request_rescan,0.901557
2275,2275,0.9433333333333334,request_rescan,0.901875
2276,2276,0.9433333333333334,request_rescan,0.902181
2277,2277,0.9433333333333334,discard,0.903353
2278,2278,0.9433333333333334,discard,0.903687
2279,2279,0.9433333333333334,discard,0.903858
2280,2280,0.9433333333333334,discard,0.904165
2281,2281,0.9433333333333334,discard,0.905322
2282,2282,0.9433333333333334,discard,0.905658
2283,2283,0.76,discard,0.90583
2284,2284,0.9433333333333334,request_rescan,0.906209
2285,2285,0.9433333333333334,request_rescan,0.907807
2286,2286,0.9433333333333334,discard,0.908153
2287,2287,0.9433333333333334,request_rescan,0.908464
2288,2288,0.9433333333333334,discard,0.908761
2289,2289,0.9433333333333334,discard,0.909971
2290,2290,0.9433333333333334,discard,0.910309
2291,2291,0.9433333333333334,discard,0.910777
2292,2292,0.9433333333333334,request_rescan,0.911085
2293,2293,0.9433333333333334,discard,0.912256
2294,2294,0.9433333333333334,discard,0.912581
2295,2295,0.9433333333333334,request_rescan,0.912888
2296,2296,0.9433333333333334,request_rescan,0.913184
2297,2297,0.9433333333333334,request_rescan,0.914319
2298,2298,0.9433333333333334,discard,0.91464
2299,2299,0.9433333333333334,request_rescan,0.914967
2300,2300,0.9433333333333334,discard,0.915273
2301,2301,0.9433333333333334,discard,0.91649
2302,2302,0.9433333333333334,discard,0.916827
2303,2303,0.9433333333333334,discard,0.917141
2304,2304,0.9433333333333334,request_rescan,0.917435
2305,2305,0.9433333333333334,discard,0.918591
2306,2306,0.9433333333333334,request_rescan,0.918923
2307,2307,0.9433333333333334,discard,0.919228
2308,2308,0.9433333333333334,request_rescan,0.91952
2309,2309,0.9433333333333334,request_rescan,0.920674
2310,2310,0.9433333333333334,request_rescan,0.921013
2311,2311,0.9433333333333334,discard,0.921329
2312,2312,0.9433333333333334,discard,0.921635
2313,2313,0.9433333333333334,discard,0.923161
2314,2314,0.9433333333333334,discard,0.923688
2315,2315,0.9433333333333334,request_rescan,0.924021
2316,2316,0.9433333333333334,discard,0.924328
2317,2317,0.9433333333333334,discard,0.925758
2318,2318,0.9433333333333334,discard,0.926289
2319,2319,0.9433333333333334,request_rescan,0.92669
2320,2320,0.9433333333333334,discard,0.927025
2321,2321,0.6633333333333333,log_and_continue,0.928328
2322,2322,0.9433333333333334,discard,0.928678
2323,2323,0.9433333333333334,discard,0.928996
2324,2324,0.9433333333333334,request_rescan,0.929299
2325,2325,0.9433333333333334,discard,0.930611
2326,2326,0.9433333333333334,discard,0.93094
2327,2327,0.9433333333333334,request_rescan,0.931289
2328,2328,0.9433333333333334,request_rescan,0.931583
2329,2329,0.9433333333333334,discard,0.932928
2330,2330,0.9433333333333334,discard,0.933265
2331,2331,0.9433333333333334,discard,0.933579
2332,2332,0.9433333333333334,request_rescan,0.933884
2333,2333,0.9433333333333334,discard,0.935218
2334,2334,0.9433333333333334,request_rescan,0.935547
2335,2335,0.9433333333333334,discard,0.935853
2336,2336,0.9433333333333334,request_rescan,0.936155
2337,2337,0.9433333333333334,request_rescan,0.937478
2338,2338,0.9433333333333334,discard,0.937808
2339,2339,0.9433333333333334,discard,0.938128
2340,2340,0.9433333333333334,request_rescan,0.938425
2341,2341,0.9433333333333334,discard,0.940054
2342,2342,0.9433333333333334,request_rescan,0.940456
2343,2343,0.9433333333333334,discard,0.940764
2344,2344,0.9433333333333334,discard,0.941068
2345,2345,0.9433333333333334,discard,0.942475
2346,2346,0.9433333333333334,request_rescan,0.942804
2347,2347,0.9433333333333334,discard,0.943005
2348,2348,0.9433333333333334,request_rescan,0.943378
2349,2349,0.9433333333333334,discard,0.944693
2350,2350,0.9433333333333334,request_rescan,0.945025
2351,2351,0.9433333333333334,discard,0.945333
2352,2352,0.9433333333333334,discard,0.945632
2353,2353,0.9433333333333334,discard,0.946939
2354,2354,0.9433333333333334,request_rescan,0.947271
2355,2355,0.9433333333333334,request_rescan,0.94758
2356,2356,0.9433333333333334,discard,0.947919
2357,2357,0.9433333333333334,discard,0.949143
2358,2358,0.76,discard,0.949322
2359,2359,0.9433333333333334,discard,0.949653
2360,2360,0.9433333333333334,request_rescan,0.949963
2361,2361,0.9433333333333334,request_rescan,0.951287
2362,2362,0.9433333333333334,request_rescan,0.951613
2363,2363,0.9433333333333334,discard,0.951942
2364,2364,0.9433333333333334,discard,0.952243
2365,2365,0.9433333333333334,discard,0.953558
2366,2366,0.9433333333333334,discard,0.95389
2367,2367,0.9433333333333334,discard,0.954199
2368,2368,0.9433333333333334,discard,0.954492
2369,2369,0.9433333333333334,discard,0.955803
2370,2370,0.6633333333333333,log_and_continue,0.956021
2371,2371,0.9433333333333334,discard,0.956518
2372,2372,0.9433333333333334,request_rescan,0.957009
2373,2373,0.9433333333333334,request_rescan,0.958557
2374,2374,0.9433333333333334,discard,0.959108
2375,2375,0.9433333333333334,discard,0.959414
2376,2376,0.9433333333333334,request_rescan,0.959726
2377,2377,0.9433333333333334,discard,0.961075
2378,2378,0.9433333333333334,request_rescan,0.961395
2379,2379,0.9433333333333334,request_rescan,0.961706
2380,2380,0.9433333333333334,discard,0.962014
2381,2381,0.9433333333333334,discard,0.963455
2382,2382,0.9433333333333334,request_rescan,0.963775
2383,2383,0.9433333333333334,discard,0.964082
2384,2384,0.9433333333333334,discard,0.9644
2385,2385,0.9433333333333334,discard,0.965897
2386,2386,0.9433333333333334,request_rescan,0.966232
2387,2387,0.9433333333333334,request_rescan,0.966538
2388,2388,0.9433333333333334,request_rescan,0.966849
2389,2389,0.9433333333333334,request_rescan,0.968289
2390,2390,0.9433333333333334,request_rescan,0.968603
2391,2391,0.9433333333333334,request_rescan,0.968904
2392,2392,0.9433333333333334,request_rescan,0.969217
2393,2393,0.9433333333333334,request_rescan,0.970686
2394,2394,0.9433333333333334,request_rescan,0.971021
2395,2395,0.9433333333333334,request_rescan,0.971322
2396,2396,0.9433333333333334,request_rescan,0.971623
2397,2397,0.9433333333333334,request_rescan,0.973293
2398,2398,0.9433333333333334,request_rescan,0.973687
2399,2399,0.9433333333333334,request_rescan,0.974005
2400,2400,0.9433333333333334,discard,0.974322
2401,2401,0.9433333333333334,request_rescan,0.975831
2402,2402,0.9433333333333334,discard,0.97616
2403,2403,0.9433333333333334,request_rescan,0.976476
2404,2404,0.9433333333333334,discard,0.976776
2405,2405,0.9433333333333334,discard,0.978138
2406,2406,0.9433333333333334,request_rescan,0.978459
2407,2407,0.9433333333333334,request_rescan,0.978762
2408,2408,0.9433333333333334,request_rescan,0.979083
2409,2409,0.9433333333333334,discard,0.980735
2410,2410,0.9433333333333334,request_rescan,0.981121
2411,2411,0.9433333333333334,request_rescan,0.981291
2412,2412,0.9433333333333334,request_rescan,0.981611
2413,2413,0.9433333333333334,discard,0.983014
2414,2414,0.9433333333333334,request_rescan,0.983337
2415,2415,0.9433333333333334,discard,0.98364
2416,2416,0.9433333333333334,discard,0.983955
2417,2417,0.9433333333333334,discard,0.985255
2418,2418,0.9433333333333334,request_rescan,0.985573
2419,2419,0.9433333333333334,discard,0.985884
2420,2420,0.9433333333333334,discard,0.9862
2421,2421,0.9433333333333334,request_rescan,0.987497
2422,2422,0.9433333333333334,request_rescan,0.987812
2423,2423,0.9433333333333334,discard,0.988118
2424,2424,0.9433333333333334,request_rescan,0.988435
2425,2425,0.9433333333333334,discard,0.989636
2426,2426,0.9433333333333334,request_rescan,0.990174
2427,2427,0.9433333333333334,request_rescan,0.990546
2428,2428,0.9433333333333334,request_rescan,0.990848
2429,2429,0.9433333333333334,request_rescan,0.992099
2430,2430,0.9433333333333334,request_rescan,0.992436
2431,2431,0.9433333333333334,discard,0.992746
2432,2432,0.9433333333333334,discard,0.993068
2433,2433,0.9433333333333334,request_rescan,0.994304
2434,2434,0.9433333333333334,request_rescan,0.994625
2435,2435,0.9433333333333334,request_rescan,0.994928
2436,2436,0.9433333333333334,discard,0.995238
2437,2437,0.9433333333333334,discard,0.99644
2438,2438,0.9433333333333334,discard,0.996761
2439,2439,0.9433333333333334,request_rescan,0.997098
2440,2440,0.9433333333333334,request_rescan,0.997619
2441,2441,0.9433333333333334,request_rescan,0.998841
2442,2442,0.9433333333333334,request_rescan,0.999172
2443,2443,0.9433333333333334,discard,0.999489
2444,2444,0.9433333333333334,request_rescan,0.99979
2445,2445,0.9433333333333334,discard,1.000984
2446,2446,0.9433333333333334,request_rescan,1.001167
2447,2447,0.9433333333333334,discard,1.001489
2448,2448,0.9433333333333334,request_rescan,1.001651
2449,2449,0.9433333333333334,discard,1.002922
2450,2450,0.9433333333333334,request_rescan,1.003255
2451,2451,0.9433333333333334,discard,1.003559
2452,2452,0.76,discard,1.003855
2453,2453,0.9433333333333334,discard,1.005231
2454,2454,0.9433333333333334,discard,1.005564
2455,2455,0.9433333333333334,discard,1.00592
2456,2456,0.9433333333333334,discard,1.006457
2457,2457,0.9433333333333334,discard,1.007874
2458,2458,0.76,discard,1.008202
2459,2459,0.76,request_rescan,1.008373
2460,2460,0.9433333333333334,request_rescan,1.008684
2461,2461,0.9433333333333334,request_rescan,1.010043
2462,2462,0.9433333333333334,discard,1.010373
2463,2463,0.9433333333333334,discard,1.010678
2464,2464,0.9433333333333334,request_rescan,1.010979
2465,2465,0.9433333333333334,discard,1.012339
2466,2466,0.76,discard,1.012519
2467,2467,0.9433333333333334,request_rescan,1.013158
2468,2468,0.9433333333333334,request_rescan,1.013464
2469,2469,0.9433333333333334,request_rescan,1.014869
2470,2470,0.9433333333333334,request_rescan,1.015201
2471,2471,0.76,discard,1.015366
2472,2472,0.9433333333333334,request_rescan,1.015687
2473,2473,0.9433333333333334,request_rescan,1.017013
2474,2474,0.9433333333333334,request_rescan,1.017354
2475,2475,0.9433333333333334,discard,1.017664
2476,2476,0.9433333333333334,discard,1.017828
2477,2477,0.9433333333333334,request_rescan,1.019147
2478,2478,0.9433333333333334,discard,1.019479
2479,2479,0.9433333333333334,discard,1.019787
2480,2480,0.9433333333333334,request_rescan,1.020087
2481,2481,0.9433333333333334,discard,1.021415
2482,2482,0.76,discard,1.021747
2483,2483,0.9433333333333334,discard,1.022073
2484,2484,0.9433333333333334,discard,1.022371
2485,2485,0.76,discard,1.02396
2486,2486,0.76,discard,1.024286
2487,2487,0.9433333333333334,discard,1.024449
2488,2488,0.9433333333333334,discard,1.024749
2489,2489,0.9433333333333334,request_rescan,1.026065
2490,2490,0.9433333333333334,discard,1.026397
2491,2491,0.9433333333333334,discard,1.0267
2492,2492,0.9433333333333334,discard,1.027001
2493,2493,0.9433333333333334,request_rescan,1.028409
2494,2494,0.9433333333333334,request_rescan,1.02892
2495,2495,0.9433333333333334,discard,1.02924
2496,2496,0.9433333333333334,discard,1.029542
2497,2497,0.9433333333333334,request_rescan,1.030914
2498,2498,0.9433333333333334,discard,1.031284
2499,2499,0.9433333333333334,discard,1.031606
2500,2500,0.9433333333333334,discard,1.03191
2501,2501,0.9433333333333334,request_rescan,1.033297
2502,2502,0.9433333333333334,discard,1.033615
2503,2503,0.9433333333333334,request_rescan,1.033933
2504,2504,0.9433333333333334,discard,1.034238
2505,2505,0.9433333333333334,request_rescan,1.035742
2506,2506,0.9433333333333334,discard,1.036069
2507,2507,0.9433333333333334,request_rescan,1.036372
2508,2508,0.9433333333333334,discard,1.036679
2509,2509,0.9433333333333334,request_rescan,1.038103
2510,2510,0.9433333333333334,discard,1.038428
2511,2511,0.9433333333333334,discard,1.038734
2512,2512,0.9433333333333334,discard,1.03905
2513,2513,0.9433333333333334,discard,1.040536
2514,2514,0.9433333333333334,discard,1.040866
2515,2515,0.9433333333333334,request_rescan,1.041187
2516,2516,0.9433333333333334,discard,1.041485
2517,2517,0.9433333333333334,request_rescan,1.042867
2518,2518,0.9433333333333334,discard,1.043196
2519,2519,0.9433333333333334,discard,1.043513
2520,2520,0.9433333333333334,request_rescan,1.043835
2521,2521,0.9433333333333334,discard,1.045309
2522,2522,0.76,discard,1.045626
2523,2523,0.9433333333333334,discard,1.045932
2524,2524,0.76,discard,1.04625
2525,2525,0.9433333333333334,discard,1.04757
2526,2526,0.9433333333333334,request_rescan,1.047894
2527,2527,0.76,discard,1.048203
2528,2528,0.9433333333333334,discard,1.048518
2529,2529,0.9433333333333334,request_rescan,1.049715
2530,2530,0.9433333333333334,discard,1.050037
2531,2531,0.9433333333333334,discard,1.050344
2532,2532,0.9433333333333334,discard,1.050657
2533,2533,0.76,discard,1.051877
2534,2534,0.9433333333333334,request_rescan,1.052204
2535,2535,0.9433333333333334,discard,1.052523
2536,2536,0.9433333333333334,request_rescan,1.052832
2537,2537,0.9433333333333334,request_rescan,1.054
2538,2538,0.9433333333333334,discard,1.05432
2539,2539,0.9433333333333334,discard,1.054633
2540,2540,0.9433333333333334,request_rescan,1.054936
2541,2541,0.9433333333333334,request_rescan,1.056194
2542,2542,0.9433333333333334,request_rescan,1.056576
2543,2543,0.9433333333333334,discard,1.056959
2544,2544,0.9433333333333334,request_rescan,1.05726
2545,2545,0.9433333333333334,discard,1.0584
2546,2546,0.9433333333333334,discard,1.058718
2547,2547,0.9433333333333334,request_rescan,1.059052
2548,2548,0.9433333333333334,request_rescan,1.05937
2549,2549,0.9433333333333334,discard,1.060737
2550,2550,0.9433333333333334,request_rescan,1.061069
2551,2551,0.9433333333333334,request_rescan,1.061391
2552,2552,0.9433333333333334,discard,1.06169
2553,2553,0.9433333333333334,discard,1.062906
2554,2554,0.9433333333333334,discard,1.063246
2555,2555,0.9433333333333334,discard,1.063562
2556,2556,0.9433333333333334,discard,1.063872
2557,2557,0.9433333333333334,discard,1.065107
2558,2558,0.9433333333333334,discard,1.065441
2559,2559,0.9433333333333334,discard,1.065746
2560,2560,0.9433333333333334,request_rescan,1.06605
2561,2561,0.9433333333333334,discard,1.067243
2562,2562,0.9433333333333334,discard,1.067575
2563,2563,0.9433333333333334,discard,1.067888
2564,2564,0.9433333333333334,discard,1.068186
2565,2565,0.9433333333333334,discard,1.069411
2566,2566,0.9433333333333334,request_rescan,1.069741
2567,2567,0.9433333333333334,request_rescan,1.070052
2568,2568,0.9433333333333334,request_rescan,1.070354
2569,2569,0.9433333333333334,discard,1.071561
2570,2570,0.9433333333333334,request_rescan,1.071891
2571,2571,0.9433333333333334,discard,1.072198
2572,2572,0.9433333333333334,discard,1.072496
2573,2573,0.9433333333333334,discard,1.074098
2574,2574,0.9433333333333334,request_rescan,1.074501
2575,2575,0.9433333333333334,discard,1.074809
2576,2576,0.9433333333333334,discard,1.075128
2577,2577,0.9433333333333334,request_rescan,1.07644
2578,2578,0.9433333333333334,request_rescan,1.076936
2579,2579,0.9433333333333334,request_rescan,1.077257
2580,2580,0.9433333333333334,discard,1.077561
2581,2581,0.9433333333333334,request_rescan,1.078908
2582,2582,0.9433333333333334,discard,1.079235
2583,2583,0.9433333333333334,discard,1.079539
2584,2584,0.9433333333333334,request_rescan,1.079833
2585,2585,0.9433333333333334,discard,1.08106
2586,2586,0.9433333333333334,request_rescan,1.081432
2587,2587,0.9433333333333334,discard,1.081738
2588,2588,0.9433333333333334,request_rescan,1.082048
2589,2589,0.9433333333333334,request_rescan,1.083271
2590,2590,0.9433333333333334,request_rescan,1.083608
2591,2591,0.9433333333333334,request_rescan,1.083921
2592,2592,0.9433333333333334,request_rescan,1.08422
2593,2593,0.9433333333333334,request_rescan,1.0854
2594,2594,0.9433333333333334,request_rescan,1.085727
2595,2595,0.9433333333333334,discard,1.085917
2596,2596,0.9433333333333334,request_rescan,1.086231
2597,2597,0.9433333333333334,discard,1.087566
2598,2598,0.9433333333333334,request_rescan,1.0879
2599,2599,0.9433333333333334,request_rescan,1.088205
2600,2600,0.9433333333333334,discard,1.0885
2601,2601,0.9433333333333334,request_rescan,1.089993
2602,2602,0.9433333333333334,request_rescan,1.090508
2603,2603,0.9433333333333334,discard,1.090825
2604,2604,0.9433333333333334,discard,1.091142
2605,2605,0.9433333333333334,discard,1.092714
2606,2606,0.9433333333333334,request_rescan,1.093047
2607,2607,0.9433333333333334,request_rescan,1.093352
2608,2608,0.9433333333333334,discard,1.093644
2609,2609,0.9433333333333334,discard,1.094866
2610,2610,0.9433333333333334,discard,1.095196
2611,2611,0.9433333333333334,discard,1.095499
2612,2612,0.9433333333333334,discard,1.095794
2613,2613,0.9433333333333334,request_rescan,1.096998
2614,2614,0.9433333333333334,request_rescan,1.097323
2615,2615,0.9433333333333334,request_rescan,1.097642
2616,2616,0.9433333333333334,request_rescan,1.097948
2617,2617,0.9433333333333334,request_rescan,1.099121
2618,2618,0.9433333333333334,discard,1.099439
2619,2619,0.9433333333333334,request_rescan,1.099751
2620,2620,0.9433333333333334,request_rescan,1.100058
2621,2621,0.9433333333333334,request_rescan,1.101226
2622,2622,0.9433333333333334,request_rescan,1.101548
2623,2623,0.9433333333333334,request_rescan,1.101853
2624,2624,0.9433333333333334,request_rescan,1.102153
2625,2625,0.9433333333333334,request_rescan,1.103368
2626,2626,0.9433333333333334,discard,1.103706
2627,2627,0.9433333333333334,discard,1.104027
2628,2628,0.9433333333333334,discard,1.10434
2629,2629,0.9433333333333334,request_rescan,1.105726
2630,2630,0.9433333333333334,request_rescan,1.106121
2631,2631,0.9433333333333334,discard,1.106588
2632,2632,0.9433333333333334,discard,1.106957
2633,2633,0.9433333333333334,discard,1.108599
2634,2634,0.9433333333333334,discard,1.108938
2635,2635,0.9433333333333334,request_rescan,1.109254
2636,2636,0.9433333333333334,request_rescan,1.10956
2637,2637,0.9433333333333334,request_rescan,1.111048
2638,2638,0.9433333333333334,request_rescan,1.111369
2639,2639,0.9433333333333334,discard,1.111669
2640,2640,0.9433333333333334,request_rescan,1.111983
2641,2641,0.76,discard,1.113471
2642,2642,0.9433333333333334,discard,1.113791
2643,2643,0.9433333333333334,discard,1.114107
2644,2644,0.9433333333333334,discard,1.114418
2645,2645,0.9433333333333334,discard,1.115921
2646,2646,0.9433333333333334,discard,1.116244
2647,2647,0.9433333333333334,request_rescan,1.116551
2648,2648,0.9433333333333334,request_rescan,1.116864
2649,2649,0.76,discard,1.118348
2650,2650,0.9433333333333334,request_rescan,1.118663
2651,2651,0.76,discard,1.118966
2652,2652,0.9433333333333334,discard,1.119133
2653,2653,0.9433333333333334,discard,1.12066
2654,2654,0.9433333333333334,request_rescan,1.120983
2655,2655,0.9433333333333334,request_rescan,1.121297
2656,2656,0.9433333333333334,request_rescan,1.121612
2657,2657,0.9433333333333334,request_rescan,1.123279
2658,2658,0.9433333333333334,request_rescan,1.123666
2659,2659,0.9433333333333334,request_rescan,1.123974
2660,2660,0.9433333333333334,discard,1.124297
2661,2661,0.9433333333333334,discard,1.125808
2662,2662,0.9433333333333334,request_rescan,1.126133
2663,2663,0.9433333333333334,request_rescan,1.12644
2664,2664,0.9433333333333334,discard,1.126746
2665,2665,0.9433333333333334,discard,1.128313
2666,2666,0.9433333333333334,request_rescan,1.128632
2667,2667,0.9433333333333334,discard,1.128938
2668,2668,0.9433333333333334,request_rescan,1.129255
2669,2669,0.9433333333333334,request_rescan,1.130732
2670,2670,0.9433333333333334,discard,1.131215
2671,2671,0.9433333333333334,discard,1.131577
2672,2672,0.9433333333333334,request_rescan,1.131904
2673,2673,0.9433333333333334,request_rescan,1.133587
2674,2674,0.9433333333333334,discard,1.133925
2675,2675,0.9433333333333334,request_rescan,1.134252
2676,2676,0.9433333333333334,request_rescan,1.134559
2677,2677,0.76,request_rescan,1.136075
2678,2678,0.76,request_rescan,1.136401
2679,2679,0.9433333333333334,request_rescan,1.136715
2680,2680,0.76,request_rescan,1.137025
2681,2681,0.9433333333333334,request_rescan,1.138543
2682,2682,0.9433333333333334,discard,1.138874
2683,2683,0.9433333333333334,request_rescan,1.139239
2684,2684,0.9433333333333334,discard,1.139795
2685,2685,0.9433333333333334,discard,1.142121
2686,2686,0.76,request_rescan,1.142436
2687,2687,0.9433333333333334,request_rescan,1.143008
2688,2688,0.9433333333333334,request_rescan,1.143556
2689,2689,0.9433333333333334,discard,1.145602
2690,2690,0.9433333333333334,request_rescan,1.145953
2691,2691,0.9433333333333334,request_rescan,1.146286
2692,2692,0.9433333333333334,request_rescan,1.146614
2693,2693,0.9433333333333334,request_rescan,1.148223
2694,2694,0.9433333333333334,discard,1.148565
2695,2695,0.9433333333333334,discard,1.148887
2696,2696,0.9433333333333334,request_rescan,1.149206
2697,2697,0.9433333333333334,discard,1.150799
2698,2698,0.9433333333333334,discard,1.151159
2699,2699,0.9433333333333334,request_rescan,1.151484
2700,2700,0.9433333333333334,request_rescan,1.151799
2701,2701,0.9433333333333334,request_rescan,1.153374
2702,2702,0.9433333333333334,request_rescan,1.153726
2703,2703,0.9433333333333334,request_rescan,1.154063
2704,2704,0.9433333333333334,discard,1.154381
2705,2705,0.9433333333333334,request_rescan,1.15602
2706,2706,0.9433333333333334,discard,1.156532
2707,2707,0.9433333333333334,discard,1.156937
2708,2708,0.9433333333333334,discard,1.157264
2709,2709,0.9433333333333334,request_rescan,1.15884
2710,2710,0.9433333333333334,discard,1.159206
2711,2711,0.9433333333333334,request_rescan,1.159527
2712,2712,0.9433333333333334,discard,1.159842
2713,2713,0.9433333333333334,request_rescan,1.161354
2714,2714,0.9433333333333334,discard,1.16169
2715,2715,0.9433333333333334,request_rescan,1.162019
2716,2716,0.9433333333333334,request_rescan,1.162334
2717,2717,0.9433333333333334,request_rescan,1.164039
2718,2718,0.9433333333333334,discard,1.164475
2719,2719,0.9433333333333334,request_rescan,1.164795
2720,2720,0.9433333333333334,request_rescan,1.165124
2721,2721,0.9433333333333334,request_rescan,1.16671
2722,2722,0.9433333333333334,request_rescan,1.167071
2723,2723,0.9433333333333334,request_rescan,1.167395
2724,2724,0.9433333333333334,request_rescan,1.167703
2725,2725,0.9433333333333334,request_rescan,1.169263
2726,2726,0.9433333333333334,request_rescan,1.169608
2727,2727,0.9433333333333334,request_rescan,1.169935
2728,2728,0.9433333333333334,request_rescan,1.170249
2729,2729,0.9433333333333334,request_rescan,1.171852
2730,2730,0.9433333333333334,discard,1.172046
2731,2731,0.9433333333333334,discard,1.172392
2732,2732,0.9433333333333334,discard,1.172821
2733,2733,0.9433333333333334,discard,1.174739
2734,2734,0.9433333333333334,discard,1.17509
2735,2735,0.9433333333333334,discard,1.175412
2736,2736,0.9433333333333334,discard,1.175716
2737,2737,0.9433333333333334,request_rescan,1.17732
2738,2738,0.9433333333333334,discard,1.177662
2739,2739,0.9433333333333334,request_rescan,1.177993
2740,2740,0.9433333333333334,request_rescan,1.178313
2741,2741,0.9433333333333334,request_rescan,1.180116
2742,2742,0.9433333333333334,discard,1.180463
2743,2743,0.9433333333333334,request_rescan,1.180777
2744,2744,0.9433333333333334,discard,1.181096
2745,2745,0.9433333333333334,request_rescan,1.182705
2746,2746,0.9433333333333334,request_rescan,1.18306
2747,2747,0.9433333333333334,discard,1.183386
2748,2748,0.9433333333333334,discard,1.183697
2749,2749,0.9433333333333334,discard,1.185276
2750,2750,0.76,discard,1.185464
2751,2751,0.9433333333333334,request_rescan,1.185799
2752,2752,0.9433333333333334,discard,1.18622
2753,2753,0.9433333333333334,request_rescan,1.187832
2754,2754,0.9433333333333334,request_rescan,1.188183
2755,2755,0.9433333333333334,discard,1.188498
2756,2756,0.9433333333333334,request_rescan,1.188797
2757,2757,0.9433333333333334,request_rescan,1.190501
2758,2758,0.6633333333333333,log_and_continue,1.190686
2759,2759,0.9433333333333334,request_rescan,1.191024
2760,2760,0.9433333333333334,request_rescan,1.191339
2761,2761,0.9433333333333334,discard,1.192855
2762,2762,0.9433333333333334,discard,1.193195
2763,2763,0.9433333333333334,discard,1.19351
2764,2764,0.9433333333333334,discard,1.193813
2765,2765,0.9433333333333334,request_rescan,1.195682
2766,2766,0.9433333333333334,request_rescan,1.196026
2767,2767,0.9433333333333334,discard,1.196337
2768,2768,0.9433333333333334,request_rescan,1.196638
2769,2769,0.9433333333333334,discard,1.198346
2770,2770,0.9433333333333334,request_rescan,1.198685
2771,2771,0.9433333333333334,discard,1.199003
2772,2772,0.9433333333333334,request_rescan,1.199306
2773,2773,0.9433333333333334,discard,1.201051
2774,2774,0.9433333333333334,request_rescan,1.201392
2775,2775,0.9433333333333334,request_rescan,1.201708
2776,2776,0.9433333333333334,request_rescan,1.202013
2777,2777,0.9433333333333334,request_rescan,1.203669
2778,2778,0.9433333333333334,request_rescan,1.204009
2779,2779,0.9433333333333334,discard,1.204341
2780,2780,0.9433333333333334,discard,1.204649
2781,2781,0.9433333333333334,request_rescan,1.205994
2782,2782,0.9433333333333334,request_rescan,1.206512
2783,2783,0.9433333333333334,request_rescan,1.206892
2784,2784,0.76,discard,1.207062
2785,2785,0.9433333333333334,discard,1.20829
2786,2786,0.9433333333333334,discard,1.208621
2787,2787,0.9433333333333334,request_rescan,1.208934
2788,2788,0.9433333333333334,request_rescan,1.209237
2789,2789,0.9433333333333334,request_rescan,1.210423
2790,2790,0.76,request_rescan,1.210612
2791,2791,0.9433333333333334,request_rescan,1.210953
2792,2792,0.9433333333333334,discard,1.21128
2793,2793,0.9433333333333334,request_rescan,1.212694
2794,2794,0.9433333333333334,discard,1.213028
2795,2795,0.9433333333333334,request_rescan,1.213338
2796,2796,0.9433333333333334,discard,1.213637
2797,2797,0.9433333333333334,request_rescan,1.214849
2798,2798,0.9433333333333334,discard,1.215173
2799,2799,0.9433333333333334,discard,1.215492
2800,2800,0.9433333333333334,discard,1.215794
2801,2801,0.9433333333333334,request_rescan,1.21712
2802,2802,0.9433333333333334,discard,1.217443
2803,2803,0.76,log_and_continue,1.217617
2804,2804,0.9433333333333334,discard,1.21794
2805,2805,0.9433333333333334,request_rescan,1.219115
2806,2806,0.9433333333333334,discard,1.219448
2807,2807,0.9433333333333334,discard,1.219757
2808,2808,0.9433333333333334,discard,1.22006
2809,2809,0.9433333333333334,discard,1.221235
2810,2810,0.9433333333333334,discard,1.221571
2811,2811,0.9433333333333334,request_rescan,1.221881
2812,2812,0.9433333333333334,discard,1.222046
2813,2813,0.9433333333333334,discard,1.223574
2814,2814,0.9433333333333334,request_rescan,1.223992
2815,2815,0.76,log_and_continue,1.224164
2816,2816,0.9433333333333334,discard,1.22448
2817,2817,0.9433333333333334,request_rescan,1.225788
2818,2818,0.9433333333333334,discard,1.226129
2819,2819,0.9433333333333334,discard,1.22645
2820,2820,0.9433333333333334,request_rescan,1.226763
2821,2821,0.76,discard,1.228174
2822,2822,0.9433333333333334,discard,1.228506
2823,2823,0.9433333333333334,request_rescan,1.228813
2824,2824,0.76,discard,1.229119
2825,2825,0.9433333333333334,discard,1.230326
2826,2826,0.76,discard,1.230663
2827,2827,0.9433333333333334,request_rescan,1.230984
2828,2828,0.9433333333333334,request_rescan,1.231284
2829,2829,0.9433333333333334,request_rescan,1.232442
2830,2830,0.9433333333333334,request_rescan,1.232775
2831,2831,0.9433333333333334,discard,1.233096
2832,2832,0.76,discard,1.233407
2833,2833,0.9433333333333334,discard,1.234617
2834,2834,0.76,discard,1.235028
2835,2835,0.9433333333333334,discard,1.235387
2836,2836,0.76,discard,1.235714
2837,2837,0.9433333333333334,discard,1.236993
2838,2838,0.9433333333333334,request_rescan,1.237321
2839,2839,0.9433333333333334,discard,1.237637
2840,2840,0.9433333333333334,discard,1.237944
2841,2841,0.76,discard,1.239224
2842,2842,0.76,discard,1.239589
2843,2843,0.9433333333333334,discard,1.240181
2844,2844,0.76,discard,1.240695
2845,2845,0.9433333333333334,discard,1.241993
2846,2846,0.9433333333333334,discard,1.242324
2847,2847,0.9433333333333334,discard,1.242645
2848,2848,0.9433333333333334,request_rescan,1.242961
2849,2849,0.9433333333333334,request_rescan,1.244445
2850,2850,0.9433333333333334,request_rescan,1.244852
2851,2851,0.9433333333333334,discard,1.245177
2852,2852,0.9433333333333334,discard,1.245479
2853,2853,0.9433333333333334,discard,1.246699
2854,2854,0.9433333333333334,discard,1.247035
2855,2855,0.9433333333333334,request_rescan,1.247346
2856,2856,0.9433333333333334,discard,1.247645
2857,2857,0.9433333333333334,request_rescan,1.248884
2858,2858,0.9433333333333334,request_rescan,1.249228
2859,2859,0.9433333333333334,discard,1.249544
2860,2860,0.9433333333333334,discard,1.249848
2861,2861,0.9433333333333334,request_rescan,1.251138
2862,2862,0.9433333333333334,discard,1.251461
2863,2863,0.9433333333333334,request_rescan,1.251779
2864,2864,0.9433333333333334,request_rescan,1.25209
2865,2865,0.9433333333333334,request_rescan,1.253258
2866,2866,0.9433333333333334,discard,1.253588
2867,2867,0.9433333333333334,discard,1.253899
2868,2868,0.9433333333333334,discard,1.254203
2869,2869,0.9433333333333334,request_rescan,1.255442
2870,2870,0.9433333333333334,discard,1.255774
2871,2871,0.9433333333333334,request_rescan,1.256099
2872,2872,0.9433333333333334,request_rescan,1.256516
2873,2873,0.76,request_rescan,1.257857
2874,2874,0.9433333333333334,request_rescan,1.258206
2875,2875,0.76,request_rescan,1.258517
2876,2876,0.9433333333333334,request_rescan,1.258818
2877,2877,0.9433333333333334,request_rescan,1.26021
2878,2878,0.9433333333333334,request_rescan,1.26054
2879,2879,0.9433333333333334,discard,1.260845
2880,2880,0.6633333333333333,log_and_continue,1.261019
2881,2881,0.9433333333333334,request_rescan,1.262209
2882,2882,0.9433333333333334,discard,1.262388
2883,2883,0.9433333333333334,discard,1.262714
2884,2884,0.9433333333333334,request_rescan,1.263026
2885,2885,0.9433333333333334,request_rescan,1.264254
2886,2886,0.9433333333333334,request_rescan,1.264576
2887,2887,0.9433333333333334,discard,1.264903
2888,2888,0.9433333333333334,request_rescan,1.265209
2889,2889,0.9433333333333334,discard,1.266441
2890,2890,0.9433333333333334,request_rescan,1.266788
2891,2891,0.9433333333333334,request_rescan,1.267182
2892,2892,0.9433333333333334,request_rescan,1.267531
2893,2893,0.9433333333333334,discard,1.268805
2894,2894,0.9433333333333334,request_rescan,1.269133
2895,2895,0.9433333333333334,request_rescan,1.269436
2896,2896,0.9433333333333334,discard,1.269736
2897,2897,0.9433333333333334,request_rescan,1.270971
2898,2898,0.9433333333333334,request_rescan,1.271295
2899,2899,0.76,request_rescan,1.271607
2900,2900,0.9433333333333334,discard,1.27193
2901,2901,0.9433333333333334,discard,1.273111
2902,2902,0.9433333333333334,discard,1.273726
2903,2903,0.9433333333333334,request_rescan,1.274139
2904,2904,0.9433333333333334,request_rescan,1.274452
2905,2905,0.9433333333333334,discard,1.275787
2906,2906,0.9433333333333334,discard,1.276128
2907,2907,0.9433333333333334,request_rescan,1.276461
2908,2908,0.9433333333333334,request_rescan,1.276852
2909,2909,0.9433333333333334,request_rescan,1.278194
2910,2910,0.9433333333333334,discard,1.278518
2911,2911,0.9433333333333334,discard,1.278832
2912,2912,0.9433333333333334,discard,1.279146
2913,2913,0.9433333333333334,discard,1.280337
2914,2914,0.9433333333333334,request_rescan,1.280673
2915,2915,0.9433333333333334,discard,1.280988
2916,2916,0.9433333333333334,request_rescan,1.281332
2917,2917,0.9433333333333334,request_rescan,1.282585
2918,2918,0.9433333333333334,discard,1.282933
2919,2919,0.9433333333333334,discard,1.283254
2920,2920,0.9433333333333334,discard,1.28356
2921,2921,0.9433333333333334,request_rescan,1.284784
2922,2922,0.9433333333333334,request_rescan,1.285126
2923,2923,0.9433333333333334,request_rescan,1.285438
2924,2924,0.9433333333333334,request_rescan,1.285741
2925,2925,0.9433333333333334,discard,1.286963
2926,2926,0.9433333333333334,discard,1.287287
2927,2927,0.9433333333333334,discard,1.287592
2928,2928,0.9433333333333334,request_rescan,1.287899
2929,2929,0.9433333333333334,request_rescan,1.289169
2930,2930,0.9433333333333334,discard,1.289602
2931,2931,0.9433333333333334,request_rescan,1.290001
2932,2932,0.9433333333333334,discard,1.290386
2933,2933,0.9433333333333334,discard,1.29205
2934,2934,0.9433333333333334,request_rescan,1.292374
2935,2935,0.9433333333333334,request_rescan,1.292679
2936,2936,0.9433333333333334,discard,1.29299
2937,2937,0.9433333333333334,request_rescan,1.294148
2938,2938,0.9433333333333334,request_rescan,1.294481
2939,2939,0.9433333333333334,discard,1.294794
2940,2940,0.9433333333333334,request_rescan,1.295114
2941,2941,0.9433333333333334,request_rescan,1.296338
2942,2942,0.76,request_rescan,1.296516
2943,2943,0.9433333333333334,discard,1.296851
2944,2944,0.9433333333333334,discard,1.297177
2945,2945,0.9433333333333334,discard,1.298441
2946,2946,0.76,log_and_continue,1.298629
2947,2947,0.9433333333333334,discard,1.298964
2948,2948,0.9433333333333334,discard,1.299281
2949,2949,0.9433333333333334,discard,1.300604
2950,2950,0.9433333333333334,discard,1.300941
2951,2951,0.9433333333333334,discard,1.301247
2952,2952,0.9433333333333334,request_rescan,1.301544
2953,2953,0.9433333333333334,discard,1.302826
2954,2954,0.9433333333333334,request_rescan,1.303175
2955,2955,0.9433333333333334,discard,1.303349
2956,2956,0.9433333333333334,request_rescan,1.303662
2957,2957,0.9433333333333334,discard,1.304904
2958,2958,0.76,request_rescan,1.305088
2959,2959,0.9433333333333334,discard,1.305411
2960,2960,0.9433333333333334,request_rescan,1.305711
2961,2961,0.9433333333333334,request_rescan,1.307179
2962,2962,0.9433333333333334,discard,1.307499
2963,2963,0.9433333333333334,request_rescan,1.307811
2964,2964,0.9433333333333334,request_rescan,1.308123
2965,2965,0.9433333333333334,discard,1.309363
2966,2966,0.9433333333333334,discard,1.309695
2967,2967,0.9433333333333334,request_rescan,1.310007
2968,2968,0.9433333333333334,discard,1.310317
2969,2969,0.9433333333333334,discard,1.311527
2970,2970,0.9433333333333334,request_rescan,1.311847
2971,2971,0.9433333333333334,request_rescan,1.31216
2972,2972,0.9433333333333334,discard,1.31249
2973,2973,0.9433333333333334,request_rescan,1.313909
2974,2974,0.9433333333333334,discard,1.314233
2975,2975,0.9433333333333334,request_rescan,1.314547
2976,2976,0.9433333333333334,request_rescan,1.314847
2977,2977,0.9433333333333334,discard,1.316013
2978,2978,0.9433333333333334,request_rescan,1.316346
2979,2979,0.9433333333333334,request_rescan,1.316515
2980,2980,0.9433333333333334,request_rescan,1.316818
2981,2981,0.9433333333333334,request_rescan,1.317892
2982,2982,0.9433333333333334,request_rescan,1.318241
2983,2983,0.9433333333333334,request_rescan,1.318568
2984,2984,0.9433333333333334,discard,1.318874
2985,2985,0.9433333333333334,discard,1.320031
2986,2986,0.76,discard,1.320215
2987,2987,0.9433333333333334,request_rescan,1.320541
2988,2988,0.9433333333333334,discard,1.32085
2989,2989,0.9433333333333334,discard,1.322008
2990,2990,0.9433333333333334,discard,1.322328
2991,2991,0.9433333333333334,request_rescan,1.322646
2992,2992,0.9433333333333334,request_rescan,1.323175
2993,2993,0.9433333333333334,discard,1.324392
2994,2994,0.9433333333333334,discard,1.324713
2995,2995,0.9433333333333334,discard,1.325039
2996,2996,0.9433333333333334,discard,1.325341
2997,2997,0.9433333333333334,request_rescan,1.326518
2998,2998,0.9433333333333334,request_rescan,1.32684
2999,2999,0.9433333333333334,request_rescan,1.327162
3000,3000,0.9433333333333334,discard,1.327458
3001,3001,0.9433333333333334,discard,1.328958
3002,3002,0.9433333333333334,request_rescan,1.329286
3003,3003,0.9433333333333334,request_rescan,1.329593
3004,3004,0.9433333333333334,discard,1.3299
3005,3005,0.9433333333333334,discard,1.331075
3006,3006,0.9433333333333334,discard,1.331403
3007,3007,0.9433333333333334,request_rescan,1.331705
3008,3008,0.9433333333333334,discard,1.332055
3009,3009,0.9433333333333334,request_rescan,1.333358
3010,3010,0.9433333333333334,discard,1.333708
3011,3011,0.9433333333333334,discard,1.334022
3012,3012,0.9433333333333334,request_rescan,1.334355
3013,3013,0.9433333333333334,discard,1.335573
3014,3014,0.9433333333333334,discard,1.335914
3015,3015,0.9433333333333334,discard,1.336227
3016,3016,0.9433333333333334,request_rescan,1.336522
3017,3017,0.9433333333333334,request_rescan,1.337748
3018,3018,0.9433333333333334,discard,1.338099
3019,3019,0.9433333333333334,discard,1.338408
3020,3020,0.9433333333333334,request_rescan,1.338712
3021,3021,0.9433333333333334,discard,1.340244
3022,3022,0.9433333333333334,request_rescan,1.340645
3023,3023,0.9433333333333334,discard,1.340968
3024,3024,0.9433333333333334,request_rescan,1.341141
3025,3025,0.9433333333333334,discard,1.34236
3026,3026,0.9433333333333334,discard,1.342687
3027,3027,0.9433333333333334,discard,1.342997
3028,3028,0.9433333333333334,discard,1.343295
3029,3029,0.9433333333333334,request_rescan,1.344511
3030,3030,0.9433333333333334,request_rescan,1.345089
3031,3031,0.9433333333333334,discard,1.3454
3032,3032,0.76,request_rescan,1.345571
3033,3033,0.9433333333333334,discard,1.34679
3034,3034,0.9433333333333334,request_rescan,1.347125
3035,3035,0.9433333333333334,discard,1.347429
3036,3036,0.9433333333333334,request_rescan,1.347735
3037,3037,0.9433333333333334,discard,1.348975
3038,3038,0.9433333333333334,discard,1.349308
3039,3039,0.9433333333333334,request_rescan,1.349626
3040,3040,0.9433333333333334,discard,1.34993
3041,3041,0.9433333333333334,discard,1.351105
3042,3042,0.9433333333333334,request_rescan,1.351435
3043,3043,0.9433333333333334,request_rescan,1.351743
3044,3044,0.9433333333333334,request_rescan,1.352045
3045,3045,0.9433333333333334,request_rescan,1.353218
3046,3046,0.9433333333333334,discard,1.353549
3047,3047,0.9433333333333334,discard,1.353857
3048,3048,0.9433333333333334,discard,1.354166
3049,3049,0.9433333333333334,discard,1.355354
3050,3050,0.9433333333333334,request_rescan,1.355683
3051,3051,0.9433333333333334,discard,1.356023
3052,3052,0.9433333333333334,discard,1.356533
3053,3053,0.9433333333333334,discard,1.35794
3054,3054,0.9433333333333334,discard,1.358272
3055,3055,0.9433333333333334,request_rescan,1.358592
3056,3056,0.9433333333333334,request_rescan,1.358908
3057,3057,0.9433333333333334,request_rescan,1.360319
3058,3058,0.9433333333333334,discard,1.360649
3059,3059,0.9433333333333334,discard,1.360961
3060,3060,0.9433333333333334,request_rescan,1.361259
3061,3061,0.9433333333333334,discard,1.362474
3062,3062,0.9433333333333334,request_rescan,1.362799
3063,3063,0.9433333333333334,request_rescan,1.363126
3064,3064,0.9433333333333334,discard,1.363429
3065,3065,0.9433333333333334,request_rescan,1.364698
3066,3066,0.9433333333333334,request_rescan,1.365041
3067,3067,0.9433333333333334,request_rescan,1.365368
3068,3068,0.9433333333333334,request_rescan,1.365672
3069,3069,0.9433333333333334,request_rescan,1.366829
3070,3070,0.9433333333333334,request_rescan,1.367182
3071,3071,0.9433333333333334,request_rescan,1.367487
3072,3072,0.9433333333333334,request_rescan,1.367779
3073,3073,0.9433333333333334,request_rescan,1.368997
3074,3074,0.9433333333333334,discard,1.369185
3075,3075,0.9433333333333334,request_rescan,1.369508
3076,3076,0.9433333333333334,discard,1.369808
3077,3077,0.9433333333333334,discard,1.371027
3078,3078,0.9433333333333334,request_rescan,1.37136
3079,3079,0.9433333333333334,discard,1.371666
3080,3080,0.9433333333333334,request_rescan,1.371976
3081,3081,0.9433333333333334,request_rescan,1.373474
3082,3082,0.9433333333333334,discard,1.373877
3083,3083,0.9433333333333334,request_rescan,1.374196
3084,3084,0.76,request_rescan,1.374368
3085,3085,0.9433333333333334,request_rescan,1.376067
3086,3086,0.9433333333333334,request_rescan,1.376402
3087,3087,0.9433333333333334,discard,1.376576
3088,3088,0.9433333333333334,discard,1.376894
3089,3089,0.9433333333333334,discard,1.378228
3090,3090,0.9433333333333334,discard,1.378543
3091,3091,0.9433333333333334,discard,1.378845
3092,3092,0.9433333333333334,request_rescan,1.379154
3093,3093,0.9433333333333334,request_rescan,1.380451
3094,3094,0.9433333333333334,discard,1.380765
3095,3095,0.9433333333333334,discard,1.381081
3096,3096,0.76,discard,1.381256
3097,3097,0.9433333333333334,discard,1.382619
3098,3098,0.9433333333333334,discard,1.382943
3099,3099,0.9433333333333334,request_rescan,1.383256
3100,3100,0.9433333333333334,discard,1.383571
3101,3101,0.9433333333333334,request_rescan,1.384921
3102,3102,0.9433333333333334,request_rescan,1.385252
3103,3103,0.9433333333333334,discard,1.385573
3104,3104,0.9433333333333334,request_rescan,1.385878
3105,3105,0.9433333333333334,discard,1.387188
3106,3106,0.9433333333333334,request_rescan,1.387502
3107,3107,0.9433333333333334,discard,1.387817
3108,3108,0.9433333333333334,discard,1.388124
3109,3109,0.9433333333333334,discard,1.389291
3110,3110,0.9433333333333334,discard,1.389798
3111,3111,0.9433333333333334,discard,1.390316
3112,3112,0.9433333333333334,discard,1.39068
3113,3113,0.9433333333333334,request_rescan,1.391905
3114,3114,0.9433333333333334,request_rescan,1.392237
3115,3115,0.9433333333333334,request_rescan,1.392549
3116,3116,0.9433333333333334,discard,1.392842
3117,3117,0.9433333333333334,discard,1.394042
3118,3118,0.9433333333333334,discard,1.394368
3119,3119,0.9433333333333334,request_rescan,1.394672
3120,3120,0.9433333333333334,discard,1.394971
3121,3121,0.9433333333333334,request_rescan,1.396166
3122,3122,0.9433333333333334,request_rescan,1.396514
3123,3123,0.9433333333333334,request_rescan,1.396822
3124,3124,0.9433333333333334,discard,1.397128
3125,3125,0.9433333333333334,request_rescan,1.398551
3126,3126,0.9433333333333334,discard,1.398899
3127,3127,0.9433333333333334,discard,1.399204
3128,3128,0.9433333333333334,request_rescan,1.3995
3129,3129,0.9433333333333334,request_rescan,1.400608
3130,3130,0.9433333333333334,request_rescan,1.400954
3131,3131,0.9433333333333334,request_rescan,1.401268
3132,3132,0.9433333333333334,request_rescan,1.401568
3133,3133,0.9433333333333334,request_rescan,1.40274
3134,3134,0.9433333333333334,request_rescan,1.403071
3135,3135,0.9433333333333334,discard,1.403379
3136,3136,0.9433333333333334,request_rescan,1.403673
3137,3137,0.9433333333333334,discard,1.40482
3138,3138,0.9433333333333334,request_rescan,1.405425
3139,3139,0.9433333333333334,discard,1.405749
3140,3140,0.9433333333333334,discard,1.406185
3141,3141,0.9433333333333334,request_rescan,1.407889
3142,3142,0.9433333333333334,discard,1.408209
3143,3143,0.9433333333333334,discard,1.408512
3144,3144,0.9433333333333334,request_rescan,1.408823
3145,3145,0.9433333333333334,discard,1.410179
3146,3146,0.9433333333333334,request_rescan,1.410497
3147,3147,0.9433333333333334,request_rescan,1.410806
3148,3148,0.9433333333333334,request_rescan,1.411129
3149,3149,0.9433333333333334,discard,1.412602
3150,3150,0.9433333333333334,discard,1.412994
3151,3151,0.9433333333333334,request_rescan,1.413308
3152,3152,0.9433333333333334,discard,1.41361
3153,3153,0.9433333333333334,discard,1.414989
3154,3154,0.9433333333333334,request_rescan,1.415311
3155,3155,0.9433333333333334,request_rescan,1.415616
3156,3156,0.9433333333333334,request_rescan,1.415945
3157,3157,0.9433333333333334,discard,1.417238
3158,3158,0.9433333333333334,discard,1.417558
3159,3159,0.9433333333333334,discard,1.417863
3160,3160,0.9433333333333334,request_rescan,1.418184
3161,3161,0.9433333333333334,discard,1.419402
3162,3162,0.9433333333333334,request_rescan,1.419719
3163,3163,0.9433333333333334,request_rescan,1.420035
3164,3164,0.9433333333333334,discard,1.420348
3165,3165,0.9433333333333334,discard,1.421681
3166,3166,0.9433333333333334,request_rescan,1.422009
3167,3167,0.9433333333333334,request_rescan,1.422311
3168,3168,0.9433333333333334,request_rescan,1.422645
3169,3169,0.6633333333333333,log_and_continue,1.424046
3170,3170,0.9433333333333334,request_rescan,1.424595
3171,3171,0.9433333333333334,request_rescan,1.424993
3172,3172,0.9433333333333334,request_rescan,1.425318
3173,3173,0.9433333333333334,discard,1.426679
3174,3174,0.9433333333333334,request_rescan,1.427001
3175,3175,0.9433333333333334,request_rescan,1.427312
3176,3176,0.9433333333333334,request_rescan,1.427617
3177,3177,0.9433333333333334,discard,1.428974
3178,3178,0.9433333333333334,request_rescan,1.4293
3179,3179,0.9433333333333334,request_rescan,1.429608
3180,3180,0.9433333333333334,request_rescan,1.429928
3181,3181,0.9433333333333334,discard,1.431308
3182,3182,0.9433333333333334,request_rescan,1.431633
3183,3183,0.9433333333333334,discard,1.431938
3184,3184,0.9433333333333334,request_rescan,1.432248
3185,3185,0.9433333333333334,discard,1.433532
3186,3186,0.9433333333333334,request_rescan,1.433849
3187,3187,0.9433333333333334,request_rescan,1.434162
3188,3188,0.9433333333333334,request_rescan,1.434474
3189,3189,0.9433333333333334,discard,1.435641
3190,3190,0.9433333333333334,discard,1.435973
3191,3191,0.9433333333333334,discard,1.43628
3192,3192,0.9433333333333334,discard,1.436574
3193,3193,0.9433333333333334,request_rescan,1.437726
3194,3194,0.9433333333333334,discard,1.438071
3195,3195,0.9433333333333334,discard,1.438381
3196,3196,0.9433333333333334,discard,1.438675
3197,3197,0.9433333333333334,discard,1.440139
3198,3198,0.9433333333333334,discard,1.440534
3199,3199,0.9433333333333334,discard,1.440841
3200,3200,0.9433333333333334,request_rescan,1.44114
3201,3201,0.9433333333333334,discard,1.44233
3202,3202,0.9433333333333334,discard,1.442657
3203,3203,0.76,log_and_continue,1.44283
3204,3204,0.9433333333333334,discard,1.443138
3205,3205,0.9433333333333334,request_rescan,1.444526
3206,3206,0.9433333333333334,discard,1.44487
3207,3207,0.9433333333333334,discard,1.445188
3208,3208,0.9433333333333334,discard,1.4455
3209,3209,0.9433333333333334,discard,1.447156
3210,3210,0.9433333333333334,request_rescan,1.447483
3211,3211,0.9433333333333334,request_rescan,1.447842
3212,3212,0.9433333333333334,discard,1.44816
3213,3213,0.9433333333333334,request_rescan,1.449496
3214,3214,0.9433333333333334,request_rescan,1.449811
3215,3215,0.9433333333333334,request_rescan,1.450132
3216,3216,0.9433333333333334,discard,1.450443
3217,3217,0.9433333333333334,request_rescan,1.451755
3218,3218,0.9433333333333334,request_rescan,1.45208
3219,3219,0.9433333333333334,request_rescan,1.452395
3220,3220,0.9433333333333334,discard,1.452704
3221,3221,0.9433333333333334,discard,1.454038
3222,3222,0.9433333333333334,request_rescan,1.454363
3223,3223,0.9433333333333334,discard,1.454681
3224,3224,0.9433333333333334,request_rescan,1.455008
3225,3225,0.9433333333333334,request_rescan,1.456345
3226,3226,0.9433333333333334,request_rescan,1.456938
3227,3227,0.9433333333333334,request_rescan,1.457261
3228,3228,0.9433333333333334,discard,1.457563
3229,3229,0.9433333333333334,request_rescan,1.458889
3230,3230,0.9433333333333334,discard,1.45921
3231,3231,0.9433333333333334,request_rescan,1.459519
3232,3232,0.9433333333333334,request_rescan,1.459831
3233,3233,0.9433333333333334,discard,1.461189
3234,3234,0.9433333333333334,request_rescan,1.461592
3235,3235,0.9433333333333334,request_rescan,1.461976
3236,3236,0.9433333333333334,request_rescan,1.462281
3237,3237,0.76,request_rescan,1.463537
3238,3238,0.9433333333333334,discard,1.463873
3239,3239,0.76,request_rescan,1.464183
3240,3240,0.9433333333333334,discard,1.46452
3241,3241,0.76,request_rescan,1.465737
3242,3242,0.76,request_rescan,1.466065
3243,3243,0.9433333333333334,request_rescan,1.466381
3244,3244,0.9433333333333334,request_rescan,1.466678
3245,3245,0.9433333333333334,request_rescan,1.46791
3246,3246,0.9433333333333334,discard,1.468233
3247,3247,0.9433333333333334,discard,1.468537
3248,3248,0.9433333333333334,request_rescan,1.468831
3249,3249,0.9433333333333334,request_rescan,1.470158
3250,3250,0.9433333333333334,discard,1.470481
3251,3251,0.9433333333333334,discard,1.470794
3252,3252,0.9433333333333334,request_rescan,1.471159
3253,3253,0.9433333333333334,request_rescan,1.472485
3254,3254,0.9433333333333334,request_rescan,1.472852
3255,3255,0.9433333333333334,discard,1.473448
3256,3256,0.9433333333333334,discard,1.474051
3257,3257,0.9433333333333334,discard,1.475443
3258,3258,0.9433333333333334,request_rescan,1.475768
3259,3259,0.76,request_rescan,1.475948
3260,3260,0.9433333333333334,discard,1.476263
3261,3261,0.9433333333333334,discard,1.477531
3262,3262,0.9433333333333334,discard,1.477848
3263,3263,0.9433333333333334,request_rescan,1.478161
3264,3264,0.9433333333333334,discard,1.478474
3265,3265,0.9433333333333334,discard,1.479747
3266,3266,0.9433333333333334,request_rescan,1.480082
3267,3267,0.9433333333333334,discard,1.480646
3268,3268,0.9433333333333334,discard,1.480967
3269,3269,0.6633333333333333,log_and_continue,1.482149
3270,3270,0.9433333333333334,request_rescan,1.4825
3271,3271,0.9433333333333334,discard,1.482814
3272,3272,0.9433333333333334,discard,1.483116
3273,3273,0.9433333333333334,discard,1.484279
3274,3274,0.9433333333333334,request_rescan,1.484607
3275,3275,0.9433333333333334,discard,1.484912
3276,3276,0.9433333333333334,discard,1.485211
3277,3277,0.9433333333333334,discard,1.486398
3278,3278,0.9433333333333334,discard,1.486737
3279,3279,0.9433333333333334,discard,1.487057
3280,3280,0.9433333333333334,request_rescan,1.48736
3281,3281,0.9433333333333334,discard,1.488631
3282,3282,0.9433333333333334,request_rescan,1.488961
3283,3283,0.9433333333333334,request_rescan,1.489283
3284,3284,0.76,request_rescan,1.489458
3285,3285,0.9433333333333334,request_rescan,1.490985
3286,3286,0.9433333333333334,request_rescan,1.491324
3287,3287,0.9433333333333334,request_rescan,1.491653
3288,3288,0.9433333333333334,discard,1.491972
3289,3289,0.9433333333333334,discard,1.49373
3290,3290,0.9433333333333334,request_rescan,1.494076
3291,3291,0.6633333333333333,log_and_continue,1.494246
3292,3292,0.9433333333333334,discard,1.494558
3293,3293,0.9433333333333334,request_rescan,1.495935
3294,3294,0.9433333333333334,request_rescan,1.49627
3295,3295,0.9433333333333334,request_rescan,1.496577
3296,3296,0.9433333333333334,request_rescan,1.496883
3297,3297,0.9433333333333334,discard,1.498253
3298,3298,0.76,request_rescan,1.498437
3299,3299,0.9433333333333334,discard,1.498763
3300,3300,0.9433333333333334,discard,1.499075
3301,3301,0.9433333333333334,discard,1.50047
3302,3302,0.9433333333333334,request_rescan,1.500808
3303,3303,0.9433333333333334,discard,1.501137
3304,3304,0.9433333333333334,request_rescan,1.501446
3305,3305,0.9433333333333334,discard,1.502854
3306,3306,0.9433333333333334,request_rescan,1.503197
3307,3307,0.9433333333333334,request_rescan,1.503509
3308,3308,0.9433333333333334,discard,1.503807
3309,3309,0.9433333333333334,request_rescan,1.505084
3310,3310,0.9433333333333334,request_rescan,1.505418
3311,3311,0.9433333333333334,discard,1.505725
3312,3312,0.9433333333333334,request_rescan,1.506111
3313,3313,0.9433333333333334,request_rescan,1.507478
3314,3314,0.9433333333333334,discard,1.507809
3315,3315,0.9433333333333334,discard,1.508131
3316,3316,0.9433333333333334,request_rescan,1.508439
3317,3317,0.9433333333333334,request_rescan,1.509609
3318,3318,0.9433333333333334,request_rescan,1.509934
3319,3319,0.9433333333333334,discard,1.510251
3320,3320,0.9433333333333334,request_rescan,1.51056
3321,3321,0.9433333333333334,discard,1.513108
3322,3322,0.9433333333333334,request_rescan,1.513589
3323,3323,0.9433333333333334,request_rescan,1.513781
3324,3324,0.9433333333333334,request_rescan,1.514179
3325,3325,0.9433333333333334,request_rescan,1.516068
3326,3326,0.9433333333333334,request_rescan,1.516453
3327,3327,0.9433333333333334,discard,1.516814
3328,3328,0.9433333333333334,request_rescan,1.517174
3329,3329,0.9433333333333334,discard,1.519313
3330,3330,0.9433333333333334,request_rescan,1.519507
3331,3331,0.9433333333333334,request_rescan,1.519868
3332,3332,0.9433333333333334,discard,1.520202
3333,3333,0.9433333333333334,request_rescan,1.522188
3334,3334,0.9433333333333334,request_rescan,1.522573
3335,3335,0.9433333333333334,discard,1.522988
3336,3336,0.9433333333333334,request_rescan,1.523401
3337,3337,0.9433333333333334,discard,1.525495
3338,3338,0.9433333333333334,discard,1.52589
3339,3339,0.9433333333333334,discard,1.526239
3340,3340,0.9433333333333334,discard,1.526566
3341,3341,0.9433333333333334,discard,1.528615
3342,3342,0.9433333333333334,discard,1.529029
3343,3343,0.9433333333333334,discard,1.529386
3344,3344,0.9433333333333334,discard,1.529711
3345,3345,0.9433333333333334,discard,1.531635
3346,3346,0.9433333333333334,request_rescan,1.532015
3347,3347,0.9433333333333334,request_rescan,1.532366
3348,3348,0.9433333333333334,request_rescan,1.532693
3349,3349,0.9433333333333334,discard,1.53475
3350,3350,0.9433333333333334,request_rescan,1.535172
3351,3351,0.9433333333333334,request_rescan,1.535525
3352,3352,0.9433333333333334,discard,1.535865
3353,3353,0.76,request_rescan,1.539747
3354,3354,0.9433333333333334,request_rescan,1.540586
3355,3355,0.9433333333333334,request_rescan,1.541203
3356,3356,0.76,request_rescan,1.541794
3357,3357,0.9433333333333334,request_rescan,1.544444
3358,3358,0.76,request_rescan,1.544785
3359,3359,0.76,request_rescan,1.545112
3360,3360,0.76,request_rescan,1.545416
3361,3361,0.9433333333333334,request_rescan,1.547022
3362,3362,0.9433333333333334,request_rescan,1.547363
3363,3363,0.6633333333333333,log_and_continue,1.54754
3364,3364,0.9433333333333334,request_rescan,1.547855
3365,3365,0.76,request_rescan,1.549482
3366,3366,0.9433333333333334,request_rescan,1.549835
3367,3367,0.9433333333333334,request_rescan,1.550162
3368,3368,0.9433333333333334,request_rescan,1.550474
3369,3369,0.9433333333333334,request_rescan,1.552154
3370,3370,0.9433333333333334,request_rescan,1.552514
3371,3371,0.9433333333333334,discard,1.552849
3372,3372,0.76,log_and_continue,1.55303
3373,3373,0.9433333333333334,discard,1.554844
3374,3374,0.9433333333333334,request_rescan,1.555221
3375,3375,0.9433333333333334,discard,1.555607
3376,3376,0.9433333333333334,request_rescan,1.555793
3377,3377,0.9433333333333334,discard,1.557759
3378,3378,0.9433333333333334,discard,1.558124
3379,3379,0.76,discard,1.558312
3380,3380,0.9433333333333334,discard,1.55866
3381,3381,0.9433333333333334,request_rescan,1.560563
3382,3382,0.9433333333333334,discard,1.56093
3383,3383,0.9433333333333334,discard,1.561272
3384,3384,0.9433333333333334,request_rescan,1.561449
3385,3385,0.9433333333333334,request_rescan,1.563159
3386,3386,0.9433333333333334,request_rescan,1.563496
3387,3387,0.9433333333333334,discard,1.563816
3388,3388,0.9433333333333334,discard,1.564138
3389,3389,0.9433333333333334,discard,1.565732
3390,3390,0.9433333333333334,request_rescan,1.566087
3391,3391,0.9433333333333334,request_rescan,1.566404
3392,3392,0.9433333333333334,request_rescan,1.56671
3393,3393,0.9433333333333334,discard,1.568541
3394,3394,0.9433333333333334,discard,1.568958
3395,3395,0.9433333333333334,discard,1.569134
3396,3396,0.9433333333333334,request_rescan,1.569454
3397,3397,0.9433333333333334,request_rescan,1.571046
3398,3398,0.9433333333333334,request_rescan,1.571383
3399,3399,0.76,discard,1.571555
3400,3400,0.9433333333333334,discard,1.571866
3401,3401,0.9433333333333334,request_rescan,1.573475
3402,3402,0.9433333333333334,request_rescan,1.573814
3403,3403,0.9433333333333334,discard,1.574131
3404,3404,0.9433333333333334,discard,1.574432
3405,3405,0.9433333333333334,request_rescan,1.576021
3406,3406,0.9433333333333334,discard,1.576593
3407,3407,0.9433333333333334,discard,1.57691
3408,3408,0.76,discard,1.577077
3409,3409,0.9433333333333334,request_rescan,1.578714
3410,3410,0.9433333333333334,discard,1.579035
3411,3411,0.9433333333333334,request_rescan,1.579342
3412,3412,0.9433333333333334,discard,1.579652
3413,3413,0.9433333333333334,request_rescan,1.581035
3414,3414,0.76,request_rescan,1.581218
3415,3415,0.9433333333333334,request_rescan,1.581545
3416,3416,0.9433333333333334,discard,1.581855
3417,3417,0.9433333333333334,discard,1.583258
3418,3418,0.9433333333333334,discard,1.583583
3419,3419,0.9433333333333334,discard,1.584037
3420,3420,0.9433333333333334,request_rescan,1.584542
3421,3421,0.9433333333333334,discard,1.58607
3422,3422,0.9433333333333334,request_rescan,1.586397
3423,3423,0.9433333333333334,discard,1.586704
3424,3424,0.9433333333333334,discard,1.587018
3425,3425,0.9433333333333334,request_rescan,1.588624
3426,3426,0.9433333333333334,request_rescan,1.588948
3427,3427,0.9433333333333334,request_rescan,1.589257
3428,3428,0.9433333333333334,request_rescan,1.589574
3429,3429,0.9433333333333334,discard,1.590979
3430,3430,0.9433333333333334,discard,1.591303
3431,3431,0.9433333333333334,request_rescan,1.591608
3432,3432,0.9433333333333334,discard,1.591929
3433,3433,0.9433333333333334,request_rescan,1.593312
3434,3434,0.9433333333333334,discard,1.593632
3435,3435,0.9433333333333334,discard,1.593946
3436,3436,0.9433333333333334,request_rescan,1.594257
3437,3437,0.9433333333333334,request_rescan,1.595654
3438,3438,0.9433333333333334,request_rescan,1.595976
3439,3439,0.9433333333333334,discard,1.59628
3440,3440,0.9433333333333334,request_rescan,1.59659
3441,3441,0.9433333333333334,request_rescan,1.59792
3442,3442,0.9433333333333334,discard,1.598247
3443,3443,0.9433333333333334,request_rescan,1.598553
3444,3444,0.9433333333333334,request_rescan,1.598868
3445,3445,0.9433333333333334,request_rescan,1.600207
3446,3446,0.9433333333333334,request_rescan,1.600526
3447,3447,0.9433333333333334,request_rescan,1.600849
3448,3448,0.9433333333333334,discard,1.601199
3449,3449,0.9433333333333334,request_rescan,1.602799
3450,3450,0.9433333333333334,request_rescan,1.603129
3451,3451,0.9433333333333334,request_rescan,1.603445
3452,3452,0.9433333333333334,request_rescan,1.603742
3453,3453,0.9433333333333334,request_rescan,1.604914
3454,3454,0.9433333333333334,request_rescan,1.605242
3455,3455,0.9433333333333334,discard,1.605807
3456,3456,0.9433333333333334,discard,1.606118
3457,3457,0.9433333333333334,discard,1.6074
3458,3458,0.9433333333333334,discard,1.607719
3459,3459,0.9433333333333334,discard,1.608043
3460,3460,0.9433333333333334,request_rescan,1.608348
3461,3461,0.9433333333333334,discard,1.609663
3462,3462,0.9433333333333334,request_rescan,1.609983
3463,3463,0.9433333333333334,discard,1.610308
3464,3464,0.9433333333333334,discard,1.610607
3465,3465,0.9433333333333334,discard,1.611959
3466,3466,0.9433333333333334,request_rescan,1.612282
3467,3467,0.9433333333333334,request_rescan,1.612588
3468,3468,0.9433333333333334,discard,1.6129
3469,3469,0.9433333333333334,request_rescan,1.61423
3470,3470,0.9433333333333334,request_rescan,1.614593
3471,3471,0.9433333333333334,discard,1.614907
3472,3472,0.9433333333333334,request_rescan,1.615231
3473,3473,0.9433333333333334,discard,1.616545
3474,3474,0.9433333333333334,request_rescan,1.616874
3475,3475,0.9433333333333334,discard,1.617184
3476,3476,0.9433333333333334,request_rescan,1.617498
3477,3477,0.9433333333333334,discard,1.61907
3478,3478,0.9433333333333334,request_rescan,1.619394
3479,3479,0.9433333333333334,request_rescan,1.619716
3480,3480,0.9433333333333334,request_rescan,1.620021
3481,3481,0.9433333333333334,request_rescan,1.621411
3482,3482,0.9433333333333334,request_rescan,1.621998
3483,3483,0.9433333333333334,discard,1.622313
3484,3484,0.9433333333333334,discard,1.62263
3485,3485,0.9433333333333334,discard,1.624045
3486,3486,0.9433333333333334,discard,1.624364
3487,3487,0.9433333333333334,discard,1.624547
3488,3488,0.9433333333333334,discard,1.624857
3489,3489,0.9433333333333334,discard,1.626104
3490,3490,0.9433333333333334,discard,1.626432
3491,3491,0.9433333333333334,request_rescan,1.626746
3492,3492,0.9433333333333334,discard,1.627052
3493,3493,0.9433333333333334,request_rescan,1.628252
3494,3494,0.9433333333333334,request_rescan,1.628569
3495,3495,0.9433333333333334,discard,1.628887
3496,3496,0.6633333333333333,log_and_continue,1.629054
3497,3497,0.9433333333333334,request_rescan,1.630273
3498,3498,0.9433333333333334,discard,1.63059
3499,3499,0.9433333333333334,request_rescan,1.630909
3500,3500,0.9433333333333334,discard,1.631254
3501,3501,0.9433333333333334,request_rescan,1.632448
3502,3502,0.9433333333333334,request_rescan,1.632799
3503,3503,0.9433333333333334,request_rescan,1.633124
3504,3504,0.9433333333333334,discard,1.633425
3505,3505,0.9433333333333334,request_rescan,1.634726
3506,3506,0.9433333333333334,discard,1.635139
3507,3507,0.9433333333333334,request_rescan,1.635544
3508,3508,0.9433333333333334,request_rescan,1.635847
3509,3509,0.9433333333333334,discard,1.637078
3510,3510,0.9433333333333334,discard,1.637405
3511,3511,0.9433333333333334,request_rescan,1.637713
3512,3512,0.9433333333333334,request_rescan,1.638018
3513,3513,0.9433333333333334,request_rescan,1.639286
3514,3514,0.9433333333333334,discard,1.639615
3515,3515,0.9433333333333334,request_rescan,1.639924
3516,3516,0.6633333333333333,log_and_continue,1.64009
3517,3517,0.9433333333333334,request_rescan,1.641286
3518,3518,0.9433333333333334,discard,1.641611
3519,3519,0.9433333333333334,discard,1.641921
3520,3520,0.9433333333333334,discard,1.642216
3521,3521,0.9433333333333334,request_rescan,1.643405
3522,3522,0.9433333333333334,request_rescan,1.643738
3523,3523,0.9433333333333334,discard,1.644061
3524,3524,0.9433333333333334,request_rescan,1.644357
3525,3525,0.9433333333333334,request_rescan,1.645612
3526,3526,0.9433333333333334,discard,1.645948
3527,3527,0.9433333333333334,request_rescan,1.646262
3528,3528,0.9433333333333334,request_rescan,1.646563
3529,3529,0.9433333333333334,request_rescan,1.647968
3530,3530,0.9433333333333334,request_rescan,1.648303
3531,3531,0.9433333333333334,discard,1.648614
3532,3532,0.9433333333333334,discard,1.648924
3533,3533,0.9433333333333334,request_rescan,1.650292
3534,3534,0.9433333333333334,discard,1.650621
3535,3535,0.9433333333333334,discard,1.650946
3536,3536,0.9433333333333334,discard,1.651385
3537,3537,0.9433333333333334,discard,1.652877
3538,3538,0.9433333333333334,discard,1.653059
3539,3539,0.9433333333333334,request_rescan,1.653385
3540,3540,0.9433333333333334,request_rescan,1.653734
3541,3541,0.9433333333333334,discard,1.655308
3542,3542,0.9433333333333334,request_rescan,1.65564
3543,3543,0.9433333333333334,discard,1.655808
3544,3544,0.9433333333333334,request_rescan,1.656143
3545,3545,0.9433333333333334,request_rescan,1.657497
3546,3546,0.6633333333333333,log_and_continue,1.657682
3547,3547,0.9433333333333334,request_rescan,1.658019
3548,3548,0.9433333333333334,discard,1.658331
3549,3549,0.9433333333333334,request_rescan,1.659758
3550,3550,0.9433333333333334,request_rescan,1.660112
3551,3551,0.9433333333333334,request_rescan,1.660429
3552,3552,0.76,request_rescan,1.660727
3553,3553,0.9433333333333334,discard,1.662108
3554,3554,0.9433333333333334,request_rescan,1.662442
3555,3555,0.76,request_rescan,1.662752
3556,3556,0.76,request_rescan,1.663071
3557,3557,0.76,request_rescan,1.664367
3558,3558,0.76,request_rescan,1.664732
3559,3559,0.9433333333333334,request_rescan,1.665054
3560,3560,0.9433333333333334,request_rescan,1.665358
3561,3561,0.9433333333333334,request_rescan,1.666727
3562,3562,0.9433333333333334,request_rescan,1.667063
3563,3563,0.9433333333333334,request_rescan,1.667387
3564,3564,0.76,request_rescan,1.66773
3565,3565,0.9433333333333334,request_rescan,1.669401
3566,3566,0.9433333333333334,request_rescan,1.669741
3567,3567,0.9433333333333334,discard,1.670084
3568,3568,0.76,request_rescan,1.670387
3569,3569,0.76,request_rescan,1.671813
3570,3570,0.9433333333333334,request_rescan,1.672205
3571,3571,0.9433333333333334,request_rescan,1.672687
3572,3572,0.76,request_rescan,1.67301
3573,3573,0.9433333333333334,discard,1.674412
3574,3574,0.9433333333333334,request_rescan,1.674746
3575,3575,0.9433333333333334,request_rescan,1.675067
3576,3576,0.9433333333333334,discard,1.675377
3577,3577,0.9433333333333334,discard,1.676794
3578,3578,0.9433333333333334,discard,1.677266
3579,3579,0.9433333333333334,request_rescan,1.677593
3580,3580,0.9433333333333334,request_rescan,1.677903
3581,3581,0.9433333333333334,discard,1.679369
3582,3582,0.9433333333333334,request_rescan,1.679687
3583,3583,0.9433333333333334,request_rescan,1.680011
3584,3584,0.9433333333333334,discard,1.680315
3585,3585,0.9433333333333334,request_rescan,1.681749
3586,3586,0.9433333333333334,discard,1.68209
3587,3587,0.9433333333333334,discard,1.682399
3588,3588,0.9433333333333334,request_rescan,1.682721
3589,3589,0.9433333333333334,request_rescan,1.68406
3590,3590,0.9433333333333334,request_rescan,1.684434
3591,3591,0.9433333333333334,discard,1.684943
3592,3592,0.9433333333333334,request_rescan,1.685516
3593,3593,0.9433333333333334,request_rescan,1.687033
3594,3594,0.9433333333333334,request_rescan,1.687352
3595,3595,0.9433333333333334,request_rescan,1.687663
3596,3596,0.76,discard,1.687988
3597,3597,0.9433333333333334,discard,1.689539
3598,3598,0.76,discard,1.689854
3599,3599,0.76,discard,1.690176
3600,3600,0.9433333333333334,discard,1.690493
3601,3601,0.9433333333333334,discard,1.691908
3602,3602,0.9433333333333334,discard,1.69223
3603,3603,0.9433333333333334,discard,1.692534
3604,3604,0.9433333333333334,request_rescan,1.692845
3605,3605,0.9433333333333334,request_rescan,1.694261
3606,3606,0.9433333333333334,request_rescan,1.694578
3607,3607,0.9433333333333334,request_rescan,1.694887
3608,3608,0.9433333333333334,discard,1.695203
3609,3609,0.9433333333333334,request_rescan,1.696538
3610,3610,0.9433333333333334,discard,1.69687
3611,3611,0.9433333333333334,discard,1.697184
3612,3612,0.9433333333333334,request_rescan,1.697499
3613,3613,0.9433333333333334,request_rescan,1.698995
3614,3614,0.9433333333333334,request_rescan,1.699312
3615,3615,0.9433333333333334,request_rescan,1.699611
3616,3616,0.9433333333333334,request_rescan,1.699927
3617,3617,0.9433333333333334,request_rescan,1.70131
3618,3618,0.9433333333333334,discard,1.701757
3619,3619,0.9433333333333334,request_rescan,1.702176
3620,3620,0.9433333333333334,request_rescan,1.702477
3621,3621,0.9433333333333334,request_rescan,1.703898
3622,3622,0.9433333333333334,discard,1.704219
3623,3623,0.76,log_and_continue,1.704397
3624,3624,0.9433333333333334,request_rescan,1.704713
3625,3625,0.9433333333333334,discard,1.706181
3626,3626,0.9433333333333334,discard,1.706499
3627,3627,0.9433333333333334,discard,1.7068
3628,3628,0.9433333333333334,discard,1.707116
3629,3629,0.9433333333333334,request_rescan,1.708323
3630,3630,0.9433333333333334,discard,1.708639
3631,3631,0.9433333333333334,request_rescan,1.708952
3632,3632,0.9433333333333334,request_rescan,1.709265
3633,3633,0.9433333333333334,request_rescan,1.710459
3634,3634,0.9433333333333334,discard,1.710775
3635,3635,0.9433333333333334,discard,1.711089
3636,3636,0.9433333333333334,request_rescan,1.711404
3637,3637,0.9433333333333334,discard,1.712901
3638,3638,0.9433333333333334,discard,1.713218
3639,3639,0.9433333333333334,request_rescan,1.713533
3640,3640,0.9433333333333334,discard,1.713829
3641,3641,0.9433333333333334,request_rescan,1.715333
3642,3642,0.9433333333333334,request_rescan,1.715648
3643,3643,0.9433333333333334,discard,1.715956
3644,3644,0.9433333333333334,discard,1.716278
3645,3645,0.9433333333333334,discard,1.717662
3646,3646,0.9433333333333334,request_rescan,1.718045
3647,3647,0.9433333333333334,request_rescan,1.718412
3648,3648,0.9433333333333334,request_rescan,1.718785
3649,3649,0.9433333333333334,discard,1.720273
3650,3650,0.9433333333333334,request_rescan,1.720589
3651,3651,0.9433333333333334,request_rescan,1.7209
3652,3652,0.9433333333333334,request_rescan,1.721216
3653,3653,0.9433333333333334,request_rescan,1.722644
3654,3654,0.9433333333333334,request_rescan,1.722971
3655,3655,0.9433333333333334,discard,1.723282
3656,3656,0.9433333333333334,discard,1.723595
3657,3657,0.9433333333333334,request_rescan,1.72496
3658,3658,0.9433333333333334,discard,1.72529
3659,3659,0.9433333333333334,request_rescan,1.725607
3660,3660,0.9433333333333334,request_rescan,1.725917
3661,3661,0.9433333333333334,discard,1.72702
3662,3662,0.9433333333333334,request_rescan,1.727367
3663,3663,0.9433333333333334,discard,1.727681
3664,3664,0.9433333333333334,discard,1.728005
3665,3665,0.9433333333333334,discard,1.729286
3666,3666,0.9433333333333334,request_rescan,1.729614
3667,3667,0.9433333333333334,discard,1.729926
3668,3668,0.9433333333333334,request_rescan,1.730223
3669,3669,0.9433333333333334,discard,1.731429
3670,3670,0.9433333333333334,discard,1.731748
3671,3671,0.9433333333333334,request_rescan,1.732069
3672,3672,0.9433333333333334,request_rescan,1.73237
3673,3673,0.9433333333333334,request_rescan,1.733567
3674,3674,0.9433333333333334,request_rescan,1.733902
3675,3675,0.9433333333333334,discard,1.734217
3676,3676,0.9433333333333334,discard,1.73458
3677,3677,0.9433333333333334,request_rescan,1.735831
3678,3678,0.9433333333333334,discard,1.736155
3679,3679,0.9433333333333334,request_rescan,1.736469
3680,3680,0.9433333333333334,request_rescan,1.736765
3681,3681,0.9433333333333334,request_rescan,1.73792
3682,3682,0.9433333333333334,request_rescan,1.73825
3683,3683,0.9433333333333334,discard,1.738577
3684,3684,0.9433333333333334,request_rescan,1.738898
3685,3685,0.9433333333333334,request_rescan,1.740392
3686,3686,0.9433333333333334,discard,1.740723
3687,3687,0.9433333333333334,discard,1.741039
3688,3688,0.9433333333333334,discard,1.741344
3689,3689,0.9433333333333334,discard,1.742592
3690,3690,0.9433333333333334,discard,1.742999
3691,3691,0.9433333333333334,request_rescan,1.743369
3692,3692,0.9433333333333334,discard,1.743698
3693,3693,0.9433333333333334,request_rescan,1.74508
3694,3694,0.9433333333333334,request_rescan,1.745393
3695,3695,0.9433333333333334,discard,1.745693
3696,3696,0.9433333333333334,discard,1.74601
3697,3697,0.9433333333333334,discard,1.747325
3698,3698,0.9433333333333334,discard,1.747644
3699,3699,0.9433333333333334,discard,1.748016
3700,3700,0.9433333333333334,discard,1.748323
3701,3701,0.9433333333333334,discard,1.749776
3702,3702,0.9433333333333334,discard,1.750102
3703,3703,0.9433333333333334,discard,1.75041
3704,3704,0.9433333333333334,discard,1.750715
3705,3705,0.9433333333333334,discard,1.752214
3706,3706,0.9433333333333334,discard,1.752534
3707,3707,0.9433333333333334,discard,1.752835
3708,3708,0.9433333333333334,discard,1.753155
3709,3709,0.9433333333333334,discard,1.754404
3710,3710,0.9433333333333334,request_rescan,1.754725
3711,3711,0.9433333333333334,request_rescan,1.755047
3712,3712,0.9433333333333334,request_rescan,1.755606
3713,3713,0.9433333333333334,request_rescan,1.757087
3714,3714,0.9433333333333334,request_rescan,1.757405
3715,3715,0.9433333333333334,request_rescan,1.757711
3716,3716,0.9433333333333334,request_rescan,1.758025
3717,3717,0.9433333333333334,discard,1.759306
3718,3718,0.76,request_rescan,1.759493
3719,3719,0.9433333333333334,discard,1.759825
3720,3720,0.76,discard,1.76
3721,3721,0.9433333333333334,request_rescan,1.761273
3722,3722,0.9433333333333334,discard,1.761592
3723,3723,0.9433333333333334,request_rescan,1.761904
3724,3724,0.9433333333333334,discard,1.762219
3725,3725,0.9433333333333334,discard,1.763554
3726,3726,0.9433333333333334,discard,1.763878
3727,3727,0.9433333333333334,request_rescan,1.764191
3728,3728,0.9433333333333334,request_rescan,1.764503
3729,3729,0.9433333333333334,discard,1.765804
3730,3730,0.9433333333333334,discard,1.766129
3731,3731,0.9433333333333334,request_rescan,1.766431
3732,3732,0.9433333333333334,request_rescan,1.766737
3733,3733,0.9433333333333334,request_rescan,1.768004
3734,3734,0.9433333333333334,request_rescan,1.768572
3735,3735,0.9433333333333334,request_rescan,1.768956
3736,3736,0.9433333333333334,discard,1.769259
3737,3737,0.9433333333333334,discard,1.770664
3738,3738,0.9433333333333334,request_rescan,1.770989
3739,3739,0.9433333333333334,request_rescan,1.77131
3740,3740,0.9433333333333334,discard,1.771824
3741,3741,0.9433333333333334,request_rescan,1.773224
3742,3742,0.9433333333333334,request_rescan,1.773542
3743,3743,0.9433333333333334,request_rescan,1.773854
3744,3744,0.9433333333333334,discard,1.774165
3745,3745,0.76,request_rescan,1.775512
3746,3746,0.9433333333333334,discard,1.775837
3747,3747,0.9433333333333334,request_rescan,1.776154
3748,3748,0.9433333333333334,discard,1.776463
3749,3749,0.9433333333333334,discard,1.777609
3750,3750,0.9433333333333334,discard,1.777931
3751,3751,0.9433333333333334,request_rescan,1.778254
3752,3752,0.9433333333333334,discard,1.778557
3753,3753,0.9433333333333334,request_rescan,1.779748
3754,3754,0.9433333333333334,request_rescan,1.780071
3755,3755,0.9433333333333334,request_rescan,1.780384
3756,3756,0.9433333333333334,discard,1.780683
3757,3757,0.9433333333333334,request_rescan,1.78181
3758,3758,0.9433333333333334,discard,1.782135
3759,3759,0.9433333333333334,request_rescan,1.782457
3760,3760,0.76,request_rescan,1.782768
3761,3761,0.9433333333333334,discard,1.784102
3762,3762,0.9433333333333334,request_rescan,1.78455
3763,3763,0.76,request_rescan,1.785089
3764,3764,0.76,request_rescan,1.785471
3765,3765,0.9433333333333334,request_rescan,1.786643
3766,3766,0.76,request_rescan,1.786969
3767,3767,0.9433333333333334,request_rescan,1.787286
3768,3768,0.9433333333333334,discard,1.787582
3769,3769,0.9433333333333334,request_rescan,1.789074
3770,3770,0.9433333333333334,request_rescan,1.789398
3771,3771,0.9433333333333334,request_rescan,1.789716
3772,3772,0.9433333333333334,discard,1.79002
3773,3773,0.9433333333333334,discard,1.791304
3774,3774,0.9433333333333334,discard,1.791621
3775,3775,0.9433333333333334,discard,1.791937
3776,3776,0.9433333333333334,request_rescan,1.792231
3777,3777,0.9433333333333334,discard,1.793423
3778,3778,0.9433333333333334,request_rescan,1.793752
3779,3779,0.9433333333333334,request_rescan,1.794065
3780,3780,0.9433333333333334,discard,1.794359
3781,3781,0.9433333333333334,discard,1.795674
3782,3782,0.9433333333333334,discard,1.79585
3783,3783,0.9433333333333334,request_rescan,1.796167
3784,3784,0.9433333333333334,request_rescan,1.796475
3785,3785,0.9433333333333334,discard,1.797696
3786,3786,0.9433333333333334,request_rescan,1.798015
3787,3787,0.76,log_and_continue,1.798184
3788,3788,0.9433333333333334,discard,1.79849
3789,3789,0.9433333333333334,request_rescan,1.799797
3790,3790,0.9433333333333334,discard,1.800242
3791,3791,0.9433333333333334,request_rescan,1.800571
3792,3792,0.9433333333333334,discard,1.800902
3793,3793,0.9433333333333334,request_rescan,1.802345
3794,3794,0.9433333333333334,discard,1.802664
3795,3795,0.9433333333333334,discard,1.802985
3796,3796,0.9433333333333334,discard,1.803329
3797,3797,0.9433333333333334,request_rescan,1.805073
3798,3798,0.9433333333333334,discard,1.805457
3799,3799,0.9433333333333334,request_rescan,1.805777
3800,3800,0.9433333333333334,discard,1.806081
3801,3801,0.9433333333333334,discard,1.807359
3802,3802,0.9433333333333334,request_rescan,1.807687
3803,3803,0.9433333333333334,discard,1.807998
3804,3804,0.9433333333333334,request_rescan,1.808295
3805,3805,0.9433333333333334,request_rescan,1.809612
3806,3806,0.9433333333333334,request_rescan,1.809934
3807,3807,0.9433333333333334,request_rescan,1.810244
3808,3808,0.9433333333333334,request_rescan,1.810551
3809,3809,0.9433333333333334,request_rescan,1.811883
3810,3810,0.9433333333333334,request_rescan,1.812202
3811,3811,0.9433333333333334,request_rescan,1.812507
3812,3812,0.6633333333333333,log_and_continue,1.812684
3813,3813,0.76,log_and_continue,1.813795
3814,3814,0.9433333333333334,discard,1.81414
3815,3815,0.9433333333333334,discard,1.814451
3816,3816,0.9433333333333334,discard,1.814759
3817,3817,0.9433333333333334,discard,1.816004
3818,3818,0.9433333333333334,request_rescan,1.816321
3819,3819,0.9433333333333334,discard,1.816622
3820,3820,0.9433333333333334,discard,1.816939
3821,3821,0.9433333333333334,request_rescan,1.818372
3822,3822,0.76,request_rescan,1.818753
3823,3823,0.9433333333333334,discard,1.819067
3824,3824,0.9433333333333334,request_rescan,1.81938
3825,3825,0.9433333333333334,request_rescan,1.820711
3826,3826,0.9433333333333334,discard,1.821035
3827,3827,0.76,request_rescan,1.821356
3828,3828,0.76,request_rescan,1.821675
3829,3829,0.9433333333333334,discard,1.823081
3830,3830,0.9433333333333334,request_rescan,1.823397
3831,3831,0.9433333333333334,request_rescan,1.823707
3832,3832,0.9433333333333334,request_rescan,1.824013
3833,3833,0.9433333333333334,request_rescan,1.82523
3834,3834,0.9433333333333334,discard,1.825558
3835,3835,0.76,request_rescan,1.825871
3836,3836,0.9433333333333334,discard,1.826237
3837,3837,0.9433333333333334,request_rescan,1.827541
3838,3838,0.9433333333333334,request_rescan,1.827848
3839,3839,0.9433333333333334,discard,1.828146
3840,3840,0.9433333333333334,discard,1.82843
3841,3841,0.9433333333333334,discard,1.82973
3842,3842,0.76,request_rescan,1.830053
3843,3843,0.9433333333333334,discard,1.830361
3844,3844,0.9433333333333334,discard,1.830672
3845,3845,0.9433333333333334,request_rescan,1.831837
3846,3846,0.9433333333333334,request_rescan,1.832183
3847,3847,0.76,request_rescan,1.832498
3848,3848,0.9433333333333334,discard,1.832805
3849,3849,0.9433333333333334,discard,1.83408
3850,3850,0.9433333333333334,discard,1.834522
3851,3851,0.9433333333333334,request_rescan,1.835007
3852,3852,0.9433333333333334,discard,1.835383
3853,3853,0.9433333333333334,discard,1.836742
3854,3854,0.9433333333333334,request_rescan,1.837068
3855,3855,0.9433333333333334,discard,1.837379
3856,3856,0.9433333333333334,discard,1.837681
3857,3857,0.9433333333333334,discard,1.83925
3858,3858,0.9433333333333334,request_rescan,1.839577
3859,3859,0.9433333333333334,request_rescan,1.839889
3860,3860,0.9433333333333334,discard,1.840205
3861,3861,0.9433333333333334,request_rescan,1.841498
3862,3862,0.9433333333333334,request_rescan,1.841819
3863,3863,0.9433333333333334,discard,1.842127
3864,3864,0.9433333333333334,request_rescan,1.842439
3865,3865,0.9433333333333334,request_rescan,1.843642
3866,3866,0.76,log_and_continue,1.843821
3867,3867,0.76,discard,1.843985
3868,3868,0.9433333333333334,request_rescan,1.844312
3869,3869,0.9433333333333334,request_rescan,1.845471
3870,3870,0.9433333333333334,request_rescan,1.845792
3871,3871,0.9433333333333334,discard,1.846117
3872,3872,0.9433333333333334,discard,1.846421
3873,3873,0.9433333333333334,request_rescan,1.847593
3874,3874,0.9433333333333334,request_rescan,1.847927
3875,3875,0.9433333333333334,discard,1.848233
3876,3876,0.9433333333333334,request_rescan,1.848523
3877,3877,0.9433333333333334,request_rescan,1.849674
3878,3878,0.76,discard,1.850008
3879,3879,0.76,discard,1.850319
3880,3880,0.9433333333333334,request_rescan,1.85061
3881,3881,0.9433333333333334,discard,1.852023
3882,3882,0.76,discard,1.852426
3883,3883,0.9433333333333334,discard,1.852742
3884,3884,0.9433333333333334,discard,1.853048
3885,3885,0.9433333333333334,request_rescan,1.854287
3886,3886,0.9433333333333334,request_rescan,1.854615
3887,3887,0.9433333333333334,discard,1.854941
3888,3888,0.6633333333333333,log_and_continue,1.855114
3889,3889,0.9433333333333334,request_rescan,1.856559
3890,3890,0.9433333333333334,request_rescan,1.856888
3891,3891,0.9433333333333334,request_rescan,1.857198
3892,3892,0.9433333333333334,discard,1.857492
3893,3893,0.9433333333333334,request_rescan,1.858676
3894,3894,0.76,request_rescan,1.858868
3895,3895,0.9433333333333334,discard,1.859203
3896,3896,0.9433333333333334,discard,1.859515
3897,3897,0.9433333333333334,request_rescan,1.860594
3898,3898,0.9433333333333334,discard,1.860939
3899,3899,0.9433333333333334,request_rescan,1.861263
3900,3900,0.9433333333333334,discard,1.861567
3901,3901,0.9433333333333334,discard,1.862753
3902,3902,0.9433333333333334,request_rescan,1.863089
3903,3903,0.9433333333333334,discard,1.863397
3904,3904,0.9433333333333334,request_rescan,1.863693
3905,3905,0.9433333333333334,request_rescan,1.864874
3906,3906,0.9433333333333334,request_rescan,1.865202
3907,3907,0.9433333333333334,discard,1.86551
3908,3908,0.9433333333333334,discard,1.865808
3909,3909,0.9433333333333334,discard,1.866979
3910,3910,0.9433333333333334,request_rescan,1.867303
3911,3911,0.9433333333333334,discard,1.867611
3912,3912,0.9433333333333334,discard,1.867978
3913,3913,0.9433333333333334,discard,1.869411
3914,3914,0.9433333333333334,request_rescan,1.869734
3915,3915,0.9433333333333334,discard,1.870062
3916,3916,0.9433333333333334,discard,1.870367
3917,3917,0.9433333333333334,request_rescan,1.871895
3918,3918,0.9433333333333334,request_rescan,1.872218
3919,3919,0.9433333333333334,discard,1.872532
3920,3920,0.76,request_rescan,1.872842
3921,3921,0.9433333333333334,discard,1.87421
3922,3922,0.9433333333333334,request_rescan,1.874538
3923,3923,0.9433333333333334,request_rescan,1.874847
3924,3924,0.76,request_rescan,1.875024
3925,3925,0.9433333333333334,discard,1.876322
3926,3926,0.9433333333333334,request_rescan,1.876644
3927,3927,0.76,request_rescan,1.876958
3928,3928,0.76,request_rescan,1.87727
3929,3929,0.9433333333333334,request_rescan,1.878568
3930,3930,0.9433333333333334,request_rescan,1.878899
3931,3931,0.9433333333333334,discard,1.879218
3932,3932,0.76,request_rescan,1.879532
3933,3933,0.76,discard,1.880741
3934,3934,0.76,request_rescan,1.881085
3935,3935,0.9433333333333334,request_rescan,1.881389
3936,3936,0.9433333333333334,discard,1.881704
3937,3937,0.9433333333333334,discard,1.883006
3938,3938,0.9433333333333334,discard,1.883326
3939,3939,0.9433333333333334,discard,1.883629
3940,3940,0.9433333333333334,request_rescan,1.883936
3941,3941,0.76,request_rescan,1.885537
3942,3942,0.9433333333333334,request_rescan,1.885921
3943,3943,0.9433333333333334,discard,1.886229
3944,3944,0.76,request_rescan,1.886521
3945,3945,0.9433333333333334,discard,1.887728
3946,3946,0.9433333333333334,request_rescan,1.888064
3947,3947,0.9433333333333334,discard,1.888368
3948,3948,0.9433333333333334,discard,1.888858
3949,3949,0.9433333333333334,discard,1.890039
3950,3950,0.9433333333333334,discard,1.890362
3951,3951,0.9433333333333334,discard,1.890663
3952,3952,0.9433333333333334,request_rescan,1.890969
3953,3953,0.9433333333333334,request_rescan,1.892155
3954,3954,0.9433333333333334,discard,1.892471
3955,3955,0.9433333333333334,request_rescan,1.89278
3956,3956,0.9433333333333334,discard,1.893099
3957,3957,0.9433333333333334,discard,1.894269
3958,3958,0.9433333333333334,request_rescan,1.894587
3959,3959,0.9433333333333334,request_rescan,1.894904
3960,3960,0.9433333333333334,request_rescan,1.895212
3961,3961,0.9433333333333334,request_rescan,1.896361
3962,3962,0.9433333333333334,request_rescan,1.89668
3963,3963,0.9433333333333334,request_rescan,1.896998
3964,3964,0.9433333333333334,discard,1.897298
3965,3965,0.76,discard,1.898444
3966,3966,0.9433333333333334,discard,1.898769
3967,3967,0.9433333333333334,discard,1.899085
3968,3968,0.9433333333333334,discard,1.899379
3969,3969,0.76,discard,1.900556
3970,3970,0.6633333333333333,log_and_continue,1.90074
3971,3971,0.9433333333333334,request_rescan,1.901194
3972,3972,0.9433333333333334,request_rescan,1.901674
3973,3973,0.9433333333333334,discard,1.902904
3974,3974,0.9433333333333334,discard,1.90322
3975,3975,0.9433333333333334,discard,1.903533
3976,3976,0.9433333333333334,discard,1.90383
3977,3977,0.9433333333333334,discard,1.905022
3978,3978,0.9433333333333334,discard,1.905349
3979,3979,0.9433333333333334,discard,1.905823
3980,3980,0.9433333333333334,request_rescan,1.906138
3981,3981,0.76,request_rescan,1.907198
3982,3982,0.9433333333333334,discard,1.907533
3983,3983,0.9433333333333334,discard,1.907847
3984,3984,0.9433333333333334,discard,1.908153
3985,3985,0.9433333333333334,discard,1.909319
3986,3986,0.9433333333333334,request_rescan,1.909633
3987,3987,0.9433333333333334,discard,1.909951
3988,3988,0.9433333333333334,request_rescan,1.910252
3989,3989,0.9433333333333334,request_rescan,1.911397
3990,3990,0.9433333333333334,discard,1.911724
3991,3991,0.9433333333333334,request_rescan,1.912038
3992,3992,0.9433333333333334,request_rescan,1.912207
3993,3993,0.9433333333333334,discard,1.913371
3994,3994,0.9433333333333334,request_rescan,1.913686
3995,3995,0.9433333333333334,discard,1.914001
3996,3996,0.9433333333333334,request_rescan,1.9143
3997,3997,0.9433333333333334,request_rescan,1.91544
3998,3998,0.9433333333333334,request_rescan,1.915756
3999,3999,0.76,request_rescan,1.916079
4000,4000,0.9433333333333334,request_rescan,1.916392
4001,4001,0.76,request_rescan,1.917642
4002,4002,0.9433333333333334,request_rescan,1.918044
4003,4003,0.9433333333333334,discard,1.918581
4004,4004,0.9433333333333334,discard,1.91895
4005,4005,0.9433333333333334,request_rescan,1.920162
4006,4006,0.9433333333333334,request_rescan,1.920474
4007,4007,0.9433333333333334,discard,1.920781
4008,4008,0.9433333333333334,request_rescan,1.921107
4009,4009,0.76,request_rescan,1.92252
4010,4010,0.9433333333333334,request_rescan,1.922843
4011,4011,0.9433333333333334,request_rescan,1.923158
4012,4012,0.9433333333333334,request_rescan,1.923452
4013,4013,0.9433333333333334,request_rescan,1.924639
4014,4014,0.9433333333333334,discard,1.924961
4015,4015,0.9433333333333334,request_rescan,1.925286
4016,4016,0.9433333333333334,request_rescan,1.925588
4017,4017,0.9433333333333334,request_rescan,1.926762
4018,4018,0.9433333333333334,discard,1.927104
4019,4019,0.76,request_rescan,1.927411
4020,4020,0.9433333333333334,request_rescan,1.927706
4021,4021,0.9433333333333334,discard,1.929079
4022,4022,0.9433333333333334,request_rescan,1.929407
4023,4023,0.9433333333333334,discard,1.929716
4024,4024,0.9433333333333334,request_rescan,1.930025
4025,4025,0.9433333333333334,discard,1.931584
4026,4026,0.9433333333333334,discard,1.932026
4027,4027,0.9433333333333334,request_rescan,1.932257
4028,4028,0.9433333333333334,request_rescan,1.932671
4029,4029,0.76,request_rescan,1.934212
4030,4030,0.9433333333333334,discard,1.934748
4031,4031,0.9433333333333334,discard,1.935341
4032,4032,0.9433333333333334,request_rescan,1.935741
4033,4033,0.9433333333333334,discard,1.937104
4034,4034,0.9433333333333334,discard,1.93743
4035,4035,0.9433333333333334,request_rescan,1.937746
4036,4036,0.9433333333333334,request_rescan,1.938089
4037,4037,0.9433333333333334,request_rescan,1.939571
4038,4038,0.9433333333333334,discard,1.939921
4039,4039,0.9433333333333334,discard,1.940265
4040,4040,0.9433333333333334,discard,1.940581
4041,4041,0.9433333333333334,request_rescan,1.94191
4042,4042,0.9433333333333334,discard,1.942241
4043,4043,0.9433333333333334,request_rescan,1.942573
4044,4044,0.9433333333333334,discard,1.942897
4045,4045,0.9433333333333334,discard,1.944093
4046,4046,0.9433333333333334,request_rescan,1.94443
4047,4047,0.76,log_and_continue,1.944599
4048,4048,0.9433333333333334,request_rescan,1.94493
4049,4049,0.9433333333333334,request_rescan,1.946191
4050,4050,0.6633333333333333,log_and_continue,1.946374
4051,4051,0.9433333333333334,request_rescan,1.946707
4052,4052,0.9433333333333334,request_rescan,1.947031
4053,4053,0.9433333333333334,discard,1.948252
4054,4054,0.9433333333333334,discard,1.948576
4055,4055,0.9433333333333334,discard,1.948914
4056,4056,0.9433333333333334,discard,1.949239
4057,4057,0.9433333333333334,discard,1.950436
4058,4058,0.9433333333333334,request_rescan,1.950775
4059,4059,0.9433333333333334,discard,1.951204
4060,4060,0.9433333333333334,discard,1.951679
4061,4061,0.9433333333333334,request_rescan,1.952984
4062,4062,0.9433333333333334,request_rescan,1.953329
4063,4063,0.9433333333333334,discard,1.953642
4064,4064,0.9433333333333334,request_rescan,1.953955
4065,4065,0.9433333333333334,discard,1.955297
4066,4066,0.9433333333333334,discard,1.95563
4067,4067,0.9433333333333334,request_rescan,1.956266
4068,4068,0.9433333333333334,discard,1.956576
4069,4069,0.9433333333333334,request_rescan,1.957858
4070,4070,0.9433333333333334,discard,1.958192
4071,4071,0.9433333333333334,discard,1.958509
4072,4072,0.9433333333333334,discard,1.958815
4073,4073,0.9433333333333334,request_rescan,1.960006
4074,4074,0.76,request_rescan,1.96035
4075,4075,0.9433333333333334,discard,1.960517
4076,4076,0.9433333333333334,discard,1.960827
4077,4077,0.9433333333333334,request_rescan,1.962026
4078,4078,0.9433333333333334,discard,1.962366
4079,4079,0.9433333333333334,request_rescan,1.962679
4080,4080,0.9433333333333334,request_rescan,1.962982
4081,4081,0.9433333333333334,discard,1.964098
4082,4082,0.9433333333333334,request_rescan,1.964475
4083,4083,0.9433333333333334,request_rescan,1.964797
4084,4084,0.9433333333333334,request_rescan,1.965103
4085,4085,0.76,request_rescan,1.966265
4086,4086,0.9433333333333334,request_rescan,1.966596
4087,4087,0.9433333333333334,discard,1.966912
4088,4088,0.9433333333333334,request_rescan,1.967216
4089,4089,0.76,request_rescan,1.968783
4090,4090,0.9433333333333334,request_rescan,1.969122
4091,4091,0.76,request_rescan,1.969432
4092,4092,0.9433333333333334,request_rescan,1.969725
4093,4093,0.9433333333333334,discard,1.970917
4094,4094,0.9433333333333334,request_rescan,1.971241
4095,4095,0.9433333333333334,request_rescan,1.971568
4096,4096,0.76,request_rescan,1.97189
4097,4097,0.76,request_rescan,1.973298
4098,4098,0.9433333333333334,request_rescan,1.973616
4099,4099,0.9433333333333334,request_rescan,1.97394
4100,4100,0.76,request_rescan,1.974257
4101,4101,0.76,request_rescan,1.975551
4102,4102,0.9433333333333334,request_rescan,1.975894
4103,4103,0.76,request_rescan,1.976217
4104,4104,0.9433333333333334,request_rescan,1.976526
4105,4105,0.76,request_rescan,1.97781
4106,4106,0.9433333333333334,request_rescan,1.97814
4107,4107,0.76,log_and_continue,1.978313
4108,4108,0.9433333333333334,discard,1.978632
4109,4109,0.76,log_and_continue,1.979772
4110,4110,0.76,request_rescan,1.980115
4111,4111,0.9433333333333334,discard,1.980436
4112,4112,0.9433333333333334,discard,1.980744
4113,4113,0.9433333333333334,request_rescan,1.981972
4114,4114,0.9433333333333334,discard,1.982305
4115,4115,0.9433333333333334,discard,1.982621
4116,4116,0.9433333333333334,request_rescan,1.98293
4117,4117,0.9433333333333334,request_rescan,1.984184
4118,4118,0.6633333333333333,log_and_continue,1.984404
4119,4119,0.76,request_rescan,1.984968
4120,4120,0.9433333333333334,discard,1.985482
4121,4121,0.9433333333333334,discard,1.986702
4122,4122,0.9433333333333334,request_rescan,1.987036
4123,4123,0.9433333333333334,request_rescan,1.987344
4124,4124,0.9433333333333334,discard,1.987652
4125,4125,0.9433333333333334,discard,1.989074
4126,4126,0.9433333333333334,request_rescan,1.989411
4127,4127,0.9433333333333334,request_rescan,1.98973
4128,4128,0.9433333333333334,discard,1.990037
4129,4129,0.9433333333333334,discard,1.991281
4130,4130,0.9433333333333334,discard,1.99162
4131,4131,0.9433333333333334,discard,1.991934
4132,4132,0.9433333333333334,request_rescan,1.992239
4133,4133,0.9433333333333334,discard,1.993489
4134,4134,0.9433333333333334,discard,1.993817
4135,4135,0.9433333333333334,request_rescan,1.994141
4136,4136,0.9433333333333334,discard,1.99445
4137,4137,0.9433333333333334,discard,1.995759
4138,4138,0.9433333333333334,request_rescan,1.996087
4139,4139,0.9433333333333334,request_rescan,1.996396
4140,4140,0.9433333333333334,request_rescan,1.996708
4141,4141,0.9433333333333334,discard,1.997986
4142,4142,0.9433333333333334,request_rescan,1.998309
4143,4143,0.9433333333333334,request_rescan,1.998624
4144,4144,0.9433333333333334,discard,1.998933
4145,4145,0.9433333333333334,discard,2.000115
4146,4146,0.9433333333333334,request_rescan,2.000463
4147,4147,0.9433333333333334,discard,2.00078
4148,4148,0.9433333333333334,request_rescan,2.001213
4149,4149,0.6633333333333333,log_and_continue,2.002653
4150,4150,0.9433333333333334,discard,2.003008
4151,4151,0.9433333333333334,discard,2.003332
4152,4152,0.9433333333333334,request_rescan,2.003658
4153,4153,0.9433333333333334,request_rescan,2.00493
4154,4154,0.9433333333333334,request_rescan,2.005482
4155,4155,0.9433333333333334,request_rescan,2.005852
4156,4156,0.9433333333333334,discard,2.006178
4157,4157,0.9433333333333334,discard,2.007502
4158,4158,0.9433333333333334,discard,2.007818
4159,4159,0.9433333333333334,request_rescan,2.008145
4160,4160,0.9433333333333334,request_rescan,2.008448
4161,4161,0.76,log_and_continue,2.009564
4162,4162,0.9433333333333334,discard,2.009906
4163,4163,0.76,request_rescan,2.010079
4164,4164,0.9433333333333334,discard,2.010397
4165,4165,0.9433333333333334,request_rescan,2.011624
4166,4166,0.9433333333333334,request_rescan,2.011957
4167,4167,0.9433333333333334,request_rescan,2.01227
4168,4168,0.9433333333333334,request_rescan,2.012564
4169,4169,0.9433333333333334,discard,2.013756
4170,4170,0.9433333333333334,discard,2.014086
4171,4171,0.9433333333333334,discard,2.014388
4172,4172,0.9433333333333334,discard,2.014681
4173,4173,0.9433333333333334,request_rescan,2.015889
4174,4174,0.9433333333333334,discard,2.016221
4175,4175,0.9433333333333334,request_rescan,2.016538
4176,4176,0.9433333333333334,request_rescan,2.016838
4177,4177,0.9433333333333334,request_rescan,2.018243
4178,4178,0.9433333333333334,request_rescan,2.018756
4179,4179,0.9433333333333334,discard,2.019067
4180,4180,0.9433333333333334,discard,2.019387
4181,4181,0.9433333333333334,request_rescan,2.020808
4182,4182,0.9433333333333334,discard,2.021142
4183,4183,0.9433333333333334,request_rescan,2.021673
4184,4184,0.9433333333333334,discard,2.02206
4185,4185,0.9433333333333334,request_rescan,2.02333
4186,4186,0.9433333333333334,request_rescan,2.023662
4187,4187,0.9433333333333334,request_rescan,2.023974
4188,4188,0.9433333333333334,request_rescan,2.024278
4189,4189,0.9433333333333334,request_rescan,2.025719
4190,4190,0.9433333333333334,discard,2.026045
4191,4191,0.9433333333333334,request_rescan,2.02635
4192,4192,0.9433333333333334,request_rescan,2.026661
4193,4193,0.9433333333333334,discard,2.02807
4194,4194,0.9433333333333334,request_rescan,2.028395
4195,4195,0.9433333333333334,discard,2.028698
4196,4196,0.9433333333333334,discard,2.029012
4197,4197,0.9433333333333334,request_rescan,2.030212
4198,4198,0.9433333333333334,discard,2.030535
4199,4199,0.76,request_rescan,2.030705
4200,4200,0.9433333333333334,request_rescan,2.031021
4201,4201,0.9433333333333334,discard,2.032478
4202,4202,0.9433333333333334,request_rescan,2.032814
4203,4203,0.9433333333333334,request_rescan,2.033142
4204,4204,0.9433333333333334,discard,2.033443
4205,4205,0.9433333333333334,request_rescan,2.034726
4206,4206,0.76,request_rescan,2.035141
4207,4207,0.76,request_rescan,2.035532
4208,4208,0.76,log_and_continue,2.035699
4209,4209,0.9433333333333334,discard,2.036898
4210,4210,0.9433333333333334,request_rescan,2.037223
4211,4211,0.9433333333333334,discard,2.037551
4212,4212,0.9433333333333334,request_rescan,2.03787
4213,4213,0.9433333333333334,request_rescan,2.039655
4214,4214,0.9433333333333334,request_rescan,2.04002
4215,4215,0.9433333333333334,discard,2.04037
4216,4216,0.9433333333333334,request_rescan,2.040687
4217,4217,0.9433333333333334,request_rescan,2.042533
4218,4218,0.9433333333333334,request_rescan,2.042871
4219,4219,0.9433333333333334,discard,2.043185
4220,4220,0.9433333333333334,request_rescan,2.043511
4221,4221,0.9433333333333334,request_rescan,2.045304
4222,4222,0.9433333333333334,request_rescan,2.045631
4223,4223,0.9433333333333334,discard,2.045959
4224,4224,0.9433333333333334,discard,2.046285
4225,4225,0.9433333333333334,discard,2.047991
4226,4226,0.9433333333333334,request_rescan,2.048311
4227,4227,0.9433333333333334,request_rescan,2.048617
4228,4228,0.9433333333333334,request_rescan,2.048937
4229,4229,0.9433333333333334,discard,2.050521
4230,4230,0.9433333333333334,request_rescan,2.050848
4231,4231,0.9433333333333334,discard,2.051286
4232,4232,0.9433333333333334,request_rescan,2.051794
4233,4233,0.9433333333333334,discard,2.053373
4234,4234,0.9433333333333334,request_rescan,2.053703
4235,4235,0.9433333333333334,discard,2.054035
4236,4236,0.9433333333333334,request_rescan,2.054357
4237,4237,0.6633333333333333,log_and_continue,2.05612
4238,4238,0.9433333333333334,request_rescan,2.056467
4239,4239,0.9433333333333334,discard,2.056788
4240,4240,0.9433333333333334,request_rescan,2.056965
4241,4241,0.9433333333333334,discard,2.05862
4242,4242,0.9433333333333334,discard,2.058947
4243,4243,0.9433333333333334,request_rescan,2.059265
4244,4244,0.9433333333333334,request_rescan,2.059584
4245,4245,0.9433333333333334,discard,2.06126
4246,4246,0.9433333333333334,discard,2.061584
4247,4247,0.9433333333333334,request_rescan,2.061903
4248,4248,0.9433333333333334,discard,2.06222
4249,4249,0.9433333333333334,discard,2.063868
4250,4250,0.9433333333333334,request_rescan,2.064358
4251,4251,0.9433333333333334,request_rescan,2.064735
4252,4252,0.9433333333333334,request_rescan,2.065078
4253,4253,0.9433333333333334,discard,2.06636
4254,4254,0.9433333333333334,discard,2.066699
4255,4255,0.9433333333333334,discard,2.067016
4256,4256,0.9433333333333334,discard,2.067323
4257,4257,0.9433333333333334,discard,2.068723
4258,4258,0.9433333333333334,discard,2.069129
4259,4259,0.9433333333333334,request_rescan,2.069443
4260,4260,0.9433333333333334,discard,2.069742
4261,4261,0.9433333333333334,discard,2.070962
4262,4262,0.9433333333333334,request_rescan,2.071317
4263,4263,0.9433333333333334,request_rescan,2.071952
4264,4264,0.9433333333333334,discard,2.072262
4265,4265,0.9433333333333334,request_rescan,2.073631
4266,4266,0.9433333333333334,discard,2.074034
4267,4267,0.9433333333333334,discard,2.074356
4268,4268,0.9433333333333334,discard,2.074667
4269,4269,0.9433333333333334,request_rescan,2.075896
4270,4270,0.9433333333333334,discard,2.076241
4271,4271,0.9433333333333334,request_rescan,2.076561
4272,4272,0.9433333333333334,request_rescan,2.076872
4273,4273,0.9433333333333334,request_rescan,2.078073
4274,4274,0.9433333333333334,discard,2.078405
4275,4275,0.9433333333333334,request_rescan,2.078715
4276,4276,0.9433333333333334,request_rescan,2.07902
4277,4277,0.9433333333333334,discard,2.080265
4278,4278,0.6633333333333333,log_and_continue,2.080448
4279,4279,0.9433333333333334,discard,2.080769
4280,4280,0.9433333333333334,request_rescan,2.081124
4281,4281,0.9433333333333334,request_rescan,2.082327
4282,4282,0.9433333333333334,discard,2.082655
4283,4283,0.9433333333333334,discard,2.082972
4284,4284,0.9433333333333334,discard,2.083279
4285,4285,0.9433333333333334,discard,2.084731
4286,4286,0.9433333333333334,discard,2.085126
4287,4287,0.9433333333333334,discard,2.085498
4288,4288,0.9433333333333334,discard,2.085791
4289,4289,0.9433333333333334,discard,2.087105
4290,4290,0.9433333333333334,request_rescan,2.08744
4291,4291,0.9433333333333334,request_rescan,2.087757
4292,4292,0.9433333333333334,discard,2.088075
4293,4293,0.9433333333333334,discard,2.089594
4294,4294,0.9433333333333334,request_rescan,2.08995
4295,4295,0.9433333333333334,discard,2.090273
4296,4296,0.9433333333333334,request_rescan,2.09058
4297,4297,0.9433333333333334,discard,2.091836
4298,4298,0.9433333333333334,discard,2.092191
4299,4299,0.9433333333333334,request_rescan,2.09251
4300,4300,0.9433333333333334,discard,2.092819
4301,4301,0.9433333333333334,discard,2.094055
4302,4302,0.9433333333333334,request_rescan,2.094386
4303,4303,0.6633333333333333,log_and_continue,2.094559
4304,4304,0.9433333333333334,request_rescan,2.094864
4305,4305,0.76,log_and_continue,2.096065
4306,4306,0.9433333333333334,request_rescan,2.096425
4307,4307,0.9433333333333334,request_rescan,2.096745
4308,4308,0.9433333333333334,discard,2.09706
4309,4309,0.9433333333333334,request_rescan,2.098376
4310,4310,0.9433333333333334,request_rescan,2.098725
4311,4311,0.9433333333333334,request_rescan,2.099056
4312,4312,0.9433333333333334,request_rescan,2.099367
4313,4313,0.9433333333333334,request_rescan,2.100624
4314,4314,0.9433333333333334,discard,2.100964
4315,4315,0.9433333333333334,request_rescan,2.101386
4316,4316,0.9433333333333334,request_rescan,2.101933
4317,4317,0.9433333333333334,discard,2.10322
4318,4318,0.9433333333333334,request_rescan,2.103548
4319,4319,0.9433333333333334,request_rescan,2.103855
4320,4320,0.9433333333333334,request_rescan,2.104164
4321,4321,0.9433333333333334,discard,2.105688
4322,4322,0.9433333333333334,request_rescan,2.106044
4323,4323,0.9433333333333334,request_rescan,2.106364
4324,4324,0.9433333333333334,discard,2.106664
4325,4325,0.9433333333333334,discard,2.107977
4326,4326,0.9433333333333334,request_rescan,2.108318
4327,4327,0.9433333333333334,discard,2.108628
4328,4328,0.9433333333333334,request_rescan,2.108935
4329,4329,0.9433333333333334,discard,2.110138
4330,4330,0.9433333333333334,request_rescan,2.110319
4331,4331,0.9433333333333334,discard,2.110648
4332,4332,0.9433333333333334,discard,2.110814
4333,4333,0.9433333333333334,request_rescan,2.11202
4334,4334,0.9433333333333334,discard,2.112357
4335,4335,0.9433333333333334,discard,2.112668
4336,4336,0.9433333333333334,discard,2.112971
4337,4337,0.9433333333333334,discard,2.114135
4338,4338,0.9433333333333334,discard,2.114502
4339,4339,0.9433333333333334,discard,2.114838
4340,4340,0.9433333333333334,request_rescan,2.115159
4341,4341,0.9433333333333334,discard,2.116383
4342,4342,0.9433333333333334,request_rescan,2.116719
4343,4343,0.9433333333333334,request_rescan,2.117053
4344,4344,0.9433333333333334,discard,2.117365
4345,4345,0.9433333333333334,discard,2.118869
4346,4346,0.9433333333333334,request_rescan,2.119207
4347,4347,0.9433333333333334,request_rescan,2.119522
4348,4348,0.9433333333333334,discard,2.119822
4349,4349,0.9433333333333334,discard,2.121028
4350,4350,0.9433333333333334,discard,2.121374
4351,4351,0.9433333333333334,discard,2.121701
4352,4352,0.9433333333333334,request_rescan,2.122196
4353,4353,0.9433333333333334,request_rescan,2.123445
4354,4354,0.9433333333333334,request_rescan,2.123788
4355,4355,0.9433333333333334,request_rescan,2.124108
4356,4356,0.9433333333333334,request_rescan,2.124412
4357,4357,0.9433333333333334,discard,2.125598
4358,4358,0.9433333333333334,request_rescan,2.125936
4359,4359,0.9433333333333334,discard,2.126259
4360,4360,0.9433333333333334,request_rescan,2.126568
4361,4361,0.9433333333333334,request_rescan,2.127756
4362,4362,0.9433333333333334,discard,2.128093
4363,4363,0.9433333333333334,discard,2.128424
4364,4364,0.9433333333333334,request_rescan,2.12874
4365,4365,0.9433333333333334,request_rescan,2.12991
4366,4366,0.9433333333333334,discard,2.130234
4367,4367,0.9433333333333334,request_rescan,2.130551
4368,4368,0.9433333333333334,discard,2.130851
4369,4369,0.9433333333333334,discard,2.132055
4370,4370,0.9433333333333334,discard,2.132394
4371,4371,0.9433333333333334,request_rescan,2.132716
4372,4372,0.9433333333333334,discard,2.133034
4373,4373,0.9433333333333334,discard,2.134272
4374,4374,0.9433333333333334,discard,2.134747
4375,4375,0.9433333333333334,request_rescan,2.135312
4376,4376,0.9433333333333334,discard,2.135625
4377,4377,0.9433333333333334,request_rescan,2.136867
4378,4378,0.9433333333333334,discard,2.137205
4379,4379,0.9433333333333334,request_rescan,2.137521
4380,4380,0.9433333333333334,discard,2.137824
4381,4381,0.9433333333333334,request_rescan,2.139144
4382,4382,0.9433333333333334,request_rescan,2.139488
4383,4383,0.9433333333333334,discard,2.139806
4384,4384,0.9433333333333334,request_rescan,2.140117
4385,4385,0.9433333333333334,request_rescan,2.141312
4386,4386,0.9433333333333334,request_rescan,2.141652
4387,4387,0.9433333333333334,request_rescan,2.141973
4388,4388,0.9433333333333334,discard,2.142286
4389,4389,0.9433333333333334,request_rescan,2.143468
4390,4390,0.9433333333333334,discard,2.143808
4391,4391,0.9433333333333334,request_rescan,2.144167
4392,4392,0.9433333333333334,request_rescan,2.144504
4393,4393,0.9433333333333334,request_rescan,2.145678
4394,4394,0.9433333333333334,discard,2.14602
4395,4395,0.9433333333333334,discard,2.146338
4396,4396,0.9433333333333334,request_rescan,2.146641
4397,4397,0.9433333333333334,discard,2.147843
4398,4398,0.9433333333333334,request_rescan,2.148196
4399,4399,0.76,request_rescan,2.148512
4400,4400,0.9433333333333334,request_rescan,2.148815
4401,4401,0.9433333333333334,request_rescan,2.150032
4402,4402,0.9433333333333334,request_rescan,2.150362
4403,4403,0.76,request_rescan,2.150669
4404,4404,0.76,request_rescan,2.150972
4405,4405,0.9433333333333334,discard,2.152373
4406,4406,0.9433333333333334,discard,2.152709
4407,4407,0.9433333333333334,request_rescan,2.153024
4408,4408,0.9433333333333334,request_rescan,2.153328
4409,4409,0.76,request_rescan,2.155216
4410,4410,0.9433333333333334,request_rescan,2.155555
4411,4411,0.9433333333333334,request_rescan,2.156018
4412,4412,0.76,request_rescan,2.15632
4413,4413,0.9433333333333334,discard,2.157641
4414,4414,0.9433333333333334,request_rescan,2.157981
4415,4415,0.9433333333333334,request_rescan,2.158292
4416,4416,0.9433333333333334,discard,2.158588
4417,4417,0.9433333333333334,discard,2.15977
4418,4418,0.76,log_and_continue,2.159955
4419,4419,0.9433333333333334,request_rescan,2.160278
4420,4420,0.9433333333333334,request_rescan,2.160581
4421,4421,0.9433333333333334,discard,2.161739
4422,4422,0.9433333333333334,discard,2.162077
4423,4423,0.9433333333333334,request_rescan,2.162384
4424,4424,0.76,request_rescan,2.162552
4425,4425,0.9433333333333334,request_rescan,2.163722
4426,4426,0.9433333333333334,request_rescan,2.16406
4427,4427,0.9433333333333334,request_rescan,2.164228
4428,4428,0.9433333333333334,request_rescan,2.164529
4429,4429,0.9433333333333334,discard,2.16571
4430,4430,0.9433333333333334,request_rescan,2.166053
4431,4431,0.9433333333333334,discard,2.166363
4432,4432,0.9433333333333334,request_rescan,2.16666
4433,4433,0.9433333333333334,request_rescan,2.167911
4434,4434,0.9433333333333334,discard,2.168537
4435,4435,0.9433333333333334,discard,2.168918
4436,4436,0.9433333333333334,request_rescan,2.16922
4437,4437,0.9433333333333334,request_rescan,2.170483
4438,4438,0.9433333333333334,discard,2.170817
4439,4439,0.9433333333333334,request_rescan,2.171157
4440,4440,0.76,log_and_continue,2.171329
4441,4441,0.9433333333333334,request_rescan,2.172888
4442,4442,0.9433333333333334,request_rescan,2.173228
4443,4443,0.9433333333333334,discard,2.173537
4444,4444,0.9433333333333334,discard,2.173831
4445,4445,0.9433333333333334,request_rescan,2.174919
4446,4446,0.9433333333333334,request_rescan,2.175267
4447,4447,0.9433333333333334,discard,2.17558
4448,4448,0.9433333333333334,request_rescan,2.175885
4449,4449,0.9433333333333334,request_rescan,2.177201
4450,4450,0.9433333333333334,request_rescan,2.177556
4451,4451,0.9433333333333334,request_rescan,2.177868
4452,4452,0.9433333333333334,request_rescan,2.178167
4453,4453,0.9433333333333334,request_rescan,2.179489
4454,4454,0.9433333333333334,request_rescan,2.179809
4455,4455,0.9433333333333334,request_rescan,2.18013
4456,4456,0.9433333333333334,request_rescan,2.180434
4457,4457,0.9433333333333334,request_rescan,2.181745
4458,4458,0.9433333333333334,discard,2.18207
4459,4459,0.9433333333333334,discard,2.182373
4460,4460,0.9433333333333334,request_rescan,2.182693
4461,4461,0.9433333333333334,request_rescan,2.183987
4462,4462,0.9433333333333334,request_rescan,2.184305
4463,4463,0.9433333333333334,discard,2.184673
4464,4464,0.9433333333333334,discard,2.185071
4465,4465,0.6633333333333333,log_and_continue,2.186342
4466,4466,0.9433333333333334,request_rescan,2.186678
4467,4467,0.9433333333333334,discard,2.186997
4468,4468,0.6633333333333333,log_and_continue,2.187161
4469,4469,0.9433333333333334,request_rescan,2.188184
4470,4470,0.9433333333333334,request_rescan,2.188524
4471,4471,0.9433333333333334,discard,2.188854
4472,4472,0.9433333333333334,request_rescan,2.189173
4473,4473,0.9433333333333334,discard,2.190801
4474,4474,0.9433333333333334,discard,2.191133
4475,4475,0.9433333333333334,request_rescan,2.191447
4476,4476,0.9433333333333334,request_rescan,2.191755
4477,4477,0.9433333333333334,discard,2.19294
4478,4478,0.9433333333333334,request_rescan,2.193263
4479,4479,0.9433333333333334,request_rescan,2.193578
4480,4480,0.9433333333333334,discard,2.19374
4481,4481,0.9433333333333334,request_rescan,2.194893
4482,4482,0.9433333333333334,request_rescan,2.195227
4483,4483,0.9433333333333334,discard,2.195532
4484,4484,0.9433333333333334,discard,2.19582
4485,4485,0.9433333333333334,discard,2.196986
4486,4486,0.9433333333333334,discard,2.197315
4487,4487,0.9433333333333334,discard,2.197625
4488,4488,0.9433333333333334,discard,2.197926
4489,4489,0.9433333333333334,request_rescan,2.199075
4490,4490,0.9433333333333334,discard,2.199248
4491,4491,0.9433333333333334,request_rescan,2.199568
4492,4492,0.9433333333333334,request_rescan,2.199872
4493,4493,0.9433333333333334,request_rescan,2.201015
4494,4494,0.76,discard,2.201188
4495,4495,0.9433333333333334,discard,2.201724
4496,4496,0.9433333333333334,request_rescan,2.202096
4497,4497,0.9433333333333334,request_rescan,2.203303
4498,4498,0.9433333333333334,request_rescan,2.203635
4499,4499,0.9433333333333334,discard,2.203951
4500,4500,0.9433333333333334,request_rescan,2.204259
4501,4501,0.9433333333333334,discard,2.205563
4502,4502,0.9433333333333334,discard,2.2059
4503,4503,0.9433333333333334,discard,2.20621
4504,4504,0.9433333333333334,request_rescan,2.206505
4505,4505,0.9433333333333334,discard,2.207659
4506,4506,0.9433333333333334,discard,2.207991
4507,4507,0.9433333333333334,request_rescan,2.2083
4508,4508,0.9433333333333334,discard,2.208598
4509,4509,0.9433333333333334,discard,2.209744
4510,4510,0.9433333333333334,discard,2.210081
4511,4511,0.9433333333333334,request_rescan,2.210393
4512,4512,0.9433333333333334,discard,2.210697
4513,4513,0.9433333333333334,discard,2.211856
4514,4514,0.9433333333333334,request_rescan,2.212198
4515,4515,0.9433333333333334,discard,2.212516
4516,4516,0.9433333333333334,discard,2.212816
4517,4517,0.9433333333333334,request_rescan,2.213993
4518,4518,0.9433333333333334,request_rescan,2.214326
4519,4519,0.9433333333333334,request_rescan,2.214631
4520,4520,0.9433333333333334,request_rescan,2.214932
4521,4521,0.9433333333333334,discard,2.216087
4522,4522,0.9433333333333334,discard,2.216413
4523,4523,0.9433333333333334,request_rescan,2.216718
4524,4524,0.9433333333333334,discard,2.217021
4525,4525,0.9433333333333334,discard,2.218253
4526,4526,0.9433333333333334,request_rescan,2.218775
4527,4527,0.9433333333333334,request_rescan,2.219149
4528,4528,0.9433333333333334,request_rescan,2.219443
4529,4529,0.9433333333333334,request_rescan,2.220584
4530,4530,0.9433333333333334,discard,2.22092
4531,4531,0.9433333333333334,discard,2.221229
4532,4532,0.76,request_rescan,2.2214
4533,4533,0.9433333333333334,discard,2.222871
4534,4534,0.9433333333333334,discard,2.223213
4535,4535,0.9433333333333334,request_rescan,2.223524
4536,4536,0.9433333333333334,discard,2.223822
4537,4537,0.9433333333333334,discard,2.224975
4538,4538,0.9433333333333334,discard,2.225294
4539,4539,0.9433333333333334,discard,2.225609
4540,4540,0.9433333333333334,request_rescan,2.225919
4541,4541,0.9433333333333334,discard,2.227063
4542,4542,0.9433333333333334,request_rescan,2.227391
4543,4543,0.9433333333333334,discard,2.227695
4544,4544,0.9433333333333334,request_rescan,2.227866
4545,4545,0.9433333333333334,discard,2.229014
4546,4546,0.9433333333333334,discard,2.229351
4547,4547,0.9433333333333334,discard,2.229675
4548,4548,0.9433333333333334,discard,2.22999
4549,4549,0.9433333333333334,request_rescan,2.231148
4550,4550,0.9433333333333334,request_rescan,2.231474
4551,4551,0.9433333333333334,request_rescan,2.231778
4552,4552,0.9433333333333334,request_rescan,2.232079
4553,4553,0.9433333333333334,discard,2.233221
4554,4554,0.9433333333333334,discard,2.233544
4555,4555,0.9433333333333334,request_rescan,2.233849
4556,4556,0.9433333333333334,request_rescan,2.234155
4557,4557,0.9433333333333334,request_rescan,2.235613
4558,4558,0.9433333333333334,request_rescan,2.235948
4559,4559,0.9433333333333334,discard,2.236263
4560,4560,0.9433333333333334,request_rescan,2.236569
4561,4561,0.9433333333333334,request_rescan,2.237726
4562,4562,0.9433333333333334,request_rescan,2.238048
4563,4563,0.9433333333333334,request_rescan,2.238352
4564,4564,0.9433333333333334,request_rescan,2.238975
4565,4565,0.9433333333333334,request_rescan,2.240168
4566,4566,0.9433333333333334,request_rescan,2.240486
4567,4567,0.9433333333333334,request_rescan,2.240785
4568,4568,0.9433333333333334,discard,2.241107
4569,4569,0.9433333333333334,discard,2.242276
4570,4570,0.9433333333333334,discard,2.242599
4571,4571,0.76,request_rescan,2.242922
4572,4572,0.9433333333333334,request_rescan,2.243235
4573,4573,0.9433333333333334,discard,2.244386
4574,4574,0.9433333333333334,request_rescan,2.244707
4575,4575,0.76,request_rescan,2.245032
4576,4576,0.9433333333333334,request_rescan,2.245337
4577,4577,0.9433333333333334,request_rescan,2.246536
4578,4578,0.9433333333333334,request_rescan,2.246853
4579,4579,0.9433333333333334,request_rescan,2.247175
4580,4580,0.9433333333333334,request_rescan,2.247473
4581,4581,0.9433333333333334,discard,2.248613
4582,4582,0.9433333333333334,discard,2.248934
4583,4583,0.9433333333333334,discard,2.24926
4584,4584,0.9433333333333334,request_rescan,2.249564
4585,4585,0.9433333333333334,discard,2.250713
4586,4586,0.9433333333333334,discard,2.251041
4587,4587,0.9433333333333334,request_rescan,2.251573
4588,4588,0.9433333333333334,discard,2.252117
4589,4589,0.9433333333333334,request_rescan,2.253297
4590,4590,0.9433333333333334,discard,2.253616
4591,4591,0.9433333333333334,request_rescan,2.253937
4592,4592,0.9433333333333334,request_rescan,2.254242
4593,4593,0.9433333333333334,discard,2.255724
4594,4594,0.9433333333333334,request_rescan,2.256052
4595,4595,0.9433333333333334,discard,2.256356
4596,4596,0.9433333333333334,discard,2.256662
4597,4597,0.9433333333333334,discard,2.257957
4598,4598,0.9433333333333334,request_rescan,2.258274
4599,4599,0.9433333333333334,discard,2.258589
4600,4600,0.9433333333333334,request_rescan,2.258894
4601,4601,0.9433333333333334,request_rescan,2.260234
4602,4602,0.9433333333333334,request_rescan,2.260551
4603,4603,0.9433333333333334,discard,2.260854
4604,4604,0.9433333333333334,request_rescan,2.261176
4605,4605,0.9433333333333334,discard,2.262512
4606,4606,0.9433333333333334,discard,2.262828
4607,4607,0.9433333333333334,request_rescan,2.263153
4608,4608,0.9433333333333334,request_rescan,2.263459
4609,4609,0.9433333333333334,discard,2.264744
4610,4610,0.9433333333333334,discard,2.265068
4611,4611,0.9433333333333334,discard,2.26537
4612,4612,0.9433333333333334,request_rescan,2.265689
4613,4613,0.9433333333333334,discard,2.267052
4614,4614,0.9433333333333334,request_rescan,2.267371
4615,4615,0.9433333333333334,discard,2.267681
4616,4616,0.9433333333333334,discard,2.268192
4617,4617,0.9433333333333334,request_rescan,2.269682
4618,4618,0.9433333333333334,discard,2.270012
4619,4619,0.9433333333333334,discard,2.270327
4620,4620,0.9433333333333334,discard,2.270629
4621,4621,0.9433333333333334,request_rescan,2.271888
4622,4622,0.9433333333333334,request_rescan,2.27236
4623,4623,0.9433333333333334,discard,2.272675
4624,4624,0.9433333333333334,discard,2.272982
4625,4625,0.9433333333333334,discard,2.274423
4626,4626,0.9433333333333334,discard,2.274747
4627,4627,0.9433333333333334,discard,2.275066
4628,4628,0.9433333333333334,discard,2.275373
4629,4629,0.9433333333333334,request_rescan,2.276821
4630,4630,0.9433333333333334,request_rescan,2.277154
4631,4631,0.9433333333333334,request_rescan,2.277471
4632,4632,0.9433333333333334,discard,2.277775
4633,4633,0.9433333333333334,discard,2.279074
4634,4634,0.9433333333333334,discard,2.27939
4635,4635,0.9433333333333334,discard,2.279694
4636,4636,0.9433333333333334,request_rescan,2.280008
4637,4637,0.9433333333333334,discard,2.281349
4638,4638,0.9433333333333334,discard,2.281675
4639,4639,0.9433333333333334,request_rescan,2.281991
4640,4640,0.9433333333333334,request_rescan,2.282172
4641,4641,0.9433333333333334,discard,2.28356
4642,4642,0.9433333333333334,request_rescan,2.283889
4643,4643,0.9433333333333334,discard,2.284215
4644,4644,0.9433333333333334,discard,2.284618
4645,4645,0.9433333333333334,request_rescan,2.286188
4646,4646,0.9433333333333334,discard,2.286521
4647,4647,0.9433333333333334,discard,2.286831
4648,4648,0.9433333333333334,request_rescan,2.287463
4649,4649,0.9433333333333334,request_rescan,2.288922
4650,4650,0.9433333333333334,request_rescan,2.289253
4651,4651,0.9433333333333334,request_rescan,2.289581
4652,4652,0.9433333333333334,request_rescan,2.289756
4653,4653,0.6633333333333333,log_and_continue,2.290967
4654,4654,0.9433333333333334,discard,2.291308
4655,4655,0.9433333333333334,request_rescan,2.291617
4656,4656,0.9433333333333334,request_rescan,2.291935
4657,4657,0.9433333333333334,discard,2.2933
4658,4658,0.9433333333333334,request_rescan,2.293626
4659,4659,0.9433333333333334,discard,2.293935
4660,4660,0.9433333333333334,discard,2.294257
4661,4661,0.9433333333333334,request_rescan,2.295519
4662,4662,0.9433333333333334,request_rescan,2.295835
4663,4663,0.9433333333333334,discard,2.296149
4664,4664,0.9433333333333334,request_rescan,2.29646
4665,4665,0.9433333333333334,request_rescan,2.297743
4666,4666,0.9433333333333334,request_rescan,2.298073
4667,4667,0.76,discard,2.298249
4668,4668,0.9433333333333334,request_rescan,2.298575
4669,4669,0.9433333333333334,discard,2.299929
4670,4670,0.9433333333333334,discard,2.300248
4671,4671,0.9433333333333334,request_rescan,2.300548
4672,4672,0.9433333333333334,discard,2.300857
4673,4673,0.9433333333333334,request_rescan,2.30234
4674,4674,0.9433333333333334,request_rescan,2.30266
4675,4675,0.9433333333333334,request_rescan,2.302975
4676,4676,0.9433333333333334,discard,2.303277
4677,4677,0.9433333333333334,discard,2.304664
4678,4678,0.9433333333333334,discard,2.304998
4679,4679,0.9433333333333334,discard,2.305333
4680,4680,0.9433333333333334,discard,2.305905
4681,4681,0.9433333333333334,discard,2.307132
4682,4682,0.9433333333333334,request_rescan,2.307459
4683,4683,0.9433333333333334,request_rescan,2.307768
4684,4684,0.9433333333333334,discard,2.308069
4685,4685,0.9433333333333334,request_rescan,2.309302
4686,4686,0.9433333333333334,discard,2.309636
4687,4687,0.9433333333333334,discard,2.309949
4688,4688,0.9433333333333334,discard,2.31025
4689,4689,0.9433333333333334,request_rescan,2.311472
4690,4690,0.9433333333333334,discard,2.311797
4691,4691,0.9433333333333334,discard,2.312106
4692,4692,0.9433333333333334,discard,2.312398
4693,4693,0.9433333333333334,request_rescan,2.313707
4694,4694,0.9433333333333334,request_rescan,2.314045
4695,4695,0.76,request_rescan,2.314368
4696,4696,0.9433333333333334,request_rescan,2.314688
4697,4697,0.76,request_rescan,2.315894
4698,4698,0.76,request_rescan,2.316216
4699,4699,0.9433333333333334,discard,2.316533
4700,4700,0.76,request_rescan,2.31683
4701,4701,0.9433333333333334,discard,2.318074
4702,4702,0.9433333333333334,request_rescan,2.318626
4703,4703,0.9433333333333334,request_rescan,2.319014
4704,4704,0.9433333333333334,request_rescan,2.319322
4705,4705,0.9433333333333334,request_rescan,2.321017
4706,4706,0.9433333333333334,discard,2.321343
4707,4707,0.9433333333333334,discard,2.321849
4708,4708,0.9433333333333334,discard,2.322166
4709,4709,0.9433333333333334,request_rescan,2.323723
4710,4710,0.9433333333333334,discard,2.324046
4711,4711,0.9433333333333334,request_rescan,2.324359
4712,4712,0.9433333333333334,request_rescan,2.324662
4713,4713,0.9433333333333334,discard,2.326129
4714,4714,0.9433333333333334,discard,2.326455
4715,4715,0.9433333333333334,request_rescan,2.326775
4716,4716,0.9433333333333334,discard,2.327086
4717,4717,0.9433333333333334,discard,2.328451
4718,4718,0.9433333333333334,discard,2.328769
4719,4719,0.9433333333333334,discard,2.329082
4720,4720,0.9433333333333334,request_rescan,2.329393
4721,4721,0.9433333333333334,discard,2.330698
4722,4722,0.9433333333333334,request_rescan,2.331023
4723,4723,0.9433333333333334,request_rescan,2.331327
4724,4724,0.9433333333333334,request_rescan,2.331643
4725,4725,0.9433333333333334,discard,2.332986
4726,4726,0.9433333333333334,discard,2.333306
4727,4727,0.9433333333333334,discard,2.333606
4728,4728,0.9433333333333334,discard,2.333924
4729,4729,0.9433333333333334,request_rescan,2.335467
4730,4730,0.9433333333333334,request_rescan,2.335853
4731,4731,0.9433333333333334,discard,2.336163
4732,4732,0.76,log_and_continue,2.336345
4733,4733,0.9433333333333334,request_rescan,2.337664
4734,4734,0.9433333333333334,discard,2.337992
4735,4735,0.9433333333333334,discard,2.338629
4736,4736,0.9433333333333334,request_rescan,2.339009
4737,4737,0.9433333333333334,request_rescan,2.340275
4738,4738,0.9433333333333334,request_rescan,2.340593
4739,4739,0.76,discard,2.340768
4740,4740,0.9433333333333334,discard,2.341086
4741,4741,0.9433333333333334,discard,2.342277
4742,4742,0.9433333333333334,discard,2.342601
4743,4743,0.9433333333333334,request_rescan,2.342922
4744,4744,0.9433333333333334,discard,2.343233
4745,4745,0.9433333333333334,request_rescan,2.344391
4746,4746,0.9433333333333334,request_rescan,2.344711
4747,4747,0.9433333333333334,request_rescan,2.345019
4748,4748,0.9433333333333334,discard,2.345315
4749,4749,0.9433333333333334,request_rescan,2.346496
4750,4750,0.9433333333333334,discard,2.346818
4751,4751,0.9433333333333334,request_rescan,2.347126
4752,4752,0.9433333333333334,request_rescan,2.347417
4753,4753,0.76,request_rescan,2.348584
4754,4754,0.9433333333333334,discard,2.34893
4755,4755,0.9433333333333334,request_rescan,2.349246
4756,4756,0.9433333333333334,request_rescan,2.349565
4757,4757,0.9433333333333334,discard,2.350886
4758,4758,0.9433333333333334,discard,2.351281
4759,4759,0.76,discard,2.351716
4760,4760,0.9433333333333334,request_rescan,2.352041
4761,4761,0.9433333333333334,discard,2.353693
4762,4762,0.9433333333333334,discard,2.354019
4763,4763,0.9433333333333334,discard,2.354341
4764,4764,0.9433333333333334,discard,2.354646
4765,4765,0.9433333333333334,discard,2.356039
4766,4766,0.9433333333333334,discard,2.356358
4767,4767,0.9433333333333334,discard,2.356662
4768,4768,0.9433333333333334,discard,2.356975
4769,4769,0.9433333333333334,discard,2.358249
4770,4770,0.9433333333333334,discard,2.358567
4771,4771,0.9433333333333334,discard,2.358877
4772,4772,0.9433333333333334,request_rescan,2.359191
4773,4773,0.9433333333333334,request_rescan,2.360503
4774,4774,0.9433333333333334,request_rescan,2.36082
4775,4775,0.9433333333333334,request_rescan,2.361127
4776,4776,0.9433333333333334,request_rescan,2.361442
4777,4777,0.9433333333333334,discard,2.362637
4778,4778,0.9433333333333334,discard,2.362964
4779,4779,0.9433333333333334,discard,2.363288
4780,4780,0.9433333333333334,discard,2.363593
4781,4781,0.9433333333333334,discard,2.364796
4782,4782,0.76,discard,2.364986
4783,4783,0.9433333333333334,discard,2.365322
4784,4784,0.9433333333333334,request_rescan,2.365635
4785,4785,0.9433333333333334,discard,2.366943
4786,4786,0.9433333333333334,discard,2.367266
4787,4787,0.9433333333333334,discard,2.367589
4788,4788,0.9433333333333334,discard,2.368019
4789,4789,0.9433333333333334,discard,2.369714
4790,4790,0.9433333333333334,discard,2.370036
4791,4791,0.9433333333333334,request_rescan,2.370345
4792,4792,0.9433333333333334,request_rescan,2.37066
4793,4793,0.9433333333333334,discard,2.372063
4794,4794,0.9433333333333334,request_rescan,2.372386
4795,4795,0.9433333333333334,discard,2.372697
4796,4796,0.9433333333333334,request_rescan,2.373015
4797,4797,0.9433333333333334,discard,2.37419
4798,4798,0.9433333333333334,request_rescan,2.374516
4799,4799,0.9433333333333334,discard,2.374835
4800,4800,0.76,request_rescan,2.375164
4801,4801,0.9433333333333334,request_rescan,2.376364
4802,4802,0.76,discard,2.376545
4803,4803,0.9433333333333334,discard,2.376876
4804,4804,0.9433333333333334,discard,2.377181
4805,4805,0.9433333333333334,request_rescan,2.37833
4806,4806,0.9433333333333334,discard,2.378649
4807,4807,0.9433333333333334,request_rescan,2.378959
4808,4808,0.9433333333333334,request_rescan,2.379253
4809,4809,0.9433333333333334,discard,2.380385
4810,4810,0.9433333333333334,discard,2.380707
4811,4811,0.9433333333333334,discard,2.381015
4812,4812,0.9433333333333334,request_rescan,2.381314
4813,4813,0.9433333333333334,discard,2.382487
4814,4814,0.9433333333333334,request_rescan,2.382815
4815,4815,0.9433333333333334,request_rescan,2.383127
4816,4816,0.9433333333333334,request_rescan,2.383419
4817,4817,0.9433333333333334,request_rescan,2.385051
4818,4818,0.9433333333333334,request_rescan,2.385437
4819,4819,0.9433333333333334,discard,2.385744
4820,4820,0.76,request_rescan,2.385925
4821,4821,0.9433333333333334,discard,2.387403
4822,4822,0.9433333333333334,discard,2.387723
4823,4823,0.9433333333333334,discard,2.388041
4824,4824,0.9433333333333334,discard,2.388359
4825,4825,0.9433333333333334,request_rescan,2.390075
4826,4826,0.76,discard,2.390251
4827,4827,0.9433333333333334,discard,2.390564
4828,4828,0.9433333333333334,discard,2.390887
4829,4829,0.9433333333333334,discard,2.392358
4830,4830,0.9433333333333334,request_rescan,2.392674
4831,4831,0.9433333333333334,discard,2.392985
4832,4832,0.9433333333333334,request_rescan,2.393307
4833,4833,0.9433333333333334,discard,2.394743
4834,4834,0.9433333333333334,request_rescan,2.395066
4835,4835,0.9433333333333334,discard,2.395368
4836,4836,0.76,request_rescan,2.395543
4837,4837,0.9433333333333334,request_rescan,2.396993
4838,4838,0.9433333333333334,discard,2.397321
4839,4839,0.9433333333333334,discard,2.397637
4840,4840,0.9433333333333334,discard,2.397942
4841,4841,0.9433333333333334,request_rescan,2.399276
4842,4842,0.9433333333333334,discard,2.399605
4843,4843,0.9433333333333334,discard,2.399929
4844,4844,0.9433333333333334,request_rescan,2.40024
4845,4845,0.9433333333333334,discard,2.401719
4846,4846,0.9433333333333334,request_rescan,2.402108
4847,4847,0.9433333333333334,request_rescan,2.402419
4848,4848,0.9433333333333334,discard,2.402714
4849,4849,0.9433333333333334,request_rescan,2.404077
4850,4850,0.76,request_rescan,2.404407
4851,4851,0.76,request_rescan,2.404714
4852,4852,0.76,request_rescan,2.405263
4853,4853,0.9433333333333334,request_rescan,2.406762
4854,4854,0.9433333333333334,request_rescan,2.407091
4855,4855,0.9433333333333334,request_rescan,2.4074
4856,4856,0.76,request_rescan,2.407712
4857,4857,0.9433333333333334,request_rescan,2.409289
4858,4858,0.9433333333333334,request_rescan,2.409609
4859,4859,0.9433333333333334,request_rescan,2.409928
4860,4860,0.9433333333333334,discard,2.410247
4861,4861,0.9433333333333334,request_rescan,2.411781
4862,4862,0.9433333333333334,discard,2.412105
4863,4863,0.9433333333333334,request_rescan,2.412413
4864,4864,0.9433333333333334,discard,2.412722
4865,4865,0.9433333333333334,request_rescan,2.414246
4866,4866,0.9433333333333334,request_rescan,2.414566
4867,4867,0.9433333333333334,request_rescan,2.414882
4868,4868,0.9433333333333334,discard,2.415179
4869,4869,0.9433333333333334,discard,2.416666
4870,4870,0.9433333333333334,discard,2.417168
4871,4871,0.76,discard,2.417349
4872,4872,0.76,log_and_continue,2.4175
4873,4873,0.9433333333333334,request_rescan,2.419176
4874,4874,0.9433333333333334,discard,2.419492
4875,4875,0.9433333333333334,request_rescan,2.419795
4876,4876,0.9433333333333334,discard,2.42011
4877,4877,0.9433333333333334,request_rescan,2.421391
4878,4878,0.9433333333333334,discard,2.421728
4879,4879,0.9433333333333334,discard,2.422058
4880,4880,0.9433333333333334,discard,2.422593
4881,4881,0.9433333333333334,discard,2.424135
4882,4882,0.9433333333333334,request_rescan,2.424452
4883,4883,0.9433333333333334,request_rescan,2.424756
4884,4884,0.9433333333333334,discard,2.42507
4885,4885,0.9433333333333334,request_rescan,2.426517
4886,4886,0.9433333333333334,discard,2.426855
4887,4887,0.9433333333333334,discard,2.427179
4888,4888,0.9433333333333334,discard,2.42749
4889,4889,0.9433333333333334,request_rescan,2.428894
4890,4890,0.9433333333333334,request_rescan,2.429217
4891,4891,0.9433333333333334,request_rescan,2.429521
4892,4892,0.76,request_rescan,2.42982
4893,4893,0.9433333333333334,request_rescan,2.431319
4894,4894,0.9433333333333334,request_rescan,2.431638
4895,4895,0.9433333333333334,request_rescan,2.43196
4896,4896,0.9433333333333334,request_rescan,2.432274
4897,4897,0.9433333333333334,request_rescan,2.433733
4898,4898,0.9433333333333334,request_rescan,2.434061
4899,4899,0.9433333333333334,request_rescan,2.434386
4900,4900,0.9433333333333334,request_rescan,2.434867
4901,4901,0.9433333333333334,discard,2.436412
4902,4902,0.9433333333333334,discard,2.436726
4903,4903,0.76,log_and_continue,2.436902
4904,4904,0.9433333333333334,discard,2.437218
4905,4905,0.9433333333333334,request_rescan,2.438967
4906,4906,0.9433333333333334,discard,2.439153
4907,4907,0.9433333333333334,discard,2.439478
4908,4908,0.9433333333333334,discard,2.439788
4909,4909,0.9433333333333334,discard,2.441281
4910,4910,0.9433333333333334,discard,2.441599
4911,4911,0.9433333333333334,request_rescan,2.441908
4912,4912,0.9433333333333334,discard,2.442225
4913,4913,0.9433333333333334,request_rescan,2.443546
4914,4914,0.9433333333333334,discard,2.443866
4915,4915,0.76,discard,2.444043
4916,4916,0.9433333333333334,request_rescan,2.44436
4917,4917,0.9433333333333334,request_rescan,2.445864
4918,4918,0.9433333333333334,discard,2.446186
4919,4919,0.9433333333333334,request_rescan,2.446491
4920,4920,0.76,discard,2.446669
4921,4921,0.9433333333333334,discard,2.448024
4922,4922,0.9433333333333334,discard,2.448346
4923,4923,0.9433333333333334,discard,2.448659
4924,4924,0.9433333333333334,request_rescan,2.448983
4925,4925,0.9433333333333334,request_rescan,2.450499
4926,4926,0.9433333333333334,request_rescan,2.450817
4927,4927,0.9433333333333334,request_rescan,2.451258
4928,4928,0.9433333333333334,discard,2.451727
4929,4929,0.9433333333333334,request_rescan,2.45314
4930,4930,0.9433333333333334,request_rescan,2.453455
4931,4931,0.9433333333333334,request_rescan,2.453753
4932,4932,0.9433333333333334,discard,2.454072
4933,4933,0.9433333333333334,discard,2.455499
4934,4934,0.9433333333333334,request_rescan,2.455975
4935,4935,0.9433333333333334,request_rescan,2.456285
4936,4936,0.9433333333333334,discard,2.456591
4937,4937,0.9433333333333334,request_rescan,2.458016
4938,4938,0.9433333333333334,request_rescan,2.458344
4939,4939,0.9433333333333334,discard,2.458651
4940,4940,0.9433333333333334,discard,2.458963
4941,4941,0.76,discard,2.460137
4942,4942,0.9433333333333334,request_rescan,2.460474
4943,4943,0.9433333333333334,request_rescan,2.460784
4944,4944,0.9433333333333334,discard,2.461096
4945,4945,0.9433333333333334,discard,2.462419
4946,4946,0.9433333333333334,request_rescan,2.462738
4947,4947,0.9433333333333334,request_rescan,2.463047
4948,4948,0.9433333333333334,request_rescan,2.463352
4949,4949,0.9433333333333334,discard,2.464814
4950,4950,0.9433333333333334,discard,2.465141
4951,4951,0.9433333333333334,discard,2.465444
4952,4952,0.9433333333333334,request_rescan,2.465753
4953,4953,0.9433333333333334,request_rescan,2.467261
4954,4954,0.9433333333333334,discard,2.467578
4955,4955,0.9433333333333334,discard,2.467953
4956,4956,0.9433333333333334,request_rescan,2.468347
4957,4957,0.9433333333333334,request_rescan,2.469748
4958,4958,0.9433333333333334,request_rescan,2.470092
4959,4959,0.9433333333333334,discard,2.470403
4960,4960,0.6633333333333333,log_and_continue,2.470573
4961,4961,0.9433333333333334,request_rescan,2.472128
4962,4962,0.9433333333333334,discard,2.472515
4963,4963,0.9433333333333334,request_rescan,2.472814
4964,4964,0.9433333333333334,discard,2.473128
4965,4965,0.9433333333333334,discard,2.474503
4966,4966,0.9433333333333334,request_rescan,2.474824
4967,4967,0.9433333333333334,request_rescan,2.475141
4968,4968,0.9433333333333334,discard,2.475448
4969,4969,0.9433333333333334,discard,2.476761
4970,4970,0.9433333333333334,discard,2.477096
4971,4971,0.9433333333333334,discard,2.477394
4972,4972,0.9433333333333334,discard,2.477688
4973,4973,0.9433333333333334,discard,2.479007
4974,4974,0.9433333333333334,discard,2.479328
4975,4975,0.9433333333333334,discard,2.479638
4976,4976,0.9433333333333334,request_rescan,2.479953
4977,4977,0.9433333333333334,request_rescan,2.481253
4978,4978,0.9433333333333334,discard,2.481572
4979,4979,0.9433333333333334,request_rescan,2.481875
4980,4980,0.9433333333333334,discard,2.482189
4981,4981,0.6633333333333333,log_and_continue,2.48332
4982,4982,0.9433333333333334,request_rescan,2.483656
4983,4983,0.9433333333333334,request_rescan,2.483975
4984,4984,0.9433333333333334,request_rescan,2.484284
4985,4985,0.9433333333333334,request_rescan,2.485811
4986,4986,0.9433333333333334,request_rescan,2.486139
4987,4987,0.9433333333333334,request_rescan,2.48645
4988,4988,0.9433333333333334,discard,2.486748
4989,4989,0.9433333333333334,discard,2.488089
4990,4990,0.9433333333333334,discard,2.488423
4991,4991,0.9433333333333334,discard,2.488741
4992,4992,0.9433333333333334,discard,2.489351
4993,4993,0.9433333333333334,request_rescan,2.490827
4994,4994,0.9433333333333334,discard,2.491164
4995,4995,0.9433333333333334,request_rescan,2.49148
4996,4996,0.9433333333333334,discard,2.491801
4997,4997,0.9433333333333334,discard,2.493186
4998,4998,0.9433333333333334,discard,2.493509
4999,4999,0.9433333333333334,discard,2.493813
5000,5000,0.9433333333333334,discard,2.494132
5001,5001,0.9433333333333334,request_rescan,2.495472
5002,5002,0.9433333333333334,discard,2.495807
5003,5003,0.9433333333333334,discard,2.496203
5004,5004,0.9433333333333334,request_rescan,2.49653
5005,5005,0.9433333333333334,discard,2.497704
5006,5006,0.9433333333333334,discard,2.498038
5007,5007,0.9433333333333334,discard,2.498353
5008,5008,0.9433333333333334,request_rescan,2.498657
5009,5009,0.9433333333333334,request_rescan,2.499831
5010,5010,0.9433333333333334,request_rescan,2.500175
5011,5011,0.9433333333333334,request_rescan,2.500482
5012,5012,0.9433333333333334,request_rescan,2.500774
5013,5013,0.9433333333333334,request_rescan,2.502345
5014,5014,0.9433333333333334,request_rescan,2.50267
5015,5015,0.9433333333333334,discard,2.502994
5016,5016,0.9433333333333334,discard,2.503298
5017,5017,0.9433333333333334,discard,2.50448
5018,5018,0.9433333333333334,request_rescan,2.504655
5019,5019,0.9433333333333334,discard,2.504986
5020,5020,0.9433333333333334,discard,2.505535
5021,5021,0.9433333333333334,discard,2.506864
5022,5022,0.9433333333333334,discard,2.507201
5023,5023,0.9433333333333334,discard,2.507518
5024,5024,0.9433333333333334,discard,2.507822
5025,5025,0.76,request_rescan,2.508966
5026,5026,0.9433333333333334,request_rescan,2.50931
5027,5027,0.9433333333333334,discard,2.509625
5028,5028,0.9433333333333334,discard,2.509936
5029,5029,0.9433333333333334,request_rescan,2.511193
5030,5030,0.9433333333333334,discard,2.511531
5031,5031,0.9433333333333334,discard,2.51184
5032,5032,0.9433333333333334,request_rescan,2.512146
5033,5033,0.9433333333333334,request_rescan,2.513338
5034,5034,0.9433333333333334,discard,2.513669
5035,5035,0.9433333333333334,request_rescan,2.513985
5036,5036,0.9433333333333334,request_rescan,2.514291
5037,5037,0.76,request_rescan,2.515369
5038,5038,0.9433333333333334,discard,2.515705
5039,5039,0.9433333333333334,request_rescan,2.516021
5040,5040,0.9433333333333334,discard,2.516329
5041,5041,0.9433333333333334,discard,2.517488
5042,5042,0.9433333333333334,request_rescan,2.517823
5043,5043,0.6633333333333333,log_and_continue,2.517999
5044,5044,0.9433333333333334,request_rescan,2.518608
5045,5045,0.9433333333333334,discard,2.519846
5046,5046,0.9433333333333334,request_rescan,2.520194
5047,5047,0.9433333333333334,request_rescan,2.520503
5048,5048,0.9433333333333334,request_rescan,2.520808
5049,5049,0.9433333333333334,discard,2.52211
5050,5050,0.9433333333333334,discard,2.522445
5051,5051,0.9433333333333334,discard,2.522761
5052,5052,0.9433333333333334,request_rescan,2.523067
5053,5053,0.9433333333333334,request_rescan,2.524275
5054,5054,0.9433333333333334,request_rescan,2.524605
5055,5055,0.9433333333333334,request_rescan,2.524915
5056,5056,0.9433333333333334,request_rescan,2.525215
5057,5057,0.9433333333333334,discard,2.526475
5058,5058,0.9433333333333334,discard,2.526798
5059,5059,0.9433333333333334,request_rescan,2.527112
5060,5060,0.9433333333333334,request_rescan,2.527435
5061,5061,0.9433333333333334,discard,2.528715
5062,5062,0.9433333333333334,discard,2.529036
5063,5063,0.9433333333333334,discard,2.529339
5064,5064,0.9433333333333334,request_rescan,2.529655
5065,5065,0.9433333333333334,request_rescan,2.530942
5066,5066,0.9433333333333334,request_rescan,2.531269
5067,5067,0.9433333333333334,discard,2.53158
5068,5068,0.9433333333333334,request_rescan,2.531883
5069,5069,0.9433333333333334,request_rescan,2.533127
5070,5070,0.9433333333333334,request_rescan,2.533444
5071,5071,0.9433333333333334,discard,2.533753
5072,5072,0.9433333333333334,discard,2.534059
5073,5073,0.9433333333333334,request_rescan,2.535512
5074,5074,0.9433333333333334,request_rescan,2.535902
5075,5075,0.76,request_rescan,2.536072
5076,5076,0.9433333333333334,discard,2.536381
5077,5077,0.9433333333333334,request_rescan,2.537742
5078,5078,0.9433333333333334,discard,2.538067
5079,5079,0.9433333333333334,request_rescan,2.538369
5080,5080,0.9433333333333334,discard,2.538907
5081,5081,0.9433333333333334,request_rescan,2.540419
5082,5082,0.9433333333333334,discard,2.540732
5083,5083,0.9433333333333334,discard,2.54104
5084,5084,0.9433333333333334,request_rescan,2.54136
5085,5085,0.9433333333333334,discard,2.542733
5086,5086,0.9433333333333334,request_rescan,2.543055
5087,5087,0.9433333333333334,discard,2.543361
5088,5088,0.9433333333333334,discard,2.543669
5089,5089,0.9433333333333334,discard,2.545028
5090,5090,0.9433333333333334,request_rescan,2.545348
5091,5091,0.9433333333333334,discard,2.545663
5092,5092,0.9433333333333334,request_rescan,2.545977
5093,5093,0.76,discard,2.547319
5094,5094,0.9433333333333334,discard,2.547637
5095,5095,0.9433333333333334,request_rescan,2.547943
5096,5096,0.9433333333333334,request_rescan,2.548264
5097,5097,0.9433333333333334,request_rescan,2.549562
5098,5098,0.9433333333333334,discard,2.549883
5099,5099,0.9433333333333334,discard,2.55019
5100,5100,0.76,discard,2.5505
5101,5101,0.9433333333333334,discard,2.552087
5102,5102,0.9433333333333334,discard,2.552482
5103,5103,0.76,discard,2.5528
5104,5104,0.9433333333333334,request_rescan,2.553125
5105,5105,0.76,request_rescan,2.554378
5106,5106,0.76,discard,2.555031
5107,5107,0.76,discard,2.555346
5108,5108,0.9433333333333334,request_rescan,2.555656
5109,5109,0.76,discard,2.556858
5110,5110,0.6633333333333333,log_and_continue,2.55704
5111,5111,0.76,discard,2.557354
5112,5112,0.76,discard,2.55765
5113,5113,0.9433333333333334,discard,2.558785
5114,5114,0.76,discard,2.559124
5115,5115,0.76,discard,2.559444
5116,5116,0.9433333333333334,request_rescan,2.559746
5117,5117,0.9433333333333334,request_rescan,2.560947
5118,5118,0.9433333333333334,request_rescan,2.561285
5119,5119,0.9433333333333334,request_rescan,2.561597
5120,5120,0.9433333333333334,discard,2.561898
5121,5121,0.9433333333333334,request_rescan,2.563068
5122,5122,0.9433333333333334,request_rescan,2.563401
5123,5123,0.9433333333333334,discard,2.563705
5124,5124,0.9433333333333334,discard,2.564007
5125,5125,0.9433333333333334,request_rescan,2.56518
5126,5126,0.9433333333333334,request_rescan,2.565508
5127,5127,0.9433333333333334,request_rescan,2.565817
5128,5128,0.9433333333333334,request_rescan,2.566128
5129,5129,0.9433333333333334,discard,2.567323
5130,5130,0.9433333333333334,discard,2.56765
5131,5131,0.9433333333333334,discard,2.568028
5132,5132,0.9433333333333334,discard,2.568414
5133,5133,0.9433333333333334,request_rescan,2.569722
5134,5134,0.9433333333333334,request_rescan,2.570071
5135,5135,0.9433333333333334,request_rescan,2.570384
5136,5136,0.9433333333333334,request_rescan,2.570688
5137,5137,0.76,request_rescan,2.572198
5138,5138,0.9433333333333334,request_rescan,2.572401
5139,5139,0.9433333333333334,request_rescan,2.572739
5140,5140,0.9433333333333334,discard,2.573067
5141,5141,0.9433333333333334,request_rescan,2.574382
5142,5142,0.9433333333333334,request_rescan,2.574709
5143,5143,0.9433333333333334,request_rescan,2.575025
5144,5144,0.9433333333333334,request_rescan,2.575325
5145,5145,0.9433333333333334,discard,2.576527
5146,5146,0.9433333333333334,request_rescan,2.576847
5147,5147,0.9433333333333334,request_rescan,2.577173
5148,5148,0.9433333333333334,request_rescan,2.577475
5149,5149,0.9433333333333334,discard,2.57877
5150,5150,0.9433333333333334,request_rescan,2.579108
5151,5151,0.9433333333333334,discard,2.579428
5152,5152,0.9433333333333334,discard,2.579733
5153,5153,0.9433333333333334,discard,2.581059
5154,5154,0.9433333333333334,discard,2.581389
5155,5155,0.9433333333333334,request_rescan,2.581699
5156,5156,0.9433333333333334,request_rescan,2.582003
5157,5157,0.9433333333333334,discard,2.583265
5158,5158,0.9433333333333334,request_rescan,2.583586
5159,5159,0.9433333333333334,request_rescan,2.583907
5160,5160,0.9433333333333334,discard,2.58421
5161,5161,0.76,log_and_continue,2.585477
5162,5162,0.9433333333333334,discard,2.585813
5163,5163,0.9433333333333334,discard,2.586139
5164,5164,0.9433333333333334,discard,2.58644
5165,5165,0.9433333333333334,discard,2.587755
5166,5166,0.9433333333333334,discard,2.588093
5167,5167,0.9433333333333334,discard,2.588401
5168,5168,0.9433333333333334,request_rescan,2.588703
5169,5169,0.9433333333333334,discard,2.589905
5170,5170,0.9433333333333334,request_rescan,2.590254
5171,5171,0.9433333333333334,request_rescan,2.590608
5172,5172,0.9433333333333334,request_rescan,2.591051
5173,5173,0.9433333333333334,request_rescan,2.594524
5174,5174,0.9433333333333334,request_rescan,2.595241
5175,5175,0.9433333333333334,request_rescan,2.595899
5176,5176,0.9433333333333334,request_rescan,2.5964
5177,5177,0.76,discard,2.598069
5178,5178,0.9433333333333334,request_rescan,2.598471
5179,5179,0.9433333333333334,request_rescan,2.598819
5180,5180,0.9433333333333334,request_rescan,2.599177
5181,5181,0.9433333333333334,request_rescan,2.601241
5182,5182,0.9433333333333334,discard,2.601773
5183,5183,0.9433333333333334,discard,2.602383
5184,5184,0.9433333333333334,request_rescan,2.602796
5185,5185,0.9433333333333334,request_rescan,2.604817
5186,5186,0.9433333333333334,request_rescan,2.60547
5187,5187,0.9433333333333334,request_rescan,2.605836
5188,5188,0.9433333333333334,discard,2.606184
5189,5189,0.9433333333333334,request_rescan,2.608228
5190,5190,0.9433333333333334,request_rescan,2.608605
5191,5191,0.9433333333333334,request_rescan,2.608952
5192,5192,0.9433333333333334,discard,2.609293
5193,5193,0.9433333333333334,discard,2.61125
5194,5194,0.9433333333333334,discard,2.611599
5195,5195,0.9433333333333334,discard,2.611935
5196,5196,0.9433333333333334,discard,2.612274
5197,5197,0.9433333333333334,request_rescan,2.61418
5198,5198,0.9433333333333334,discard,2.614379
5199,5199,0.9433333333333334,request_rescan,2.614732
5200,5200,0.9433333333333334,request_rescan,2.615091
5201,5201,0.76,log_and_continue,2.61685
5202,5202,0.9433333333333334,discard,2.617246
5203,5203,0.6633333333333333,log_and_continue,2.617427
5204,5204,0.9433333333333334,discard,2.617903
5205,5205,0.9433333333333334,request_rescan,2.619615
5206,5206,0.9433333333333334,discard,2.619959
5207,5207,0.6633333333333333,log_and_continue,2.620142
5208,5208,0.9433333333333334,request_rescan,2.620482
5209,5209,0.9433333333333334,request_rescan,2.621959
5210,5210,0.9433333333333334,discard,2.622294
5211,5211,0.9433333333333334,request_rescan,2.622764
5212,5212,0.9433333333333334,discard,2.62308
5213,5213,0.9433333333333334,discard,2.624494
5214,5214,0.76,log_and_continue,2.624678
5215,5215,0.9433333333333334,discard,2.625012
5216,5216,0.9433333333333334,request_rescan,2.625333
5217,5217,0.9433333333333334,request_rescan,2.626628
5218,5218,0.9433333333333334,request_rescan,2.626978
5219,5219,0.9433333333333334,discard,2.627316
5220,5220,0.9433333333333334,request_rescan,2.62763
5221,5221,0.9433333333333334,request_rescan,2.629231
5222,5222,0.9433333333333334,request_rescan,2.629579
5223,5223,0.9433333333333334,discard,2.62992
5224,5224,0.9433333333333334,discard,2.630256
5225,5225,0.9433333333333334,request_rescan,2.632022
5226,5226,0.9433333333333334,discard,2.632366
5227,5227,0.9433333333333334,discard,2.632692
5228,5228,0.9433333333333334,request_rescan,2.633039
5229,5229,0.9433333333333334,request_rescan,2.635045
5230,5230,0.9433333333333334,request_rescan,2.63565
5231,5231,0.9433333333333334,discard,2.636207
5232,5232,0.9433333333333334,discard,2.636659
5233,5233,0.9433333333333334,discard,2.638591
5234,5234,0.9433333333333334,request_rescan,2.639064
5235,5235,0.9433333333333334,request_rescan,2.639527
5236,5236,0.9433333333333334,request_rescan,2.639978
5237,5237,0.9433333333333334,discard,2.64196
5238,5238,0.9433333333333334,request_rescan,2.642448
5239,5239,0.9433333333333334,request_rescan,2.642923
5240,5240,0.9433333333333334,request_rescan,2.643377
5241,5241,0.9433333333333334,request_rescan,2.645174
5242,5242,0.9433333333333334,discard,2.645498
5243,5243,0.76,discard,2.645671
5244,5244,0.9433333333333334,request_rescan,2.646046
5245,5245,0.9433333333333334,request_rescan,2.647603
5246,5246,0.9433333333333334,discard,2.647953
5247,5247,0.9433333333333334,request_rescan,2.648283
5248,5248,0.9433333333333334,discard,2.648594
5249,5249,0.9433333333333334,discard,2.650076
5250,5250,0.9433333333333334,discard,2.650399
5251,5251,0.9433333333333334,request_rescan,2.650705
5252,5252,0.9433333333333334,discard,2.651019
5253,5253,0.9433333333333334,request_rescan,2.6529
5254,5254,0.9433333333333334,request_rescan,2.653226
5255,5255,0.9433333333333334,discard,2.653527
5256,5256,0.9433333333333334,discard,2.653839
5257,5257,0.9433333333333334,request_rescan,2.655317
5258,5258,0.9433333333333334,request_rescan,2.655634
5259,5259,0.6633333333333333,log_and_continue,2.655804
5260,5260,0.9433333333333334,request_rescan,2.656118
5261,5261,0.9433333333333334,request_rescan,2.657419
5262,5262,0.9433333333333334,discard,2.657733
5263,5263,0.9433333333333334,request_rescan,2.658045
5264,5264,0.9433333333333334,request_rescan,2.658604
5265,5265,0.9433333333333334,request_rescan,2.660083
5266,5266,0.9433333333333334,discard,2.660403
5267,5267,0.9433333333333334,discard,2.660726
5268,5268,0.9433333333333334,request_rescan,2.661034
5269,5269,0.9433333333333334,request_rescan,2.662367
5270,5270,0.9433333333333334,request_rescan,2.662685
5271,5271,0.9433333333333334,request_rescan,2.663004
5272,5272,0.9433333333333334,request_rescan,2.663302
5273,5273,0.9433333333333334,request_rescan,2.664715
5274,5274,0.9433333333333334,request_rescan,2.665214
5275,5275,0.9433333333333334,request_rescan,2.665554
5276,5276,0.9433333333333334,discard,2.665855
5277,5277,0.9433333333333334,request_rescan,2.667324
5278,5278,0.9433333333333334,request_rescan,2.667641
5279,5279,0.9433333333333334,request_rescan,2.668014
5280,5280,0.9433333333333334,request_rescan,2.66839
5281,5281,0.9433333333333334,discard,2.670032
5282,5282,0.6633333333333333,log_and_continue,2.670213
5283,5283,0.9433333333333334,discard,2.670533
5284,5284,0.9433333333333334,discard,2.670845
5285,5285,0.9433333333333334,discard,2.672357
5286,5286,0.9433333333333334,discard,2.672672
5287,5287,0.9433333333333334,request_rescan,2.672986
5288,5288,0.9433333333333334,discard,2.67331
5289,5289,0.9433333333333334,request_rescan,2.674799
5290,5290,0.9433333333333334,request_rescan,2.67512
5291,5291,0.9433333333333334,request_rescan,2.67542
5292,5292,0.9433333333333334,request_rescan,2.67572
5293,5293,0.9433333333333334,request_rescan,2.677183
5294,5294,0.9433333333333334,request_rescan,2.677502
5295,5295,0.9433333333333334,discard,2.677809
5296,5296,0.9433333333333334,request_rescan,2.678124
5297,5297,0.9433333333333334,request_rescan,2.679456
5298,5298,0.9433333333333334,request_rescan,2.679777
5299,5299,0.9433333333333334,request_rescan,2.680096
5300,5300,0.9433333333333334,request_rescan,2.680391
5301,5301,0.9433333333333334,request_rescan,2.68187
5302,5302,0.9433333333333334,request_rescan,2.682201
5303,5303,0.9433333333333334,request_rescan,2.682511
5304,5304,0.9433333333333334,request_rescan,2.682811
5305,5305,0.9433333333333334,discard,2.684124
5306,5306,0.9433333333333334,request_rescan,2.684314
5307,5307,0.9433333333333334,discard,2.684695
5308,5308,0.9433333333333334,discard,2.685088
5309,5309,0.9433333333333334,request_rescan,2.686455
5310,5310,0.9433333333333334,request_rescan,2.686637
5311,5311,0.9433333333333334,discard,2.686955
5312,5312,0.9433333333333334,discard,2.687257
5313,5313,0.9433333333333334,discard,2.688711
5314,5314,0.9433333333333334,request_rescan,2.68926
5315,5315,0.9433333333333334,request_rescan,2.689641
5316,5316,0.9433333333333334,discard,2.689947
5317,5317,0.9433333333333334,request_rescan,2.691423
5318,5318,0.9433333333333334,request_rescan,2.691739
5319,5319,0.9433333333333334,discard,2.692055
5320,5320,0.9433333333333334,request_rescan,2.692372
5321,5321,0.6633333333333333,log_and_continue,2.693676
5322,5322,0.9433333333333334,discard,2.694012
5323,5323,0.9433333333333334,discard,2.69432
5324,5324,0.9433333333333334,discard,2.694631
5325,5325,0.9433333333333334,request_rescan,2.69605
5326,5326,0.9433333333333334,request_rescan,2.696369
5327,5327,0.9433333333333334,request_rescan,2.696673
5328,5328,0.9433333333333334,discard,2.696989
5329,5329,0.9433333333333334,request_rescan,2.698422
5330,5330,0.9433333333333334,discard,2.698742
5331,5331,0.9433333333333334,request_rescan,2.699054
5332,5332,0.9433333333333334,discard,2.699368
5333,5333,0.9433333333333334,request_rescan,2.700895
5334,5334,0.9433333333333334,discard,2.701223
5335,5335,0.9433333333333334,request_rescan,2.701742
5336,5336,0.9433333333333334,request_rescan,2.702136
5337,5337,0.9433333333333334,discard,2.703656
5338,5338,0.9433333333333334,request_rescan,2.703985
5339,5339,0.9433333333333334,discard,2.704294
5340,5340,0.9433333333333334,request_rescan,2.704611
5341,5341,0.9433333333333334,request_rescan,2.706268
5342,5342,0.9433333333333334,request_rescan,2.706587
5343,5343,0.9433333333333334,discard,2.706899
5344,5344,0.9433333333333334,request_rescan,2.707216
5345,5345,0.9433333333333334,request_rescan,2.708689
5346,5346,0.76,discard,2.708869
5347,5347,0.9433333333333334,discard,2.709186
5348,5348,0.9433333333333334,request_rescan,2.709492
5349,5349,0.9433333333333334,request_rescan,2.710934
5350,5350,0.9433333333333334,request_rescan,2.711259
5351,5351,0.9433333333333334,request_rescan,2.711569
5352,5352,0.9433333333333334,request_rescan,2.711889
5353,5353,0.9433333333333334,request_rescan,2.713339
5354,5354,0.9433333333333334,discard,2.713657
5355,5355,0.9433333333333334,request_rescan,2.713971
5356,5356,0.9433333333333334,discard,2.714285
5357,5357,0.9433333333333334,request_rescan,2.715716
5358,5358,0.9433333333333334,request_rescan,2.716051
5359,5359,0.9433333333333334,discard,2.716386
5360,5360,0.9433333333333334,request_rescan,2.716694
5361,5361,0.9433333333333334,request_rescan,2.718048
5362,5362,0.9433333333333334,discard,2.718456
5363,5363,0.9433333333333334,discard,2.718828
5364,5364,0.9433333333333334,request_rescan,2.719133
5365,5365,0.9433333333333334,request_rescan,2.720475
5366,5366,0.9433333333333334,request_rescan,2.720805
5367,5367,0.9433333333333334,discard,2.721118
5368,5368,0.9433333333333334,request_rescan,2.721416
5369,5369,0.9433333333333334,request_rescan,2.72291
5370,5370,0.9433333333333334,request_rescan,2.723234
5371,5371,0.9433333333333334,discard,2.723545
5372,5372,0.9433333333333334,request_rescan,2.723865
5373,5373,0.9433333333333334,discard,2.725213
5374,5374,0.9433333333333334,discard,2.725533
5375,5375,0.9433333333333334,discard,2.725837
5376,5376,0.9433333333333334,discard,2.726158
5377,5377,0.9433333333333334,request_rescan,2.727473
5378,5378,0.9433333333333334,discard,2.727797
5379,5379,0.9433333333333334,discard,2.728111
5380,5380,0.9433333333333334,discard,2.728425
5381,5381,0.9433333333333334,request_rescan,2.729697
5382,5382,0.9433333333333334,discard,2.730042
5383,5383,0.9433333333333334,discard,2.730352
5384,5384,0.9433333333333334,discard,2.730673
5385,5385,0.9433333333333334,discard,2.731986
5386,5386,0.9433333333333334,discard,2.73231
5387,5387,0.9433333333333334,discard,2.732629
5388,5388,0.9433333333333334,request_rescan,2.732941
5389,5389,0.9433333333333334,discard,2.73425
5390,5390,0.9433333333333334,request_rescan,2.734672
5391,5391,0.9433333333333334,discard,2.735142
5392,5392,0.9433333333333334,discard,2.735527
5393,5393,0.9433333333333334,request_rescan,2.736848
5394,5394,0.9433333333333334,request_rescan,2.737185
5395,5395,0.9433333333333334,request_rescan,2.737503
5396,5396,0.9433333333333334,discard,2.737807
5397,5397,0.9433333333333334,discard,2.739235
5398,5398,0.9433333333333334,request_rescan,2.739622
5399,5399,0.9433333333333334,discard,2.739946
5400,5400,0.9433333333333334,discard,2.740249
5401,5401,0.9433333333333334,request_rescan,2.741451
5402,5402,0.9433333333333334,discard,2.741772
5403,5403,0.9433333333333334,discard,2.742091
5404,5404,0.9433333333333334,discard,2.742391
5405,5405,0.9433333333333334,request_rescan,2.743557
5406,5406,0.76,request_rescan,2.743738
5407,5407,0.9433333333333334,request_rescan,2.744065
5408,5408,0.9433333333333334,discard,2.744223
5409,5409,0.9433333333333334,discard,2.745384
5410,5410,0.9433333333333334,request_rescan,2.745706
5411,5411,0.9433333333333334,request_rescan,2.746026
5412,5412,0.9433333333333334,discard,2.746326
5413,5413,0.9433333333333334,discard,2.747621
5414,5414,0.9433333333333334,discard,2.747947
5415,5415,0.9433333333333334,request_rescan,2.748263
5416,5416,0.9433333333333334,request_rescan,2.748577
5417,5417,0.9433333333333334,request_rescan,2.749868
5418,5418,0.9433333333333334,request_rescan,2.750192
5419,5419,0.9433333333333334,request_rescan,2.750494
5420,5420,0.9433333333333334,request_rescan,2.7508
5421,5421,0.9433333333333334,discard,2.752399
5422,5422,0.9433333333333334,discard,2.752721
5423,5423,0.9433333333333334,request_rescan,2.753045
5424,5424,0.9433333333333334,discard,2.753344
5425,5425,0.9433333333333334,request_rescan,2.754623
5426,5426,0.9433333333333334,request_rescan,2.754959
5427,5427,0.9433333333333334,request_rescan,2.75542
5428,5428,0.9433333333333334,request_rescan,2.755718
5429,5429,0.9433333333333334,request_rescan,2.757039
5430,5430,0.9433333333333334,discard,2.757371
5431,5431,0.9433333333333334,request_rescan,2.757699
5432,5432,0.9433333333333334,request_rescan,2.757998
5433,5433,0.9433333333333334,discard,2.759154
5434,5434,0.9433333333333334,discard,2.759483
5435,5435,0.9433333333333334,request_rescan,2.759788
5436,5436,0.9433333333333334,discard,2.76009
5437,5437,0.9433333333333334,request_rescan,2.761247
5438,5438,0.9433333333333334,request_rescan,2.761576
5439,5439,0.9433333333333334,discard,2.761893
5440,5440,0.9433333333333334,discard,2.762193
5441,5441,0.9433333333333334,discard,2.763373
5442,5442,0.9433333333333334,discard,2.763702
5443,5443,0.9433333333333334,request_rescan,2.764019
5444,5444,0.9433333333333334,request_rescan,2.764321
5445,5445,0.9433333333333334,discard,2.765529
5446,5446,0.9433333333333334,request_rescan,2.765851
5447,5447,0.9433333333333334,discard,2.766161
5448,5448,0.9433333333333334,request_rescan,2.766452
5449,5449,0.9433333333333334,discard,2.767594
5450,5450,0.9433333333333334,request_rescan,2.76803
5451,5451,0.9433333333333334,discard,2.768458
5452,5452,0.9433333333333334,request_rescan,2.768828
5453,5453,0.9433333333333334,request_rescan,2.76997
5454,5454,0.76,request_rescan,2.770154
5455,5455,0.9433333333333334,request_rescan,2.770477
5456,5456,0.9433333333333334,discard,2.770779
5457,5457,0.9433333333333334,request_rescan,2.771983
5458,5458,0.9433333333333334,discard,2.772458
5459,5459,0.9433333333333334,request_rescan,2.772767
5460,5460,0.9433333333333334,request_rescan,2.773068
5461,5461,0.9433333333333334,discard,2.774242
5462,5462,0.9433333333333334,discard,2.774573
5463,5463,0.9433333333333334,discard,2.77489
5464,5464,0.9433333333333334,discard,2.775187
5465,5465,0.9433333333333334,discard,2.776387
5466,5466,0.9433333333333334,discard,2.77672
5467,5467,0.76,discard,2.777041
5468,5468,0.9433333333333334,discard,2.777345
5469,5469,0.9433333333333334,discard,2.778559
5470,5470,0.9433333333333334,discard,2.778879
5471,5471,0.9433333333333334,discard,2.779191
5472,5472,0.9433333333333334,discard,2.779499
5473,5473,0.76,discard,2.780707
5474,5474,0.76,discard,2.781026
5475,5475,0.9433333333333334,discard,2.781382
5476,5476,0.76,discard,2.781703
5477,5477,0.9433333333333334,request_rescan,2.783011
5478,5478,0.9433333333333334,discard,2.783328
5479,5479,0.9433333333333334,request_rescan,2.783626
5480,5480,0.9433333333333334,discard,2.783941
5481,5481,0.9433333333333334,discard,2.785448
5482,5482,0.9433333333333334,request_rescan,2.785839
5483,5483,0.9433333333333334,discard,2.786157
5484,5484,0.9433333333333334,request_rescan,2.78647
5485,5485,0.9433333333333334,request_rescan,2.787831
5486,5486,0.9433333333333334,discard,2.788161
5487,5487,0.9433333333333334,request_rescan,2.788484
5488,5488,0.9433333333333334,discard,2.789078
5489,5489,0.6633333333333333,log_and_continue,2.790263
5490,5490,0.9433333333333334,discard,2.790607
5491,5491,0.9433333333333334,discard,2.790936
5492,5492,0.9433333333333334,discard,2.791104
5493,5493,0.76,request_rescan,2.792308
5494,5494,0.9433333333333334,request_rescan,2.792628
5495,5495,0.9433333333333334,request_rescan,2.792951
5496,5496,0.9433333333333334,request_rescan,2.793253
5497,5497,0.9433333333333334,request_rescan,2.79457
5498,5498,0.9433333333333334,request_rescan,2.794892
5499,5499,0.9433333333333334,request_rescan,2.79521
5500,5500,0.9433333333333334,discard,2.795506
5501,5501,0.9433333333333334,discard,2.796798
5502,5502,0.76,request_rescan,2.797131
5503,5503,0.9433333333333334,discard,2.797451
5504,5504,0.76,request_rescan,2.797809
5505,5505,0.9433333333333334,discard,2.799102
5506,5506,0.9433333333333334,request_rescan,2.79942
5507,5507,0.9433333333333334,request_rescan,2.799733
5508,5508,0.76,request_rescan,2.800042
5509,5509,0.9433333333333334,request_rescan,2.801395
5510,5510,0.9433333333333334,discard,2.801842
5511,5511,0.9433333333333334,request_rescan,2.802322
5512,5512,0.9433333333333334,request_rescan,2.802628
5513,5513,0.9433333333333334,discard,2.803966
5514,5514,0.9433333333333334,discard,2.80429
5515,5515,0.9433333333333334,request_rescan,2.804601
5516,5516,0.9433333333333334,discard,2.804918
5517,5517,0.9433333333333334,request_rescan,2.806417
5518,5518,0.9433333333333334,request_rescan,2.806739
5519,5519,0.9433333333333334,discard,2.807058
5520,5520,0.9433333333333334,discard,2.807358
5521,5521,0.9433333333333334,request_rescan,2.808612
5522,5522,0.9433333333333334,discard,2.80894
5523,5523,0.9433333333333334,request_rescan,2.809247
5524,5524,0.9433333333333334,discard,2.80956
5525,5525,0.9433333333333334,request_rescan,2.810903
5526,5526,0.9433333333333334,request_rescan,2.81123
5527,5527,0.9433333333333334,discard,2.811537
5528,5528,0.9433333333333334,discard,2.811853
5529,5529,0.9433333333333334,request_rescan,2.813156
5530,5530,0.9433333333333334,request_rescan,2.813479
5531,5531,0.9433333333333334,discard,2.813796
5532,5532,0.76,log_and_continue,2.813969
5533,5533,0.9433333333333334,discard,2.81535
5534,5534,0.9433333333333334,discard,2.815676
5535,5535,0.9433333333333334,discard,2.815995
5536,5536,0.9433333333333334,discard,2.816299
5537,5537,0.9433333333333334,discard,2.817586
5538,5538,0.9433333333333334,request_rescan,2.817975
5539,5539,0.9433333333333334,request_rescan,2.818373
5540,5540,0.9433333333333334,discard,2.818824
5541,5541,0.9433333333333334,discard,2.820161
5542,5542,0.9433333333333334,request_rescan,2.820485
5543,5543,0.9433333333333334,request_rescan,2.820795
5544,5544,0.9433333333333334,discard,2.821103
5545,5545,0.9433333333333334,discard,2.822749
5546,5546,0.9433333333333334,request_rescan,2.823101
5547,5547,0.9433333333333334,discard,2.823413
5548,5548,0.6633333333333333,log_and_continue,2.823578
5549,5549,0.9433333333333334,discard,2.824912
5550,5550,0.9433333333333334,request_rescan,2.825262
5551,5551,0.9433333333333334,request_rescan,2.825568
5552,5552,0.9433333333333334,request_rescan,2.825872
5553,5553,0.76,request_rescan,2.827098
5554,5554,0.9433333333333334,discard,2.827439
5555,5555,0.9433333333333334,discard,2.827753
5556,5556,0.9433333333333334,discard,2.828064
5557,5557,0.9433333333333334,discard,2.829397
5558,5558,0.9433333333333334,request_rescan,2.829719
5559,5559,0.9433333333333334,discard,2.830047
5560,5560,0.9433333333333334,discard,2.830356
5561,5561,0.9433333333333334,request_rescan,2.831761
5562,5562,0.9433333333333334,request_rescan,2.831942
5563,5563,0.9433333333333334,discard,2.832278
5564,5564,0.9433333333333334,request_rescan,2.832581
5565,5565,0.9433333333333334,discard,2.833917
5566,5566,0.9433333333333334,request_rescan,2.834251
5567,5567,0.9433333333333334,request_rescan,2.834637
5568,5568,0.76,request_rescan,2.835031
5569,5569,0.9433333333333334,request_rescan,2.836394
5570,5570,0.9433333333333334,request_rescan,2.836737
5571,5571,0.9433333333333334,request_rescan,2.837061
5572,5572,0.9433333333333334,request_rescan,2.837362
5573,5573,0.9433333333333334,request_rescan,2.839071
5574,5574,0.9433333333333334,request_rescan,2.839402
5575,5575,0.9433333333333334,request_rescan,2.83971
5576,5576,0.9433333333333334,request_rescan,2.840205
5577,5577,0.9433333333333334,discard,2.841636
5578,5578,0.9433333333333334,request_rescan,2.841957
5579,5579,0.9433333333333334,request_rescan,2.842265
5580,5580,0.9433333333333334,discard,2.84257
5581,5581,0.9433333333333334,request_rescan,2.843942
5582,5582,0.9433333333333334,request_rescan,2.844262
5583,5583,0.9433333333333334,request_rescan,2.844571
5584,5584,0.9433333333333334,discard,2.844882
5585,5585,0.9433333333333334,request_rescan,2.846243
5586,5586,0.9433333333333334,request_rescan,2.846571
5587,5587,0.9433333333333334,request_rescan,2.846879
5588,5588,0.9433333333333334,request_rescan,2.847201
5589,5589,0.9433333333333334,discard,2.848515
5590,5590,0.9433333333333334,request_rescan,2.848832
5591,5591,0.9433333333333334,request_rescan,2.849146
5592,5592,0.9433333333333334,discard,2.849458
5593,5593,0.9433333333333334,request_rescan,2.850903
5594,5594,0.76,discard,2.851331
5595,5595,0.9433333333333334,discard,2.851732
5596,5596,0.9433333333333334,discard,2.85214
5597,5597,0.76,discard,2.85342
5598,5598,0.76,discard,2.853748
5599,5599,0.9433333333333334,request_rescan,2.854063
5600,5600,0.9433333333333334,discard,2.854362
5601,5601,0.9433333333333334,request_rescan,2.855973
5602,5602,0.9433333333333334,discard,2.856294
5603,5603,0.76,discard,2.856603
5604,5604,0.9433333333333334,request_rescan,2.85692
5605,5605,0.76,log_and_continue,2.858127
5606,5606,0.76,discard,2.858464
5607,5607,0.76,discard,2.858786
5608,5608,0.9433333333333334,discard,2.859095
5609,5609,0.9433333333333334,discard,2.860292
5610,5610,0.9433333333333334,request_rescan,2.860607
5611,5611,0.9433333333333334,discard,2.860921
5612,5612,0.9433333333333334,discard,2.861235
5613,5613,0.9433333333333334,discard,2.862451
5614,5614,0.76,discard,2.862774
5615,5615,0.9433333333333334,discard,2.863095
5616,5616,0.9433333333333334,discard,2.863397
5617,5617,0.9433333333333334,discard,2.864732
5618,5618,0.9433333333333334,request_rescan,2.865065
5619,5619,0.76,discard,2.865374
5620,5620,0.9433333333333334,discard,2.865678
5621,5621,0.9433333333333334,discard,2.867054
5622,5622,0.9433333333333334,request_rescan,2.867378
5623,5623,0.9433333333333334,discard,2.867716
5624,5624,0.9433333333333334,request_rescan,2.868279
5625,5625,0.9433333333333334,discard,2.869723
5626,5626,0.9433333333333334,request_rescan,2.870047
5627,5627,0.9433333333333334,discard,2.87035
5628,5628,0.9433333333333334,request_rescan,2.870669
5629,5629,0.9433333333333334,discard,2.872122
5630,5630,0.9433333333333334,discard,2.872445
5631,5631,0.9433333333333334,discard,2.872753
5632,5632,0.9433333333333334,request_rescan,2.87307
5633,5633,0.9433333333333334,request_rescan,2.874327
5634,5634,0.9433333333333334,discard,2.874645
5635,5635,0.9433333333333334,request_rescan,2.874956
5636,5636,0.9433333333333334,request_rescan,2.875273
5637,5637,0.9433333333333334,request_rescan,2.876538
5638,5638,0.9433333333333334,request_rescan,2.876858
5639,5639,0.9433333333333334,request_rescan,2.877181
5640,5640,0.9433333333333334,discard,2.877496
5641,5641,0.9433333333333334,discard,2.878689
5642,5642,0.9433333333333334,request_rescan,2.879014
5643,5643,0.9433333333333334,request_rescan,2.879334
5644,5644,0.9433333333333334,discard,2.879633
5645,5645,0.9433333333333334,request_rescan,2.88077
5646,5646,0.9433333333333334,discard,2.881135
5647,5647,0.9433333333333334,discard,2.881458
5648,5648,0.9433333333333334,request_rescan,2.881757
5649,5649,0.9433333333333334,request_rescan,2.882958
5650,5650,0.9433333333333334,request_rescan,2.883283
5651,5651,0.9433333333333334,discard,2.883587
5652,5652,0.9433333333333334,discard,2.883889
5653,5653,0.9433333333333334,discard,2.885399
5654,5654,0.9433333333333334,request_rescan,2.885802
5655,5655,0.9433333333333334,discard,2.886114
5656,5656,0.9433333333333334,request_rescan,2.88641
5657,5657,0.9433333333333334,discard,2.887627
5658,5658,0.9433333333333334,discard,2.887958
5659,5659,0.9433333333333334,request_rescan,2.888263
5660,5660,0.9433333333333334,request_rescan,2.888567
5661,5661,0.9433333333333334,discard,2.890127
5662,5662,0.9433333333333334,request_rescan,2.890445
5663,5663,0.9433333333333334,request_rescan,2.890748
5664,5664,0.9433333333333334,discard,2.891055
5665,5665,0.9433333333333334,request_rescan,2.892302
5666,5666,0.9433333333333334,discard,2.892617
5667,5667,0.9433333333333334,discard,2.89292
5668,5668,0.9433333333333334,request_rescan,2.893234
5669,5669,0.9433333333333334,discard,2.894379
5670,5670,0.9433333333333334,request_rescan,2.894696
5671,5671,0.9433333333333334,request_rescan,2.895006
5672,5672,0.9433333333333334,request_rescan,2.895314
5673,5673,0.9433333333333334,discard,2.896451
5674,5674,0.9433333333333334,discard,2.896767
5675,5675,0.9433333333333334,request_rescan,2.897089
5676,5676,0.9433333333333334,discard,2.897391
5677,5677,0.9433333333333334,discard,2.89867
5678,5678,0.9433333333333334,discard,2.898999
5679,5679,0.9433333333333334,discard,2.899305
5680,5680,0.9433333333333334,discard,2.899616
5681,5681,0.9433333333333334,discard,2.900897
5682,5682,0.9433333333333334,request_rescan,2.901352
5683,5683,0.9433333333333334,request_rescan,2.901751
5684,5684,0.9433333333333334,discard,2.902157
5685,5685,0.9433333333333334,discard,2.903343
5686,5686,0.9433333333333334,discard,2.903662
5687,5687,0.9433333333333334,discard,2.903976
5688,5688,0.76,log_and_continue,2.904145
5689,5689,0.9433333333333334,request_rescan,2.905454
5690,5690,0.9433333333333334,request_rescan,2.905783
5691,5691,0.9433333333333334,request_rescan,2.906095
5692,5692,0.9433333333333334,discard,2.90639
5693,5693,0.9433333333333334,request_rescan,2.907691
5694,5694,0.9433333333333334,discard,2.908014
5695,5695,0.9433333333333334,request_rescan,2.908327
5696,5696,0.9433333333333334,request_rescan,2.908635
5697,5697,0.9433333333333334,request_rescan,2.909952
5698,5698,0.6633333333333333,log_and_continue,2.910131
5699,5699,0.9433333333333334,request_rescan,2.910456
5700,5700,0.9433333333333334,discard,2.910766
5701,5701,0.9433333333333334,discard,2.912126
5702,5702,0.9433333333333334,request_rescan,2.912445
5703,5703,0.9433333333333334,request_rescan,2.912756
5704,5704,0.9433333333333334,discard,2.91293
5705,5705,0.9433333333333334,request_rescan,2.91416
5706,5706,0.9433333333333334,discard,2.91452
5707,5707,0.9433333333333334,request_rescan,2.914828
5708,5708,0.9433333333333334,request_rescan,2.915154
5709,5709,0.9433333333333334,request_rescan,2.916421
5710,5710,0.9433333333333334,discard,2.916739
5711,5711,0.9433333333333334,request_rescan,2.916923
5712,5712,0.9433333333333334,request_rescan,2.917238
5713,5713,0.9433333333333334,request_rescan,2.918799
5714,5714,0.9433333333333334,discard,2.919125
5715,5715,0.9433333333333334,request_rescan,2.919448
5716,5716,0.9433333333333334,discard,2.919749
5717,5717,0.9433333333333334,request_rescan,2.921067
5718,5718,0.9433333333333334,request_rescan,2.921391
5719,5719,0.9433333333333334,request_rescan,2.921708
5720,5720,0.9433333333333334,request_rescan,2.922321
5721,5721,0.9433333333333334,discard,2.923664
5722,5722,0.9433333333333334,discard,2.923987
5723,5723,0.9433333333333334,request_rescan,2.924297
5724,5724,0.9433333333333334,discard,2.924606
5725,5725,0.9433333333333334,request_rescan,2.926007
5726,5726,0.9433333333333334,discard,2.926325
5727,5727,0.9433333333333334,request_rescan,2.926626
5728,5728,0.9433333333333334,discard,2.926942
5729,5729,0.9433333333333334,request_rescan,2.928265
5730,5730,0.9433333333333334,request_rescan,2.928586
5731,5731,0.76,request_rescan,2.928758
5732,5732,0.9433333333333334,request_rescan,2.929088
5733,5733,0.9433333333333334,request_rescan,2.93032
5734,5734,0.9433333333333334,request_rescan,2.930639
5735,5735,0.9433333333333334,discard,2.930946
5736,5736,0.9433333333333334,discard,2.931305
5737,5737,0.9433333333333334,request_rescan,2.932558
5738,5738,0.9433333333333334,discard,2.932882
5739,5739,0.9433333333333334,request_rescan,2.933201
5740,5740,0.9433333333333334,discard,2.933508
5741,5741,0.9433333333333334,request_rescan,2.934781
5742,5742,0.9433333333333334,discard,2.93517
5743,5743,0.9433333333333334,discard,2.935633
5744,5744,0.9433333333333334,request_rescan,2.935941
5745,5745,0.9433333333333334,discard,2.937256
5746,5746,0.9433333333333334,discard,2.937575
5747,5747,0.9433333333333334,request_rescan,2.937889
5748,5748,0.9433333333333334,discard,2.938373
5749,5749,0.9433333333333334,discard,2.939703
5750,5750,0.9433333333333334,discard,2.940032
5751,5751,0.9433333333333334,discard,2.94034
5752,5752,0.9433333333333334,discard,2.94065
5753,5753,0.9433333333333334,discard,2.941831
5754,5754,0.9433333333333334,request_rescan,2.942158
5755,5755,0.9433333333333334,request_rescan,2.94248
5756,5756,0.9433333333333334,request_rescan,2.942785
5757,5757,0.9433333333333334,request_rescan,2.943946
5758,5758,0.9433333333333334,request_rescan,2.944267
5759,5759,0.9433333333333334,discard,2.94458
5760,5760,0.9433333333333334,request_rescan,2.944884
5761,5761,0.9433333333333334,request_rescan,2.946023
5762,5762,0.9433333333333334,request_rescan,2.946354
5763,5763,0.9433333333333334,discard,2.946659
5764,5764,0.9433333333333334,request_rescan,2.946957
5765,5765,0.9433333333333334,request_rescan,2.948133
5766,5766,0.9433333333333334,discard,2.948455
5767,5767,0.9433333333333334,discard,2.948759
5768,5768,0.9433333333333334,request_rescan,2.949061
5769,5769,0.76,request_rescan,2.950089
5770,5770,0.9433333333333334,discard,2.950436
5771,5771,0.9433333333333334,discard,2.950744
5772,5772,0.9433333333333334,request_rescan,2.951083
5773,5773,0.9433333333333334,request_rescan,2.952705
5774,5774,0.9433333333333334,discard,2.953044
5775,5775,0.9433333333333334,request_rescan,2.953354
5776,5776,0.9433333333333334,discard,2.953649
5777,5777,0.9433333333333334,discard,2.954829
5778,5778,0.9433333333333334,request_rescan,2.955367
5779,5779,0.9433333333333334,request_rescan,2.955683
5780,5780,0.9433333333333334,request_rescan,2.955991
5781,5781,0.9433333333333334,request_rescan,2.957271
5782,5782,0.9433333333333334,discard,2.957589
5783,5783,0.9433333333333334,discard,2.957908
5784,5784,0.9433333333333334,discard,2.958209
5785,5785,0.9433333333333334,discard,2.959433
5786,5786,0.9433333333333334,discard,2.959757
5787,5787,0.9433333333333334,request_rescan,2.960069
5788,5788,0.9433333333333334,discard,2.960362
5789,5789,0.9433333333333334,request_rescan,2.961728
5790,5790,0.9433333333333334,request_rescan,2.961913
5791,5791,0.9433333333333334,request_rescan,2.962238
5792,5792,0.9433333333333334,discard,2.962553
5793,5793,0.76,log_and_continue,2.963831
5794,5794,0.9433333333333334,discard,2.964187
5795,5795,0.9433333333333334,discard,2.964512
5796,5796,0.9433333333333334,request_rescan,2.964838
5797,5797,0.9433333333333334,request_rescan,2.966207
5798,5798,0.9433333333333334,discard,2.966525
5799,5799,0.9433333333333334,discard,2.966838
5800,5800,0.9433333333333334,discard,2.96715
5801,5801,0.9433333333333334,request_rescan,2.968716
5802,5802,0.9433333333333334,discard,2.969118
5803,5803,0.9433333333333334,discard,2.969427
5804,5804,0.9433333333333334,request_rescan,2.969721
5805,5805,0.76,discard,2.970941
5806,5806,0.9433333333333334,request_rescan,2.971279
5807,5807,0.9433333333333334,discard,2.971598
5808,5808,0.9433333333333334,request_rescan,2.972158
5809,5809,0.9433333333333334,request_rescan,2.973554
5810,5810,0.9433333333333334,request_rescan,2.973886
5811,5811,0.9433333333333334,discard,2.974194
5812,5812,0.9433333333333334,discard,2.974492
5813,5813,0.76,request_rescan,2.97583
5814,5814,0.9433333333333334,request_rescan,2.976158
5815,5815,0.9433333333333334,discard,2.976475
5816,5816,0.9433333333333334,request_rescan,2.976806
5817,5817,0.9433333333333334,request_rescan,2.978202
5818,5818,0.9433333333333334,discard,2.97838
5819,5819,0.76,request_rescan,2.978719
5820,5820,0.9433333333333334,discard,2.979027
5821,5821,0.6633333333333333,log_and_continue,2.980283
5822,5822,0.9433333333333334,request_rescan,2.980619
5823,5823,0.9433333333333334,discard,2.98094
5824,5824,0.9433333333333334,request_rescan,2.981318
5825,5825,0.76,discard,2.982456
5826,5826,0.9433333333333334,discard,2.982793
5827,5827,0.9433333333333334,discard,2.983116
5828,5828,0.9433333333333334,discard,2.98343
5829,5829,0.9433333333333334,discard,2.985172
5830,5830,0.9433333333333334,discard,2.98558
5831,5831,0.9433333333333334,request_rescan,2.98589
5832,5832,0.9433333333333334,discard,2.98621
5833,5833,0.9433333333333334,request_rescan,2.987732
5834,5834,0.9433333333333334,discard,2.988261
5835,5835,0.9433333333333334,request_rescan,2.988649
5836,5836,0.9433333333333334,request_rescan,2.988958
5837,5837,0.9433333333333334,discard,2.990332
5838,5838,0.9433333333333334,request_rescan,2.990651
5839,5839,0.9433333333333334,request_rescan,2.990964
5840,5840,0.9433333333333334,request_rescan,2.991275
5841,5841,0.9433333333333334,discard,2.992758
5842,5842,0.9433333333333334,request_rescan,2.99309
5843,5843,0.9433333333333334,discard,2.993393
5844,5844,0.9433333333333334,discard,2.993705
5845,5845,0.9433333333333334,discard,2.99516
5846,5846,0.9433333333333334,request_rescan,2.995477
5847,5847,0.9433333333333334,discard,2.995784
5848,5848,0.9433333333333334,request_rescan,2.996104
5849,5849,0.9433333333333334,request_rescan,2.997513
5850,5850,0.9433333333333334,request_rescan,2.997692
5851,5851,0.9433333333333334,request_rescan,2.998061
5852,5852,0.9433333333333334,request_rescan,2.998237
5853,5853,0.9433333333333334,discard,2.999811
5854,5854,0.9433333333333334,discard,3.000147
5855,5855,0.9433333333333334,request_rescan,3.000462
5856,5856,0.9433333333333334,request_rescan,3.00077
5857,5857,0.9433333333333334,request_rescan,3.002523
5858,5858,0.9433333333333334,request_rescan,3.002887
5859,5859,0.9433333333333334,request_rescan,3.003211
5860,5860,0.9433333333333334,request_rescan,3.003515
5861,5861,0.9433333333333334,discard,3.005069
5862,5862,0.9433333333333334,request_rescan,3.005638
5863,5863,0.9433333333333334,discard,3.005961
5864,5864,0.9433333333333334,request_rescan,3.006305
5865,5865,0.9433333333333334,request_rescan,3.007846
5866,5866,0.6633333333333333,log_and_continue,3.008032
5867,5867,0.9433333333333334,discard,3.008353
5868,5868,0.9433333333333334,request_rescan,3.008654
5869,5869,0.9433333333333334,request_rescan,3.01007
5870,5870,0.9433333333333334,request_rescan,3.010402
5871,5871,0.9433333333333334,discard,3.01071
5872,5872,0.9433333333333334,request_rescan,3.011017
5873,5873,0.9433333333333334,request_rescan,3.01241
5874,5874,0.9433333333333334,discard,3.012747
5875,5875,0.9433333333333334,discard,3.013064
5876,5876,0.9433333333333334,discard,3.013363
5877,5877,0.9433333333333334,request_rescan,3.014744
5878,5878,0.9433333333333334,request_rescan,3.015069
5879,5879,0.9433333333333334,discard,3.015371
5880,5880,0.9433333333333334,request_rescan,3.015667
5881,5881,0.9433333333333334,discard,3.017037
5882,5882,0.9433333333333334,request_rescan,3.017371
5883,5883,0.9433333333333334,request_rescan,3.017682
5884,5884,0.9433333333333334,discard,3.018055
5885,5885,0.9433333333333334,request_rescan,3.019966
5886,5886,0.9433333333333334,request_rescan,3.020297
5887,5887,0.9433333333333334,discard,3.02062
5888,5888,0.9433333333333334,discard,3.020931
5889,5889,0.9433333333333334,request_rescan,3.022656
5890,5890,0.9433333333333334,request_rescan,3.023055
5891,5891,0.9433333333333334,request_rescan,3.023369
5892,5892,0.9433333333333334,request_rescan,3.023667
5893,5893,0.9433333333333334,request_rescan,3.025078
5894,5894,0.9433333333333334,discard,3.025409
5895,5895,0.9433333333333334,request_rescan,3.025713
5896,5896,0.9433333333333334,discard,3.026016
5897,5897,0.9433333333333334,discard,3.027416
5898,5898,0.9433333333333334,request_rescan,3.02774
5899,5899,0.9433333333333334,request_rescan,3.028049
5900,5900,0.9433333333333334,discard,3.028342
5901,5901,0.9433333333333334,discard,3.029805
5902,5902,0.9433333333333334,discard,3.030141
5903,5903,0.9433333333333334,request_rescan,3.030446
5904,5904,0.9433333333333334,discard,3.030744
5905,5905,0.9433333333333334,request_rescan,3.032545
5906,5906,0.9433333333333334,request_rescan,3.032873
5907,5907,0.9433333333333334,discard,3.033185
5908,5908,0.9433333333333334,discard,3.033494
5909,5909,0.9433333333333334,discard,3.035343
5910,5910,0.9433333333333334,request_rescan,3.035731
5911,5911,0.9433333333333334,discard,3.036047
5912,5912,0.9433333333333334,discard,3.036361
5913,5913,0.9433333333333334,request_rescan,3.037923
5914,5914,0.9433333333333334,request_rescan,3.038244
5915,5915,0.9433333333333334,discard,3.038811
5916,5916,0.9433333333333334,request_rescan,3.039206
5917,5917,0.9433333333333334,discard,3.040782
5918,5918,0.9433333333333334,discard,3.041111
5919,5919,0.9433333333333334,request_rescan,3.041411
5920,5920,0.9433333333333334,discard,3.041732
5921,5921,0.9433333333333334,request_rescan,3.043252
5922,5922,0.9433333333333334,discard,3.043575
5923,5923,0.9433333333333334,request_rescan,3.043882
5924,5924,0.9433333333333334,discard,3.044206
5925,5925,0.9433333333333334,request_rescan,3.045669
5926,5926,0.9433333333333334,request_rescan,3.045991
5927,5927,0.9433333333333334,discard,3.046297
5928,5928,0.9433333333333334,discard,3.046611
5929,5929,0.9433333333333334,request_rescan,3.048012
5930,5930,0.9433333333333334,request_rescan,3.048341
5931,5931,0.9433333333333334,request_rescan,3.048658
5932,5932,0.9433333333333334,request_rescan,3.048966
5933,5933,0.9433333333333334,discard,3.050369
5934,5934,0.9433333333333334,discard,3.050694
5935,5935,0.9433333333333334,discard,3.051031
5936,5936,0.9433333333333334,request_rescan,3.051561
5937,5937,0.9433333333333334,request_rescan,3.053121
5938,5938,0.76,log_and_continue,3.053302
5939,5939,0.9433333333333334,request_rescan,3.053613
5940,5940,0.9433333333333334,discard,3.05393
5941,5941,0.9433333333333334,request_rescan,3.055467
5942,5942,0.9433333333333334,request_rescan,3.055787
5943,5943,0.9433333333333334,request_rescan,3.056104
5944,5944,0.9433333333333334,discard,3.056411
5945,5945,0.9433333333333334,discard,3.057936
5946,5946,0.9433333333333334,request_rescan,3.058259
5947,5947,0.9433333333333334,request_rescan,3.058566
5948,5948,0.9433333333333334,request_rescan,3.058883
5949,5949,0.9433333333333334,discard,3.060438
5950,5950,0.9433333333333334,discard,3.060757
5951,5951,0.9433333333333334,discard,3.061097
5952,5952,0.9433333333333334,discard,3.061412
5953,5953,0.9433333333333334,discard,3.062887
5954,5954,0.9433333333333334,request_rescan,3.063218
5955,5955,0.9433333333333334,discard,3.063535
5956,5956,0.9433333333333334,discard,3.063833
5957,5957,0.9433333333333334,request_rescan,3.065352
5958,5958,0.9433333333333334,request_rescan,3.065671
5959,5959,0.9433333333333334,request_rescan,3.065987
5960,5960,0.9433333333333334,discard,3.066288
5961,5961,0.9433333333333334,request_rescan,3.06775
5962,5962,0.9433333333333334,discard,3.068291
5963,5963,0.9433333333333334,request_rescan,3.068836
5964,5964,0.9433333333333334,request_rescan,3.069212
5965,5965,0.76,request_rescan,3.070477
5966,5966,0.9433333333333334,discard,3.070806
5967,5967,0.9433333333333334,discard,3.071144
5968,5968,0.9433333333333334,request_rescan,3.07146
5969,5969,0.9433333333333334,discard,3.07304
5970,5970,0.9433333333333334,request_rescan,3.07338
5971,5971,0.9433333333333334,request_rescan,3.073697
5972,5972,0.9433333333333334,discard,3.07402
5973,5973,0.9433333333333334,discard,3.075371
5974,5974,0.9433333333333334,request_rescan,3.075705
5975,5975,0.9433333333333334,request_rescan,3.076016
5976,5976,0.9433333333333334,discard,3.076318
5977,5977,0.9433333333333334,discard,3.077394
5978,5978,0.9433333333333334,discard,3.077729
5979,5979,0.9433333333333334,request_rescan,3.078051
5980,5980,0.76,discard,3.078216
5981,5981,0.9433333333333334,request_rescan,3.079362
5982,5982,0.9433333333333334,discard,3.079695
5983,5983,0.9433333333333334,request_rescan,3.080014
5984,5984,0.76,discard,3.080181
5985,5985,0.76,request_rescan,3.081257
5986,5986,0.9433333333333334,request_rescan,3.081602
5987,5987,0.9433333333333334,request_rescan,3.081919
5988,5988,0.9433333333333334,request_rescan,3.082223
5989,5989,0.9433333333333334,request_rescan,3.083439
5990,5990,0.9433333333333334,discard,3.083767
5991,5991,0.9433333333333334,request_rescan,3.08408
5992,5992,0.9433333333333334,discard,3.084375
5993,5993,0.9433333333333334,request_rescan,3.086071
5994,5994,0.9433333333333334,discard,3.086401
5995,5995,0.9433333333333334,request_rescan,3.086707
5996,5996,0.9433333333333334,request_rescan,3.087018
5997,5997,0.9433333333333334,request_rescan,3.088285
5998,5998,0.9433333333333334,request_rescan,3.088618
5999,5999,0.9433333333333334,request_rescan,3.088936
6000,6000,0.9433333333333334,request_rescan,3.08952
6001,6001,0.9433333333333334,discard,3.090877
6002,6002,0.9433333333333334,request_rescan,3.091227
6003,6003,0.9433333333333334,request_rescan,3.091535
6004,6004,0.9433333333333334,discard,3.091833
6005,6005,0.9433333333333334,discard,3.093041
6006,6006,0.9433333333333334,request_rescan,3.093371
6007,6007,0.9433333333333334,discard,3.093686
6008,6008,0.9433333333333334,discard,3.094003
6009,6009,0.9433333333333334,request_rescan,3.0952
6010,6010,0.9433333333333334,discard,3.095527
6011,6011,0.9433333333333334,discard,3.095833
6012,6012,0.9433333333333334,request_rescan,3.096139
6013,6013,0.9433333333333334,request_rescan,3.097324
6014,6014,0.9433333333333334,discard,3.097654
6015,6015,0.9433333333333334,request_rescan,3.097822
6016,6016,0.9433333333333334,request_rescan,3.098132
6017,6017,0.9433333333333334,discard,3.099279
6018,6018,0.9433333333333334,request_rescan,3.09961
6019,6019,0.9433333333333334,discard,3.099921
6020,6020,0.9433333333333334,request_rescan,3.10022
6021,6021,0.9433333333333334,request_rescan,3.101238
6022,6022,0.9433333333333334,request_rescan,3.101782
6023,6023,0.9433333333333334,request_rescan,3.102262
6024,6024,0.9433333333333334,discard,3.10256
6025,6025,0.9433333333333334,request_rescan,3.10377
6026,6026,0.9433333333333334,request_rescan,3.104106
6027,6027,0.9433333333333334,discard,3.104416
6028,6028,0.9433333333333334,request_rescan,3.104711
6029,6029,0.9433333333333334,request_rescan,3.106071
6030,6030,0.9433333333333334,discard,3.106441
6031,6031,0.9433333333333334,request_rescan,3.106763
6032,6032,0.9433333333333334,discard,3.107072
6033,6033,0.9433333333333334,request_rescan,3.108328
6034,6034,0.9433333333333334,discard,3.108657
6035,6035,0.9433333333333334,request_rescan,3.108966
6036,6036,0.9433333333333334,discard,3.109265
6037,6037,0.9433333333333334,discard,3.11041
6038,6038,0.9433333333333334,discard,3.110736
6039,6039,0.9433333333333334,request_rescan,3.111047
6040,6040,0.9433333333333334,request_rescan,3.111342
6041,6041,0.9433333333333334,request_rescan,3.112485
6042,6042,0.6633333333333333,log_and_continue,3.112657
6043,6043,0.9433333333333334,discard,3.112984
6044,6044,0.9433333333333334,request_rescan,3.113291
6045,6045,0.9433333333333334,request_rescan,3.11448
6046,6046,0.76,request_rescan,3.114662
6047,6047,0.9433333333333334,discard,3.114997
6048,6048,0.9433333333333334,discard,3.11531
6049,6049,0.9433333333333334,request_rescan,3.11646
6050,6050,0.9433333333333334,request_rescan,3.11678
6051,6051,0.9433333333333334,discard,3.117103
6052,6052,0.9433333333333334,discard,3.117405
6053,6053,0.9433333333333334,request_rescan,3.118871
6054,6054,0.9433333333333334,request_rescan,3.119278
6055,6055,0.9433333333333334,request_rescan,3.119586
6056,6056,0.9433333333333334,discard,3.119892
6057,6057,0.9433333333333334,discard,3.121094
6058,6058,0.9433333333333334,request_rescan,3.121427
6059,6059,0.9433333333333334,discard,3.121738
6060,6060,0.9433333333333334,request_rescan,3.12229
6061,6061,0.9433333333333334,discard,3.123521
6062,6062,0.9433333333333334,discard,3.123847
6063,6063,0.9433333333333334,discard,3.124159
6064,6064,0.9433333333333334,discard,3.124461
6065,6065,0.9433333333333334,request_rescan,3.125613
6066,6066,0.9433333333333334,request_rescan,3.125955
6067,6067,0.9433333333333334,request_rescan,3.126263
6068,6068,0.9433333333333334,discard,3.126561
6069,6069,0.6633333333333333,log_and_continue,3.127602
6070,6070,0.9433333333333334,request_rescan,3.127949
6071,6071,0.9433333333333334,discard,3.12826
6072,6072,0.9433333333333334,discard,3.128554
6073,6073,0.9433333333333334,request_rescan,3.129722
6074,6074,0.9433333333333334,request_rescan,3.129905
6075,6075,0.9433333333333334,discard,3.130233
6076,6076,0.9433333333333334,discard,3.130539
6077,6077,0.9433333333333334,request_rescan,3.131739
6078,6078,0.9433333333333334,request_rescan,3.132078
6079,6079,0.9433333333333334,request_rescan,3.132388
6080,6080,0.9433333333333334,discard,3.132686
6081,6081,0.9433333333333334,discard,3.133834
6082,6082,0.9433333333333334,discard,3.134166
6083,6083,0.9433333333333334,discard,3.134502
6084,6084,0.9433333333333334,request_rescan,3.135022
6085,6085,0.9433333333333334,request_rescan,3.13641
6086,6086,0.9433333333333334,request_rescan,3.136738
6087,6087,0.9433333333333334,discard,3.137051
6088,6088,0.9433333333333334,request_rescan,3.137346
6089,6089,0.76,discard,3.138588
6090,6090,0.9433333333333334,discard,3.138999
6091,6091,0.9433333333333334,request_rescan,3.139309
6092,6092,0.9433333333333334,request_rescan,3.139616
6093,6093,0.9433333333333334,discard,3.140937
6094,6094,0.9433333333333334,discard,3.141257
6095,6095,0.9433333333333334,discard,3.14156
6096,6096,0.9433333333333334,discard,3.141876
6097,6097,0.9433333333333334,request_rescan,3.143222
6098,6098,0.9433333333333334,discard,3.143539
6099,6099,0.9433333333333334,request_rescan,3.143844
6100,6100,0.9433333333333334,discard,3.14416
6101,6101,0.9433333333333334,discard,3.14542
6102,6102,0.9433333333333334,discard,3.145742
6103,6103,0.9433333333333334,discard,3.146067
6104,6104,0.9433333333333334,request_rescan,3.14637
6105,6105,0.9433333333333334,request_rescan,3.147619
6106,6106,0.9433333333333334,request_rescan,3.147944
6107,6107,0.9433333333333334,discard,3.148253
6108,6108,0.9433333333333334,request_rescan,3.148568
6109,6109,0.9433333333333334,request_rescan,3.149863
6110,6110,0.9433333333333334,request_rescan,3.150186
6111,6111,0.9433333333333334,request_rescan,3.15049
6112,6112,0.9433333333333334,discard,3.150804
6113,6113,0.9433333333333334,request_rescan,3.152363
6114,6114,0.9433333333333334,discard,3.152686
6115,6115,0.9433333333333334,discard,3.153003
6116,6116,0.9433333333333334,discard,3.153306
6117,6117,0.9433333333333334,request_rescan,3.154622
6118,6118,0.9433333333333334,discard,3.154944
6119,6119,0.9433333333333334,request_rescan,3.15525
6120,6120,0.9433333333333334,discard,3.155782
6121,6121,0.9433333333333334,request_rescan,3.157175
6122,6122,0.9433333333333334,discard,3.157494
6123,6123,0.9433333333333334,request_rescan,3.157794
6124,6124,0.9433333333333334,request_rescan,3.158107
6125,6125,0.9433333333333334,discard,3.159422
6126,6126,0.9433333333333334,discard,3.15974
6127,6127,0.9433333333333334,discard,3.16005
6128,6128,0.9433333333333334,request_rescan,3.160364
6129,6129,0.9433333333333334,request_rescan,3.161553
6130,6130,0.9433333333333334,request_rescan,3.161871
6131,6131,0.9433333333333334,discard,3.162183
6132,6132,0.9433333333333334,discard,3.162497
6133,6133,0.9433333333333334,discard,3.163682
6134,6134,0.9433333333333334,discard,3.164007
6135,6135,0.9433333333333334,request_rescan,3.164321
6136,6136,0.9433333333333334,discard,3.164621
6137,6137,0.9433333333333334,request_rescan,3.165871
6138,6138,0.9433333333333334,discard,3.166191
6139,6139,0.9433333333333334,request_rescan,3.166488
6140,6140,0.9433333333333334,discard,3.166793
6141,6141,0.9433333333333334,request_rescan,3.168133
6142,6142,0.9433333333333334,request_rescan,3.168514
6143,6143,0.76,log_and_continue,3.168689
6144,6144,0.9433333333333334,discard,3.169074
6145,6145,0.9433333333333334,discard,3.170329
6146,6146,0.9433333333333334,request_rescan,3.170653
6147,6147,0.9433333333333334,request_rescan,3.170962
6148,6148,0.9433333333333334,request_rescan,3.171276
6149,6149,0.9433333333333334,request_rescan,3.172823
6150,6150,0.9433333333333334,discard,3.173163
6151,6151,0.9433333333333334,request_rescan,3.173481
6152,6152,0.9433333333333334,discard,3.173809
6153,6153,0.9433333333333334,discard,3.175081
6154,6154,0.9433333333333334,request_rescan,3.175406
6155,6155,0.9433333333333334,request_rescan,3.175724
6156,6156,0.9433333333333334,request_rescan,3.176066
6157,6157,0.9433333333333334,discard,3.177224
6158,6158,0.9433333333333334,request_rescan,3.177543
6159,6159,0.9433333333333334,request_rescan,3.177873
6160,6160,0.9433333333333334,discard,3.178187
6161,6161,0.76,request_rescan,3.179284
6162,6162,0.9433333333333334,discard,3.179619
6163,6163,0.9433333333333334,request_rescan,3.179945
6164,6164,0.9433333333333334,discard,3.180254
6165,6165,0.9433333333333334,discard,3.181478
6166,6166,0.9433333333333334,discard,3.181818
6167,6167,0.9433333333333334,discard,3.182132
6168,6168,0.9433333333333334,request_rescan,3.182429
6169,6169,0.9433333333333334,request_rescan,3.183593
6170,6170,0.9433333333333334,request_rescan,3.18393
6171,6171,0.9433333333333334,request_rescan,3.184237
6172,6172,0.9433333333333334,discard,3.184614
6173,6173,0.9433333333333334,request_rescan,3.185938
6174,6174,0.9433333333333334,discard,3.186268
6175,6175,0.9433333333333334,discard,3.186578
6176,6176,0.9433333333333334,request_rescan,3.186877
6177,6177,0.9433333333333334,discard,3.188099
6178,6178,0.9433333333333334,request_rescan,3.188432
6179,6179,0.9433333333333334,discard,3.188736
6180,6180,0.9433333333333334,discard,3.189207
6181,6181,0.9433333333333334,discard,3.190494
6182,6182,0.9433333333333334,request_rescan,3.190825
6183,6183,0.9433333333333334,discard,3.191139
6184,6184,0.9433333333333334,request_rescan,3.191457
6185,6185,0.9433333333333334,discard,3.192635
6186,6186,0.9433333333333334,discard,3.192956
6187,6187,0.9433333333333334,discard,3.193274
6188,6188,0.9433333333333334,discard,3.193573
6189,6189,0.9433333333333334,discard,3.194816
6190,6190,0.76,discard,3.19501
6191,6191,0.9433333333333334,request_rescan,3.195333
6192,6192,0.9433333333333334,discard,3.195644
6193,6193,0.9433333333333334,request_rescan,3.196886
6194,6194,0.9433333333333334,request_rescan,3.197203
6195,6195,0.9433333333333334,discard,3.197502
6196,6196,0.9433333333333334,request_rescan,3.197843
6197,6197,0.9433333333333334,request_rescan,3.199002
6198,6198,0.9433333333333334,request_rescan,3.199322
6199,6199,0.9433333333333334,request_rescan,3.19962
6200,6200,0.9433333333333334,discard,3.199915
6201,6201,0.9433333333333334,request_rescan,3.201118
6202,6202,0.9433333333333334,discard,3.201616
6203,6203,0.9433333333333334,discard,3.20217
6204,6204,0.9433333333333334,request_rescan,3.202536
6205,6205,0.9433333333333334,request_rescan,3.203742
6206,6206,0.9433333333333334,discard,3.204077
6207,6207,0.9433333333333334,request_rescan,3.204384
6208,6208,0.9433333333333334,discard,3.204678
6209,6209,0.9433333333333334,request_rescan,3.206069
6210,6210,0.9433333333333334,request_rescan,3.206392
6211,6211,0.76,log_and_continue,3.206562
6212,6212,0.9433333333333334,discard,3.206881
6213,6213,0.9433333333333334,request_rescan,3.208062
6214,6214,0.9433333333333334,discard,3.208375
6215,6215,0.9433333333333334,request_rescan,3.208675
6216,6216,0.9433333333333334,discard,3.208973
6217,6217,0.9433333333333334,request_rescan,3.210165
6218,6218,0.9433333333333334,request_rescan,3.210498
6219,6219,0.9433333333333334,discard,3.210802
6220,6220,0.9433333333333334,discard,3.211141
6221,6221,0.9433333333333334,request_rescan,3.212382
6222,6222,0.9433333333333334,discard,3.212702
6223,6223,0.9433333333333334,request_rescan,3.213032
6224,6224,0.9433333333333334,discard,3.213338
6225,6225,0.9433333333333334,request_rescan,3.21468
6226,6226,0.9433333333333334,discard,3.215007
6227,6227,0.9433333333333334,discard,3.21531
6228,6228,0.9433333333333334,discard,3.21562
6229,6229,0.9433333333333334,discard,3.216894
6230,6230,0.9433333333333334,request_rescan,3.217213
6231,6231,0.9433333333333334,request_rescan,3.217518
6232,6232,0.9433333333333334,discard,3.217903
6233,6233,0.9433333333333334,discard,3.21939
6234,6234,0.9433333333333334,discard,3.219706
6235,6235,0.9433333333333334,request_rescan,3.22002
6236,6236,0.9433333333333334,discard,3.220323
6237,6237,0.9433333333333334,discard,3.221685
6238,6238,0.9433333333333334,request_rescan,3.222023
6239,6239,0.9433333333333334,request_rescan,3.222559
6240,6240,0.9433333333333334,request_rescan,3.222877
6241,6241,0.9433333333333334,discard,3.224245
6242,6242,0.9433333333333334,discard,3.224564
6243,6243,0.9433333333333334,request_rescan,3.22489
6244,6244,0.9433333333333334,discard,3.225223
6245,6245,0.9433333333333334,discard,3.226531
6246,6246,0.9433333333333334,discard,3.226863
6247,6247,0.9433333333333334,discard,3.227175
6248,6248,0.9433333333333334,request_rescan,3.227474
6249,6249,0.9433333333333334,request_rescan,3.228632
6250,6250,0.9433333333333334,discard,3.228965
6251,6251,0.9433333333333334,request_rescan,3.229269
6252,6252,0.9433333333333334,discard,3.229562
6253,6253,0.9433333333333334,request_rescan,3.230692
6254,6254,0.9433333333333334,request_rescan,3.23103
6255,6255,0.9433333333333334,discard,3.231397
6256,6256,0.9433333333333334,request_rescan,3.231697
6257,6257,0.9433333333333334,request_rescan,3.232841
6258,6258,0.9433333333333334,discard,3.233173
6259,6259,0.9433333333333334,discard,3.23348
6260,6260,0.9433333333333334,request_rescan,3.233774
6261,6261,0.9433333333333334,discard,3.235444
6262,6262,0.9433333333333334,request_rescan,3.235851
6263,6263,0.9433333333333334,request_rescan,3.236169
6264,6264,0.76,request_rescan,3.236469
6265,6265,0.76,request_rescan,3.237993
6266,6266,0.9433333333333334,discard,3.238333
6267,6267,0.9433333333333334,request_rescan,3.238938
6268,6268,0.9433333333333334,request_rescan,3.239247
6269,6269,0.9433333333333334,request_rescan,3.240776
6270,6270,0.9433333333333334,discard,3.241133
6271,6271,0.9433333333333334,request_rescan,3.241443
6272,6272,0.9433333333333334,discard,3.241753
6273,6273,0.9433333333333334,request_rescan,3.24318
6274,6274,0.9433333333333334,request_rescan,3.243509
6275,6275,0.9433333333333334,request_rescan,3.243813
6276,6276,0.9433333333333334,discard,3.244118
6277,6277,0.9433333333333334,request_rescan,3.245445
6278,6278,0.9433333333333334,discard,3.245774
6279,6279,0.9433333333333334,request_rescan,3.246089
6280,6280,0.9433333333333334,request_rescan,3.246387
6281,6281,0.76,discard,3.247609
6282,6282,0.9433333333333334,discard,3.247962
6283,6283,0.9433333333333334,request_rescan,3.248294
6284,6284,0.9433333333333334,discard,3.248599
6285,6285,0.9433333333333334,discard,3.249916
6286,6286,0.9433333333333334,discard,3.250254
6287,6287,0.9433333333333334,request_rescan,3.250565
6288,6288,0.9433333333333334,discard,3.250877
6289,6289,0.9433333333333334,discard,3.252398
6290,6290,0.9433333333333334,request_rescan,3.252731
6291,6291,0.9433333333333334,request_rescan,3.253044
6292,6292,0.9433333333333334,request_rescan,3.253346
6293,6293,0.9433333333333334,discard,3.254734
6294,6294,0.9433333333333334,request_rescan,3.255064
6295,6295,0.9433333333333334,discard,3.255396
6296,6296,0.9433333333333334,request_rescan,3.255704
6297,6297,0.9433333333333334,discard,3.257187
6298,6298,0.9433333333333334,request_rescan,3.25752
6299,6299,0.9433333333333334,request_rescan,3.257827
6300,6300,0.9433333333333334,discard,3.258136
6301,6301,0.76,discard,3.259449
6302,6302,0.9433333333333334,discard,3.259785
6303,6303,0.76,discard,3.26011
6304,6304,0.9433333333333334,discard,3.260412
6305,6305,0.9433333333333334,discard,3.261719
6306,6306,0.9433333333333334,discard,3.26206
6307,6307,0.9433333333333334,discard,3.26237
6308,6308,0.9433333333333334,discard,3.262663
6309,6309,0.9433333333333334,discard,3.263917
6310,6310,0.9433333333333334,request_rescan,3.264248
6311,6311,0.9433333333333334,discard,3.264553
6312,6312,0.9433333333333334,request_rescan,3.264848
6313,6313,0.9433333333333334,request_rescan,3.266052
6314,6314,0.9433333333333334,discard,3.266381
6315,6315,0.9433333333333334,request_rescan,3.266687
6316,6316,0.9433333333333334,request_rescan,3.266987
6317,6317,0.9433333333333334,request_rescan,3.268467
6318,6318,0.9433333333333334,discard,3.268871
6319,6319,0.9433333333333334,request_rescan,3.2692
6320,6320,0.9433333333333334,request_rescan,3.269507
6321,6321,0.9433333333333334,discard,3.270759
6322,6322,0.9433333333333334,discard,3.271091
6323,6323,0.9433333333333334,discard,3.271422
6324,6324,0.9433333333333334,request_rescan,3.271738
6325,6325,0.9433333333333334,discard,3.27311
6326,6326,0.9433333333333334,request_rescan,3.27344
6327,6327,0.9433333333333334,discard,3.273745
6328,6328,0.9433333333333334,discard,3.274045
6329,6329,0.9433333333333334,request_rescan,3.275167
6330,6330,0.9433333333333334,discard,3.275518
6331,6331,0.9433333333333334,request_rescan,3.275836
6332,6332,0.9433333333333334,request_rescan,3.276151
6333,6333,0.9433333333333334,discard,3.277466
6334,6334,0.9433333333333334,request_rescan,3.277795
6335,6335,0.9433333333333334,request_rescan,3.278111
6336,6336,0.9433333333333334,request_rescan,3.278413
6337,6337,0.9433333333333334,discard,3.279674
6338,6338,0.9433333333333334,request_rescan,3.280005
6339,6339,0.9433333333333334,discard,3.280317
6340,6340,0.9433333333333334,request_rescan,3.280621
6341,6341,0.9433333333333334,discard,3.281829
6342,6342,0.9433333333333334,discard,3.282165
6343,6343,0.9433333333333334,request_rescan,3.282473
6344,6344,0.9433333333333334,discard,3.282771
6345,6345,0.9433333333333334,request_rescan,3.284076
6346,6346,0.9433333333333334,discard,3.284436
6347,6347,0.9433333333333334,discard,3.28498
6348,6348,0.9433333333333334,request_rescan,3.285464
6349,6349,0.9433333333333334,request_rescan,3.286787
6350,6350,0.9433333333333334,request_rescan,3.287132
6351,6351,0.9433333333333334,discard,3.28745
6352,6352,0.9433333333333334,discard,3.28775
6353,6353,0.9433333333333334,request_rescan,3.289007
6354,6354,0.9433333333333334,discard,3.289543
6355,6355,0.9433333333333334,request_rescan,3.289857
6356,6356,0.9433333333333334,request_rescan,3.290163
6357,6357,0.9433333333333334,request_rescan,3.291446
6358,6358,0.9433333333333334,request_rescan,3.291782
6359,6359,0.9433333333333334,request_rescan,3.292104
6360,6360,0.9433333333333334,discard,3.292404
6361,6361,0.9433333333333334,discard,3.29366
6362,6362,0.9433333333333334,request_rescan,3.293845
6363,6363,0.9433333333333334,discard,3.294184
6364,6364,0.9433333333333334,discard,3.29449
6365,6365,0.9433333333333334,request_rescan,3.295657
6366,6366,0.9433333333333334,request_rescan,3.295997
6367,6367,0.76,log_and_continue,3.296169
6368,6368,0.9433333333333334,request_rescan,3.296476
6369,6369,0.9433333333333334,discard,3.297666
6370,6370,0.76,discard,3.298066
6371,6371,0.9433333333333334,discard,3.298381
6372,6372,0.76,discard,3.29868
6373,6373,0.9433333333333334,discard,3.299839
6374,6374,0.9433333333333334,discard,3.30018
6375,6375,0.76,discard,3.300489
6376,6376,0.9433333333333334,request_rescan,3.300789
6377,6377,0.9433333333333334,discard,3.302521
6378,6378,0.9433333333333334,request_rescan,3.302868
6379,6379,0.76,discard,3.303193
6380,6380,0.76,log_and_continue,3.303361
6381,6381,0.9433333333333334,discard,3.304801
6382,6382,0.9433333333333334,discard,3.305141
6383,6383,0.9433333333333334,request_rescan,3.305612
6384,6384,0.9433333333333334,discard,3.305981
6385,6385,0.9433333333333334,discard,3.307376
6386,6386,0.9433333333333334,discard,3.307707
6387,6387,0.9433333333333334,request_rescan,3.308023
6388,6388,0.9433333333333334,discard,3.308325
6389,6389,0.9433333333333334,request_rescan,3.309582
6390,6390,0.9433333333333334,discard,3.309919
6391,6391,0.9433333333333334,request_rescan,3.310228
6392,6392,0.9433333333333334,request_rescan,3.310528
6393,6393,0.9433333333333334,discard,3.311878
6394,6394,0.9433333333333334,request_rescan,3.312208
6395,6395,0.9433333333333334,discard,3.312515
6396,6396,0.9433333333333334,discard,3.312812
6397,6397,0.9433333333333334,discard,3.31414
6398,6398,0.9433333333333334,request_rescan,3.314475
6399,6399,0.9433333333333334,request_rescan,3.314788
6400,6400,0.9433333333333334,request_rescan,3.315092
6401,6401,0.9433333333333334,request_rescan,3.316308
6402,6402,0.9433333333333334,request_rescan,3.316635
6403,6403,0.9433333333333334,discard,3.316952
6404,6404,0.9433333333333334,discard,3.317253
6405,6405,0.9433333333333334,discard,3.318638
6406,6406,0.9433333333333334,request_rescan,3.319049
6407,6407,0.9433333333333334,request_rescan,3.319365
6408,6408,0.9433333333333334,discard,3.319673
6409,6409,0.9433333333333334,request_rescan,3.320831
6410,6410,0.9433333333333334,discard,3.321171
6411,6411,0.9433333333333334,request_rescan,3.321722
6412,6412,0.9433333333333334,discard,3.322098
6413,6413,0.9433333333333334,request_rescan,3.323401
6414,6414,0.9433333333333334,discard,3.323734
6415,6415,0.9433333333333334,discard,3.324047
6416,6416,0.9433333333333334,request_rescan,3.324345
6417,6417,0.9433333333333334,discard,3.325534
6418,6418,0.9433333333333334,discard,3.325868
6419,6419,0.9433333333333334,request_rescan,3.326183
6420,6420,0.76,discard,3.326359
6421,6421,0.9433333333333334,discard,3.327532
6422,6422,0.9433333333333334,discard,3.327866
6423,6423,0.9433333333333334,request_rescan,3.328283
6424,6424,0.9433333333333334,discard,3.328608
6425,6425,0.9433333333333334,request_rescan,3.329836
6426,6426,0.9433333333333334,discard,3.330165
6427,6427,0.9433333333333334,discard,3.330474
6428,6428,0.9433333333333334,request_rescan,3.33077
6429,6429,0.9433333333333334,discard,3.332076
6430,6430,0.9433333333333334,request_rescan,3.33241
6431,6431,0.9433333333333334,request_rescan,3.332719
6432,6432,0.9433333333333334,discard,3.333026
6433,6433,0.9433333333333334,request_rescan,3.334218
6434,6434,0.9433333333333334,discard,3.334664
6435,6435,0.9433333333333334,request_rescan,3.335053
6436,6436,0.9433333333333334,request_rescan,3.335446
6437,6437,0.9433333333333334,request_rescan,3.336778
6438,6438,0.9433333333333334,request_rescan,3.337106
6439,6439,0.9433333333333334,discard,3.337405
6440,6440,0.9433333333333334,discard,3.33771
6441,6441,0.9433333333333334,discard,3.339154
6442,6442,0.76,discard,3.339482
6443,6443,0.9433333333333334,request_rescan,3.339796
6444,6444,0.9433333333333334,request_rescan,3.340118
6445,6445,0.9433333333333334,request_rescan,3.341557
6446,6446,0.76,discard,3.341891
6447,6447,0.9433333333333334,request_rescan,3.342209
6448,6448,0.9433333333333334,request_rescan,3.342515
6449,6449,0.9433333333333334,discard,3.343812
6450,6450,0.9433333333333334,request_rescan,3.344141
6451,6451,0.9433333333333334,request_rescan,3.344443
6452,6452,0.9433333333333334,request_rescan,3.344754
6453,6453,0.9433333333333334,discard,3.346087
6454,6454,0.9433333333333334,discard,3.346407
6455,6455,0.9433333333333334,request_rescan,3.346705
6456,6456,0.9433333333333334,discard,3.347027
6457,6457,0.9433333333333334,request_rescan,3.34832
6458,6458,0.9433333333333334,discard,3.348649
6459,6459,0.9433333333333334,request_rescan,3.348959
6460,6460,0.9433333333333334,request_rescan,3.349258
6461,6461,0.9433333333333334,request_rescan,3.350679
6462,6462,0.9433333333333334,discard,3.351006
6463,6463,0.9433333333333334,discard,3.351376
6464,6464,0.9433333333333334,discard,3.351843
6465,6465,0.9433333333333334,request_rescan,3.353363
6466,6466,0.9433333333333334,discard,3.353681
6467,6467,0.6633333333333333,log_and_continue,3.353867
6468,6468,0.9433333333333334,request_rescan,3.354191
6469,6469,0.9433333333333334,discard,3.3556
6470,6470,0.9433333333333334,discard,3.355928
6471,6471,0.9433333333333334,discard,3.356237
6472,6472,0.9433333333333334,discard,3.356558
6473,6473,0.9433333333333334,discard,3.35795
6474,6474,0.9433333333333334,request_rescan,3.358273
6475,6475,0.9433333333333334,request_rescan,3.358587
6476,6476,0.9433333333333334,discard,3.358915
6477,6477,0.9433333333333334,discard,3.360292
6478,6478,0.9433333333333334,request_rescan,3.360619
6479,6479,0.9433333333333334,discard,3.36094
6480,6480,0.9433333333333334,request_rescan,3.361245
6481,6481,0.9433333333333334,request_rescan,3.362624
6482,6482,0.9433333333333334,discard,3.36296
6483,6483,0.9433333333333334,discard,3.363135
6484,6484,0.9433333333333334,request_rescan,3.363446
6485,6485,0.9433333333333334,request_rescan,3.364771
6486,6486,0.76,request_rescan,3.365105
6487,6487,0.9433333333333334,discard,3.365414
6488,6488,0.9433333333333334,discard,3.365713
6489,6489,0.9433333333333334,discard,3.367099
6490,6490,0.9433333333333334,request_rescan,3.367427
6491,6491,0.9433333333333334,request_rescan,3.367737
6492,6492,0.9433333333333334,discard,3.36822
6493,6493,0.9433333333333334,request_rescan,3.369559
6494,6494,0.9433333333333334,request_rescan,3.369888
6495,6495,0.9433333333333334,request_rescan,3.37021
6496,6496,0.9433333333333334,discard,3.370516
6497,6497,0.9433333333333334,discard,3.372084
6498,6498,0.9433333333333334,request_rescan,3.372577
6499,6499,0.9433333333333334,request_rescan,3.372891
6500,6500,0.9433333333333334,request_rescan,3.373206
6501,6501,0.9433333333333334,request_rescan,3.374736
6502,6502,0.76,discard,3.374917
6503,6503,0.9433333333333334,discard,3.375231
6504,6504,0.9433333333333334,discard,3.375537
6505,6505,0.9433333333333334,discard,3.3769
6506,6506,0.9433333333333334,discard,3.377226
6507,6507,0.9433333333333334,request_rescan,3.377531
6508,6508,0.9433333333333334,discard,3.377826
6509,6509,0.9433333333333334,discard,3.379315
6510,6510,0.9433333333333334,discard,3.379634
6511,6511,0.9433333333333334,discard,3.379955
6512,6512,0.9433333333333334,discard,3.380259
6513,6513,0.9433333333333334,request_rescan,3.381683
6514,6514,0.9433333333333334,request_rescan,3.382121
6515,6515,0.9433333333333334,request_rescan,3.382481
6516,6516,0.9433333333333334,discard,3.382789
6517,6517,0.9433333333333334,discard,3.384263
6518,6518,0.9433333333333334,discard,3.384683
6519,6519,0.9433333333333334,discard,3.385108
6520,6520,0.9433333333333334,request_rescan,3.385498
6521,6521,0.76,request_rescan,3.386888
6522,6522,0.9433333333333334,discard,3.387227
6523,6523,0.9433333333333334,discard,3.387536
6524,6524,0.9433333333333334,discard,3.387846
6525,6525,0.9433333333333334,discard,3.38963
6526,6526,0.9433333333333334,discard,3.389953
6527,6527,0.9433333333333334,request_rescan,3.390254
6528,6528,0.76,request_rescan,3.390433
6529,6529,0.9433333333333334,discard,3.39192
6530,6530,0.9433333333333334,discard,3.392241
6531,6531,0.9433333333333334,discard,3.392542
6532,6532,0.9433333333333334,request_rescan,3.392842
6533,6533,0.9433333333333334,request_rescan,3.394278
6534,6534,0.9433333333333334,discard,3.394594
6535,6535,0.9433333333333334,discard,3.394907
6536,6536,0.76,log_and_continue,3.395074
6537,6537,0.9433333333333334,discard,3.396428
6538,6538,0.9433333333333334,request_rescan,3.396744
6539,6539,0.9433333333333334,request_rescan,3.397058
6540,6540,0.9433333333333334,request_rescan,3.397366
6541,6541,0.9433333333333334,request_rescan,3.398728
6542,6542,0.9433333333333334,request_rescan,3.399055
6543,6543,0.9433333333333334,discard,3.399362
6544,6544,0.76,discard,3.399533
6545,6545,0.9433333333333334,discard,3.400877
6546,6546,0.9433333333333334,discard,3.401303
6547,6547,0.9433333333333334,request_rescan,3.401699
6548,6548,0.9433333333333334,discard,3.402106
6549,6549,0.9433333333333334,request_rescan,3.403438
6550,6550,0.9433333333333334,discard,3.403755
6551,6551,0.9433333333333334,request_rescan,3.404073
6552,6552,0.9433333333333334,discard,3.404375
6553,6553,0.9433333333333334,discard,3.405786
6554,6554,0.9433333333333334,discard,3.406113
6555,6555,0.9433333333333334,discard,3.406422
6556,6556,0.9433333333333334,request_rescan,3.406727
6557,6557,0.9433333333333334,request_rescan,3.408095
6558,6558,0.9433333333333334,discard,3.408412
6559,6559,0.9433333333333334,discard,3.408711
6560,6560,0.9433333333333334,discard,3.409022
6561,6561,0.9433333333333334,request_rescan,3.4103
6562,6562,0.9433333333333334,discard,3.410618
6563,6563,0.9433333333333334,request_rescan,3.41094
6564,6564,0.9433333333333334,discard,3.411245
6565,6565,0.9433333333333334,request_rescan,3.412394
6566,6566,0.9433333333333334,request_rescan,3.412711
6567,6567,0.9433333333333334,request_rescan,3.413032
6568,6568,0.9433333333333334,discard,3.413334
6569,6569,0.9433333333333334,discard,3.414709
6570,6570,0.9433333333333334,request_rescan,3.415042
6571,6571,0.76,discard,3.415221
6572,6572,0.9433333333333334,discard,3.415541
6573,6573,0.76,discard,3.416921
6574,6574,0.9433333333333334,discard,3.417258
6575,6575,0.9433333333333334,discard,3.417567
6576,6576,0.9433333333333334,request_rescan,3.417973
6577,6577,0.9433333333333334,discard,3.419553
6578,6578,0.9433333333333334,discard,3.419872
6579,6579,0.9433333333333334,discard,3.420177
6580,6580,0.9433333333333334,request_rescan,3.420481
6581,6581,0.9433333333333334,discard,3.422032
6582,6582,0.9433333333333334,discard,3.422362
6583,6583,0.9433333333333334,request_rescan,3.422693
6584,6584,0.9433333333333334,discard,3.422999
6585,6585,0.9433333333333334,discard,3.424206
6586,6586,0.9433333333333334,request_rescan,3.424536
6587,6587,0.9433333333333334,discard,3.424857
6588,6588,0.9433333333333334,discard,3.425171
6589,6589,0.9433333333333334,discard,3.426421
6590,6590,0.9433333333333334,discard,3.426765
6591,6591,0.9433333333333334,discard,3.427088
6592,6592,0.9433333333333334,request_rescan,3.427392
6593,6593,0.76,request_rescan,3.428518
6594,6594,0.9433333333333334,request_rescan,3.428856
6595,6595,0.9433333333333334,request_rescan,3.429186
6596,6596,0.9433333333333334,request_rescan,3.429489
6597,6597,0.9433333333333334,discard,3.430706
6598,6598,0.9433333333333334,discard,3.431043
6599,6599,0.9433333333333334,discard,3.431355
6600,6600,0.9433333333333334,request_rescan,3.431653
6601,6601,0.9433333333333334,request_rescan,3.432876
6602,6602,0.9433333333333334,request_rescan,3.433214
6603,6603,0.9433333333333334,discard,3.433528
6604,6604,0.6633333333333333,log_and_continue,3.433694
6605,6605,0.9433333333333334,request_rescan,3.435182
6606,6606,0.9433333333333334,request_rescan,3.435587
6607,6607,0.9433333333333334,request_rescan,3.435904
6608,6608,0.9433333333333334,request_rescan,3.43621
6609,6609,0.9433333333333334,request_rescan,3.437455
6610,6610,0.9433333333333334,discard,3.437785
6611,6611,0.9433333333333334,request_rescan,3.438116
6612,6612,0.9433333333333334,request_rescan,3.438425
6613,6613,0.9433333333333334,discard,3.43967
6614,6614,0.9433333333333334,discard,3.439997
6615,6615,0.9433333333333334,discard,3.440305
6616,6616,0.9433333333333334,discard,3.440617
6617,6617,0.9433333333333334,discard,3.441832
6618,6618,0.9433333333333334,request_rescan,3.442165
6619,6619,0.9433333333333334,request_rescan,3.442471
6620,6620,0.9433333333333334,discard,3.442793
6621,6621,0.9433333333333334,request_rescan,3.444019
6622,6622,0.9433333333333334,discard,3.444343
6623,6623,0.9433333333333334,discard,3.44466
6624,6624,0.76,request_rescan,3.444831
6625,6625,0.9433333333333334,request_rescan,3.446073
6626,6626,0.9433333333333334,discard,3.446397
6627,6627,0.9433333333333334,request_rescan,3.446712
6628,6628,0.9433333333333334,request_rescan,3.447018
6629,6629,0.9433333333333334,request_rescan,3.44821
6630,6630,0.9433333333333334,request_rescan,3.448536
6631,6631,0.9433333333333334,discard,3.448705
6632,6632,0.9433333333333334,request_rescan,3.44903
6633,6633,0.9433333333333334,discard,3.450187
6634,6634,0.9433333333333334,request_rescan,3.450511
6635,6635,0.6633333333333333,log_and_continue,3.450677
6636,6636,0.9433333333333334,discard,3.450999
6637,6637,0.9433333333333334,discard,3.452353
6638,6638,0.9433333333333334,request_rescan,3.452679
6639,6639,0.9433333333333334,discard,3.453
6640,6640,0.9433333333333334,request_rescan,3.453302
6641,6641,0.9433333333333334,discard,3.454583
6642,6642,0.9433333333333334,discard,3.454906
6643,6643,0.9433333333333334,request_rescan,3.455218
6644,6644,0.9433333333333334,discard,3.455524
6645,6645,0.9433333333333334,request_rescan,3.457087
6646,6646,0.9433333333333334,request_rescan,3.45741
6647,6647,0.9433333333333334,discard,3.457722
6648,6648,0.9433333333333334,request_rescan,3.458037
6649,6649,0.9433333333333334,discard,3.459415
6650,6650,0.9433333333333334,discard,3.459735
6651,6651,0.76,request_rescan,3.459914
6652,6652,0.9433333333333334,discard,3.460234
6653,6653,0.9433333333333334,request_rescan,3.461565
6654,6654,0.9433333333333334,request_rescan,3.461904
6655,6655,0.9433333333333334,request_rescan,3.462216
6656,6656,0.9433333333333334,request_rescan,3.462516
6657,6657,0.9433333333333334,discard,3.463834
6658,6658,0.9433333333333334,discard,3.46417
6659,6659,0.9433333333333334,request_rescan,3.46448
6660,6660,0.9433333333333334,request_rescan,3.464777
6661,6661,0.9433333333333334,request_rescan,3.4661
6662,6662,0.9433333333333334,request_rescan,3.466425
6663,6663,0.9433333333333334,discard,3.466728
6664,6664,0.9433333333333334,discard,3.467033
6665,6665,0.9433333333333334,discard,3.46869
6666,6666,0.9433333333333334,discard,3.469086
6667,6667,0.9433333333333334,request_rescan,3.469398
6668,6668,0.9433333333333334,discard,3.469695
6669,6669,0.76,request_rescan,3.47092
6670,6670,0.9433333333333334,request_rescan,3.47126
6671,6671,0.9433333333333334,request_rescan,3.471579
6672,6672,0.9433333333333334,request_rescan,3.472192
6673,6673,0.9433333333333334,discard,3.473554
6674,6674,0.9433333333333334,request_rescan,3.473877
6675,6675,0.9433333333333334,discard,3.474195
6676,6676,0.9433333333333334,request_rescan,3.474497
6677,6677,0.9433333333333334,request_rescan,3.475831
6678,6678,0.9433333333333334,request_rescan,3.476169
6679,6679,0.9433333333333334,discard,3.47648
6680,6680,0.9433333333333334,discard,3.476775
6681,6681,0.9433333333333334,discard,3.478021
6682,6682,0.9433333333333334,request_rescan,3.478353
6683,6683,0.9433333333333334,discard,3.478658
6684,6684,0.9433333333333334,discard,3.478961
6685,6685,0.9433333333333334,discard,3.480119
6686,6686,0.9433333333333334,request_rescan,3.480446
6687,6687,0.9433333333333334,request_rescan,3.480749
6688,6688,0.9433333333333334,request_rescan,3.481048
6689,6689,0.9433333333333334,request_rescan,3.482201
6690,6690,0.9433333333333334,request_rescan,3.482527
6691,6691,0.9433333333333334,discard,3.48287
6692,6692,0.9433333333333334,request_rescan,3.483195
6693,6693,0.9433333333333334,request_rescan,3.484594
6694,6694,0.9433333333333334,request_rescan,3.485127
6695,6695,0.6633333333333333,log_and_continue,3.485299
6696,6696,0.9433333333333334,request_rescan,3.485674
6697,6697,0.9433333333333334,request_rescan,3.487145
6698,6698,0.9433333333333334,discard,3.487461
6699,6699,0.9433333333333334,discard,3.487759
6700,6700,0.9433333333333334,request_rescan,3.487936
6701,6701,0.9433333333333334,discard,3.489653
6702,6702,0.9433333333333334,discard,3.489978
6703,6703,0.9433333333333334,discard,3.490289
6704,6704,0.9433333333333334,discard,3.490607
6705,6705,0.9433333333333334,discard,3.492155
6706,6706,0.9433333333333334,discard,3.492473
6707,6707,0.9433333333333334,request_rescan,3.492642
6708,6708,0.9433333333333334,discard,3.492965
6709,6709,0.9433333333333334,discard,3.494467
6710,6710,0.9433333333333334,request_rescan,3.494786
6711,6711,0.9433333333333334,request_rescan,3.495094
6712,6712,0.76,log_and_continue,3.495267
6713,6713,0.9433333333333334,discard,3.496779
6714,6714,0.9433333333333334,discard,3.497104
6715,6715,0.9433333333333334,discard,3.497408
6716,6716,0.9433333333333334,request_rescan,3.497714
6717,6717,0.9433333333333334,request_rescan,3.499184
6718,6718,0.9433333333333334,discard,3.499497
6719,6719,0.9433333333333334,discard,3.499804
6720,6720,0.9433333333333334,discard,3.500123
6721,6721,0.9433333333333334,request_rescan,3.501748
6722,6722,0.9433333333333334,request_rescan,3.502132
6723,6723,0.9433333333333334,request_rescan,3.502436
6724,6724,0.9433333333333334,request_rescan,3.502742
6725,6725,0.76,log_and_continue,3.504016
6726,6726,0.9433333333333334,discard,3.504349
6727,6727,0.9433333333333334,discard,3.504674
6728,6728,0.9433333333333334,request_rescan,3.504987
6729,6729,0.9433333333333334,discard,3.506803
6730,6730,0.9433333333333334,discard,3.507141
6731,6731,0.9433333333333334,discard,3.507454
6732,6732,0.9433333333333334,request_rescan,3.50775
6733,6733,0.9433333333333334,discard,3.509296
6734,6734,0.9433333333333334,request_rescan,3.509615
6735,6735,0.9433333333333334,request_rescan,3.509938
6736,6736,0.9433333333333334,request_rescan,3.510241
6737,6737,0.9433333333333334,request_rescan,3.511769
6738,6738,0.9433333333333334,discard,3.512094
6739,6739,0.76,discard,3.512274
6740,6740,0.9433333333333334,request_rescan,3.512582
6741,6741,0.9433333333333334,request_rescan,3.514076
6742,6742,0.9433333333333334,discard,3.51439
6743,6743,0.9433333333333334,discard,3.51469
6744,6744,0.9433333333333334,request_rescan,3.515008
6745,6745,0.9433333333333334,discard,3.51646
6746,6746,0.9433333333333334,request_rescan,3.516779
6747,6747,0.9433333333333334,request_rescan,3.517106
6748,6748,0.9433333333333334,request_rescan,3.517426
6749,6749,0.9433333333333334,discard,3.519147
6750,6750,0.9433333333333334,request_rescan,3.519466
6751,6751,0.9433333333333334,discard,3.519764
6752,6752,0.9433333333333334,request_rescan,3.520076
6753,6753,0.9433333333333334,discard,3.521968
6754,6754,0.9433333333333334,discard,3.522296
6755,6755,0.9433333333333334,discard,3.522607
6756,6756,0.9433333333333334,request_rescan,3.52293
6757,6757,0.9433333333333334,request_rescan,3.524305
6758,6758,0.9433333333333334,request_rescan,3.524623
6759,6759,0.9433333333333334,request_rescan,3.524928
6760,6760,0.9433333333333334,request_rescan,3.52524
6761,6761,0.9433333333333334,request_rescan,3.526736
6762,6762,0.9433333333333334,discard,3.527058
6763,6763,0.9433333333333334,request_rescan,3.527365
6764,6764,0.76,log_and_continue,3.527534
6765,6765,0.9433333333333334,request_rescan,3.528957
6766,6766,0.9433333333333334,discard,3.529282
6767,6767,0.9433333333333334,discard,3.529586
6768,6768,0.9433333333333334,request_rescan,3.529902
6769,6769,0.9433333333333334,request_rescan,3.531327
6770,6770,0.76,log_and_continue,3.5315
6771,6771,0.9433333333333334,discard,3.53182
6772,6772,0.9433333333333334,discard,3.532136
6773,6773,0.9433333333333334,request_rescan,3.533667
6774,6774,0.9433333333333334,request_rescan,3.533988
6775,6775,0.9433333333333334,discard,3.534293
6776,6776,0.9433333333333334,discard,3.534662
6777,6777,0.9433333333333334,discard,3.536363
6778,6778,0.9433333333333334,request_rescan,3.536678
6779,6779,0.9433333333333334,discard,3.536986
6780,6780,0.9433333333333334,discard,3.537303
6781,6781,0.9433333333333334,discard,3.538753
6782,6782,0.9433333333333334,discard,3.539197
6783,6783,0.9433333333333334,request_rescan,3.539519
6784,6784,0.9433333333333334,request_rescan,3.539822
6785,6785,0.9433333333333334,discard,3.54125
6786,6786,0.9433333333333334,discard,3.541572
6787,6787,0.9433333333333334,request_rescan,3.541878
6788,6788,0.9433333333333334,discard,3.542199
6789,6789,0.6633333333333333,log_and_continue,3.543315
6790,6790,0.9433333333333334,request_rescan,3.54365
6791,6791,0.76,request_rescan,3.543822
6792,6792,0.9433333333333334,request_rescan,3.544145
6793,6793,0.9433333333333334,request_rescan,3.54535
6794,6794,0.9433333333333334,discard,3.545663
6795,6795,0.9433333333333334,discard,3.545985
6796,6796,0.9433333333333334,discard,3.54629
6797,6797,0.9433333333333334,discard,3.547498
6798,6798,0.9433333333333334,request_rescan,3.547823
6799,6799,0.9433333333333334,discard,3.548142
6800,6800,0.9433333333333334,request_rescan,3.548455
6801,6801,0.9433333333333334,request_rescan,3.549627
6802,6802,0.9433333333333334,request_rescan,3.549968
6803,6803,0.9433333333333334,request_rescan,3.550287
6804,6804,0.9433333333333334,discard,3.550639
6805,6805,0.9433333333333334,request_rescan,3.552182
6806,6806,0.9433333333333334,discard,3.552498
6807,6807,0.9433333333333334,request_rescan,3.552801
6808,6808,0.9433333333333334,discard,3.553119
6809,6809,0.9433333333333334,request_rescan,3.554365
6810,6810,0.9433333333333334,request_rescan,3.5547
6811,6811,0.9433333333333334,discard,3.555024
6812,6812,0.9433333333333334,discard,3.55547
6813,6813,0.9433333333333334,discard,3.556819
6814,6814,0.9433333333333334,request_rescan,3.557147
6815,6815,0.9433333333333334,request_rescan,3.55745
6816,6816,0.6633333333333333,log_and_continue,3.557617
6817,6817,0.9433333333333334,discard,3.559194
6818,6818,0.9433333333333334,discard,3.559511
6819,6819,0.9433333333333334,request_rescan,3.559817
6820,6820,0.76,request_rescan,3.559992
6821,6821,0.9433333333333334,discard,3.561464
6822,6822,0.9433333333333334,request_rescan,3.561778
6823,6823,0.9433333333333334,discard,3.562102
6824,6824,0.9433333333333334,discard,3.562403
6825,6825,0.9433333333333334,discard,3.563919
6826,6826,0.9433333333333334,discard,3.564236
6827,6827,0.9433333333333334,discard,3.564541
6828,6828,0.9433333333333334,discard,3.564843
6829,6829,0.9433333333333334,discard,3.566362
6830,6830,0.9433333333333334,discard,3.566679
6831,6831,0.9433333333333334,discard,3.566983
6832,6832,0.9433333333333334,request_rescan,3.567298
6833,6833,0.9433333333333334,discard,3.569064
6834,6834,0.9433333333333334,discard,3.569237
6835,6835,0.9433333333333334,request_rescan,3.569622
6836,6836,0.9433333333333334,discard,3.56994
6837,6837,0.9433333333333334,request_rescan,3.571443
6838,6838,0.9433333333333334,request_rescan,3.571766
6839,6839,0.9433333333333334,request_rescan,3.572083
6840,6840,0.9433333333333334,request_rescan,3.572607
6841,6841,0.9433333333333334,request_rescan,3.574156
6842,6842,0.9433333333333334,discard,3.574484
6843,6843,0.9433333333333334,request_rescan,3.574796
6844,6844,0.9433333333333334,request_rescan,3.575116
6845,6845,0.9433333333333334,request_rescan,3.576566
6846,6846,0.9433333333333334,discard,3.576888
6847,6847,0.9433333333333334,request_rescan,3.577218
6848,6848,0.9433333333333334,request_rescan,3.577525
6849,6849,0.9433333333333334,discard,3.579014
6850,6850,0.9433333333333334,discard,3.579331
6851,6851,0.9433333333333334,request_rescan,3.579638
6852,6852,0.9433333333333334,discard,3.579954
6853,6853,0.9433333333333334,request_rescan,3.581363
6854,6854,0.9433333333333334,discard,3.581682
6855,6855,0.9433333333333334,request_rescan,3.581994
6856,6856,0.9433333333333334,discard,3.582304
6857,6857,0.9433333333333334,discard,3.58376
6858,6858,0.9433333333333334,discard,3.584082
6859,6859,0.9433333333333334,discard,3.584385
6860,6860,0.9433333333333334,request_rescan,3.584906
6861,6861,0.9433333333333334,request_rescan,3.586516
6862,6862,0.9433333333333334,discard,3.586842
6863,6863,0.9433333333333334,discard,3.587156
6864,6864,0.9433333333333334,discard,3.587479
6865,6865,0.9433333333333334,request_rescan,3.589034
6866,6866,0.9433333333333334,request_rescan,3.589367
6867,6867,0.9433333333333334,discard,3.589679
6868,6868,0.9433333333333334,request_rescan,3.589994
6869,6869,0.9433333333333334,discard,3.591437
6870,6870,0.9433333333333334,request_rescan,3.59176
6871,6871,0.9433333333333334,discard,3.592069
6872,6872,0.9433333333333334,request_rescan,3.592391
6873,6873,0.9433333333333334,discard,3.593757
6874,6874,0.9433333333333334,request_rescan,3.594087
6875,6875,0.76,discard,3.594265
6876,6876,0.9433333333333334,request_rescan,3.594579
6877,6877,0.9433333333333334,request_rescan,3.595929
6878,6878,0.9433333333333334,discard,3.596251
6879,6879,0.9433333333333334,request_rescan,3.596554
6880,6880,0.9433333333333334,request_rescan,3.596871
6881,6881,0.9433333333333334,discard,3.598287
6882,6882,0.9433333333333334,discard,3.598602
6883,6883,0.9433333333333334,discard,3.598915
6884,6884,0.9433333333333334,discard,3.59923
6885,6885,0.9433333333333334,discard,3.600506
6886,6886,0.9433333333333334,request_rescan,3.600824
6887,6887,0.9433333333333334,request_rescan,3.601002
6888,6888,0.9433333333333334,discard,3.601389
6889,6889,0.9433333333333334,discard,3.603031
6890,6890,0.9433333333333334,discard,3.603353
6891,6891,0.9433333333333334,discard,3.603654
6892,6892,0.9433333333333334,discard,3.603832
6893,6893,0.9433333333333334,discard,3.605567
6894,6894,0.9433333333333334,discard,3.605958
6895,6895,0.9433333333333334,discard,3.606273
6896,6896,0.9433333333333334,request_rescan,3.606587
6897,6897,0.9433333333333334,discard,3.607963
6898,6898,0.9433333333333334,discard,3.608285
6899,6899,0.9433333333333334,discard,3.60859
6900,6900,0.9433333333333334,request_rescan,3.6089
6901,6901,0.9433333333333334,request_rescan,3.610147
6902,6902,0.9433333333333334,request_rescan,3.610465
6903,6903,0.9433333333333334,request_rescan,3.610775
6904,6904,0.9433333333333334,discard,3.611081
6905,6905,0.9433333333333334,request_rescan,3.612318
6906,6906,0.9433333333333334,request_rescan,3.612641
6907,6907,0.9433333333333334,discard,3.612962
6908,6908,0.9433333333333334,request_rescan,3.613267
6909,6909,0.9433333333333334,discard,3.614434
6910,6910,0.9433333333333334,request_rescan,3.614751
6911,6911,0.9433333333333334,discard,3.615062
6912,6912,0.76,request_rescan,3.615229
6913,6913,0.9433333333333334,request_rescan,3.616364
6914,6914,0.9433333333333334,discard,3.616686
6915,6915,0.9433333333333334,request_rescan,3.617
6916,6916,0.9433333333333334,request_rescan,3.617296
6917,6917,0.9433333333333334,discard,3.618849
6918,6918,0.9433333333333334,request_rescan,3.619183
6919,6919,0.9433333333333334,discard,3.619493
6920,6920,0.9433333333333334,discard,3.619804
6921,6921,0.9433333333333334,request_rescan,3.62124
6922,6922,0.9433333333333334,request_rescan,3.621742
6923,6923,0.9433333333333334,discard,3.622053
6924,6924,0.9433333333333334,request_rescan,3.622372
6925,6925,0.9433333333333334,request_rescan,3.62373
6926,6926,0.9433333333333334,request_rescan,3.624058
6927,6927,0.9433333333333334,request_rescan,3.624371
6928,6928,0.9433333333333334,discard,3.624668
6929,6929,0.9433333333333334,request_rescan,3.626079
6930,6930,0.9433333333333334,request_rescan,3.626395
6931,6931,0.9433333333333334,request_rescan,3.626711
6932,6932,0.9433333333333334,request_rescan,3.627019
6933,6933,0.9433333333333334,request_rescan,3.62847
6934,6934,0.9433333333333334,request_rescan,3.628787
6935,6935,0.9433333333333334,request_rescan,3.629094
6936,6936,0.76,request_rescan,3.629398
6937,6937,0.9433333333333334,request_rescan,3.630854
6938,6938,0.9433333333333334,discard,3.631181
6939,6939,0.9433333333333334,discard,3.63149
6940,6940,0.9433333333333334,request_rescan,3.631802
6941,6941,0.9433333333333334,discard,3.633294
6942,6942,0.9433333333333334,discard,3.633612
6943,6943,0.9433333333333334,request_rescan,3.633923
6944,6944,0.76,request_rescan,3.634242
6945,6945,0.9433333333333334,request_rescan,3.635691
6946,6946,0.9433333333333334,request_rescan,3.635875
6947,6947,0.9433333333333334,discard,3.636189
6948,6948,0.9433333333333334,discard,3.636508
6949,6949,0.9433333333333334,request_rescan,3.63793
6950,6950,0.9433333333333334,request_rescan,3.638251
6951,6951,0.9433333333333334,request_rescan,3.638749
6952,6952,0.9433333333333334,discard,3.639141
6953,6953,0.9433333333333334,discard,3.640508
6954,6954,0.9433333333333334,discard,3.640842
6955,6955,0.9433333333333334,request_rescan,3.641175
6956,6956,0.9433333333333334,request_rescan,3.641486
6957,6957,0.9433333333333334,request_rescan,3.64291
6958,6958,0.9433333333333334,request_rescan,3.643237
6959,6959,0.9433333333333334,discard,3.643556
6960,6960,0.9433333333333334,discard,3.643856
6961,6961,0.9433333333333334,request_rescan,3.645251
6962,6962,0.9433333333333334,request_rescan,3.645567
6963,6963,0.9433333333333334,discard,3.64587
6964,6964,0.9433333333333334,discard,3.64619
6965,6965,0.9433333333333334,discard,3.647609
6966,6966,0.9433333333333334,request_rescan,3.647931
6967,6967,0.9433333333333334,request_rescan,3.648238
6968,6968,0.9433333333333334,request_rescan,3.648552
6969,6969,0.9433333333333334,request_rescan,3.649956
6970,6970,0.9433333333333334,request_rescan,3.650274
6971,6971,0.9433333333333334,request_rescan,3.65058
6972,6972,0.9433333333333334,request_rescan,3.650892
6973,6973,0.9433333333333334,request_rescan,3.652401
6974,6974,0.9433333333333334,request_rescan,3.652718
6975,6975,0.9433333333333334,request_rescan,3.653023
6976,6976,0.9433333333333334,request_rescan,3.653321
6977,6977,0.9433333333333334,discard,3.654628
6978,6978,0.9433333333333334,request_rescan,3.654952
6979,6979,0.9433333333333334,request_rescan,3.655257
6980,6980,0.6633333333333333,log_and_continue,3.655429
6981,6981,0.9433333333333334,discard,3.656804
6982,6982,0.9433333333333334,discard,3.657243
6983,6983,0.9433333333333334,discard,3.657714
6984,6984,0.9433333333333334,discard,3.658143
6985,6985,0.9433333333333334,discard,3.661451
6986,6986,0.9433333333333334,request_rescan,3.661897
6987,6987,0.9433333333333334,request_rescan,3.662244
6988,6988,0.9433333333333334,discard,3.662568
6989,6989,0.9433333333333334,request_rescan,3.664402
6990,6990,0.9433333333333334,request_rescan,3.664745
6991,6991,0.9433333333333334,request_rescan,3.665081
6992,6992,0.76,request_rescan,3.66542
6993,6993,0.9433333333333334,discard,3.667316
6994,6994,0.9433333333333334,discard,3.66771
6995,6995,0.9433333333333334,discard,3.668143
6996,6996,0.9433333333333334,discard,3.668555
6997,6997,0.9433333333333334,request_rescan,3.67061
6998,6998,0.9433333333333334,request_rescan,3.670985
6999,6999,0.9433333333333334,request_rescan,3.671336
7000,7000,0.9433333333333334,discard,3.67168
7001,7001,0.9433333333333334,request_rescan,3.673626
7002,7002,0.9433333333333334,request_rescan,3.674039
7003,7003,0.9433333333333334,request_rescan,3.674425
7004,7004,0.9433333333333334,discard,3.674755
7005,7005,0.9433333333333334,discard,3.676578
7006,7006,0.9433333333333334,discard,3.676934
7007,7007,0.9433333333333334,discard,3.677259
7008,7008,0.9433333333333334,request_rescan,3.677438
7009,7009,0.9433333333333334,discard,3.679212
7010,7010,0.9433333333333334,discard,3.679576
7011,7011,0.9433333333333334,discard,3.679926
7012,7012,0.9433333333333334,request_rescan,3.680278
7013,7013,0.9433333333333334,discard,3.682275
7014,7014,0.9433333333333334,request_rescan,3.682647
7015,7015,0.9433333333333334,request_rescan,3.683
7016,7016,0.9433333333333334,request_rescan,3.683328
7017,7017,0.9433333333333334,request_rescan,3.685328
7018,7018,0.9433333333333334,discard,3.685764
7019,7019,0.9433333333333334,request_rescan,3.686206
7020,7020,0.9433333333333334,discard,3.686571
7021,7021,0.9433333333333334,discard,3.68827
7022,7022,0.9433333333333334,discard,3.688671
7023,7023,0.9433333333333334,request_rescan,3.689011
7024,7024,0.9433333333333334,discard,3.689451
7025,7025,0.9433333333333334,request_rescan,3.691052
7026,7026,0.9433333333333334,discard,3.691383
7027,7027,0.76,request_rescan,3.691563
7028,7028,0.9433333333333334,discard,3.691956
7029,7029,0.9433333333333334,discard,3.693397
7030,7030,0.9433333333333334,request_rescan,3.69385
7031,7031,0.9433333333333334,request_rescan,3.694285
7032,7032,0.9433333333333334,request_rescan,3.694723
7033,7033,0.9433333333333334,discard,3.696617
7034,7034,0.9433333333333334,request_rescan,3.697083
7035,7035,0.9433333333333334,discard,3.697529
7036,7036,0.9433333333333334,request_rescan,3.697969
7037,7037,0.9433333333333334,discard,3.700383
7038,7038,0.9433333333333334,discard,3.701051
7039,7039,0.9433333333333334,request_rescan,3.701765
7040,7040,0.9433333333333334,request_rescan,3.702467
7041,7041,0.9433333333333334,discard,3.705224
7042,7042,0.9433333333333334,request_rescan,3.706008
7043,7043,0.9433333333333334,discard,3.706557
7044,7044,0.9433333333333334,request_rescan,3.707108
7045,7045,0.9433333333333334,request_rescan,3.709406
7046,7046,0.9433333333333334,discard,3.709953
7047,7047,0.9433333333333334,discard,3.710486
7048,7048,0.9433333333333334,discard,3.711023
7049,7049,0.9433333333333334,request_rescan,3.71313
7050,7050,0.9433333333333334,discard,3.713693
7051,7051,0.9433333333333334,request_rescan,3.714253
7052,7052,0.9433333333333334,request_rescan,3.714789
7053,7053,0.9433333333333334,discard,3.71701
7054,7054,0.9433333333333334,discard,3.717558
7055,7055,0.9433333333333334,discard,3.718123
7056,7056,0.9433333333333334,discard,3.718716
7057,7057,0.9433333333333334,discard,3.7209
7058,7058,0.9433333333333334,request_rescan,3.72145
7059,7059,0.9433333333333334,discard,3.722163
7060,7060,0.9433333333333334,discard,3.722761
7061,7061,0.9433333333333334,discard,3.724893
7062,7062,0.9433333333333334,discard,3.725435
7063,7063,0.9433333333333334,discard,3.725968
7064,7064,0.9433333333333334,discard,3.726499
7065,7065,0.9433333333333334,discard,3.728723
7066,7066,0.9433333333333334,request_rescan,3.729337
7067,7067,0.9433333333333334,discard,3.729686
7068,7068,0.9433333333333334,discard,3.729994
7069,7069,0.9433333333333334,discard,3.7313
7070,7070,0.9433333333333334,discard,3.731616
7071,7071,0.9433333333333334,discard,3.731921
7072,7072,0.9433333333333334,request_rescan,3.732222
7073,7073,0.9433333333333334,discard,3.733462
7074,7074,0.9433333333333334,discard,3.733787
7075,7075,0.9433333333333334,request_rescan,3.734094
7076,7076,0.9433333333333334,discard,3.734406
7077,7077,0.9433333333333334,discard,3.736135
7078,7078,0.9433333333333334,request_rescan,3.736459
7079,7079,0.9433333333333334,discard,3.736773
7080,7080,0.9433333333333334,discard,3.737078
7081,7081,0.9433333333333334,request_rescan,3.738598
7082,7082,0.9433333333333334,discard,3.738935
7083,7083,0.9433333333333334,discard,3.739252
7084,7084,0.9433333333333334,request_rescan,3.73956
7085,7085,0.9433333333333334,request_rescan,3.740904
7086,7086,0.9433333333333334,request_rescan,3.741223
7087,7087,0.9433333333333334,discard,3.741526
7088,7088,0.9433333333333334,discard,3.741837
7089,7089,0.9433333333333334,discard,3.743174
7090,7090,0.76,request_rescan,3.743503
7091,7091,0.9433333333333334,request_rescan,3.743808
7092,7092,0.9433333333333334,request_rescan,3.744126
7093,7093,0.9433333333333334,request_rescan,3.745342
7094,7094,0.9433333333333334,request_rescan,3.745661
7095,7095,0.9433333333333334,discard,3.746003
7096,7096,0.76,request_rescan,3.746311
7097,7097,0.9433333333333334,discard,3.74738
7098,7098,0.9433333333333334,request_rescan,3.747712
7099,7099,0.9433333333333334,discard,3.74805
7100,7100,0.76,discard,3.748219
7101,7101,0.9433333333333334,discard,3.749418
7102,7102,0.9433333333333334,request_rescan,3.749746
7103,7103,0.9433333333333334,request_rescan,3.750055
7104,7104,0.9433333333333334,request_rescan,3.750347
7105,7105,0.9433333333333334,discard,3.751731
7106,7106,0.9433333333333334,request_rescan,3.752123
7107,7107,0.9433333333333334,request_rescan,3.752509
7108,7108,0.76,request_rescan,3.752674
7109,7109,0.9433333333333334,discard,3.754024
7110,7110,0.9433333333333334,discard,3.754343
7111,7111,0.9433333333333334,discard,3.754653
7112,7112,0.9433333333333334,request_rescan,3.754972
7113,7113,0.9433333333333334,discard,3.756492
7114,7114,0.9433333333333334,discard,3.756816
7115,7115,0.9433333333333334,request_rescan,3.757128
7116,7116,0.76,log_and_continue,3.757303
7117,7117,0.9433333333333334,request_rescan,3.758609
7118,7118,0.9433333333333334,discard,3.758931
7119,7119,0.9433333333333334,discard,3.759234
7120,7120,0.9433333333333334,discard,3.759543
7121,7121,0.76,discard,3.760724
7122,7122,0.9433333333333334,request_rescan,3.761073
7123,7123,0.76,discard,3.761392
7124,7124,0.76,log_and_continue,3.761554
7125,7125,0.9433333333333334,discard,3.76282
7126,7126,0.76,discard,3.763162
7127,7127,0.9433333333333334,request_rescan,3.763467
7128,7128,0.9433333333333334,discard,3.763781
7129,7129,0.9433333333333334,request_rescan,3.76497
7130,7130,0.9433333333333334,request_rescan,3.765296
7131,7131,0.9433333333333334,request_rescan,3.765468
7132,7132,0.9433333333333334,discard,3.765783
7133,7133,0.9433333333333334,discard,3.766959
7134,7134,0.9433333333333334,discard,3.76729
7135,7135,0.9433333333333334,discard,3.767593
7136,7136,0.9433333333333334,request_rescan,3.767964
7137,7137,0.9433333333333334,discard,3.769338
7138,7138,0.9433333333333334,request_rescan,3.769662
7139,7139,0.9433333333333334,discard,3.769972
7140,7140,0.9433333333333334,discard,3.770266
7141,7141,0.9433333333333334,discard,3.771472
7142,7142,0.9433333333333334,discard,3.771822
7143,7143,0.9433333333333334,discard,3.772143
7144,7144,0.9433333333333334,discard,3.772607
7145,7145,0.9433333333333334,request_rescan,3.77387
7146,7146,0.9433333333333334,request_rescan,3.774206
7147,7147,0.9433333333333334,request_rescan,3.774517
7148,7148,0.76,log_and_continue,3.774685
7149,7149,0.9433333333333334,discard,3.775898
7150,7150,0.9433333333333334,discard,3.776231
7151,7151,0.9433333333333334,discard,3.776542
7152,7152,0.9433333333333334,discard,3.776844
7153,7153,0.9433333333333334,request_rescan,3.778072
7154,7154,0.9433333333333334,discard,3.778407
7155,7155,0.9433333333333334,discard,3.778714
7156,7156,0.9433333333333334,discard,3.779014
7157,7157,0.9433333333333334,discard,3.780192
7158,7158,0.9433333333333334,request_rescan,3.780522
7159,7159,0.9433333333333334,request_rescan,3.78083
7160,7160,0.9433333333333334,request_rescan,3.78114
7161,7161,0.9433333333333334,discard,3.782314
7162,7162,0.9433333333333334,discard,3.782647
7163,7163,0.9433333333333334,discard,3.782966
7164,7164,0.9433333333333334,request_rescan,3.783276
7165,7165,0.9433333333333334,request_rescan,3.78466
7166,7166,0.9433333333333334,discard,3.785125
7167,7167,0.9433333333333334,discard,3.7855
7168,7168,0.9433333333333334,discard,3.785818
7169,7169,0.9433333333333334,discard,3.787225
7170,7170,0.9433333333333334,discard,3.787543
7171,7171,0.9433333333333334,discard,3.787855
7172,7172,0.76,discard,3.788029
7173,7173,0.9433333333333334,discard,3.789708
7174,7174,0.9433333333333334,request_rescan,3.790048
7175,7175,0.9433333333333334,discard,3.790387
7176,7176,0.9433333333333334,discard,3.790695
7177,7177,0.9433333333333334,discard,3.792024
7178,7178,0.9433333333333334,request_rescan,3.792353
7179,7179,0.9433333333333334,discard,3.792673
7180,7180,0.9433333333333334,request_rescan,3.792994
7181,7181,0.9433333333333334,discard,3.794332
7182,7182,0.9433333333333334,request_rescan,3.794663
7183,7183,0.9433333333333334,request_rescan,3.794978
7184,7184,0.9433333333333334,request_rescan,3.795279
7185,7185,0.9433333333333334,discard,3.796589
7186,7186,0.76,discard,3.796773
7187,7187,0.9433333333333334,discard,3.797103
7188,7188,0.9433333333333334,request_rescan,3.797408
7189,7189,0.9433333333333334,discard,3.798713
7190,7190,0.9433333333333334,request_rescan,3.799048
7191,7191,0.9433333333333334,request_rescan,3.799362
7192,7192,0.9433333333333334,discard,3.79953
7193,7193,0.9433333333333334,discard,3.800711
7194,7194,0.9433333333333334,discard,3.801056
7195,7195,0.9433333333333334,discard,3.801455
7196,7196,0.9433333333333334,discard,3.801853
7197,7197,0.9433333333333334,discard,3.803261
7198,7198,0.9433333333333334,discard,3.803591
7199,7199,0.76,log_and_continue,3.803764
7200,7200,0.9433333333333334,discard,3.804088
7201,7201,0.9433333333333334,discard,3.805448
7202,7202,0.9433333333333334,discard,3.805899
7203,7203,0.9433333333333334,request_rescan,3.806209
7204,7204,0.9433333333333334,discard,3.806504
7205,7205,0.9433333333333334,discard,3.807819
7206,7206,0.9433333333333334,discard,3.80816
7207,7207,0.9433333333333334,discard,3.808466
7208,7208,0.9433333333333334,discard,3.808761
7209,7209,0.9433333333333334,discard,3.810092
7210,7210,0.9433333333333334,discard,3.810408
7211,7211,0.9433333333333334,discard,3.810711
7212,7212,0.9433333333333334,discard,3.811024
7213,7213,0.9433333333333334,discard,3.812334
7214,7214,0.9433333333333334,request_rescan,3.812651
7215,7215,0.9433333333333334,request_rescan,3.812972
7216,7216,0.9433333333333334,discard,3.813277
7217,7217,0.9433333333333334,discard,3.814592
7218,7218,0.9433333333333334,request_rescan,3.81492
7219,7219,0.9433333333333334,request_rescan,3.815242
7220,7220,0.9433333333333334,discard,3.81554
7221,7221,0.9433333333333334,discard,3.81706
7222,7222,0.9433333333333334,discard,3.817382
7223,7223,0.9433333333333334,request_rescan,3.817688
7224,7224,0.9433333333333334,discard,3.818225
7225,7225,0.76,request_rescan,3.819642
7226,7226,0.9433333333333334,discard,3.819994
7227,7227,0.9433333333333334,request_rescan,3.820313
7228,7228,0.9433333333333334,discard,3.820625
7229,7229,0.9433333333333334,request_rescan,3.822188
7230,7230,0.9433333333333334,discard,3.822505
7231,7231,0.9433333333333334,request_rescan,3.822817
7232,7232,0.9433333333333334,request_rescan,3.823134
7233,7233,0.9433333333333334,discard,3.824502
7234,7234,0.9433333333333334,discard,3.824818
7235,7235,0.9433333333333334,request_rescan,3.825147
7236,7236,0.76,request_rescan,3.825315
7237,7237,0.9433333333333334,discard,3.826689
7238,7238,0.9433333333333334,request_rescan,3.827018
7239,7239,0.76,log_and_continue,3.827188
7240,7240,0.76,request_rescan,3.827351
7241,7241,0.9433333333333334,discard,3.82868
7242,7242,0.9433333333333334,request_rescan,3.829006
7243,7243,0.9433333333333334,discard,3.829322
7244,7244,0.9433333333333334,request_rescan,3.829643
7245,7245,0.9433333333333334,discard,3.830916
7246,7246,0.9433333333333334,discard,3.831252
7247,7247,0.9433333333333334,request_rescan,3.831558
7248,7248,0.9433333333333334,request_rescan,3.831854
7249,7249,0.9433333333333334,discard,3.833082
7250,7250,0.9433333333333334,discard,3.833407
7251,7251,0.9433333333333334,request_rescan,3.833707
7252,7252,0.9433333333333334,request_rescan,3.834006
7253,7253,0.9433333333333334,request_rescan,3.83538
7254,7254,0.9433333333333334,request_rescan,3.835768
7255,7255,0.9433333333333334,request_rescan,3.836082
7256,7256,0.9433333333333334,discard,3.836248
7257,7257,0.9433333333333334,discard,3.837438
7258,7258,0.9433333333333334,request_rescan,3.837767
7259,7259,0.76,request_rescan,3.83808
7260,7260,0.9433333333333334,discard,3.838377
7261,7261,0.9433333333333334,request_rescan,3.839791
7262,7262,0.9433333333333334,request_rescan,3.84013
7263,7263,0.76,log_and_continue,3.840303
7264,7264,0.76,request_rescan,3.840609
7265,7265,0.76,request_rescan,3.841808
7266,7266,0.76,request_rescan,3.842162
7267,7267,0.9433333333333334,request_rescan,3.842466
7268,7268,0.9433333333333334,request_rescan,3.842763
7269,7269,0.9433333333333334,request_rescan,3.844021
7270,7270,0.9433333333333334,request_rescan,3.844347
7271,7271,0.9433333333333334,discard,3.844518
7272,7272,0.9433333333333334,request_rescan,3.844818
7273,7273,0.9433333333333334,discard,3.846121
7274,7274,0.9433333333333334,request_rescan,3.846452
7275,7275,0.9433333333333334,request_rescan,3.846761
7276,7276,0.9433333333333334,discard,3.847072
7277,7277,0.9433333333333334,request_rescan,3.84843
7278,7278,0.9433333333333334,request_rescan,3.848759
7279,7279,0.9433333333333334,discard,3.849078
7280,7280,0.9433333333333334,discard,3.849369
7281,7281,0.9433333333333334,request_rescan,3.850775
7282,7282,0.9433333333333334,request_rescan,3.851097
7283,7283,0.9433333333333334,request_rescan,3.851569
7284,7284,0.9433333333333334,request_rescan,3.851742
7285,7285,0.9433333333333334,discard,3.853233
7286,7286,0.9433333333333334,request_rescan,3.853553
7287,7287,0.9433333333333334,request_rescan,3.853856
7288,7288,0.9433333333333334,request_rescan,3.85427
7289,7289,0.9433333333333334,request_rescan,3.855772
7290,7290,0.9433333333333334,request_rescan,3.856115
7291,7291,0.9433333333333334,request_rescan,3.856427
7292,7292,0.9433333333333334,request_rescan,3.856739
7293,7293,0.9433333333333334,request_rescan,3.858205
7294,7294,0.9433333333333334,discard,3.858527
7295,7295,0.9433333333333334,discard,3.858838
7296,7296,0.9433333333333334,discard,3.859158
7297,7297,0.9433333333333334,discard,3.860555
7298,7298,0.9433333333333334,discard,3.86088
7299,7299,0.9433333333333334,request_rescan,3.861189
7300,7300,0.9433333333333334,discard,3.8615
7301,7301,0.9433333333333334,request_rescan,3.862962
7302,7302,0.9433333333333334,request_rescan,3.863279
7303,7303,0.9433333333333334,request_rescan,3.863583
7304,7304,0.9433333333333334,request_rescan,3.863899
7305,7305,0.9433333333333334,discard,3.865254
7306,7306,0.9433333333333334,discard,3.865584
7307,7307,0.9433333333333334,request_rescan,3.865901
7308,7308,0.9433333333333334,discard,3.866218
7309,7309,0.9433333333333334,discard,3.86747
7310,7310,0.9433333333333334,discard,3.867786
7311,7311,0.9433333333333334,discard,3.868292
7312,7312,0.9433333333333334,discard,3.868813
7313,7313,0.9433333333333334,discard,3.87029
7314,7314,0.9433333333333334,request_rescan,3.870608
7315,7315,0.9433333333333334,discard,3.870932
7316,7316,0.9433333333333334,discard,3.871243
7317,7317,0.9433333333333334,discard,3.872925
7318,7318,0.76,request_rescan,3.873105
7319,7319,0.9433333333333334,discard,3.873432
7320,7320,0.9433333333333334,discard,3.873749
7321,7321,0.9433333333333334,discard,3.875155
7322,7322,0.9433333333333334,request_rescan,3.875474
7323,7323,0.9433333333333334,request_rescan,3.875773
7324,7324,0.9433333333333334,discard,3.876084
7325,7325,0.9433333333333334,discard,3.877434
7326,7326,0.9433333333333334,request_rescan,3.877749
7327,7327,0.9433333333333334,request_rescan,3.878062
7328,7328,0.9433333333333334,discard,3.878376
7329,7329,0.9433333333333334,discard,3.879772
7330,7330,0.9433333333333334,request_rescan,3.880098
7331,7331,0.9433333333333334,request_rescan,3.880412
7332,7332,0.9433333333333334,request_rescan,3.880711
7333,7333,0.9433333333333334,request_rescan,3.882147
7334,7334,0.9433333333333334,request_rescan,3.882466
7335,7335,0.9433333333333334,request_rescan,3.882775
7336,7336,0.9433333333333334,discard,3.883092
7337,7337,0.9433333333333334,discard,3.884446
7338,7338,0.9433333333333334,discard,3.884957
7339,7339,0.9433333333333334,request_rescan,3.885338
7340,7340,0.9433333333333334,discard,3.8857
7341,7341,0.9433333333333334,request_rescan,3.887038
7342,7342,0.9433333333333334,discard,3.887366
7343,7343,0.9433333333333334,discard,3.887668
7344,7344,0.9433333333333334,discard,3.887973
7345,7345,0.9433333333333334,discard,3.88923
7346,7346,0.9433333333333334,request_rescan,3.889695
7347,7347,0.9433333333333334,request_rescan,3.890009
7348,7348,0.9433333333333334,discard,3.890313
7349,7349,0.9433333333333334,discard,3.891722
7350,7350,0.9433333333333334,request_rescan,3.892044
7351,7351,0.9433333333333334,discard,3.89235
7352,7352,0.9433333333333334,request_rescan,3.892655
7353,7353,0.9433333333333334,discard,3.894048
7354,7354,0.9433333333333334,discard,3.894375
7355,7355,0.9433333333333334,discard,3.894686
7356,7356,0.9433333333333334,request_rescan,3.895006
7357,7357,0.9433333333333334,request_rescan,3.89637
7358,7358,0.6633333333333333,log_and_continue,3.896549
7359,7359,0.9433333333333334,discard,3.896866
7360,7360,0.9433333333333334,discard,3.897181
7361,7361,0.9433333333333334,request_rescan,3.898421
7362,7362,0.9433333333333334,request_rescan,3.898738
7363,7363,0.9433333333333334,discard,3.899048
7364,7364,0.9433333333333334,request_rescan,3.899357
7365,7365,0.9433333333333334,discard,3.900605
7366,7366,0.9433333333333334,request_rescan,3.900933
7367,7367,0.9433333333333334,request_rescan,3.90132
7368,7368,0.9433333333333334,discard,3.901796
7369,7369,0.9433333333333334,discard,3.90316
7370,7370,0.9433333333333334,request_rescan,3.90348
7371,7371,0.9433333333333334,discard,3.903787
7372,7372,0.9433333333333334,request_rescan,3.904107
7373,7373,0.9433333333333334,request_rescan,3.905448
7374,7374,0.9433333333333334,request_rescan,3.90577
7375,7375,0.9433333333333334,request_rescan,3.906225
7376,7376,0.9433333333333334,request_rescan,3.906543
7377,7377,0.9433333333333334,request_rescan,3.907873
7378,7378,0.9433333333333334,discard,3.9082
7379,7379,0.9433333333333334,request_rescan,3.908506
7380,7380,0.9433333333333334,discard,3.908813
7381,7381,0.9433333333333334,request_rescan,3.91005
7382,7382,0.9433333333333334,discard,3.910372
7383,7383,0.9433333333333334,request_rescan,3.910675
7384,7384,0.9433333333333334,request_rescan,3.910839
7385,7385,0.9433333333333334,request_rescan,3.911991
7386,7386,0.9433333333333334,discard,3.912319
7387,7387,0.9433333333333334,discard,3.91262
7388,7388,0.9433333333333334,request_rescan,3.912917
7389,7389,0.9433333333333334,discard,3.914096
7390,7390,0.9433333333333334,request_rescan,3.914434
7391,7391,0.9433333333333334,request_rescan,3.914741
7392,7392,0.9433333333333334,discard,3.915041
7393,7393,0.9433333333333334,request_rescan,3.916194
7394,7394,0.9433333333333334,discard,3.916507
7395,7395,0.9433333333333334,discard,3.916805
7396,7396,0.9433333333333334,request_rescan,3.917107
7397,7397,0.9433333333333334,discard,3.918516
7398,7398,0.9433333333333334,request_rescan,3.91892
7399,7399,0.9433333333333334,discard,3.919235
7400,7400,0.9433333333333334,discard,3.919527
7401,7401,0.9433333333333334,request_rescan,3.920805
7402,7402,0.9433333333333334,discard,3.921153
7403,7403,0.9433333333333334,discard,3.921467
7404,7404,0.9433333333333334,request_rescan,3.921764
7405,7405,0.9433333333333334,discard,3.92332
7406,7406,0.9433333333333334,request_rescan,3.923644
7407,7407,0.9433333333333334,discard,3.923958
7408,7408,0.9433333333333334,request_rescan,3.924258
7409,7409,0.9433333333333334,request_rescan,3.925766
7410,7410,0.9433333333333334,discard,3.926093
7411,7411,0.9433333333333334,discard,3.926407
7412,7412,0.9433333333333334,discard,3.926716
7413,7413,0.9433333333333334,discard,3.927887
7414,7414,0.9433333333333334,request_rescan,3.92822
7415,7415,0.9433333333333334,discard,3.928528
7416,7416,0.9433333333333334,discard,3.928837
7417,7417,0.9433333333333334,discard,3.930147
7418,7418,0.9433333333333334,discard,3.930467
7419,7419,0.9433333333333334,request_rescan,3.930777
7420,7420,0.9433333333333334,discard,3.931093
7421,7421,0.9433333333333334,discard,3.932363
7422,7422,0.9433333333333334,request_rescan,3.932681
7423,7423,0.9433333333333334,discard,3.932992
7424,7424,0.9433333333333334,request_rescan,3.933301
7425,7425,0.9433333333333334,discard,3.934702
7426,7426,0.9433333333333334,discard,3.935101
7427,7427,0.9433333333333334,request_rescan,3.935471
7428,7428,0.9433333333333334,discard,3.93578
7429,7429,0.9433333333333334,request_rescan,3.937104
7430,7430,0.9433333333333334,request_rescan,3.93742
7431,7431,0.9433333333333334,request_rescan,3.93772
7432,7432,0.9433333333333334,request_rescan,3.938041
7433,7433,0.9433333333333334,request_rescan,3.93946
7434,7434,0.9433333333333334,request_rescan,3.939783
7435,7435,0.9433333333333334,request_rescan,3.940106
7436,7436,0.76,request_rescan,3.940278
7437,7437,0.9433333333333334,request_rescan,3.941467
7438,7438,0.6633333333333333,log_and_continue,3.941647
7439,7439,0.9433333333333334,request_rescan,3.941972
7440,7440,0.9433333333333334,discard,3.942275
7441,7441,0.9433333333333334,discard,3.94346
7442,7442,0.9433333333333334,discard,3.943772
7443,7443,0.9433333333333334,discard,3.944096
7444,7444,0.9433333333333334,discard,3.944395
7445,7445,0.9433333333333334,discard,3.945701
7446,7446,0.9433333333333334,discard,3.946028
7447,7447,0.9433333333333334,discard,3.946337
7448,7448,0.9433333333333334,request_rescan,3.946505
7449,7449,0.9433333333333334,discard,3.947814
7450,7450,0.9433333333333334,discard,3.948142
7451,7451,0.76,discard,3.948457
7452,7452,0.9433333333333334,discard,3.948769
7453,7453,0.9433333333333334,discard,3.949997
7454,7454,0.9433333333333334,discard,3.950314
7455,7455,0.76,discard,3.950636
7456,7456,0.9433333333333334,discard,3.950945
7457,7457,0.9433333333333334,discard,3.952408
7458,7458,0.9433333333333334,discard,3.952724
7459,7459,0.76,discard,3.953039
7460,7460,0.9433333333333334,discard,3.953339
7461,7461,0.9433333333333334,discard,3.954751
7462,7462,0.76,discard,3.955275
7463,7463,0.9433333333333334,request_rescan,3.955643
7464,7464,0.9433333333333334,discard,3.955952
7465,7465,0.9433333333333334,discard,3.95727
7466,7466,0.9433333333333334,request_rescan,3.957599
7467,7467,0.9433333333333334,request_rescan,3.957923
7468,7468,0.9433333333333334,discard,3.958228
7469,7469,0.9433333333333334,discard,3.959643
7470,7470,0.9433333333333334,discard,3.959976
7471,7471,0.9433333333333334,request_rescan,3.960295
7472,7472,0.9433333333333334,discard,3.960598
7473,7473,0.9433333333333334,request_rescan,3.961987
7474,7474,0.9433333333333334,request_rescan,3.962319
7475,7475,0.9433333333333334,request_rescan,3.962637
7476,7476,0.9433333333333334,discard,3.962946
7477,7477,0.9433333333333334,discard,3.964323
7478,7478,0.9433333333333334,discard,3.964696
7479,7479,0.9433333333333334,request_rescan,3.965017
7480,7480,0.9433333333333334,discard,3.965319
7481,7481,0.9433333333333334,request_rescan,3.96673
7482,7482,0.76,log_and_continue,3.966919
7483,7483,0.9433333333333334,discard,3.967249
7484,7484,0.9433333333333334,request_rescan,3.967553
7485,7485,0.9433333333333334,request_rescan,3.96907
7486,7486,0.9433333333333334,request_rescan,3.969405
7487,7487,0.9433333333333334,request_rescan,3.969715
7488,7488,0.9433333333333334,discard,3.970021
7489,7489,0.9433333333333334,request_rescan,3.971344
7490,7490,0.9433333333333334,request_rescan,3.971686
7491,7491,0.9433333333333334,request_rescan,3.972007
7492,7492,0.9433333333333334,request_rescan,3.972313
7493,7493,0.9433333333333334,request_rescan,3.973774
7494,7494,0.9433333333333334,discard,3.974113
7495,7495,0.9433333333333334,discard,3.974428
7496,7496,0.9433333333333334,discard,3.974729
7497,7497,0.9433333333333334,discard,3.975918
7498,7498,0.9433333333333334,discard,3.976269
7499,7499,0.9433333333333334,discard,3.97659
7500,7500,0.9433333333333334,request_rescan,3.976893
7501,7501,0.9433333333333334,discard,3.978101
7502,7502,0.9433333333333334,request_rescan,3.97844
7503,7503,0.9433333333333334,request_rescan,3.978753
7504,7504,0.9433333333333334,discard,3.979057
7505,7505,0.9433333333333334,discard,3.980287
7506,7506,0.9433333333333334,request_rescan,3.980621
7507,7507,0.9433333333333334,request_rescan,3.980935
7508,7508,0.9433333333333334,discard,3.981278
7509,7509,0.9433333333333334,request_rescan,3.98245
7510,7510,0.9433333333333334,request_rescan,3.982779
7511,7511,0.9433333333333334,request_rescan,3.983109
7512,7512,0.9433333333333334,discard,3.983414
7513,7513,0.9433333333333334,discard,3.984795
7514,7514,0.9433333333333334,request_rescan,3.985374
7515,7515,0.9433333333333334,discard,3.985755
7516,7516,0.9433333333333334,request_rescan,3.986078
7517,7517,0.9433333333333334,request_rescan,3.987343
7518,7518,0.9433333333333334,request_rescan,3.987662
7519,7519,0.9433333333333334,request_rescan,3.987982
7520,7520,0.9433333333333334,discard,3.988283
7521,7521,0.9433333333333334,request_rescan,3.989914
7522,7522,0.9433333333333334,request_rescan,3.990234
7523,7523,0.9433333333333334,request_rescan,3.990534
7524,7524,0.9433333333333334,request_rescan,3.990849
7525,7525,0.9433333333333334,discard,3.992184
7526,7526,0.9433333333333334,request_rescan,3.992501
7527,7527,0.9433333333333334,request_rescan,3.992798
7528,7528,0.9433333333333334,discard,3.993113
7529,7529,0.9433333333333334,discard,3.994379
7530,7530,0.9433333333333334,request_rescan,3.9947
7531,7531,0.9433333333333334,request_rescan,3.995008
7532,7532,0.9433333333333334,request_rescan,3.99532
7533,7533,0.9433333333333334,request_rescan,3.996625
7534,7534,0.9433333333333334,discard,3.996962
7535,7535,0.9433333333333334,discard,3.997271
7536,7536,0.9433333333333334,discard,3.997567
7537,7537,0.9433333333333334,request_rescan,3.998892
7538,7538,0.9433333333333334,request_rescan,3.999227
7539,7539,0.9433333333333334,discard,3.999535
7540,7540,0.9433333333333334,discard,3.999829
7541,7541,0.76,log_and_continue,4.001095
7542,7542,0.9433333333333334,discard,4.00127
7543,7543,0.9433333333333334,discard,4.001872
7544,7544,0.9433333333333334,discard,4.002257
7545,7545,0.9433333333333334,discard,4.003547
7546,7546,0.9433333333333334,discard,4.003886
7547,7547,0.9433333333333334,request_rescan,4.004214
7548,7548,0.9433333333333334,discard,4.004527
7549,7549,0.9433333333333334,discard,4.005803
7550,7550,0.9433333333333334,request_rescan,4.006137
7551,7551,0.9433333333333334,request_rescan,4.006457
7552,7552,0.9433333333333334,request_rescan,4.006758
7553,7553,0.9433333333333334,discard,4.007942
7554,7554,0.9433333333333334,request_rescan,4.008274
7555,7555,0.9433333333333334,discard,4.008582
7556,7556,0.9433333333333334,request_rescan,4.008884
7557,7557,0.9433333333333334,discard,4.010118
7558,7558,0.9433333333333334,discard,4.010452
7559,7559,0.9433333333333334,request_rescan,4.010769
7560,7560,0.9433333333333334,request_rescan,4.01108
7561,7561,0.9433333333333334,discard,4.012321
7562,7562,0.9433333333333334,request_rescan,4.012649
7563,7563,0.9433333333333334,discard,4.012966
7564,7564,0.9433333333333334,request_rescan,4.013267
7565,7565,0.76,log_and_continue,4.014368
7566,7566,0.9433333333333334,discard,4.014713
7567,7567,0.9433333333333334,request_rescan,4.01504
7568,7568,0.9433333333333334,request_rescan,4.015359
7569,7569,0.9433333333333334,discard,4.01661
7570,7570,0.9433333333333334,discard,4.016953
7571,7571,0.9433333333333334,request_rescan,4.017264
7572,7572,0.9433333333333334,request_rescan,4.017564
7573,7573,0.9433333333333334,discard,4.019014
7574,7574,0.9433333333333334,request_rescan,4.019359
7575,7575,0.9433333333333334,request_rescan,4.019674
7576,7576,0.9433333333333334,request_rescan,4.019976
7577,7577,0.9433333333333334,request_rescan,4.021176
7578,7578,0.9433333333333334,request_rescan,4.021507
7579,7579,0.9433333333333334,discard,4.021974
7580,7580,0.9433333333333334,discard,4.022291
7581,7581,0.9433333333333334,discard,4.023543
7582,7582,0.9433333333333334,request_rescan,4.023883
7583,7583,0.9433333333333334,discard,4.024196
7584,7584,0.9433333333333334,discard,4.024364
7585,7585,0.9433333333333334,request_rescan,4.025605
7586,7586,0.9433333333333334,request_rescan,4.025944
7587,7587,0.9433333333333334,discard,4.026256
7588,7588,0.9433333333333334,discard,4.026563
7589,7589,0.76,log_and_continue,4.027606
7590,7590,0.6633333333333333,log_and_continue,4.027783
7591,7591,0.9433333333333334,request_rescan,4.02813
7592,7592,0.9433333333333334,request_rescan,4.028447
7593,7593,0.9433333333333334,discard,4.029731
7594,7594,0.9433333333333334,request_rescan,4.030071
7595,7595,0.9433333333333334,request_rescan,4.030384
7596,7596,0.9433333333333334,discard,4.030682
7597,7597,0.9433333333333334,discard,4.031927
7598,7598,0.9433333333333334,discard,4.032265
7599,7599,0.9433333333333334,request_rescan,4.032573
7600,7600,0.9433333333333334,request_rescan,4.032873
7601,7601,0.76,request_rescan,4.033954
7602,7602,0.9433333333333334,discard,4.034305
7603,7603,0.9433333333333334,discard,4.034698
7604,7604,0.9433333333333334,discard,4.035088
7605,7605,0.9433333333333334,request_rescan,4.036342
7606,7606,0.9433333333333334,discard,4.036664
7607,7607,0.9433333333333334,discard,4.036978
7608,7608,0.9433333333333334,discard,4.037278
7609,7609,0.9433333333333334,request_rescan,4.038548
7610,7610,0.9433333333333334,discard,4.039004
7611,7611,0.9433333333333334,request_rescan,4.039321
7612,7612,0.9433333333333334,request_rescan,4.039629
7613,7613,0.9433333333333334,discard,4.04088
7614,7614,0.9433333333333334,request_rescan,4.041213
7615,7615,0.9433333333333334,discard,4.041515
7616,7616,0.9433333333333334,discard,4.041813
7617,7617,0.9433333333333334,discard,4.043076
7618,7618,0.9433333333333334,discard,4.043391
7619,7619,0.9433333333333334,discard,4.043691
7620,7620,0.9433333333333334,discard,4.043985
7621,7621,0.9433333333333334,discard,4.045158
7622,7622,0.9433333333333334,request_rescan,4.045489
7623,7623,0.9433333333333334,request_rescan,4.045795
7624,7624,0.9433333333333334,request_rescan,4.0461
7625,7625,0.9433333333333334,request_rescan,4.047367
7626,7626,0.9433333333333334,request_rescan,4.047685
7627,7627,0.9433333333333334,discard,4.048001
7628,7628,0.9433333333333334,request_rescan,4.048302
7629,7629,0.9433333333333334,request_rescan,4.049543
7630,7630,0.9433333333333334,request_rescan,4.049879
7631,7631,0.9433333333333334,discard,4.050207
7632,7632,0.9433333333333334,request_rescan,4.050515
7633,7633,0.9433333333333334,request_rescan,4.052001
7634,7634,0.9433333333333334,request_rescan,4.052397
7635,7635,0.9433333333333334,request_rescan,4.052711
7636,7636,0.76,discard,4.052885
7637,7637,0.9433333333333334,request_rescan,4.054121
7638,7638,0.9433333333333334,discard,4.054449
7639,7639,0.9433333333333334,request_rescan,4.054765
7640,7640,0.9433333333333334,discard,4.055267
7641,7641,0.9433333333333334,discard,4.056633
7642,7642,0.9433333333333334,request_rescan,4.056975
7643,7643,0.9433333333333334,request_rescan,4.057284
7644,7644,0.9433333333333334,request_rescan,4.057581
7645,7645,0.9433333333333334,request_rescan,4.058763
7646,7646,0.9433333333333334,request_rescan,4.059096
7647,7647,0.9433333333333334,discard,4.0594
7648,7648,0.76,log_and_continue,4.059565
7649,7649,0.9433333333333334,request_rescan,4.060781
7650,7650,0.9433333333333334,request_rescan,4.061111
7651,7651,0.9433333333333334,request_rescan,4.061439
7652,7652,0.9433333333333334,request_rescan,4.061751
7653,7653,0.9433333333333334,discard,4.063085
7654,7654,0.9433333333333334,request_rescan,4.063402
7655,7655,0.9433333333333334,request_rescan,4.0637
7656,7656,0.9433333333333334,discard,4.064003
7657,7657,0.9433333333333334,discard,4.065349
7658,7658,0.9433333333333334,discard,4.065678
7659,7659,0.9433333333333334,discard,4.066008
7660,7660,0.9433333333333334,discard,4.066325
7661,7661,0.76,log_and_continue,4.067623
7662,7662,0.9433333333333334,discard,4.068109
7663,7663,0.9433333333333334,discard,4.068696
7664,7664,0.9433333333333334,request_rescan,4.069082
7665,7665,0.9433333333333334,request_rescan,4.070532
7666,7666,0.9433333333333334,discard,4.070872
7667,7667,0.9433333333333334,discard,4.071203
7668,7668,0.9433333333333334,request_rescan,4.07182
7669,7669,0.9433333333333334,request_rescan,4.073211
7670,7670,0.9433333333333334,request_rescan,4.073536
7671,7671,0.9433333333333334,request_rescan,4.073859
7672,7672,0.9433333333333334,request_rescan,4.074173
7673,7673,0.9433333333333334,request_rescan,4.075512
7674,7674,0.9433333333333334,discard,4.075847
7675,7675,0.9433333333333334,discard,4.07618
7676,7676,0.9433333333333334,request_rescan,4.076484
7677,7677,0.9433333333333334,request_rescan,4.077631
7678,7678,0.9433333333333334,request_rescan,4.077969
7679,7679,0.76,discard,4.07814
7680,7680,0.9433333333333334,discard,4.07845
7681,7681,0.9433333333333334,request_rescan,4.079681
7682,7682,0.9433333333333334,discard,4.080015
7683,7683,0.9433333333333334,discard,4.080329
7684,7684,0.9433333333333334,discard,4.080637
7685,7685,0.9433333333333334,discard,4.081925
7686,7686,0.9433333333333334,request_rescan,4.082262
7687,7687,0.9433333333333334,request_rescan,4.082573
7688,7688,0.9433333333333334,request_rescan,4.082877
7689,7689,0.9433333333333334,request_rescan,4.084087
7690,7690,0.9433333333333334,discard,4.084457
7691,7691,0.9433333333333334,discard,4.084956
7692,7692,0.9433333333333334,discard,4.085467
7693,7693,0.9433333333333334,discard,4.086737
7694,7694,0.9433333333333334,discard,4.087076
7695,7695,0.9433333333333334,request_rescan,4.087385
7696,7696,0.9433333333333334,discard,4.087679
7697,7697,0.9433333333333334,request_rescan,4.089037
7698,7698,0.9433333333333334,discard,4.08936
7699,7699,0.9433333333333334,discard,4.089672
7700,7700,0.9433333333333334,request_rescan,4.089974
7701,7701,0.9433333333333334,request_rescan,4.09138
7702,7702,0.9433333333333334,request_rescan,4.091709
7703,7703,0.9433333333333334,discard,4.092026
7704,7704,0.9433333333333334,request_rescan,4.09233
7705,7705,0.9433333333333334,discard,4.093711
7706,7706,0.9433333333333334,request_rescan,4.094046
7707,7707,0.9433333333333334,discard,4.094354
7708,7708,0.9433333333333334,discard,4.094649
7709,7709,0.9433333333333334,discard,4.096046
7710,7710,0.9433333333333334,request_rescan,4.096378
7711,7711,0.9433333333333334,request_rescan,4.096682
7712,7712,0.9433333333333334,request_rescan,4.096981
7713,7713,0.9433333333333334,discard,4.098231
7714,7714,0.9433333333333334,discard,4.098566
7715,7715,0.9433333333333334,discard,4.098881
7716,7716,0.9433333333333334,request_rescan,4.09918
7717,7717,0.9433333333333334,discard,4.100568
7718,7718,0.9433333333333334,discard,4.100904
7719,7719,0.9433333333333334,discard,4.101289
7720,7720,0.9433333333333334,discard,4.101765
7721,7721,0.9433333333333334,request_rescan,4.103238
7722,7722,0.9433333333333334,discard,4.103566
7723,7723,0.9433333333333334,discard,4.103881
7724,7724,0.6633333333333333,log_and_continue,4.104057
7725,7725,0.9433333333333334,discard,4.105404
7726,7726,0.9433333333333334,discard,4.105734
7727,7727,0.9433333333333334,request_rescan,4.106044
7728,7728,0.9433333333333334,request_rescan,4.106342
7729,7729,0.9433333333333334,request_rescan,4.10776
7730,7730,0.9433333333333334,discard,4.108099
7731,7731,0.9433333333333334,discard,4.108408
7732,7732,0.9433333333333334,request_rescan,4.108705
7733,7733,0.9433333333333334,request_rescan,4.110194
7734,7734,0.9433333333333334,discard,4.110523
7735,7735,0.9433333333333334,discard,4.110831
7736,7736,0.9433333333333334,request_rescan,4.111137
7737,7737,0.9433333333333334,discard,4.112544
7738,7738,0.9433333333333334,discard,4.112876
7739,7739,0.9433333333333334,request_rescan,4.113183
7740,7740,0.9433333333333334,request_rescan,4.113476
7741,7741,0.9433333333333334,discard,4.114824
7742,7742,0.9433333333333334,discard,4.115157
7743,7743,0.9433333333333334,request_rescan,4.115469
7744,7744,0.9433333333333334,request_rescan,4.115768
7745,7745,0.9433333333333334,discard,4.117098
7746,7746,0.9433333333333334,request_rescan,4.117435
7747,7747,0.9433333333333334,discard,4.117745
7748,7748,0.9433333333333334,request_rescan,4.118228
7749,7749,0.9433333333333334,discard,4.119727
7750,7750,0.9433333333333334,discard,4.120059
7751,7751,0.9433333333333334,request_rescan,4.120365
7752,7752,0.9433333333333334,request_rescan,4.12066
7753,7753,0.9433333333333334,request_rescan,4.122846
7754,7754,0.9433333333333334,discard,4.123428
7755,7755,0.9433333333333334,discard,4.123985
7756,7756,0.9433333333333334,request_rescan,4.124551
7757,7757,0.9433333333333334,discard,4.126766
7758,7758,0.9433333333333334,request_rescan,4.127338
7759,7759,0.9433333333333334,request_rescan,4.127877
7760,7760,0.9433333333333334,discard,4.128413
7761,7761,0.9433333333333334,discard,4.130375
7762,7762,0.9433333333333334,request_rescan,4.130708
7763,7763,0.9433333333333334,discard,4.13103
7764,7764,0.9433333333333334,request_rescan,4.131331
7765,7765,0.9433333333333334,discard,4.132561
7766,7766,0.9433333333333334,discard,4.132898
7767,7767,0.9433333333333334,request_rescan,4.13321
7768,7768,0.9433333333333334,discard,4.133514
7769,7769,0.9433333333333334,request_rescan,4.13471
7770,7770,0.9433333333333334,discard,4.135145
7771,7771,0.9433333333333334,discard,4.13552
7772,7772,0.9433333333333334,discard,4.13582
7773,7773,0.9433333333333334,discard,4.13721
7774,7774,0.9433333333333334,discard,4.137542
7775,7775,0.9433333333333334,request_rescan,4.137853
7776,7776,0.9433333333333334,discard,4.138171
7777,7777,0.9433333333333334,request_rescan,4.139595
7778,7778,0.9433333333333334,request_rescan,4.139926
7779,7779,0.9433333333333334,discard,4.14024
7780,7780,0.9433333333333334,request_rescan,4.140538
7781,7781,0.9433333333333334,discard,4.141942
7782,7782,0.9433333333333334,discard,4.142281
7783,7783,0.9433333333333334,request_rescan,4.142593
7784,7784,0.9433333333333334,discard,4.143034
7785,7785,0.9433333333333334,discard,4.145142
7786,7786,0.9433333333333334,discard,4.145549
7787,7787,0.9433333333333334,request_rescan,4.145921
7788,7788,0.9433333333333334,discard,4.146241
7789,7789,0.9433333333333334,discard,4.147571
7790,7790,0.9433333333333334,discard,4.1479
7791,7791,0.9433333333333334,request_rescan,4.14822
7792,7792,0.9433333333333334,discard,4.148525
7793,7793,0.9433333333333334,discard,4.149992
7794,7794,0.9433333333333334,request_rescan,4.150316
7795,7795,0.9433333333333334,discard,4.150637
7796,7796,0.9433333333333334,request_rescan,4.150945
7797,7797,0.9433333333333334,discard,4.152456
7798,7798,0.9433333333333334,request_rescan,4.152773
7799,7799,0.9433333333333334,discard,4.153089
7800,7800,0.9433333333333334,request_rescan,4.153397
7801,7801,0.9433333333333334,discard,4.154758
7802,7802,0.9433333333333334,request_rescan,4.155411
7803,7803,0.9433333333333334,request_rescan,4.155727
7804,7804,0.9433333333333334,discard,4.156032
7805,7805,0.9433333333333334,discard,4.157225
7806,7806,0.9433333333333334,request_rescan,4.157547
7807,7807,0.9433333333333334,request_rescan,4.157865
7808,7808,0.9433333333333334,request_rescan,4.158168
7809,7809,0.9433333333333334,discard,4.159342
7810,7810,0.9433333333333334,discard,4.15966
7811,7811,0.9433333333333334,request_rescan,4.159986
7812,7812,0.9433333333333334,request_rescan,4.160296
7813,7813,0.9433333333333334,discard,4.161481
7814,7814,0.9433333333333334,request_rescan,4.161798
7815,7815,0.9433333333333334,request_rescan,4.162108
7816,7816,0.9433333333333334,request_rescan,4.1624
7817,7817,0.9433333333333334,request_rescan,4.163597
7818,7818,0.9433333333333334,discard,4.163927
7819,7819,0.9433333333333334,discard,4.164233
7820,7820,0.9433333333333334,request_rescan,4.164526
7821,7821,0.9433333333333334,request_rescan,4.165702
7822,7822,0.9433333333333334,discard,4.166045
7823,7823,0.9433333333333334,discard,4.166659
7824,7824,0.9433333333333334,discard,4.167198
7825,7825,0.9433333333333334,request_rescan,4.168991
7826,7826,0.9433333333333334,discard,4.16933
7827,7827,0.6633333333333333,log_and_continue,4.169502
7828,7828,0.9433333333333334,discard,4.169817
7829,7829,0.9433333333333334,request_rescan,4.171333
7830,7830,0.76,request_rescan,4.171502
7831,7831,0.9433333333333334,discard,4.171834
7832,7832,0.9433333333333334,request_rescan,4.172148
7833,7833,0.9433333333333334,request_rescan,4.173951
7834,7834,0.9433333333333334,request_rescan,4.174491
7835,7835,0.9433333333333334,request_rescan,4.175078
7836,7836,0.9433333333333334,discard,4.175625
7837,7837,0.9433333333333334,request_rescan,4.177543
7838,7838,0.9433333333333334,discard,4.178068
7839,7839,0.9433333333333334,discard,4.178538
7840,7840,0.9433333333333334,discard,4.179018
7841,7841,0.9433333333333334,request_rescan,4.180839
7842,7842,0.9433333333333334,discard,4.181347
7843,7843,0.9433333333333334,request_rescan,4.181813
7844,7844,0.9433333333333334,discard,4.182296
7845,7845,0.9433333333333334,discard,4.183955
7846,7846,0.9433333333333334,discard,4.184468
7847,7847,0.9433333333333334,discard,4.185062
7848,7848,0.9433333333333334,request_rescan,4.185602
7849,7849,0.9433333333333334,discard,4.187397
7850,7850,0.9433333333333334,request_rescan,4.187902
7851,7851,0.9433333333333334,request_rescan,4.188396
7852,7852,0.9433333333333334,request_rescan,4.189176
7853,7853,0.9433333333333334,discard,4.191131
7854,7854,0.9433333333333334,request_rescan,4.191633
7855,7855,0.9433333333333334,request_rescan,4.192146
7856,7856,0.9433333333333334,request_rescan,4.192617
7857,7857,0.9433333333333334,discard,4.194471
7858,7858,0.9433333333333334,discard,4.194979
7859,7859,0.9433333333333334,request_rescan,4.195445
7860,7860,0.9433333333333334,request_rescan,4.195931
7861,7861,0.9433333333333334,discard,4.197721
7862,7862,0.9433333333333334,discard,4.198221
7863,7863,0.9433333333333334,request_rescan,4.198686
7864,7864,0.6633333333333333,log_and_continue,4.19898
7865,7865,0.9433333333333334,discard,4.200792
7866,7866,0.9433333333333334,discard,4.201424
7867,7867,0.9433333333333334,request_rescan,4.202133
7868,7868,0.9433333333333334,discard,4.202661
7869,7869,0.9433333333333334,discard,4.204469
7870,7870,0.9433333333333334,request_rescan,4.205203
7871,7871,0.9433333333333334,request_rescan,4.205753
7872,7872,0.9433333333333334,request_rescan,4.206254
7873,7873,0.9433333333333334,discard,4.208248
7874,7874,0.9433333333333334,discard,4.208748
7875,7875,0.9433333333333334,request_rescan,4.20923
7876,7876,0.9433333333333334,discard,4.209719
7877,7877,0.9433333333333334,request_rescan,4.211627
7878,7878,0.9433333333333334,request_rescan,4.212134
7879,7879,0.9433333333333334,discard,4.212626
7880,7880,0.9433333333333334,discard,4.213129
7881,7881,0.9433333333333334,discard,4.214958
7882,7882,0.9433333333333334,discard,4.21529
7883,7883,0.9433333333333334,discard,4.215595
7884,7884,0.9433333333333334,request_rescan,4.215896
7885,7885,0.9433333333333334,discard,4.217168
7886,7886,0.9433333333333334,discard,4.217498
7887,7887,0.9433333333333334,discard,4.217911
7888,7888,0.9433333333333334,discard,4.218424
7889,7889,0.9433333333333334,request_rescan,4.219867
7890,7890,0.9433333333333334,request_rescan,4.220193
7891,7891,0.9433333333333334,discard,4.220496
7892,7892,0.9433333333333334,discard,4.220787
7893,7893,0.76,discard,4.222017
7894,7894,0.76,discard,4.222485
7895,7895,0.9433333333333334,discard,4.22279
7896,7896,0.9433333333333334,request_rescan,4.223093
7897,7897,0.9433333333333334,request_rescan,4.224321
7898,7898,0.9433333333333334,discard,4.224646
7899,7899,0.9433333333333334,request_rescan,4.224954
7900,7900,0.9433333333333334,request_rescan,4.225257
7901,7901,0.9433333333333334,discard,4.226502
7902,7902,0.9433333333333334,discard,4.226818
7903,7903,0.76,discard,4.227127
7904,7904,0.9433333333333334,discard,4.227436
7905,7905,0.76,discard,4.22865
7906,7906,0.9433333333333334,discard,4.228986
7907,7907,0.9433333333333334,discard,4.229297
7908,7908,0.9433333333333334,discard,4.229593
7909,7909,0.9433333333333334,discard,4.230798
7910,7910,0.9433333333333334,request_rescan,4.231134
7911,7911,0.9433333333333334,discard,4.231444
7912,7912,0.9433333333333334,request_rescan,4.231744
7913,7913,0.9433333333333334,discard,4.232959
7914,7914,0.9433333333333334,discard,4.233278
7915,7915,0.9433333333333334,discard,4.233447
7916,7916,0.9433333333333334,request_rescan,4.233743
7917,7917,0.9433333333333334,discard,4.235072
7918,7918,0.9433333333333334,discard,4.23546
7919,7919,0.9433333333333334,request_rescan,4.235768
7920,7920,0.9433333333333334,request_rescan,4.23607
7921,7921,0.9433333333333334,request_rescan,4.237285
7922,7922,0.9433333333333334,request_rescan,4.237608
7923,7923,0.9433333333333334,request_rescan,4.237916
7924,7924,0.9433333333333334,discard,4.23845
7925,7925,0.9433333333333334,request_rescan,4.239756
7926,7926,0.9433333333333334,discard,4.240089
7927,7927,0.9433333333333334,request_rescan,4.24026
7928,7928,0.76,request_rescan,4.240562
7929,7929,0.9433333333333334,discard,4.241787
7930,7930,0.9433333333333334,request_rescan,4.242121
7931,7931,0.9433333333333334,request_rescan,4.242423
7932,7932,0.9433333333333334,discard,4.242713
7933,7933,0.9433333333333334,request_rescan,4.243919
7934,7934,0.9433333333333334,discard,4.244247
7935,7935,0.9433333333333334,request_rescan,4.244557
7936,7936,0.76,request_rescan,4.244852
7937,7937,0.9433333333333334,request_rescan,4.246049
7938,7938,0.9433333333333334,request_rescan,4.246373
7939,7939,0.9433333333333334,request_rescan,4.246683
7940,7940,0.76,request_rescan,4.24701
7941,7941,0.76,log_and_continue,4.248102
7942,7942,0.9433333333333334,request_rescan,4.24844
7943,7943,0.76,request_rescan,4.248761
7944,7944,0.76,request_rescan,4.248926
7945,7945,0.9433333333333334,discard,4.250129
7946,7946,0.9433333333333334,request_rescan,4.250461
7947,7947,0.9433333333333334,request_rescan,4.250765
7948,7948,0.9433333333333334,discard,4.251068
7949,7949,0.9433333333333334,discard,4.252693
7950,7950,0.9433333333333334,discard,4.253025
7951,7951,0.9433333333333334,request_rescan,4.253331
7952,7952,0.9433333333333334,request_rescan,4.253625
7953,7953,0.9433333333333334,request_rescan,4.254903
7954,7954,0.9433333333333334,discard,4.25524
7955,7955,0.9433333333333334,request_rescan,4.255745
7956,7956,0.9433333333333334,request_rescan,4.255909
7957,7957,0.9433333333333334,discard,4.257121
7958,7958,0.9433333333333334,discard,4.257448
7959,7959,0.9433333333333334,request_rescan,4.257752
7960,7960,0.9433333333333334,request_rescan,4.258053
7961,7961,0.9433333333333334,request_rescan,4.259258
7962,7962,0.9433333333333334,discard,4.259585
7963,7963,0.9433333333333334,request_rescan,4.259894
7964,7964,0.9433333333333334,request_rescan,4.260195
7965,7965,0.9433333333333334,discard,4.261406
7966,7966,0.9433333333333334,request_rescan,4.26174
7967,7967,0.9433333333333334,discard,4.262061
7968,7968,0.9433333333333334,discard,4.262358
7969,7969,0.9433333333333334,discard,4.263579
7970,7970,0.9433333333333334,discard,4.263904
7971,7971,0.9433333333333334,request_rescan,4.264208
7972,7972,0.9433333333333334,discard,4.26451
7973,7973,0.9433333333333334,discard,4.265725
7974,7974,0.9433333333333334,discard,4.266048
7975,7975,0.9433333333333334,discard,4.266371
7976,7976,0.9433333333333334,request_rescan,4.266673
7977,7977,0.9433333333333334,request_rescan,4.267999
7978,7978,0.9433333333333334,discard,4.268391
7979,7979,0.9433333333333334,request_rescan,4.268768
7980,7980,0.9433333333333334,discard,4.269072
7981,7981,0.9433333333333334,request_rescan,4.27028
7982,7982,0.9433333333333334,request_rescan,4.270604
7983,7983,0.9433333333333334,discard,4.270773
7984,7984,0.9433333333333334,request_rescan,4.271082
7985,7985,0.9433333333333334,discard,4.272491
7986,7986,0.9433333333333334,request_rescan,4.272819
7987,7987,0.9433333333333334,discard,4.273132
7988,7988,0.9433333333333334,request_rescan,4.273426
7989,7989,0.9433333333333334,request_rescan,4.274634
7990,7990,0.9433333333333334,request_rescan,4.274976
7991,7991,0.9433333333333334,request_rescan,4.275288
7992,7992,0.9433333333333334,request_rescan,4.275588
7993,7993,0.76,discard,4.276695
7994,7994,0.9433333333333334,discard,4.277042
7995,7995,0.9433333333333334,discard,4.277355
7996,7996,0.9433333333333334,discard,4.277653
7997,7997,0.76,request_rescan,4.278753
7998,7998,0.9433333333333334,request_rescan,4.279103
7999,7999,0.9433333333333334,discard,4.279411
8000,8000,0.9433333333333334,request_rescan,4.279705
8001,8001,0.76,request_rescan,4.280922
8002,8002,0.9433333333333334,request_rescan,4.281261
8003,8003,0.9433333333333334,request_rescan,4.281571
8004,8004,0.9433333333333334,discard,4.281872
8005,8005,0.9433333333333334,request_rescan,4.283081
8006,8006,0.9433333333333334,request_rescan,4.283408
8007,8007,0.9433333333333334,discard,4.283709
8008,8008,0.6633333333333333,log_and_continue,4.283874
8009,8009,0.9433333333333334,request_rescan,4.285368
8010,8010,0.9433333333333334,request_rescan,4.285761
8011,8011,0.9433333333333334,discard,4.286074
8012,8012,0.9433333333333334,request_rescan,4.286371
8013,8013,0.9433333333333334,request_rescan,4.287585
8014,8014,0.9433333333333334,discard,4.287912
8015,8015,0.9433333333333334,discard,4.288219
8016,8016,0.9433333333333334,request_rescan,4.288513
8017,8017,0.9433333333333334,discard,4.290033
8018,8018,0.9433333333333334,request_rescan,4.290364
8019,8019,0.9433333333333334,request_rescan,4.290668
8020,8020,0.9433333333333334,request_rescan,4.290967
8021,8021,0.9433333333333334,discard,4.292215
8022,8022,0.9433333333333334,request_rescan,4.292543
8023,8023,0.9433333333333334,request_rescan,4.29285
8024,8024,0.9433333333333334,discard,4.293151
8025,8025,0.9433333333333334,request_rescan,4.294365
8026,8026,0.9433333333333334,discard,4.294692
8027,8027,0.9433333333333334,discard,4.295002
8028,8028,0.9433333333333334,request_rescan,4.295311
8029,8029,0.9433333333333334,discard,4.29654
8030,8030,0.9433333333333334,request_rescan,4.296863
8031,8031,0.9433333333333334,request_rescan,4.297187
8032,8032,0.9433333333333334,request_rescan,4.297487
8033,8033,0.9433333333333334,discard,4.298689
8034,8034,0.76,discard,4.299017
8035,8035,0.9433333333333334,request_rescan,4.299338
8036,8036,0.9433333333333334,discard,4.29964
8037,8037,0.9433333333333334,discard,4.300846
8038,8038,0.9433333333333334,discard,4.301248
8039,8039,0.76,discard,4.301713
8040,8040,0.76,discard,4.302074
8041,8041,0.9433333333333334,discard,4.303284
8042,8042,0.76,discard,4.303609
8043,8043,0.9433333333333334,request_rescan,4.303916
8044,8044,0.9433333333333334,request_rescan,4.304211
8045,8045,0.9433333333333334,discard,4.305603
8046,8046,0.9433333333333334,request_rescan,4.305997
8047,8047,0.9433333333333334,request_rescan,4.306304
8048,8048,0.9433333333333334,discard,4.306596
8049,8049,0.9433333333333334,request_rescan,4.307799
8050,8050,0.9433333333333334,request_rescan,4.30813
8051,8051,0.9433333333333334,request_rescan,4.308439
8052,8052,0.9433333333333334,request_rescan,4.308739
8053,8053,0.9433333333333334,discard,4.309956
8054,8054,0.9433333333333334,request_rescan,4.310279
8055,8055,0.9433333333333334,discard,4.310581
8056,8056,0.9433333333333334,discard,4.310883
8057,8057,0.9433333333333334,request_rescan,4.312099
8058,8058,0.9433333333333334,discard,4.312426
8059,8059,0.9433333333333334,discard,4.31273
8060,8060,0.9433333333333334,request_rescan,4.313035
8061,8061,0.9433333333333334,discard,4.314236
8062,8062,0.9433333333333334,request_rescan,4.31456
8063,8063,0.9433333333333334,request_rescan,4.314871
8064,8064,0.9433333333333334,discard,4.315171
8065,8065,0.9433333333333334,discard,4.316251
8066,8066,0.9433333333333334,request_rescan,4.31659
8067,8067,0.9433333333333334,request_rescan,4.316914
8068,8068,0.9433333333333334,request_rescan,4.317224
8069,8069,0.9433333333333334,request_rescan,4.318635
8070,8070,0.9433333333333334,request_rescan,4.319234
8071,8071,0.9433333333333334,request_rescan,4.319546
8072,8072,0.9433333333333334,request_rescan,4.319848
8073,8073,0.9433333333333334,discard,4.321096
8074,8074,0.9433333333333334,request_rescan,4.321424
8075,8075,0.9433333333333334,request_rescan,4.321734
8076,8076,0.9433333333333334,request_rescan,4.322288
8077,8077,0.9433333333333334,request_rescan,4.323575
8078,8078,0.9433333333333334,discard,4.323901
8079,8079,0.9433333333333334,discard,4.324208
8080,8080,0.9433333333333334,discard,4.324507
8081,8081,0.9433333333333334,request_rescan,4.325719
8082,8082,0.9433333333333334,request_rescan,4.32605
8083,8083,0.9433333333333334,discard,4.326358
8084,8084,0.9433333333333334,request_rescan,4.326656
8085,8085,0.9433333333333334,discard,4.327882
8086,8086,0.9433333333333334,discard,4.328202
8087,8087,0.9433333333333334,request_rescan,4.328501
8088,8088,0.9433333333333334,request_rescan,4.328809
8089,8089,0.9433333333333334,discard,4.330034
8090,8090,0.9433333333333334,request_rescan,4.330361
8091,8091,0.9433333333333334,discard,4.330674
8092,8092,0.9433333333333334,request_rescan,4.330983
8093,8093,0.9433333333333334,request_rescan,4.332188
8094,8094,0.9433333333333334,request_rescan,4.332512
8095,8095,0.9433333333333334,request_rescan,4.332817
8096,8096,0.9433333333333334,discard,4.33312
8097,8097,0.9433333333333334,request_rescan,4.334201
8098,8098,0.9433333333333334,request_rescan,4.334538
8099,8099,0.9433333333333334,discard,4.334916
8100,8100,0.9433333333333334,discard,4.33508
8101,8101,0.9433333333333334,request_rescan,4.336823
8102,8102,0.9433333333333334,discard,4.337159
8103,8103,0.9433333333333334,request_rescan,4.337464
8104,8104,0.9433333333333334,discard,4.337761
8105,8105,0.9433333333333334,discard,4.339271
8106,8106,0.9433333333333334,discard,4.339603
8107,8107,0.9433333333333334,request_rescan,4.339914
8108,8108,0.9433333333333334,request_rescan,4.340213
8109,8109,0.9433333333333334,request_rescan,4.341433
8110,8110,0.9433333333333334,request_rescan,4.341759
8111,8111,0.9433333333333334,request_rescan,4.342074
8112,8112,0.9433333333333334,request_rescan,4.342378
8113,8113,0.9433333333333334,request_rescan,4.343599
8114,8114,0.9433333333333334,request_rescan,4.343935
8115,8115,0.9433333333333334,request_rescan,4.344102
8116,8116,0.9433333333333334,discard,4.34441
8117,8117,0.9433333333333334,discard,4.345628
8118,8118,0.9433333333333334,request_rescan,4.345966
8119,8119,0.9433333333333334,discard,4.346281
8120,8120,0.9433333333333334,request_rescan,4.346585
8121,8121,0.9433333333333334,discard,4.347822
8122,8122,0.9433333333333334,discard,4.34816
8123,8123,0.9433333333333334,discard,4.34847
8124,8124,0.9433333333333334,discard,4.34877
8125,8125,0.9433333333333334,request_rescan,4.350006
8126,8126,0.9433333333333334,request_rescan,4.350334
8127,8127,0.9433333333333334,request_rescan,4.350637
8128,8128,0.9433333333333334,discard,4.350945
8129,8129,0.9433333333333334,request_rescan,4.352433
8130,8130,0.9433333333333334,discard,4.352828
8131,8131,0.9433333333333334,discard,4.35314
8132,8132,0.9433333333333334,request_rescan,4.353434
8133,8133,0.9433333333333334,discard,4.354674
8134,8134,0.9433333333333334,discard,4.355016
8135,8135,0.9433333333333334,discard,4.355484
8136,8136,0.9433333333333334,discard,4.355853
8137,8137,0.9433333333333334,discard,4.357097
8138,8138,0.9433333333333334,request_rescan,4.357424
8139,8139,0.9433333333333334,request_rescan,4.357732
8140,8140,0.9433333333333334,request_rescan,4.358037
8141,8141,0.9433333333333334,discard,4.359257
8142,8142,0.9433333333333334,request_rescan,4.359585
8143,8143,0.9433333333333334,discard,4.359895
8144,8144,0.9433333333333334,discard,4.360199
8145,8145,0.9433333333333334,discard,4.36141
8146,8146,0.9433333333333334,request_rescan,4.361738
8147,8147,0.9433333333333334,request_rescan,4.362053
8148,8148,0.9433333333333334,request_rescan,4.362351
8149,8149,0.9433333333333334,request_rescan,4.363557
8150,8150,0.9433333333333334,discard,4.363894
8151,8151,0.9433333333333334,request_rescan,4.364209
8152,8152,0.9433333333333334,discard,4.364511
8153,8153,0.9433333333333334,request_rescan,4.365724
8154,8154,0.9433333333333334,request_rescan,4.366062
8155,8155,0.76,log_and_continue,4.36623
8156,8156,0.9433333333333334,discard,4.366537
8157,8157,0.9433333333333334,discard,4.367744
8158,8158,0.9433333333333334,discard,4.368134
8159,8159,0.9433333333333334,discard,4.368509
8160,8160,0.9433333333333334,discard,4.368993
8161,8161,0.9433333333333334,discard,4.370326
8162,8162,0.9433333333333334,discard,4.37065
8163,8163,0.9433333333333334,discard,4.370969
8164,8164,0.9433333333333334,request_rescan,4.371289
8165,8165,0.9433333333333334,request_rescan,4.372839
8166,8166,0.9433333333333334,request_rescan,4.373179
8167,8167,0.9433333333333334,discard,4.373494
8168,8168,0.9433333333333334,discard,4.3738
8169,8169,0.9433333333333334,discard,4.375062
8170,8170,0.9433333333333334,discard,4.375393
8171,8171,0.9433333333333334,request_rescan,4.375703
8172,8172,0.9433333333333334,request_rescan,4.376008
8173,8173,0.9433333333333334,discard,4.377234
8174,8174,0.9433333333333334,discard,4.377563
8175,8175,0.9433333333333334,request_rescan,4.377879
8176,8176,0.9433333333333334,discard,4.378187
8177,8177,0.9433333333333334,discard,4.379391
8178,8178,0.9433333333333334,discard,4.379709
8179,8179,0.9433333333333334,discard,4.380014
8180,8180,0.76,log_and_continue,4.380186
8181,8181,0.9433333333333334,request_rescan,4.381417
8182,8182,0.9433333333333334,request_rescan,4.381742
8183,8183,0.9433333333333334,request_rescan,4.382069
8184,8184,0.9433333333333334,discard,4.382377
8185,8185,0.9433333333333334,discard,4.383581
8186,8186,0.9433333333333334,discard,4.383911
8187,8187,0.9433333333333334,request_rescan,4.384219
8188,8188,0.9433333333333334,request_rescan,4.384634
8189,8189,0.9433333333333334,discard,4.386111
8190,8190,0.9433333333333334,discard,4.386438
8191,8191,0.9433333333333334,request_rescan,4.386741
8192,8192,0.9433333333333334,request_rescan,4.38705
8193,8193,0.9433333333333334,discard,4.388304
8194,8194,0.76,discard,4.388488
8195,8195,0.9433333333333334,discard,4.389081
8196,8196,0.9433333333333334,discard,4.3894
8197,8197,0.9433333333333334,discard,4.390624
8198,8198,0.9433333333333334,request_rescan,4.390947
8199,8199,0.9433333333333334,discard,4.391264
8200,8200,0.9433333333333334,request_rescan,4.391568
8201,8201,0.9433333333333334,request_rescan,4.392793
8202,8202,0.9433333333333334,discard,4.393129
8203,8203,0.9433333333333334,discard,4.393436
8204,8204,0.9433333333333334,discard,4.393731
8205,8205,0.9433333333333334,discard,4.394963
8206,8206,0.9433333333333334,discard,4.395293
8207,8207,0.9433333333333334,request_rescan,4.395606
8208,8208,0.9433333333333334,discard,4.395904
8209,8209,0.9433333333333334,discard,4.397123
8210,8210,0.9433333333333334,request_rescan,4.397447
8211,8211,0.6633333333333333,log_and_continue,4.397616
8212,8212,0.9433333333333334,request_rescan,4.397929
8213,8213,0.9433333333333334,request_rescan,4.399143
8214,8214,0.9433333333333334,request_rescan,4.399461
8215,8215,0.9433333333333334,discard,4.399765
8216,8216,0.9433333333333334,discard,4.40007
8217,8217,0.9433333333333334,discard,4.401363
8218,8218,0.9433333333333334,request_rescan,4.401753
8219,8219,0.9433333333333334,discard,4.402134
8220,8220,0.9433333333333334,discard,4.402448
8221,8221,0.9433333333333334,request_rescan,4.403667
8222,8222,0.9433333333333334,request_rescan,4.403995
8223,8223,0.9433333333333334,discard,4.404319
8224,8224,0.9433333333333334,request_rescan,4.404627
8225,8225,0.9433333333333334,discard,4.406029
8226,8226,0.9433333333333334,discard,4.406359
8227,8227,0.9433333333333334,discard,4.406668
8228,8228,0.9433333333333334,discard,4.406969
8229,8229,0.9433333333333334,request_rescan,4.408188
8230,8230,0.9433333333333334,request_rescan,4.408522
8231,8231,0.9433333333333334,discard,4.408844
8232,8232,0.9433333333333334,discard,4.409024
8233,8233,0.9433333333333334,request_rescan,4.410268
8234,8234,0.9433333333333334,discard,4.410598
8235,8235,0.9433333333333334,request_rescan,4.410765
8236,8236,0.9433333333333334,request_rescan,4.411072
8237,8237,0.9433333333333334,discard,4.412294
8238,8238,0.9433333333333334,request_rescan,4.412627
8239,8239,0.9433333333333334,discard,4.412939
8240,8240,0.6633333333333333,log_and_continue,4.413105
8241,8241,0.76,discard,4.414201
8242,8242,0.9433333333333334,request_rescan,4.414543
8243,8243,0.9433333333333334,request_rescan,4.414851
8244,8244,0.9433333333333334,request_rescan,4.415158
8245,8245,0.9433333333333334,discard,4.416365
8246,8246,0.9433333333333334,request_rescan,4.416682
8247,8247,0.9433333333333334,discard,4.416994
8248,8248,0.9433333333333334,discard,4.4173
8249,8249,0.6633333333333333,log_and_continue,4.418466
8250,8250,0.9433333333333334,request_rescan,4.418875
8251,8251,0.9433333333333334,request_rescan,4.419201
8252,8252,0.9433333333333334,request_rescan,4.419505
8253,8253,0.9433333333333334,request_rescan,4.420714
8254,8254,0.9433333333333334,request_rescan,4.421052
8255,8255,0.9433333333333334,request_rescan,4.421697
8256,8256,0.9433333333333334,discard,4.422001
8257,8257,0.9433333333333334,request_rescan,4.423255
8258,8258,0.9433333333333334,discard,4.423579
8259,8259,0.9433333333333334,request_rescan,4.423888
8260,8260,0.9433333333333334,request_rescan,4.424188
8261,8261,0.9433333333333334,request_rescan,4.425391
8262,8262,0.9433333333333334,discard,4.425716
8263,8263,0.9433333333333334,discard,4.42603
8264,8264,0.9433333333333334,discard,4.426338
8265,8265,0.6633333333333333,log_and_continue,4.427426
8266,8266,0.9433333333333334,discard,4.427764
8267,8267,0.9433333333333334,discard,4.428088
8268,8268,0.9433333333333334,request_rescan,4.428397
8269,8269,0.9433333333333334,request_rescan,4.429623
8270,8270,0.9433333333333334,request_rescan,4.429954
8271,8271,0.9433333333333334,request_rescan,4.430268
8272,8272,0.9433333333333334,discard,4.430566
8273,8273,0.9433333333333334,discard,4.431791
8274,8274,0.9433333333333334,request_rescan,4.43213
8275,8275,0.9433333333333334,discard,4.432436
8276,8276,0.9433333333333334,request_rescan,4.432732
8277,8277,0.9433333333333334,request_rescan,4.433953
8278,8278,0.9433333333333334,discard,4.434289
8279,8279,0.9433333333333334,discard,4.434455
8280,8280,0.9433333333333334,discard,4.434925
8281,8281,0.9433333333333334,discard,4.436351
8282,8282,0.9433333333333334,discard,4.436687
8283,8283,0.9433333333333334,request_rescan,4.437001
8284,8284,0.9433333333333334,discard,4.437303
8285,8285,0.9433333333333334,discard,4.438739
8286,8286,0.9433333333333334,request_rescan,4.439075
8287,8287,0.9433333333333334,discard,4.439383
8288,8288,0.9433333333333334,request_rescan,4.439678
8289,8289,0.9433333333333334,discard,4.440891
8290,8290,0.9433333333333334,request_rescan,4.441225
8291,8291,0.9433333333333334,request_rescan,4.441533
8292,8292,0.9433333333333334,discard,4.441834
8293,8293,0.76,request_rescan,4.443053
8294,8294,0.9433333333333334,discard,4.443383
8295,8295,0.9433333333333334,discard,4.443689
8296,8296,0.9433333333333334,discard,4.443992
8297,8297,0.9433333333333334,request_rescan,4.445207
8298,8298,0.9433333333333334,request_rescan,4.445532
8299,8299,0.9433333333333334,request_rescan,4.445835
8300,8300,0.9433333333333334,request_rescan,4.446139
8301,8301,0.9433333333333334,request_rescan,4.447378
8302,8302,0.76,request_rescan,4.447701
8303,8303,0.9433333333333334,request_rescan,4.448008
8304,8304,0.9433333333333334,discard,4.448304
8305,8305,0.9433333333333334,request_rescan,4.449518
8306,8306,0.9433333333333334,discard,4.449835
8307,8307,0.9433333333333334,request_rescan,4.450149
8308,8308,0.9433333333333334,discard,4.450453
8309,8309,0.9433333333333334,discard,4.451778
8310,8310,0.9433333333333334,discard,4.452172
8311,8311,0.9433333333333334,request_rescan,4.452489
8312,8312,0.9433333333333334,request_rescan,4.452792
8313,8313,0.9433333333333334,request_rescan,4.454012
8314,8314,0.9433333333333334,request_rescan,4.454346
8315,8315,0.9433333333333334,discard,4.454654
8316,8316,0.9433333333333334,request_rescan,4.454958
8317,8317,0.9433333333333334,discard,4.456539
8318,8318,0.9433333333333334,request_rescan,4.456869
8319,8319,0.9433333333333334,discard,4.457178
8320,8320,0.9433333333333334,discard,4.457476
8321,8321,0.9433333333333334,request_rescan,4.458682
8322,8322,0.9433333333333334,request_rescan,4.459012
8323,8323,0.9433333333333334,request_rescan,4.459316
8324,8324,0.76,request_rescan,4.459479
8325,8325,0.9433333333333334,discard,4.460689
8326,8326,0.76,log_and_continue,4.460871
8327,8327,0.9433333333333334,discard,4.461205
8328,8328,0.9433333333333334,request_rescan,4.461513
8329,8329,0.9433333333333334,request_rescan,4.46274
8330,8330,0.9433333333333334,request_rescan,4.463085
8331,8331,0.9433333333333334,discard,4.463396
8332,8332,0.9433333333333334,discard,4.463694
8333,8333,0.9433333333333334,request_rescan,4.46491
8334,8334,0.9433333333333334,discard,4.465242
8335,8335,0.9433333333333334,request_rescan,4.465548
8336,8336,0.9433333333333334,request_rescan,4.465848
8337,8337,0.9433333333333334,request_rescan,4.467073
8338,8338,0.9433333333333334,discard,4.4674
8339,8339,0.9433333333333334,request_rescan,4.467705
8340,8340,0.9433333333333334,discard,4.468079
8341,8341,0.9433333333333334,discard,4.469434
8342,8342,0.9433333333333334,request_rescan,4.469763
8343,8343,0.9433333333333334,discard,4.470077
8344,8344,0.9433333333333334,discard,4.470377
8345,8345,0.9433333333333334,request_rescan,4.471823
8346,8346,0.9433333333333334,request_rescan,4.47215
8347,8347,0.9433333333333334,discard,4.472463
8348,8348,0.9433333333333334,request_rescan,4.472788
8349,8349,0.9433333333333334,discard,4.474052
8350,8350,0.9433333333333334,discard,4.474377
8351,8351,0.6633333333333333,log_and_continue,4.474551
8352,8352,0.9433333333333334,discard,4.474871
8353,8353,0.9433333333333334,request_rescan,4.476093
8354,8354,0.9433333333333334,request_rescan,4.476428
8355,8355,0.9433333333333334,discard,4.47674
8356,8356,0.9433333333333334,discard,4.477047
8357,8357,0.9433333333333334,request_rescan,4.478282
8358,8358,0.9433333333333334,request_rescan,4.47861
8359,8359,0.9433333333333334,discard,4.478918
8360,8360,0.9433333333333334,request_rescan,4.479216
8361,8361,0.9433333333333334,discard,4.48043
8362,8362,0.9433333333333334,request_rescan,4.480761
8363,8363,0.76,discard,4.480938
8364,8364,0.9433333333333334,request_rescan,4.481094
8365,8365,0.9433333333333334,discard,4.482337
8366,8366,0.9433333333333334,discard,4.482672
8367,8367,0.9433333333333334,discard,4.482987
8368,8368,0.9433333333333334,request_rescan,4.48329
8369,8369,0.9433333333333334,request_rescan,4.484616
8370,8370,0.9433333333333334,request_rescan,4.485144
8371,8371,0.9433333333333334,discard,4.485518
8372,8372,0.9433333333333334,discard,4.485812
8373,8373,0.9433333333333334,request_rescan,4.487062
8374,8374,0.9433333333333334,request_rescan,4.48739
8375,8375,0.9433333333333334,request_rescan,4.487694
8376,8376,0.9433333333333334,discard,4.488019
8377,8377,0.9433333333333334,discard,4.489249
8378,8378,0.9433333333333334,discard,4.48957
8379,8379,0.9433333333333334,request_rescan,4.489892
8380,8380,0.9433333333333334,request_rescan,4.490195
8381,8381,0.9433333333333334,discard,4.491402
8382,8382,0.9433333333333334,discard,4.491733
8383,8383,0.76,discard,4.491907
8384,8384,0.9433333333333334,discard,4.492214
8385,8385,0.9433333333333334,discard,4.493436
8386,8386,0.9433333333333334,request_rescan,4.493768
8387,8387,0.9433333333333334,request_rescan,4.494088
8388,8388,0.76,log_and_continue,4.494259
8389,8389,0.9433333333333334,discard,4.49548
8390,8390,0.9433333333333334,request_rescan,4.495817
8391,8391,0.9433333333333334,discard,4.496137
8392,8392,0.9433333333333334,discard,4.496436
8393,8393,0.9433333333333334,request_rescan,4.497651
8394,8394,0.9433333333333334,discard,4.49798
8395,8395,0.9433333333333334,discard,4.498305
8396,8396,0.9433333333333334,discard,4.498611
8397,8397,0.6633333333333333,log_and_continue,4.499722
8398,8398,0.9433333333333334,discard,4.500072
8399,8399,0.9433333333333334,request_rescan,4.500399
8400,8400,0.9433333333333334,request_rescan,4.500703
8401,8401,0.9433333333333334,discard,4.502167
8402,8402,0.6633333333333333,log_and_continue,4.502345
8403,8403,0.9433333333333334,discard,4.502671
8404,8404,0.9433333333333334,request_rescan,4.502978
8405,8405,0.9433333333333334,discard,4.504189
8406,8406,0.9433333333333334,request_rescan,4.504363
8407,8407,0.9433333333333334,discard,4.504688
8408,8408,0.9433333333333334,request_rescan,4.505266
8409,8409,0.9433333333333334,discard,4.506497
8410,8410,0.9433333333333334,discard,4.506826
8411,8411,0.9433333333333334,discard,4.507137
8412,8412,0.9433333333333334,request_rescan,4.507432
8413,8413,0.9433333333333334,discard,4.50865
8414,8414,0.9433333333333334,request_rescan,4.508989
8415,8415,0.9433333333333334,request_rescan,4.509299
8416,8416,0.9433333333333334,request_rescan,4.509598
8417,8417,0.9433333333333334,discard,4.510816
8418,8418,0.9433333333333334,discard,4.511154
8419,8419,0.9433333333333334,request_rescan,4.511458
8420,8420,0.9433333333333334,discard,4.511753
8421,8421,0.9433333333333334,discard,4.512977
8422,8422,0.9433333333333334,discard,4.513312
8423,8423,0.9433333333333334,discard,4.513617
8424,8424,0.9433333333333334,request_rescan,4.513921
8425,8425,0.9433333333333334,request_rescan,4.515137
8426,8426,0.9433333333333334,discard,4.515466
8427,8427,0.9433333333333334,discard,4.515774
8428,8428,0.9433333333333334,request_rescan,4.51608
8429,8429,0.9433333333333334,request_rescan,4.517314
8430,8430,0.9433333333333334,discard,4.517652
8431,8431,0.9433333333333334,discard,4.518033
8432,8432,0.9433333333333334,request_rescan,4.518596
8433,8433,0.9433333333333334,discard,4.519902
8434,8434,0.9433333333333334,discard,4.520229
8435,8435,0.9433333333333334,discard,4.520535
8436,8436,0.9433333333333334,request_rescan,4.520831
8437,8437,0.9433333333333334,request_rescan,4.522277
8438,8438,0.9433333333333334,discard,4.522669
8439,8439,0.9433333333333334,request_rescan,4.52298
8440,8440,0.9433333333333334,request_rescan,4.523284
8441,8441,0.9433333333333334,request_rescan,4.524571
8442,8442,0.9433333333333334,discard,4.524903
8443,8443,0.9433333333333334,discard,4.525214
8444,8444,0.9433333333333334,discard,4.525517
8445,8445,0.9433333333333334,request_rescan,4.526761
8446,8446,0.9433333333333334,request_rescan,4.527097
8447,8447,0.9433333333333334,request_rescan,4.527417
8448,8448,0.9433333333333334,discard,4.527718
8449,8449,0.9433333333333334,discard,4.528966
8450,8450,0.9433333333333334,request_rescan,4.529302
8451,8451,0.9433333333333334,request_rescan,4.529616
8452,8452,0.9433333333333334,discard,4.529921
8453,8453,0.9433333333333334,request_rescan,4.531147
8454,8454,0.9433333333333334,discard,4.531485
8455,8455,0.9433333333333334,discard,4.5318
8456,8456,0.9433333333333334,request_rescan,4.532123
8457,8457,0.9433333333333334,discard,4.533418
8458,8458,0.9433333333333334,request_rescan,4.53374
8459,8459,0.9433333333333334,discard,4.534048
8460,8460,0.9433333333333334,request_rescan,4.534343
8461,8461,0.9433333333333334,request_rescan,4.535699
8462,8462,0.9433333333333334,discard,4.536042
8463,8463,0.9433333333333334,request_rescan,4.53636
8464,8464,0.9433333333333334,request_rescan,4.536664
8465,8465,0.6633333333333333,log_and_continue,4.537773
8466,8466,0.9433333333333334,request_rescan,4.538127
8467,8467,0.9433333333333334,discard,4.538687
8468,8468,0.9433333333333334,request_rescan,4.539055
8469,8469,0.9433333333333334,discard,4.540295
8470,8470,0.9433333333333334,request_rescan,4.540615
8471,8471,0.9433333333333334,request_rescan,4.540931
8472,8472,0.9433333333333334,discard,4.541244
8473,8473,0.9433333333333334,discard,4.542472
8474,8474,0.9433333333333334,request_rescan,4.542803
8475,8475,0.9433333333333334,discard,4.543119
8476,8476,0.76,discard,4.543419
8477,8477,0.9433333333333334,discard,4.544624
8478,8478,0.9433333333333334,request_rescan,4.54496
8479,8479,0.9433333333333334,request_rescan,4.545274
8480,8480,0.9433333333333334,request_rescan,4.54557
8481,8481,0.9433333333333334,discard,4.546777
8482,8482,0.9433333333333334,discard,4.547115
8483,8483,0.76,discard,4.547291
8484,8484,0.9433333333333334,discard,4.547598
8485,8485,0.9433333333333334,request_rescan,4.548816
8486,8486,0.9433333333333334,request_rescan,4.549164
8487,8487,0.9433333333333334,discard,4.549482
8488,8488,0.9433333333333334,request_rescan,4.549787
8489,8489,0.6633333333333333,log_and_continue,4.550901
8490,8490,0.9433333333333334,discard,4.551364
8491,8491,0.9433333333333334,request_rescan,4.55178
8492,8492,0.9433333333333334,discard,4.552147
8493,8493,0.9433333333333334,request_rescan,4.553413
8494,8494,0.9433333333333334,discard,4.553736
8495,8495,0.9433333333333334,discard,4.554048
8496,8496,0.9433333333333334,request_rescan,4.554352
8497,8497,0.9433333333333334,request_rescan,4.555755
8498,8498,0.9433333333333334,discard,4.55609
8499,8499,0.9433333333333334,discard,4.556402
8500,8500,0.9433333333333334,discard,4.556702
8501,8501,0.9433333333333334,request_rescan,4.557979
8502,8502,0.9433333333333334,discard,4.558321
8503,8503,0.9433333333333334,request_rescan,4.558632
8504,8504,0.9433333333333334,discard,4.55894
8505,8505,0.9433333333333334,discard,4.560181
8506,8506,0.9433333333333334,request_rescan,4.560511
8507,8507,0.9433333333333334,discard,4.560813
8508,8508,0.9433333333333334,request_rescan,4.56112
8509,8509,0.9433333333333334,request_rescan,4.562332
8510,8510,0.9433333333333334,request_rescan,4.562664
8511,8511,0.9433333333333334,discard,4.562978
8512,8512,0.9433333333333334,request_rescan,4.563278
8513,8513,0.9433333333333334,request_rescan,4.564496
8514,8514,0.9433333333333334,discard,4.564833
8515,8515,0.9433333333333334,request_rescan,4.565154
8516,8516,0.9433333333333334,discard,4.565465
8517,8517,0.9433333333333334,discard,4.566711
8518,8518,0.9433333333333334,request_rescan,4.56705
8519,8519,0.9433333333333334,request_rescan,4.567367
8520,8520,0.9433333333333334,discard,4.567668
8521,8521,0.9433333333333334,discard,4.569331
8522,8522,0.9433333333333334,discard,4.569662
8523,8523,0.9433333333333334,request_rescan,4.569977
8524,8524,0.9433333333333334,discard,4.570281
8525,8525,0.9433333333333334,request_rescan,4.571565
8526,8526,0.6633333333333333,log_and_continue,4.571747
8527,8527,0.9433333333333334,request_rescan,4.572318
8528,8528,0.9433333333333334,request_rescan,4.572625
8529,8529,0.9433333333333334,request_rescan,4.573854
8530,8530,0.9433333333333334,discard,4.574185
8531,8531,0.9433333333333334,discard,4.574497
8532,8532,0.9433333333333334,discard,4.574799
8533,8533,0.9433333333333334,request_rescan,4.576043
8534,8534,0.9433333333333334,request_rescan,4.576377
8535,8535,0.9433333333333334,request_rescan,4.576685
8536,8536,0.9433333333333334,discard,4.576986
8537,8537,0.9433333333333334,request_rescan,4.578209
8538,8538,0.9433333333333334,request_rescan,4.578539
8539,8539,0.9433333333333334,discard,4.578848
8540,8540,0.9433333333333334,request_rescan,4.579157
8541,8541,0.9433333333333334,discard,4.580363
8542,8542,0.9433333333333334,request_rescan,4.580689
8543,8543,0.76,request_rescan,4.580867
8544,8544,0.9433333333333334,request_rescan,4.581175
8545,8545,0.9433333333333334,request_rescan,4.582384
8546,8546,0.9433333333333334,discard,4.582716
8547,8547,0.9433333333333334,discard,4.583028
8548,8548,0.9433333333333334,discard,4.583341
8549,8549,0.9433333333333334,discard,4.584676
8550,8550,0.9433333333333334,request_rescan,4.585071
8551,8551,0.9433333333333334,discard,4.585444
8552,8552,0.9433333333333334,request_rescan,4.585739
8553,8553,0.9433333333333334,discard,4.58695
8554,8554,0.9433333333333334,request_rescan,4.587279
8555,8555,0.9433333333333334,request_rescan,4.587588
8556,8556,0.9433333333333334,request_rescan,4.587912
8557,8557,0.9433333333333334,discard,4.589273
8558,8558,0.9433333333333334,request_rescan,4.589605
8559,8559,0.9433333333333334,discard,4.589917
8560,8560,0.9433333333333334,request_rescan,4.590215
8561,8561,0.9433333333333334,discard,4.59144
8562,8562,0.9433333333333334,request_rescan,4.591612
8563,8563,0.9433333333333334,request_rescan,4.591941
8564,8564,0.9433333333333334,discard,4.59226
8565,8565,0.9433333333333334,request_rescan,4.593489
8566,8566,0.9433333333333334,discard,4.593816
8567,8567,0.9433333333333334,discard,4.594142
8568,8568,0.9433333333333334,discard,4.594443
8569,8569,0.9433333333333334,request_rescan,4.595648
8570,8570,0.9433333333333334,discard,4.595982
8571,8571,0.9433333333333334,discard,4.596292
8572,8572,0.9433333333333334,request_rescan,4.596591
8573,8573,0.9433333333333334,request_rescan,4.597799
8574,8574,0.76,log_and_continue,4.597981
8575,8575,0.9433333333333334,discard,4.5983
8576,8576,0.9433333333333334,discard,4.598603
8577,8577,0.9433333333333334,discard,4.5998
8578,8578,0.9433333333333334,discard,4.600138
8579,8579,0.9433333333333334,request_rescan,4.600447
8580,8580,0.76,request_rescan,4.600613
8581,8581,0.9433333333333334,discard,4.602171
8582,8582,0.9433333333333334,discard,4.602506
8583,8583,0.9433333333333334,discard,4.602813
8584,8584,0.9433333333333334,request_rescan,4.603117
8585,8585,0.9433333333333334,request_rescan,4.604353
8586,8586,0.9433333333333334,discard,4.604681
8587,8587,0.9433333333333334,discard,4.604994
8588,8588,0.9433333333333334,discard,4.605623
8589,8589,0.9433333333333334,discard,4.606864
8590,8590,0.9433333333333334,discard,4.60719
8591,8591,0.9433333333333334,request_rescan,4.607495
8592,8592,0.9433333333333334,request_rescan,4.607791
8593,8593,0.9433333333333334,request_rescan,4.609006
8594,8594,0.9433333333333334,discard,4.609335
8595,8595,0.9433333333333334,request_rescan,4.609643
8596,8596,0.9433333333333334,discard,4.609943
8597,8597,0.9433333333333334,request_rescan,4.611173
8598,8598,0.9433333333333334,request_rescan,4.611501
8599,8599,0.9433333333333334,discard,4.611807
8600,8600,0.9433333333333334,discard,4.612109
8601,8601,0.9433333333333334,discard,4.613349
8602,8602,0.9433333333333334,discard,4.613678
8603,8603,0.9433333333333334,request_rescan,4.613993
8604,8604,0.9433333333333334,discard,4.614295
8605,8605,0.9433333333333334,discard,4.615504
8606,8606,0.9433333333333334,discard,4.615832
8607,8607,0.9433333333333334,request_rescan,4.616145
8608,8608,0.9433333333333334,request_rescan,4.61644
8609,8609,0.9433333333333334,request_rescan,4.617652
8610,8610,0.9433333333333334,request_rescan,4.618053
8611,8611,0.9433333333333334,request_rescan,4.618625
8612,8612,0.9433333333333334,discard,4.618998
8613,8613,0.9433333333333334,discard,4.620291
8614,8614,0.9433333333333334,discard,4.62063
8615,8615,0.9433333333333334,discard,4.62095
8616,8616,0.9433333333333334,request_rescan,4.621251
8617,8617,0.76,discard,4.622625
8618,8618,0.9433333333333334,discard,4.622967
8619,8619,0.9433333333333334,discard,4.623282
8620,8620,0.9433333333333334,request_rescan,4.623586
8621,8621,0.9433333333333334,discard,4.624848
8622,8622,0.9433333333333334,discard,4.625181
8623,8623,0.9433333333333334,discard,4.625487
8624,8624,0.9433333333333334,request_rescan,4.625782
8625,8625,0.9433333333333334,discard,4.627
8626,8626,0.9433333333333334,request_rescan,4.62733
8627,8627,0.6633333333333333,log_and_continue,4.627498
8628,8628,0.9433333333333334,request_rescan,4.627799
8629,8629,0.9433333333333334,request_rescan,4.628896
8630,8630,0.9433333333333334,request_rescan,4.629235
8631,8631,0.9433333333333334,discard,4.629546
8632,8632,0.9433333333333334,discard,4.629839
8633,8633,0.9433333333333334,discard,4.631049
8634,8634,0.9433333333333334,request_rescan,4.631386
8635,8635,0.9433333333333334,request_rescan,4.631695
8636,8636,0.9433333333333334,request_rescan,4.631999
8637,8637,0.9433333333333334,discard,4.633203
8638,8638,0.9433333333333334,request_rescan,4.633531
8639,8639,0.9433333333333334,request_rescan,4.633835
8640,8640,0.9433333333333334,request_rescan,4.634141
8641,8641,0.9433333333333334,discard,4.635637
8642,8642,0.6633333333333333,log_and_continue,4.635809
8643,8643,0.9433333333333334,discard,4.636139
8644,8644,0.9433333333333334,request_rescan,4.636441
8645,8645,0.9433333333333334,request_rescan,4.637654
8646,8646,0.9433333333333334,discard,4.637987
8647,8647,0.9433333333333334,request_rescan,4.638303
8648,8648,0.9433333333333334,discard,4.63861
8649,8649,0.9433333333333334,request_rescan,4.640232
8650,8650,0.9433333333333334,request_rescan,4.640553
8651,8651,0.9433333333333334,request_rescan,4.640877
8652,8652,0.9433333333333334,discard,4.641184
8653,8653,0.9433333333333334,request_rescan,4.642422
8654,8654,0.9433333333333334,discard,4.642748
8655,8655,0.9433333333333334,request_rescan,4.643063
8656,8656,0.9433333333333334,discard,4.643362
8657,8657,0.9433333333333334,discard,4.644565
8658,8658,0.9433333333333334,discard,4.644896
8659,8659,0.9433333333333334,request_rescan,4.645206
8660,8660,0.9433333333333334,discard,4.645505
8661,8661,0.9433333333333334,discard,4.646714
8662,8662,0.9433333333333334,discard,4.647049
8663,8663,0.6633333333333333,log_and_continue,4.647221
8664,8664,0.9433333333333334,request_rescan,4.647526
8665,8665,0.9433333333333334,request_rescan,4.648739
8666,8666,0.9433333333333334,request_rescan,4.649073
8667,8667,0.9433333333333334,request_rescan,4.649378
8668,8668,0.9433333333333334,request_rescan,4.649672
8669,8669,0.9433333333333334,request_rescan,4.650878
8670,8670,0.9433333333333334,request_rescan,4.651296
8671,8671,0.76,request_rescan,4.651461
8672,8672,0.9433333333333334,request_rescan,4.652017
8673,8673,0.9433333333333334,discard,4.653346
8674,8674,0.9433333333333334,discard,4.653673
8675,8675,0.9433333333333334,discard,4.653984
8676,8676,0.9433333333333334,request_rescan,4.654296
8677,8677,0.9433333333333334,discard,4.655854
8678,8678,0.9433333333333334,discard,4.656187
8679,8679,0.9433333333333334,request_rescan,4.656494
8680,8680,0.9433333333333334,discard,4.656796
8681,8681,0.9433333333333334,request_rescan,4.658089
8682,8682,0.9433333333333334,discard,4.658419
8683,8683,0.6633333333333333,log_and_continue,4.658591
8684,8684,0.9433333333333334,discard,4.658907
8685,8685,0.9433333333333334,discard,4.660117
8686,8686,0.9433333333333334,request_rescan,4.660446
8687,8687,0.9433333333333334,discard,4.660754
8688,8688,0.9433333333333334,request_rescan,4.661059
8689,8689,0.9433333333333334,request_rescan,4.662274
8690,8690,0.9433333333333334,discard,4.662598
8691,8691,0.9433333333333334,discard,4.662909
8692,8692,0.9433333333333334,request_rescan,4.663208
8693,8693,0.9433333333333334,discard,4.664435
8694,8694,0.9433333333333334,discard,4.664763
8695,8695,0.9433333333333334,request_rescan,4.665081
8696,8696,0.9433333333333334,discard,4.665381
8697,8697,0.9433333333333334,request_rescan,4.666601
8698,8698,0.9433333333333334,request_rescan,4.666932
8699,8699,0.9433333333333334,request_rescan,4.667246
8700,8700,0.9433333333333334,discard,4.667548
8701,8701,0.9433333333333334,discard,4.668822
8702,8702,0.9433333333333334,request_rescan,4.669225
8703,8703,0.9433333333333334,discard,4.669533
8704,8704,0.9433333333333334,discard,4.669836
8705,8705,0.9433333333333334,discard,4.671073
8706,8706,0.9433333333333334,discard,4.671408
8707,8707,0.9433333333333334,request_rescan,4.671725
8708,8708,0.9433333333333334,request_rescan,4.672235
8709,8709,0.9433333333333334,request_rescan,4.67354
8710,8710,0.9433333333333334,discard,4.673869
8711,8711,0.9433333333333334,request_rescan,4.674178
8712,8712,0.9433333333333334,discard,4.674472
8713,8713,0.9433333333333334,request_rescan,4.675691
8714,8714,0.9433333333333334,request_rescan,4.676022
8715,8715,0.9433333333333334,request_rescan,4.676332
8716,8716,0.9433333333333334,discard,4.676632
8717,8717,0.9433333333333334,discard,4.677851
8718,8718,0.9433333333333334,request_rescan,4.678186
8719,8719,0.9433333333333334,request_rescan,4.678491
8720,8720,0.9433333333333334,discard,4.678787
8721,8721,0.9433333333333334,request_rescan,4.680022
8722,8722,0.9433333333333334,discard,4.68035
8723,8723,0.9433333333333334,request_rescan,4.680657
8724,8724,0.9433333333333334,request_rescan,4.680955
8725,8725,0.9433333333333334,discard,4.682183
8726,8726,0.9433333333333334,request_rescan,4.682512
8727,8727,0.9433333333333334,discard,4.682818
8728,8728,0.9433333333333334,request_rescan,4.68312
8729,8729,0.9433333333333334,discard,4.684323
8730,8730,0.9433333333333334,discard,4.684708
8731,8731,0.9433333333333334,request_rescan,4.685105
8732,8732,0.9433333333333334,discard,4.685477
8733,8733,0.9433333333333334,request_rescan,4.686693
8734,8734,0.6633333333333333,log_and_continue,4.686879
8735,8735,0.9433333333333334,request_rescan,4.687219
8736,8736,0.9433333333333334,discard,4.687529
8737,8737,0.9433333333333334,discard,4.689089
8738,8738,0.9433333333333334,request_rescan,4.689432
8739,8739,0.9433333333333334,request_rescan,4.689748
8740,8740,0.9433333333333334,request_rescan,4.690052
8741,8741,0.9433333333333334,request_rescan,4.691333
8742,8742,0.9433333333333334,discard,4.691655
8743,8743,0.9433333333333334,discard,4.691968
8744,8744,0.9433333333333334,request_rescan,4.692266
8745,8745,0.9433333333333334,discard,4.693504
8746,8746,0.9433333333333334,request_rescan,4.69384
8747,8747,0.9433333333333334,discard,4.694164
8748,8748,0.9433333333333334,request_rescan,4.694469
8749,8749,0.9433333333333334,request_rescan,4.695697
8750,8750,0.9433333333333334,request_rescan,4.696027
8751,8751,0.9433333333333334,discard,4.696335
8752,8752,0.9433333333333334,request_rescan,4.696634
8753,8753,0.9433333333333334,discard,4.697875
8754,8754,0.9433333333333334,request_rescan,4.698213
8755,8755,0.9433333333333334,discard,4.698519
8756,8756,0.9433333333333334,request_rescan,4.698816
8757,8757,0.9433333333333334,discard,4.700034
8758,8758,0.9433333333333334,request_rescan,4.700364
8759,8759,0.9433333333333334,discard,4.700672
8760,8760,0.9433333333333334,discard,4.700981
8761,8761,0.9433333333333334,request_rescan,4.702193
8762,8762,0.6633333333333333,log_and_continue,4.702363
8763,8763,0.9433333333333334,discard,4.702757
8764,8764,0.9433333333333334,discard,4.703122
8765,8765,0.9433333333333334,discard,4.704371
8766,8766,0.9433333333333334,request_rescan,4.704703
8767,8767,0.9433333333333334,discard,4.705343
8768,8768,0.9433333333333334,discard,4.705653
8769,8769,0.9433333333333334,request_rescan,4.706919
8770,8770,0.9433333333333334,discard,4.707252
8771,8771,0.9433333333333334,discard,4.707557
8772,8772,0.9433333333333334,discard,4.707848
8773,8773,0.9433333333333334,discard,4.70906
8774,8774,0.9433333333333334,request_rescan,4.709387
8775,8775,0.9433333333333334,request_rescan,4.709691
8776,8776,0.9433333333333334,discard,4.709991
8777,8777,0.9433333333333334,discard,4.711239
8778,8778,0.9433333333333334,discard,4.711571
8779,8779,0.9433333333333334,discard,4.711883
8780,8780,0.9433333333333334,request_rescan,4.712188
8781,8781,0.9433333333333334,discard,4.713417
8782,8782,0.9433333333333334,discard,4.713742
8783,8783,0.9433333333333334,request_rescan,4.714051
8784,8784,0.9433333333333334,discard,4.714348
8785,8785,0.9433333333333334,discard,4.715554
8786,8786,0.76,request_rescan,4.715729
8787,8787,0.9433333333333334,request_rescan,4.716051
8788,8788,0.9433333333333334,request_rescan,4.716367
8789,8789,0.9433333333333334,discard,4.717605
8790,8790,0.9433333333333334,discard,4.717992
8791,8791,0.9433333333333334,discard,4.718369
8792,8792,0.9433333333333334,request_rescan,4.71885
8793,8793,0.9433333333333334,request_rescan,4.720088
8794,8794,0.9433333333333334,request_rescan,4.720416
8795,8795,0.9433333333333334,request_rescan,4.720721
8796,8796,0.9433333333333334,request_rescan,4.721019
8797,8797,0.9433333333333334,request_rescan,4.722259
8798,8798,0.9433333333333334,request_rescan,4.722902
8799,8799,0.9433333333333334,discard,4.723214
8800,8800,0.9433333333333334,request_rescan,4.723525
8801,8801,0.9433333333333334,discard,4.725165
8802,8802,0.9433333333333334,request_rescan,4.725535
8803,8803,0.9433333333333334,discard,4.725873
8804,8804,0.9433333333333334,discard,4.726194
8805,8805,0.9433333333333334,discard,4.727853
8806,8806,0.9433333333333334,request_rescan,4.728208
8807,8807,0.9433333333333334,request_rescan,4.728527
8808,8808,0.9433333333333334,discard,4.728833
8809,8809,0.9433333333333334,request_rescan,4.730429
8810,8810,0.9433333333333334,request_rescan,4.730787
8811,8811,0.9433333333333334,discard,4.731121
8812,8812,0.9433333333333334,request_rescan,4.731435
8813,8813,0.9433333333333334,discard,4.733066
8814,8814,0.9433333333333334,request_rescan,4.733409
8815,8815,0.76,request_rescan,4.733595
8816,8816,0.9433333333333334,request_rescan,4.73393
8817,8817,0.9433333333333334,discard,4.735728
8818,8818,0.9433333333333334,discard,4.736179
8819,8819,0.9433333333333334,discard,4.736365
8820,8820,0.76,discard,4.736522
8821,8821,0.9433333333333334,discard,4.73819
8822,8822,0.9433333333333334,request_rescan,4.738556
8823,8823,0.9433333333333334,discard,4.738898
8824,8824,0.9433333333333334,request_rescan,4.739077
8825,8825,0.9433333333333334,discard,4.740781
8826,8826,0.9433333333333334,discard,4.741147
8827,8827,0.9433333333333334,request_rescan,4.741471
8828,8828,0.9433333333333334,discard,4.741785
8829,8829,0.9433333333333334,discard,4.743472
8830,8830,0.9433333333333334,discard,4.743832
8831,8831,0.9433333333333334,request_rescan,4.744165
8832,8832,0.9433333333333334,request_rescan,4.744505
8833,8833,0.9433333333333334,discard,4.746216
8834,8834,0.9433333333333334,request_rescan,4.74657
8835,8835,0.9433333333333334,request_rescan,4.746892
8836,8836,0.9433333333333334,request_rescan,4.747205
8837,8837,0.9433333333333334,discard,4.748797
8838,8838,0.9433333333333334,request_rescan,4.749145
8839,8839,0.9433333333333334,request_rescan,4.749464
8840,8840,0.9433333333333334,discard,4.749774
8841,8841,0.9433333333333334,discard,4.75138
8842,8842,0.76,discard,4.751858
8843,8843,0.9433333333333334,discard,4.752241
8844,8844,0.9433333333333334,discard,4.752575
8845,8845,0.9433333333333334,request_rescan,4.754147
8846,8846,0.9433333333333334,discard,4.754488
8847,8847,0.9433333333333334,request_rescan,4.754812
8848,8848,0.9433333333333334,discard,4.755129
8849,8849,0.9433333333333334,discard,4.756576
8850,8850,0.9433333333333334,request_rescan,4.756906
8851,8851,0.9433333333333334,request_rescan,4.757216
8852,8852,0.9433333333333334,discard,4.757512
8853,8853,0.76,discard,4.758699
8854,8854,0.9433333333333334,request_rescan,4.759045
8855,8855,0.9433333333333334,request_rescan,4.759364
8856,8856,0.9433333333333334,discard,4.759668
8857,8857,0.9433333333333334,discard,4.760971
8858,8858,0.9433333333333334,discard,4.761296
8859,8859,0.9433333333333334,request_rescan,4.761604
8860,8860,0.9433333333333334,discard,4.761907
8861,8861,0.9433333333333334,discard,4.763239
8862,8862,0.9433333333333334,request_rescan,4.763577
8863,8863,0.9433333333333334,request_rescan,4.763891
8864,8864,0.9433333333333334,discard,4.764197
8865,8865,0.9433333333333334,request_rescan,4.765623
8866,8866,0.9433333333333334,request_rescan,4.765954
8867,8867,0.9433333333333334,discard,4.766268
8868,8868,0.9433333333333334,request_rescan,4.766571
8869,8869,0.9433333333333334,request_rescan,4.768001
8870,8870,0.9433333333333334,request_rescan,4.768344
8871,8871,0.9433333333333334,discard,4.768663
8872,8872,0.9433333333333334,request_rescan,4.768995
8873,8873,0.9433333333333334,discard,4.770664
8874,8874,0.9433333333333334,request_rescan,4.771021
8875,8875,0.9433333333333334,discard,4.771347
8876,8876,0.9433333333333334,request_rescan,4.771522
8877,8877,0.9433333333333334,discard,4.772991
8878,8878,0.9433333333333334,request_rescan,4.773327
8879,8879,0.9433333333333334,discard,4.773635
8880,8880,0.9433333333333334,request_rescan,4.773936
8881,8881,0.9433333333333334,request_rescan,4.775436
8882,8882,0.9433333333333334,discard,4.775916
8883,8883,0.9433333333333334,discard,4.776376
8884,8884,0.9433333333333334,request_rescan,4.776674
8885,8885,0.9433333333333334,request_rescan,4.778042
8886,8886,0.9433333333333334,discard,4.778215
8887,8887,0.9433333333333334,discard,4.778535
8888,8888,0.9433333333333334,discard,4.778835
8889,8889,0.9433333333333334,discard,4.78014
8890,8890,0.9433333333333334,request_rescan,4.780461
8891,8891,0.9433333333333334,discard,4.780766
8892,8892,0.9433333333333334,discard,4.781085
8893,8893,0.9433333333333334,discard,4.782353
8894,8894,0.9433333333333334,discard,4.782689
8895,8895,0.9433333333333334,request_rescan,4.783003
8896,8896,0.9433333333333334,discard,4.783302
8897,8897,0.9433333333333334,request_rescan,4.784552
8898,8898,0.9433333333333334,discard,4.784882
8899,8899,0.9433333333333334,request_rescan,4.785193
8900,8900,0.9433333333333334,discard,4.785492
8901,8901,0.9433333333333334,request_rescan,4.786745
8902,8902,0.9433333333333334,discard,4.787103
8903,8903,0.76,request_rescan,4.787271
8904,8904,0.9433333333333334,request_rescan,4.787577
8905,8905,0.9433333333333334,discard,4.788822
8906,8906,0.9433333333333334,request_rescan,4.78934
8907,8907,0.9433333333333334,request_rescan,4.789647
8908,8908,0.9433333333333334,discard,4.789949
8909,8909,0.9433333333333334,discard,4.791203
8910,8910,0.9433333333333334,discard,4.791528
8911,8911,0.9433333333333334,request_rescan,4.791835
8912,8912,0.9433333333333334,request_rescan,4.792157
8913,8913,0.9433333333333334,discard,4.793771
8914,8914,0.9433333333333334,discard,4.794112
8915,8915,0.9433333333333334,discard,4.794424
8916,8916,0.9433333333333334,request_rescan,4.79472
8917,8917,0.9433333333333334,discard,4.796003
8918,8918,0.9433333333333334,request_rescan,4.796332
8919,8919,0.9433333333333334,request_rescan,4.796636
8920,8920,0.9433333333333334,request_rescan,4.796936
8921,8921,0.9433333333333334,request_rescan,4.798153
8922,8922,0.9433333333333334,request_rescan,4.798479
8923,8923,0.9433333333333334,discard,4.798784
8924,8924,0.9433333333333334,request_rescan,4.799086
8925,8925,0.9433333333333334,discard,4.800287
8926,8926,0.9433333333333334,request_rescan,4.800613
8927,8927,0.9433333333333334,request_rescan,4.800921
8928,8928,0.9433333333333334,request_rescan,4.801223
8929,8929,0.9433333333333334,discard,4.802436
8930,8930,0.9433333333333334,discard,4.802762
8931,8931,0.9433333333333334,discard,4.803077
8932,8932,0.9433333333333334,request_rescan,4.803375
8933,8933,0.9433333333333334,request_rescan,4.804635
8934,8934,0.9433333333333334,discard,4.80497
8935,8935,0.9433333333333334,discard,4.805473
8936,8936,0.9433333333333334,request_rescan,4.805771
8937,8937,0.9433333333333334,request_rescan,4.807043
8938,8938,0.9433333333333334,discard,4.807402
8939,8939,0.9433333333333334,discard,4.80771
8940,8940,0.9433333333333334,request_rescan,4.808017
8941,8941,0.9433333333333334,request_rescan,4.809416
8942,8942,0.9433333333333334,discard,4.809809
8943,8943,0.9433333333333334,discard,4.810121
8944,8944,0.9433333333333334,discard,4.81042
8945,8945,0.9433333333333334,discard,4.811685
8946,8946,0.9433333333333334,request_rescan,4.812021
8947,8947,0.9433333333333334,request_rescan,4.812328
8948,8948,0.9433333333333334,discard,4.812624
8949,8949,0.76,discard,4.813717
8950,8950,0.9433333333333334,request_rescan,4.814061
8951,8951,0.9433333333333334,discard,4.814374
8952,8952,0.9433333333333334,discard,4.814671
8953,8953,0.9433333333333334,discard,4.815893
8954,8954,0.9433333333333334,request_rescan,4.816221
8955,8955,0.9433333333333334,request_rescan,4.816524
8956,8956,0.9433333333333334,request_rescan,4.816818
8957,8957,0.9433333333333334,request_rescan,4.818035
8958,8958,0.9433333333333334,request_rescan,4.818367
8959,8959,0.9433333333333334,discard,4.818673
8960,8960,0.9433333333333334,request_rescan,4.818973
8961,8961,0.9433333333333334,request_rescan,4.820181
8962,8962,0.9433333333333334,request_rescan,4.820508
8963,8963,0.9433333333333334,request_rescan,4.820815
8964,8964,0.9433333333333334,request_rescan,4.821118
8965,8965,0.9433333333333334,discard,4.822555
8966,8966,0.9433333333333334,discard,4.822953
8967,8967,0.9433333333333334,discard,4.823261
8968,8968,0.9433333333333334,request_rescan,4.823556
8969,8969,0.9433333333333334,discard,4.824765
8970,8970,0.9433333333333334,request_rescan,4.825099
8971,8971,0.9433333333333334,request_rescan,4.825502
8972,8972,0.9433333333333334,discard,4.825967
8973,8973,0.9433333333333334,request_rescan,4.82729
8974,8974,0.9433333333333334,request_rescan,4.827616
8975,8975,0.9433333333333334,request_rescan,4.827925
8976,8976,0.9433333333333334,discard,4.828223
8977,8977,0.76,discard,4.829315
8978,8978,0.9433333333333334,discard,4.829653
8979,8979,0.9433333333333334,discard,4.829967
8980,8980,0.9433333333333334,request_rescan,4.830268
8981,8981,0.9433333333333334,discard,4.831491
8982,8982,0.9433333333333334,discard,4.831822
8983,8983,0.9433333333333334,request_rescan,4.832136
8984,8984,0.9433333333333334,request_rescan,4.832437
8985,8985,0.76,discard,4.833526
8986,8986,0.9433333333333334,discard,4.833878
8987,8987,0.9433333333333334,discard,4.834217
8988,8988,0.9433333333333334,discard,4.834528
8989,8989,0.9433333333333334,discard,4.835733
8990,8990,0.9433333333333334,request_rescan,4.835924
8991,8991,0.9433333333333334,discard,4.836254
8992,8992,0.9433333333333334,discard,4.83656
8993,8993,0.76,discard,4.837651
8994,8994,0.9433333333333334,discard,4.837998
8995,8995,0.9433333333333334,discard,4.838309
8996,8996,0.9433333333333334,request_rescan,4.838778
8997,8997,0.9433333333333334,request_rescan,4.840005
8998,8998,0.9433333333333334,discard,4.840338
8999,8999,0.9433333333333334,request_rescan,4.840646
9000,9000,0.9433333333333334,request_rescan,4.840945
9001,9001,0.9433333333333334,discard,4.842286
9002,9002,0.9433333333333334,request_rescan,4.842875
9003,9003,0.9433333333333334,request_rescan,4.84325
9004,9004,0.9433333333333334,request_rescan,4.843567
9005,9005,0.9433333333333334,discard,4.844814
9006,9006,0.9433333333333334,request_rescan,4.845143
9007,9007,0.9433333333333334,discard,4.845464
9008,9008,0.9433333333333334,request_rescan,4.845768
9009,9009,0.9433333333333334,discard,4.846991
9010,9010,0.9433333333333334,request_rescan,4.847326
9011,9011,0.9433333333333334,discard,4.847637
9012,9012,0.9433333333333334,discard,4.847802
9013,9013,0.9433333333333334,discard,4.849058
9014,9014,0.9433333333333334,discard,4.849376
9015,9015,0.9433333333333334,request_rescan,4.849679
9016,9016,0.9433333333333334,discard,4.849977
9017,9017,0.9433333333333334,request_rescan,4.851199
9018,9018,0.9433333333333334,discard,4.851529
9019,9019,0.9433333333333334,discard,4.851837
9020,9020,0.9433333333333334,request_rescan,4.852145
9021,9021,0.9433333333333334,discard,4.853358
9022,9022,0.9433333333333334,discard,4.853686
9023,9023,0.9433333333333334,request_rescan,4.854003
9024,9024,0.9433333333333334,request_rescan,4.854309
9025,9025,0.9433333333333334,discard,4.855547
9026,9026,0.9433333333333334,discard,4.856028
9027,9027,0.9433333333333334,discard,4.856338
9028,9028,0.9433333333333334,request_rescan,4.856631
9029,9029,0.9433333333333334,discard,4.85784
9030,9030,0.76,log_and_continue,4.858022
9031,9031,0.9433333333333334,discard,4.858351
9032,9032,0.9433333333333334,discard,4.858654
9033,9033,0.9433333333333334,request_rescan,4.860359
9034,9034,0.9433333333333334,discard,4.860686
9035,9035,0.9433333333333334,discard,4.860998
9036,9036,0.9433333333333334,discard,4.861296
9037,9037,0.9433333333333334,request_rescan,4.862546
9038,9038,0.9433333333333334,discard,4.862874
9039,9039,0.9433333333333334,discard,4.863183
9040,9040,0.9433333333333334,request_rescan,4.863478
9041,9041,0.9433333333333334,request_rescan,4.864707
9042,9042,0.9433333333333334,discard,4.86503
9043,9043,0.9433333333333334,request_rescan,4.86533
9044,9044,0.9433333333333334,discard,4.865624
9045,9045,0.9433333333333334,request_rescan,4.86687
9046,9046,0.9433333333333334,discard,4.867206
9047,9047,0.9433333333333334,request_rescan,4.867521
9048,9048,0.9433333333333334,request_rescan,4.86783
9049,9049,0.9433333333333334,discard,4.86904
9050,9050,0.9433333333333334,discard,4.869372
9051,9051,0.9433333333333334,request_rescan,4.869677
9052,9052,0.9433333333333334,request_rescan,4.869976
9053,9053,0.9433333333333334,request_rescan,4.871185
9054,9054,0.9433333333333334,discard,4.871512
9055,9055,0.9433333333333334,request_rescan,4.872112
9056,9056,0.9433333333333334,discard,4.872409
9057,9057,0.76,discard,4.873579
9058,9058,0.9433333333333334,discard,4.873927
9059,9059,0.9433333333333334,request_rescan,4.874244
9060,9060,0.9433333333333334,request_rescan,4.874565
9061,9061,0.9433333333333334,discard,4.876013
9062,9062,0.9433333333333334,discard,4.876405
9063,9063,0.9433333333333334,discard,4.87672
9064,9064,0.9433333333333334,discard,4.877027
9065,9065,0.9433333333333334,discard,4.878269
9066,9066,0.9433333333333334,discard,4.878597
9067,9067,0.9433333333333334,request_rescan,4.87891
9068,9068,0.9433333333333334,discard,4.879075
9069,9069,0.9433333333333334,discard,4.880288
9070,9070,0.9433333333333334,discard,4.880617
9071,9071,0.9433333333333334,discard,4.880933
9072,9072,0.9433333333333334,discard,4.881235
9073,9073,0.9433333333333334,discard,4.882445
9074,9074,0.9433333333333334,request_rescan,4.882771
9075,9075,0.9433333333333334,request_rescan,4.883084
9076,9076,0.9433333333333334,request_rescan,4.88338
9077,9077,0.9433333333333334,request_rescan,4.884591
9078,9078,0.9433333333333334,discard,4.884928
9079,9079,0.9433333333333334,discard,4.885237
9080,9080,0.9433333333333334,request_rescan,4.885537
9081,9081,0.9433333333333334,discard,4.886748
9082,9082,0.9433333333333334,request_rescan,4.887079
9083,9083,0.9433333333333334,discard,4.887387
9084,9084,0.9433333333333334,discard,4.887684
9085,9085,0.9433333333333334,request_rescan,4.888923
9086,9086,0.9433333333333334,discard,4.889504
9087,9087,0.9433333333333334,request_rescan,4.889809
9088,9088,0.9433333333333334,discard,4.890111
9089,9089,0.9433333333333334,request_rescan,4.89138
9090,9090,0.9433333333333334,request_rescan,4.891711
9091,9091,0.9433333333333334,request_rescan,4.892018
9092,9092,0.9433333333333334,discard,4.892377
9093,9093,0.9433333333333334,discard,4.893928
9094,9094,0.9433333333333334,request_rescan,4.894257
9095,9095,0.9433333333333334,request_rescan,4.894565
9096,9096,0.9433333333333334,discard,4.894864
9097,9097,0.9433333333333334,discard,4.896109
9098,9098,0.9433333333333334,request_rescan,4.896435
9099,9099,0.9433333333333334,request_rescan,4.896738
9100,9100,0.9433333333333334,request_rescan,4.897039
9101,9101,0.9433333333333334,discard,4.898261
9102,9102,0.9433333333333334,discard,4.898591
9103,9103,0.9433333333333334,discard,4.898903
9104,9104,0.9433333333333334,discard,4.899206
9105,9105,0.76,discard,4.900314
9106,9106,0.9433333333333334,request_rescan,4.900664
9107,9107,0.9433333333333334,discard,4.900985
9108,9108,0.9433333333333334,discard,4.901292
9109,9109,0.9433333333333334,request_rescan,4.902536
9110,9110,0.9433333333333334,request_rescan,4.902858
9111,9111,0.9433333333333334,discard,4.903176
9112,9112,0.9433333333333334,request_rescan,4.903492
9113,9113,0.9433333333333334,discard,4.904709
9114,9114,0.9433333333333334,request_rescan,4.905046
9115,9115,0.9433333333333334,request_rescan,4.905683
9116,9116,0.9433333333333334,discard,4.905992
9117,9117,0.9433333333333334,request_rescan,4.907254
9118,9118,0.76,log_and_continue,4.907434
9119,9119,0.9433333333333334,request_rescan,4.907758
9120,9120,0.9433333333333334,discard,4.908067
9121,9121,0.9433333333333334,request_rescan,4.909543
9122,9122,0.9433333333333334,request_rescan,4.909941
9123,9123,0.9433333333333334,discard,4.910246
9124,9124,0.9433333333333334,request_rescan,4.910544
9125,9125,0.9433333333333334,discard,4.911787
9126,9126,0.9433333333333334,request_rescan,4.912121
9127,9127,0.9433333333333334,request_rescan,4.912425
9128,9128,0.9433333333333334,discard,4.912727
9129,9129,0.9433333333333334,discard,4.913947
9130,9130,0.9433333333333334,discard,4.914274
9131,9131,0.9433333333333334,request_rescan,4.914581
9132,9132,0.9433333333333334,request_rescan,4.914881
9133,9133,0.9433333333333334,discard,4.916108
9134,9134,0.9433333333333334,discard,4.916428
9135,9135,0.9433333333333334,discard,4.916732
9136,9136,0.9433333333333334,request_rescan,4.917056
9137,9137,0.9433333333333334,request_rescan,4.918285
9138,9138,0.9433333333333334,request_rescan,4.918616
9139,9139,0.9433333333333334,discard,4.918927
9140,9140,0.9433333333333334,request_rescan,4.919226
9141,9141,0.9433333333333334,discard,4.920422
9142,9142,0.9433333333333334,request_rescan,4.920756
9143,9143,0.9433333333333334,discard,4.921067
9144,9144,0.9433333333333334,discard,4.921364
9145,9145,0.9433333333333334,discard,4.922794
9146,9146,0.9433333333333334,request_rescan,4.923136
9147,9147,0.9433333333333334,request_rescan,4.923443
9148,9148,0.9433333333333334,discard,4.923742
9149,9149,0.9433333333333334,request_rescan,4.924999
9150,9150,0.9433333333333334,discard,4.925324
9151,9151,0.9433333333333334,discard,4.925827
9152,9152,0.9433333333333334,discard,4.926325
9153,9153,0.9433333333333334,discard,4.927597
9154,9154,0.76,discard,4.927934
9155,9155,0.76,discard,4.928255
9156,9156,0.9433333333333334,discard,4.928562
9157,9157,0.9433333333333334,request_rescan,4.92981
9158,9158,0.9433333333333334,request_rescan,4.93015
9159,9159,0.9433333333333334,discard,4.93046
9160,9160,0.9433333333333334,discard,4.930631
9161,9161,0.9433333333333334,discard,4.931837
9162,9162,0.9433333333333334,discard,4.932163
9163,9163,0.9433333333333334,discard,4.932467
9164,9164,0.9433333333333334,discard,4.932761
9165,9165,0.9433333333333334,discard,4.933985
9166,9166,0.9433333333333334,discard,4.934308
9167,9167,0.76,discard,4.934616
9168,9168,0.9433333333333334,request_rescan,4.934914
9169,9169,0.9433333333333334,request_rescan,4.936133
9170,9170,0.9433333333333334,discard,4.936455
9171,9171,0.9433333333333334,request_rescan,4.936764
9172,9172,0.9433333333333334,discard,4.937063
9173,9173,0.9433333333333334,request_rescan,4.938271
9174,9174,0.9433333333333334,request_rescan,4.938597
9175,9175,0.9433333333333334,request_rescan,4.939222
9176,9176,0.9433333333333334,discard,4.939518
9177,9177,0.9433333333333334,request_rescan,4.940734
9178,9178,0.9433333333333334,request_rescan,4.94107
9179,9179,0.9433333333333334,request_rescan,4.941384
9180,9180,0.9433333333333334,discard,4.94169
9181,9181,0.6633333333333333,log_and_continue,4.943061
9182,9182,0.9433333333333334,discard,4.9434
9183,9183,0.76,discard,4.943568
9184,9184,0.9433333333333334,discard,4.943876
9185,9185,0.9433333333333334,discard,4.94509
9186,9186,0.9433333333333334,discard,4.945421
9187,9187,0.9433333333333334,request_rescan,4.945731
9188,9188,0.9433333333333334,request_rescan,4.946035
9189,9189,0.9433333333333334,request_rescan,4.947245
9190,9190,0.9433333333333334,request_rescan,4.947572
9191,9191,0.9433333333333334,request_rescan,4.947883
9192,9192,0.9433333333333334,request_rescan,4.948046
9193,9193,0.9433333333333334,discard,4.949251
9194,9194,0.9433333333333334,request_rescan,4.949575
9195,9195,0.9433333333333334,discard,4.949883
9196,9196,0.9433333333333334,request_rescan,4.950179
9197,9197,0.9433333333333334,discard,4.95138
9198,9198,0.9433333333333334,discard,4.951711
9199,9199,0.9433333333333334,request_rescan,4.952025
9200,9200,0.9433333333333334,request_rescan,4.952326
9201,9201,0.9433333333333334,discard,4.953554
9202,9202,0.9433333333333334,discard,4.953881
9203,9203,0.9433333333333334,discard,4.954196
9204,9204,0.9433333333333334,discard,4.954496
9205,9205,0.9433333333333334,discard,4.955704
9206,9206,0.9433333333333334,discard,4.95604
9207,9207,0.9433333333333334,request_rescan,4.956351
9208,9208,0.9433333333333334,discard,4.956645
9209,9209,0.9433333333333334,request_rescan,4.957857
9210,9210,0.9433333333333334,discard,4.958039
9211,9211,0.9433333333333334,request_rescan,4.958366
9212,9212,0.9433333333333334,discard,4.958667
9213,9213,0.9433333333333334,discard,4.96056
9214,9214,0.9433333333333334,discard,4.960893
9215,9215,0.9433333333333334,discard,4.961207
9216,9216,0.9433333333333334,request_rescan,4.961507
9217,9217,0.9433333333333334,discard,4.962745
9218,9218,0.9433333333333334,request_rescan,4.963079
9219,9219,0.9433333333333334,discard,4.963385
9220,9220,0.9433333333333334,request_rescan,4.96369
9221,9221,0.9433333333333334,discard,4.964932
9222,9222,0.9433333333333334,discard,4.965254
9223,9223,0.9433333333333334,discard,4.965564
9224,9224,0.9433333333333334,request_rescan,4.965884
9225,9225,0.9433333333333334,request_rescan,4.96713
9226,9226,0.9433333333333334,discard,4.967456
9227,9227,0.9433333333333334,discard,4.967777
9228,9228,0.9433333333333334,request_rescan,4.968089
9229,9229,0.9433333333333334,request_rescan,4.969315
9230,9230,0.9433333333333334,request_rescan,4.969643
9231,9231,0.9433333333333334,discard,4.969957
9232,9232,0.9433333333333334,discard,4.970256
9233,9233,0.9433333333333334,request_rescan,4.971778
9234,9234,0.9433333333333334,discard,4.972113
9235,9235,0.76,request_rescan,4.972287
9236,9236,0.9433333333333334,request_rescan,4.972593
9237,9237,0.9433333333333334,request_rescan,4.973815
9238,9238,0.9433333333333334,discard,4.974144
9239,9239,0.9433333333333334,request_rescan,4.974465
9240,9240,0.6633333333333333,log_and_continue,4.974636
9241,9241,0.9433333333333334,request_rescan,4.976014
9242,9242,0.9433333333333334,request_rescan,4.976413
9243,9243,0.9433333333333334,request_rescan,4.976719
9244,9244,0.9433333333333334,request_rescan,4.977023
9245,9245,0.9433333333333334,discard,4.978298
9246,9246,0.9433333333333334,discard,4.978624
9247,9247,0.9433333333333334,request_rescan,4.978937
9248,9248,0.9433333333333334,discard,4.979243
9249,9249,0.9433333333333334,discard,4.98046
9250,9250,0.9433333333333334,request_rescan,4.980801
9251,9251,0.9433333333333334,request_rescan,4.981131
9252,9252,0.9433333333333334,discard,4.981434
9253,9253,0.9433333333333334,discard,4.982664
9254,9254,0.9433333333333334,discard,4.982987
9255,9255,0.9433333333333334,request_rescan,4.983291
9256,9256,0.9433333333333334,request_rescan,4.983585
9257,9257,0.9433333333333334,request_rescan,4.984781
9258,9258,0.9433333333333334,discard,4.985112
9259,9259,0.9433333333333334,discard,4.985416
9260,9260,0.9433333333333334,discard,4.985713
9261,9261,0.9433333333333334,discard,4.98692
9262,9262,0.9433333333333334,request_rescan,4.987249
9263,9263,0.9433333333333334,discard,4.987552
9264,9264,0.9433333333333334,request_rescan,4.987845
9265,9265,0.76,log_and_continue,4.988947
9266,9266,0.9433333333333334,discard,4.989358
9267,9267,0.9433333333333334,request_rescan,4.989673
9268,9268,0.9433333333333334,request_rescan,4.989979
9269,9269,0.9433333333333334,request_rescan,4.991204
9270,9270,0.9433333333333334,discard,4.991523
9271,9271,0.9433333333333334,discard,4.991822
9272,9272,0.9433333333333334,request_rescan,4.992215
9273,9273,0.9433333333333334,discard,4.993815
9274,9274,0.9433333333333334,request_rescan,4.994147
9275,9275,0.9433333333333334,request_rescan,4.994449
9276,9276,0.9433333333333334,discard,4.994741
9277,9277,0.9433333333333334,discard,4.995995
9278,9278,0.9433333333333334,discard,4.996321
9279,9279,0.9433333333333334,discard,4.996625
9280,9280,0.9433333333333334,discard,4.996928
9281,9281,0.9433333333333334,discard,4.998155
9282,9282,0.9433333333333334,discard,4.998477
9283,9283,0.9433333333333334,request_rescan,4.998787
9284,9284,0.9433333333333334,request_rescan,4.999101
9285,9285,0.9433333333333334,discard,5.000317
9286,9286,0.9433333333333334,request_rescan,5.000648
9287,9287,0.9433333333333334,discard,5.000959
9288,9288,0.6633333333333333,log_and_continue,5.001125
9289,9289,0.9433333333333334,discard,5.002323
9290,9290,0.9433333333333334,discard,5.002652
9291,9291,0.9433333333333334,request_rescan,5.002963
9292,9292,0.9433333333333334,discard,5.003261
9293,9293,0.9433333333333334,request_rescan,5.004466
9294,9294,0.9433333333333334,discard,5.004788
9295,9295,0.9433333333333334,discard,5.00532
9296,9296,0.9433333333333334,discard,5.005613
9297,9297,0.9433333333333334,discard,5.006841
9298,9298,0.9433333333333334,discard,5.00718
9299,9299,0.9433333333333334,discard,5.007488
9300,9300,0.9433333333333334,request_rescan,5.007784
9301,9301,0.9433333333333334,request_rescan,5.009027
9302,9302,0.9433333333333334,request_rescan,5.009566
9303,9303,0.9433333333333334,discard,5.009935
9304,9304,0.9433333333333334,request_rescan,5.010234
9305,9305,0.9433333333333334,discard,5.011482
9306,9306,0.9433333333333334,request_rescan,5.011802
9307,9307,0.9433333333333334,discard,5.012108
9308,9308,0.9433333333333334,request_rescan,5.01241
9309,9309,0.9433333333333334,discard,5.013624
9310,9310,0.9433333333333334,request_rescan,5.013953
9311,9311,0.9433333333333334,discard,5.01429
9312,9312,0.9433333333333334,discard,5.0146
9313,9313,0.9433333333333334,discard,5.015804
9314,9314,0.9433333333333334,discard,5.016142
9315,9315,0.9433333333333334,request_rescan,5.016452
9316,9316,0.9433333333333334,discard,5.01675
9317,9317,0.9433333333333334,request_rescan,5.017955
9318,9318,0.9433333333333334,discard,5.018284
9319,9319,0.9433333333333334,request_rescan,5.01859
9320,9320,0.76,log_and_continue,5.018756
9321,9321,0.76,log_and_continue,5.019835
9322,9322,0.9433333333333334,discard,5.020183
9323,9323,0.9433333333333334,discard,5.020498
9324,9324,0.9433333333333334,request_rescan,5.020805
9325,9325,0.9433333333333334,request_rescan,5.022129
9326,9326,0.9433333333333334,request_rescan,5.0226
9327,9327,0.76,log_and_continue,5.022768
9328,9328,0.9433333333333334,discard,5.023083
9329,9329,0.9433333333333334,request_rescan,5.024297
9330,9330,0.9433333333333334,discard,5.024626
9331,9331,0.9433333333333334,discard,5.02494
9332,9332,0.9433333333333334,discard,5.025246
9333,9333,0.9433333333333334,discard,5.027004
9334,9334,0.9433333333333334,discard,5.02733
9335,9335,0.9433333333333334,request_rescan,5.027635
9336,9336,0.9433333333333334,discard,5.027941
9337,9337,0.9433333333333334,request_rescan,5.029209
9338,9338,0.9433333333333334,discard,5.029532
9339,9339,0.9433333333333334,discard,5.029841
9340,9340,0.9433333333333334,discard,5.030146
9341,9341,0.9433333333333334,discard,5.031386
9342,9342,0.9433333333333334,discard,5.0317
9343,9343,0.76,request_rescan,5.031879
9344,9344,0.9433333333333334,request_rescan,5.0322
9345,9345,0.6633333333333333,log_and_continue,5.033301
9346,9346,0.9433333333333334,discard,5.033642
9347,9347,0.9433333333333334,discard,5.033976
9348,9348,0.9433333333333334,request_rescan,5.034288
9349,9349,0.9433333333333334,discard,5.035507
9350,9350,0.9433333333333334,request_rescan,5.035839
9351,9351,0.9433333333333334,discard,5.036152
9352,9352,0.9433333333333334,request_rescan,5.036453
9353,9353,0.9433333333333334,request_rescan,5.037664
9354,9354,0.9433333333333334,discard,5.037998
9355,9355,0.9433333333333334,request_rescan,5.038315
9356,9356,0.9433333333333334,discard,5.038907
9357,9357,0.9433333333333334,request_rescan,5.040151
9358,9358,0.9433333333333334,request_rescan,5.040474
9359,9359,0.9433333333333334,request_rescan,5.040774
9360,9360,0.9433333333333334,request_rescan,5.041079
9361,9361,0.9433333333333334,discard,5.042299
9362,9362,0.9433333333333334,request_rescan,5.042841
9363,9363,0.9433333333333334,request_rescan,5.043221
9364,9364,0.9433333333333334,request_rescan,5.043517
9365,9365,0.9433333333333334,discard,5.044746
9366,9366,0.9433333333333334,request_rescan,5.045081
9367,9367,0.9433333333333334,request_rescan,5.045385
9368,9368,0.76,discard,5.045549
9369,9369,0.9433333333333334,request_rescan,5.04675
9370,9370,0.9433333333333334,request_rescan,5.047086
9371,9371,0.9433333333333334,discard,5.047398
9372,9372,0.9433333333333334,discard,5.0477
9373,9373,0.9433333333333334,request_rescan,5.048929
9374,9374,0.76,request_rescan,5.049101
9375,9375,0.9433333333333334,request_rescan,5.049422
9376,9376,0.9433333333333334,request_rescan,5.049724
9377,9377,0.9433333333333334,discard,5.050935
9378,9378,0.9433333333333334,request_rescan,5.051264
9379,9379,0.9433333333333334,request_rescan,5.051571
9380,9380,0.9433333333333334,discard,5.05187
9381,9381,0.9433333333333334,discard,5.053076
9382,9382,0.9433333333333334,request_rescan,5.053404
9383,9383,0.9433333333333334,request_rescan,5.053715
9384,9384,0.9433333333333334,request_rescan,5.054022
9385,9385,0.9433333333333334,request_rescan,5.055259
9386,9386,0.9433333333333334,discard,5.055584
9387,9387,0.9433333333333334,request_rescan,5.055893
9388,9388,0.9433333333333334,request_rescan,5.056194
9389,9389,0.9433333333333334,discard,5.057406
9390,9390,0.9433333333333334,discard,5.057731
9391,9391,0.9433333333333334,discard,5.058046
9392,9392,0.9433333333333334,discard,5.058342
9393,9393,0.9433333333333334,discard,5.059828
9394,9394,0.9433333333333334,discard,5.060166
9395,9395,0.9433333333333334,request_rescan,5.060473
9396,9396,0.9433333333333334,discard,5.060768
9397,9397,0.9433333333333334,request_rescan,5.061982
9398,9398,0.9433333333333334,discard,5.062311
9399,9399,0.9433333333333334,request_rescan,5.062615
9400,9400,0.9433333333333334,discard,5.062917
9401,9401,0.9433333333333334,request_rescan,5.064165
9402,9402,0.9433333333333334,discard,5.064493
9403,9403,0.9433333333333334,request_rescan,5.064799
9404,9404,0.9433333333333334,discard,5.065103
9405,9405,0.9433333333333334,discard,5.066318
9406,9406,0.9433333333333334,discard,5.066643
9407,9407,0.9433333333333334,discard,5.06696
9408,9408,0.9433333333333334,request_rescan,5.067259
9409,9409,0.9433333333333334,discard,5.068467
9410,9410,0.9433333333333334,request_rescan,5.068798
9411,9411,0.9433333333333334,request_rescan,5.069114
9412,9412,0.9433333333333334,request_rescan,5.069413
9413,9413,0.9433333333333334,discard,5.070624
9414,9414,0.9433333333333334,discard,5.070956
9415,9415,0.9433333333333334,discard,5.071266
9416,9416,0.9433333333333334,request_rescan,5.071563
9417,9417,0.76,log_and_continue,5.072815
9418,9418,0.9433333333333334,discard,5.073165
9419,9419,0.9433333333333334,request_rescan,5.073474
9420,9420,0.9433333333333334,discard,5.073771
9421,9421,0.9433333333333334,request_rescan,5.074994
9422,9422,0.9433333333333334,request_rescan,5.075325
9423,9423,0.9433333333333334,request_rescan,5.075826
9424,9424,0.9433333333333334,discard,5.076297
9425,9425,0.9433333333333334,discard,5.077543
9426,9426,0.9433333333333334,request_rescan,5.077879
9427,9427,0.9433333333333334,request_rescan,5.078198
9428,9428,0.9433333333333334,discard,5.078502
9429,9429,0.9433333333333334,request_rescan,5.079705
9430,9430,0.9433333333333334,request_rescan,5.080038
9431,9431,0.9433333333333334,request_rescan,5.080344
9432,9432,0.9433333333333334,request_rescan,5.080638
9433,9433,0.9433333333333334,request_rescan,5.081843
9434,9434,0.9433333333333334,request_rescan,5.082166
9435,9435,0.9433333333333334,request_rescan,5.082467
9436,9436,0.9433333333333334,discard,5.082782
9437,9437,0.9433333333333334,request_rescan,5.084003
9438,9438,0.9433333333333334,discard,5.084339
9439,9439,0.9433333333333334,request_rescan,5.084649
9440,9440,0.9433333333333334,request_rescan,5.084956
9441,9441,0.9433333333333334,discard,5.086172
9442,9442,0.9433333333333334,request_rescan,5.086502
9443,9443,0.9433333333333334,request_rescan,5.086808
9444,9444,0.9433333333333334,request_rescan,5.087112
9445,9445,0.9433333333333334,request_rescan,5.088557
9446,9446,0.76,request_rescan,5.088954
9447,9447,0.9433333333333334,request_rescan,5.089261
9448,9448,0.9433333333333334,discard,5.089556
9449,9449,0.9433333333333334,discard,5.090787
9450,9450,0.9433333333333334,discard,5.091125
9451,9451,0.9433333333333334,request_rescan,5.09143
9452,9452,0.9433333333333334,discard,5.091727
9453,9453,0.9433333333333334,discard,5.093195
9454,9454,0.9433333333333334,request_rescan,5.093533
9455,9455,0.9433333333333334,discard,5.093848
9456,9456,0.9433333333333334,discard,5.094156
9457,9457,0.9433333333333334,request_rescan,5.095379
9458,9458,0.9433333333333334,request_rescan,5.095705
9459,9459,0.9433333333333334,discard,5.096018
9460,9460,0.76,discard,5.096187
9461,9461,0.9433333333333334,discard,5.097403
9462,9462,0.9433333333333334,request_rescan,5.097734
9463,9463,0.9433333333333334,request_rescan,5.09805
9464,9464,0.9433333333333334,request_rescan,5.098347
9465,9465,0.9433333333333334,discard,5.099567
9466,9466,0.9433333333333334,discard,5.099915
9467,9467,0.76,discard,5.100083
9468,9468,0.9433333333333334,request_rescan,5.100387
9469,9469,0.9433333333333334,discard,5.1016
9470,9470,0.9433333333333334,discard,5.101934
9471,9471,0.9433333333333334,request_rescan,5.10225
9472,9472,0.9433333333333334,discard,5.102411
9473,9473,0.9433333333333334,request_rescan,5.103619
9474,9474,0.9433333333333334,request_rescan,5.103957
9475,9475,0.9433333333333334,discard,5.104268
9476,9476,0.9433333333333334,request_rescan,5.104568
9477,9477,0.9433333333333334,request_rescan,5.105971
9478,9478,0.9433333333333334,request_rescan,5.106303
9479,9479,0.9433333333333334,discard,5.106617
9480,9480,0.6633333333333333,log_and_continue,5.106778
9481,9481,0.9433333333333334,discard,5.107995
9482,9482,0.9433333333333334,request_rescan,5.108329
9483,9483,0.9433333333333334,request_rescan,5.108636
9484,9484,0.9433333333333334,discard,5.109002
9485,9485,0.9433333333333334,discard,5.110438
9486,9486,0.9433333333333334,request_rescan,5.110765
9487,9487,0.9433333333333334,request_rescan,5.111078
9488,9488,0.9433333333333334,discard,5.111375
9489,9489,0.9433333333333334,request_rescan,5.112595
9490,9490,0.6633333333333333,log_and_continue,5.112772
9491,9491,0.9433333333333334,request_rescan,5.1131
9492,9492,0.9433333333333334,request_rescan,5.113403
9493,9493,0.9433333333333334,discard,5.11461
9494,9494,0.9433333333333334,discard,5.114944
9495,9495,0.9433333333333334,discard,5.115251
9496,9496,0.9433333333333334,discard,5.115547
9497,9497,0.9433333333333334,request_rescan,5.116764
9498,9498,0.9433333333333334,request_rescan,5.117106
9499,9499,0.9433333333333334,request_rescan,5.117423
9500,9500,0.9433333333333334,discard,5.11772
9501,9501,0.9433333333333334,discard,5.118971
9502,9502,0.6633333333333333,log_and_continue,5.119148
9503,9503,0.76,request_rescan,5.1193
9504,9504,0.9433333333333334,request_rescan,5.119616
9505,9505,0.9433333333333334,request_rescan,5.120832
9506,9506,0.9433333333333334,discard,5.121168
9507,9507,0.9433333333333334,request_rescan,5.121474
9508,9508,0.9433333333333334,discard,5.122015
9509,9509,0.9433333333333334,request_rescan,5.123317
9510,9510,0.9433333333333334,request_rescan,5.123643
9511,9511,0.9433333333333334,discard,5.123955
9512,9512,0.9433333333333334,request_rescan,5.124258
9513,9513,0.9433333333333334,discard,5.125599
9514,9514,0.9433333333333334,request_rescan,5.126002
9515,9515,0.9433333333333334,request_rescan,5.126376
9516,9516,0.9433333333333334,request_rescan,5.126674
9517,9517,0.9433333333333334,discard,5.127929
9518,9518,0.9433333333333334,request_rescan,5.128265
9519,9519,0.9433333333333334,discard,5.128572
9520,9520,0.9433333333333334,request_rescan,5.128872
9521,9521,0.9433333333333334,discard,5.130102
9522,9522,0.9433333333333334,discard,5.13043
9523,9523,0.9433333333333334,discard,5.130739
9524,9524,0.9433333333333334,request_rescan,5.131052
9525,9525,0.9433333333333334,request_rescan,5.132292
9526,9526,0.9433333333333334,discard,5.132618
9527,9527,0.9433333333333334,request_rescan,5.132935
9528,9528,0.9433333333333334,request_rescan,5.133244
9529,9529,0.9433333333333334,discard,5.134521
9530,9530,0.9433333333333334,discard,5.134838
9531,9531,0.6633333333333333,log_and_continue,5.135013
9532,9532,0.9433333333333334,request_rescan,5.13532
9533,9533,0.9433333333333334,request_rescan,5.136573
9534,9534,0.9433333333333334,discard,5.136895
9535,9535,0.9433333333333334,discard,5.137209
9536,9536,0.76,log_and_continue,5.137389
9537,9537,0.9433333333333334,discard,5.138644
9538,9538,0.9433333333333334,discard,5.138989
9539,9539,0.9433333333333334,discard,5.139531
9540,9540,0.9433333333333334,discard,5.139845
9541,9541,0.9433333333333334,request_rescan,5.141111
9542,9542,0.76,discard,5.141289
9543,9543,0.9433333333333334,request_rescan,5.141625
9544,9544,0.9433333333333334,discard,5.141796
9545,9545,0.9433333333333334,request_rescan,5.143228
9546,9546,0.9433333333333334,discard,5.143567
9547,9547,0.9433333333333334,discard,5.143889
9548,9548,0.9433333333333334,discard,5.14419
9549,9549,0.76,request_rescan,5.145301
9550,9550,0.9433333333333334,request_rescan,5.145651
9551,9551,0.9433333333333334,request_rescan,5.145965
9552,9552,0.9433333333333334,request_rescan,5.146265
9553,9553,0.9433333333333334,discard,5.147498
9554,9554,0.9433333333333334,discard,5.147821
9555,9555,0.9433333333333334,discard,5.148138
9556,9556,0.9433333333333334,discard,5.148442
9557,9557,0.9433333333333334,discard,5.149697
9558,9558,0.9433333333333334,request_rescan,5.150047
9559,9559,0.9433333333333334,request_rescan,5.150366
9560,9560,0.9433333333333334,request_rescan,5.150663
9561,9561,0.76,log_and_continue,5.151788
9562,9562,0.9433333333333334,request_rescan,5.152141
9563,9563,0.9433333333333334,discard,5.152462
9564,9564,0.9433333333333334,discard,5.152769
9565,9565,0.9433333333333334,discard,5.154008
9566,9566,0.9433333333333334,discard,5.154345
9567,9567,0.9433333333333334,discard,5.154661
9568,9568,0.9433333333333334,request_rescan,5.154988
9569,9569,0.9433333333333334,request_rescan,5.156456
9570,9570,0.9433333333333334,discard,5.156784
9571,9571,0.9433333333333334,request_rescan,5.15711
9572,9572,0.9433333333333334,discard,5.157434
9573,9573,0.9433333333333334,request_rescan,5.158743
9574,9574,0.9433333333333334,request_rescan,5.159138
9575,9575,0.9433333333333334,request_rescan,5.159632
9576,9576,0.9433333333333334,discard,5.160014
9577,9577,0.9433333333333334,request_rescan,5.161333
9578,9578,0.9433333333333334,discard,5.161665
9579,9579,0.9433333333333334,request_rescan,5.161999
9580,9580,0.9433333333333334,discard,5.162304
9581,9581,0.9433333333333334,discard,5.163537
9582,9582,0.9433333333333334,discard,5.163876
9583,9583,0.9433333333333334,request_rescan,5.164184
9584,9584,0.9433333333333334,discard,5.164482
9585,9585,0.9433333333333334,discard,5.165713
9586,9586,0.9433333333333334,discard,5.166048
9587,9587,0.9433333333333334,request_rescan,5.166359
9588,9588,0.9433333333333334,discard,5.166669
9589,9589,0.9433333333333334,discard,5.167907
9590,9590,0.9433333333333334,request_rescan,5.168245
9591,9591,0.9433333333333334,discard,5.168573
9592,9592,0.9433333333333334,request_rescan,5.168887
9593,9593,0.9433333333333334,discard,5.170017
9594,9594,0.9433333333333334,discard,5.170359
9595,9595,0.9433333333333334,discard,5.170669
9596,9596,0.9433333333333334,discard,5.170981
9597,9597,0.9433333333333334,discard,5.172308
9598,9598,0.9433333333333334,discard,5.172651
9599,9599,0.9433333333333334,discard,5.172968
9600,9600,0.9433333333333334,request_rescan,5.17328
9601,9601,0.9433333333333334,discard,5.174584
9602,9602,0.9433333333333334,request_rescan,5.174932
9603,9603,0.6633333333333333,log_and_continue,5.175106
9604,9604,0.9433333333333334,discard,5.175498
9605,9605,0.9433333333333334,discard,5.177151
9606,9606,0.9433333333333334,discard,5.177488
9607,9607,0.9433333333333334,request_rescan,5.177798
9608,9608,0.9433333333333334,discard,5.178113
9609,9609,0.9433333333333334,request_rescan,5.179391
9610,9610,0.6633333333333333,log_and_continue,5.179571
9611,9611,0.9433333333333334,request_rescan,5.179896
9612,9612,0.9433333333333334,request_rescan,5.180208
9613,9613,0.9433333333333334,request_rescan,5.18145
9614,9614,0.9433333333333334,discard,5.181789
9615,9615,0.9433333333333334,request_rescan,5.182107
9616,9616,0.9433333333333334,request_rescan,5.18242
9617,9617,0.9433333333333334,request_rescan,5.183649
9618,9618,0.9433333333333334,discard,5.183988
9619,9619,0.9433333333333334,request_rescan,5.184304
9620,9620,0.9433333333333334,request_rescan,5.18461
9621,9621,0.9433333333333334,request_rescan,5.185846
9622,9622,0.9433333333333334,request_rescan,5.186179
9623,9623,0.9433333333333334,discard,5.186482
9624,9624,0.9433333333333334,discard,5.186779
9625,9625,0.9433333333333334,discard,5.188019
9626,9626,0.9433333333333334,request_rescan,5.188341
9627,9627,0.9433333333333334,request_rescan,5.188647
9628,9628,0.9433333333333334,request_rescan,5.188955
9629,9629,0.9433333333333334,discard,5.190428
9630,9630,0.9433333333333334,request_rescan,5.190759
9631,9631,0.9433333333333334,discard,5.190946
9632,9632,0.9433333333333334,discard,5.191273
9633,9633,0.9433333333333334,discard,5.192687
9634,9634,0.9433333333333334,discard,5.193097
9635,9635,0.9433333333333334,discard,5.193422
9636,9636,0.9433333333333334,discard,5.193735
9637,9637,0.9433333333333334,request_rescan,5.195022
9638,9638,0.9433333333333334,request_rescan,5.195362
9639,9639,0.9433333333333334,request_rescan,5.195677
9640,9640,0.9433333333333334,request_rescan,5.195985
9641,9641,0.9433333333333334,discard,5.197226
9642,9642,0.9433333333333334,request_rescan,5.197409
9643,9643,0.9433333333333334,discard,5.19757
9644,9644,0.9433333333333334,discard,5.197901
9645,9645,0.9433333333333334,request_rescan,5.199151
9646,9646,0.9433333333333334,request_rescan,5.199488
9647,9647,0.9433333333333334,discard,5.199796
9648,9648,0.9433333333333334,discard,5.200107
9649,9649,0.9433333333333334,discard,5.201364
9650,9650,0.9433333333333334,discard,5.201701
9651,9651,0.9433333333333334,request_rescan,5.202021
9652,9652,0.9433333333333334,discard,5.202333
9653,9653,0.9433333333333334,request_rescan,5.203569
9654,9654,0.9433333333333334,discard,5.20391
9655,9655,0.9433333333333334,discard,5.20424
9656,9656,0.9433333333333334,discard,5.204551
9657,9657,0.76,request_rescan,5.205677
9658,9658,0.9433333333333334,discard,5.20602
9659,9659,0.9433333333333334,discard,5.206331
9660,9660,0.9433333333333334,request_rescan,5.206627
9661,9661,0.9433333333333334,request_rescan,5.207854
9662,9662,0.9433333333333334,discard,5.208196
9663,9663,0.9433333333333334,request_rescan,5.208511
9664,9664,0.9433333333333334,request_rescan,5.208906
9665,9665,0.9433333333333334,request_rescan,5.210319
9666,9666,0.9433333333333334,request_rescan,5.210651
9667,9667,0.9433333333333334,request_rescan,5.210965
9668,9668,0.9433333333333334,discard,5.21127
9669,9669,0.9433333333333334,discard,5.212532
9670,9670,0.9433333333333334,discard,5.212864
9671,9671,0.9433333333333334,discard,5.213173
9672,9672,0.9433333333333334,discard,5.213471
9673,9673,0.9433333333333334,discard,5.214681
9674,9674,0.9433333333333334,request_rescan,5.215012
9675,9675,0.9433333333333334,discard,5.215326
9676,9676,0.9433333333333334,discard,5.21563
9677,9677,0.9433333333333334,request_rescan,5.21688
9678,9678,0.9433333333333334,request_rescan,5.217216
9679,9679,0.9433333333333334,discard,5.21752
9680,9680,0.9433333333333334,discard,5.217818
9681,9681,0.9433333333333334,request_rescan,5.21906
9682,9682,0.9433333333333334,discard,5.219393
9683,9683,0.9433333333333334,request_rescan,5.219704
9684,9684,0.9433333333333334,discard,5.220005
9685,9685,0.9433333333333334,request_rescan,5.221237
9686,9686,0.9433333333333334,discard,5.221415
9687,9687,0.9433333333333334,request_rescan,5.221806
9688,9688,0.9433333333333334,discard,5.222124
9689,9689,0.9433333333333334,request_rescan,5.223361
9690,9690,0.9433333333333334,discard,5.223689
9691,9691,0.9433333333333334,request_rescan,5.224001
9692,9692,0.9433333333333334,request_rescan,5.224314
9693,9693,0.9433333333333334,discard,5.225625
9694,9694,0.9433333333333334,discard,5.226143
9695,9695,0.9433333333333334,request_rescan,5.226533
9696,9696,0.9433333333333334,request_rescan,5.226843
9697,9697,0.9433333333333334,request_rescan,5.228099
9698,9698,0.9433333333333334,discard,5.228415
9699,9699,0.9433333333333334,request_rescan,5.228716
9700,9700,0.9433333333333334,discard,5.229037
9701,9701,0.9433333333333334,request_rescan,5.23028
9702,9702,0.76,request_rescan,5.230457
9703,9703,0.9433333333333334,discard,5.230784
9704,9704,0.9433333333333334,discard,5.231101
9705,9705,0.9433333333333334,request_rescan,5.232326
9706,9706,0.76,request_rescan,5.232505
9707,9707,0.9433333333333334,request_rescan,5.232838
9708,9708,0.9433333333333334,discard,5.233148
9709,9709,0.9433333333333334,discard,5.234355
9710,9710,0.9433333333333334,request_rescan,5.234681
9711,9711,0.9433333333333334,request_rescan,5.234992
9712,9712,0.9433333333333334,request_rescan,5.235291
9713,9713,0.9433333333333334,request_rescan,5.236512
9714,9714,0.9433333333333334,request_rescan,5.236839
9715,9715,0.9433333333333334,request_rescan,5.237151
9716,9716,0.9433333333333334,discard,5.237451
9717,9717,0.9433333333333334,discard,5.238688
9718,9718,0.9433333333333334,request_rescan,5.239215
9719,9719,0.9433333333333334,request_rescan,5.239524
9720,9720,0.9433333333333334,request_rescan,5.23982
9721,9721,0.9433333333333334,discard,5.241069
9722,9722,0.9433333333333334,discard,5.2414
9723,9723,0.9433333333333334,request_rescan,5.241703
9724,9724,0.9433333333333334,discard,5.242007
9725,9725,0.9433333333333334,discard,5.243897
9726,9726,0.9433333333333334,discard,5.244082
9727,9727,0.9433333333333334,discard,5.244405
9728,9728,0.9433333333333334,request_rescan,5.24471
9729,9729,0.9433333333333334,discard,5.245987
9730,9730,0.9433333333333334,discard,5.246318
9731,9731,0.9433333333333334,discard,5.246629
9732,9732,0.9433333333333334,discard,5.246933
9733,9733,0.9433333333333334,request_rescan,5.248159
9734,9734,0.9433333333333334,request_rescan,5.248481
9735,9735,0.9433333333333334,request_rescan,5.248781
9736,9736,0.9433333333333334,request_rescan,5.249091
9737,9737,0.9433333333333334,request_rescan,5.250337
9738,9738,0.9433333333333334,discard,5.250653
9739,9739,0.9433333333333334,discard,5.250977
9740,9740,0.9433333333333334,request_rescan,5.251284
9741,9741,0.76,log_and_continue,5.252373
9742,9742,0.9433333333333334,discard,5.252718
9743,9743,0.9433333333333334,request_rescan,5.253037
9744,9744,0.9433333333333334,discard,5.253341
9745,9745,0.9433333333333334,request_rescan,5.254567
9746,9746,0.9433333333333334,discard,5.255145
9747,9747,0.9433333333333334,request_rescan,5.255525
9748,9748,0.9433333333333334,discard,5.255824
9749,9749,0.9433333333333334,discard,5.257116
9750,9750,0.9433333333333334,discard,5.257444
9751,9751,0.9433333333333334,request_rescan,5.25775
9752,9752,0.9433333333333334,request_rescan,5.258056
9753,9753,0.9433333333333334,request_rescan,5.259501
9754,9754,0.9433333333333334,request_rescan,5.259903
9755,9755,0.9433333333333334,discard,5.260213
9756,9756,0.9433333333333334,request_rescan,5.260376
9757,9757,0.6633333333333333,log_and_continue,5.261464
9758,9758,0.9433333333333334,request_rescan,5.261804
9759,9759,0.9433333333333334,discard,5.262122
9760,9760,0.9433333333333334,request_rescan,5.26242
9761,9761,0.9433333333333334,discard,5.263637
9762,9762,0.9433333333333334,discard,5.263983
9763,9763,0.9433333333333334,discard,5.264304
9764,9764,0.9433333333333334,discard,5.264606
9765,9765,0.9433333333333334,request_rescan,5.26583
9766,9766,0.9433333333333334,discard,5.26617
9767,9767,0.9433333333333334,request_rescan,5.266475
9768,9768,0.9433333333333334,discard,5.266772
9769,9769,0.9433333333333334,request_rescan,5.267984
9770,9770,0.9433333333333334,request_rescan,5.268315
9771,9771,0.9433333333333334,request_rescan,5.268645
9772,9772,0.9433333333333334,discard,5.268953
9773,9773,0.9433333333333334,discard,5.270152
9774,9774,0.9433333333333334,discard,5.27048
9775,9775,0.9433333333333334,request_rescan,5.270793
9776,9776,0.9433333333333334,request_rescan,5.27111
9777,9777,0.9433333333333334,discard,5.272582
9778,9778,0.76,request_rescan,5.272769
9779,9779,0.9433333333333334,discard,5.273099
9780,9780,0.9433333333333334,request_rescan,5.273404
9781,9781,0.9433333333333334,request_rescan,5.274622
9782,9782,0.9433333333333334,discard,5.274943
9783,9783,0.76,log_and_continue,5.275114
9784,9784,0.9433333333333334,discard,5.275505
9785,9785,0.9433333333333334,discard,5.276963
9786,9786,0.9433333333333334,request_rescan,5.277285
9787,9787,0.9433333333333334,discard,5.277604
9788,9788,0.76,discard,5.277914
9789,9789,0.9433333333333334,discard,5.279177
9790,9790,0.9433333333333334,discard,5.279503
9791,9791,0.9433333333333334,discard,5.279816
9792,9792,0.9433333333333334,discard,5.280127
9793,9793,0.9433333333333334,request_rescan,5.281355
9794,9794,0.9433333333333334,request_rescan,5.281678
9795,9795,0.9433333333333334,discard,5.28199
9796,9796,0.9433333333333334,discard,5.282288
9797,9797,0.9433333333333334,discard,5.2835
9798,9798,0.9433333333333334,request_rescan,5.283824
9799,9799,0.9433333333333334,discard,5.284144
9800,9800,0.9433333333333334,discard,5.284441
9801,9801,0.9433333333333334,discard,5.285669
9802,9802,0.9433333333333334,request_rescan,5.285998
9803,9803,0.9433333333333334,discard,5.28631
9804,9804,0.9433333333333334,discard,5.286612
9805,9805,0.9433333333333334,discard,5.287818
9806,9806,0.9433333333333334,request_rescan,5.28816
9807,9807,0.9433333333333334,discard,5.288758
9808,9808,0.9433333333333334,request_rescan,5.289066
9809,9809,0.9433333333333334,discard,5.290309
9810,9810,0.9433333333333334,request_rescan,5.290637
9811,9811,0.9433333333333334,request_rescan,5.290954
9812,9812,0.9433333333333334,request_rescan,5.291256
9813,9813,0.9433333333333334,request_rescan,5.292673
9814,9814,0.9433333333333334,discard,5.293069
9815,9815,0.9433333333333334,request_rescan,5.293379
9816,9816,0.9433333333333334,request_rescan,5.293681
9817,9817,0.9433333333333334,discard,5.294915
9818,9818,0.9433333333333334,discard,5.29524
9819,9819,0.9433333333333334,request_rescan,5.295554
9820,9820,0.9433333333333334,discard,5.295875
9821,9821,0.9433333333333334,request_rescan,5.297102
9822,9822,0.9433333333333334,request_rescan,5.29743
9823,9823,0.9433333333333334,discard,5.297738
9824,9824,0.9433333333333334,discard,5.298042
9825,9825,0.9433333333333334,discard,5.299256
9826,9826,0.9433333333333334,discard,5.299581
9827,9827,0.9433333333333334,discard,5.299893
9828,9828,0.9433333333333334,request_rescan,5.300197
9829,9829,0.9433333333333334,discard,5.301397
9830,9830,0.9433333333333334,discard,5.301724
9831,9831,0.9433333333333334,discard,5.302038
9832,9832,0.9433333333333334,request_rescan,5.30234
9833,9833,0.9433333333333334,discard,5.303546
9834,9834,0.9433333333333334,request_rescan,5.303876
9835,9835,0.9433333333333334,request_rescan,5.304185
9836,9836,0.9433333333333334,request_rescan,5.304482
9837,9837,0.9433333333333334,request_rescan,5.305693
9838,9838,0.9433333333333334,request_rescan,5.306174
9839,9839,0.9433333333333334,request_rescan,5.306482
9840,9840,0.9433333333333334,request_rescan,5.306779
9841,9841,0.9433333333333334,request_rescan,5.308003
9842,9842,0.9433333333333334,discard,5.308332
9843,9843,0.9433333333333334,request_rescan,5.308639
9844,9844,0.9433333333333334,request_rescan,5.309004
9845,9845,0.9433333333333334,request_rescan,5.310607
9846,9846,0.9433333333333334,discard,5.310942
9847,9847,0.9433333333333334,request_rescan,5.311254
9848,9848,0.9433333333333334,request_rescan,5.311551
9849,9849,0.9433333333333334,discard,5.312802
9850,9850,0.9433333333333334,request_rescan,5.313147
9851,9851,0.9433333333333334,discard,5.313458
9852,9852,0.9433333333333334,request_rescan,5.313755
9853,9853,0.9433333333333334,discard,5.314979
9854,9854,0.9433333333333334,discard,5.3153
9855,9855,0.9433333333333334,request_rescan,5.3156
9856,9856,0.9433333333333334,discard,5.315909
9857,9857,0.9433333333333334,discard,5.317137
9858,9858,0.9433333333333334,discard,5.317457
9859,9859,0.9433333333333334,discard,5.31777
9860,9860,0.9433333333333334,discard,5.318087
9861,9861,0.9433333333333334,discard,5.319293
9862,9862,0.9433333333333334,request_rescan,5.319618
9863,9863,0.9433333333333334,discard,5.319929
9864,9864,0.9433333333333334,request_rescan,5.320228
9865,9865,0.9433333333333334,discard,5.321434
9866,9866,0.9433333333333334,discard,5.321761
9867,9867,0.9433333333333334,discard,5.32231
9868,9868,0.9433333333333334,request_rescan,5.322609
9869,9869,0.9433333333333334,discard,5.323886
9870,9870,0.9433333333333334,discard,5.324216
9871,9871,0.9433333333333334,discard,5.324524
9872,9872,0.9433333333333334,request_rescan,5.324822
9873,9873,0.9433333333333334,discard,5.32639
9874,9874,0.9433333333333334,request_rescan,5.326782
9875,9875,0.9433333333333334,request_rescan,5.327092
9876,9876,0.9433333333333334,discard,5.327387
9877,9877,0.9433333333333334,request_rescan,5.328617
9878,9878,0.9433333333333334,discard,5.328949
9879,9879,0.9433333333333334,discard,5.32926
9880,9880,0.9433333333333334,discard,5.329553
9881,9881,0.9433333333333334,discard,5.330771
9882,9882,0.9433333333333334,discard,5.331097
9883,9883,0.9433333333333334,request_rescan,5.331399
9884,9884,0.9433333333333334,request_rescan,5.331696
9885,9885,0.9433333333333334,discard,5.332918
9886,9886,0.9433333333333334,discard,5.333243
9887,9887,0.9433333333333334,request_rescan,5.333547
9888,9888,0.9433333333333334,request_rescan,5.33384
9889,9889,0.9433333333333334,discard,5.335065
9890,9890,0.9433333333333334,request_rescan,5.335398
9891,9891,0.9433333333333334,discard,5.335702
9892,9892,0.9433333333333334,discard,5.336003
9893,9893,0.9433333333333334,request_rescan,5.33721
9894,9894,0.9433333333333334,discard,5.337536
9895,9895,0.9433333333333334,discard,5.337844
9896,9896,0.9433333333333334,request_rescan,5.338157
9897,9897,0.9433333333333334,discard,5.339633
9898,9898,0.9433333333333334,discard,5.339965
9899,9899,0.9433333333333334,request_rescan,5.340277
9900,9900,0.9433333333333334,discard,5.340573
9901,9901,0.9433333333333334,request_rescan,5.341855
9902,9902,0.9433333333333334,discard,5.342253
9903,9903,0.9433333333333334,discard,5.34264
9904,9904,0.9433333333333334,discard,5.343009
9905,9905,0.9433333333333334,discard,5.344253
9906,9906,0.9433333333333334,discard,5.344585
9907,9907,0.9433333333333334,discard,5.344897
9908,9908,0.9433333333333334,discard,5.345206
9909,9909,0.9433333333333334,request_rescan,5.346429
9910,9910,0.9433333333333334,request_rescan,5.346747
9911,9911,0.9433333333333334,discard,5.347056
9912,9912,0.9433333333333334,discard,5.347352
9913,9913,0.9433333333333334,request_rescan,5.348565
9914,9914,0.6633333333333333,log_and_continue,5.348742
9915,9915,0.9433333333333334,request_rescan,5.349071
9916,9916,0.9433333333333334,request_rescan,5.349375
9917,9917,0.9433333333333334,discard,5.350585
9918,9918,0.9433333333333334,request_rescan,5.350918
9919,9919,0.9433333333333334,discard,5.351225
9920,9920,0.9433333333333334,request_rescan,5.351522
9921,9921,0.76,discard,5.352624
9922,9922,0.9433333333333334,request_rescan,5.352966
9923,9923,0.9433333333333334,discard,5.353279
9924,9924,0.9433333333333334,request_rescan,5.353593
9925,9925,0.9433333333333334,discard,5.354812
9926,9926,0.9433333333333334,request_rescan,5.355154
9927,9927,0.9433333333333334,discard,5.355683
9928,9928,0.9433333333333334,request_rescan,5.35605
9929,9929,0.9433333333333334,request_rescan,5.357332
9930,9930,0.9433333333333334,discard,5.357655
9931,9931,0.9433333333333334,request_rescan,5.357964
9932,9932,0.9433333333333334,request_rescan,5.358268
9933,9933,0.9433333333333334,discard,5.35974
9934,9934,0.9433333333333334,discard,5.360069
9935,9935,0.9433333333333334,discard,5.360375
9936,9936,0.9433333333333334,request_rescan,5.36067
9937,9937,0.9433333333333334,request_rescan,5.361908
9938,9938,0.9433333333333334,request_rescan,5.362236
9939,9939,0.9433333333333334,discard,5.36254
9940,9940,0.9433333333333334,request_rescan,5.362834
9941,9941,0.9433333333333334,request_rescan,5.364051
9942,9942,0.9433333333333334,request_rescan,5.364378
9943,9943,0.9433333333333334,request_rescan,5.364682
9944,9944,0.9433333333333334,request_rescan,5.36498
9945,9945,0.9433333333333334,request_rescan,5.36619
9946,9946,0.76,discard,5.366365
9947,9947,0.9433333333333334,request_rescan,5.36668
9948,9948,0.9433333333333334,request_rescan,5.367008
9949,9949,0.9433333333333334,discard,5.368226
9950,9950,0.9433333333333334,request_rescan,5.368561
9951,9951,0.9433333333333334,request_rescan,5.368873
9952,9952,0.9433333333333334,discard,5.369172
9953,9953,0.9433333333333334,request_rescan,5.370386
9954,9954,0.9433333333333334,request_rescan,5.37071
9955,9955,0.9433333333333334,discard,5.371026
9956,9956,0.9433333333333334,discard,5.371332
9957,9957,0.9433333333333334,discard,5.372703
9958,9958,0.9433333333333334,discard,5.37304
9959,9959,0.9433333333333334,discard,5.373349
9960,9960,0.9433333333333334,request_rescan,5.373647
9961,9961,0.9433333333333334,discard,5.374866
9962,9962,0.9433333333333334,request_rescan,5.375196
9963,9963,0.9433333333333334,discard,5.375574
9964,9964,0.9433333333333334,discard,5.375975
9965,9965,0.9433333333333334,discard,5.377253
9966,9966,0.9433333333333334,request_rescan,5.377585
9967,9967,0.9433333333333334,discard,5.377898
9968,9968,0.9433333333333334,discard,5.378199
9969,9969,0.9433333333333334,request_rescan,5.379405
9970,9970,0.9433333333333334,discard,5.379723
9971,9971,0.9433333333333334,request_rescan,5.380027
9972,9972,0.9433333333333334,request_rescan,5.380194
9973,9973,0.9433333333333334,request_rescan,5.381398
9974,9974,0.9433333333333334,discard,5.381726
9975,9975,0.9433333333333334,request_rescan,5.382034
9976,9976,0.9433333333333334,request_rescan,5.382333
9977,9977,0.9433333333333334,discard,5.383544
9978,9978,0.9433333333333334,request_rescan,5.383875
9979,9979,0.9433333333333334,request_rescan,5.384187
9980,9980,0.9433333333333334,discard,5.384486
9981,9981,0.9433333333333334,discard,5.385691
9982,9982,0.9433333333333334,request_rescan,5.386024
9983,9983,0.9433333333333334,request_rescan,5.386328
9984,9984,0.9433333333333334,discard,5.386621
9985,9985,0.9433333333333334,request_rescan,5.387829
9986,9986,0.9433333333333334,request_rescan,5.388169
9987,9987,0.9433333333333334,request_rescan,5.38848
9988,9988,0.9433333333333334,request_rescan,5.389057
9989,9989,0.9433333333333334,discard,5.390305
9990,9990,0.9433333333333334,discard,5.390631
9991,9991,0.9433333333333334,request_rescan,5.390942
9992,9992,0.9433333333333334,request_rescan,5.391242
9993,9993,0.9433333333333334,discard,5.392503
9994,9994,0.9433333333333334,discard,5.392898
9995,9995,0.6633333333333333,log_and_continue,5.393073
9996,9996,0.9433333333333334,request_rescan,5.393445
9997,9997,0.9433333333333334,request_rescan,5.394678
9998,9998,0.9433333333333334,discard,5.395012
9999,9999,0.9433333333333334,discard,5.395327
10000,10000,0.9433333333333334,discard,5.395635
