timestep,episode,reward,epsilon,decision,elapsed_time
1,1,0.9433333333333334,0.995,discard,0.000285
2,2,0.6633333333333333,0.990025,log_and_continue,0.000437
3,3,0.76,0.985074875,log_and_continue,0.000583
4,4,0.76,0.9801495006250001,discard,0.000701
5,5,0.76,0.9752487531218751,log_and_continue,0.000815
6,6,0.6633333333333333,0.9703725093562657,log_and_continue,0.000921
7,7,0.76,0.9655206468094844,discard,0.001039
8,8,0.9433333333333334,0.960693043575437,discard,0.001149
9,9,0.9433333333333334,0.9558895783575597,discard,0.001271
10,10,0.76,0.9511101304657719,log_and_continue,0.001391
11,11,0.76,0.946354579813443,request_rescan,0.001502
12,12,0.9433333333333334,0.9416228069143757,discard,0.001606
13,13,0.76,0.9369146928798039,log_and_continue,0.001708
14,14,0.9433333333333334,0.9322301194154049,discard,0.001806
15,15,0.9433333333333334,0.9275689688183278,request_rescan,0.001915
16,16,0.9433333333333334,0.9229311239742362,discard,0.002021
17,17,0.9433333333333334,0.918316468354365,discard,0.00212
18,18,0.76,0.9137248860125932,discard,0.002218
19,19,0.76,0.9091562615825302,log_and_continue,0.00234
20,20,0.9433333333333334,0.9046104802746175,discard,0.002448
21,21,0.76,0.9000874278732445,discard,0.00255
22,22,0.9433333333333334,0.8955869907338783,request_rescan,0.00265
23,23,0.76,0.8911090557802088,discard,0.002749
24,24,0.6633333333333333,0.8866535105013078,log_and_continue,0.00285
25,25,0.9433333333333334,0.8822202429488013,request_rescan,0.002953
26,26,0.76,0.8778091417340573,log_and_continue,0.003061
27,27,0.9433333333333334,0.8734200960253871,request_rescan,0.003165
28,28,0.9433333333333334,0.8690529955452602,request_rescan,0.003271
29,29,0.9433333333333334,0.8647077305675338,request_rescan,0.003374
30,30,0.9433333333333334,0.8603841919146962,discard,0.003474
31,31,0.9433333333333334,0.8560822709551227,discard,0.003573
32,32,0.9433333333333334,0.851801859600347,request_rescan,0.003678
33,33,0.9433333333333334,0.8475428503023453,discard,0.003779
34,34,0.9433333333333334,0.8433051360508336,request_rescan,0.003877
35,35,0.6633333333333333,0.8390886103705794,log_and_continue,0.00398
36,36,0.9433333333333334,0.8348931673187264,discard,0.004078
37,37,0.9433333333333334,0.8307187014821328,discard,0.004181
38,38,0.76,0.8265651079747222,log_and_continue,0.004294
39,39,0.76,0.8224322824348486,discard,0.004396
40,40,0.9433333333333334,0.8183201210226743,request_rescan,0.004496
41,41,0.9433333333333334,0.8142285204175609,discard,0.004596
42,42,0.76,0.810157377815473,request_rescan,0.004697
43,43,0.9433333333333334,0.8061065909263957,discard,0.004793
44,44,0.76,0.8020760579717637,log_and_continue,0.004887
45,45,0.6633333333333333,0.798065677681905,log_and_continue,0.004981
46,46,0.76,0.7940753492934954,request_rescan,0.005081
47,47,0.76,0.7901049725470279,request_rescan,0.005183
48,48,0.9433333333333334,0.7861544476842928,discard,0.005287
49,49,0.76,0.7822236754458713,request_rescan,0.005384
50,50,0.76,0.778312557068642,request_rescan,0.00548
51,51,0.76,0.7744209942832988,log_and_continue,0.00558
52,52,0.9433333333333334,0.7705488893118823,discard,0.005681
53,53,0.76,0.7666961448653229,discard,0.005776
54,54,0.9433333333333334,0.7628626641409962,request_rescan,0.005879
55,55,0.9433333333333334,0.7590483508202912,request_rescan,0.005977
56,56,0.76,0.7552531090661897,log_and_continue,0.006073
57,57,0.9433333333333334,0.7514768435208588,discard,0.006173
58,58,0.76,0.7477194593032545,log_and_continue,0.006279
59,59,0.76,0.7439808620067382,discard,0.006379
60,60,0.9433333333333334,0.7402609576967045,request_rescan,0.006476
61,61,0.9433333333333334,0.736559652908221,request_rescan,0.006569
62,62,0.76,0.7328768546436799,request_rescan,0.006665
63,63,0.9433333333333334,0.7292124703704616,discard,0.006761
64,64,0.9433333333333334,0.7255664080186093,discard,0.006862
65,65,0.76,0.7219385759785162,request_rescan,0.006965
66,66,0.9433333333333334,0.7183288830986236,discard,0.007065
67,67,0.76,0.7147372386831305,discard,0.007162
68,68,0.76,0.7111635524897149,discard,0.007266
69,69,0.9433333333333334,0.7076077347272662,request_rescan,0.007362
70,70,0.9433333333333334,0.7040696960536299,discard,0.007465
71,71,0.9433333333333334,0.7005493475733617,discard,0.007562
72,72,0.76,0.697046600835495,discard,0.007658
73,73,0.76,0.6935613678313175,discard,0.007759
74,74,0.76,0.6900935609921609,discard,0.007859
75,75,0.9433333333333334,0.6866430931872001,discard,0.007956
76,76,0.76,0.6832098777212641,log_and_continue,0.008058
77,77,0.76,0.6797938283326578,log_and_continue,0.008154
78,78,0.9433333333333334,0.6763948591909945,request_rescan,0.008258
79,79,0.9433333333333334,0.6730128848950395,request_rescan,0.008365
80,80,0.76,0.6696478204705644,discard,0.008462
81,81,0.9433333333333334,0.6662995813682115,discard,0.008561
82,82,0.9433333333333334,0.6629680834613705,request_rescan,0.008654
83,83,0.76,0.6596532430440636,discard,0.008748
84,84,0.9433333333333334,0.6563549768288433,request_rescan,0.008839
85,85,0.76,0.653073201944699,log_and_continue,0.008935
86,86,0.9433333333333334,0.6498078359349755,request_rescan,0.00903
87,87,0.9433333333333334,0.6465587967553006,discard,0.009133
88,88,0.9433333333333334,0.6433260027715241,discard,0.009231
89,89,0.9433333333333334,0.6401093727576664,discard,0.009336
90,90,0.9433333333333334,0.6369088258938781,discard,0.009432
91,91,0.76,0.6337242817644086,discard,0.009528
92,92,0.9433333333333334,0.6305556603555866,discard,0.009625
93,93,0.9433333333333334,0.6274028820538087,request_rescan,0.009721
94,94,0.6633333333333333,0.6242658676435396,log_and_continue,0.009822
95,95,0.9433333333333334,0.6211445383053219,discard,0.009923
96,96,0.76,0.6180388156137953,request_rescan,0.010022
97,97,0.76,0.6149486215357263,log_and_continue,0.01012
98,98,0.9433333333333334,0.6118738784280476,discard,0.010214
99,99,0.9433333333333334,0.6088145090359074,request_rescan,0.010333
100,100,0.6633333333333333,0.6057704364907278,log_and_continue,0.010436
101,101,0.9433333333333334,0.6027415843082742,discard,0.010575
102,102,0.9433333333333334,0.5997278763867329,discard,0.010677
103,103,0.76,0.5967292370047992,log_and_continue,0.010785
104,104,0.9433333333333334,0.5937455908197752,request_rescan,0.010893
105,105,0.9433333333333334,0.5907768628656763,discard,0.010994
106,106,0.6633333333333333,0.5878229785513479,log_and_continue,0.011095
107,107,0.9433333333333334,0.5848838636585911,discard,0.011195
108,108,0.9433333333333334,0.5819594443402982,discard,0.011297
109,109,0.9433333333333334,0.5790496471185967,request_rescan,0.011402
110,110,0.9433333333333334,0.5761543988830038,request_rescan,0.011502
111,111,0.9433333333333334,0.5732736268885887,request_rescan,0.011601
112,112,0.9433333333333334,0.5704072587541458,discard,0.011696
113,113,0.76,0.567555222460375,discard,0.01179
114,114,0.6633333333333333,0.5647174463480732,log_and_continue,0.011881
115,115,0.9433333333333334,0.5618938591163328,discard,0.011975
116,116,0.6633333333333333,0.5590843898207511,log_and_continue,0.012068
117,117,0.9433333333333334,0.5562889678716474,discard,0.012173
118,118,0.9433333333333334,0.5535075230322891,discard,0.012282
119,119,0.9433333333333334,0.5507399854171277,request_rescan,0.012381
120,120,0.9433333333333334,0.547986285490042,request_rescan,0.012476
121,121,0.76,0.5452463540625918,discard,0.012571
122,122,0.9433333333333334,0.5425201222922789,discard,0.012665
123,123,0.76,0.5398075216808175,log_and_continue,0.012759
124,124,0.9433333333333334,0.5371084840724134,discard,0.012857
125,125,0.76,0.5344229416520513,request_rescan,0.012958
126,126,0.9433333333333334,0.531750826943791,request_rescan,0.013053
127,127,0.76,0.5290920728090721,request_rescan,0.013147
128,128,0.9433333333333334,0.5264466124450268,discard,0.013248
129,129,0.9433333333333334,0.5238143793828016,discard,0.013346
130,130,0.9433333333333334,0.5211953074858876,discard,0.013442
131,131,0.9433333333333334,0.5185893309484582,discard,0.013537
132,132,0.6633333333333333,0.5159963842937159,log_and_continue,0.013637
133,133,0.9433333333333334,0.5134164023722473,request_rescan,0.013737
134,134,0.76,0.510849320360386,log_and_continue,0.013834
135,135,0.76,0.5082950737585841,request_rescan,0.013927
136,136,0.9433333333333334,0.5057535983897912,discard,0.014023
137,137,0.76,0.5032248303978422,discard,0.014123
138,138,0.76,0.500708706245853,request_rescan,0.014219
139,139,0.9433333333333334,0.4982051627146237,request_rescan,0.01432
140,140,0.6633333333333333,0.49571413690105054,log_and_continue,0.014419
141,141,0.9433333333333334,0.4932355662165453,discard,0.014511
142,142,0.6633333333333333,0.4907693883854626,log_and_continue,0.014609
143,143,0.9433333333333334,0.4883155414435353,discard,0.014715
144,144,0.9433333333333334,0.4858739637363176,discard,0.014816
145,145,0.76,0.483444593917636,discard,0.014916
146,146,0.9433333333333334,0.4810273709480478,discard,0.015016
147,147,0.9433333333333334,0.47862223409330756,discard,0.015113
148,148,0.9433333333333334,0.47622912292284103,request_rescan,0.015211
149,149,0.76,0.4738479773082268,discard,0.015326
150,150,0.76,0.47147873742168567,request_rescan,0.015433
151,151,0.9433333333333334,0.46912134373457726,discard,0.015536
152,152,0.76,0.46677573701590436,discard,0.015634
153,153,0.76,0.46444185833082485,request_rescan,0.015734
154,154,0.9433333333333334,0.46211964903917074,discard,0.015828
155,155,0.76,0.4598090507939749,log_and_continue,0.015928
156,156,0.9433333333333334,0.457510005540005,request_rescan,0.016034
157,157,0.6633333333333333,0.45522245551230495,log_and_continue,0.01614
158,158,0.9433333333333334,0.4529463432347434,discard,0.016245
159,159,0.9433333333333334,0.4506816115185697,discard,0.016356
160,160,0.9433333333333334,0.4484282034609769,request_rescan,0.016457
161,161,0.9433333333333334,0.446186062443672,request_rescan,0.016555
162,162,0.9433333333333334,0.4439551321314536,discard,0.016661
163,163,0.6633333333333333,0.4417353564707963,log_and_continue,0.016761
164,164,0.76,0.43952667968844233,log_and_continue,0.016863
165,165,0.6633333333333333,0.43732904629000013,log_and_continue,0.016965
166,166,0.9433333333333334,0.4351424010585501,discard,0.017066
167,167,0.9433333333333334,0.43296668905325736,discard,0.017171
168,168,0.76,0.43080185560799106,discard,0.017287
169,169,0.9433333333333334,0.4286478463299511,discard,0.017391
170,170,0.9433333333333334,0.42650460709830135,request_rescan,0.017494
171,171,0.9433333333333334,0.42437208406280985,discard,0.017594
172,172,0.9433333333333334,0.4222502236424958,discard,0.017691
173,173,0.76,0.42013897252428334,request_rescan,0.017789
174,174,0.76,0.4180382776616619,request_rescan,0.017889
175,175,0.9433333333333334,0.4159480862733536,discard,0.017989
176,176,0.9433333333333334,0.41386834584198684,discard,0.018086
177,177,0.9433333333333334,0.4117990041127769,request_rescan,0.018181
178,178,0.76,0.40974000909221303,discard,0.018277
179,179,0.9433333333333334,0.40769130904675194,request_rescan,0.018372
180,180,0.76,0.40565285250151817,request_rescan,0.018464
181,181,0.76,0.4036245882390106,log_and_continue,0.018566
182,182,0.9433333333333334,0.4016064652978155,discard,0.018674
183,183,0.9433333333333334,0.3995984329713264,request_rescan,0.018776
184,184,0.9433333333333334,0.3976004408064698,discard,0.018873
185,185,0.76,0.39561243860243744,request_rescan,0.018969
186,186,0.9433333333333334,0.3936343764094253,discard,0.019063
187,187,0.9433333333333334,0.39166620452737816,discard,0.019168
188,188,0.76,0.3897078735047413,request_rescan,0.01928
189,189,0.76,0.3877593341372176,log_and_continue,0.01938
190,190,0.76,0.3858205374665315,log_and_continue,0.019476
191,191,0.9433333333333334,0.38389143477919885,discard,0.019575
192,192,0.9433333333333334,0.3819719776053028,discard,0.019677
193,193,0.9433333333333334,0.3800621177172763,request_rescan,0.019782
194,194,0.76,0.37816180712868996,discard,0.019881
195,195,0.9433333333333334,0.37627099809304654,discard,0.019979
196,196,0.76,0.3743896431025813,discard,0.020073
197,197,0.9433333333333334,0.37251769488706843,discard,0.020172
198,198,0.76,0.3706551064126331,request_rescan,0.020281
199,199,0.9433333333333334,0.36880183088056995,discard,0.020396
200,200,0.9433333333333334,0.3669578217261671,discard,0.020504
201,201,0.9433333333333334,0.36512303261753626,request_rescan,0.020649
202,202,0.76,0.3632974174544486,discard,0.020758
203,203,0.9433333333333334,0.3614809303671764,discard,0.020858
204,204,0.76,0.3596735257153405,log_and_continue,0.020957
205,205,0.9433333333333334,0.3578751580867638,discard,0.021056
206,206,0.76,0.35608578229633,log_and_continue,0.021155
207,207,0.76,0.3543053533848483,discard,0.021263
208,208,0.9433333333333334,0.35253382661792404,discard,0.021371
209,209,0.9433333333333334,0.3507711574848344,request_rescan,0.021477
210,210,0.9433333333333334,0.34901730169741024,discard,0.021575
211,211,0.9433333333333334,0.3472722151889232,discard,0.021672
212,212,0.76,0.3455358541129786,log_and_continue,0.021776
213,213,0.76,0.3438081748424137,log_and_continue,0.021872
214,214,0.6633333333333333,0.3420891339682016,log_and_continue,0.021965
215,215,0.76,0.3403786882983606,log_and_continue,0.022062
216,216,0.6633333333333333,0.3386767948568688,log_and_continue,0.02216
217,217,0.9433333333333334,0.33698341088258443,discard,0.022261
218,218,0.9433333333333334,0.3352984938281715,discard,0.022357
219,219,0.9433333333333334,0.33362200135903064,discard,0.022456
220,220,0.76,0.33195389135223546,request_rescan,0.022551
221,221,0.9433333333333334,0.3302941218954743,request_rescan,0.022655
222,222,0.9433333333333334,0.32864265128599696,request_rescan,0.022756
223,223,0.76,0.326999438029567,log_and_continue,0.022852
224,224,0.76,0.3253644408394192,discard,0.022945
225,225,0.76,0.3237376186352221,discard,0.023039
226,226,0.9433333333333334,0.322118930542046,request_rescan,0.023132
227,227,0.9433333333333334,0.32050833588933575,discard,0.023225
228,228,0.9433333333333334,0.31890579420988907,discard,0.023325
229,229,0.9433333333333334,0.3173112652388396,request_rescan,0.023424
230,230,0.76,0.3157247089126454,discard,0.02352
231,231,0.9433333333333334,0.3141460853680822,request_rescan,0.023615
232,232,0.9433333333333334,0.3125753549412418,request_rescan,0.02371
233,233,0.6633333333333333,0.31101247816653554,log_and_continue,0.023807
234,234,0.9433333333333334,0.30945741577570285,request_rescan,0.023908
235,235,0.9433333333333334,0.3079101286968243,request_rescan,0.024006
236,236,0.9433333333333334,0.3063705780533402,discard,0.024108
237,237,0.9433333333333334,0.30483872516307353,request_rescan,0.024205
238,238,0.76,0.3033145315372582,log_and_continue,0.024304
239,239,0.9433333333333334,0.3017979588795719,discard,0.024398
240,240,0.76,0.30028896908517405,log_and_continue,0.024494
241,241,0.9433333333333334,0.2987875242397482,discard,0.024597
242,242,0.9433333333333334,0.29729358661854943,discard,0.024696
243,243,0.9433333333333334,0.29580711868545667,request_rescan,0.024794
244,244,0.76,0.2943280830920294,log_and_continue,0.024892
245,245,0.9433333333333334,0.29285644267656924,request_rescan,0.024988
246,246,0.76,0.2913921604631864,log_and_continue,0.025085
247,247,0.76,0.28993519966087045,log_and_continue,0.025185
248,248,0.9433333333333334,0.2884855236625661,request_rescan,0.02545
249,249,0.9433333333333334,0.28704309604425327,discard,0.025617
250,250,0.76,0.285607880564032,log_and_continue,0.025742
251,251,0.9433333333333334,0.28417984116121187,request_rescan,0.025863
252,252,0.76,0.2827589419554058,log_and_continue,0.025981
253,253,0.9433333333333334,0.28134514724562876,discard,0.026103
254,254,0.9433333333333334,0.2799384215094006,request_rescan,0.026217
255,255,0.9433333333333334,0.27853872940185365,discard,0.02638
256,256,0.6633333333333333,0.27714603575484437,log_and_continue,0.026502
257,257,0.9433333333333334,0.2757603055760701,discard,0.026609
258,258,0.9433333333333334,0.2743815040481898,request_rescan,0.026714
259,259,0.9433333333333334,0.2730095965279488,discard,0.026818
260,260,0.9433333333333334,0.27164454854530906,request_rescan,0.026933
261,261,0.9433333333333334,0.2702863258025825,request_rescan,0.027043
262,262,0.6633333333333333,0.2689348941735696,log_and_continue,0.027145
263,263,0.9433333333333334,0.26759021970270175,request_rescan,0.027252
264,264,0.76,0.2662522686041882,log_and_continue,0.027354
265,265,0.76,0.2649210072611673,log_and_continue,0.027462
266,266,0.9433333333333334,0.26359640222486147,discard,0.027567
267,267,0.9433333333333334,0.26227842021373715,request_rescan,0.02767
268,268,0.9433333333333334,0.2609670281126685,discard,0.027772
269,269,0.9433333333333334,0.25966219297210513,discard,0.027873
270,270,0.6633333333333333,0.2583638820072446,log_and_continue,0.027982
271,271,0.9433333333333334,0.2570720625972084,discard,0.02809
272,272,0.76,0.25578670228422234,log_and_continue,0.028196
273,273,0.9433333333333334,0.25450776877280124,request_rescan,0.028302
274,274,0.9433333333333334,0.2532352299289372,discard,0.0284
275,275,0.9433333333333334,0.2519690537792925,discard,0.028501
276,276,0.9433333333333334,0.2507092085103961,discard,0.0286
277,277,0.76,0.2494556624678441,log_and_continue,0.028707
278,278,0.9433333333333334,0.24820838415550486,discard,0.028811
279,279,0.9433333333333334,0.24696734223472733,discard,0.02891
280,280,0.9433333333333334,0.2457325055235537,discard,0.029011
281,281,0.76,0.24450384299593592,log_and_continue,0.02911
282,282,0.76,0.24328132378095624,log_and_continue,0.029213
283,283,0.76,0.24206491716205145,log_and_continue,0.029328
284,284,0.76,0.2408545925762412,log_and_continue,0.029429
285,285,0.76,0.23965031961336,request_rescan,0.029526
286,286,0.9433333333333334,0.2384520680152932,request_rescan,0.029627
287,287,0.9433333333333334,0.23725980767521673,discard,0.029731
288,288,0.9433333333333334,0.23607350863684065,discard,0.029832
289,289,0.76,0.23489314109365644,log_and_continue,0.029936
290,290,0.9433333333333334,0.23371867538818816,discard,0.030038
291,291,0.76,0.23255008201124722,log_and_continue,0.030146
292,292,0.9433333333333334,0.231387331601191,discard,0.030253
293,293,0.76,0.23023039494318503,log_and_continue,0.030369
294,294,0.6633333333333333,0.2290792429684691,log_and_continue,0.030479
295,295,0.9433333333333334,0.22793384675362674,request_rescan,0.030581
296,296,0.9433333333333334,0.22679417751985861,request_rescan,0.030686
297,297,0.76,0.22566020663225933,log_and_continue,0.030786
298,298,0.9433333333333334,0.22453190559909803,request_rescan,0.030885
299,299,0.9433333333333334,0.22340924607110255,discard,0.031005
300,300,0.9433333333333334,0.22229219984074702,request_rescan,0.031111
301,301,0.9433333333333334,0.2211807388415433,discard,0.031252
302,302,0.9433333333333334,0.22007483514733558,discard,0.031354
303,303,0.76,0.2189744609715989,log_and_continue,0.031455
304,304,0.9433333333333334,0.2178795886667409,request_rescan,0.031557
305,305,0.76,0.2167901907234072,log_and_continue,0.031661
306,306,0.76,0.21570623976979014,log_and_continue,0.031763
307,307,0.76,0.21462770857094118,log_and_continue,0.031862
308,308,0.76,0.21355457002808648,request_rescan,0.031958
309,309,0.9433333333333334,0.21248679717794605,discard,0.032061
310,310,0.9433333333333334,0.21142436319205632,request_rescan,0.032158
311,311,0.76,0.21036724137609603,log_and_continue,0.032256
312,312,0.9433333333333334,0.20931540516921554,discard,0.032355
313,313,0.76,0.20826882814336947,log_and_continue,0.032455
314,314,0.9433333333333334,0.20722748400265262,discard,0.032555
315,315,0.9433333333333334,0.20619134658263935,discard,0.032654
316,316,0.9433333333333334,0.20516038984972615,discard,0.03275
317,317,0.9433333333333334,0.2041345879004775,request_rescan,0.032878
318,318,0.9433333333333334,0.2031139149609751,discard,0.032984
319,319,0.76,0.20209834538617025,discard,0.033087
320,320,0.9433333333333334,0.2010878536592394,discard,0.033191
321,321,0.76,0.2000824143909432,log_and_continue,0.033295
322,322,0.76,0.19908200231898848,log_and_continue,0.033393
323,323,0.9433333333333334,0.19808659230739353,request_rescan,0.033492
324,324,0.76,0.19709615934585656,log_and_continue,0.033594
325,325,0.9433333333333334,0.19611067854912728,request_rescan,0.033694
326,326,0.76,0.19513012515638165,log_and_continue,0.033793
327,327,0.9433333333333334,0.19415447453059972,discard,0.033896
328,328,0.9433333333333334,0.19318370215794672,request_rescan,0.034004
329,329,0.76,0.192217783647157,log_and_continue,0.034127
330,330,0.9433333333333334,0.1912566947289212,discard,0.034249
331,331,0.9433333333333334,0.1903004112552766,request_rescan,0.034364
332,332,0.9433333333333334,0.18934890919900021,discard,0.034463
333,333,0.9433333333333334,0.18840216465300522,request_rescan,0.034559
334,334,0.76,0.18746015382974018,request_rescan,0.034656
335,335,0.76,0.1865228530605915,log_and_continue,0.034758
336,336,0.9433333333333334,0.18559023879528855,discard,0.034854
337,337,0.76,0.1846622876013121,log_and_continue,0.034953
338,338,0.9433333333333334,0.18373897616330553,discard,0.035053
339,339,0.76,0.182820281282489,discard,0.035153
340,340,0.9433333333333334,0.18190617987607657,discard,0.035256
341,341,0.9433333333333334,0.18099664897669618,request_rescan,0.035358
342,342,0.9433333333333334,0.1800916657318127,request_rescan,0.035462
343,343,0.9433333333333334,0.17919120740315364,discard,0.035563
344,344,0.9433333333333334,0.17829525136613786,discard,0.035664
345,345,0.9433333333333334,0.17740377510930716,request_rescan,0.035761
346,346,0.76,0.17651675623376062,log_and_continue,0.035859
347,347,0.76,0.1756341724525918,log_and_continue,0.035957
348,348,0.9433333333333334,0.17475600159032884,discard,0.036058
349,349,0.76,0.17388222158237718,discard,0.036158
350,350,0.76,0.1730128104744653,log_and_continue,0.036261
351,351,0.9433333333333334,0.17214774642209296,discard,0.036394
352,352,0.76,0.1712870076899825,log_and_continue,0.036527
353,353,0.76,0.17043057265153258,log_and_continue,0.036628
354,354,0.9433333333333334,0.16957841978827493,discard,0.036733
355,355,0.9433333333333334,0.16873052768933355,discard,0.036836
356,356,0.9433333333333334,0.1678868750508869,discard,0.036933
357,357,0.9433333333333334,0.16704744067563246,discard,0.037025
358,358,0.9433333333333334,0.1662122034722543,discard,0.037129
359,359,0.9433333333333334,0.16538114245489302,request_rescan,0.037224
360,360,0.9433333333333334,0.16455423674261854,discard,0.037327
361,361,0.9433333333333334,0.16373146555890544,request_rescan,0.037425
362,362,0.76,0.16291280823111093,log_and_continue,0.037524
363,363,0.76,0.16209824418995536,discard,0.037622
364,364,0.76,0.16128775296900558,request_rescan,0.037728
365,365,0.9433333333333334,0.16048131420416054,request_rescan,0.037832
366,366,0.9433333333333334,0.15967890763313974,discard,0.037925
367,367,0.6633333333333333,0.15888051309497406,log_and_continue,0.038023
368,368,0.76,0.1580861105294992,log_and_continue,0.038118
369,369,0.9433333333333334,0.1572956799768517,discard,0.038211
370,370,0.76,0.15650920157696743,log_and_continue,0.038305
371,371,0.76,0.1557266555690826,log_and_continue,0.038401
372,372,0.76,0.1549480222912372,log_and_continue,0.038499
373,373,0.9433333333333334,0.15417328217978102,request_rescan,0.038599
374,374,0.76,0.1534024157688821,log_and_continue,0.038691
375,375,0.9433333333333334,0.1526354036900377,discard,0.038784
376,376,0.76,0.1518722266715875,log_and_continue,0.03888
377,377,0.9433333333333334,0.15111286553822956,discard,0.038979
378,378,0.76,0.15035730121053842,log_and_continue,0.039071
379,379,0.9433333333333334,0.14960551470448571,discard,0.039171
380,380,0.9433333333333334,0.14885748713096328,discard,0.039278
381,381,0.9433333333333334,0.14811319969530845,discard,0.039378
382,382,0.9433333333333334,0.1473726336968319,request_rescan,0.039474
383,383,0.9433333333333334,0.14663577052834775,request_rescan,0.039569
384,384,0.9433333333333334,0.14590259167570602,discard,0.039661
385,385,0.6633333333333333,0.1451730787173275,log_and_continue,0.039752
386,386,0.9433333333333334,0.14444721332374086,discard,0.039847
387,387,0.9433333333333334,0.14372497725712216,discard,0.039942
388,388,0.9433333333333334,0.14300635237083656,discard,0.040036
389,389,0.9433333333333334,0.14229132060898236,request_rescan,0.040128
390,390,0.9433333333333334,0.14157986400593744,discard,0.04022
391,391,0.9433333333333334,0.14087196468590776,discard,0.040317
392,392,0.9433333333333334,0.14016760486247823,discard,0.040413
393,393,0.76,0.13946676683816583,log_and_continue,0.040508
394,394,0.9433333333333334,0.138769433003975,discard,0.040606
395,395,0.76,0.13807558583895513,discard,0.040701
396,396,0.9433333333333334,0.13738520790976036,discard,0.040794
397,397,0.9433333333333334,0.13669828187021155,discard,0.040884
398,398,0.9433333333333334,0.13601479046086049,request_rescan,0.040977
399,399,0.9433333333333334,0.1353347165085562,request_rescan,0.041071
400,400,0.9433333333333334,0.1346580429260134,discard,0.041166
401,401,0.9433333333333334,0.13398475271138335,request_rescan,0.041315
402,402,0.9433333333333334,0.13331482894782642,request_rescan,0.041414
403,403,0.9433333333333334,0.13264825480308728,discard,0.041511
404,404,0.76,0.13198501352907185,log_and_continue,0.041604
405,405,0.9433333333333334,0.1313250884614265,discard,0.041707
406,406,0.9433333333333334,0.13066846301911936,discard,0.041828
407,407,0.9433333333333334,0.13001512070402377,discard,0.041938
408,408,0.9433333333333334,0.12936504510050365,request_rescan,0.042031
409,409,0.9433333333333334,0.12871821987500112,discard,0.042125
410,410,0.9433333333333334,0.12807462877562611,discard,0.042217
411,411,0.9433333333333334,0.12743425563174798,request_rescan,0.042318
412,412,0.76,0.12679708435358925,log_and_continue,0.042415
413,413,0.9433333333333334,0.1261630989318213,request_rescan,0.042516
414,414,0.9433333333333334,0.1255322834371622,request_rescan,0.042606
415,415,0.9433333333333334,0.12490462201997637,request_rescan,0.042701
416,416,0.9433333333333334,0.1242800989098765,request_rescan,0.042794
417,417,0.76,0.12365869841532712,log_and_continue,0.042885
418,418,0.76,0.12304040492325048,log_and_continue,0.042979
419,419,0.9433333333333334,0.12242520289863423,discard,0.043114
420,420,0.9433333333333334,0.12181307688414106,request_rescan,0.043226
421,421,0.9433333333333334,0.12120401149972035,request_rescan,0.043335
422,422,0.9433333333333334,0.12059799144222175,discard,0.043429
423,423,0.9433333333333334,0.11999500148501063,request_rescan,0.043521
424,424,0.9433333333333334,0.11939502647758558,discard,0.043615
425,425,0.76,0.11879805134519765,log_and_continue,0.043707
426,426,0.9433333333333334,0.11820406108847166,request_rescan,0.043805
427,427,0.9433333333333334,0.1176130407830293,discard,0.043897
428,428,0.9433333333333334,0.11702497557911415,discard,0.043991
429,429,0.9433333333333334,0.11643985070121858,discard,0.044085
430,430,0.76,0.11585765144771248,request_rescan,0.044179
431,431,0.9433333333333334,0.11527836319047392,request_rescan,0.044275
432,432,0.9433333333333334,0.11470197137452155,request_rescan,0.044375
433,433,0.9433333333333334,0.11412846151764894,discard,0.04447
434,434,0.9433333333333334,0.1135578192100607,discard,0.044558
435,435,0.76,0.11299003011401039,discard,0.044649
436,436,0.9433333333333334,0.11242507996344034,discard,0.044746
437,437,0.9433333333333334,0.11186295456362313,request_rescan,0.044839
438,438,0.9433333333333334,0.11130363979080501,discard,0.044934
439,439,0.76,0.11074712159185099,discard,0.045028
440,440,0.9433333333333334,0.11019338598389174,request_rescan,0.045128
441,441,0.9433333333333334,0.10964241905397228,discard,0.045229
442,442,0.76,0.10909420695870241,log_and_continue,0.045329
443,443,0.9433333333333334,0.1085487359239089,discard,0.045427
444,444,0.9433333333333334,0.10800599224428936,discard,0.045521
445,445,0.9433333333333334,0.10746596228306791,request_rescan,0.045617
446,446,0.9433333333333334,0.10692863247165257,discard,0.045713
447,447,0.9433333333333334,0.1063939893092943,discard,0.045813
448,448,0.9433333333333334,0.10586201936274783,request_rescan,0.045912
449,449,0.76,0.10533270926593409,log_and_continue,0.04601
450,450,0.9433333333333334,0.10480604571960442,discard,0.046107
451,451,0.9433333333333334,0.1042820154910064,discard,0.046201
452,452,0.9433333333333334,0.10376060541355137,discard,0.046305
453,453,0.9433333333333334,0.1032418023864836,discard,0.046404
454,454,0.9433333333333334,0.10272559337455119,request_rescan,0.046505
455,455,0.9433333333333334,0.10221196540767843,request_rescan,0.046604
456,456,0.76,0.10170090558064004,log_and_continue,0.046702
457,457,0.9433333333333334,0.10119240105273684,discard,0.04681
458,458,0.9433333333333334,0.10068643904747315,discard,0.046911
459,459,0.9433333333333334,0.10018300685223579,discard,0.047007
460,460,0.9433333333333334,0.0996820918179746,request_rescan,0.047106
461,461,0.76,0.09918368135888474,log_and_continue,0.047211
462,462,0.9433333333333334,0.09868776295209031,discard,0.047317
463,463,0.9433333333333334,0.09819432413732986,discard,0.047413
464,464,0.76,0.09770335251664321,log_and_continue,0.047514
465,465,0.9433333333333334,0.09721483575406,discard,0.047608
466,466,0.9433333333333334,0.09672876157528969,discard,0.047706
467,467,0.9433333333333334,0.09624511776741324,discard,0.047802
468,468,0.9433333333333334,0.09576389217857617,discard,0.047895
469,469,0.9433333333333334,0.09528507271768329,discard,0.047992
470,470,0.9433333333333334,0.09480864735409487,request_rescan,0.048086
471,471,0.9433333333333334,0.0943346041173244,request_rescan,0.048178
472,472,0.76,0.09386293109673778,log_and_continue,0.048282
473,473,0.9433333333333334,0.09339361644125409,discard,0.048397
474,474,0.9433333333333334,0.09292664835904782,discard,0.048529
475,475,0.9433333333333334,0.09246201511725258,discard,0.048631
476,476,0.76,0.09199970504166631,log_and_continue,0.048728
477,477,0.9433333333333334,0.09153970651645797,discard,0.048821
478,478,0.76,0.09108200798387568,log_and_continue,0.048915
479,479,0.9433333333333334,0.0906265979439563,request_rescan,0.049016
480,480,0.9433333333333334,0.09017346495423652,discard,0.049115
481,481,0.76,0.08972259762946533,log_and_continue,0.04921
482,482,0.76,0.089273984641318,log_and_continue,0.049313
483,483,0.9433333333333334,0.0888276147181114,request_rescan,0.049411
484,484,0.9433333333333334,0.08838347664452084,discard,0.049509
485,485,0.76,0.08794155926129824,log_and_continue,0.049604
486,486,0.9433333333333334,0.08750185146499175,discard,0.049702
487,487,0.76,0.08706434220766679,log_and_continue,0.049801
488,488,0.9433333333333334,0.08662902049662846,discard,0.049901
489,489,0.9433333333333334,0.08619587539414532,request_rescan,0.050003
490,490,0.76,0.08576489601717459,log_and_continue,0.050101
491,491,0.9433333333333334,0.08533607153708872,request_rescan,0.050198
492,492,0.76,0.08490939117940327,log_and_continue,0.050301
493,493,0.9433333333333334,0.08448484422350626,discard,0.050404
494,494,0.9433333333333334,0.08406242000238873,discard,0.050504
495,495,0.9433333333333334,0.08364210790237678,request_rescan,0.050601
496,496,0.9433333333333334,0.0832238973628649,request_rescan,0.050695
497,497,0.9433333333333334,0.08280777787605056,request_rescan,0.050789
498,498,0.76,0.08239373898667031,log_and_continue,0.050885
499,499,0.9433333333333334,0.08198177029173696,discard,0.050979
500,500,0.9433333333333334,0.08157186144027828,request_rescan,0.051077
501,501,0.9433333333333334,0.0811640021330769,discard,0.051233
502,502,0.9433333333333334,0.08075818212241151,request_rescan,0.051338
503,503,0.76,0.08035439121179945,log_and_continue,0.051437
504,504,0.76,0.07995261925574046,request_rescan,0.051538
505,505,0.76,0.07955285615946175,log_and_continue,0.051639
506,506,0.9433333333333334,0.07915509187866444,discard,0.05174
507,507,0.76,0.07875931641927113,log_and_continue,0.051836
508,508,0.9433333333333334,0.07836551983717477,discard,0.051933
509,509,0.76,0.07797369223798889,log_and_continue,0.052028
510,510,0.9433333333333334,0.07758382377679894,discard,0.052126
511,511,0.6633333333333333,0.07719590465791494,log_and_continue,0.052223
512,512,0.76,0.07680992513462537,log_and_continue,0.052328
513,513,0.9433333333333334,0.07642587550895225,discard,0.052425
514,514,0.76,0.07604374613140748,log_and_continue,0.052519
515,515,0.76,0.07566352740075044,log_and_continue,0.052613
516,516,0.76,0.07528520976374668,discard,0.052708
517,517,0.9433333333333334,0.07490878371492794,discard,0.052803
518,518,0.9433333333333334,0.0745342397963533,discard,0.052902
519,519,0.76,0.07416156859737154,log_and_continue,0.053002
520,520,0.9433333333333334,0.07379076075438468,discard,0.053098
521,521,0.76,0.07342180695061275,log_and_continue,0.053196
522,522,0.76,0.07305469791585968,log_and_continue,0.0533
523,523,0.9433333333333334,0.07268942442628039,discard,0.053398
524,524,0.9433333333333334,0.07232597730414898,discard,0.053496
525,525,0.9433333333333334,0.07196434741762824,discard,0.053595
526,526,0.9433333333333334,0.0716045256805401,discard,0.05369
527,527,0.76,0.0712465030521374,log_and_continue,0.053786
528,528,0.76,0.0708902705368767,log_and_continue,0.053879
529,529,0.76,0.07053581918419231,log_and_continue,0.053971
530,530,0.9433333333333334,0.07018314008827135,request_rescan,0.054065
531,531,0.9433333333333334,0.06983222438783,discard,0.054158
532,532,0.9433333333333334,0.06948306326589085,discard,0.054263
533,533,0.9433333333333334,0.0691356479495614,request_rescan,0.054367
534,534,0.9433333333333334,0.06878996970981359,request_rescan,0.054466
535,535,0.9433333333333334,0.06844601986126451,discard,0.054562
536,536,0.9433333333333334,0.06810378976195819,discard,0.054655
537,537,0.9433333333333334,0.0677632708131484,discard,0.054748
538,538,0.76,0.06742445445908266,log_and_continue,0.054842
539,539,0.76,0.06708733218678724,log_and_continue,0.054937
540,540,0.9433333333333334,0.0667518955258533,request_rescan,0.055036
541,541,0.76,0.06641813604822402,log_and_continue,0.055131
542,542,0.9433333333333334,0.0660860453679829,discard,0.055225
543,543,0.9433333333333334,0.06575561514114299,discard,0.055329
544,544,0.9433333333333334,0.06542683706543727,discard,0.055428
545,545,0.9433333333333334,0.06509970288011008,discard,0.055519
546,546,0.76,0.06477420436570952,log_and_continue,0.055612
547,547,0.9433333333333334,0.06445033334388098,discard,0.055704
548,548,0.9433333333333334,0.06412808167716157,discard,0.055802
549,549,0.9433333333333334,0.06380744126877576,discard,0.055896
550,550,0.76,0.06348840406243188,log_and_continue,0.055991
551,551,0.9433333333333334,0.06317096204211972,discard,0.056083
552,552,0.76,0.06285510723190912,log_and_continue,0.056175
553,553,0.9433333333333334,0.06254083169574957,request_rescan,0.056271
554,554,0.9433333333333334,0.062228127537270826,request_rescan,0.056373
555,555,0.9433333333333334,0.06191698689958447,request_rescan,0.056483
556,556,0.9433333333333334,0.061607401965086545,discard,0.056619
557,557,0.9433333333333334,0.06129936495526111,discard,0.056719
558,558,0.9433333333333334,0.0609928681304848,discard,0.056824
559,559,0.9433333333333334,0.060687903789832374,discard,0.056978
560,560,0.9433333333333334,0.06038446427088321,request_rescan,0.057115
561,561,0.9433333333333334,0.06008254194952879,discard,0.057265
562,562,0.76,0.05978212923978115,log_and_continue,0.057367
563,563,0.9433333333333334,0.05948321859358224,discard,0.057464
564,564,0.76,0.05918580250061433,request_rescan,0.057563
565,565,0.76,0.058889873488111255,log_and_continue,0.057663
566,566,0.76,0.058595424120670696,log_and_continue,0.05776
567,567,0.76,0.05830244700006734,log_and_continue,0.057855
568,568,0.9433333333333334,0.058010934765067,request_rescan,0.057956
569,569,0.9433333333333334,0.05772088009124167,request_rescan,0.058056
570,570,0.9433333333333334,0.05743227569078546,request_rescan,0.058149
571,571,0.76,0.05714511431233153,log_and_continue,0.058253
572,572,0.9433333333333334,0.05685938874076987,discard,0.058362
573,573,0.76,0.056575091797066025,log_and_continue,0.05846
574,574,0.9433333333333334,0.056292216338080694,discard,0.058558
575,575,0.9433333333333334,0.05601075525639029,discard,0.058654
576,576,0.9433333333333334,0.05573070148010834,discard,0.058747
577,577,0.76,0.0554520479727078,log_and_continue,0.058846
578,578,0.76,0.05517478773284426,log_and_continue,0.05894
579,579,0.76,0.05489891379418004,log_and_continue,0.059033
580,580,0.9433333333333334,0.05462441922520914,discard,0.059126
581,581,0.9433333333333334,0.0543512971290831,discard,0.059228
582,582,0.76,0.05407954064343768,log_and_continue,0.059336
583,583,0.9433333333333334,0.05380914294022049,request_rescan,0.059437
584,584,0.9433333333333334,0.05354009722551939,request_rescan,0.059535
585,585,0.9433333333333334,0.05327239673939179,discard,0.059634
586,586,0.9433333333333334,0.053006034755694834,discard,0.059727
587,587,0.76,0.052741004581916356,log_and_continue,0.05982
588,588,0.9433333333333334,0.052477299559006776,discard,0.059913
589,589,0.9433333333333334,0.052214913061211746,request_rescan,0.060005
590,590,0.9433333333333334,0.05195383849590569,request_rescan,0.060095
591,591,0.9433333333333334,0.05169406930342616,request_rescan,0.060186
592,592,0.76,0.05143559895690903,log_and_continue,0.060285
593,593,0.76,0.051178420962124486,log_and_continue,0.060381
594,594,0.76,0.05092252885731386,log_and_continue,0.060478
595,595,0.9433333333333334,0.05066791621302729,discard,0.060575
596,596,0.9433333333333334,0.05041457663196215,discard,0.060673
597,597,0.9433333333333334,0.050162503748802344,discard,0.060769
598,598,0.9433333333333334,0.049911691230058335,discard,0.060862
599,599,0.9433333333333334,0.04966213277390804,discard,0.060952
600,600,0.76,0.0494138221100385,log_and_continue,0.061045
601,601,0.9433333333333334,0.04916675299948831,request_rescan,0.06121
602,602,0.9433333333333334,0.04892091923449087,discard,0.061348
603,603,0.9433333333333334,0.04867631463831842,discard,0.06145
604,604,0.9433333333333334,0.048432933065126825,discard,0.061549
605,605,0.9433333333333334,0.048190768399801194,request_rescan,0.061645
606,606,0.76,0.04794981455780219,log_and_continue,0.061739
607,607,0.9433333333333334,0.04771006548501318,discard,0.061837
608,608,0.9433333333333334,0.047471515157588115,request_rescan,0.061936
609,609,0.9433333333333334,0.047234157581800176,discard,0.062037
610,610,0.9433333333333334,0.046997986793891174,discard,0.062136
611,611,0.9433333333333334,0.04676299685992172,discard,0.062232
612,612,0.9433333333333334,0.04652918187562211,request_rescan,0.062331
613,613,0.9433333333333334,0.046296535966244,request_rescan,0.062432
614,614,0.9433333333333334,0.046065053286412784,discard,0.062532
615,615,0.9433333333333334,0.04583472801998072,discard,0.062626
616,616,0.9433333333333334,0.045605554379880814,discard,0.062722
617,617,0.9433333333333334,0.04537752660798141,discard,0.062816
618,618,0.9433333333333334,0.0451506389749415,discard,0.062907
619,619,0.9433333333333334,0.044924885780066794,request_rescan,0.063003
620,620,0.76,0.04470026135116646,log_and_continue,0.063097
621,621,0.9433333333333334,0.04447676004441063,discard,0.063193
622,622,0.9433333333333334,0.04425437624418858,request_rescan,0.063293
623,623,0.9433333333333334,0.04403310436296763,discard,0.063394
624,624,0.9433333333333334,0.043812938841152796,discard,0.063495
625,625,0.76,0.04359387414694703,log_and_continue,0.063592
626,626,0.76,0.043375904776212296,log_and_continue,0.063686
627,627,0.9433333333333334,0.043159025252331236,discard,0.06379
628,628,0.9433333333333334,0.04294323012606958,discard,0.063892
629,629,0.9433333333333334,0.04272851397543923,discard,0.063998
630,630,0.76,0.04251487140556204,log_and_continue,0.064145
631,631,0.9433333333333334,0.04230229704853423,discard,0.06427
632,632,0.9433333333333334,0.04209078556329156,request_rescan,0.064384
633,633,0.9433333333333334,0.0418803316354751,discard,0.064484
634,634,0.9433333333333334,0.041670929977297724,discard,0.064587
635,635,0.9433333333333334,0.04146257532741124,discard,0.064682
636,636,0.9433333333333334,0.04125526245077418,discard,0.064774
637,637,0.9433333333333334,0.04104898613852031,discard,0.06487
638,638,0.76,0.04084374120782771,log_and_continue,0.064969
639,639,0.9433333333333334,0.04063952250178857,discard,0.065064
640,640,0.9433333333333334,0.04043632488927963,request_rescan,0.065158
641,641,0.9433333333333334,0.04023414326483323,request_rescan,0.065252
642,642,0.9433333333333334,0.040032972548509065,request_rescan,0.065347
643,643,0.76,0.03983280768576652,log_and_continue,0.065443
644,644,0.9433333333333334,0.03963364364733769,request_rescan,0.065538
645,645,0.9433333333333334,0.039435475429100995,request_rescan,0.065633
646,646,0.9433333333333334,0.03923829805195549,discard,0.065731
647,647,0.9433333333333334,0.03904210656169572,discard,0.065826
648,648,0.9433333333333334,0.03884689602888724,discard,0.065923
649,649,0.76,0.0386526615487428,log_and_continue,0.066019
650,650,0.9433333333333334,0.03845939824099909,request_rescan,0.066126
651,651,0.9433333333333334,0.03826710124979409,request_rescan,0.066229
652,652,0.9433333333333334,0.038075765743545126,request_rescan,0.066327
653,653,0.9433333333333334,0.0378853869148274,discard,0.066425
654,654,0.9433333333333334,0.03769595998025326,discard,0.066524
655,655,0.9433333333333334,0.03750748018035199,request_rescan,0.06662
656,656,0.9433333333333334,0.037319942779450235,discard,0.066721
657,657,0.9433333333333334,0.037133343065552986,request_rescan,0.066829
658,658,0.9433333333333334,0.03694767635022522,discard,0.066927
659,659,0.9433333333333334,0.036762937968474095,request_rescan,0.067021
660,660,0.9433333333333334,0.03657912327863173,discard,0.067121
661,661,0.9433333333333334,0.036396227662238566,request_rescan,0.067215
662,662,0.9433333333333334,0.03621424652392737,request_rescan,0.067311
663,663,0.9433333333333334,0.036033175291307735,request_rescan,0.067405
664,664,0.6633333333333333,0.03585300941485119,log_and_continue,0.067507
665,665,0.76,0.035673744367776934,log_and_continue,0.067613
666,666,0.9433333333333334,0.03549537564593805,discard,0.067714
667,667,0.6633333333333333,0.035317898767708356,log_and_continue,0.067811
668,668,0.9433333333333334,0.03514130927386981,discard,0.067907
669,669,0.9433333333333334,0.03496560272750046,discard,0.068005
670,670,0.9433333333333334,0.03479077471386296,request_rescan,0.068102
671,671,0.9433333333333334,0.03461682084029365,discard,0.068199
672,672,0.9433333333333334,0.034443736736092176,request_rescan,0.068306
673,673,0.9433333333333334,0.034271518052411715,request_rescan,0.068406
674,674,0.76,0.034100160462149656,log_and_continue,0.068507
675,675,0.9433333333333334,0.03392965965983891,request_rescan,0.068603
676,676,0.9433333333333334,0.033760011361539714,discard,0.068701
677,677,0.9433333333333334,0.03359121130473201,discard,0.068799
678,678,0.9433333333333334,0.033423255248208356,discard,0.068895
679,679,0.76,0.03325613897196732,log_and_continue,0.068992
680,680,0.76,0.03308985827710748,log_and_continue,0.06909
681,681,0.9433333333333334,0.032924408985721944,request_rescan,0.069187
682,682,0.9433333333333334,0.03275978694079333,discard,0.069283
683,683,0.9433333333333334,0.032595988006089364,discard,0.069378
684,684,0.9433333333333334,0.032433008066058915,discard,0.069474
685,685,0.9433333333333334,0.03227084302572862,discard,0.069573
686,686,0.76,0.032109488810599975,log_and_continue,0.069674
687,687,0.9433333333333334,0.031948941366546975,discard,0.069774
688,688,0.9433333333333334,0.03178919665971424,discard,0.069876
689,689,0.76,0.03163025067641567,log_and_continue,0.069975
690,690,0.9433333333333334,0.03147209942303359,discard,0.070072
691,691,0.9433333333333334,0.03131473892591842,discard,0.070172
692,692,0.9433333333333334,0.031158165231288826,discard,0.070286
693,693,0.76,0.03100237440513238,log_and_continue,0.070382
694,694,0.9433333333333334,0.030847362533106718,discard,0.070478
695,695,0.76,0.030693125720441184,log_and_continue,0.070576
696,696,0.9433333333333334,0.030539660091838977,discard,0.070673
697,697,0.9433333333333334,0.03038696179137978,discard,0.070768
698,698,0.9433333333333334,0.030235026982422884,request_rescan,0.070865
699,699,0.76,0.030083851847510768,log_and_continue,0.070961
700,700,0.9433333333333334,0.029933432588273214,request_rescan,0.071056
701,701,0.9433333333333334,0.029783765425331846,request_rescan,0.071189
702,702,0.9433333333333334,0.029634846598205186,discard,0.071292
703,703,0.9433333333333334,0.02948667236521416,discard,0.071391
704,704,0.9433333333333334,0.029339239003388088,discard,0.071487
705,705,0.9433333333333334,0.029192542808371146,discard,0.071583
706,706,0.76,0.02904658009432929,log_and_continue,0.071678
707,707,0.76,0.028901347193857643,log_and_continue,0.071773
708,708,0.9433333333333334,0.028756840457888354,discard,0.071867
709,709,0.9433333333333334,0.02861305625559891,request_rescan,0.071964
710,710,0.9433333333333334,0.028469990974320916,request_rescan,0.072061
711,711,0.9433333333333334,0.02832764101944931,request_rescan,0.07216
712,712,0.9433333333333334,0.028186002814352063,request_rescan,0.072261
713,713,0.9433333333333334,0.0280450728002803,discard,0.072357
714,714,0.76,0.0279048474362789,log_and_continue,0.072453
715,715,0.76,0.027765323199097504,log_and_continue,0.072549
716,716,0.9433333333333334,0.027626496583102015,discard,0.072648
717,717,0.9433333333333334,0.027488364100186506,request_rescan,0.072748
718,718,0.9433333333333334,0.027350922279685573,discard,0.072846
719,719,0.9433333333333334,0.027214167668287145,discard,0.072942
720,720,0.9433333333333334,0.02707809682994571,request_rescan,0.073038
721,721,0.9433333333333334,0.02694270634579598,request_rescan,0.073133
722,722,0.9433333333333334,0.026807992814067,request_rescan,0.073225
723,723,0.6633333333333333,0.026673952849996664,log_and_continue,0.073335
724,724,0.9433333333333334,0.02654058308574668,request_rescan,0.073453
725,725,0.9433333333333334,0.026407880170317945,request_rescan,0.073579
726,726,0.76,0.026275840769466357,log_and_continue,0.073696
727,727,0.9433333333333334,0.026144461565619025,request_rescan,0.073792
728,728,0.76,0.02601373925779093,log_and_continue,0.073888
729,729,0.9433333333333334,0.025883670561501974,discard,0.073986
730,730,0.9433333333333334,0.025754252208694463,request_rescan,0.074084
731,731,0.9433333333333334,0.02562548094765099,discard,0.074184
732,732,0.9433333333333334,0.025497353542912736,discard,0.074289
733,733,0.9433333333333334,0.02536986677519817,request_rescan,0.07439
734,734,0.76,0.02524301744132218,log_and_continue,0.074487
735,735,0.9433333333333334,0.025116802354115567,discard,0.074585
736,736,0.9433333333333334,0.024991218342344988,discard,0.074683
737,737,0.9433333333333334,0.024866262250633264,discard,0.074779
738,738,0.9433333333333334,0.024741930939380097,request_rescan,0.074875
739,739,0.9433333333333334,0.024618221284683196,discard,0.074967
740,740,0.9433333333333334,0.02449513017825978,request_rescan,0.075064
741,741,0.9433333333333334,0.02437265452736848,discard,0.075163
742,742,0.9433333333333334,0.024250791254731636,discard,0.075259
743,743,0.9433333333333334,0.024129537298457977,discard,0.075354
744,744,0.9433333333333334,0.024008889611965685,discard,0.075447
745,745,0.9433333333333334,0.023888845163905856,request_rescan,0.075542
746,746,0.9433333333333334,0.023769400938086327,discard,0.075641
747,747,0.9433333333333334,0.023650553933395897,discard,0.075742
748,748,0.9433333333333334,0.023532301163728918,request_rescan,0.075838
749,749,0.76,0.023414639657910272,log_and_continue,0.075937
750,750,0.76,0.023297566459620722,log_and_continue,0.076049
751,751,0.9433333333333334,0.023181078627322618,discard,0.076168
752,752,0.9433333333333334,0.023065173234186005,discard,0.076266
753,753,0.9433333333333334,0.022949847368015076,discard,0.076368
754,754,0.9433333333333334,0.022835098131175,request_rescan,0.076463
755,755,0.9433333333333334,0.022720922640519125,discard,0.07656
756,756,0.9433333333333334,0.02260731802731653,discard,0.076654
757,757,0.9433333333333334,0.022494281437179946,request_rescan,0.076752
758,758,0.76,0.022381810029994047,log_and_continue,0.07685
759,759,0.76,0.022269900979844076,log_and_continue,0.076945
760,760,0.9433333333333334,0.022158551474944856,request_rescan,0.07704
761,761,0.9433333333333334,0.022047758717570132,request_rescan,0.07714
762,762,0.76,0.021937519923982282,log_and_continue,0.077238
763,763,0.76,0.021827832324362372,log_and_continue,0.077341
764,764,0.9433333333333334,0.02171869316274056,request_rescan,0.077436
765,765,0.9433333333333334,0.021610099696926857,request_rescan,0.077531
766,766,0.9433333333333334,0.021502049198442223,request_rescan,0.077626
767,767,0.9433333333333334,0.021394538952450012,request_rescan,0.077723
768,768,0.9433333333333334,0.02128756625768776,discard,0.077819
769,769,0.9433333333333334,0.021181128426399323,discard,0.077914
770,770,0.9433333333333334,0.021075222784267326,discard,0.078007
771,771,0.9433333333333334,0.020969846670345987,request_rescan,0.078103
772,772,0.9433333333333334,0.020864997436994256,request_rescan,0.078198
773,773,0.9433333333333334,0.020760672449809284,request_rescan,0.078295
774,774,0.9433333333333334,0.020656869087560238,discard,0.078387
775,775,0.76,0.020553584742122436,log_and_continue,0.078485
776,776,0.9433333333333334,0.020450816818411825,request_rescan,0.078579
777,777,0.76,0.020348562734319765,log_and_continue,0.078673
778,778,0.76,0.020246819920648168,log_and_continue,0.078768
779,779,0.9433333333333334,0.020145585821044927,request_rescan,0.078864
780,780,0.9433333333333334,0.020044857891939702,discard,0.078967
781,781,0.9433333333333334,0.019944633602480003,request_rescan,0.079064
782,782,0.9433333333333334,0.019844910434467605,request_rescan,0.079159
783,783,0.76,0.019745685882295267,log_and_continue,0.079298
784,784,0.9433333333333334,0.01964695745288379,request_rescan,0.079479
785,785,0.76,0.01954872266561937,log_and_continue,0.079658
786,786,0.9433333333333334,0.019450979052291272,discard,0.079781
787,787,0.76,0.019353724157029815,log_and_continue,0.079892
788,788,0.9433333333333334,0.019256955536244666,request_rescan,0.080012
789,789,0.9433333333333334,0.019160670758563442,discard,0.080146
790,790,0.76,0.019064867404770626,log_and_continue,0.080277
791,791,0.9433333333333334,0.018969543067746772,discard,0.080381
792,792,0.9433333333333334,0.018874695352408037,request_rescan,0.08048
793,793,0.9433333333333334,0.018780321875645996,discard,0.080583
794,794,0.9433333333333334,0.018686420266267767,request_rescan,0.08068
795,795,0.9433333333333334,0.018592988164936427,discard,0.080775
796,796,0.9433333333333334,0.018500023224111744,discard,0.080873
797,797,0.9433333333333334,0.018407523107991184,request_rescan,0.08097
798,798,0.9433333333333334,0.01831548549245123,discard,0.081073
799,799,0.9433333333333334,0.018223908064988973,request_rescan,0.08117
800,800,0.9433333333333334,0.018132788524664028,discard,0.08127
801,801,0.9433333333333334,0.018042124582040707,discard,0.081445
802,802,0.76,0.017951913959130504,log_and_continue,0.081555
803,803,0.9433333333333334,0.01786215438933485,request_rescan,0.081655
804,804,0.76,0.017772843617388175,log_and_continue,0.081751
805,805,0.9433333333333334,0.017683979399301233,discard,0.081849
806,806,0.76,0.017595559502304726,log_and_continue,0.081948
807,807,0.9433333333333334,0.0175075817047932,discard,0.082051
808,808,0.76,0.017420043796269234,log_and_continue,0.082153
809,809,0.9433333333333334,0.017332943577287888,request_rescan,0.082254
810,810,0.9433333333333334,0.01724627885940145,discard,0.082353
811,811,0.9433333333333334,0.017160047465104442,discard,0.082454
812,812,0.76,0.01707424722777892,log_and_continue,0.082553
813,813,0.9433333333333334,0.016988875991640028,discard,0.082652
814,814,0.76,0.016903931611681827,log_and_continue,0.082749
815,815,0.9433333333333334,0.01681941195362342,discard,0.082843
816,816,0.6633333333333333,0.016735314893855303,log_and_continue,0.082942
817,817,0.9433333333333334,0.016651638319386028,discard,0.08304
818,818,0.9433333333333334,0.0165683801277891,request_rescan,0.083136
819,819,0.76,0.016485538227150154,log_and_continue,0.083231
820,820,0.9433333333333334,0.0164031105360144,request_rescan,0.083335
821,821,0.76,0.01632109498333433,log_and_continue,0.083435
822,822,0.9433333333333334,0.016239489508417658,discard,0.083531
823,823,0.76,0.01615829206087557,log_and_continue,0.083625
824,824,0.9433333333333334,0.01607750060057119,request_rescan,0.08372
825,825,0.76,0.015997113097568336,log_and_continue,0.083815
826,826,0.9433333333333334,0.015917127532080494,discard,0.083911
827,827,0.9433333333333334,0.01583754189442009,discard,0.084004
828,828,0.9433333333333334,0.01575835418494799,discard,0.084099
829,829,0.9433333333333334,0.01567956241402325,discard,0.084198
830,830,0.9433333333333334,0.015601164601953134,discard,0.084296
831,831,0.76,0.015523158778943369,log_and_continue,0.084392
832,832,0.76,0.015445542985048652,log_and_continue,0.084486
833,833,0.9433333333333334,0.015368315270123408,discard,0.084581
834,834,0.76,0.01529147369377279,log_and_continue,0.084673
835,835,0.9433333333333334,0.015215016325303928,discard,0.084767
836,836,0.76,0.015138941243677408,log_and_continue,0.084862
837,837,0.9433333333333334,0.01506324653745902,discard,0.08496
838,838,0.9433333333333334,0.014987930304771725,discard,0.085068
839,839,0.9433333333333334,0.014912990653247866,discard,0.085191
840,840,0.9433333333333334,0.014838425699981627,discard,0.085295
841,841,0.9433333333333334,0.01476423357148172,discard,0.085395
842,842,0.9433333333333334,0.014690412403624311,discard,0.085495
843,843,0.9433333333333334,0.01461696034160619,discard,0.085589
844,844,0.76,0.014543875539898159,log_and_continue,0.085687
845,845,0.9433333333333334,0.014471156162198668,discard,0.085787
846,846,0.9433333333333334,0.014398800381387675,request_rescan,0.085882
847,847,0.9433333333333334,0.014326806379480736,request_rescan,0.085977
848,848,0.9433333333333334,0.014255172347583332,discard,0.086074
849,849,0.9433333333333334,0.014183896485845416,discard,0.086168
850,850,0.9433333333333334,0.014112977003416188,discard,0.086265
851,851,0.9433333333333334,0.014042412118399107,discard,0.086361
852,852,0.9433333333333334,0.013972200057807112,discard,0.08646
853,853,0.9433333333333334,0.013902339057518077,request_rescan,0.086556
854,854,0.76,0.013832827362230486,log_and_continue,0.086658
855,855,0.9433333333333334,0.013763663225419333,discard,0.086756
856,856,0.76,0.013694844909292236,log_and_continue,0.086853
857,857,0.9433333333333334,0.013626370684745774,discard,0.086952
858,858,0.9433333333333334,0.013558238831322046,discard,0.087048
859,859,0.9433333333333334,0.013490447637165436,request_rescan,0.087144
860,860,0.76,0.013422995398979608,log_and_continue,0.087243
861,861,0.76,0.01335588042198471,log_and_continue,0.087353
862,862,0.76,0.013289101019874787,log_and_continue,0.087454
863,863,0.76,0.013222655514775413,log_and_continue,0.087551
864,864,0.9433333333333334,0.013156542237201536,discard,0.087649
865,865,0.9433333333333334,0.013090759526015528,request_rescan,0.087747
866,866,0.9433333333333334,0.01302530572838545,discard,0.087842
867,867,0.9433333333333334,0.012960179199743523,discard,0.087936
868,868,0.9433333333333334,0.012895378303744804,discard,0.088037
869,869,0.9433333333333334,0.01283090141222608,discard,0.088134
870,870,0.9433333333333334,0.012766746905164949,discard,0.088231
871,871,0.76,0.012702913170639124,log_and_continue,0.088333
872,872,0.9433333333333334,0.012639398604785928,discard,0.088429
873,873,0.9433333333333334,0.012576201611761997,discard,0.088525
874,874,0.9433333333333334,0.012513320603703188,discard,0.088622
875,875,0.9433333333333334,0.012450754000684672,request_rescan,0.088719
876,876,0.9433333333333334,0.012388500230681249,request_rescan,0.088814
877,877,0.9433333333333334,0.012326557729527843,discard,0.088911
878,878,0.9433333333333334,0.012264924940880204,discard,0.089006
879,879,0.9433333333333334,0.012203600316175803,discard,0.089103
880,880,0.9433333333333334,0.012142582314594924,discard,0.089198
881,881,0.9433333333333334,0.01208186940302195,discard,0.089311
882,882,0.9433333333333334,0.01202146005600684,request_rescan,0.089422
883,883,0.9433333333333334,0.011961352755726806,request_rescan,0.089518
884,884,0.9433333333333334,0.01190154599194817,discard,0.089617
885,885,0.9433333333333334,0.01184203826198843,discard,0.089712
886,886,0.9433333333333334,0.011782828070678488,request_rescan,0.089808
887,887,0.76,0.011723913930325095,log_and_continue,0.089909
888,888,0.9433333333333334,0.01166529436067347,discard,0.090005
889,889,0.9433333333333334,0.011606967888870102,request_rescan,0.090106
890,890,0.9433333333333334,0.01154893304942575,request_rescan,0.090201
891,891,0.9433333333333334,0.011491188384178622,discard,0.090299
892,892,0.9433333333333334,0.011433732442257729,discard,0.090397
893,893,0.76,0.01137656378004644,log_and_continue,0.090491
894,894,0.76,0.011319680961146208,log_and_continue,0.090584
895,895,0.9433333333333334,0.011263082556340478,discard,0.090679
896,896,0.9433333333333334,0.011206767143558775,request_rescan,0.090777
897,897,0.76,0.011150733307840981,log_and_continue,0.090872
898,898,0.9433333333333334,0.011094979641301777,request_rescan,0.090969
899,899,0.9433333333333334,0.011039504743095268,request_rescan,0.091101
900,900,0.9433333333333334,0.01098430721937979,discard,0.091209
901,901,0.9433333333333334,0.010929385683282892,discard,0.091357
902,902,0.9433333333333334,0.010874738754866477,discard,0.091455
903,903,0.9433333333333334,0.010820365061092144,request_rescan,0.091554
904,904,0.9433333333333334,0.010766263235786683,discard,0.09165
905,905,0.9433333333333334,0.01071243191960775,discard,0.091744
906,906,0.76,0.010658869760009713,log_and_continue,0.091842
907,907,0.9433333333333334,0.010605575411209664,discard,0.091945
908,908,0.76,0.010552547534153616,log_and_continue,0.092043
909,909,0.9433333333333334,0.010499784796482848,discard,0.092141
910,910,0.9433333333333334,0.010447285872500434,discard,0.092239
911,911,0.9433333333333334,0.01039504944313793,discard,0.092337
912,912,0.9433333333333334,0.010343074195922241,discard,0.092435
913,913,0.9433333333333334,0.01029135882494263,request_rescan,0.09253
914,914,0.9433333333333334,0.010239902030817916,discard,0.092626
915,915,0.9433333333333334,0.010188702520663827,request_rescan,0.092726
916,916,0.9433333333333334,0.010137759008060509,discard,0.092856
917,917,0.9433333333333334,0.010087070213020206,discard,0.09299
918,918,0.9433333333333334,0.010036634861955105,request_rescan,0.09309
919,919,0.76,0.00998645168764533,log_and_continue,0.093187
920,920,0.76,0.00998645168764533,log_and_continue,0.093286
921,921,0.76,0.00998645168764533,log_and_continue,0.093381
922,922,0.9433333333333334,0.00998645168764533,discard,0.093486
923,923,0.9433333333333334,0.00998645168764533,discard,0.09359
924,924,0.9433333333333334,0.00998645168764533,discard,0.093688
925,925,0.76,0.00998645168764533,log_and_continue,0.093785
926,926,0.76,0.00998645168764533,log_and_continue,0.093878
927,927,0.9433333333333334,0.00998645168764533,discard,0.093973
928,928,0.9433333333333334,0.00998645168764533,discard,0.094069
929,929,0.9433333333333334,0.00998645168764533,discard,0.094167
930,930,0.9433333333333334,0.00998645168764533,discard,0.09427
931,931,0.9433333333333334,0.00998645168764533,discard,0.094367
932,932,0.9433333333333334,0.00998645168764533,request_rescan,0.094468
933,933,0.9433333333333334,0.00998645168764533,discard,0.094563
934,934,0.9433333333333334,0.00998645168764533,discard,0.094661
935,935,0.9433333333333334,0.00998645168764533,discard,0.094767
936,936,0.9433333333333334,0.00998645168764533,discard,0.094893
937,937,0.9433333333333334,0.00998645168764533,discard,0.094998
938,938,0.76,0.00998645168764533,log_and_continue,0.095094
939,939,0.9433333333333334,0.00998645168764533,request_rescan,0.095188
940,940,0.76,0.00998645168764533,log_and_continue,0.095293
941,941,0.9433333333333334,0.00998645168764533,discard,0.095386
942,942,0.9433333333333334,0.00998645168764533,request_rescan,0.095488
943,943,0.9433333333333334,0.00998645168764533,discard,0.095593
944,944,0.9433333333333334,0.00998645168764533,discard,0.09569
945,945,0.9433333333333334,0.00998645168764533,discard,0.095784
946,946,0.9433333333333334,0.00998645168764533,discard,0.095878
947,947,0.9433333333333334,0.00998645168764533,request_rescan,0.095975
948,948,0.9433333333333334,0.00998645168764533,request_rescan,0.09607
949,949,0.76,0.00998645168764533,log_and_continue,0.096165
950,950,0.9433333333333334,0.00998645168764533,discard,0.09626
951,951,0.9433333333333334,0.00998645168764533,discard,0.096352
952,952,0.9433333333333334,0.00998645168764533,discard,0.096442
953,953,0.9433333333333334,0.00998645168764533,discard,0.096541
954,954,0.9433333333333334,0.00998645168764533,request_rescan,0.096642
955,955,0.9433333333333334,0.00998645168764533,discard,0.096743
956,956,0.9433333333333334,0.00998645168764533,discard,0.096837
957,957,0.76,0.00998645168764533,log_and_continue,0.096933
958,958,0.9433333333333334,0.00998645168764533,discard,0.097029
959,959,0.9433333333333334,0.00998645168764533,request_rescan,0.097124
960,960,0.9433333333333334,0.00998645168764533,discard,0.097219
961,961,0.9433333333333334,0.00998645168764533,discard,0.097321
962,962,0.9433333333333334,0.00998645168764533,discard,0.097421
963,963,0.76,0.00998645168764533,log_and_continue,0.097531
964,964,0.9433333333333334,0.00998645168764533,discard,0.097629
965,965,0.9433333333333334,0.00998645168764533,request_rescan,0.097724
966,966,0.9433333333333334,0.00998645168764533,discard,0.097818
967,967,0.76,0.00998645168764533,log_and_continue,0.097917
968,968,0.9433333333333334,0.00998645168764533,discard,0.09801
969,969,0.9433333333333334,0.00998645168764533,discard,0.098106
970,970,0.9433333333333334,0.00998645168764533,discard,0.098204
971,971,0.9433333333333334,0.00998645168764533,request_rescan,0.098305
972,972,0.76,0.00998645168764533,log_and_continue,0.098401
973,973,0.9433333333333334,0.00998645168764533,discard,0.098501
974,974,0.9433333333333334,0.00998645168764533,discard,0.098595
975,975,0.76,0.00998645168764533,log_and_continue,0.09869
976,976,0.9433333333333334,0.00998645168764533,request_rescan,0.09879
977,977,0.9433333333333334,0.00998645168764533,discard,0.098888
978,978,0.9433333333333334,0.00998645168764533,discard,0.098981
979,979,0.9433333333333334,0.00998645168764533,discard,0.099078
980,980,0.76,0.00998645168764533,log_and_continue,0.09918
981,981,0.76,0.00998645168764533,log_and_continue,0.099285
982,982,0.9433333333333334,0.00998645168764533,discard,0.099403
983,983,0.76,0.00998645168764533,log_and_continue,0.099514
984,984,0.9433333333333334,0.00998645168764533,discard,0.099612
985,985,0.9433333333333334,0.00998645168764533,discard,0.099705
986,986,0.9433333333333334,0.00998645168764533,discard,0.0998
987,987,0.9433333333333334,0.00998645168764533,discard,0.099896
988,988,0.9433333333333334,0.00998645168764533,discard,0.099993
989,989,0.9433333333333334,0.00998645168764533,request_rescan,0.100092
990,990,0.6633333333333333,0.00998645168764533,log_and_continue,0.100197
991,991,0.9433333333333334,0.00998645168764533,discard,0.1003
992,992,0.9433333333333334,0.00998645168764533,request_rescan,0.100399
993,993,0.9433333333333334,0.00998645168764533,discard,0.100494
994,994,0.9433333333333334,0.00998645168764533,discard,0.100588
995,995,0.9433333333333334,0.00998645168764533,request_rescan,0.100685
996,996,0.76,0.00998645168764533,log_and_continue,0.100784
997,997,0.9433333333333334,0.00998645168764533,request_rescan,0.100888
998,998,0.9433333333333334,0.00998645168764533,request_rescan,0.100984
999,999,0.76,0.00998645168764533,log_and_continue,0.101082
1000,1000,0.9433333333333334,0.00998645168764533,discard,0.101181
1001,1001,0.9433333333333334,0.00998645168764533,discard,0.101362
1002,1002,0.9433333333333334,0.00998645168764533,discard,0.101465
1003,1003,0.9433333333333334,0.00998645168764533,discard,0.101571
1004,1004,0.9433333333333334,0.00998645168764533,discard,0.101667
1005,1005,0.9433333333333334,0.00998645168764533,request_rescan,0.101766
1006,1006,0.9433333333333334,0.00998645168764533,discard,0.101865
1007,1007,0.76,0.00998645168764533,log_and_continue,0.101961
1008,1008,0.9433333333333334,0.00998645168764533,request_rescan,0.102056
1009,1009,0.76,0.00998645168764533,log_and_continue,0.102152
1010,1010,0.9433333333333334,0.00998645168764533,discard,0.102252
1011,1011,0.9433333333333334,0.00998645168764533,request_rescan,0.102353
1012,1012,0.9433333333333334,0.00998645168764533,request_rescan,0.102449
1013,1013,0.9433333333333334,0.00998645168764533,discard,0.102549
1014,1014,0.76,0.00998645168764533,log_and_continue,0.102644
1015,1015,0.76,0.00998645168764533,log_and_continue,0.102739
1016,1016,0.9433333333333334,0.00998645168764533,discard,0.102831
1017,1017,0.76,0.00998645168764533,log_and_continue,0.102954
1018,1018,0.9433333333333334,0.00998645168764533,request_rescan,0.103107
1019,1019,0.9433333333333334,0.00998645168764533,discard,0.103214
1020,1020,0.9433333333333334,0.00998645168764533,request_rescan,0.103339
1021,1021,0.76,0.00998645168764533,log_and_continue,0.10344
1022,1022,0.9433333333333334,0.00998645168764533,discard,0.103539
1023,1023,0.76,0.00998645168764533,log_and_continue,0.103635
1024,1024,0.9433333333333334,0.00998645168764533,discard,0.10373
1025,1025,0.9433333333333334,0.00998645168764533,discard,0.103827
1026,1026,0.9433333333333334,0.00998645168764533,discard,0.10392
1027,1027,0.9433333333333334,0.00998645168764533,discard,0.10402
1028,1028,0.9433333333333334,0.00998645168764533,discard,0.104117
1029,1029,0.76,0.00998645168764533,log_and_continue,0.104215
1030,1030,0.9433333333333334,0.00998645168764533,request_rescan,0.104325
1031,1031,0.9433333333333334,0.00998645168764533,discard,0.104421
1032,1032,0.9433333333333334,0.00998645168764533,discard,0.104517
1033,1033,0.76,0.00998645168764533,log_and_continue,0.104614
1034,1034,0.9433333333333334,0.00998645168764533,discard,0.104712
1035,1035,0.9433333333333334,0.00998645168764533,discard,0.104808
1036,1036,0.9433333333333334,0.00998645168764533,discard,0.104903
1037,1037,0.9433333333333334,0.00998645168764533,request_rescan,0.104997
1038,1038,0.9433333333333334,0.00998645168764533,discard,0.105092
1039,1039,0.76,0.00998645168764533,log_and_continue,0.105189
1040,1040,0.9433333333333334,0.00998645168764533,discard,0.105289
1041,1041,0.76,0.00998645168764533,log_and_continue,0.1054
1042,1042,0.76,0.00998645168764533,log_and_continue,0.105524
1043,1043,0.9433333333333334,0.00998645168764533,discard,0.105642
1044,1044,0.76,0.00998645168764533,log_and_continue,0.105737
1045,1045,0.76,0.00998645168764533,log_and_continue,0.105832
1046,1046,0.76,0.00998645168764533,log_and_continue,0.105927
1047,1047,0.76,0.00998645168764533,log_and_continue,0.10602
1048,1048,0.9433333333333334,0.00998645168764533,discard,0.106114
1049,1049,0.9433333333333334,0.00998645168764533,discard,0.106211
1050,1050,0.9433333333333334,0.00998645168764533,request_rescan,0.106318
1051,1051,0.9433333333333334,0.00998645168764533,request_rescan,0.106417
1052,1052,0.9433333333333334,0.00998645168764533,request_rescan,0.106512
1053,1053,0.9433333333333334,0.00998645168764533,discard,0.106609
1054,1054,0.9433333333333334,0.00998645168764533,discard,0.106702
1055,1055,0.76,0.00998645168764533,log_and_continue,0.106798
1056,1056,0.9433333333333334,0.00998645168764533,discard,0.106893
1057,1057,0.9433333333333334,0.00998645168764533,request_rescan,0.106987
1058,1058,0.9433333333333334,0.00998645168764533,discard,0.107082
1059,1059,0.9433333333333334,0.00998645168764533,discard,0.107179
1060,1060,0.9433333333333334,0.00998645168764533,discard,0.107276
1061,1061,0.9433333333333334,0.00998645168764533,request_rescan,0.107371
1062,1062,0.9433333333333334,0.00998645168764533,discard,0.107469
1063,1063,0.9433333333333334,0.00998645168764533,discard,0.107567
1064,1064,0.9433333333333334,0.00998645168764533,discard,0.107664
1065,1065,0.9433333333333334,0.00998645168764533,discard,0.107757
1066,1066,0.9433333333333334,0.00998645168764533,request_rescan,0.107853
1067,1067,0.9433333333333334,0.00998645168764533,discard,0.107953
1068,1068,0.9433333333333334,0.00998645168764533,discard,0.108049
1069,1069,0.9433333333333334,0.00998645168764533,discard,0.108145
1070,1070,0.9433333333333334,0.00998645168764533,discard,0.108237
1071,1071,0.9433333333333334,0.00998645168764533,request_rescan,0.108338
1072,1072,0.76,0.00998645168764533,log_and_continue,0.108433
1073,1073,0.9433333333333334,0.00998645168764533,request_rescan,0.108526
1074,1074,0.9433333333333334,0.00998645168764533,discard,0.108616
1075,1075,0.9433333333333334,0.00998645168764533,discard,0.108709
1076,1076,0.76,0.00998645168764533,log_and_continue,0.108803
1077,1077,0.9433333333333334,0.00998645168764533,request_rescan,0.108896
1078,1078,0.9433333333333334,0.00998645168764533,discard,0.108997
1079,1079,0.9433333333333334,0.00998645168764533,request_rescan,0.109094
1080,1080,0.9433333333333334,0.00998645168764533,request_rescan,0.109247
1081,1081,0.9433333333333334,0.00998645168764533,discard,0.109374
1082,1082,0.9433333333333334,0.00998645168764533,request_rescan,0.109508
1083,1083,0.9433333333333334,0.00998645168764533,request_rescan,0.109622
1084,1084,0.9433333333333334,0.00998645168764533,discard,0.109719
1085,1085,0.9433333333333334,0.00998645168764533,discard,0.109818
1086,1086,0.9433333333333334,0.00998645168764533,discard,0.109912
1087,1087,0.9433333333333334,0.00998645168764533,request_rescan,0.110009
1088,1088,0.9433333333333334,0.00998645168764533,discard,0.11011
1089,1089,0.76,0.00998645168764533,log_and_continue,0.110211
1090,1090,0.9433333333333334,0.00998645168764533,discard,0.110314
1091,1091,0.9433333333333334,0.00998645168764533,discard,0.11041
1092,1092,0.9433333333333334,0.00998645168764533,request_rescan,0.110507
1093,1093,0.76,0.00998645168764533,log_and_continue,0.110601
1094,1094,0.9433333333333334,0.00998645168764533,discard,0.110695
1095,1095,0.76,0.00998645168764533,log_and_continue,0.110789
1096,1096,0.9433333333333334,0.00998645168764533,request_rescan,0.110885
1097,1097,0.9433333333333334,0.00998645168764533,request_rescan,0.110982
1098,1098,0.76,0.00998645168764533,log_and_continue,0.111077
1099,1099,0.9433333333333334,0.00998645168764533,request_rescan,0.11117
1100,1100,0.9433333333333334,0.00998645168764533,request_rescan,0.111269
1101,1101,0.76,0.00998645168764533,log_and_continue,0.111404
1102,1102,0.9433333333333334,0.00998645168764533,request_rescan,0.1115
1103,1103,0.9433333333333334,0.00998645168764533,discard,0.111591
1104,1104,0.76,0.00998645168764533,log_and_continue,0.111686
1105,1105,0.9433333333333334,0.00998645168764533,discard,0.111788
1106,1106,0.9433333333333334,0.00998645168764533,discard,0.111884
1107,1107,0.76,0.00998645168764533,log_and_continue,0.11198
1108,1108,0.76,0.00998645168764533,log_and_continue,0.112073
1109,1109,0.9433333333333334,0.00998645168764533,request_rescan,0.112172
1110,1110,0.9433333333333334,0.00998645168764533,discard,0.112269
1111,1111,0.9433333333333334,0.00998645168764533,request_rescan,0.112368
1112,1112,0.9433333333333334,0.00998645168764533,discard,0.112466
1113,1113,0.76,0.00998645168764533,log_and_continue,0.112564
1114,1114,0.9433333333333334,0.00998645168764533,discard,0.11266
1115,1115,0.9433333333333334,0.00998645168764533,discard,0.112753
1116,1116,0.9433333333333334,0.00998645168764533,discard,0.112849
1117,1117,0.9433333333333334,0.00998645168764533,request_rescan,0.112945
1118,1118,0.9433333333333334,0.00998645168764533,discard,0.113046
1119,1119,0.9433333333333334,0.00998645168764533,request_rescan,0.113148
1120,1120,0.9433333333333334,0.00998645168764533,discard,0.113255
1121,1121,0.9433333333333334,0.00998645168764533,discard,0.113353
1122,1122,0.9433333333333334,0.00998645168764533,discard,0.113455
1123,1123,0.9433333333333334,0.00998645168764533,discard,0.113552
1124,1124,0.76,0.00998645168764533,log_and_continue,0.113648
1125,1125,0.9433333333333334,0.00998645168764533,discard,0.113741
1126,1126,0.9433333333333334,0.00998645168764533,request_rescan,0.113836
1127,1127,0.76,0.00998645168764533,log_and_continue,0.113945
1128,1128,0.9433333333333334,0.00998645168764533,discard,0.114047
1129,1129,0.76,0.00998645168764533,log_and_continue,0.11415
1130,1130,0.9433333333333334,0.00998645168764533,discard,0.114255
1131,1131,0.9433333333333334,0.00998645168764533,discard,0.114349
1132,1132,0.9433333333333334,0.00998645168764533,discard,0.114441
1133,1133,0.9433333333333334,0.00998645168764533,discard,0.11454
1134,1134,0.76,0.00998645168764533,request_rescan,0.114646
1135,1135,0.9433333333333334,0.00998645168764533,request_rescan,0.114744
1136,1136,0.9433333333333334,0.00998645168764533,discard,0.114843
1137,1137,0.9433333333333334,0.00998645168764533,discard,0.114939
1138,1138,0.9433333333333334,0.00998645168764533,discard,0.115032
1139,1139,0.9433333333333334,0.00998645168764533,request_rescan,0.115127
1140,1140,0.9433333333333334,0.00998645168764533,request_rescan,0.115222
1141,1141,0.9433333333333334,0.00998645168764533,request_rescan,0.115324
1142,1142,0.9433333333333334,0.00998645168764533,discard,0.115497
1143,1143,0.9433333333333334,0.00998645168764533,discard,0.1156
1144,1144,0.9433333333333334,0.00998645168764533,discard,0.1157
1145,1145,0.76,0.00998645168764533,request_rescan,0.115799
1146,1146,0.9433333333333334,0.00998645168764533,request_rescan,0.115896
1147,1147,0.9433333333333334,0.00998645168764533,discard,0.115992
1148,1148,0.9433333333333334,0.00998645168764533,request_rescan,0.116087
1149,1149,0.9433333333333334,0.00998645168764533,discard,0.11618
1150,1150,0.76,0.00998645168764533,log_and_continue,0.116288
1151,1151,0.76,0.00998645168764533,log_and_continue,0.116392
1152,1152,0.76,0.00998645168764533,log_and_continue,0.116502
1153,1153,0.9433333333333334,0.00998645168764533,discard,0.116612
1154,1154,0.76,0.00998645168764533,log_and_continue,0.116709
1155,1155,0.9433333333333334,0.00998645168764533,discard,0.116801
1156,1156,0.9433333333333334,0.00998645168764533,discard,0.116911
1157,1157,0.9433333333333334,0.00998645168764533,discard,0.117019
1158,1158,0.76,0.00998645168764533,log_and_continue,0.117121
1159,1159,0.9433333333333334,0.00998645168764533,discard,0.117217
1160,1160,0.9433333333333334,0.00998645168764533,discard,0.117322
1161,1161,0.76,0.00998645168764533,log_and_continue,0.117417
1162,1162,0.76,0.00998645168764533,log_and_continue,0.117512
1163,1163,0.76,0.00998645168764533,log_and_continue,0.117606
1164,1164,0.9433333333333334,0.00998645168764533,discard,0.117703
1165,1165,0.76,0.00998645168764533,log_and_continue,0.117805
1166,1166,0.76,0.00998645168764533,discard,0.117903
1167,1167,0.9433333333333334,0.00998645168764533,request_rescan,0.117999
1168,1168,0.9433333333333334,0.00998645168764533,discard,0.118097
1169,1169,0.9433333333333334,0.00998645168764533,discard,0.118192
1170,1170,0.9433333333333334,0.00998645168764533,discard,0.11829
1171,1171,0.76,0.00998645168764533,log_and_continue,0.118383
1172,1172,0.76,0.00998645168764533,log_and_continue,0.11848
1173,1173,0.9433333333333334,0.00998645168764533,discard,0.118578
1174,1174,0.76,0.00998645168764533,log_and_continue,0.118673
1175,1175,0.9433333333333334,0.00998645168764533,discard,0.118766
1176,1176,0.76,0.00998645168764533,log_and_continue,0.11886
1177,1177,0.76,0.00998645168764533,log_and_continue,0.118952
1178,1178,0.9433333333333334,0.00998645168764533,discard,0.119052
1179,1179,0.9433333333333334,0.00998645168764533,request_rescan,0.119148
1180,1180,0.9433333333333334,0.00998645168764533,discard,0.119265
1181,1181,0.9433333333333334,0.00998645168764533,discard,0.119361
1182,1182,0.9433333333333334,0.00998645168764533,discard,0.119457
1183,1183,0.9433333333333334,0.00998645168764533,discard,0.119554
1184,1184,0.9433333333333334,0.00998645168764533,request_rescan,0.119651
1185,1185,0.76,0.00998645168764533,log_and_continue,0.119751
1186,1186,0.9433333333333334,0.00998645168764533,discard,0.119845
1187,1187,0.9433333333333334,0.00998645168764533,request_rescan,0.119939
1188,1188,0.9433333333333334,0.00998645168764533,discard,0.120034
1189,1189,0.76,0.00998645168764533,log_and_continue,0.12013
1190,1190,0.9433333333333334,0.00998645168764533,discard,0.120229
1191,1191,0.9433333333333334,0.00998645168764533,request_rescan,0.120337
1192,1192,0.76,0.00998645168764533,log_and_continue,0.120434
1193,1193,0.9433333333333334,0.00998645168764533,request_rescan,0.120529
1194,1194,0.9433333333333334,0.00998645168764533,discard,0.120627
1195,1195,0.9433333333333334,0.00998645168764533,request_rescan,0.120729
1196,1196,0.9433333333333334,0.00998645168764533,request_rescan,0.120828
1197,1197,0.76,0.00998645168764533,log_and_continue,0.120929
1198,1198,0.9433333333333334,0.00998645168764533,discard,0.121023
1199,1199,0.9433333333333334,0.00998645168764533,discard,0.12112
1200,1200,0.9433333333333334,0.00998645168764533,discard,0.121216
1201,1201,0.9433333333333334,0.00998645168764533,discard,0.121383
1202,1202,0.76,0.00998645168764533,log_and_continue,0.121498
1203,1203,0.9433333333333334,0.00998645168764533,discard,0.121602
1204,1204,0.9433333333333334,0.00998645168764533,discard,0.121705
1205,1205,0.9433333333333334,0.00998645168764533,discard,0.121803
1206,1206,0.76,0.00998645168764533,log_and_continue,0.121901
1207,1207,0.9433333333333334,0.00998645168764533,discard,0.121996
1208,1208,0.76,0.00998645168764533,log_and_continue,0.122094
1209,1209,0.76,0.00998645168764533,log_and_continue,0.122193
1210,1210,0.9433333333333334,0.00998645168764533,discard,0.122293
1211,1211,0.9433333333333334,0.00998645168764533,discard,0.122389
1212,1212,0.9433333333333334,0.00998645168764533,discard,0.122487
1213,1213,0.9433333333333334,0.00998645168764533,discard,0.122581
1214,1214,0.9433333333333334,0.00998645168764533,discard,0.122676
1215,1215,0.9433333333333334,0.00998645168764533,discard,0.122779
1216,1216,0.76,0.00998645168764533,log_and_continue,0.122876
1217,1217,0.9433333333333334,0.00998645168764533,discard,0.122971
1218,1218,0.9433333333333334,0.00998645168764533,request_rescan,0.123068
1219,1219,0.9433333333333334,0.00998645168764533,request_rescan,0.123163
1220,1220,0.9433333333333334,0.00998645168764533,discard,0.12326
1221,1221,0.9433333333333334,0.00998645168764533,discard,0.123359
1222,1222,0.76,0.00998645168764533,discard,0.12346
1223,1223,0.9433333333333334,0.00998645168764533,request_rescan,0.123557
1224,1224,0.9433333333333334,0.00998645168764533,request_rescan,0.123654
1225,1225,0.9433333333333334,0.00998645168764533,request_rescan,0.123749
1226,1226,0.76,0.00998645168764533,log_and_continue,0.123847
1227,1227,0.76,0.00998645168764533,log_and_continue,0.123943
1228,1228,0.9433333333333334,0.00998645168764533,request_rescan,0.124037
1229,1229,0.9433333333333334,0.00998645168764533,request_rescan,0.12413
1230,1230,0.9433333333333334,0.00998645168764533,discard,0.124231
1231,1231,0.9433333333333334,0.00998645168764533,discard,0.124333
1232,1232,0.9433333333333334,0.00998645168764533,discard,0.12443
1233,1233,0.76,0.00998645168764533,log_and_continue,0.124526
1234,1234,0.9433333333333334,0.00998645168764533,discard,0.124632
1235,1235,0.76,0.00998645168764533,log_and_continue,0.124731
1236,1236,0.9433333333333334,0.00998645168764533,discard,0.124828
1237,1237,0.9433333333333334,0.00998645168764533,discard,0.124925
1238,1238,0.9433333333333334,0.00998645168764533,request_rescan,0.125021
1239,1239,0.9433333333333334,0.00998645168764533,discard,0.125119
1240,1240,0.9433333333333334,0.00998645168764533,discard,0.125214
1241,1241,0.76,0.00998645168764533,request_rescan,0.125317
1242,1242,0.9433333333333334,0.00998645168764533,request_rescan,0.125414
1243,1243,0.9433333333333334,0.00998645168764533,discard,0.125512
1244,1244,0.76,0.00998645168764533,log_and_continue,0.125625
1245,1245,0.9433333333333334,0.00998645168764533,discard,0.125802
1246,1246,0.9433333333333334,0.00998645168764533,request_rescan,0.125994
1247,1247,0.9433333333333334,0.00998645168764533,discard,0.126119
1248,1248,0.9433333333333334,0.00998645168764533,request_rescan,0.126229
1249,1249,0.9433333333333334,0.00998645168764533,discard,0.12634
1250,1250,0.76,0.00998645168764533,log_and_continue,0.126448
1251,1251,0.76,0.00998645168764533,log_and_continue,0.126549
1252,1252,0.9433333333333334,0.00998645168764533,request_rescan,0.12665
1253,1253,0.9433333333333334,0.00998645168764533,discard,0.126752
1254,1254,0.76,0.00998645168764533,log_and_continue,0.126905
1255,1255,0.9433333333333334,0.00998645168764533,discard,0.127075
1256,1256,0.9433333333333334,0.00998645168764533,request_rescan,0.127229
1257,1257,0.9433333333333334,0.00998645168764533,request_rescan,0.127379
1258,1258,0.76,0.00998645168764533,log_and_continue,0.127523
1259,1259,0.9433333333333334,0.00998645168764533,request_rescan,0.127664
1260,1260,0.76,0.00998645168764533,log_and_continue,0.127807
1261,1261,0.9433333333333334,0.00998645168764533,discard,0.127953
1262,1262,0.9433333333333334,0.00998645168764533,discard,0.128104
1263,1263,0.76,0.00998645168764533,log_and_continue,0.128257
1264,1264,0.76,0.00998645168764533,log_and_continue,0.128406
1265,1265,0.9433333333333334,0.00998645168764533,discard,0.128545
1266,1266,0.9433333333333334,0.00998645168764533,discard,0.12869
1267,1267,0.9433333333333334,0.00998645168764533,discard,0.128831
1268,1268,0.76,0.00998645168764533,log_and_continue,0.128976
1269,1269,0.9433333333333334,0.00998645168764533,discard,0.129114
1270,1270,0.9433333333333334,0.00998645168764533,discard,0.129266
1271,1271,0.9433333333333334,0.00998645168764533,discard,0.129415
1272,1272,0.9433333333333334,0.00998645168764533,discard,0.129561
1273,1273,0.9433333333333334,0.00998645168764533,request_rescan,0.129708
1274,1274,0.9433333333333334,0.00998645168764533,discard,0.129853
1275,1275,0.9433333333333334,0.00998645168764533,discard,0.129996
1276,1276,0.9433333333333334,0.00998645168764533,discard,0.130139
1277,1277,0.76,0.00998645168764533,log_and_continue,0.130288
1278,1278,0.9433333333333334,0.00998645168764533,request_rescan,0.130438
1279,1279,0.9433333333333334,0.00998645168764533,discard,0.130588
1280,1280,0.9433333333333334,0.00998645168764533,discard,0.130739
1281,1281,0.9433333333333334,0.00998645168764533,request_rescan,0.130937
1282,1282,0.9433333333333334,0.00998645168764533,request_rescan,0.131113
1283,1283,0.9433333333333334,0.00998645168764533,request_rescan,0.131293
1284,1284,0.9433333333333334,0.00998645168764533,request_rescan,0.131465
1285,1285,0.76,0.00998645168764533,log_and_continue,0.131635
1286,1286,0.9433333333333334,0.00998645168764533,discard,0.131796
1287,1287,0.9433333333333334,0.00998645168764533,discard,0.131961
1288,1288,0.9433333333333334,0.00998645168764533,discard,0.132133
1289,1289,0.9433333333333334,0.00998645168764533,discard,0.132299
1290,1290,0.9433333333333334,0.00998645168764533,discard,0.132462
1291,1291,0.76,0.00998645168764533,log_and_continue,0.132624
1292,1292,0.9433333333333334,0.00998645168764533,request_rescan,0.132785
1293,1293,0.9433333333333334,0.00998645168764533,discard,0.132958
1294,1294,0.9433333333333334,0.00998645168764533,discard,0.133119
1295,1295,0.76,0.00998645168764533,log_and_continue,0.133281
1296,1296,0.9433333333333334,0.00998645168764533,discard,0.133448
1297,1297,0.9433333333333334,0.00998645168764533,request_rescan,0.133606
1298,1298,0.9433333333333334,0.00998645168764533,discard,0.133759
1299,1299,0.9433333333333334,0.00998645168764533,request_rescan,0.133915
1300,1300,0.9433333333333334,0.00998645168764533,discard,0.134074
1301,1301,0.9433333333333334,0.00998645168764533,discard,0.134343
1302,1302,0.9433333333333334,0.00998645168764533,discard,0.13453
1303,1303,0.76,0.00998645168764533,log_and_continue,0.134702
1304,1304,0.9433333333333334,0.00998645168764533,discard,0.134872
1305,1305,0.76,0.00998645168764533,log_and_continue,0.135032
1306,1306,0.76,0.00998645168764533,log_and_continue,0.135191
1307,1307,0.9433333333333334,0.00998645168764533,discard,0.135365
1308,1308,0.76,0.00998645168764533,log_and_continue,0.135536
1309,1309,0.76,0.00998645168764533,request_rescan,0.135703
1310,1310,0.76,0.00998645168764533,log_and_continue,0.135871
1311,1311,0.9433333333333334,0.00998645168764533,discard,0.136039
1312,1312,0.76,0.00998645168764533,log_and_continue,0.136199
1313,1313,0.9433333333333334,0.00998645168764533,discard,0.136442
1314,1314,0.9433333333333334,0.00998645168764533,discard,0.136658
1315,1315,0.76,0.00998645168764533,log_and_continue,0.13686
1316,1316,0.9433333333333334,0.00998645168764533,request_rescan,0.137047
1317,1317,0.9433333333333334,0.00998645168764533,request_rescan,0.137266
1318,1318,0.9433333333333334,0.00998645168764533,discard,0.137499
1319,1319,0.9433333333333334,0.00998645168764533,discard,0.137708
1320,1320,0.9433333333333334,0.00998645168764533,discard,0.137913
1321,1321,0.76,0.00998645168764533,log_and_continue,0.138119
1322,1322,0.9433333333333334,0.00998645168764533,discard,0.138478
1323,1323,0.9433333333333334,0.00998645168764533,discard,0.138643
1324,1324,0.9433333333333334,0.00998645168764533,discard,0.13879
1325,1325,0.76,0.00998645168764533,log_and_continue,0.138902
1326,1326,0.9433333333333334,0.00998645168764533,discard,0.139009
1327,1327,0.76,0.00998645168764533,log_and_continue,0.139111
1328,1328,0.9433333333333334,0.00998645168764533,request_rescan,0.139217
1329,1329,0.9433333333333334,0.00998645168764533,discard,0.139326
1330,1330,0.9433333333333334,0.00998645168764533,discard,0.139431
1331,1331,0.76,0.00998645168764533,log_and_continue,0.139533
1332,1332,0.9433333333333334,0.00998645168764533,request_rescan,0.139631
1333,1333,0.9433333333333334,0.00998645168764533,discard,0.13973
1334,1334,0.76,0.00998645168764533,log_and_continue,0.139831
1335,1335,0.76,0.00998645168764533,log_and_continue,0.139928
1336,1336,0.9433333333333334,0.00998645168764533,discard,0.140029
1337,1337,0.76,0.00998645168764533,log_and_continue,0.140132
1338,1338,0.9433333333333334,0.00998645168764533,request_rescan,0.140236
1339,1339,0.76,0.00998645168764533,log_and_continue,0.140341
1340,1340,0.9433333333333334,0.00998645168764533,request_rescan,0.14044
1341,1341,0.9433333333333334,0.00998645168764533,request_rescan,0.14054
1342,1342,0.9433333333333334,0.00998645168764533,request_rescan,0.140632
1343,1343,0.9433333333333334,0.00998645168764533,request_rescan,0.140727
1344,1344,0.76,0.00998645168764533,log_and_continue,0.140821
1345,1345,0.9433333333333334,0.00998645168764533,discard,0.140916
1346,1346,0.76,0.00998645168764533,log_and_continue,0.141015
1347,1347,0.9433333333333334,0.00998645168764533,discard,0.141112
1348,1348,0.9433333333333334,0.00998645168764533,discard,0.141209
1349,1349,0.76,0.00998645168764533,log_and_continue,0.141307
1350,1350,0.9433333333333334,0.00998645168764533,discard,0.141402
1351,1351,0.9433333333333334,0.00998645168764533,discard,0.1415
1352,1352,0.76,0.00998645168764533,log_and_continue,0.141599
1353,1353,0.9433333333333334,0.00998645168764533,discard,0.141698
1354,1354,0.9433333333333334,0.00998645168764533,discard,0.141799
1355,1355,0.76,0.00998645168764533,log_and_continue,0.141898
1356,1356,0.9433333333333334,0.00998645168764533,discard,0.141991
1357,1357,0.9433333333333334,0.00998645168764533,discard,0.142092
1358,1358,0.9433333333333334,0.00998645168764533,request_rescan,0.142192
1359,1359,0.9433333333333334,0.00998645168764533,discard,0.142295
1360,1360,0.9433333333333334,0.00998645168764533,discard,0.142402
1361,1361,0.76,0.00998645168764533,log_and_continue,0.142507
1362,1362,0.76,0.00998645168764533,log_and_continue,0.142604
1363,1363,0.9433333333333334,0.00998645168764533,discard,0.142702
1364,1364,0.76,0.00998645168764533,log_and_continue,0.142799
1365,1365,0.9433333333333334,0.00998645168764533,discard,0.142899
1366,1366,0.9433333333333334,0.00998645168764533,request_rescan,0.142999
1367,1367,0.9433333333333334,0.00998645168764533,discard,0.143105
1368,1368,0.9433333333333334,0.00998645168764533,request_rescan,0.143206
1369,1369,0.76,0.00998645168764533,log_and_continue,0.143319
1370,1370,0.9433333333333334,0.00998645168764533,discard,0.143422
1371,1371,0.9433333333333334,0.00998645168764533,request_rescan,0.14352
1372,1372,0.9433333333333334,0.00998645168764533,discard,0.143618
1373,1373,0.9433333333333334,0.00998645168764533,request_rescan,0.143715
1374,1374,0.9433333333333334,0.00998645168764533,discard,0.143813
1375,1375,0.9433333333333334,0.00998645168764533,request_rescan,0.143911
1376,1376,0.9433333333333334,0.00998645168764533,request_rescan,0.144011
1377,1377,0.76,0.00998645168764533,log_and_continue,0.14411
1378,1378,0.76,0.00998645168764533,log_and_continue,0.144221
1379,1379,0.9433333333333334,0.00998645168764533,discard,0.144328
1380,1380,0.9433333333333334,0.00998645168764533,discard,0.144437
1381,1381,0.76,0.00998645168764533,log_and_continue,0.144537
1382,1382,0.76,0.00998645168764533,log_and_continue,0.144637
1383,1383,0.9433333333333334,0.00998645168764533,request_rescan,0.144733
1384,1384,0.9433333333333334,0.00998645168764533,discard,0.144829
1385,1385,0.76,0.00998645168764533,log_and_continue,0.144923
1386,1386,0.76,0.00998645168764533,log_and_continue,0.145021
1387,1387,0.9433333333333334,0.00998645168764533,discard,0.14512
1388,1388,0.76,0.00998645168764533,log_and_continue,0.145216
1389,1389,0.9433333333333334,0.00998645168764533,discard,0.145318
1390,1390,0.76,0.00998645168764533,log_and_continue,0.145419
1391,1391,0.9433333333333334,0.00998645168764533,discard,0.145516
1392,1392,0.76,0.00998645168764533,log_and_continue,0.145613
1393,1393,0.9433333333333334,0.00998645168764533,discard,0.145718
1394,1394,0.9433333333333334,0.00998645168764533,request_rescan,0.14582
1395,1395,0.9433333333333334,0.00998645168764533,discard,0.145918
1396,1396,0.9433333333333334,0.00998645168764533,discard,0.146016
1397,1397,0.76,0.00998645168764533,log_and_continue,0.146112
1398,1398,0.76,0.00998645168764533,log_and_continue,0.146208
1399,1399,0.9433333333333334,0.00998645168764533,request_rescan,0.146325
1400,1400,0.9433333333333334,0.00998645168764533,discard,0.146447
1401,1401,0.76,0.00998645168764533,log_and_continue,0.146599
1402,1402,0.9433333333333334,0.00998645168764533,discard,0.1467
1403,1403,0.9433333333333334,0.00998645168764533,request_rescan,0.146797
1404,1404,0.9433333333333334,0.00998645168764533,request_rescan,0.146891
1405,1405,0.9433333333333334,0.00998645168764533,discard,0.146988
1406,1406,0.76,0.00998645168764533,log_and_continue,0.147084
1407,1407,0.9433333333333334,0.00998645168764533,discard,0.147189
1408,1408,0.9433333333333334,0.00998645168764533,request_rescan,0.147296
1409,1409,0.9433333333333334,0.00998645168764533,request_rescan,0.147404
1410,1410,0.9433333333333334,0.00998645168764533,request_rescan,0.147515
1411,1411,0.9433333333333334,0.00998645168764533,discard,0.147616
1412,1412,0.9433333333333334,0.00998645168764533,discard,0.147716
1413,1413,0.9433333333333334,0.00998645168764533,discard,0.147813
1414,1414,0.9433333333333334,0.00998645168764533,discard,0.147911
1415,1415,0.76,0.00998645168764533,log_and_continue,0.14801
1416,1416,0.76,0.00998645168764533,log_and_continue,0.148104
1417,1417,0.9433333333333334,0.00998645168764533,discard,0.148203
1418,1418,0.9433333333333334,0.00998645168764533,request_rescan,0.148303
1419,1419,0.9433333333333334,0.00998645168764533,request_rescan,0.148399
1420,1420,0.76,0.00998645168764533,log_and_continue,0.148495
1421,1421,0.9433333333333334,0.00998645168764533,request_rescan,0.148589
1422,1422,0.76,0.00998645168764533,log_and_continue,0.148685
1423,1423,0.9433333333333334,0.00998645168764533,request_rescan,0.14878
1424,1424,0.76,0.00998645168764533,log_and_continue,0.148878
1425,1425,0.9433333333333334,0.00998645168764533,request_rescan,0.148977
1426,1426,0.9433333333333334,0.00998645168764533,request_rescan,0.149072
1427,1427,0.9433333333333334,0.00998645168764533,discard,0.149167
1428,1428,0.9433333333333334,0.00998645168764533,request_rescan,0.149265
1429,1429,0.9433333333333334,0.00998645168764533,request_rescan,0.149363
1430,1430,0.9433333333333334,0.00998645168764533,request_rescan,0.149462
1431,1431,0.9433333333333334,0.00998645168764533,discard,0.149563
1432,1432,0.9433333333333334,0.00998645168764533,request_rescan,0.149661
1433,1433,0.9433333333333334,0.00998645168764533,discard,0.149763
1434,1434,0.9433333333333334,0.00998645168764533,request_rescan,0.149862
1435,1435,0.9433333333333334,0.00998645168764533,request_rescan,0.149959
1436,1436,0.76,0.00998645168764533,log_and_continue,0.150056
1437,1437,0.9433333333333334,0.00998645168764533,discard,0.150151
1438,1438,0.9433333333333334,0.00998645168764533,request_rescan,0.150249
1439,1439,0.9433333333333334,0.00998645168764533,discard,0.150347
1440,1440,0.9433333333333334,0.00998645168764533,discard,0.150446
1441,1441,0.76,0.00998645168764533,log_and_continue,0.150544
1442,1442,0.9433333333333334,0.00998645168764533,discard,0.150643
1443,1443,0.9433333333333334,0.00998645168764533,discard,0.150737
1444,1444,0.76,0.00998645168764533,log_and_continue,0.150833
1445,1445,0.76,0.00998645168764533,request_rescan,0.150929
1446,1446,0.76,0.00998645168764533,log_and_continue,0.151029
1447,1447,0.9433333333333334,0.00998645168764533,request_rescan,0.151129
1448,1448,0.76,0.00998645168764533,log_and_continue,0.151227
1449,1449,0.9433333333333334,0.00998645168764533,discard,0.15133
1450,1450,0.9433333333333334,0.00998645168764533,discard,0.151425
1451,1451,0.76,0.00998645168764533,log_and_continue,0.151521
1452,1452,0.9433333333333334,0.00998645168764533,request_rescan,0.151619
1453,1453,0.9433333333333334,0.00998645168764533,request_rescan,0.151722
1454,1454,0.9433333333333334,0.00998645168764533,discard,0.151819
1455,1455,0.9433333333333334,0.00998645168764533,request_rescan,0.151926
1456,1456,0.9433333333333334,0.00998645168764533,discard,0.15202
1457,1457,0.9433333333333334,0.00998645168764533,discard,0.152121
1458,1458,0.9433333333333334,0.00998645168764533,discard,0.15222
1459,1459,0.9433333333333334,0.00998645168764533,discard,0.152324
1460,1460,0.76,0.00998645168764533,log_and_continue,0.15243
1461,1461,0.76,0.00998645168764533,log_and_continue,0.152527
1462,1462,0.9433333333333334,0.00998645168764533,discard,0.152636
1463,1463,0.76,0.00998645168764533,log_and_continue,0.15273
1464,1464,0.9433333333333334,0.00998645168764533,discard,0.152833
1465,1465,0.76,0.00998645168764533,log_and_continue,0.152931
1466,1466,0.9433333333333334,0.00998645168764533,request_rescan,0.153033
1467,1467,0.9433333333333334,0.00998645168764533,request_rescan,0.153133
1468,1468,0.76,0.00998645168764533,log_and_continue,0.153244
1469,1469,0.9433333333333334,0.00998645168764533,discard,0.153356
1470,1470,0.9433333333333334,0.00998645168764533,discard,0.153463
1471,1471,0.9433333333333334,0.00998645168764533,request_rescan,0.153572
1472,1472,0.9433333333333334,0.00998645168764533,discard,0.153675
1473,1473,0.9433333333333334,0.00998645168764533,discard,0.153771
1474,1474,0.9433333333333334,0.00998645168764533,request_rescan,0.153868
1475,1475,0.76,0.00998645168764533,log_and_continue,0.153966
1476,1476,0.76,0.00998645168764533,log_and_continue,0.154064
1477,1477,0.76,0.00998645168764533,discard,0.154166
1478,1478,0.76,0.00998645168764533,log_and_continue,0.154272
1479,1479,0.76,0.00998645168764533,log_and_continue,0.154372
1480,1480,0.9433333333333334,0.00998645168764533,request_rescan,0.154477
1481,1481,0.9433333333333334,0.00998645168764533,discard,0.154577
1482,1482,0.9433333333333334,0.00998645168764533,discard,0.154672
1483,1483,0.9433333333333334,0.00998645168764533,request_rescan,0.154767
1484,1484,0.9433333333333334,0.00998645168764533,discard,0.154863
1485,1485,0.9433333333333334,0.00998645168764533,discard,0.15496
1486,1486,0.9433333333333334,0.00998645168764533,discard,0.15506
1487,1487,0.9433333333333334,0.00998645168764533,request_rescan,0.15516
1488,1488,0.76,0.00998645168764533,log_and_continue,0.15526
1489,1489,0.76,0.00998645168764533,log_and_continue,0.155356
1490,1490,0.76,0.00998645168764533,log_and_continue,0.155457
1491,1491,0.9433333333333334,0.00998645168764533,discard,0.155556
1492,1492,0.76,0.00998645168764533,log_and_continue,0.15565
1493,1493,0.9433333333333334,0.00998645168764533,discard,0.155747
1494,1494,0.9433333333333334,0.00998645168764533,request_rescan,0.155843
1495,1495,0.9433333333333334,0.00998645168764533,request_rescan,0.155938
1496,1496,0.9433333333333334,0.00998645168764533,discard,0.156041
1497,1497,0.9433333333333334,0.00998645168764533,discard,0.15614
1498,1498,0.9433333333333334,0.00998645168764533,discard,0.156236
1499,1499,0.76,0.00998645168764533,log_and_continue,0.15634
1500,1500,0.9433333333333334,0.00998645168764533,discard,0.156455
1501,1501,0.9433333333333334,0.00998645168764533,request_rescan,0.156643
1502,1502,0.9433333333333334,0.00998645168764533,discard,0.15675
1503,1503,0.9433333333333334,0.00998645168764533,discard,0.156853
1504,1504,0.9433333333333334,0.00998645168764533,request_rescan,0.156952
1505,1505,0.76,0.00998645168764533,log_and_continue,0.157057
1506,1506,0.76,0.00998645168764533,log_and_continue,0.15716
1507,1507,0.9433333333333334,0.00998645168764533,discard,0.157269
1508,1508,0.9433333333333334,0.00998645168764533,request_rescan,0.157375
1509,1509,0.9433333333333334,0.00998645168764533,discard,0.157476
1510,1510,0.9433333333333334,0.00998645168764533,discard,0.157571
1511,1511,0.9433333333333334,0.00998645168764533,request_rescan,0.157668
1512,1512,0.76,0.00998645168764533,log_and_continue,0.157765
1513,1513,0.9433333333333334,0.00998645168764533,discard,0.157865
1514,1514,0.76,0.00998645168764533,log_and_continue,0.157966
1515,1515,0.9433333333333334,0.00998645168764533,discard,0.158062
1516,1516,0.9433333333333334,0.00998645168764533,discard,0.158159
1517,1517,0.9433333333333334,0.00998645168764533,discard,0.158261
1518,1518,0.9433333333333334,0.00998645168764533,discard,0.158356
1519,1519,0.9433333333333334,0.00998645168764533,request_rescan,0.158452
1520,1520,0.9433333333333334,0.00998645168764533,request_rescan,0.158551
1521,1521,0.9433333333333334,0.00998645168764533,request_rescan,0.158663
1522,1522,0.76,0.00998645168764533,log_and_continue,0.158762
1523,1523,0.9433333333333334,0.00998645168764533,request_rescan,0.158859
1524,1524,0.76,0.00998645168764533,log_and_continue,0.158955
1525,1525,0.76,0.00998645168764533,log_and_continue,0.159046
1526,1526,0.9433333333333334,0.00998645168764533,discard,0.159156
1527,1527,0.9433333333333334,0.00998645168764533,discard,0.159271
1528,1528,0.9433333333333334,0.00998645168764533,discard,0.159382
1529,1529,0.76,0.00998645168764533,log_and_continue,0.15948
1530,1530,0.9433333333333334,0.00998645168764533,request_rescan,0.159575
1531,1531,0.9433333333333334,0.00998645168764533,request_rescan,0.15967
1532,1532,0.9433333333333334,0.00998645168764533,discard,0.159764
1533,1533,0.9433333333333334,0.00998645168764533,request_rescan,0.15986
1534,1534,0.9433333333333334,0.00998645168764533,discard,0.159953
1535,1535,0.9433333333333334,0.00998645168764533,discard,0.160054
1536,1536,0.9433333333333334,0.00998645168764533,discard,0.160152
1537,1537,0.9433333333333334,0.00998645168764533,discard,0.16025
1538,1538,0.9433333333333334,0.00998645168764533,discard,0.16035
1539,1539,0.9433333333333334,0.00998645168764533,discard,0.160444
1540,1540,0.9433333333333334,0.00998645168764533,request_rescan,0.16054
1541,1541,0.9433333333333334,0.00998645168764533,discard,0.160636
1542,1542,0.9433333333333334,0.00998645168764533,discard,0.160727
1543,1543,0.9433333333333334,0.00998645168764533,discard,0.160821
1544,1544,0.9433333333333334,0.00998645168764533,discard,0.160918
1545,1545,0.9433333333333334,0.00998645168764533,discard,0.161014
1546,1546,0.9433333333333334,0.00998645168764533,discard,0.161113
1547,1547,0.9433333333333334,0.00998645168764533,discard,0.16121
1548,1548,0.9433333333333334,0.00998645168764533,discard,0.161306
1549,1549,0.9433333333333334,0.00998645168764533,discard,0.161401
1550,1550,0.9433333333333334,0.00998645168764533,request_rescan,0.161503
1551,1551,0.9433333333333334,0.00998645168764533,discard,0.161604
1552,1552,0.9433333333333334,0.00998645168764533,request_rescan,0.161705
1553,1553,0.9433333333333334,0.00998645168764533,discard,0.161804
1554,1554,0.9433333333333334,0.00998645168764533,discard,0.1619
1555,1555,0.9433333333333334,0.00998645168764533,request_rescan,0.162004
1556,1556,0.9433333333333334,0.00998645168764533,discard,0.162097
1557,1557,0.9433333333333334,0.00998645168764533,request_rescan,0.162193
1558,1558,0.9433333333333334,0.00998645168764533,request_rescan,0.162292
1559,1559,0.9433333333333334,0.00998645168764533,discard,0.16239
1560,1560,0.76,0.00998645168764533,log_and_continue,0.162491
1561,1561,0.9433333333333334,0.00998645168764533,discard,0.162591
1562,1562,0.9433333333333334,0.00998645168764533,discard,0.162684
1563,1563,0.9433333333333334,0.00998645168764533,discard,0.162777
1564,1564,0.9433333333333334,0.00998645168764533,request_rescan,0.162873
1565,1565,0.76,0.00998645168764533,log_and_continue,0.16297
1566,1566,0.9433333333333334,0.00998645168764533,request_rescan,0.163068
1567,1567,0.76,0.00998645168764533,log_and_continue,0.163162
1568,1568,0.9433333333333334,0.00998645168764533,request_rescan,0.163267
1569,1569,0.76,0.00998645168764533,log_and_continue,0.163365
1570,1570,0.9433333333333334,0.00998645168764533,request_rescan,0.163472
1571,1571,0.9433333333333334,0.00998645168764533,discard,0.163567
1572,1572,0.9433333333333334,0.00998645168764533,discard,0.163666
1573,1573,0.9433333333333334,0.00998645168764533,request_rescan,0.163761
1574,1574,0.9433333333333334,0.00998645168764533,request_rescan,0.163855
1575,1575,0.76,0.00998645168764533,log_and_continue,0.163973
1576,1576,0.76,0.00998645168764533,log_and_continue,0.164072
1577,1577,0.9433333333333334,0.00998645168764533,discard,0.164167
1578,1578,0.9433333333333334,0.00998645168764533,request_rescan,0.164271
1579,1579,0.76,0.00998645168764533,log_and_continue,0.164372
1580,1580,0.9433333333333334,0.00998645168764533,request_rescan,0.164468
1581,1581,0.9433333333333334,0.00998645168764533,discard,0.16456
1582,1582,0.76,0.00998645168764533,log_and_continue,0.164655
1583,1583,0.9433333333333334,0.00998645168764533,request_rescan,0.164749
1584,1584,0.9433333333333334,0.00998645168764533,request_rescan,0.164843
1585,1585,0.9433333333333334,0.00998645168764533,request_rescan,0.164942
1586,1586,0.9433333333333334,0.00998645168764533,discard,0.165057
1587,1587,0.76,0.00998645168764533,log_and_continue,0.165183
1588,1588,0.9433333333333334,0.00998645168764533,request_rescan,0.165281
1589,1589,0.9433333333333334,0.00998645168764533,discard,0.165381
1590,1590,0.9433333333333334,0.00998645168764533,discard,0.165478
1591,1591,0.9433333333333334,0.00998645168764533,discard,0.165576
1592,1592,0.9433333333333334,0.00998645168764533,discard,0.165676
1593,1593,0.76,0.00998645168764533,log_and_continue,0.165778
1594,1594,0.9433333333333334,0.00998645168764533,request_rescan,0.165876
1595,1595,0.9433333333333334,0.00998645168764533,discard,0.165974
1596,1596,0.76,0.00998645168764533,log_and_continue,0.16607
1597,1597,0.9433333333333334,0.00998645168764533,discard,0.166166
1598,1598,0.9433333333333334,0.00998645168764533,discard,0.166265
1599,1599,0.9433333333333334,0.00998645168764533,request_rescan,0.166362
1600,1600,0.76,0.00998645168764533,log_and_continue,0.166459
1601,1601,0.76,0.00998645168764533,log_and_continue,0.166606
1602,1602,0.9433333333333334,0.00998645168764533,request_rescan,0.166714
1603,1603,0.9433333333333334,0.00998645168764533,discard,0.166819
1604,1604,0.9433333333333334,0.00998645168764533,discard,0.166921
1605,1605,0.9433333333333334,0.00998645168764533,request_rescan,0.16702
1606,1606,0.9433333333333334,0.00998645168764533,request_rescan,0.167116
1607,1607,0.9433333333333334,0.00998645168764533,request_rescan,0.167216
1608,1608,0.9433333333333334,0.00998645168764533,request_rescan,0.167323
1609,1609,0.9433333333333334,0.00998645168764533,request_rescan,0.167421
1610,1610,0.9433333333333334,0.00998645168764533,discard,0.167522
1611,1611,0.9433333333333334,0.00998645168764533,request_rescan,0.167618
1612,1612,0.9433333333333334,0.00998645168764533,discard,0.167716
1613,1613,0.76,0.00998645168764533,request_rescan,0.167818
1614,1614,0.9433333333333334,0.00998645168764533,discard,0.167927
1615,1615,0.9433333333333334,0.00998645168764533,discard,0.168027
1616,1616,0.9433333333333334,0.00998645168764533,request_rescan,0.168124
1617,1617,0.76,0.00998645168764533,log_and_continue,0.168221
1618,1618,0.76,0.00998645168764533,log_and_continue,0.168326
1619,1619,0.9433333333333334,0.00998645168764533,request_rescan,0.168422
1620,1620,0.9433333333333334,0.00998645168764533,request_rescan,0.168516
1621,1621,0.9433333333333334,0.00998645168764533,discard,0.168611
1622,1622,0.9433333333333334,0.00998645168764533,discard,0.168717
1623,1623,0.9433333333333334,0.00998645168764533,request_rescan,0.168816
1624,1624,0.76,0.00998645168764533,log_and_continue,0.168918
1625,1625,0.9433333333333334,0.00998645168764533,request_rescan,0.169014
1626,1626,0.9433333333333334,0.00998645168764533,request_rescan,0.169112
1627,1627,0.9433333333333334,0.00998645168764533,discard,0.169213
1628,1628,0.76,0.00998645168764533,log_and_continue,0.169325
1629,1629,0.76,0.00998645168764533,log_and_continue,0.169425
1630,1630,0.76,0.00998645168764533,log_and_continue,0.169521
1631,1631,0.9433333333333334,0.00998645168764533,discard,0.169619
1632,1632,0.9433333333333334,0.00998645168764533,discard,0.169715
1633,1633,0.9433333333333334,0.00998645168764533,request_rescan,0.169813
1634,1634,0.9433333333333334,0.00998645168764533,discard,0.169909
1635,1635,0.9433333333333334,0.00998645168764533,discard,0.170001
1636,1636,0.76,0.00998645168764533,log_and_continue,0.170101
1637,1637,0.9433333333333334,0.00998645168764533,discard,0.170196
1638,1638,0.9433333333333334,0.00998645168764533,request_rescan,0.170298
1639,1639,0.9433333333333334,0.00998645168764533,request_rescan,0.170393
1640,1640,0.9433333333333334,0.00998645168764533,request_rescan,0.170486
1641,1641,0.9433333333333334,0.00998645168764533,discard,0.170585
1642,1642,0.76,0.00998645168764533,log_and_continue,0.170685
1643,1643,0.9433333333333334,0.00998645168764533,request_rescan,0.170784
1644,1644,0.9433333333333334,0.00998645168764533,request_rescan,0.170878
1645,1645,0.9433333333333334,0.00998645168764533,discard,0.170974
1646,1646,0.9433333333333334,0.00998645168764533,discard,0.171068
1647,1647,0.9433333333333334,0.00998645168764533,request_rescan,0.171164
1648,1648,0.9433333333333334,0.00998645168764533,request_rescan,0.171264
1649,1649,0.9433333333333334,0.00998645168764533,discard,0.171367
1650,1650,0.76,0.00998645168764533,log_and_continue,0.171466
1651,1651,0.9433333333333334,0.00998645168764533,discard,0.171565
1652,1652,0.9433333333333334,0.00998645168764533,discard,0.171659
1653,1653,0.76,0.00998645168764533,log_and_continue,0.171773
1654,1654,0.9433333333333334,0.00998645168764533,discard,0.171872
1655,1655,0.9433333333333334,0.00998645168764533,request_rescan,0.171977
1656,1656,0.9433333333333334,0.00998645168764533,discard,0.172074
1657,1657,0.76,0.00998645168764533,log_and_continue,0.172174
1658,1658,0.9433333333333334,0.00998645168764533,discard,0.172282
1659,1659,0.9433333333333334,0.00998645168764533,request_rescan,0.172383
1660,1660,0.9433333333333334,0.00998645168764533,request_rescan,0.172478
1661,1661,0.9433333333333334,0.00998645168764533,discard,0.172572
1662,1662,0.9433333333333334,0.00998645168764533,request_rescan,0.172669
1663,1663,0.76,0.00998645168764533,log_and_continue,0.172774
1664,1664,0.9433333333333334,0.00998645168764533,discard,0.172878
1665,1665,0.9433333333333334,0.00998645168764533,discard,0.172985
1666,1666,0.76,0.00998645168764533,log_and_continue,0.17308
1667,1667,0.76,0.00998645168764533,log_and_continue,0.173176
1668,1668,0.9433333333333334,0.00998645168764533,request_rescan,0.173276
1669,1669,0.6633333333333333,0.00998645168764533,log_and_continue,0.173383
1670,1670,0.9433333333333334,0.00998645168764533,discard,0.173496
1671,1671,0.9433333333333334,0.00998645168764533,request_rescan,0.173624
1672,1672,0.9433333333333334,0.00998645168764533,request_rescan,0.173722
1673,1673,0.9433333333333334,0.00998645168764533,discard,0.173817
1674,1674,0.9433333333333334,0.00998645168764533,request_rescan,0.173914
1675,1675,0.9433333333333334,0.00998645168764533,discard,0.174008
1676,1676,0.9433333333333334,0.00998645168764533,discard,0.174109
1677,1677,0.9433333333333334,0.00998645168764533,request_rescan,0.174221
1678,1678,0.76,0.00998645168764533,log_and_continue,0.174326
1679,1679,0.9433333333333334,0.00998645168764533,discard,0.174428
1680,1680,0.76,0.00998645168764533,log_and_continue,0.174524
1681,1681,0.9433333333333334,0.00998645168764533,request_rescan,0.174622
1682,1682,0.9433333333333334,0.00998645168764533,discard,0.174723
1683,1683,0.9433333333333334,0.00998645168764533,discard,0.174818
1684,1684,0.76,0.00998645168764533,log_and_continue,0.174915
1685,1685,0.9433333333333334,0.00998645168764533,request_rescan,0.17501
1686,1686,0.9433333333333334,0.00998645168764533,discard,0.175106
1687,1687,0.9433333333333334,0.00998645168764533,request_rescan,0.1752
1688,1688,0.76,0.00998645168764533,log_and_continue,0.175299
1689,1689,0.9433333333333334,0.00998645168764533,discard,0.175402
1690,1690,0.76,0.00998645168764533,log_and_continue,0.175499
1691,1691,0.9433333333333334,0.00998645168764533,request_rescan,0.175594
1692,1692,0.9433333333333334,0.00998645168764533,request_rescan,0.175692
1693,1693,0.9433333333333334,0.00998645168764533,discard,0.175786
1694,1694,0.9433333333333334,0.00998645168764533,request_rescan,0.175881
1695,1695,0.76,0.00998645168764533,log_and_continue,0.175976
1696,1696,0.76,0.00998645168764533,log_and_continue,0.17607
1697,1697,0.9433333333333334,0.00998645168764533,discard,0.176168
1698,1698,0.9433333333333334,0.00998645168764533,request_rescan,0.176269
1699,1699,0.76,0.00998645168764533,log_and_continue,0.176366
1700,1700,0.9433333333333334,0.00998645168764533,discard,0.176464
1701,1701,0.76,0.00998645168764533,log_and_continue,0.176592
1702,1702,0.9433333333333334,0.00998645168764533,request_rescan,0.176689
1703,1703,0.9433333333333334,0.00998645168764533,discard,0.17679
1704,1704,0.9433333333333334,0.00998645168764533,discard,0.176886
1705,1705,0.9433333333333334,0.00998645168764533,discard,0.176985
1706,1706,0.9433333333333334,0.00998645168764533,request_rescan,0.177082
1707,1707,0.9433333333333334,0.00998645168764533,request_rescan,0.177181
1708,1708,0.9433333333333334,0.00998645168764533,request_rescan,0.177287
1709,1709,0.9433333333333334,0.00998645168764533,discard,0.177384
1710,1710,0.9433333333333334,0.00998645168764533,request_rescan,0.177482
1711,1711,0.76,0.00998645168764533,log_and_continue,0.177579
1712,1712,0.9433333333333334,0.00998645168764533,request_rescan,0.177674
1713,1713,0.9433333333333334,0.00998645168764533,request_rescan,0.177764
1714,1714,0.9433333333333334,0.00998645168764533,discard,0.177862
1715,1715,0.9433333333333334,0.00998645168764533,request_rescan,0.177958
1716,1716,0.76,0.00998645168764533,log_and_continue,0.178054
1717,1717,0.76,0.00998645168764533,log_and_continue,0.178149
1718,1718,0.9433333333333334,0.00998645168764533,discard,0.17825
1719,1719,0.9433333333333334,0.00998645168764533,request_rescan,0.178345
1720,1720,0.9433333333333334,0.00998645168764533,discard,0.178444
1721,1721,0.76,0.00998645168764533,log_and_continue,0.178544
1722,1722,0.9433333333333334,0.00998645168764533,discard,0.17864
1723,1723,0.9433333333333334,0.00998645168764533,discard,0.178741
1724,1724,0.9433333333333334,0.00998645168764533,request_rescan,0.17884
1725,1725,0.76,0.00998645168764533,log_and_continue,0.178936
1726,1726,0.9433333333333334,0.00998645168764533,discard,0.179032
1727,1727,0.9433333333333334,0.00998645168764533,discard,0.179126
1728,1728,0.9433333333333334,0.00998645168764533,discard,0.179222
1729,1729,0.9433333333333334,0.00998645168764533,discard,0.179455
1730,1730,0.76,0.00998645168764533,log_and_continue,0.179596
1731,1731,0.9433333333333334,0.00998645168764533,request_rescan,0.179718
1732,1732,0.9433333333333334,0.00998645168764533,discard,0.179839
1733,1733,0.76,0.00998645168764533,log_and_continue,0.179952
1734,1734,0.9433333333333334,0.00998645168764533,request_rescan,0.180059
1735,1735,0.76,0.00998645168764533,log_and_continue,0.180167
1736,1736,0.9433333333333334,0.00998645168764533,request_rescan,0.18031
1737,1737,0.9433333333333334,0.00998645168764533,discard,0.180414
1738,1738,0.9433333333333334,0.00998645168764533,discard,0.180516
1739,1739,0.9433333333333334,0.00998645168764533,request_rescan,0.180623
1740,1740,0.9433333333333334,0.00998645168764533,discard,0.180745
1741,1741,0.9433333333333334,0.00998645168764533,discard,0.180848
1742,1742,0.9433333333333334,0.00998645168764533,discard,0.180947
1743,1743,0.9433333333333334,0.00998645168764533,discard,0.181062
1744,1744,0.76,0.00998645168764533,log_and_continue,0.18116
1745,1745,0.9433333333333334,0.00998645168764533,discard,0.181263
1746,1746,0.9433333333333334,0.00998645168764533,discard,0.18137
1747,1747,0.9433333333333334,0.00998645168764533,request_rescan,0.181473
1748,1748,0.9433333333333334,0.00998645168764533,discard,0.181572
1749,1749,0.9433333333333334,0.00998645168764533,discard,0.181668
1750,1750,0.9433333333333334,0.00998645168764533,discard,0.181769
1751,1751,0.76,0.00998645168764533,log_and_continue,0.181867
1752,1752,0.9433333333333334,0.00998645168764533,discard,0.181963
1753,1753,0.9433333333333334,0.00998645168764533,discard,0.18206
1754,1754,0.9433333333333334,0.00998645168764533,discard,0.182158
1755,1755,0.9433333333333334,0.00998645168764533,discard,0.182258
1756,1756,0.9433333333333334,0.00998645168764533,discard,0.182352
1757,1757,0.9433333333333334,0.00998645168764533,discard,0.182451
1758,1758,0.9433333333333334,0.00998645168764533,discard,0.182549
1759,1759,0.9433333333333334,0.00998645168764533,discard,0.182648
1760,1760,0.9433333333333334,0.00998645168764533,discard,0.182751
1761,1761,0.76,0.00998645168764533,log_and_continue,0.182853
1762,1762,0.9433333333333334,0.00998645168764533,request_rescan,0.18295
1763,1763,0.9433333333333334,0.00998645168764533,discard,0.183049
1764,1764,0.9433333333333334,0.00998645168764533,discard,0.183144
1765,1765,0.9433333333333334,0.00998645168764533,discard,0.183243
1766,1766,0.9433333333333334,0.00998645168764533,request_rescan,0.183356
1767,1767,0.76,0.00998645168764533,log_and_continue,0.183476
1768,1768,0.76,0.00998645168764533,log_and_continue,0.183574
1769,1769,0.9433333333333334,0.00998645168764533,discard,0.183675
1770,1770,0.9433333333333334,0.00998645168764533,discard,0.183776
1771,1771,0.9433333333333334,0.00998645168764533,discard,0.183879
1772,1772,0.76,0.00998645168764533,log_and_continue,0.18398
1773,1773,0.9433333333333334,0.00998645168764533,discard,0.184075
1774,1774,0.9433333333333334,0.00998645168764533,discard,0.184174
1775,1775,0.9433333333333334,0.00998645168764533,request_rescan,0.184279
1776,1776,0.9433333333333334,0.00998645168764533,discard,0.184376
1777,1777,0.9433333333333334,0.00998645168764533,request_rescan,0.184474
1778,1778,0.9433333333333334,0.00998645168764533,discard,0.184574
1779,1779,0.9433333333333334,0.00998645168764533,request_rescan,0.184671
1780,1780,0.9433333333333334,0.00998645168764533,discard,0.184771
1781,1781,0.76,0.00998645168764533,log_and_continue,0.184869
1782,1782,0.9433333333333334,0.00998645168764533,request_rescan,0.184966
1783,1783,0.9433333333333334,0.00998645168764533,discard,0.185071
1784,1784,0.9433333333333334,0.00998645168764533,discard,0.18517
1785,1785,0.9433333333333334,0.00998645168764533,discard,0.185271
1786,1786,0.76,0.00998645168764533,log_and_continue,0.18537
1787,1787,0.9433333333333334,0.00998645168764533,request_rescan,0.185474
1788,1788,0.76,0.00998645168764533,log_and_continue,0.185575
1789,1789,0.76,0.00998645168764533,log_and_continue,0.185678
1790,1790,0.9433333333333334,0.00998645168764533,discard,0.185777
1791,1791,0.9433333333333334,0.00998645168764533,discard,0.185874
1792,1792,0.9433333333333334,0.00998645168764533,request_rescan,0.185975
1793,1793,0.9433333333333334,0.00998645168764533,discard,0.186082
1794,1794,0.9433333333333334,0.00998645168764533,discard,0.186188
1795,1795,0.9433333333333334,0.00998645168764533,request_rescan,0.186293
1796,1796,0.9433333333333334,0.00998645168764533,discard,0.186416
1797,1797,0.9433333333333334,0.00998645168764533,request_rescan,0.186514
1798,1798,0.9433333333333334,0.00998645168764533,discard,0.18661
1799,1799,0.9433333333333334,0.00998645168764533,request_rescan,0.186707
1800,1800,0.76,0.00998645168764533,log_and_continue,0.186809
1801,1801,0.9433333333333334,0.00998645168764533,discard,0.18695
1802,1802,0.9433333333333334,0.00998645168764533,discard,0.18705
1803,1803,0.9433333333333334,0.00998645168764533,discard,0.187148
1804,1804,0.9433333333333334,0.00998645168764533,discard,0.187247
1805,1805,0.9433333333333334,0.00998645168764533,request_rescan,0.187347
1806,1806,0.9433333333333334,0.00998645168764533,discard,0.187448
1807,1807,0.76,0.00998645168764533,log_and_continue,0.187549
1808,1808,0.9433333333333334,0.00998645168764533,discard,0.187649
1809,1809,0.9433333333333334,0.00998645168764533,discard,0.187746
1810,1810,0.9433333333333334,0.00998645168764533,discard,0.187838
1811,1811,0.9433333333333334,0.00998645168764533,discard,0.187929
1812,1812,0.9433333333333334,0.00998645168764533,discard,0.188021
1813,1813,0.9433333333333334,0.00998645168764533,request_rescan,0.188114
1814,1814,0.9433333333333334,0.00998645168764533,discard,0.188209
1815,1815,0.9433333333333334,0.00998645168764533,discard,0.188311
1816,1816,0.76,0.00998645168764533,log_and_continue,0.188411
1817,1817,0.76,0.00998645168764533,log_and_continue,0.188511
1818,1818,0.76,0.00998645168764533,log_and_continue,0.188608
1819,1819,0.9433333333333334,0.00998645168764533,request_rescan,0.188709
1820,1820,0.9433333333333334,0.00998645168764533,discard,0.18882
1821,1821,0.9433333333333334,0.00998645168764533,request_rescan,0.188924
1822,1822,0.76,0.00998645168764533,log_and_continue,0.189022
1823,1823,0.9433333333333334,0.00998645168764533,request_rescan,0.18912
1824,1824,0.76,0.00998645168764533,log_and_continue,0.189216
1825,1825,0.9433333333333334,0.00998645168764533,discard,0.189316
1826,1826,0.9433333333333334,0.00998645168764533,discard,0.18941
1827,1827,0.9433333333333334,0.00998645168764533,request_rescan,0.189505
1828,1828,0.9433333333333334,0.00998645168764533,request_rescan,0.189615
1829,1829,0.9433333333333334,0.00998645168764533,discard,0.189723
1830,1830,0.9433333333333334,0.00998645168764533,request_rescan,0.189819
1831,1831,0.9433333333333334,0.00998645168764533,discard,0.189916
1832,1832,0.9433333333333334,0.00998645168764533,request_rescan,0.19001
1833,1833,0.9433333333333334,0.00998645168764533,discard,0.190106
1834,1834,0.76,0.00998645168764533,log_and_continue,0.190202
1835,1835,0.9433333333333334,0.00998645168764533,discard,0.190306
1836,1836,0.9433333333333334,0.00998645168764533,discard,0.190406
1837,1837,0.9433333333333334,0.00998645168764533,request_rescan,0.190503
1838,1838,0.76,0.00998645168764533,log_and_continue,0.190601
1839,1839,0.76,0.00998645168764533,log_and_continue,0.190695
1840,1840,0.9433333333333334,0.00998645168764533,request_rescan,0.190791
1841,1841,0.9433333333333334,0.00998645168764533,discard,0.190889
1842,1842,0.9433333333333334,0.00998645168764533,discard,0.190984
1843,1843,0.76,0.00998645168764533,log_and_continue,0.191079
1844,1844,0.9433333333333334,0.00998645168764533,request_rescan,0.191179
1845,1845,0.9433333333333334,0.00998645168764533,request_rescan,0.191281
1846,1846,0.9433333333333334,0.00998645168764533,request_rescan,0.19138
1847,1847,0.9433333333333334,0.00998645168764533,request_rescan,0.191475
1848,1848,0.9433333333333334,0.00998645168764533,discard,0.191573
1849,1849,0.9433333333333334,0.00998645168764533,request_rescan,0.19167
1850,1850,0.9433333333333334,0.00998645168764533,discard,0.191778
1851,1851,0.9433333333333334,0.00998645168764533,discard,0.19188
1852,1852,0.9433333333333334,0.00998645168764533,discard,0.191984
1853,1853,0.9433333333333334,0.00998645168764533,request_rescan,0.192079
1854,1854,0.9433333333333334,0.00998645168764533,discard,0.192175
1855,1855,0.9433333333333334,0.00998645168764533,discard,0.192272
1856,1856,0.76,0.00998645168764533,log_and_continue,0.19238
1857,1857,0.76,0.00998645168764533,log_and_continue,0.192503
1858,1858,0.9433333333333334,0.00998645168764533,discard,0.192646
1859,1859,0.76,0.00998645168764533,log_and_continue,0.192744
1860,1860,0.9433333333333334,0.00998645168764533,request_rescan,0.192839
1861,1861,0.76,0.00998645168764533,log_and_continue,0.192936
1862,1862,0.9433333333333334,0.00998645168764533,request_rescan,0.193035
1863,1863,0.9433333333333334,0.00998645168764533,discard,0.193135
1864,1864,0.9433333333333334,0.00998645168764533,discard,0.193229
1865,1865,0.9433333333333334,0.00998645168764533,request_rescan,0.193328
1866,1866,0.9433333333333334,0.00998645168764533,discard,0.193422
1867,1867,0.9433333333333334,0.00998645168764533,request_rescan,0.193519
1868,1868,0.76,0.00998645168764533,log_and_continue,0.193617
1869,1869,0.9433333333333334,0.00998645168764533,discard,0.193717
1870,1870,0.76,0.00998645168764533,log_and_continue,0.193817
1871,1871,0.9433333333333334,0.00998645168764533,request_rescan,0.193914
1872,1872,0.9433333333333334,0.00998645168764533,request_rescan,0.194008
1873,1873,0.9433333333333334,0.00998645168764533,discard,0.194105
1874,1874,0.9433333333333334,0.00998645168764533,request_rescan,0.1942
1875,1875,0.9433333333333334,0.00998645168764533,discard,0.194303
1876,1876,0.9433333333333334,0.00998645168764533,request_rescan,0.194404
1877,1877,0.9433333333333334,0.00998645168764533,discard,0.194511
1878,1878,0.9433333333333334,0.00998645168764533,discard,0.194609
1879,1879,0.9433333333333334,0.00998645168764533,discard,0.194707
1880,1880,0.76,0.00998645168764533,log_and_continue,0.194807
1881,1881,0.9433333333333334,0.00998645168764533,request_rescan,0.194905
1882,1882,0.9433333333333334,0.00998645168764533,discard,0.195001
1883,1883,0.9433333333333334,0.00998645168764533,discard,0.195099
1884,1884,0.9433333333333334,0.00998645168764533,discard,0.1952
1885,1885,0.9433333333333334,0.00998645168764533,discard,0.195301
1886,1886,0.76,0.00998645168764533,log_and_continue,0.195398
1887,1887,0.9433333333333334,0.00998645168764533,request_rescan,0.195496
1888,1888,0.9433333333333334,0.00998645168764533,discard,0.195594
1889,1889,0.9433333333333334,0.00998645168764533,discard,0.19569
1890,1890,0.9433333333333334,0.00998645168764533,request_rescan,0.195787
1891,1891,0.9433333333333334,0.00998645168764533,discard,0.195891
1892,1892,0.9433333333333334,0.00998645168764533,request_rescan,0.195991
1893,1893,0.9433333333333334,0.00998645168764533,discard,0.196089
1894,1894,0.9433333333333334,0.00998645168764533,discard,0.196186
1895,1895,0.76,0.00998645168764533,log_and_continue,0.196286
1896,1896,0.9433333333333334,0.00998645168764533,discard,0.196383
1897,1897,0.76,0.00998645168764533,log_and_continue,0.196487
1898,1898,0.76,0.00998645168764533,log_and_continue,0.196591
1899,1899,0.9433333333333334,0.00998645168764533,discard,0.196695
1900,1900,0.9433333333333334,0.00998645168764533,discard,0.196793
1901,1901,0.9433333333333334,0.00998645168764533,discard,0.196946
1902,1902,0.76,0.00998645168764533,log_and_continue,0.197046
1903,1903,0.76,0.00998645168764533,log_and_continue,0.197148
1904,1904,0.76,0.00998645168764533,log_and_continue,0.197285
1905,1905,0.9433333333333334,0.00998645168764533,request_rescan,0.197435
1906,1906,0.9433333333333334,0.00998645168764533,request_rescan,0.197563
1907,1907,0.9433333333333334,0.00998645168764533,request_rescan,0.197659
1908,1908,0.9433333333333334,0.00998645168764533,discard,0.197754
1909,1909,0.9433333333333334,0.00998645168764533,discard,0.197859
1910,1910,0.76,0.00998645168764533,log_and_continue,0.197963
1911,1911,0.9433333333333334,0.00998645168764533,discard,0.198059
1912,1912,0.9433333333333334,0.00998645168764533,discard,0.198158
1913,1913,0.76,0.00998645168764533,log_and_continue,0.198259
1914,1914,0.9433333333333334,0.00998645168764533,discard,0.198354
1915,1915,0.9433333333333334,0.00998645168764533,discard,0.198452
1916,1916,0.9433333333333334,0.00998645168764533,request_rescan,0.19855
1917,1917,0.9433333333333334,0.00998645168764533,request_rescan,0.198647
1918,1918,0.76,0.00998645168764533,log_and_continue,0.198747
1919,1919,0.9433333333333334,0.00998645168764533,discard,0.198848
1920,1920,0.9433333333333334,0.00998645168764533,discard,0.198943
1921,1921,0.9433333333333334,0.00998645168764533,request_rescan,0.19904
1922,1922,0.76,0.00998645168764533,log_and_continue,0.199137
1923,1923,0.9433333333333334,0.00998645168764533,discard,0.199232
1924,1924,0.9433333333333334,0.00998645168764533,request_rescan,0.199332
1925,1925,0.9433333333333334,0.00998645168764533,discard,0.199432
1926,1926,0.9433333333333334,0.00998645168764533,discard,0.199529
1927,1927,0.76,0.00998645168764533,log_and_continue,0.199627
1928,1928,0.9433333333333334,0.00998645168764533,request_rescan,0.199722
1929,1929,0.9433333333333334,0.00998645168764533,discard,0.199819
1930,1930,0.9433333333333334,0.00998645168764533,discard,0.199913
1931,1931,0.9433333333333334,0.00998645168764533,request_rescan,0.200008
1932,1932,0.9433333333333334,0.00998645168764533,discard,0.200101
1933,1933,0.9433333333333334,0.00998645168764533,discard,0.200201
1934,1934,0.9433333333333334,0.00998645168764533,discard,0.200303
1935,1935,0.9433333333333334,0.00998645168764533,request_rescan,0.200401
1936,1936,0.76,0.00998645168764533,log_and_continue,0.200501
1937,1937,0.76,0.00998645168764533,log_and_continue,0.200599
1938,1938,0.9433333333333334,0.00998645168764533,discard,0.200696
1939,1939,0.9433333333333334,0.00998645168764533,request_rescan,0.200791
1940,1940,0.9433333333333334,0.00998645168764533,request_rescan,0.200884
1941,1941,0.9433333333333334,0.00998645168764533,discard,0.20098
1942,1942,0.9433333333333334,0.00998645168764533,request_rescan,0.201079
1943,1943,0.9433333333333334,0.00998645168764533,discard,0.201172
1944,1944,0.9433333333333334,0.00998645168764533,discard,0.201273
1945,1945,0.9433333333333334,0.00998645168764533,discard,0.201385
1946,1946,0.9433333333333334,0.00998645168764533,discard,0.201507
1947,1947,0.9433333333333334,0.00998645168764533,discard,0.201626
1948,1948,0.9433333333333334,0.00998645168764533,request_rescan,0.201721
1949,1949,0.9433333333333334,0.00998645168764533,request_rescan,0.201814
1950,1950,0.76,0.00998645168764533,log_and_continue,0.201911
1951,1951,0.9433333333333334,0.00998645168764533,request_rescan,0.202007
1952,1952,0.9433333333333334,0.00998645168764533,request_rescan,0.202103
1953,1953,0.9433333333333334,0.00998645168764533,request_rescan,0.202203
1954,1954,0.9433333333333334,0.00998645168764533,discard,0.202306
1955,1955,0.9433333333333334,0.00998645168764533,request_rescan,0.202408
1956,1956,0.9433333333333334,0.00998645168764533,discard,0.202509
1957,1957,0.76,0.00998645168764533,log_and_continue,0.202614
1958,1958,0.9433333333333334,0.00998645168764533,discard,0.202711
1959,1959,0.9433333333333334,0.00998645168764533,request_rescan,0.202812
1960,1960,0.9433333333333334,0.00998645168764533,discard,0.202911
1961,1961,0.76,0.00998645168764533,log_and_continue,0.203011
1962,1962,0.9433333333333334,0.00998645168764533,request_rescan,0.203112
1963,1963,0.9433333333333334,0.00998645168764533,discard,0.203214
1964,1964,0.9433333333333334,0.00998645168764533,discard,0.203316
1965,1965,0.9433333333333334,0.00998645168764533,request_rescan,0.203414
1966,1966,0.9433333333333334,0.00998645168764533,discard,0.203533
1967,1967,0.9433333333333334,0.00998645168764533,discard,0.203631
1968,1968,0.76,0.00998645168764533,log_and_continue,0.203731
1969,1969,0.9433333333333334,0.00998645168764533,discard,0.203826
1970,1970,0.9433333333333334,0.00998645168764533,discard,0.203926
1971,1971,0.9433333333333334,0.00998645168764533,request_rescan,0.204022
1972,1972,0.9433333333333334,0.00998645168764533,discard,0.204125
1973,1973,0.9433333333333334,0.00998645168764533,request_rescan,0.204235
1974,1974,0.9433333333333334,0.00998645168764533,request_rescan,0.204353
1975,1975,0.9433333333333334,0.00998645168764533,request_rescan,0.204452
1976,1976,0.9433333333333334,0.00998645168764533,discard,0.204553
1977,1977,0.9433333333333334,0.00998645168764533,discard,0.204652
1978,1978,0.9433333333333334,0.00998645168764533,discard,0.204758
1979,1979,0.76,0.00998645168764533,log_and_continue,0.204862
1980,1980,0.76,0.00998645168764533,log_and_continue,0.204959
1981,1981,0.9433333333333334,0.00998645168764533,discard,0.205053
1982,1982,0.9433333333333334,0.00998645168764533,request_rescan,0.205149
1983,1983,0.9433333333333334,0.00998645168764533,discard,0.205244
1984,1984,0.76,0.00998645168764533,log_and_continue,0.205343
1985,1985,0.9433333333333334,0.00998645168764533,discard,0.205442
1986,1986,0.9433333333333334,0.00998645168764533,discard,0.205535
1987,1987,0.9433333333333334,0.00998645168764533,discard,0.205635
1988,1988,0.9433333333333334,0.00998645168764533,request_rescan,0.205735
1989,1989,0.9433333333333334,0.00998645168764533,request_rescan,0.205834
1990,1990,0.9433333333333334,0.00998645168764533,request_rescan,0.205931
1991,1991,0.76,0.00998645168764533,log_and_continue,0.206027
1992,1992,0.76,0.00998645168764533,log_and_continue,0.206122
1993,1993,0.9433333333333334,0.00998645168764533,request_rescan,0.206216
1994,1994,0.9433333333333334,0.00998645168764533,request_rescan,0.206325
1995,1995,0.76,0.00998645168764533,log_and_continue,0.206423
1996,1996,0.76,0.00998645168764533,log_and_continue,0.206517
1997,1997,0.76,0.00998645168764533,log_and_continue,0.206612
1998,1998,0.76,0.00998645168764533,log_and_continue,0.206705
1999,1999,0.9433333333333334,0.00998645168764533,discard,0.2068
2000,2000,0.9433333333333334,0.00998645168764533,request_rescan,0.206897
2001,2001,0.9433333333333334,0.00998645168764533,discard,0.207082
2002,2002,0.76,0.00998645168764533,log_and_continue,0.207196
2003,2003,0.9433333333333334,0.00998645168764533,discard,0.207304
2004,2004,0.76,0.00998645168764533,log_and_continue,0.207412
2005,2005,0.76,0.00998645168764533,log_and_continue,0.20751
2006,2006,0.9433333333333334,0.00998645168764533,request_rescan,0.207609
2007,2007,0.9433333333333334,0.00998645168764533,discard,0.207719
2008,2008,0.76,0.00998645168764533,log_and_continue,0.207826
2009,2009,0.76,0.00998645168764533,log_and_continue,0.20793
2010,2010,0.9433333333333334,0.00998645168764533,discard,0.208029
2011,2011,0.76,0.00998645168764533,log_and_continue,0.208129
2012,2012,0.76,0.00998645168764533,log_and_continue,0.208224
2013,2013,0.9433333333333334,0.00998645168764533,discard,0.208331
2014,2014,0.9433333333333334,0.00998645168764533,discard,0.208439
2015,2015,0.9433333333333334,0.00998645168764533,request_rescan,0.208542
2016,2016,0.9433333333333334,0.00998645168764533,discard,0.208643
2017,2017,0.9433333333333334,0.00998645168764533,discard,0.208747
2018,2018,0.76,0.00998645168764533,log_and_continue,0.208849
2019,2019,0.76,0.00998645168764533,log_and_continue,0.208956
2020,2020,0.9433333333333334,0.00998645168764533,discard,0.20906
2021,2021,0.9433333333333334,0.00998645168764533,request_rescan,0.209161
2022,2022,0.9433333333333334,0.00998645168764533,discard,0.209301
2023,2023,0.9433333333333334,0.00998645168764533,request_rescan,0.209406
2024,2024,0.9433333333333334,0.00998645168764533,discard,0.209503
2025,2025,0.76,0.00998645168764533,log_and_continue,0.2096
2026,2026,0.9433333333333334,0.00998645168764533,discard,0.209703
2027,2027,0.9433333333333334,0.00998645168764533,request_rescan,0.209802
2028,2028,0.9433333333333334,0.00998645168764533,discard,0.209898
2029,2029,0.9433333333333334,0.00998645168764533,request_rescan,0.209996
2030,2030,0.9433333333333334,0.00998645168764533,discard,0.21009
2031,2031,0.9433333333333334,0.00998645168764533,discard,0.210184
2032,2032,0.76,0.00998645168764533,log_and_continue,0.21029
2033,2033,0.9433333333333334,0.00998645168764533,request_rescan,0.210392
2034,2034,0.9433333333333334,0.00998645168764533,request_rescan,0.210489
2035,2035,0.9433333333333334,0.00998645168764533,request_rescan,0.210584
2036,2036,0.9433333333333334,0.00998645168764533,request_rescan,0.21068
2037,2037,0.9433333333333334,0.00998645168764533,discard,0.21078
2038,2038,0.9433333333333334,0.00998645168764533,request_rescan,0.210874
2039,2039,0.9433333333333334,0.00998645168764533,discard,0.210977
2040,2040,0.9433333333333334,0.00998645168764533,request_rescan,0.211074
2041,2041,0.9433333333333334,0.00998645168764533,request_rescan,0.21117
2042,2042,0.9433333333333334,0.00998645168764533,request_rescan,0.211267
2043,2043,0.76,0.00998645168764533,log_and_continue,0.211364
2044,2044,0.76,0.00998645168764533,log_and_continue,0.21146
2045,2045,0.9433333333333334,0.00998645168764533,discard,0.21156
2046,2046,0.9433333333333334,0.00998645168764533,discard,0.211654
2047,2047,0.9433333333333334,0.00998645168764533,discard,0.211752
2048,2048,0.76,0.00998645168764533,log_and_continue,0.211848
2049,2049,0.9433333333333334,0.00998645168764533,discard,0.211949
2050,2050,0.9433333333333334,0.00998645168764533,discard,0.212048
2051,2051,0.9433333333333334,0.00998645168764533,discard,0.212143
2052,2052,0.76,0.00998645168764533,log_and_continue,0.212239
2053,2053,0.9433333333333334,0.00998645168764533,discard,0.212341
2054,2054,0.76,0.00998645168764533,log_and_continue,0.212443
2055,2055,0.76,0.00998645168764533,log_and_continue,0.212544
2056,2056,0.9433333333333334,0.00998645168764533,discard,0.21264
2057,2057,0.76,0.00998645168764533,log_and_continue,0.212737
2058,2058,0.9433333333333334,0.00998645168764533,discard,0.212834
2059,2059,0.9433333333333334,0.00998645168764533,discard,0.21293
2060,2060,0.9433333333333334,0.00998645168764533,request_rescan,0.21303
2061,2061,0.9433333333333334,0.00998645168764533,discard,0.213134
2062,2062,0.9433333333333334,0.00998645168764533,request_rescan,0.213233
2063,2063,0.9433333333333334,0.00998645168764533,request_rescan,0.213332
2064,2064,0.9433333333333334,0.00998645168764533,discard,0.213428
2065,2065,0.9433333333333334,0.00998645168764533,discard,0.21356
2066,2066,0.9433333333333334,0.00998645168764533,request_rescan,0.213659
2067,2067,0.9433333333333334,0.00998645168764533,discard,0.213754
2068,2068,0.9433333333333334,0.00998645168764533,request_rescan,0.213848
2069,2069,0.9433333333333334,0.00998645168764533,request_rescan,0.213961
2070,2070,0.9433333333333334,0.00998645168764533,discard,0.214059
2071,2071,0.76,0.00998645168764533,log_and_continue,0.214158
2072,2072,0.76,0.00998645168764533,log_and_continue,0.214275
2073,2073,0.9433333333333334,0.00998645168764533,discard,0.214382
2074,2074,0.6633333333333333,0.00998645168764533,log_and_continue,0.214512
2075,2075,0.9433333333333334,0.00998645168764533,request_rescan,0.214642
2076,2076,0.9433333333333334,0.00998645168764533,discard,0.214743
2077,2077,0.9433333333333334,0.00998645168764533,request_rescan,0.214841
2078,2078,0.9433333333333334,0.00998645168764533,discard,0.214936
2079,2079,0.9433333333333334,0.00998645168764533,discard,0.215032
2080,2080,0.9433333333333334,0.00998645168764533,request_rescan,0.215126
2081,2081,0.9433333333333334,0.00998645168764533,discard,0.21522
2082,2082,0.9433333333333334,0.00998645168764533,discard,0.215323
2083,2083,0.9433333333333334,0.00998645168764533,request_rescan,0.215419
2084,2084,0.76,0.00998645168764533,log_and_continue,0.215524
2085,2085,0.6633333333333333,0.00998645168764533,log_and_continue,0.215622
2086,2086,0.9433333333333334,0.00998645168764533,discard,0.215717
2087,2087,0.9433333333333334,0.00998645168764533,discard,0.215812
2088,2088,0.76,0.00998645168764533,log_and_continue,0.215906
2089,2089,0.9433333333333334,0.00998645168764533,request_rescan,0.216003
2090,2090,0.9433333333333334,0.00998645168764533,discard,0.216101
2091,2091,0.9433333333333334,0.00998645168764533,discard,0.216196
2092,2092,0.9433333333333334,0.00998645168764533,request_rescan,0.216305
2093,2093,0.76,0.00998645168764533,log_and_continue,0.216405
2094,2094,0.9433333333333334,0.00998645168764533,discard,0.216499
2095,2095,0.76,0.00998645168764533,log_and_continue,0.216595
2096,2096,0.9433333333333334,0.00998645168764533,discard,0.216688
2097,2097,0.9433333333333334,0.00998645168764533,discard,0.216781
2098,2098,0.9433333333333334,0.00998645168764533,request_rescan,0.216877
2099,2099,0.9433333333333334,0.00998645168764533,request_rescan,0.216974
2100,2100,0.76,0.00998645168764533,log_and_continue,0.21707
2101,2101,0.76,0.00998645168764533,log_and_continue,0.2172
2102,2102,0.76,0.00998645168764533,log_and_continue,0.21731
2103,2103,0.9433333333333334,0.00998645168764533,request_rescan,0.217407
2104,2104,0.9433333333333334,0.00998645168764533,request_rescan,0.217501
2105,2105,0.9433333333333334,0.00998645168764533,request_rescan,0.217594
2106,2106,0.76,0.00998645168764533,log_and_continue,0.217689
2107,2107,0.9433333333333334,0.00998645168764533,discard,0.217784
2108,2108,0.76,0.00998645168764533,log_and_continue,0.217879
2109,2109,0.9433333333333334,0.00998645168764533,request_rescan,0.217975
2110,2110,0.9433333333333334,0.00998645168764533,discard,0.218069
2111,2111,0.9433333333333334,0.00998645168764533,discard,0.218168
2112,2112,0.9433333333333334,0.00998645168764533,discard,0.218265
2113,2113,0.76,0.00998645168764533,log_and_continue,0.218362
2114,2114,0.9433333333333334,0.00998645168764533,discard,0.218456
2115,2115,0.76,0.00998645168764533,log_and_continue,0.218552
2116,2116,0.9433333333333334,0.00998645168764533,discard,0.218648
2117,2117,0.9433333333333334,0.00998645168764533,discard,0.218748
2118,2118,0.76,0.00998645168764533,log_and_continue,0.218848
2119,2119,0.9433333333333334,0.00998645168764533,discard,0.218943
2120,2120,0.9433333333333334,0.00998645168764533,request_rescan,0.219038
2121,2121,0.9433333333333334,0.00998645168764533,request_rescan,0.219134
2122,2122,0.9433333333333334,0.00998645168764533,discard,0.219226
2123,2123,0.9433333333333334,0.00998645168764533,request_rescan,0.219324
2124,2124,0.9433333333333334,0.00998645168764533,discard,0.21942
2125,2125,0.9433333333333334,0.00998645168764533,request_rescan,0.219519
2126,2126,0.9433333333333334,0.00998645168764533,discard,0.219618
2127,2127,0.9433333333333334,0.00998645168764533,discard,0.219711
2128,2128,0.76,0.00998645168764533,log_and_continue,0.219807
2129,2129,0.9433333333333334,0.00998645168764533,discard,0.219906
2130,2130,0.76,0.00998645168764533,log_and_continue,0.220003
2131,2131,0.9433333333333334,0.00998645168764533,request_rescan,0.220103
2132,2132,0.9433333333333334,0.00998645168764533,discard,0.220208
2133,2133,0.9433333333333334,0.00998645168764533,discard,0.220309
2134,2134,0.9433333333333334,0.00998645168764533,request_rescan,0.220405
2135,2135,0.9433333333333334,0.00998645168764533,discard,0.220499
2136,2136,0.76,0.00998645168764533,log_and_continue,0.220592
2137,2137,0.76,0.00998645168764533,log_and_continue,0.220691
2138,2138,0.76,0.00998645168764533,log_and_continue,0.220792
2139,2139,0.9433333333333334,0.00998645168764533,discard,0.220895
2140,2140,0.9433333333333334,0.00998645168764533,discard,0.220994
2141,2141,0.9433333333333334,0.00998645168764533,discard,0.221092
2142,2142,0.9433333333333334,0.00998645168764533,discard,0.221187
2143,2143,0.9433333333333334,0.00998645168764533,discard,0.221282
2144,2144,0.9433333333333334,0.00998645168764533,request_rescan,0.221392
2145,2145,0.9433333333333334,0.00998645168764533,request_rescan,0.221509
2146,2146,0.9433333333333334,0.00998645168764533,discard,0.221611
2147,2147,0.76,0.00998645168764533,log_and_continue,0.221709
2148,2148,0.9433333333333334,0.00998645168764533,discard,0.221807
2149,2149,0.76,0.00998645168764533,log_and_continue,0.221902
2150,2150,0.76,0.00998645168764533,log_and_continue,0.221996
2151,2151,0.76,0.00998645168764533,log_and_continue,0.222092
2152,2152,0.9433333333333334,0.00998645168764533,discard,0.222195
2153,2153,0.9433333333333334,0.00998645168764533,request_rescan,0.222298
2154,2154,0.9433333333333334,0.00998645168764533,discard,0.222393
2155,2155,0.9433333333333334,0.00998645168764533,request_rescan,0.222492
2156,2156,0.9433333333333334,0.00998645168764533,discard,0.222598
2157,2157,0.9433333333333334,0.00998645168764533,discard,0.222715
2158,2158,0.9433333333333334,0.00998645168764533,discard,0.222812
2159,2159,0.9433333333333334,0.00998645168764533,discard,0.222909
2160,2160,0.9433333333333334,0.00998645168764533,discard,0.22301
2161,2161,0.9433333333333334,0.00998645168764533,request_rescan,0.223107
2162,2162,0.76,0.00998645168764533,log_and_continue,0.223205
2163,2163,0.9433333333333334,0.00998645168764533,request_rescan,0.223304
2164,2164,0.76,0.00998645168764533,log_and_continue,0.223398
2165,2165,0.9433333333333334,0.00998645168764533,discard,0.223493
2166,2166,0.9433333333333334,0.00998645168764533,discard,0.223587
2167,2167,0.76,0.00998645168764533,log_and_continue,0.223681
2168,2168,0.76,0.00998645168764533,log_and_continue,0.223778
2169,2169,0.9433333333333334,0.00998645168764533,discard,0.223875
2170,2170,0.9433333333333334,0.00998645168764533,discard,0.223977
2171,2171,0.9433333333333334,0.00998645168764533,discard,0.224078
2172,2172,0.76,0.00998645168764533,log_and_continue,0.224176
2173,2173,0.76,0.00998645168764533,log_and_continue,0.224272
2174,2174,0.9433333333333334,0.00998645168764533,request_rescan,0.224369
2175,2175,0.9433333333333334,0.00998645168764533,request_rescan,0.224465
2176,2176,0.9433333333333334,0.00998645168764533,request_rescan,0.22456
2177,2177,0.76,0.00998645168764533,log_and_continue,0.22466
2178,2178,0.76,0.00998645168764533,log_and_continue,0.224757
2179,2179,0.9433333333333334,0.00998645168764533,request_rescan,0.224854
2180,2180,0.9433333333333334,0.00998645168764533,discard,0.224952
2181,2181,0.9433333333333334,0.00998645168764533,request_rescan,0.22505
2182,2182,0.76,0.00998645168764533,log_and_continue,0.225144
2183,2183,0.9433333333333334,0.00998645168764533,request_rescan,0.225238
2184,2184,0.76,0.00998645168764533,log_and_continue,0.225342
2185,2185,0.9433333333333334,0.00998645168764533,discard,0.225444
2186,2186,0.9433333333333334,0.00998645168764533,discard,0.225541
2187,2187,0.9433333333333334,0.00998645168764533,request_rescan,0.225639
2188,2188,0.9433333333333334,0.00998645168764533,discard,0.225737
2189,2189,0.9433333333333334,0.00998645168764533,request_rescan,0.225835
2190,2190,0.76,0.00998645168764533,log_and_continue,0.225965
2191,2191,0.9433333333333334,0.00998645168764533,discard,0.226062
2192,2192,0.9433333333333334,0.00998645168764533,discard,0.226157
2193,2193,0.9433333333333334,0.00998645168764533,discard,0.226254
2194,2194,0.9433333333333334,0.00998645168764533,discard,0.226354
2195,2195,0.9433333333333334,0.00998645168764533,discard,0.226449
2196,2196,0.9433333333333334,0.00998645168764533,discard,0.226543
2197,2197,0.9433333333333334,0.00998645168764533,discard,0.22664
2198,2198,0.76,0.00998645168764533,log_and_continue,0.226735
2199,2199,0.76,0.00998645168764533,log_and_continue,0.22683
2200,2200,0.76,0.00998645168764533,log_and_continue,0.226925
2201,2201,0.9433333333333334,0.00998645168764533,discard,0.22706
2202,2202,0.9433333333333334,0.00998645168764533,request_rescan,0.227163
2203,2203,0.76,0.00998645168764533,log_and_continue,0.227266
2204,2204,0.9433333333333334,0.00998645168764533,discard,0.227363
2205,2205,0.76,0.00998645168764533,log_and_continue,0.227459
2206,2206,0.9433333333333334,0.00998645168764533,discard,0.227558
2207,2207,0.76,0.00998645168764533,log_and_continue,0.227653
2208,2208,0.76,0.00998645168764533,discard,0.227757
2209,2209,0.9433333333333334,0.00998645168764533,request_rescan,0.227862
2210,2210,0.9433333333333334,0.00998645168764533,discard,0.227962
2211,2211,0.76,0.00998645168764533,log_and_continue,0.228061
2212,2212,0.9433333333333334,0.00998645168764533,request_rescan,0.228157
2213,2213,0.76,0.00998645168764533,log_and_continue,0.228259
2214,2214,0.9433333333333334,0.00998645168764533,discard,0.228359
2215,2215,0.76,0.00998645168764533,log_and_continue,0.228459
2216,2216,0.9433333333333334,0.00998645168764533,request_rescan,0.228557
2217,2217,0.9433333333333334,0.00998645168764533,discard,0.228652
2218,2218,0.9433333333333334,0.00998645168764533,discard,0.228754
2219,2219,0.76,0.00998645168764533,log_and_continue,0.228849
2220,2220,0.9433333333333334,0.00998645168764533,request_rescan,0.228943
2221,2221,0.9433333333333334,0.00998645168764533,discard,0.229038
2222,2222,0.9433333333333334,0.00998645168764533,request_rescan,0.229137
2223,2223,0.9433333333333334,0.00998645168764533,discard,0.229237
2224,2224,0.9433333333333334,0.00998645168764533,discard,0.229332
2225,2225,0.9433333333333334,0.00998645168764533,request_rescan,0.22943
2226,2226,0.76,0.00998645168764533,log_and_continue,0.229541
2227,2227,0.9433333333333334,0.00998645168764533,discard,0.229638
2228,2228,0.9433333333333334,0.00998645168764533,discard,0.229738
2229,2229,0.9433333333333334,0.00998645168764533,request_rescan,0.229834
2230,2230,0.9433333333333334,0.00998645168764533,discard,0.22993
2231,2231,0.9433333333333334,0.00998645168764533,discard,0.230028
2232,2232,0.76,0.00998645168764533,log_and_continue,0.230145
2233,2233,0.76,0.00998645168764533,log_and_continue,0.230248
2234,2234,0.76,0.00998645168764533,log_and_continue,0.230346
2235,2235,0.9433333333333334,0.00998645168764533,request_rescan,0.230443
2236,2236,0.9433333333333334,0.00998645168764533,discard,0.230555
2237,2237,0.9433333333333334,0.00998645168764533,discard,0.230649
2238,2238,0.9433333333333334,0.00998645168764533,discard,0.230748
2239,2239,0.76,0.00998645168764533,request_rescan,0.230857
2240,2240,0.9433333333333334,0.00998645168764533,discard,0.230956
2241,2241,0.9433333333333334,0.00998645168764533,request_rescan,0.231057
2242,2242,0.9433333333333334,0.00998645168764533,request_rescan,0.231153
2243,2243,0.9433333333333334,0.00998645168764533,discard,0.23125
2244,2244,0.9433333333333334,0.00998645168764533,discard,0.23135
2245,2245,0.9433333333333334,0.00998645168764533,request_rescan,0.231446
2246,2246,0.9433333333333334,0.00998645168764533,request_rescan,0.231553
2247,2247,0.9433333333333334,0.00998645168764533,request_rescan,0.231675
2248,2248,0.9433333333333334,0.00998645168764533,discard,0.231775
2249,2249,0.9433333333333334,0.00998645168764533,discard,0.23188
2250,2250,0.9433333333333334,0.00998645168764533,discard,0.231984
2251,2251,0.76,0.00998645168764533,log_and_continue,0.232083
2252,2252,0.9433333333333334,0.00998645168764533,request_rescan,0.23218
2253,2253,0.9433333333333334,0.00998645168764533,discard,0.232278
2254,2254,0.9433333333333334,0.00998645168764533,discard,0.232374
2255,2255,0.76,0.00998645168764533,log_and_continue,0.23247
2256,2256,0.76,0.00998645168764533,log_and_continue,0.232566
2257,2257,0.9433333333333334,0.00998645168764533,request_rescan,0.232663
2258,2258,0.9433333333333334,0.00998645168764533,request_rescan,0.232757
2259,2259,0.9433333333333334,0.00998645168764533,discard,0.232857
2260,2260,0.76,0.00998645168764533,log_and_continue,0.232954
2261,2261,0.9433333333333334,0.00998645168764533,request_rescan,0.233052
2262,2262,0.9433333333333334,0.00998645168764533,request_rescan,0.233147
2263,2263,0.9433333333333334,0.00998645168764533,request_rescan,0.233244
2264,2264,0.9433333333333334,0.00998645168764533,discard,0.23334
2265,2265,0.9433333333333334,0.00998645168764533,discard,0.233438
2266,2266,0.76,0.00998645168764533,log_and_continue,0.233533
2267,2267,0.76,0.00998645168764533,log_and_continue,0.233632
2268,2268,0.9433333333333334,0.00998645168764533,discard,0.233728
2269,2269,0.76,0.00998645168764533,log_and_continue,0.233825
2270,2270,0.76,0.00998645168764533,log_and_continue,0.233919
2271,2271,0.9433333333333334,0.00998645168764533,request_rescan,0.234015
2272,2272,0.9433333333333334,0.00998645168764533,discard,0.234109
2273,2273,0.9433333333333334,0.00998645168764533,discard,0.234205
2274,2274,0.9433333333333334,0.00998645168764533,request_rescan,0.234305
2275,2275,0.9433333333333334,0.00998645168764533,discard,0.234398
2276,2276,0.76,0.00998645168764533,log_and_continue,0.234495
2277,2277,0.76,0.00998645168764533,log_and_continue,0.234593
2278,2278,0.76,0.00998645168764533,log_and_continue,0.234692
2279,2279,0.76,0.00998645168764533,log_and_continue,0.234786
2280,2280,0.76,0.00998645168764533,log_and_continue,0.234882
2281,2281,0.9433333333333334,0.00998645168764533,discard,0.234977
2282,2282,0.76,0.00998645168764533,log_and_continue,0.235072
2283,2283,0.76,0.00998645168764533,log_and_continue,0.235171
2284,2284,0.9433333333333334,0.00998645168764533,discard,0.235278
2285,2285,0.9433333333333334,0.00998645168764533,discard,0.235377
2286,2286,0.9433333333333334,0.00998645168764533,discard,0.235477
2287,2287,0.9433333333333334,0.00998645168764533,discard,0.235586
2288,2288,0.9433333333333334,0.00998645168764533,request_rescan,0.235694
2289,2289,0.9433333333333334,0.00998645168764533,request_rescan,0.2358
2290,2290,0.9433333333333334,0.00998645168764533,discard,0.235904
2291,2291,0.9433333333333334,0.00998645168764533,request_rescan,0.236002
2292,2292,0.9433333333333334,0.00998645168764533,discard,0.236101
2293,2293,0.9433333333333334,0.00998645168764533,request_rescan,0.236198
2294,2294,0.9433333333333334,0.00998645168764533,discard,0.236308
2295,2295,0.9433333333333334,0.00998645168764533,request_rescan,0.236409
2296,2296,0.9433333333333334,0.00998645168764533,discard,0.236507
2297,2297,0.9433333333333334,0.00998645168764533,request_rescan,0.236603
2298,2298,0.76,0.00998645168764533,log_and_continue,0.236702
2299,2299,0.9433333333333334,0.00998645168764533,request_rescan,0.236797
2300,2300,0.9433333333333334,0.00998645168764533,discard,0.23689
2301,2301,0.9433333333333334,0.00998645168764533,discard,0.237049
2302,2302,0.9433333333333334,0.00998645168764533,request_rescan,0.237194
2303,2303,0.9433333333333334,0.00998645168764533,discard,0.237317
2304,2304,0.9433333333333334,0.00998645168764533,discard,0.237421
2305,2305,0.76,0.00998645168764533,log_and_continue,0.237521
2306,2306,0.9433333333333334,0.00998645168764533,discard,0.237618
2307,2307,0.76,0.00998645168764533,log_and_continue,0.237717
2308,2308,0.76,0.00998645168764533,log_and_continue,0.23782
2309,2309,0.9433333333333334,0.00998645168764533,discard,0.237919
2310,2310,0.76,0.00998645168764533,log_and_continue,0.238016
2311,2311,0.9433333333333334,0.00998645168764533,discard,0.238116
2312,2312,0.76,0.00998645168764533,log_and_continue,0.238211
2313,2313,0.9433333333333334,0.00998645168764533,request_rescan,0.238313
2314,2314,0.76,0.00998645168764533,log_and_continue,0.238411
2315,2315,0.9433333333333334,0.00998645168764533,request_rescan,0.238514
2316,2316,0.76,0.00998645168764533,log_and_continue,0.238636
2317,2317,0.76,0.00998645168764533,log_and_continue,0.238731
2318,2318,0.9433333333333334,0.00998645168764533,discard,0.238826
2319,2319,0.9433333333333334,0.00998645168764533,discard,0.238922
2320,2320,0.9433333333333334,0.00998645168764533,request_rescan,0.23902
2321,2321,0.9433333333333334,0.00998645168764533,discard,0.239122
2322,2322,0.9433333333333334,0.00998645168764533,request_rescan,0.239216
2323,2323,0.9433333333333334,0.00998645168764533,discard,0.239317
2324,2324,0.9433333333333334,0.00998645168764533,request_rescan,0.239412
2325,2325,0.9433333333333334,0.00998645168764533,discard,0.23951
2326,2326,0.9433333333333334,0.00998645168764533,discard,0.23961
2327,2327,0.9433333333333334,0.00998645168764533,discard,0.239711
2328,2328,0.76,0.00998645168764533,log_and_continue,0.239811
2329,2329,0.9433333333333334,0.00998645168764533,request_rescan,0.239911
2330,2330,0.9433333333333334,0.00998645168764533,discard,0.240016
2331,2331,0.76,0.00998645168764533,log_and_continue,0.240116
2332,2332,0.9433333333333334,0.00998645168764533,discard,0.240211
2333,2333,0.9433333333333334,0.00998645168764533,discard,0.240308
2334,2334,0.9433333333333334,0.00998645168764533,discard,0.240406
2335,2335,0.9433333333333334,0.00998645168764533,discard,0.240499
2336,2336,0.76,0.00998645168764533,log_and_continue,0.240594
2337,2337,0.9433333333333334,0.00998645168764533,discard,0.24069
2338,2338,0.76,0.00998645168764533,log_and_continue,0.240785
2339,2339,0.9433333333333334,0.00998645168764533,discard,0.240884
2340,2340,0.9433333333333334,0.00998645168764533,discard,0.24098
2341,2341,0.9433333333333334,0.00998645168764533,discard,0.241077
2342,2342,0.9433333333333334,0.00998645168764533,discard,0.241173
2343,2343,0.9433333333333334,0.00998645168764533,request_rescan,0.241271
2344,2344,0.9433333333333334,0.00998645168764533,request_rescan,0.241366
2345,2345,0.9433333333333334,0.00998645168764533,discard,0.241462
2346,2346,0.9433333333333334,0.00998645168764533,request_rescan,0.241561
2347,2347,0.9433333333333334,0.00998645168764533,discard,0.241661
2348,2348,0.76,0.00998645168764533,log_and_continue,0.241759
2349,2349,0.9433333333333334,0.00998645168764533,discard,0.241854
2350,2350,0.9433333333333334,0.00998645168764533,discard,0.241948
2351,2351,0.9433333333333334,0.00998645168764533,discard,0.24204
2352,2352,0.76,0.00998645168764533,log_and_continue,0.242138
2353,2353,0.9433333333333334,0.00998645168764533,discard,0.242237
2354,2354,0.9433333333333334,0.00998645168764533,request_rescan,0.242339
2355,2355,0.9433333333333334,0.00998645168764533,request_rescan,0.242435
2356,2356,0.76,0.00998645168764533,log_and_continue,0.242532
2357,2357,0.76,0.00998645168764533,log_and_continue,0.242685
2358,2358,0.9433333333333334,0.00998645168764533,discard,0.242782
2359,2359,0.9433333333333334,0.00998645168764533,request_rescan,0.242879
2360,2360,0.9433333333333334,0.00998645168764533,discard,0.242972
2361,2361,0.9433333333333334,0.00998645168764533,discard,0.243069
2362,2362,0.9433333333333334,0.00998645168764533,discard,0.243161
2363,2363,0.9433333333333334,0.00998645168764533,discard,0.243262
2364,2364,0.9433333333333334,0.00998645168764533,discard,0.243359
2365,2365,0.9433333333333334,0.00998645168764533,discard,0.243459
2366,2366,0.76,0.00998645168764533,log_and_continue,0.243557
2367,2367,0.9433333333333334,0.00998645168764533,discard,0.243656
2368,2368,0.9433333333333334,0.00998645168764533,discard,0.243749
2369,2369,0.76,0.00998645168764533,log_and_continue,0.243843
2370,2370,0.76,0.00998645168764533,log_and_continue,0.243938
2371,2371,0.9433333333333334,0.00998645168764533,discard,0.244037
2372,2372,0.76,0.00998645168764533,log_and_continue,0.244136
2373,2373,0.9433333333333334,0.00998645168764533,discard,0.244233
2374,2374,0.9433333333333334,0.00998645168764533,request_rescan,0.244333
2375,2375,0.9433333333333334,0.00998645168764533,discard,0.244428
2376,2376,0.9433333333333334,0.00998645168764533,request_rescan,0.244524
2377,2377,0.9433333333333334,0.00998645168764533,discard,0.24462
2378,2378,0.9433333333333334,0.00998645168764533,request_rescan,0.244714
2379,2379,0.9433333333333334,0.00998645168764533,request_rescan,0.244806
2380,2380,0.9433333333333334,0.00998645168764533,request_rescan,0.244912
2381,2381,0.9433333333333334,0.00998645168764533,discard,0.245031
2382,2382,0.9433333333333334,0.00998645168764533,request_rescan,0.245141
2383,2383,0.76,0.00998645168764533,log_and_continue,0.245235
2384,2384,0.76,0.00998645168764533,log_and_continue,0.245335
2385,2385,0.9433333333333334,0.00998645168764533,discard,0.245431
2386,2386,0.76,0.00998645168764533,log_and_continue,0.245525
2387,2387,0.9433333333333334,0.00998645168764533,discard,0.245624
2388,2388,0.9433333333333334,0.00998645168764533,discard,0.245718
2389,2389,0.9433333333333334,0.00998645168764533,discard,0.245814
2390,2390,0.9433333333333334,0.00998645168764533,discard,0.245909
2391,2391,0.9433333333333334,0.00998645168764533,discard,0.246008
2392,2392,0.9433333333333334,0.00998645168764533,discard,0.246105
2393,2393,0.9433333333333334,0.00998645168764533,discard,0.2462
2394,2394,0.9433333333333334,0.00998645168764533,discard,0.246304
2395,2395,0.76,0.00998645168764533,log_and_continue,0.246402
2396,2396,0.9433333333333334,0.00998645168764533,discard,0.246499
2397,2397,0.76,0.00998645168764533,log_and_continue,0.246596
2398,2398,0.9433333333333334,0.00998645168764533,discard,0.246694
2399,2399,0.9433333333333334,0.00998645168764533,discard,0.246808
2400,2400,0.76,0.00998645168764533,log_and_continue,0.246906
2401,2401,0.9433333333333334,0.00998645168764533,discard,0.247033
2402,2402,0.76,0.00998645168764533,log_and_continue,0.247132
2403,2403,0.9433333333333334,0.00998645168764533,discard,0.247245
2404,2404,0.9433333333333334,0.00998645168764533,request_rescan,0.247346
2405,2405,0.9433333333333334,0.00998645168764533,discard,0.247448
2406,2406,0.9433333333333334,0.00998645168764533,discard,0.247546
2407,2407,0.9433333333333334,0.00998645168764533,discard,0.247657
2408,2408,0.9433333333333334,0.00998645168764533,discard,0.247752
2409,2409,0.9433333333333334,0.00998645168764533,discard,0.247844
2410,2410,0.9433333333333334,0.00998645168764533,discard,0.247942
2411,2411,0.9433333333333334,0.00998645168764533,discard,0.248037
2412,2412,0.76,0.00998645168764533,log_and_continue,0.248136
2413,2413,0.76,0.00998645168764533,log_and_continue,0.248237
2414,2414,0.9433333333333334,0.00998645168764533,request_rescan,0.248338
2415,2415,0.9433333333333334,0.00998645168764533,request_rescan,0.248437
2416,2416,0.76,0.00998645168764533,log_and_continue,0.248544
2417,2417,0.9433333333333334,0.00998645168764533,discard,0.248656
2418,2418,0.9433333333333334,0.00998645168764533,request_rescan,0.248751
2419,2419,0.9433333333333334,0.00998645168764533,discard,0.248851
2420,2420,0.9433333333333334,0.00998645168764533,discard,0.248943
2421,2421,0.76,0.00998645168764533,log_and_continue,0.249043
2422,2422,0.9433333333333334,0.00998645168764533,request_rescan,0.249144
2423,2423,0.76,0.00998645168764533,log_and_continue,0.249244
2424,2424,0.9433333333333334,0.00998645168764533,discard,0.24934
2425,2425,0.9433333333333334,0.00998645168764533,request_rescan,0.249434
2426,2426,0.9433333333333334,0.00998645168764533,discard,0.249526
2427,2427,0.9433333333333334,0.00998645168764533,discard,0.249629
2428,2428,0.9433333333333334,0.00998645168764533,request_rescan,0.249728
2429,2429,0.76,0.00998645168764533,log_and_continue,0.249827
2430,2430,0.9433333333333334,0.00998645168764533,request_rescan,0.249922
2431,2431,0.9433333333333334,0.00998645168764533,discard,0.250019
2432,2432,0.9433333333333334,0.00998645168764533,discard,0.250113
2433,2433,0.9433333333333334,0.00998645168764533,discard,0.25021
2434,2434,0.9433333333333334,0.00998645168764533,request_rescan,0.250307
2435,2435,0.9433333333333334,0.00998645168764533,discard,0.250407
2436,2436,0.9433333333333334,0.00998645168764533,request_rescan,0.250505
2437,2437,0.9433333333333334,0.00998645168764533,discard,0.2506
2438,2438,0.76,0.00998645168764533,log_and_continue,0.250695
2439,2439,0.9433333333333334,0.00998645168764533,discard,0.250791
2440,2440,0.9433333333333334,0.00998645168764533,discard,0.250884
2441,2441,0.76,0.00998645168764533,log_and_continue,0.250978
2442,2442,0.9433333333333334,0.00998645168764533,discard,0.251071
2443,2443,0.9433333333333334,0.00998645168764533,discard,0.251171
2444,2444,0.9433333333333334,0.00998645168764533,discard,0.25128
2445,2445,0.76,0.00998645168764533,log_and_continue,0.25138
2446,2446,0.9433333333333334,0.00998645168764533,request_rescan,0.251476
2447,2447,0.9433333333333334,0.00998645168764533,discard,0.251575
2448,2448,0.9433333333333334,0.00998645168764533,discard,0.25167
2449,2449,0.9433333333333334,0.00998645168764533,discard,0.251767
2450,2450,0.9433333333333334,0.00998645168764533,discard,0.25186
2451,2451,0.9433333333333334,0.00998645168764533,discard,0.251954
2452,2452,0.9433333333333334,0.00998645168764533,discard,0.252052
2453,2453,0.76,0.00998645168764533,log_and_continue,0.252149
2454,2454,0.9433333333333334,0.00998645168764533,discard,0.252248
2455,2455,0.76,0.00998645168764533,log_and_continue,0.252345
2456,2456,0.76,0.00998645168764533,log_and_continue,0.252439
2457,2457,0.76,0.00998645168764533,log_and_continue,0.252535
2458,2458,0.9433333333333334,0.00998645168764533,discard,0.252631
2459,2459,0.9433333333333334,0.00998645168764533,request_rescan,0.252727
2460,2460,0.9433333333333334,0.00998645168764533,request_rescan,0.252821
2461,2461,0.9433333333333334,0.00998645168764533,request_rescan,0.252915
2462,2462,0.9433333333333334,0.00998645168764533,discard,0.253014
2463,2463,0.76,0.00998645168764533,log_and_continue,0.253108
2464,2464,0.9433333333333334,0.00998645168764533,discard,0.253204
2465,2465,0.9433333333333334,0.00998645168764533,discard,0.253301
2466,2466,0.9433333333333334,0.00998645168764533,request_rescan,0.253397
2467,2467,0.9433333333333334,0.00998645168764533,discard,0.253491
2468,2468,0.76,0.00998645168764533,log_and_continue,0.253584
2469,2469,0.9433333333333334,0.00998645168764533,discard,0.253678
2470,2470,0.9433333333333334,0.00998645168764533,request_rescan,0.253771
2471,2471,0.9433333333333334,0.00998645168764533,request_rescan,0.253867
2472,2472,0.9433333333333334,0.00998645168764533,request_rescan,0.253975
2473,2473,0.9433333333333334,0.00998645168764533,discard,0.254077
2474,2474,0.9433333333333334,0.00998645168764533,discard,0.254171
2475,2475,0.9433333333333334,0.00998645168764533,discard,0.254273
2476,2476,0.9433333333333334,0.00998645168764533,request_rescan,0.254367
2477,2477,0.9433333333333334,0.00998645168764533,request_rescan,0.25446
2478,2478,0.76,0.00998645168764533,log_and_continue,0.254561
2479,2479,0.9433333333333334,0.00998645168764533,discard,0.254659
2480,2480,0.9433333333333334,0.00998645168764533,request_rescan,0.254773
2481,2481,0.9433333333333334,0.00998645168764533,discard,0.25487
2482,2482,0.9433333333333334,0.00998645168764533,request_rescan,0.25497
2483,2483,0.9433333333333334,0.00998645168764533,discard,0.25507
2484,2484,0.9433333333333334,0.00998645168764533,discard,0.255169
2485,2485,0.76,0.00998645168764533,log_and_continue,0.255269
2486,2486,0.76,0.00998645168764533,log_and_continue,0.255367
2487,2487,0.9433333333333334,0.00998645168764533,discard,0.255464
2488,2488,0.76,0.00998645168764533,log_and_continue,0.25556
2489,2489,0.9433333333333334,0.00998645168764533,request_rescan,0.255657
2490,2490,0.9433333333333334,0.00998645168764533,request_rescan,0.255753
2491,2491,0.76,0.00998645168764533,log_and_continue,0.255854
2492,2492,0.76,0.00998645168764533,log_and_continue,0.255951
2493,2493,0.9433333333333334,0.00998645168764533,request_rescan,0.256048
2494,2494,0.76,0.00998645168764533,log_and_continue,0.256144
2495,2495,0.9433333333333334,0.00998645168764533,discard,0.256239
2496,2496,0.76,0.00998645168764533,log_and_continue,0.256337
2497,2497,0.9433333333333334,0.00998645168764533,discard,0.256431
2498,2498,0.76,0.00998645168764533,log_and_continue,0.256526
2499,2499,0.9433333333333334,0.00998645168764533,discard,0.256628
2500,2500,0.9433333333333334,0.00998645168764533,request_rescan,0.256727
2501,2501,0.9433333333333334,0.00998645168764533,discard,0.256883
2502,2502,0.9433333333333334,0.00998645168764533,request_rescan,0.256985
2503,2503,0.9433333333333334,0.00998645168764533,discard,0.25708
2504,2504,0.9433333333333334,0.00998645168764533,request_rescan,0.25718
2505,2505,0.9433333333333334,0.00998645168764533,request_rescan,0.25728
2506,2506,0.9433333333333334,0.00998645168764533,request_rescan,0.257373
2507,2507,0.9433333333333334,0.00998645168764533,discard,0.257466
2508,2508,0.9433333333333334,0.00998645168764533,request_rescan,0.25756
2509,2509,0.9433333333333334,0.00998645168764533,discard,0.257658
2510,2510,0.9433333333333334,0.00998645168764533,request_rescan,0.257752
2511,2511,0.9433333333333334,0.00998645168764533,discard,0.257846
2512,2512,0.9433333333333334,0.00998645168764533,discard,0.257943
2513,2513,0.9433333333333334,0.00998645168764533,request_rescan,0.258038
2514,2514,0.9433333333333334,0.00998645168764533,request_rescan,0.258135
2515,2515,0.76,0.00998645168764533,log_and_continue,0.258233
2516,2516,0.9433333333333334,0.00998645168764533,discard,0.258332
2517,2517,0.9433333333333334,0.00998645168764533,request_rescan,0.258426
2518,2518,0.76,0.00998645168764533,log_and_continue,0.258518
2519,2519,0.9433333333333334,0.00998645168764533,discard,0.258613
2520,2520,0.9433333333333334,0.00998645168764533,discard,0.258705
2521,2521,0.76,0.00998645168764533,log_and_continue,0.258803
2522,2522,0.9433333333333334,0.00998645168764533,discard,0.258909
2523,2523,0.76,0.00998645168764533,log_and_continue,0.259011
2524,2524,0.9433333333333334,0.00998645168764533,discard,0.259111
2525,2525,0.9433333333333334,0.00998645168764533,request_rescan,0.259245
2526,2526,0.9433333333333334,0.00998645168764533,discard,0.259343
2527,2527,0.9433333333333334,0.00998645168764533,request_rescan,0.259441
2528,2528,0.9433333333333334,0.00998645168764533,discard,0.259539
2529,2529,0.9433333333333334,0.00998645168764533,request_rescan,0.259655
2530,2530,0.9433333333333334,0.00998645168764533,discard,0.259776
2531,2531,0.9433333333333334,0.00998645168764533,discard,0.259878
2532,2532,0.9433333333333334,0.00998645168764533,discard,0.259978
2533,2533,0.76,0.00998645168764533,log_and_continue,0.260074
2534,2534,0.76,0.00998645168764533,log_and_continue,0.260168
2535,2535,0.9433333333333334,0.00998645168764533,request_rescan,0.260268
2536,2536,0.9433333333333334,0.00998645168764533,request_rescan,0.26037
2537,2537,0.9433333333333334,0.00998645168764533,discard,0.26047
2538,2538,0.9433333333333334,0.00998645168764533,request_rescan,0.26057
2539,2539,0.76,0.00998645168764533,log_and_continue,0.260665
2540,2540,0.9433333333333334,0.00998645168764533,request_rescan,0.260759
2541,2541,0.9433333333333334,0.00998645168764533,discard,0.260852
2542,2542,0.9433333333333334,0.00998645168764533,request_rescan,0.260945
2543,2543,0.9433333333333334,0.00998645168764533,discard,0.261041
2544,2544,0.9433333333333334,0.00998645168764533,request_rescan,0.261134
2545,2545,0.9433333333333334,0.00998645168764533,discard,0.261223
2546,2546,0.9433333333333334,0.00998645168764533,discard,0.261325
2547,2547,0.9433333333333334,0.00998645168764533,request_rescan,0.26142
2548,2548,0.9433333333333334,0.00998645168764533,discard,0.261514
2549,2549,0.9433333333333334,0.00998645168764533,request_rescan,0.261606
2550,2550,0.9433333333333334,0.00998645168764533,request_rescan,0.261701
2551,2551,0.9433333333333334,0.00998645168764533,request_rescan,0.261795
2552,2552,0.76,0.00998645168764533,log_and_continue,0.261888
2553,2553,0.9433333333333334,0.00998645168764533,discard,0.261982
2554,2554,0.9433333333333334,0.00998645168764533,discard,0.262074
2555,2555,0.76,0.00998645168764533,log_and_continue,0.262169
2556,2556,0.9433333333333334,0.00998645168764533,discard,0.262268
2557,2557,0.76,0.00998645168764533,log_and_continue,0.262376
2558,2558,0.9433333333333334,0.00998645168764533,discard,0.262475
2559,2559,0.9433333333333334,0.00998645168764533,discard,0.262572
2560,2560,0.76,0.00998645168764533,log_and_continue,0.262671
2561,2561,0.76,0.00998645168764533,log_and_continue,0.262773
2562,2562,0.76,0.00998645168764533,log_and_continue,0.262867
2563,2563,0.9433333333333334,0.00998645168764533,discard,0.262967
2564,2564,0.76,0.00998645168764533,log_and_continue,0.263076
2565,2565,0.76,0.00998645168764533,log_and_continue,0.263197
2566,2566,0.76,0.00998645168764533,log_and_continue,0.263306
2567,2567,0.9433333333333334,0.00998645168764533,discard,0.263421
2568,2568,0.76,0.00998645168764533,log_and_continue,0.263516
2569,2569,0.76,0.00998645168764533,log_and_continue,0.263612
2570,2570,0.9433333333333334,0.00998645168764533,discard,0.263706
2571,2571,0.9433333333333334,0.00998645168764533,discard,0.263801
2572,2572,0.9433333333333334,0.00998645168764533,discard,0.263916
2573,2573,0.76,0.00998645168764533,log_and_continue,0.264018
2574,2574,0.9433333333333334,0.00998645168764533,discard,0.264128
2575,2575,0.76,0.00998645168764533,log_and_continue,0.264226
2576,2576,0.9433333333333334,0.00998645168764533,discard,0.264326
2577,2577,0.9433333333333334,0.00998645168764533,discard,0.264421
2578,2578,0.9433333333333334,0.00998645168764533,discard,0.264517
2579,2579,0.76,0.00998645168764533,log_and_continue,0.264613
2580,2580,0.76,0.00998645168764533,log_and_continue,0.264712
2581,2581,0.76,0.00998645168764533,log_and_continue,0.264807
2582,2582,0.76,0.00998645168764533,log_and_continue,0.264902
2583,2583,0.9433333333333334,0.00998645168764533,discard,0.264998
2584,2584,0.9433333333333334,0.00998645168764533,discard,0.265092
2585,2585,0.9433333333333334,0.00998645168764533,request_rescan,0.265189
2586,2586,0.9433333333333334,0.00998645168764533,request_rescan,0.265286
2587,2587,0.76,0.00998645168764533,log_and_continue,0.265383
2588,2588,0.9433333333333334,0.00998645168764533,request_rescan,0.265478
2589,2589,0.9433333333333334,0.00998645168764533,discard,0.265575
2590,2590,0.9433333333333334,0.00998645168764533,discard,0.265672
2591,2591,0.76,0.00998645168764533,log_and_continue,0.265769
2592,2592,0.6633333333333333,0.00998645168764533,log_and_continue,0.265877
2593,2593,0.9433333333333334,0.00998645168764533,discard,0.265971
2594,2594,0.9433333333333334,0.00998645168764533,discard,0.26607
2595,2595,0.9433333333333334,0.00998645168764533,discard,0.266166
2596,2596,0.9433333333333334,0.00998645168764533,request_rescan,0.266264
2597,2597,0.9433333333333334,0.00998645168764533,discard,0.266365
2598,2598,0.9433333333333334,0.00998645168764533,discard,0.26646
2599,2599,0.76,0.00998645168764533,log_and_continue,0.266563
2600,2600,0.9433333333333334,0.00998645168764533,discard,0.266664
2601,2601,0.9433333333333334,0.00998645168764533,discard,0.266809
2602,2602,0.9433333333333334,0.00998645168764533,discard,0.266914
2603,2603,0.9433333333333334,0.00998645168764533,discard,0.267016
2604,2604,0.9433333333333334,0.00998645168764533,request_rescan,0.267113
2605,2605,0.76,0.00998645168764533,log_and_continue,0.267211
2606,2606,0.9433333333333334,0.00998645168764533,discard,0.267312
2607,2607,0.9433333333333334,0.00998645168764533,discard,0.267408
2608,2608,0.9433333333333334,0.00998645168764533,discard,0.267507
2609,2609,0.9433333333333334,0.00998645168764533,discard,0.267609
2610,2610,0.76,0.00998645168764533,log_and_continue,0.26771
2611,2611,0.9433333333333334,0.00998645168764533,request_rescan,0.267806
2612,2612,0.9433333333333334,0.00998645168764533,discard,0.267903
2613,2613,0.76,0.00998645168764533,log_and_continue,0.267999
2614,2614,0.76,0.00998645168764533,log_and_continue,0.268095
2615,2615,0.9433333333333334,0.00998645168764533,request_rescan,0.268191
2616,2616,0.9433333333333334,0.00998645168764533,request_rescan,0.268289
2617,2617,0.9433333333333334,0.00998645168764533,discard,0.268391
2618,2618,0.76,0.00998645168764533,log_and_continue,0.26849
2619,2619,0.76,0.00998645168764533,log_and_continue,0.268586
2620,2620,0.9433333333333334,0.00998645168764533,discard,0.26868
2621,2621,0.9433333333333334,0.00998645168764533,request_rescan,0.268776
2622,2622,0.9433333333333334,0.00998645168764533,discard,0.268868
2623,2623,0.9433333333333334,0.00998645168764533,discard,0.268966
2624,2624,0.9433333333333334,0.00998645168764533,request_rescan,0.26906
2625,2625,0.76,0.00998645168764533,log_and_continue,0.269153
2626,2626,0.76,0.00998645168764533,log_and_continue,0.269253
2627,2627,0.76,0.00998645168764533,log_and_continue,0.269349
2628,2628,0.76,0.00998645168764533,log_and_continue,0.269444
2629,2629,0.76,0.00998645168764533,log_and_continue,0.269539
2630,2630,0.9433333333333334,0.00998645168764533,discard,0.269634
2631,2631,0.9433333333333334,0.00998645168764533,discard,0.269726
2632,2632,0.9433333333333334,0.00998645168764533,request_rescan,0.269821
2633,2633,0.9433333333333334,0.00998645168764533,discard,0.269915
2634,2634,0.9433333333333334,0.00998645168764533,request_rescan,0.270009
2635,2635,0.9433333333333334,0.00998645168764533,discard,0.270102
2636,2636,0.9433333333333334,0.00998645168764533,request_rescan,0.270201
2637,2637,0.9433333333333334,0.00998645168764533,request_rescan,0.2703
2638,2638,0.9433333333333334,0.00998645168764533,request_rescan,0.270397
2639,2639,0.9433333333333334,0.00998645168764533,request_rescan,0.270495
2640,2640,0.9433333333333334,0.00998645168764533,discard,0.27059
2641,2641,0.9433333333333334,0.00998645168764533,discard,0.270688
2642,2642,0.76,0.00998645168764533,log_and_continue,0.270788
2643,2643,0.9433333333333334,0.00998645168764533,request_rescan,0.27089
2644,2644,0.9433333333333334,0.00998645168764533,discard,0.270986
2645,2645,0.9433333333333334,0.00998645168764533,discard,0.271085
2646,2646,0.9433333333333334,0.00998645168764533,discard,0.271182
2647,2647,0.9433333333333334,0.00998645168764533,discard,0.271284
2648,2648,0.9433333333333334,0.00998645168764533,discard,0.271384
2649,2649,0.9433333333333334,0.00998645168764533,discard,0.271482
2650,2650,0.9433333333333334,0.00998645168764533,discard,0.271576
2651,2651,0.9433333333333334,0.00998645168764533,request_rescan,0.271671
2652,2652,0.9433333333333334,0.00998645168764533,discard,0.271769
2653,2653,0.76,0.00998645168764533,log_and_continue,0.271867
2654,2654,0.9433333333333334,0.00998645168764533,discard,0.271967
2655,2655,0.9433333333333334,0.00998645168764533,request_rescan,0.272068
2656,2656,0.76,0.00998645168764533,log_and_continue,0.272168
2657,2657,0.76,0.00998645168764533,log_and_continue,0.27227
2658,2658,0.9433333333333334,0.00998645168764533,request_rescan,0.27237
2659,2659,0.9433333333333334,0.00998645168764533,request_rescan,0.272467
2660,2660,0.9433333333333334,0.00998645168764533,discard,0.272567
2661,2661,0.9433333333333334,0.00998645168764533,discard,0.27267
2662,2662,0.9433333333333334,0.00998645168764533,discard,0.272766
2663,2663,0.9433333333333334,0.00998645168764533,discard,0.272864
2664,2664,0.76,0.00998645168764533,log_and_continue,0.272962
2665,2665,0.9433333333333334,0.00998645168764533,request_rescan,0.273057
2666,2666,0.76,0.00998645168764533,log_and_continue,0.273176
2667,2667,0.9433333333333334,0.00998645168764533,discard,0.27329
2668,2668,0.9433333333333334,0.00998645168764533,discard,0.27339
2669,2669,0.9433333333333334,0.00998645168764533,request_rescan,0.27349
2670,2670,0.9433333333333334,0.00998645168764533,request_rescan,0.273587
2671,2671,0.9433333333333334,0.00998645168764533,request_rescan,0.273682
2672,2672,0.9433333333333334,0.00998645168764533,discard,0.273776
2673,2673,0.9433333333333334,0.00998645168764533,request_rescan,0.273871
2674,2674,0.9433333333333334,0.00998645168764533,discard,0.273977
2675,2675,0.9433333333333334,0.00998645168764533,discard,0.274077
2676,2676,0.9433333333333334,0.00998645168764533,discard,0.274177
2677,2677,0.9433333333333334,0.00998645168764533,discard,0.274278
2678,2678,0.76,0.00998645168764533,log_and_continue,0.27438
2679,2679,0.9433333333333334,0.00998645168764533,discard,0.274479
2680,2680,0.9433333333333334,0.00998645168764533,discard,0.274573
2681,2681,0.9433333333333334,0.00998645168764533,discard,0.274666
2682,2682,0.9433333333333334,0.00998645168764533,request_rescan,0.274765
2683,2683,0.9433333333333334,0.00998645168764533,discard,0.274865
2684,2684,0.9433333333333334,0.00998645168764533,request_rescan,0.274962
2685,2685,0.9433333333333334,0.00998645168764533,discard,0.275057
2686,2686,0.9433333333333334,0.00998645168764533,discard,0.275154
2687,2687,0.9433333333333334,0.00998645168764533,discard,0.275252
2688,2688,0.9433333333333334,0.00998645168764533,request_rescan,0.275355
2689,2689,0.9433333333333334,0.00998645168764533,discard,0.275452
2690,2690,0.76,0.00998645168764533,log_and_continue,0.27555
2691,2691,0.9433333333333334,0.00998645168764533,discard,0.27565
2692,2692,0.76,0.00998645168764533,log_and_continue,0.275747
2693,2693,0.9433333333333334,0.00998645168764533,request_rescan,0.275843
2694,2694,0.9433333333333334,0.00998645168764533,discard,0.275975
2695,2695,0.9433333333333334,0.00998645168764533,request_rescan,0.276072
2696,2696,0.9433333333333334,0.00998645168764533,discard,0.27617
2697,2697,0.9433333333333334,0.00998645168764533,request_rescan,0.276281
2698,2698,0.9433333333333334,0.00998645168764533,discard,0.276381
2699,2699,0.76,0.00998645168764533,log_and_continue,0.27649
2700,2700,0.9433333333333334,0.00998645168764533,discard,0.276615
2701,2701,0.76,0.00998645168764533,log_and_continue,0.276757
2702,2702,0.9433333333333334,0.00998645168764533,discard,0.276852
2703,2703,0.9433333333333334,0.00998645168764533,discard,0.276948
2704,2704,0.9433333333333334,0.00998645168764533,discard,0.277051
2705,2705,0.76,0.00998645168764533,log_and_continue,0.277148
2706,2706,0.9433333333333334,0.00998645168764533,discard,0.277248
2707,2707,0.9433333333333334,0.00998645168764533,discard,0.277341
2708,2708,0.9433333333333334,0.00998645168764533,discard,0.277438
2709,2709,0.9433333333333334,0.00998645168764533,request_rescan,0.277532
2710,2710,0.9433333333333334,0.00998645168764533,discard,0.277627
2711,2711,0.76,0.00998645168764533,log_and_continue,0.277721
2712,2712,0.9433333333333334,0.00998645168764533,discard,0.27782
2713,2713,0.9433333333333334,0.00998645168764533,discard,0.277916
2714,2714,0.9433333333333334,0.00998645168764533,request_rescan,0.278011
2715,2715,0.9433333333333334,0.00998645168764533,request_rescan,0.278106
2716,2716,0.9433333333333334,0.00998645168764533,discard,0.278204
2717,2717,0.76,0.00998645168764533,log_and_continue,0.278308
2718,2718,0.9433333333333334,0.00998645168764533,discard,0.27841
2719,2719,0.9433333333333334,0.00998645168764533,discard,0.278506
2720,2720,0.9433333333333334,0.00998645168764533,request_rescan,0.278603
2721,2721,0.9433333333333334,0.00998645168764533,discard,0.278701
2722,2722,0.9433333333333334,0.00998645168764533,request_rescan,0.278797
2723,2723,0.9433333333333334,0.00998645168764533,discard,0.278892
2724,2724,0.9433333333333334,0.00998645168764533,request_rescan,0.278987
2725,2725,0.9433333333333334,0.00998645168764533,discard,0.279083
2726,2726,0.9433333333333334,0.00998645168764533,discard,0.279175
2727,2727,0.76,0.00998645168764533,log_and_continue,0.279275
2728,2728,0.76,0.00998645168764533,log_and_continue,0.279369
2729,2729,0.76,0.00998645168764533,log_and_continue,0.279465
2730,2730,0.9433333333333334,0.00998645168764533,request_rescan,0.279559
2731,2731,0.76,0.00998645168764533,log_and_continue,0.279652
2732,2732,0.9433333333333334,0.00998645168764533,discard,0.27975
2733,2733,0.9433333333333334,0.00998645168764533,request_rescan,0.279845
2734,2734,0.9433333333333334,0.00998645168764533,discard,0.279941
2735,2735,0.9433333333333334,0.00998645168764533,discard,0.280039
2736,2736,0.9433333333333334,0.00998645168764533,discard,0.280153
2737,2737,0.9433333333333334,0.00998645168764533,discard,0.280252
2738,2738,0.9433333333333334,0.00998645168764533,request_rescan,0.280351
2739,2739,0.9433333333333334,0.00998645168764533,discard,0.280448
2740,2740,0.9433333333333334,0.00998645168764533,discard,0.280559
2741,2741,0.9433333333333334,0.00998645168764533,discard,0.280657
2742,2742,0.9433333333333334,0.00998645168764533,discard,0.280749
2743,2743,0.76,0.00998645168764533,log_and_continue,0.280858
2744,2744,0.9433333333333334,0.00998645168764533,discard,0.280952
2745,2745,0.9433333333333334,0.00998645168764533,discard,0.281045
2746,2746,0.9433333333333334,0.00998645168764533,request_rescan,0.28114
2747,2747,0.9433333333333334,0.00998645168764533,request_rescan,0.281235
2748,2748,0.9433333333333334,0.00998645168764533,discard,0.281334
2749,2749,0.76,0.00998645168764533,log_and_continue,0.281433
2750,2750,0.9433333333333334,0.00998645168764533,request_rescan,0.281525
2751,2751,0.9433333333333334,0.00998645168764533,discard,0.281619
2752,2752,0.9433333333333334,0.00998645168764533,discard,0.281709
2753,2753,0.76,0.00998645168764533,log_and_continue,0.281801
2754,2754,0.9433333333333334,0.00998645168764533,discard,0.281891
2755,2755,0.9433333333333334,0.00998645168764533,request_rescan,0.281985
2756,2756,0.9433333333333334,0.00998645168764533,request_rescan,0.282081
2757,2757,0.76,0.00998645168764533,log_and_continue,0.282175
2758,2758,0.76,0.00998645168764533,log_and_continue,0.282287
2759,2759,0.9433333333333334,0.00998645168764533,discard,0.282383
2760,2760,0.9433333333333334,0.00998645168764533,discard,0.282483
2761,2761,0.9433333333333334,0.00998645168764533,request_rescan,0.28258
2762,2762,0.9433333333333334,0.00998645168764533,discard,0.282674
2763,2763,0.76,0.00998645168764533,log_and_continue,0.282768
2764,2764,0.9433333333333334,0.00998645168764533,discard,0.282865
2765,2765,0.9433333333333334,0.00998645168764533,discard,0.282968
2766,2766,0.9433333333333334,0.00998645168764533,discard,0.283064
2767,2767,0.9433333333333334,0.00998645168764533,discard,0.283157
2768,2768,0.9433333333333334,0.00998645168764533,request_rescan,0.283258
2769,2769,0.9433333333333334,0.00998645168764533,request_rescan,0.283357
2770,2770,0.76,0.00998645168764533,log_and_continue,0.283457
2771,2771,0.9433333333333334,0.00998645168764533,discard,0.283557
2772,2772,0.76,0.00998645168764533,log_and_continue,0.283653
2773,2773,0.9433333333333334,0.00998645168764533,discard,0.283747
2774,2774,0.9433333333333334,0.00998645168764533,request_rescan,0.283846
2775,2775,0.9433333333333334,0.00998645168764533,discard,0.283945
2776,2776,0.9433333333333334,0.00998645168764533,request_rescan,0.28404
2777,2777,0.9433333333333334,0.00998645168764533,request_rescan,0.284135
2778,2778,0.9433333333333334,0.00998645168764533,discard,0.284231
2779,2779,0.9433333333333334,0.00998645168764533,request_rescan,0.284332
2780,2780,0.9433333333333334,0.00998645168764533,discard,0.284436
2781,2781,0.76,0.00998645168764533,log_and_continue,0.284533
2782,2782,0.76,0.00998645168764533,log_and_continue,0.284628
2783,2783,0.9433333333333334,0.00998645168764533,discard,0.284723
2784,2784,0.76,0.00998645168764533,log_and_continue,0.284825
2785,2785,0.9433333333333334,0.00998645168764533,discard,0.284927
2786,2786,0.9433333333333334,0.00998645168764533,discard,0.285025
2787,2787,0.9433333333333334,0.00998645168764533,request_rescan,0.285124
2788,2788,0.9433333333333334,0.00998645168764533,discard,0.28522
2789,2789,0.9433333333333334,0.00998645168764533,discard,0.285318
2790,2790,0.9433333333333334,0.00998645168764533,request_rescan,0.285413
2791,2791,0.76,0.00998645168764533,log_and_continue,0.285511
2792,2792,0.9433333333333334,0.00998645168764533,request_rescan,0.285608
2793,2793,0.9433333333333334,0.00998645168764533,discard,0.285703
2794,2794,0.9433333333333334,0.00998645168764533,discard,0.285802
2795,2795,0.9433333333333334,0.00998645168764533,discard,0.285902
2796,2796,0.9433333333333334,0.00998645168764533,discard,0.285997
2797,2797,0.9433333333333334,0.00998645168764533,request_rescan,0.286098
2798,2798,0.9433333333333334,0.00998645168764533,discard,0.286201
2799,2799,0.9433333333333334,0.00998645168764533,discard,0.2863
2800,2800,0.9433333333333334,0.00998645168764533,request_rescan,0.286395
2801,2801,0.9433333333333334,0.00998645168764533,discard,0.286527
2802,2802,0.9433333333333334,0.00998645168764533,request_rescan,0.286623
2803,2803,0.9433333333333334,0.00998645168764533,discard,0.286721
2804,2804,0.9433333333333334,0.00998645168764533,discard,0.286815
2805,2805,0.9433333333333334,0.00998645168764533,discard,0.286913
2806,2806,0.9433333333333334,0.00998645168764533,discard,0.287034
2807,2807,0.9433333333333334,0.00998645168764533,discard,0.287131
2808,2808,0.76,0.00998645168764533,log_and_continue,0.287228
2809,2809,0.9433333333333334,0.00998645168764533,discard,0.287327
2810,2810,0.9433333333333334,0.00998645168764533,discard,0.287422
2811,2811,0.76,0.00998645168764533,log_and_continue,0.287517
2812,2812,0.9433333333333334,0.00998645168764533,request_rescan,0.287617
2813,2813,0.9433333333333334,0.00998645168764533,discard,0.287717
2814,2814,0.9433333333333334,0.00998645168764533,discard,0.287821
2815,2815,0.9433333333333334,0.00998645168764533,discard,0.287917
2816,2816,0.9433333333333334,0.00998645168764533,request_rescan,0.288014
2817,2817,0.9433333333333334,0.00998645168764533,discard,0.288111
2818,2818,0.9433333333333334,0.00998645168764533,discard,0.288204
2819,2819,0.76,0.00998645168764533,log_and_continue,0.288301
2820,2820,0.9433333333333334,0.00998645168764533,discard,0.288395
2821,2821,0.9433333333333334,0.00998645168764533,request_rescan,0.288493
2822,2822,0.9433333333333334,0.00998645168764533,discard,0.288596
2823,2823,0.76,0.00998645168764533,log_and_continue,0.288694
2824,2824,0.9433333333333334,0.00998645168764533,discard,0.288794
2825,2825,0.9433333333333334,0.00998645168764533,discard,0.28889
2826,2826,0.76,0.00998645168764533,log_and_continue,0.288986
2827,2827,0.9433333333333334,0.00998645168764533,request_rescan,0.28908
2828,2828,0.9433333333333334,0.00998645168764533,discard,0.289174
2829,2829,0.9433333333333334,0.00998645168764533,discard,0.289276
2830,2830,0.76,0.00998645168764533,log_and_continue,0.289373
2831,2831,0.9433333333333334,0.00998645168764533,request_rescan,0.289468
2832,2832,0.9433333333333334,0.00998645168764533,request_rescan,0.289563
2833,2833,0.76,0.00998645168764533,log_and_continue,0.289661
2834,2834,0.9433333333333334,0.00998645168764533,discard,0.289762
2835,2835,0.9433333333333334,0.00998645168764533,discard,0.289858
2836,2836,0.9433333333333334,0.00998645168764533,request_rescan,0.289953
2837,2837,0.9433333333333334,0.00998645168764533,request_rescan,0.290059
2838,2838,0.9433333333333334,0.00998645168764533,discard,0.290165
2839,2839,0.9433333333333334,0.00998645168764533,discard,0.290266
2840,2840,0.9433333333333334,0.00998645168764533,request_rescan,0.290365
2841,2841,0.9433333333333334,0.00998645168764533,discard,0.290461
2842,2842,0.9433333333333334,0.00998645168764533,discard,0.290555
2843,2843,0.9433333333333334,0.00998645168764533,request_rescan,0.29065
2844,2844,0.9433333333333334,0.00998645168764533,request_rescan,0.290744
2845,2845,0.76,0.00998645168764533,log_and_continue,0.290839
2846,2846,0.9433333333333334,0.00998645168764533,request_rescan,0.290933
2847,2847,0.9433333333333334,0.00998645168764533,discard,0.291028
2848,2848,0.76,0.00998645168764533,log_and_continue,0.291125
2849,2849,0.9433333333333334,0.00998645168764533,discard,0.291222
2850,2850,0.9433333333333334,0.00998645168764533,discard,0.291319
2851,2851,0.9433333333333334,0.00998645168764533,request_rescan,0.291414
2852,2852,0.9433333333333334,0.00998645168764533,discard,0.29151
2853,2853,0.76,0.00998645168764533,log_and_continue,0.291604
2854,2854,0.9433333333333334,0.00998645168764533,discard,0.291697
2855,2855,0.9433333333333334,0.00998645168764533,discard,0.291793
2856,2856,0.9433333333333334,0.00998645168764533,discard,0.291891
2857,2857,0.9433333333333334,0.00998645168764533,discard,0.291987
2858,2858,0.76,0.00998645168764533,log_and_continue,0.292083
2859,2859,0.9433333333333334,0.00998645168764533,request_rescan,0.292184
2860,2860,0.9433333333333334,0.00998645168764533,discard,0.292287
2861,2861,0.9433333333333334,0.00998645168764533,discard,0.292386
2862,2862,0.9433333333333334,0.00998645168764533,request_rescan,0.292483
2863,2863,0.76,0.00998645168764533,log_and_continue,0.292614
2864,2864,0.9433333333333334,0.00998645168764533,discard,0.29271
2865,2865,0.9433333333333334,0.00998645168764533,request_rescan,0.292809
2866,2866,0.9433333333333334,0.00998645168764533,discard,0.29291
2867,2867,0.9433333333333334,0.00998645168764533,request_rescan,0.293005
2868,2868,0.76,0.00998645168764533,log_and_continue,0.293103
2869,2869,0.9433333333333334,0.00998645168764533,discard,0.293202
2870,2870,0.9433333333333334,0.00998645168764533,request_rescan,0.293302
2871,2871,0.76,0.00998645168764533,log_and_continue,0.2934
2872,2872,0.9433333333333334,0.00998645168764533,discard,0.293499
2873,2873,0.9433333333333334,0.00998645168764533,discard,0.2936
2874,2874,0.9433333333333334,0.00998645168764533,discard,0.293697
2875,2875,0.9433333333333334,0.00998645168764533,discard,0.293794
2876,2876,0.9433333333333334,0.00998645168764533,request_rescan,0.293895
2877,2877,0.76,0.00998645168764533,log_and_continue,0.293997
2878,2878,0.6633333333333333,0.00998645168764533,log_and_continue,0.294099
2879,2879,0.9433333333333334,0.00998645168764533,discard,0.2942
2880,2880,0.9433333333333334,0.00998645168764533,discard,0.294304
2881,2881,0.76,0.00998645168764533,log_and_continue,0.294403
2882,2882,0.9433333333333334,0.00998645168764533,discard,0.2945
2883,2883,0.9433333333333334,0.00998645168764533,discard,0.294595
2884,2884,0.76,0.00998645168764533,log_and_continue,0.29469
2885,2885,0.9433333333333334,0.00998645168764533,discard,0.294794
2886,2886,0.76,0.00998645168764533,log_and_continue,0.294895
2887,2887,0.9433333333333334,0.00998645168764533,request_rescan,0.294992
2888,2888,0.9433333333333334,0.00998645168764533,request_rescan,0.295086
2889,2889,0.76,0.00998645168764533,log_and_continue,0.295182
2890,2890,0.9433333333333334,0.00998645168764533,discard,0.295281
2891,2891,0.9433333333333334,0.00998645168764533,request_rescan,0.295379
2892,2892,0.9433333333333334,0.00998645168764533,request_rescan,0.295478
2893,2893,0.9433333333333334,0.00998645168764533,discard,0.295578
2894,2894,0.9433333333333334,0.00998645168764533,request_rescan,0.295674
2895,2895,0.76,0.00998645168764533,log_and_continue,0.295772
2896,2896,0.9433333333333334,0.00998645168764533,request_rescan,0.295869
2897,2897,0.9433333333333334,0.00998645168764533,discard,0.295966
2898,2898,0.9433333333333334,0.00998645168764533,request_rescan,0.296062
2899,2899,0.76,0.00998645168764533,log_and_continue,0.296158
2900,2900,0.9433333333333334,0.00998645168764533,request_rescan,0.29626
2901,2901,0.9433333333333334,0.00998645168764533,request_rescan,0.296403
2902,2902,0.9433333333333334,0.00998645168764533,discard,0.296509
2903,2903,0.9433333333333334,0.00998645168764533,discard,0.296605
2904,2904,0.9433333333333334,0.00998645168764533,discard,0.296704
2905,2905,0.9433333333333334,0.00998645168764533,request_rescan,0.296829
2906,2906,0.9433333333333334,0.00998645168764533,request_rescan,0.296931
2907,2907,0.9433333333333334,0.00998645168764533,request_rescan,0.29703
2908,2908,0.9433333333333334,0.00998645168764533,request_rescan,0.297125
2909,2909,0.76,0.00998645168764533,log_and_continue,0.297235
2910,2910,0.9433333333333334,0.00998645168764533,request_rescan,0.297334
2911,2911,0.9433333333333334,0.00998645168764533,discard,0.297434
2912,2912,0.76,0.00998645168764533,log_and_continue,0.297554
2913,2913,0.76,0.00998645168764533,log_and_continue,0.297653
2914,2914,0.9433333333333334,0.00998645168764533,discard,0.297749
2915,2915,0.9433333333333334,0.00998645168764533,discard,0.297842
2916,2916,0.9433333333333334,0.00998645168764533,request_rescan,0.297938
2917,2917,0.76,0.00998645168764533,log_and_continue,0.298034
2918,2918,0.76,0.00998645168764533,log_and_continue,0.298127
2919,2919,0.9433333333333334,0.00998645168764533,discard,0.298228
2920,2920,0.76,0.00998645168764533,log_and_continue,0.298335
2921,2921,0.9433333333333334,0.00998645168764533,discard,0.298431
2922,2922,0.9433333333333334,0.00998645168764533,discard,0.298529
2923,2923,0.9433333333333334,0.00998645168764533,discard,0.298623
2924,2924,0.9433333333333334,0.00998645168764533,discard,0.298714
2925,2925,0.76,0.00998645168764533,log_and_continue,0.298813
2926,2926,0.9433333333333334,0.00998645168764533,discard,0.298911
2927,2927,0.9433333333333334,0.00998645168764533,discard,0.299011
2928,2928,0.9433333333333334,0.00998645168764533,discard,0.29911
2929,2929,0.76,0.00998645168764533,log_and_continue,0.299209
2930,2930,0.9433333333333334,0.00998645168764533,discard,0.29931
2931,2931,0.9433333333333334,0.00998645168764533,discard,0.299407
2932,2932,0.9433333333333334,0.00998645168764533,discard,0.299501
2933,2933,0.9433333333333334,0.00998645168764533,request_rescan,0.299598
2934,2934,0.76,0.00998645168764533,log_and_continue,0.299695
2935,2935,0.9433333333333334,0.00998645168764533,discard,0.29979
2936,2936,0.76,0.00998645168764533,log_and_continue,0.29989
2937,2937,0.76,0.00998645168764533,log_and_continue,0.299986
2938,2938,0.9433333333333334,0.00998645168764533,discard,0.300082
2939,2939,0.76,0.00998645168764533,log_and_continue,0.300177
2940,2940,0.9433333333333334,0.00998645168764533,discard,0.300278
2941,2941,0.9433333333333334,0.00998645168764533,request_rescan,0.300375
2942,2942,0.9433333333333334,0.00998645168764533,request_rescan,0.30047
2943,2943,0.9433333333333334,0.00998645168764533,discard,0.300568
2944,2944,0.9433333333333334,0.00998645168764533,discard,0.300667
2945,2945,0.9433333333333334,0.00998645168764533,discard,0.300765
2946,2946,0.9433333333333334,0.00998645168764533,request_rescan,0.300863
2947,2947,0.9433333333333334,0.00998645168764533,discard,0.300958
2948,2948,0.76,0.00998645168764533,request_rescan,0.301056
2949,2949,0.9433333333333334,0.00998645168764533,request_rescan,0.301153
2950,2950,0.9433333333333334,0.00998645168764533,discard,0.301259
2951,2951,0.9433333333333334,0.00998645168764533,discard,0.301364
2952,2952,0.9433333333333334,0.00998645168764533,request_rescan,0.301461
2953,2953,0.9433333333333334,0.00998645168764533,discard,0.301557
2954,2954,0.76,0.00998645168764533,log_and_continue,0.301653
2955,2955,0.9433333333333334,0.00998645168764533,discard,0.30175
2956,2956,0.76,0.00998645168764533,log_and_continue,0.301846
2957,2957,0.9433333333333334,0.00998645168764533,request_rescan,0.301941
2958,2958,0.9433333333333334,0.00998645168764533,request_rescan,0.302047
2959,2959,0.9433333333333334,0.00998645168764533,discard,0.30217
2960,2960,0.9433333333333334,0.00998645168764533,request_rescan,0.302283
2961,2961,0.9433333333333334,0.00998645168764533,request_rescan,0.302378
2962,2962,0.9433333333333334,0.00998645168764533,discard,0.302474
2963,2963,0.6633333333333333,0.00998645168764533,log_and_continue,0.302577
2964,2964,0.9433333333333334,0.00998645168764533,request_rescan,0.302677
2965,2965,0.9433333333333334,0.00998645168764533,discard,0.302776
2966,2966,0.9433333333333334,0.00998645168764533,discard,0.302872
2967,2967,0.9433333333333334,0.00998645168764533,request_rescan,0.302969
2968,2968,0.9433333333333334,0.00998645168764533,discard,0.303064
2969,2969,0.9433333333333334,0.00998645168764533,discard,0.303175
2970,2970,0.76,0.00998645168764533,log_and_continue,0.303287
2971,2971,0.9433333333333334,0.00998645168764533,discard,0.303391
2972,2972,0.9433333333333334,0.00998645168764533,discard,0.303488
2973,2973,0.9433333333333334,0.00998645168764533,discard,0.303582
2974,2974,0.9433333333333334,0.00998645168764533,discard,0.303678
2975,2975,0.9433333333333334,0.00998645168764533,discard,0.303772
2976,2976,0.9433333333333334,0.00998645168764533,discard,0.303866
2977,2977,0.9433333333333334,0.00998645168764533,discard,0.303959
2978,2978,0.9433333333333334,0.00998645168764533,request_rescan,0.304053
2979,2979,0.9433333333333334,0.00998645168764533,request_rescan,0.30415
2980,2980,0.76,0.00998645168764533,log_and_continue,0.304252
2981,2981,0.9433333333333334,0.00998645168764533,discard,0.304349
2982,2982,0.9433333333333334,0.00998645168764533,discard,0.304449
2983,2983,0.9433333333333334,0.00998645168764533,request_rescan,0.304548
2984,2984,0.9433333333333334,0.00998645168764533,discard,0.304644
2985,2985,0.9433333333333334,0.00998645168764533,request_rescan,0.304738
2986,2986,0.76,0.00998645168764533,log_and_continue,0.304832
2987,2987,0.9433333333333334,0.00998645168764533,request_rescan,0.304927
2988,2988,0.76,0.00998645168764533,log_and_continue,0.305026
2989,2989,0.9433333333333334,0.00998645168764533,request_rescan,0.305125
2990,2990,0.9433333333333334,0.00998645168764533,discard,0.305226
2991,2991,0.9433333333333334,0.00998645168764533,discard,0.305335
2992,2992,0.76,0.00998645168764533,log_and_continue,0.305435
2993,2993,0.9433333333333334,0.00998645168764533,request_rescan,0.305533
2994,2994,0.9433333333333334,0.00998645168764533,discard,0.305634
2995,2995,0.9433333333333334,0.00998645168764533,discard,0.305732
2996,2996,0.9433333333333334,0.00998645168764533,request_rescan,0.305831
2997,2997,0.9433333333333334,0.00998645168764533,discard,0.305926
2998,2998,0.9433333333333334,0.00998645168764533,request_rescan,0.306023
2999,2999,0.9433333333333334,0.00998645168764533,request_rescan,0.306122
3000,3000,0.9433333333333334,0.00998645168764533,discard,0.30622
3001,3001,0.76,0.00998645168764533,log_and_continue,0.306388
3002,3002,0.9433333333333334,0.00998645168764533,discard,0.306488
3003,3003,0.76,0.00998645168764533,log_and_continue,0.306584
3004,3004,0.9433333333333334,0.00998645168764533,discard,0.306679
3005,3005,0.76,0.00998645168764533,log_and_continue,0.306778
3006,3006,0.9433333333333334,0.00998645168764533,discard,0.306879
3007,3007,0.9433333333333334,0.00998645168764533,discard,0.306975
3008,3008,0.9433333333333334,0.00998645168764533,request_rescan,0.307073
3009,3009,0.9433333333333334,0.00998645168764533,discard,0.307168
3010,3010,0.9433333333333334,0.00998645168764533,request_rescan,0.307266
3011,3011,0.9433333333333334,0.00998645168764533,discard,0.307371
3012,3012,0.9433333333333334,0.00998645168764533,request_rescan,0.307466
3013,3013,0.76,0.00998645168764533,log_and_continue,0.307562
3014,3014,0.9433333333333334,0.00998645168764533,discard,0.307662
3015,3015,0.6633333333333333,0.00998645168764533,log_and_continue,0.307761
3016,3016,0.9433333333333334,0.00998645168764533,discard,0.307857
3017,3017,0.9433333333333334,0.00998645168764533,request_rescan,0.307953
3018,3018,0.9433333333333334,0.00998645168764533,discard,0.308048
3019,3019,0.9433333333333334,0.00998645168764533,discard,0.308142
3020,3020,0.76,0.00998645168764533,log_and_continue,0.308236
3021,3021,0.9433333333333334,0.00998645168764533,discard,0.308352
3022,3022,0.9433333333333334,0.00998645168764533,discard,0.308461
3023,3023,0.76,0.00998645168764533,log_and_continue,0.308558
3024,3024,0.9433333333333334,0.00998645168764533,request_rescan,0.308655
3025,3025,0.9433333333333334,0.00998645168764533,discard,0.308749
3026,3026,0.9433333333333334,0.00998645168764533,request_rescan,0.308843
3027,3027,0.9433333333333334,0.00998645168764533,request_rescan,0.308936
3028,3028,0.9433333333333334,0.00998645168764533,discard,0.309033
3029,3029,0.9433333333333334,0.00998645168764533,discard,0.309131
3030,3030,0.76,0.00998645168764533,log_and_continue,0.309272
3031,3031,0.76,0.00998645168764533,log_and_continue,0.309374
3032,3032,0.9433333333333334,0.00998645168764533,request_rescan,0.30947
3033,3033,0.9433333333333334,0.00998645168764533,discard,0.309568
3034,3034,0.9433333333333334,0.00998645168764533,discard,0.309664
3035,3035,0.9433333333333334,0.00998645168764533,discard,0.30976
3036,3036,0.76,0.00998645168764533,log_and_continue,0.309856
3037,3037,0.76,0.00998645168764533,log_and_continue,0.309962
3038,3038,0.76,0.00998645168764533,log_and_continue,0.310063
3039,3039,0.9433333333333334,0.00998645168764533,discard,0.310163
3040,3040,0.9433333333333334,0.00998645168764533,request_rescan,0.310262
3041,3041,0.76,0.00998645168764533,log_and_continue,0.310359
3042,3042,0.9433333333333334,0.00998645168764533,discard,0.310455
3043,3043,0.9433333333333334,0.00998645168764533,request_rescan,0.310551
3044,3044,0.9433333333333334,0.00998645168764533,discard,0.310644
3045,3045,0.76,0.00998645168764533,log_and_continue,0.310742
3046,3046,0.9433333333333334,0.00998645168764533,request_rescan,0.31084
3047,3047,0.9433333333333334,0.00998645168764533,discard,0.31094
3048,3048,0.9433333333333334,0.00998645168764533,discard,0.311036
3049,3049,0.76,0.00998645168764533,log_and_continue,0.31113
3050,3050,0.9433333333333334,0.00998645168764533,discard,0.311223
3051,3051,0.76,0.00998645168764533,log_and_continue,0.311322
3052,3052,0.76,0.00998645168764533,log_and_continue,0.311417
3053,3053,0.76,0.00998645168764533,log_and_continue,0.311512
3054,3054,0.9433333333333334,0.00998645168764533,discard,0.311615
3055,3055,0.76,0.00998645168764533,log_and_continue,0.311713
3056,3056,0.9433333333333334,0.00998645168764533,request_rescan,0.311809
3057,3057,0.9433333333333334,0.00998645168764533,discard,0.31191
3058,3058,0.9433333333333334,0.00998645168764533,discard,0.312004
3059,3059,0.9433333333333334,0.00998645168764533,discard,0.312101
3060,3060,0.9433333333333334,0.00998645168764533,request_rescan,0.312197
3061,3061,0.9433333333333334,0.00998645168764533,request_rescan,0.312295
3062,3062,0.9433333333333334,0.00998645168764533,discard,0.312395
3063,3063,0.76,0.00998645168764533,log_and_continue,0.312494
3064,3064,0.9433333333333334,0.00998645168764533,discard,0.31259
3065,3065,0.9433333333333334,0.00998645168764533,discard,0.312684
3066,3066,0.9433333333333334,0.00998645168764533,discard,0.312777
3067,3067,0.9433333333333334,0.00998645168764533,request_rescan,0.312876
3068,3068,0.9433333333333334,0.00998645168764533,discard,0.312984
3069,3069,0.9433333333333334,0.00998645168764533,discard,0.313083
3070,3070,0.76,0.00998645168764533,log_and_continue,0.31318
3071,3071,0.76,0.00998645168764533,log_and_continue,0.313279
3072,3072,0.9433333333333334,0.00998645168764533,discard,0.313373
3073,3073,0.9433333333333334,0.00998645168764533,discard,0.313495
3074,3074,0.76,0.00998645168764533,log_and_continue,0.313596
3075,3075,0.9433333333333334,0.00998645168764533,discard,0.313694
3076,3076,0.9433333333333334,0.00998645168764533,request_rescan,0.313792
3077,3077,0.9433333333333334,0.00998645168764533,discard,0.313905
3078,3078,0.9433333333333334,0.00998645168764533,request_rescan,0.313999
3079,3079,0.9433333333333334,0.00998645168764533,discard,0.314108
3080,3080,0.9433333333333334,0.00998645168764533,discard,0.314201
3081,3081,0.76,0.00998645168764533,log_and_continue,0.314306
3082,3082,0.9433333333333334,0.00998645168764533,discard,0.314408
3083,3083,0.76,0.00998645168764533,log_and_continue,0.314506
3084,3084,0.76,0.00998645168764533,log_and_continue,0.314601
3085,3085,0.9433333333333334,0.00998645168764533,request_rescan,0.314696
3086,3086,0.9433333333333334,0.00998645168764533,discard,0.314795
3087,3087,0.9433333333333334,0.00998645168764533,request_rescan,0.314891
3088,3088,0.9433333333333334,0.00998645168764533,discard,0.31499
3089,3089,0.9433333333333334,0.00998645168764533,discard,0.315084
3090,3090,0.9433333333333334,0.00998645168764533,discard,0.315178
3091,3091,0.9433333333333334,0.00998645168764533,discard,0.315276
3092,3092,0.9433333333333334,0.00998645168764533,discard,0.315377
3093,3093,0.9433333333333334,0.00998645168764533,discard,0.315471
3094,3094,0.76,0.00998645168764533,log_and_continue,0.315567
3095,3095,0.9433333333333334,0.00998645168764533,discard,0.315663
3096,3096,0.9433333333333334,0.00998645168764533,discard,0.315761
3097,3097,0.76,0.00998645168764533,log_and_continue,0.315854
3098,3098,0.9433333333333334,0.00998645168764533,request_rescan,0.31595
3099,3099,0.9433333333333334,0.00998645168764533,discard,0.316048
3100,3100,0.9433333333333334,0.00998645168764533,discard,0.316144
3101,3101,0.9433333333333334,0.00998645168764533,discard,0.316279
3102,3102,0.9433333333333334,0.00998645168764533,request_rescan,0.316378
3103,3103,0.9433333333333334,0.00998645168764533,request_rescan,0.316475
3104,3104,0.9433333333333334,0.00998645168764533,request_rescan,0.316571
3105,3105,0.9433333333333334,0.00998645168764533,request_rescan,0.316666
3106,3106,0.9433333333333334,0.00998645168764533,discard,0.316764
3107,3107,0.76,0.00998645168764533,log_and_continue,0.316866
3108,3108,0.9433333333333334,0.00998645168764533,discard,0.316966
3109,3109,0.9433333333333334,0.00998645168764533,request_rescan,0.317065
3110,3110,0.9433333333333334,0.00998645168764533,discard,0.317164
3111,3111,0.9433333333333334,0.00998645168764533,request_rescan,0.317261
3112,3112,0.76,0.00998645168764533,log_and_continue,0.317356
3113,3113,0.9433333333333334,0.00998645168764533,request_rescan,0.317451
3114,3114,0.9433333333333334,0.00998645168764533,discard,0.317546
3115,3115,0.9433333333333334,0.00998645168764533,request_rescan,0.317641
3116,3116,0.76,0.00998645168764533,log_and_continue,0.317736
3117,3117,0.76,0.00998645168764533,log_and_continue,0.31783
3118,3118,0.9433333333333334,0.00998645168764533,discard,0.317928
3119,3119,0.76,0.00998645168764533,log_and_continue,0.318024
3120,3120,0.9433333333333334,0.00998645168764533,discard,0.318119
3121,3121,0.9433333333333334,0.00998645168764533,discard,0.318215
3122,3122,0.9433333333333334,0.00998645168764533,request_rescan,0.318313
3123,3123,0.6633333333333333,0.00998645168764533,log_and_continue,0.318411
3124,3124,0.76,0.00998645168764533,log_and_continue,0.318506
3125,3125,0.9433333333333334,0.00998645168764533,request_rescan,0.318604
3126,3126,0.76,0.00998645168764533,log_and_continue,0.318699
3127,3127,0.9433333333333334,0.00998645168764533,request_rescan,0.318793
3128,3128,0.9433333333333334,0.00998645168764533,discard,0.31889
3129,3129,0.76,0.00998645168764533,log_and_continue,0.318985
3130,3130,0.9433333333333334,0.00998645168764533,request_rescan,0.31908
3131,3131,0.9433333333333334,0.00998645168764533,discard,0.319175
3132,3132,0.9433333333333334,0.00998645168764533,request_rescan,0.319276
3133,3133,0.9433333333333334,0.00998645168764533,discard,0.319369
3134,3134,0.76,0.00998645168764533,log_and_continue,0.319464
3135,3135,0.76,0.00998645168764533,log_and_continue,0.31956
3136,3136,0.9433333333333334,0.00998645168764533,request_rescan,0.319666
3137,3137,0.9433333333333334,0.00998645168764533,discard,0.31977
3138,3138,0.9433333333333334,0.00998645168764533,discard,0.319863
3139,3139,0.9433333333333334,0.00998645168764533,discard,0.319954
3140,3140,0.9433333333333334,0.00998645168764533,request_rescan,0.320047
3141,3141,0.9433333333333334,0.00998645168764533,discard,0.320146
3142,3142,0.9433333333333334,0.00998645168764533,request_rescan,0.320242
3143,3143,0.9433333333333334,0.00998645168764533,discard,0.320339
3144,3144,0.9433333333333334,0.00998645168764533,discard,0.320435
3145,3145,0.9433333333333334,0.00998645168764533,request_rescan,0.320535
3146,3146,0.76,0.00998645168764533,log_and_continue,0.320636
3147,3147,0.9433333333333334,0.00998645168764533,discard,0.320733
3148,3148,0.9433333333333334,0.00998645168764533,discard,0.320829
3149,3149,0.9433333333333334,0.00998645168764533,discard,0.320925
3150,3150,0.76,0.00998645168764533,log_and_continue,0.321022
3151,3151,0.9433333333333334,0.00998645168764533,discard,0.321121
3152,3152,0.9433333333333334,0.00998645168764533,discard,0.321222
3153,3153,0.76,0.00998645168764533,log_and_continue,0.321327
3154,3154,0.9433333333333334,0.00998645168764533,discard,0.321423
3155,3155,0.9433333333333334,0.00998645168764533,discard,0.321519
3156,3156,0.9433333333333334,0.00998645168764533,request_rescan,0.321618
3157,3157,0.9433333333333334,0.00998645168764533,discard,0.321716
3158,3158,0.9433333333333334,0.00998645168764533,request_rescan,0.321812
3159,3159,0.9433333333333334,0.00998645168764533,discard,0.321914
3160,3160,0.9433333333333334,0.00998645168764533,request_rescan,0.322014
3161,3161,0.9433333333333334,0.00998645168764533,discard,0.322108
3162,3162,0.76,0.00998645168764533,log_and_continue,0.322206
3163,3163,0.9433333333333334,0.00998645168764533,request_rescan,0.322304
3164,3164,0.9433333333333334,0.00998645168764533,discard,0.322401
3165,3165,0.9433333333333334,0.00998645168764533,request_rescan,0.322522
3166,3166,0.9433333333333334,0.00998645168764533,request_rescan,0.322625
3167,3167,0.9433333333333334,0.00998645168764533,discard,0.322725
3168,3168,0.9433333333333334,0.00998645168764533,request_rescan,0.322819
3169,3169,0.9433333333333334,0.00998645168764533,discard,0.322915
3170,3170,0.76,0.00998645168764533,log_and_continue,0.323011
3171,3171,0.9433333333333334,0.00998645168764533,discard,0.323104
3172,3172,0.9433333333333334,0.00998645168764533,request_rescan,0.323198
3173,3173,0.9433333333333334,0.00998645168764533,discard,0.323306
3174,3174,0.9433333333333334,0.00998645168764533,request_rescan,0.323408
3175,3175,0.9433333333333334,0.00998645168764533,discard,0.323505
3176,3176,0.9433333333333334,0.00998645168764533,discard,0.323604
3177,3177,0.9433333333333334,0.00998645168764533,discard,0.323699
3178,3178,0.76,0.00998645168764533,log_and_continue,0.323794
3179,3179,0.76,0.00998645168764533,log_and_continue,0.323889
3180,3180,0.9433333333333334,0.00998645168764533,discard,0.323989
3181,3181,0.9433333333333334,0.00998645168764533,discard,0.324093
3182,3182,0.9433333333333334,0.00998645168764533,request_rescan,0.324191
3183,3183,0.9433333333333334,0.00998645168764533,discard,0.324293
3184,3184,0.9433333333333334,0.00998645168764533,discard,0.324394
3185,3185,0.9433333333333334,0.00998645168764533,request_rescan,0.324493
3186,3186,0.76,0.00998645168764533,log_and_continue,0.324598
3187,3187,0.9433333333333334,0.00998645168764533,request_rescan,0.324698
3188,3188,0.9433333333333334,0.00998645168764533,discard,0.324794
3189,3189,0.9433333333333334,0.00998645168764533,discard,0.324894
3190,3190,0.9433333333333334,0.00998645168764533,discard,0.32499
3191,3191,0.76,0.00998645168764533,log_and_continue,0.325086
3192,3192,0.9433333333333334,0.00998645168764533,discard,0.325181
3193,3193,0.76,0.00998645168764533,log_and_continue,0.325281
3194,3194,0.76,0.00998645168764533,log_and_continue,0.325379
3195,3195,0.76,0.00998645168764533,log_and_continue,0.325475
3196,3196,0.9433333333333334,0.00998645168764533,discard,0.325574
3197,3197,0.9433333333333334,0.00998645168764533,discard,0.325668
3198,3198,0.9433333333333334,0.00998645168764533,discard,0.325763
3199,3199,0.9433333333333334,0.00998645168764533,discard,0.325856
3200,3200,0.9433333333333334,0.00998645168764533,request_rescan,0.32599
3201,3201,0.9433333333333334,0.00998645168764533,discard,0.326134
3202,3202,0.9433333333333334,0.00998645168764533,request_rescan,0.326245
3203,3203,0.76,0.00998645168764533,log_and_continue,0.326351
3204,3204,0.9433333333333334,0.00998645168764533,request_rescan,0.32646
3205,3205,0.9433333333333334,0.00998645168764533,discard,0.326572
3206,3206,0.9433333333333334,0.00998645168764533,discard,0.326669
3207,3207,0.9433333333333334,0.00998645168764533,request_rescan,0.326772
3208,3208,0.9433333333333334,0.00998645168764533,request_rescan,0.326872
3209,3209,0.76,0.00998645168764533,log_and_continue,0.326973
3210,3210,0.76,0.00998645168764533,log_and_continue,0.327069
3211,3211,0.76,0.00998645168764533,log_and_continue,0.327164
3212,3212,0.76,0.00998645168764533,log_and_continue,0.327262
3213,3213,0.76,0.00998645168764533,log_and_continue,0.327357
3214,3214,0.9433333333333334,0.00998645168764533,discard,0.327452
3215,3215,0.76,0.00998645168764533,log_and_continue,0.327546
3216,3216,0.9433333333333334,0.00998645168764533,request_rescan,0.327643
3217,3217,0.9433333333333334,0.00998645168764533,discard,0.327744
3218,3218,0.9433333333333334,0.00998645168764533,discard,0.327855
3219,3219,0.9433333333333334,0.00998645168764533,request_rescan,0.327951
3220,3220,0.9433333333333334,0.00998645168764533,discard,0.32805
3221,3221,0.9433333333333334,0.00998645168764533,request_rescan,0.328147
3222,3222,0.9433333333333334,0.00998645168764533,discard,0.328246
3223,3223,0.76,0.00998645168764533,log_and_continue,0.328353
3224,3224,0.9433333333333334,0.00998645168764533,discard,0.328457
3225,3225,0.9433333333333334,0.00998645168764533,discard,0.328558
3226,3226,0.9433333333333334,0.00998645168764533,discard,0.328653
3227,3227,0.76,0.00998645168764533,log_and_continue,0.328749
3228,3228,0.9433333333333334,0.00998645168764533,discard,0.328844
3229,3229,0.9433333333333334,0.00998645168764533,discard,0.328942
3230,3230,0.9433333333333334,0.00998645168764533,discard,0.329042
3231,3231,0.9433333333333334,0.00998645168764533,discard,0.329139
3232,3232,0.9433333333333334,0.00998645168764533,discard,0.329234
3233,3233,0.9433333333333334,0.00998645168764533,discard,0.329339
3234,3234,0.9433333333333334,0.00998645168764533,discard,0.329436
3235,3235,0.76,0.00998645168764533,log_and_continue,0.329532
3236,3236,0.76,0.00998645168764533,log_and_continue,0.329628
3237,3237,0.76,0.00998645168764533,log_and_continue,0.329723
3238,3238,0.9433333333333334,0.00998645168764533,discard,0.329818
3239,3239,0.76,0.00998645168764533,log_and_continue,0.329916
3240,3240,0.76,0.00998645168764533,log_and_continue,0.330011
3241,3241,0.9433333333333334,0.00998645168764533,discard,0.330104
3242,3242,0.76,0.00998645168764533,log_and_continue,0.33022
3243,3243,0.9433333333333334,0.00998645168764533,request_rescan,0.330319
3244,3244,0.9433333333333334,0.00998645168764533,request_rescan,0.330422
3245,3245,0.9433333333333334,0.00998645168764533,request_rescan,0.330521
3246,3246,0.76,0.00998645168764533,log_and_continue,0.330633
3247,3247,0.9433333333333334,0.00998645168764533,discard,0.330733
3248,3248,0.76,0.00998645168764533,log_and_continue,0.330842
3249,3249,0.9433333333333334,0.00998645168764533,request_rescan,0.330948
3250,3250,0.76,0.00998645168764533,log_and_continue,0.331047
3251,3251,0.76,0.00998645168764533,log_and_continue,0.331143
3252,3252,0.9433333333333334,0.00998645168764533,request_rescan,0.331239
3253,3253,0.9433333333333334,0.00998645168764533,request_rescan,0.331342
3254,3254,0.76,0.00998645168764533,log_and_continue,0.331441
3255,3255,0.9433333333333334,0.00998645168764533,discard,0.331537
3256,3256,0.9433333333333334,0.00998645168764533,request_rescan,0.331634
3257,3257,0.9433333333333334,0.00998645168764533,discard,0.331729
3258,3258,0.9433333333333334,0.00998645168764533,discard,0.331823
3259,3259,0.9433333333333334,0.00998645168764533,request_rescan,0.331917
3260,3260,0.9433333333333334,0.00998645168764533,request_rescan,0.33201
3261,3261,0.9433333333333334,0.00998645168764533,request_rescan,0.332103
3262,3262,0.9433333333333334,0.00998645168764533,discard,0.332199
3263,3263,0.6633333333333333,0.00998645168764533,log_and_continue,0.332307
3264,3264,0.9433333333333334,0.00998645168764533,discard,0.332418
3265,3265,0.9433333333333334,0.00998645168764533,request_rescan,0.332537
3266,3266,0.9433333333333334,0.00998645168764533,discard,0.332639
3267,3267,0.76,0.00998645168764533,log_and_continue,0.332739
3268,3268,0.9433333333333334,0.00998645168764533,discard,0.332833
3269,3269,0.9433333333333334,0.00998645168764533,discard,0.33293
3270,3270,0.9433333333333334,0.00998645168764533,request_rescan,0.333024
3271,3271,0.9433333333333334,0.00998645168764533,request_rescan,0.333123
3272,3272,0.9433333333333334,0.00998645168764533,discard,0.333224
3273,3273,0.9433333333333334,0.00998645168764533,request_rescan,0.333325
3274,3274,0.9433333333333334,0.00998645168764533,discard,0.33342
3275,3275,0.6633333333333333,0.00998645168764533,log_and_continue,0.333517
3276,3276,0.9433333333333334,0.00998645168764533,discard,0.333612
3277,3277,0.9433333333333334,0.00998645168764533,discard,0.33371
3278,3278,0.9433333333333334,0.00998645168764533,request_rescan,0.333807
3279,3279,0.9433333333333334,0.00998645168764533,discard,0.333909
3280,3280,0.9433333333333334,0.00998645168764533,discard,0.334006
3281,3281,0.9433333333333334,0.00998645168764533,discard,0.334105
3282,3282,0.76,0.00998645168764533,log_and_continue,0.334203
3283,3283,0.76,0.00998645168764533,log_and_continue,0.334301
3284,3284,0.9433333333333334,0.00998645168764533,request_rescan,0.334399
3285,3285,0.9433333333333334,0.00998645168764533,discard,0.334502
3286,3286,0.9433333333333334,0.00998645168764533,discard,0.334601
3287,3287,0.9433333333333334,0.00998645168764533,discard,0.334698
3288,3288,0.9433333333333334,0.00998645168764533,request_rescan,0.334795
3289,3289,0.9433333333333334,0.00998645168764533,discard,0.334888
3290,3290,0.9433333333333334,0.00998645168764533,discard,0.334982
3291,3291,0.9433333333333334,0.00998645168764533,request_rescan,0.335078
3292,3292,0.9433333333333334,0.00998645168764533,request_rescan,0.335176
3293,3293,0.9433333333333334,0.00998645168764533,request_rescan,0.33528
3294,3294,0.9433333333333334,0.00998645168764533,discard,0.335381
3295,3295,0.9433333333333334,0.00998645168764533,discard,0.335478
3296,3296,0.76,0.00998645168764533,log_and_continue,0.335578
3297,3297,0.9433333333333334,0.00998645168764533,request_rescan,0.335673
3298,3298,0.9433333333333334,0.00998645168764533,discard,0.335771
3299,3299,0.76,0.00998645168764533,log_and_continue,0.335865
3300,3300,0.9433333333333334,0.00998645168764533,discard,0.335964
3301,3301,0.9433333333333334,0.00998645168764533,request_rescan,0.336136
3302,3302,0.9433333333333334,0.00998645168764533,discard,0.336243
3303,3303,0.9433333333333334,0.00998645168764533,discard,0.336343
3304,3304,0.76,0.00998645168764533,log_and_continue,0.336442
3305,3305,0.9433333333333334,0.00998645168764533,request_rescan,0.336541
3306,3306,0.9433333333333334,0.00998645168764533,discard,0.336647
3307,3307,0.9433333333333334,0.00998645168764533,request_rescan,0.33675
3308,3308,0.76,0.00998645168764533,request_rescan,0.33685
3309,3309,0.9433333333333334,0.00998645168764533,discard,0.336945
3310,3310,0.9433333333333334,0.00998645168764533,discard,0.337041
3311,3311,0.9433333333333334,0.00998645168764533,discard,0.337135
3312,3312,0.9433333333333334,0.00998645168764533,discard,0.337228
3313,3313,0.9433333333333334,0.00998645168764533,discard,0.337329
3314,3314,0.9433333333333334,0.00998645168764533,discard,0.337426
3315,3315,0.9433333333333334,0.00998645168764533,discard,0.337526
3316,3316,0.9433333333333334,0.00998645168764533,discard,0.337621
3317,3317,0.76,0.00998645168764533,log_and_continue,0.337719
3318,3318,0.9433333333333334,0.00998645168764533,discard,0.337816
3319,3319,0.9433333333333334,0.00998645168764533,discard,0.337912
3320,3320,0.9433333333333334,0.00998645168764533,request_rescan,0.338008
3321,3321,0.9433333333333334,0.00998645168764533,discard,0.338104
3322,3322,0.9433333333333334,0.00998645168764533,request_rescan,0.338205
3323,3323,0.76,0.00998645168764533,log_and_continue,0.338308
3324,3324,0.76,0.00998645168764533,log_and_continue,0.338405
3325,3325,0.9433333333333334,0.00998645168764533,discard,0.338503
3326,3326,0.9433333333333334,0.00998645168764533,discard,0.338599
3327,3327,0.9433333333333334,0.00998645168764533,discard,0.338694
3328,3328,0.9433333333333334,0.00998645168764533,discard,0.338791
3329,3329,0.9433333333333334,0.00998645168764533,discard,0.338887
3330,3330,0.76,0.00998645168764533,log_and_continue,0.338987
3331,3331,0.76,0.00998645168764533,log_and_continue,0.339082
3332,3332,0.9433333333333334,0.00998645168764533,discard,0.339179
3333,3333,0.9433333333333334,0.00998645168764533,request_rescan,0.339283
3334,3334,0.76,0.00998645168764533,log_and_continue,0.33938
3335,3335,0.9433333333333334,0.00998645168764533,discard,0.339476
3336,3336,0.9433333333333334,0.00998645168764533,discard,0.339572
3337,3337,0.9433333333333334,0.00998645168764533,discard,0.339666
3338,3338,0.9433333333333334,0.00998645168764533,request_rescan,0.339766
3339,3339,0.76,0.00998645168764533,log_and_continue,0.339864
3340,3340,0.9433333333333334,0.00998645168764533,discard,0.339962
3341,3341,0.76,0.00998645168764533,log_and_continue,0.340061
3342,3342,0.9433333333333334,0.00998645168764533,discard,0.340156
3343,3343,0.9433333333333334,0.00998645168764533,discard,0.340258
3344,3344,0.76,0.00998645168764533,log_and_continue,0.340354
3345,3345,0.9433333333333334,0.00998645168764533,discard,0.340452
3346,3346,0.9433333333333334,0.00998645168764533,request_rescan,0.34055
3347,3347,0.9433333333333334,0.00998645168764533,request_rescan,0.340647
3348,3348,0.9433333333333334,0.00998645168764533,request_rescan,0.340742
3349,3349,0.76,0.00998645168764533,log_and_continue,0.340838
3350,3350,0.9433333333333334,0.00998645168764533,discard,0.340942
3351,3351,0.9433333333333334,0.00998645168764533,discard,0.341035
3352,3352,0.76,0.00998645168764533,log_and_continue,0.341132
3353,3353,0.9433333333333334,0.00998645168764533,request_rescan,0.34123
3354,3354,0.76,0.00998645168764533,log_and_continue,0.341333
3355,3355,0.76,0.00998645168764533,log_and_continue,0.341441
3356,3356,0.9433333333333334,0.00998645168764533,discard,0.341565
3357,3357,0.9433333333333334,0.00998645168764533,discard,0.34167
3358,3358,0.76,0.00998645168764533,log_and_continue,0.341766
3359,3359,0.76,0.00998645168764533,log_and_continue,0.341861
3360,3360,0.9433333333333334,0.00998645168764533,discard,0.341954
3361,3361,0.76,0.00998645168764533,log_and_continue,0.342048
3362,3362,0.9433333333333334,0.00998645168764533,discard,0.342145
3363,3363,0.9433333333333334,0.00998645168764533,discard,0.342238
3364,3364,0.9433333333333334,0.00998645168764533,discard,0.342339
3365,3365,0.9433333333333334,0.00998645168764533,discard,0.342437
3366,3366,0.76,0.00998645168764533,log_and_continue,0.342534
3367,3367,0.9433333333333334,0.00998645168764533,discard,0.342663
3368,3368,0.9433333333333334,0.00998645168764533,request_rescan,0.342764
3369,3369,0.76,0.00998645168764533,log_and_continue,0.342865
3370,3370,0.9433333333333334,0.00998645168764533,discard,0.342965
3371,3371,0.9433333333333334,0.00998645168764533,request_rescan,0.343061
3372,3372,0.9433333333333334,0.00998645168764533,discard,0.343155
3373,3373,0.9433333333333334,0.00998645168764533,request_rescan,0.343255
3374,3374,0.9433333333333334,0.00998645168764533,discard,0.343351
3375,3375,0.9433333333333334,0.00998645168764533,discard,0.343451
3376,3376,0.9433333333333334,0.00998645168764533,discard,0.343552
3377,3377,0.9433333333333334,0.00998645168764533,request_rescan,0.343953
3378,3378,0.9433333333333334,0.00998645168764533,discard,0.344116
3379,3379,0.9433333333333334,0.00998645168764533,discard,0.344236
3380,3380,0.6633333333333333,0.00998645168764533,log_and_continue,0.344352
3381,3381,0.76,0.00998645168764533,log_and_continue,0.344458
3382,3382,0.9433333333333334,0.00998645168764533,discard,0.344564
3383,3383,0.9433333333333334,0.00998645168764533,discard,0.344662
3384,3384,0.9433333333333334,0.00998645168764533,discard,0.344767
3385,3385,0.76,0.00998645168764533,log_and_continue,0.344872
3386,3386,0.9433333333333334,0.00998645168764533,discard,0.344974
3387,3387,0.9433333333333334,0.00998645168764533,discard,0.345069
3388,3388,0.76,0.00998645168764533,log_and_continue,0.345167
3389,3389,0.9433333333333334,0.00998645168764533,discard,0.345265
3390,3390,0.76,0.00998645168764533,log_and_continue,0.345367
3391,3391,0.9433333333333334,0.00998645168764533,request_rescan,0.345465
3392,3392,0.9433333333333334,0.00998645168764533,discard,0.345566
3393,3393,0.76,0.00998645168764533,log_and_continue,0.345661
3394,3394,0.9433333333333334,0.00998645168764533,discard,0.345756
3395,3395,0.9433333333333334,0.00998645168764533,request_rescan,0.345852
3396,3396,0.9433333333333334,0.00998645168764533,discard,0.345946
3397,3397,0.9433333333333334,0.00998645168764533,discard,0.346044
3398,3398,0.9433333333333334,0.00998645168764533,discard,0.346146
3399,3399,0.9433333333333334,0.00998645168764533,discard,0.346246
3400,3400,0.9433333333333334,0.00998645168764533,discard,0.346343
3401,3401,0.9433333333333334,0.00998645168764533,discard,0.346474
3402,3402,0.76,0.00998645168764533,log_and_continue,0.346571
3403,3403,0.9433333333333334,0.00998645168764533,discard,0.346665
3404,3404,0.9433333333333334,0.00998645168764533,request_rescan,0.346788
3405,3405,0.9433333333333334,0.00998645168764533,request_rescan,0.34689
3406,3406,0.9433333333333334,0.00998645168764533,request_rescan,0.346988
3407,3407,0.9433333333333334,0.00998645168764533,request_rescan,0.347085
3408,3408,0.9433333333333334,0.00998645168764533,discard,0.347186
3409,3409,0.9433333333333334,0.00998645168764533,request_rescan,0.3473
3410,3410,0.9433333333333334,0.00998645168764533,request_rescan,0.347395
3411,3411,0.9433333333333334,0.00998645168764533,request_rescan,0.347489
3412,3412,0.76,0.00998645168764533,log_and_continue,0.347604
3413,3413,0.9433333333333334,0.00998645168764533,request_rescan,0.347709
3414,3414,0.76,0.00998645168764533,log_and_continue,0.347807
3415,3415,0.76,0.00998645168764533,log_and_continue,0.347902
3416,3416,0.9433333333333334,0.00998645168764533,discard,0.348002
3417,3417,0.9433333333333334,0.00998645168764533,discard,0.348097
3418,3418,0.76,0.00998645168764533,log_and_continue,0.348197
3419,3419,0.9433333333333334,0.00998645168764533,discard,0.348301
3420,3420,0.76,0.00998645168764533,log_and_continue,0.348404
3421,3421,0.9433333333333334,0.00998645168764533,discard,0.348505
3422,3422,0.9433333333333334,0.00998645168764533,request_rescan,0.348604
3423,3423,0.9433333333333334,0.00998645168764533,discard,0.348703
3424,3424,0.9433333333333334,0.00998645168764533,discard,0.3488
3425,3425,0.9433333333333334,0.00998645168764533,request_rescan,0.348896
3426,3426,0.9433333333333334,0.00998645168764533,request_rescan,0.34899
3427,3427,0.9433333333333334,0.00998645168764533,request_rescan,0.349085
3428,3428,0.9433333333333334,0.00998645168764533,request_rescan,0.34918
3429,3429,0.9433333333333334,0.00998645168764533,request_rescan,0.34928
3430,3430,0.9433333333333334,0.00998645168764533,discard,0.349379
3431,3431,0.9433333333333334,0.00998645168764533,discard,0.349477
3432,3432,0.9433333333333334,0.00998645168764533,request_rescan,0.349571
3433,3433,0.9433333333333334,0.00998645168764533,request_rescan,0.349664
3434,3434,0.9433333333333334,0.00998645168764533,discard,0.349761
3435,3435,0.9433333333333334,0.00998645168764533,discard,0.349868
3436,3436,0.9433333333333334,0.00998645168764533,discard,0.349969
3437,3437,0.9433333333333334,0.00998645168764533,discard,0.350073
3438,3438,0.9433333333333334,0.00998645168764533,discard,0.350173
3439,3439,0.9433333333333334,0.00998645168764533,request_rescan,0.350274
3440,3440,0.76,0.00998645168764533,log_and_continue,0.350379
3441,3441,0.9433333333333334,0.00998645168764533,discard,0.35048
3442,3442,0.9433333333333334,0.00998645168764533,discard,0.350577
3443,3443,0.76,0.00998645168764533,log_and_continue,0.350674
3444,3444,0.76,0.00998645168764533,log_and_continue,0.350767
3445,3445,0.9433333333333334,0.00998645168764533,request_rescan,0.350864
3446,3446,0.76,0.00998645168764533,log_and_continue,0.350959
3447,3447,0.76,0.00998645168764533,log_and_continue,0.351054
3448,3448,0.9433333333333334,0.00998645168764533,discard,0.351152
3449,3449,0.9433333333333334,0.00998645168764533,discard,0.351259
3450,3450,0.9433333333333334,0.00998645168764533,discard,0.351358
3451,3451,0.9433333333333334,0.00998645168764533,request_rescan,0.351457
3452,3452,0.9433333333333334,0.00998645168764533,discard,0.351554
3453,3453,0.76,0.00998645168764533,log_and_continue,0.351651
3454,3454,0.76,0.00998645168764533,log_and_continue,0.351747
3455,3455,0.9433333333333334,0.00998645168764533,discard,0.351842
3456,3456,0.9433333333333334,0.00998645168764533,request_rescan,0.351939
3457,3457,0.9433333333333334,0.00998645168764533,discard,0.352038
3458,3458,0.76,0.00998645168764533,log_and_continue,0.35214
3459,3459,0.9433333333333334,0.00998645168764533,discard,0.352239
3460,3460,0.9433333333333334,0.00998645168764533,discard,0.352339
3461,3461,0.9433333333333334,0.00998645168764533,discard,0.352435
3462,3462,0.9433333333333334,0.00998645168764533,discard,0.352528
3463,3463,0.9433333333333334,0.00998645168764533,request_rescan,0.352626
3464,3464,0.9433333333333334,0.00998645168764533,request_rescan,0.352723
3465,3465,0.9433333333333334,0.00998645168764533,discard,0.352824
3466,3466,0.9433333333333334,0.00998645168764533,discard,0.352925
3467,3467,0.9433333333333334,0.00998645168764533,discard,0.353039
3468,3468,0.9433333333333334,0.00998645168764533,discard,0.353134
3469,3469,0.9433333333333334,0.00998645168764533,request_rescan,0.353231
3470,3470,0.9433333333333334,0.00998645168764533,discard,0.353328
3471,3471,0.9433333333333334,0.00998645168764533,discard,0.353424
3472,3472,0.76,0.00998645168764533,log_and_continue,0.353521
3473,3473,0.9433333333333334,0.00998645168764533,discard,0.353618
3474,3474,0.9433333333333334,0.00998645168764533,request_rescan,0.353715
3475,3475,0.76,0.00998645168764533,log_and_continue,0.353813
3476,3476,0.9433333333333334,0.00998645168764533,discard,0.353908
3477,3477,0.9433333333333334,0.00998645168764533,discard,0.354002
3478,3478,0.9433333333333334,0.00998645168764533,request_rescan,0.354096
3479,3479,0.76,0.00998645168764533,log_and_continue,0.35419
3480,3480,0.9433333333333334,0.00998645168764533,request_rescan,0.354288
3481,3481,0.76,0.00998645168764533,log_and_continue,0.354383
3482,3482,0.9433333333333334,0.00998645168764533,request_rescan,0.354475
3483,3483,0.76,0.00998645168764533,log_and_continue,0.354571
3484,3484,0.76,0.00998645168764533,log_and_continue,0.354668
3485,3485,0.9433333333333334,0.00998645168764533,discard,0.354764
3486,3486,0.9433333333333334,0.00998645168764533,request_rescan,0.35486
3487,3487,0.9433333333333334,0.00998645168764533,discard,0.354957
3488,3488,0.9433333333333334,0.00998645168764533,discard,0.355052
3489,3489,0.76,0.00998645168764533,log_and_continue,0.355146
3490,3490,0.76,0.00998645168764533,log_and_continue,0.355239
3491,3491,0.9433333333333334,0.00998645168764533,discard,0.355336
3492,3492,0.9433333333333334,0.00998645168764533,request_rescan,0.355438
3493,3493,0.76,0.00998645168764533,log_and_continue,0.355539
3494,3494,0.76,0.00998645168764533,log_and_continue,0.355633
3495,3495,0.9433333333333334,0.00998645168764533,request_rescan,0.355728
3496,3496,0.9433333333333334,0.00998645168764533,discard,0.355829
3497,3497,0.9433333333333334,0.00998645168764533,discard,0.355931
3498,3498,0.9433333333333334,0.00998645168764533,request_rescan,0.356031
3499,3499,0.76,0.00998645168764533,log_and_continue,0.35613
3500,3500,0.9433333333333334,0.00998645168764533,discard,0.356231
3501,3501,0.9433333333333334,0.00998645168764533,discard,0.356395
3502,3502,0.9433333333333334,0.00998645168764533,discard,0.356494
3503,3503,0.9433333333333334,0.00998645168764533,request_rescan,0.356591
3504,3504,0.9433333333333334,0.00998645168764533,discard,0.356686
3505,3505,0.9433333333333334,0.00998645168764533,request_rescan,0.356784
3506,3506,0.9433333333333334,0.00998645168764533,request_rescan,0.356882
3507,3507,0.9433333333333334,0.00998645168764533,discard,0.356977
3508,3508,0.76,0.00998645168764533,log_and_continue,0.357074
3509,3509,0.9433333333333334,0.00998645168764533,request_rescan,0.357171
3510,3510,0.9433333333333334,0.00998645168764533,request_rescan,0.35727
3511,3511,0.9433333333333334,0.00998645168764533,discard,0.35737
3512,3512,0.9433333333333334,0.00998645168764533,request_rescan,0.357481
3513,3513,0.9433333333333334,0.00998645168764533,discard,0.357604
3514,3514,0.9433333333333334,0.00998645168764533,discard,0.357719
3515,3515,0.76,0.00998645168764533,log_and_continue,0.357816
3516,3516,0.9433333333333334,0.00998645168764533,request_rescan,0.357911
3517,3517,0.9433333333333334,0.00998645168764533,request_rescan,0.358005
3518,3518,0.76,0.00998645168764533,log_and_continue,0.358102
3519,3519,0.9433333333333334,0.00998645168764533,request_rescan,0.358199
3520,3520,0.76,0.00998645168764533,log_and_continue,0.358302
3521,3521,0.9433333333333334,0.00998645168764533,discard,0.358398
3522,3522,0.9433333333333334,0.00998645168764533,discard,0.358493
3523,3523,0.6633333333333333,0.00998645168764533,log_and_continue,0.358596
3524,3524,0.9433333333333334,0.00998645168764533,discard,0.358693
3525,3525,0.9433333333333334,0.00998645168764533,discard,0.358792
3526,3526,0.76,0.00998645168764533,log_and_continue,0.358895
3527,3527,0.9433333333333334,0.00998645168764533,discard,0.358996
3528,3528,0.9433333333333334,0.00998645168764533,request_rescan,0.359093
3529,3529,0.76,0.00998645168764533,log_and_continue,0.359188
3530,3530,0.9433333333333334,0.00998645168764533,discard,0.359325
3531,3531,0.9433333333333334,0.00998645168764533,request_rescan,0.359425
3532,3532,0.9433333333333334,0.00998645168764533,discard,0.359521
3533,3533,0.9433333333333334,0.00998645168764533,discard,0.359615
3534,3534,0.76,0.00998645168764533,log_and_continue,0.359713
3535,3535,0.9433333333333334,0.00998645168764533,discard,0.359809
3536,3536,0.9433333333333334,0.00998645168764533,discard,0.35991
3537,3537,0.9433333333333334,0.00998645168764533,discard,0.360006
3538,3538,0.9433333333333334,0.00998645168764533,request_rescan,0.3601
3539,3539,0.9433333333333334,0.00998645168764533,request_rescan,0.360194
3540,3540,0.9433333333333334,0.00998645168764533,request_rescan,0.360292
3541,3541,0.9433333333333334,0.00998645168764533,request_rescan,0.360391
3542,3542,0.9433333333333334,0.00998645168764533,discard,0.360487
3543,3543,0.76,0.00998645168764533,log_and_continue,0.360584
3544,3544,0.9433333333333334,0.00998645168764533,discard,0.360678
3545,3545,0.9433333333333334,0.00998645168764533,discard,0.360775
3546,3546,0.9433333333333334,0.00998645168764533,request_rescan,0.360871
3547,3547,0.9433333333333334,0.00998645168764533,request_rescan,0.360966
3548,3548,0.9433333333333334,0.00998645168764533,request_rescan,0.361062
3549,3549,0.76,0.00998645168764533,log_and_continue,0.361168
3550,3550,0.76,0.00998645168764533,log_and_continue,0.361272
3551,3551,0.76,0.00998645168764533,log_and_continue,0.361371
3552,3552,0.9433333333333334,0.00998645168764533,request_rescan,0.36147
3553,3553,0.9433333333333334,0.00998645168764533,discard,0.361573
3554,3554,0.76,0.00998645168764533,log_and_continue,0.361675
3555,3555,0.9433333333333334,0.00998645168764533,request_rescan,0.361772
3556,3556,0.9433333333333334,0.00998645168764533,discard,0.361866
3557,3557,0.76,0.00998645168764533,log_and_continue,0.361964
3558,3558,0.9433333333333334,0.00998645168764533,discard,0.362064
3559,3559,0.76,0.00998645168764533,log_and_continue,0.36216
3560,3560,0.76,0.00998645168764533,log_and_continue,0.362259
3561,3561,0.76,0.00998645168764533,log_and_continue,0.362353
3562,3562,0.9433333333333334,0.00998645168764533,discard,0.36245
3563,3563,0.9433333333333334,0.00998645168764533,discard,0.362553
3564,3564,0.9433333333333334,0.00998645168764533,request_rescan,0.362652
3565,3565,0.76,0.00998645168764533,log_and_continue,0.36275
3566,3566,0.76,0.00998645168764533,log_and_continue,0.362847
3567,3567,0.76,0.00998645168764533,log_and_continue,0.362942
3568,3568,0.9433333333333334,0.00998645168764533,discard,0.363038
3569,3569,0.9433333333333334,0.00998645168764533,discard,0.363136
3570,3570,0.76,0.00998645168764533,log_and_continue,0.363235
3571,3571,0.76,0.00998645168764533,log_and_continue,0.363333
3572,3572,0.9433333333333334,0.00998645168764533,discard,0.363454
3573,3573,0.9433333333333334,0.00998645168764533,discard,0.363551
3574,3574,0.9433333333333334,0.00998645168764533,request_rescan,0.363649
3575,3575,0.9433333333333334,0.00998645168764533,discard,0.363748
3576,3576,0.76,0.00998645168764533,log_and_continue,0.36385
3577,3577,0.9433333333333334,0.00998645168764533,discard,0.363965
3578,3578,0.9433333333333334,0.00998645168764533,discard,0.364062
3579,3579,0.9433333333333334,0.00998645168764533,discard,0.364173
3580,3580,0.9433333333333334,0.00998645168764533,request_rescan,0.364272
3581,3581,0.9433333333333334,0.00998645168764533,discard,0.364366
3582,3582,0.9433333333333334,0.00998645168764533,discard,0.364467
3583,3583,0.9433333333333334,0.00998645168764533,discard,0.364567
3584,3584,0.76,0.00998645168764533,log_and_continue,0.364665
3585,3585,0.76,0.00998645168764533,log_and_continue,0.364759
3586,3586,0.76,0.00998645168764533,log_and_continue,0.364853
3587,3587,0.9433333333333334,0.00998645168764533,discard,0.364948
3588,3588,0.9433333333333334,0.00998645168764533,request_rescan,0.365044
3589,3589,0.9433333333333334,0.00998645168764533,discard,0.365141
3590,3590,0.9433333333333334,0.00998645168764533,request_rescan,0.365236
3591,3591,0.9433333333333334,0.00998645168764533,discard,0.365341
3592,3592,0.9433333333333334,0.00998645168764533,request_rescan,0.365438
3593,3593,0.9433333333333334,0.00998645168764533,request_rescan,0.365534
3594,3594,0.76,0.00998645168764533,log_and_continue,0.365634
3595,3595,0.9433333333333334,0.00998645168764533,discard,0.365733
3596,3596,0.76,0.00998645168764533,log_and_continue,0.36584
3597,3597,0.9433333333333334,0.00998645168764533,discard,0.365958
3598,3598,0.9433333333333334,0.00998645168764533,discard,0.366053
3599,3599,0.76,0.00998645168764533,log_and_continue,0.366149
3600,3600,0.9433333333333334,0.00998645168764533,discard,0.366247
3601,3601,0.76,0.00998645168764533,log_and_continue,0.36637
3602,3602,0.9433333333333334,0.00998645168764533,discard,0.366469
3603,3603,0.9433333333333334,0.00998645168764533,discard,0.366571
3604,3604,0.9433333333333334,0.00998645168764533,request_rescan,0.366668
3605,3605,0.9433333333333334,0.00998645168764533,discard,0.366769
3606,3606,0.76,0.00998645168764533,log_and_continue,0.366865
3607,3607,0.9433333333333334,0.00998645168764533,request_rescan,0.366961
3608,3608,0.76,0.00998645168764533,log_and_continue,0.367056
3609,3609,0.9433333333333334,0.00998645168764533,request_rescan,0.367151
3610,3610,0.9433333333333334,0.00998645168764533,discard,0.367248
3611,3611,0.9433333333333334,0.00998645168764533,request_rescan,0.367348
3612,3612,0.76,0.00998645168764533,log_and_continue,0.367445
3613,3613,0.9433333333333334,0.00998645168764533,request_rescan,0.367541
3614,3614,0.9433333333333334,0.00998645168764533,request_rescan,0.367638
3615,3615,0.9433333333333334,0.00998645168764533,discard,0.367736
3616,3616,0.9433333333333334,0.00998645168764533,discard,0.367831
3617,3617,0.9433333333333334,0.00998645168764533,discard,0.367926
3618,3618,0.9433333333333334,0.00998645168764533,discard,0.368022
3619,3619,0.9433333333333334,0.00998645168764533,discard,0.368123
3620,3620,0.9433333333333334,0.00998645168764533,request_rescan,0.368223
3621,3621,0.76,0.00998645168764533,log_and_continue,0.368326
3622,3622,0.9433333333333334,0.00998645168764533,discard,0.368424
3623,3623,0.9433333333333334,0.00998645168764533,request_rescan,0.368522
3624,3624,0.9433333333333334,0.00998645168764533,request_rescan,0.36862
3625,3625,0.76,0.00998645168764533,log_and_continue,0.368717
3626,3626,0.9433333333333334,0.00998645168764533,request_rescan,0.368815
3627,3627,0.9433333333333334,0.00998645168764533,discard,0.36891
3628,3628,0.9433333333333334,0.00998645168764533,request_rescan,0.369006
3629,3629,0.9433333333333334,0.00998645168764533,request_rescan,0.369102
3630,3630,0.9433333333333334,0.00998645168764533,discard,0.369199
3631,3631,0.9433333333333334,0.00998645168764533,discard,0.369297
3632,3632,0.9433333333333334,0.00998645168764533,request_rescan,0.369394
3633,3633,0.9433333333333334,0.00998645168764533,request_rescan,0.369488
3634,3634,0.9433333333333334,0.00998645168764533,discard,0.369591
3635,3635,0.9433333333333334,0.00998645168764533,request_rescan,0.36969
3636,3636,0.76,0.00998645168764533,log_and_continue,0.369788
3637,3637,0.9433333333333334,0.00998645168764533,discard,0.369885
3638,3638,0.9433333333333334,0.00998645168764533,discard,0.36998
3639,3639,0.9433333333333334,0.00998645168764533,discard,0.370071
3640,3640,0.9433333333333334,0.00998645168764533,discard,0.370165
3641,3641,0.9433333333333334,0.00998645168764533,discard,0.37026
3642,3642,0.6633333333333333,0.00998645168764533,log_and_continue,0.370364
3643,3643,0.9433333333333334,0.00998645168764533,discard,0.370472
3644,3644,0.76,0.00998645168764533,log_and_continue,0.370596
3645,3645,0.9433333333333334,0.00998645168764533,request_rescan,0.370707
3646,3646,0.9433333333333334,0.00998645168764533,discard,0.370803
3647,3647,0.9433333333333334,0.00998645168764533,request_rescan,0.3709
3648,3648,0.9433333333333334,0.00998645168764533,discard,0.370994
3649,3649,0.9433333333333334,0.00998645168764533,discard,0.371088
3650,3650,0.9433333333333334,0.00998645168764533,request_rescan,0.371182
3651,3651,0.9433333333333334,0.00998645168764533,request_rescan,0.371279
3652,3652,0.76,0.00998645168764533,log_and_continue,0.37138
3653,3653,0.9433333333333334,0.00998645168764533,discard,0.37152
3654,3654,0.9433333333333334,0.00998645168764533,discard,0.371624
3655,3655,0.9433333333333334,0.00998645168764533,discard,0.371723
3656,3656,0.9433333333333334,0.00998645168764533,request_rescan,0.371821
3657,3657,0.9433333333333334,0.00998645168764533,discard,0.371921
3658,3658,0.76,0.00998645168764533,log_and_continue,0.372019
3659,3659,0.9433333333333334,0.00998645168764533,request_rescan,0.372117
3660,3660,0.9433333333333334,0.00998645168764533,discard,0.372218
3661,3661,0.76,0.00998645168764533,log_and_continue,0.372329
3662,3662,0.9433333333333334,0.00998645168764533,discard,0.372428
3663,3663,0.9433333333333334,0.00998645168764533,discard,0.372529
3664,3664,0.9433333333333334,0.00998645168764533,request_rescan,0.372625
3665,3665,0.9433333333333334,0.00998645168764533,request_rescan,0.372742
3666,3666,0.9433333333333334,0.00998645168764533,discard,0.372836
3667,3667,0.9433333333333334,0.00998645168764533,discard,0.372935
3668,3668,0.9433333333333334,0.00998645168764533,discard,0.37303
3669,3669,0.9433333333333334,0.00998645168764533,discard,0.373129
3670,3670,0.9433333333333334,0.00998645168764533,request_rescan,0.373226
3671,3671,0.9433333333333334,0.00998645168764533,request_rescan,0.373324
3672,3672,0.9433333333333334,0.00998645168764533,discard,0.373425
3673,3673,0.9433333333333334,0.00998645168764533,discard,0.373527
3674,3674,0.76,0.00998645168764533,log_and_continue,0.373631
3675,3675,0.9433333333333334,0.00998645168764533,discard,0.373732
3676,3676,0.9433333333333334,0.00998645168764533,request_rescan,0.373831
3677,3677,0.9433333333333334,0.00998645168764533,request_rescan,0.373927
3678,3678,0.9433333333333334,0.00998645168764533,request_rescan,0.374021
3679,3679,0.76,0.00998645168764533,log_and_continue,0.374117
3680,3680,0.9433333333333334,0.00998645168764533,discard,0.374212
3681,3681,0.76,0.00998645168764533,log_and_continue,0.374319
3682,3682,0.9433333333333334,0.00998645168764533,request_rescan,0.374417
3683,3683,0.9433333333333334,0.00998645168764533,discard,0.374518
3684,3684,0.9433333333333334,0.00998645168764533,request_rescan,0.374616
3685,3685,0.9433333333333334,0.00998645168764533,discard,0.374712
3686,3686,0.9433333333333334,0.00998645168764533,discard,0.374806
3687,3687,0.9433333333333334,0.00998645168764533,discard,0.374904
3688,3688,0.9433333333333334,0.00998645168764533,request_rescan,0.375005
3689,3689,0.76,0.00998645168764533,log_and_continue,0.375104
3690,3690,0.76,0.00998645168764533,log_and_continue,0.375204
3691,3691,0.76,0.00998645168764533,log_and_continue,0.375306
3692,3692,0.9433333333333334,0.00998645168764533,discard,0.375414
3693,3693,0.9433333333333334,0.00998645168764533,request_rescan,0.375519
3694,3694,0.9433333333333334,0.00998645168764533,request_rescan,0.375619
3695,3695,0.9433333333333334,0.00998645168764533,request_rescan,0.375714
3696,3696,0.9433333333333334,0.00998645168764533,discard,0.375815
3697,3697,0.76,0.00998645168764533,log_and_continue,0.375949
3698,3698,0.9433333333333334,0.00998645168764533,discard,0.37605
3699,3699,0.76,0.00998645168764533,log_and_continue,0.376149
3700,3700,0.9433333333333334,0.00998645168764533,discard,0.37625
3701,3701,0.76,0.00998645168764533,log_and_continue,0.376384
3702,3702,0.76,0.00998645168764533,log_and_continue,0.376482
3703,3703,0.9433333333333334,0.00998645168764533,discard,0.376584
3704,3704,0.9433333333333334,0.00998645168764533,discard,0.376687
3705,3705,0.9433333333333334,0.00998645168764533,request_rescan,0.376785
3706,3706,0.9433333333333334,0.00998645168764533,request_rescan,0.376883
3707,3707,0.9433333333333334,0.00998645168764533,discard,0.376977
3708,3708,0.9433333333333334,0.00998645168764533,request_rescan,0.377071
3709,3709,0.9433333333333334,0.00998645168764533,discard,0.377171
3710,3710,0.9433333333333334,0.00998645168764533,discard,0.377275
3711,3711,0.9433333333333334,0.00998645168764533,request_rescan,0.377374
3712,3712,0.9433333333333334,0.00998645168764533,discard,0.377468
3713,3713,0.9433333333333334,0.00998645168764533,discard,0.377561
3714,3714,0.9433333333333334,0.00998645168764533,discard,0.377659
3715,3715,0.9433333333333334,0.00998645168764533,discard,0.377755
3716,3716,0.9433333333333334,0.00998645168764533,request_rescan,0.377855
3717,3717,0.9433333333333334,0.00998645168764533,discard,0.377974
3718,3718,0.9433333333333334,0.00998645168764533,discard,0.378099
3719,3719,0.9433333333333334,0.00998645168764533,discard,0.378203
3720,3720,0.9433333333333334,0.00998645168764533,discard,0.378308
3721,3721,0.9433333333333334,0.00998645168764533,discard,0.378403
3722,3722,0.9433333333333334,0.00998645168764533,request_rescan,0.378498
3723,3723,0.9433333333333334,0.00998645168764533,discard,0.378592
3724,3724,0.76,0.00998645168764533,log_and_continue,0.378688
3725,3725,0.76,0.00998645168764533,log_and_continue,0.378784
3726,3726,0.76,0.00998645168764533,log_and_continue,0.378884
3727,3727,0.76,0.00998645168764533,log_and_continue,0.378979
3728,3728,0.9433333333333334,0.00998645168764533,request_rescan,0.379076
3729,3729,0.76,0.00998645168764533,log_and_continue,0.379171
3730,3730,0.9433333333333334,0.00998645168764533,discard,0.379283
3731,3731,0.9433333333333334,0.00998645168764533,discard,0.37939
3732,3732,0.9433333333333334,0.00998645168764533,request_rescan,0.379492
3733,3733,0.9433333333333334,0.00998645168764533,discard,0.379593
3734,3734,0.9433333333333334,0.00998645168764533,discard,0.379688
3735,3735,0.9433333333333334,0.00998645168764533,discard,0.379789
3736,3736,0.9433333333333334,0.00998645168764533,discard,0.379888
3737,3737,0.76,0.00998645168764533,log_and_continue,0.379986
3738,3738,0.9433333333333334,0.00998645168764533,request_rescan,0.380102
3739,3739,0.9433333333333334,0.00998645168764533,discard,0.380201
3740,3740,0.9433333333333334,0.00998645168764533,discard,0.380302
3741,3741,0.9433333333333334,0.00998645168764533,request_rescan,0.380397
3742,3742,0.76,0.00998645168764533,log_and_continue,0.380497
3743,3743,0.76,0.00998645168764533,log_and_continue,0.380611
3744,3744,0.9433333333333334,0.00998645168764533,discard,0.380706
3745,3745,0.9433333333333334,0.00998645168764533,request_rescan,0.380815
3746,3746,0.9433333333333334,0.00998645168764533,request_rescan,0.380909
3747,3747,0.76,0.00998645168764533,log_and_continue,0.381006
3748,3748,0.9433333333333334,0.00998645168764533,discard,0.3811
3749,3749,0.76,0.00998645168764533,log_and_continue,0.3812
3750,3750,0.9433333333333334,0.00998645168764533,discard,0.38131
3751,3751,0.9433333333333334,0.00998645168764533,request_rescan,0.381427
3752,3752,0.9433333333333334,0.00998645168764533,request_rescan,0.381523
3753,3753,0.9433333333333334,0.00998645168764533,discard,0.381623
3754,3754,0.9433333333333334,0.00998645168764533,discard,0.381724
3755,3755,0.76,0.00998645168764533,log_and_continue,0.381826
3756,3756,0.9433333333333334,0.00998645168764533,discard,0.381923
3757,3757,0.9433333333333334,0.00998645168764533,request_rescan,0.38202
3758,3758,0.76,0.00998645168764533,log_and_continue,0.382116
3759,3759,0.9433333333333334,0.00998645168764533,discard,0.382211
3760,3760,0.9433333333333334,0.00998645168764533,discard,0.382312
3761,3761,0.76,0.00998645168764533,log_and_continue,0.382412
3762,3762,0.9433333333333334,0.00998645168764533,discard,0.382511
3763,3763,0.9433333333333334,0.00998645168764533,discard,0.382608
3764,3764,0.9433333333333334,0.00998645168764533,discard,0.382705
3765,3765,0.76,0.00998645168764533,log_and_continue,0.382802
3766,3766,0.9433333333333334,0.00998645168764533,discard,0.3829
3767,3767,0.76,0.00998645168764533,log_and_continue,0.382994
3768,3768,0.9433333333333334,0.00998645168764533,request_rescan,0.38309
3769,3769,0.9433333333333334,0.00998645168764533,discard,0.383195
3770,3770,0.76,0.00998645168764533,log_and_continue,0.383301
3771,3771,0.9433333333333334,0.00998645168764533,discard,0.383398
3772,3772,0.9433333333333334,0.00998645168764533,discard,0.383498
3773,3773,0.9433333333333334,0.00998645168764533,request_rescan,0.383597
3774,3774,0.76,0.00998645168764533,log_and_continue,0.383694
3775,3775,0.9433333333333334,0.00998645168764533,discard,0.383795
3776,3776,0.9433333333333334,0.00998645168764533,request_rescan,0.383893
3777,3777,0.9433333333333334,0.00998645168764533,discard,0.383995
3778,3778,0.9433333333333334,0.00998645168764533,request_rescan,0.384095
3779,3779,0.9433333333333334,0.00998645168764533,discard,0.384191
3780,3780,0.9433333333333334,0.00998645168764533,request_rescan,0.38429
3781,3781,0.9433333333333334,0.00998645168764533,request_rescan,0.384384
3782,3782,0.9433333333333334,0.00998645168764533,request_rescan,0.384477
3783,3783,0.9433333333333334,0.00998645168764533,request_rescan,0.384571
3784,3784,0.9433333333333334,0.00998645168764533,request_rescan,0.384664
3785,3785,0.9433333333333334,0.00998645168764533,request_rescan,0.384771
3786,3786,0.9433333333333334,0.00998645168764533,discard,0.384889
3787,3787,0.9433333333333334,0.00998645168764533,request_rescan,0.384983
3788,3788,0.9433333333333334,0.00998645168764533,discard,0.385082
3789,3789,0.9433333333333334,0.00998645168764533,discard,0.385176
3790,3790,0.76,0.00998645168764533,log_and_continue,0.385274
3791,3791,0.9433333333333334,0.00998645168764533,discard,0.385368
3792,3792,0.9433333333333334,0.00998645168764533,discard,0.385464
3793,3793,0.9433333333333334,0.00998645168764533,discard,0.385559
3794,3794,0.9433333333333334,0.00998645168764533,request_rescan,0.385655
3795,3795,0.9433333333333334,0.00998645168764533,request_rescan,0.38575
3796,3796,0.76,0.00998645168764533,log_and_continue,0.385848
3797,3797,0.9433333333333334,0.00998645168764533,discard,0.38594
3798,3798,0.9433333333333334,0.00998645168764533,request_rescan,0.386036
3799,3799,0.76,0.00998645168764533,log_and_continue,0.386136
3800,3800,0.9433333333333334,0.00998645168764533,discard,0.386233
3801,3801,0.9433333333333334,0.00998645168764533,discard,0.386392
3802,3802,0.9433333333333334,0.00998645168764533,discard,0.386491
3803,3803,0.9433333333333334,0.00998645168764533,request_rescan,0.386591
3804,3804,0.9433333333333334,0.00998645168764533,discard,0.386689
3805,3805,0.9433333333333334,0.00998645168764533,discard,0.386787
3806,3806,0.9433333333333334,0.00998645168764533,discard,0.386891
3807,3807,0.76,0.00998645168764533,log_and_continue,0.386993
3808,3808,0.9433333333333334,0.00998645168764533,request_rescan,0.387097
3809,3809,0.76,0.00998645168764533,log_and_continue,0.387197
3810,3810,0.9433333333333334,0.00998645168764533,discard,0.387296
3811,3811,0.9433333333333334,0.00998645168764533,discard,0.3874
3812,3812,0.76,0.00998645168764533,log_and_continue,0.3875
3813,3813,0.9433333333333334,0.00998645168764533,discard,0.387598
3814,3814,0.9433333333333334,0.00998645168764533,request_rescan,0.387695
3815,3815,0.76,0.00998645168764533,log_and_continue,0.387791
3816,3816,0.9433333333333334,0.00998645168764533,request_rescan,0.387891
3817,3817,0.9433333333333334,0.00998645168764533,request_rescan,0.387991
3818,3818,0.9433333333333334,0.00998645168764533,request_rescan,0.388087
3819,3819,0.9433333333333334,0.00998645168764533,discard,0.388183
3820,3820,0.9433333333333334,0.00998645168764533,discard,0.388283
3821,3821,0.9433333333333334,0.00998645168764533,discard,0.388378
3822,3822,0.9433333333333334,0.00998645168764533,request_rescan,0.388475
3823,3823,0.9433333333333334,0.00998645168764533,discard,0.388575
3824,3824,0.9433333333333334,0.00998645168764533,request_rescan,0.388671
3825,3825,0.76,0.00998645168764533,log_and_continue,0.388768
3826,3826,0.9433333333333334,0.00998645168764533,discard,0.388866
3827,3827,0.9433333333333334,0.00998645168764533,discard,0.388961
3828,3828,0.9433333333333334,0.00998645168764533,discard,0.389057
3829,3829,0.76,0.00998645168764533,log_and_continue,0.389152
3830,3830,0.76,0.00998645168764533,log_and_continue,0.389251
3831,3831,0.9433333333333334,0.00998645168764533,discard,0.389349
3832,3832,0.9433333333333334,0.00998645168764533,discard,0.389446
3833,3833,0.9433333333333334,0.00998645168764533,discard,0.389545
3834,3834,0.9433333333333334,0.00998645168764533,discard,0.389637
3835,3835,0.9433333333333334,0.00998645168764533,discard,0.389729
3836,3836,0.9433333333333334,0.00998645168764533,request_rescan,0.389822
3837,3837,0.9433333333333334,0.00998645168764533,request_rescan,0.389917
3838,3838,0.9433333333333334,0.00998645168764533,discard,0.390014
3839,3839,0.9433333333333334,0.00998645168764533,discard,0.390111
3840,3840,0.76,0.00998645168764533,log_and_continue,0.390209
3841,3841,0.9433333333333334,0.00998645168764533,discard,0.39031
3842,3842,0.9433333333333334,0.00998645168764533,discard,0.390404
3843,3843,0.76,0.00998645168764533,log_and_continue,0.3905
3844,3844,0.9433333333333334,0.00998645168764533,request_rescan,0.390594
3845,3845,0.9433333333333334,0.00998645168764533,request_rescan,0.39069
3846,3846,0.9433333333333334,0.00998645168764533,discard,0.390791
3847,3847,0.9433333333333334,0.00998645168764533,discard,0.390889
3848,3848,0.9433333333333334,0.00998645168764533,discard,0.390991
3849,3849,0.9433333333333334,0.00998645168764533,request_rescan,0.391091
3850,3850,0.9433333333333334,0.00998645168764533,discard,0.391188
3851,3851,0.9433333333333334,0.00998645168764533,request_rescan,0.391284
3852,3852,0.9433333333333334,0.00998645168764533,discard,0.391382
3853,3853,0.9433333333333334,0.00998645168764533,discard,0.391479
3854,3854,0.9433333333333334,0.00998645168764533,discard,0.391573
3855,3855,0.9433333333333334,0.00998645168764533,discard,0.391668
3856,3856,0.9433333333333334,0.00998645168764533,discard,0.391761
3857,3857,0.9433333333333334,0.00998645168764533,discard,0.39186
3858,3858,0.76,0.00998645168764533,log_and_continue,0.391955
3859,3859,0.9433333333333334,0.00998645168764533,discard,0.392048
3860,3860,0.76,0.00998645168764533,log_and_continue,0.392146
3861,3861,0.9433333333333334,0.00998645168764533,discard,0.392246
3862,3862,0.76,0.00998645168764533,log_and_continue,0.392343
3863,3863,0.76,0.00998645168764533,log_and_continue,0.392441
3864,3864,0.9433333333333334,0.00998645168764533,discard,0.392575
3865,3865,0.76,0.00998645168764533,log_and_continue,0.39267
3866,3866,0.9433333333333334,0.00998645168764533,discard,0.392769
3867,3867,0.9433333333333334,0.00998645168764533,discard,0.392863
3868,3868,0.9433333333333334,0.00998645168764533,request_rescan,0.392958
3869,3869,0.9433333333333334,0.00998645168764533,discard,0.393051
3870,3870,0.76,0.00998645168764533,log_and_continue,0.393146
3871,3871,0.9433333333333334,0.00998645168764533,request_rescan,0.393247
3872,3872,0.9433333333333334,0.00998645168764533,request_rescan,0.393342
3873,3873,0.9433333333333334,0.00998645168764533,request_rescan,0.393436
3874,3874,0.9433333333333334,0.00998645168764533,discard,0.393533
3875,3875,0.9433333333333334,0.00998645168764533,request_rescan,0.393626
3876,3876,0.6633333333333333,0.00998645168764533,log_and_continue,0.393731
3877,3877,0.9433333333333334,0.00998645168764533,discard,0.393843
3878,3878,0.9433333333333334,0.00998645168764533,discard,0.39397
3879,3879,0.9433333333333334,0.00998645168764533,discard,0.394066
3880,3880,0.9433333333333334,0.00998645168764533,discard,0.394164
3881,3881,0.76,0.00998645168764533,log_and_continue,0.394264
3882,3882,0.9433333333333334,0.00998645168764533,discard,0.394361
3883,3883,0.76,0.00998645168764533,log_and_continue,0.394456
3884,3884,0.9433333333333334,0.00998645168764533,request_rescan,0.394556
3885,3885,0.9433333333333334,0.00998645168764533,discard,0.394658
3886,3886,0.9433333333333334,0.00998645168764533,discard,0.394758
3887,3887,0.9433333333333334,0.00998645168764533,request_rescan,0.394857
3888,3888,0.9433333333333334,0.00998645168764533,discard,0.394956
3889,3889,0.9433333333333334,0.00998645168764533,discard,0.395057
3890,3890,0.9433333333333334,0.00998645168764533,request_rescan,0.395153
3891,3891,0.9433333333333334,0.00998645168764533,discard,0.395251
3892,3892,0.76,0.00998645168764533,log_and_continue,0.395354
3893,3893,0.9433333333333334,0.00998645168764533,discard,0.395456
3894,3894,0.9433333333333334,0.00998645168764533,request_rescan,0.395552
3895,3895,0.9433333333333334,0.00998645168764533,request_rescan,0.395648
3896,3896,0.76,0.00998645168764533,log_and_continue,0.395743
3897,3897,0.9433333333333334,0.00998645168764533,request_rescan,0.395837
3898,3898,0.76,0.00998645168764533,log_and_continue,0.395931
3899,3899,0.9433333333333334,0.00998645168764533,discard,0.396027
3900,3900,0.9433333333333334,0.00998645168764533,discard,0.39612
3901,3901,0.9433333333333334,0.00998645168764533,discard,0.39626
3902,3902,0.9433333333333334,0.00998645168764533,discard,0.396363
3903,3903,0.9433333333333334,0.00998645168764533,discard,0.396464
3904,3904,0.76,0.00998645168764533,log_and_continue,0.396562
3905,3905,0.9433333333333334,0.00998645168764533,request_rescan,0.396658
3906,3906,0.9433333333333334,0.00998645168764533,request_rescan,0.396772
3907,3907,0.9433333333333334,0.00998645168764533,discard,0.39687
3908,3908,0.9433333333333334,0.00998645168764533,discard,0.396971
3909,3909,0.9433333333333334,0.00998645168764533,discard,0.397074
3910,3910,0.9433333333333334,0.00998645168764533,discard,0.397168
3911,3911,0.9433333333333334,0.00998645168764533,discard,0.397279
3912,3912,0.9433333333333334,0.00998645168764533,discard,0.397372
3913,3913,0.76,0.00998645168764533,log_and_continue,0.397481
3914,3914,0.9433333333333334,0.00998645168764533,discard,0.397578
3915,3915,0.9433333333333334,0.00998645168764533,discard,0.397676
3916,3916,0.9433333333333334,0.00998645168764533,discard,0.397772
3917,3917,0.76,0.00998645168764533,log_and_continue,0.397873
3918,3918,0.76,0.00998645168764533,log_and_continue,0.397967
3919,3919,0.9433333333333334,0.00998645168764533,request_rescan,0.398081
3920,3920,0.76,0.00998645168764533,log_and_continue,0.398207
3921,3921,0.9433333333333334,0.00998645168764533,request_rescan,0.398334
3922,3922,0.76,0.00998645168764533,log_and_continue,0.39843
3923,3923,0.76,0.00998645168764533,log_and_continue,0.398526
3924,3924,0.9433333333333334,0.00998645168764533,discard,0.398625
3925,3925,0.9433333333333334,0.00998645168764533,request_rescan,0.398724
3926,3926,0.9433333333333334,0.00998645168764533,discard,0.398829
3927,3927,0.9433333333333334,0.00998645168764533,discard,0.398932
3928,3928,0.9433333333333334,0.00998645168764533,discard,0.399029
3929,3929,0.9433333333333334,0.00998645168764533,request_rescan,0.399126
3930,3930,0.9433333333333334,0.00998645168764533,discard,0.399222
3931,3931,0.9433333333333334,0.00998645168764533,request_rescan,0.39933
3932,3932,0.76,0.00998645168764533,log_and_continue,0.399433
3933,3933,0.9433333333333334,0.00998645168764533,request_rescan,0.399531
3934,3934,0.9433333333333334,0.00998645168764533,request_rescan,0.399628
3935,3935,0.76,0.00998645168764533,discard,0.399727
3936,3936,0.9433333333333334,0.00998645168764533,request_rescan,0.399824
3937,3937,0.76,0.00998645168764533,log_and_continue,0.399922
3938,3938,0.76,0.00998645168764533,log_and_continue,0.400017
3939,3939,0.76,0.00998645168764533,log_and_continue,0.400116
3940,3940,0.9433333333333334,0.00998645168764533,discard,0.400218
3941,3941,0.9433333333333334,0.00998645168764533,discard,0.40032
3942,3942,0.9433333333333334,0.00998645168764533,request_rescan,0.400416
3943,3943,0.9433333333333334,0.00998645168764533,request_rescan,0.400512
3944,3944,0.9433333333333334,0.00998645168764533,discard,0.400616
3945,3945,0.9433333333333334,0.00998645168764533,discard,0.400718
3946,3946,0.9433333333333334,0.00998645168764533,discard,0.400817
3947,3947,0.9433333333333334,0.00998645168764533,request_rescan,0.400915
3948,3948,0.9433333333333334,0.00998645168764533,request_rescan,0.40101
3949,3949,0.76,0.00998645168764533,log_and_continue,0.401106
3950,3950,0.76,0.00998645168764533,log_and_continue,0.401201
3951,3951,0.9433333333333334,0.00998645168764533,request_rescan,0.401303
3952,3952,0.9433333333333334,0.00998645168764533,discard,0.401408
3953,3953,0.9433333333333334,0.00998645168764533,request_rescan,0.401507
3954,3954,0.9433333333333334,0.00998645168764533,request_rescan,0.401604
3955,3955,0.76,0.00998645168764533,log_and_continue,0.401703
3956,3956,0.76,0.00998645168764533,log_and_continue,0.401797
3957,3957,0.9433333333333334,0.00998645168764533,request_rescan,0.401897
3958,3958,0.9433333333333334,0.00998645168764533,request_rescan,0.401993
3959,3959,0.9433333333333334,0.00998645168764533,request_rescan,0.402089
3960,3960,0.9433333333333334,0.00998645168764533,discard,0.402191
3961,3961,0.9433333333333334,0.00998645168764533,discard,0.402293
3962,3962,0.9433333333333334,0.00998645168764533,discard,0.40239
3963,3963,0.76,0.00998645168764533,log_and_continue,0.402485
3964,3964,0.9433333333333334,0.00998645168764533,discard,0.402585
3965,3965,0.9433333333333334,0.00998645168764533,discard,0.402684
3966,3966,0.9433333333333334,0.00998645168764533,request_rescan,0.402785
3967,3967,0.9433333333333334,0.00998645168764533,discard,0.402883
3968,3968,0.9433333333333334,0.00998645168764533,discard,0.402978
3969,3969,0.9433333333333334,0.00998645168764533,discard,0.403072
3970,3970,0.76,0.00998645168764533,log_and_continue,0.40317
3971,3971,0.9433333333333334,0.00998645168764533,request_rescan,0.403289
3972,3972,0.9433333333333334,0.00998645168764533,discard,0.403387
3973,3973,0.9433333333333334,0.00998645168764533,discard,0.403483
3974,3974,0.9433333333333334,0.00998645168764533,discard,0.403584
3975,3975,0.76,0.00998645168764533,log_and_continue,0.403681
3976,3976,0.76,0.00998645168764533,log_and_continue,0.403776
3977,3977,0.76,0.00998645168764533,log_and_continue,0.403869
3978,3978,0.9433333333333334,0.00998645168764533,discard,0.403962
3979,3979,0.9433333333333334,0.00998645168764533,discard,0.404055
3980,3980,0.9433333333333334,0.00998645168764533,discard,0.404151
3981,3981,0.76,0.00998645168764533,log_and_continue,0.40425
3982,3982,0.9433333333333334,0.00998645168764533,request_rescan,0.404349
3983,3983,0.9433333333333334,0.00998645168764533,discard,0.40445
3984,3984,0.9433333333333334,0.00998645168764533,discard,0.404547
3985,3985,0.9433333333333334,0.00998645168764533,request_rescan,0.404644
3986,3986,0.9433333333333334,0.00998645168764533,discard,0.404742
3987,3987,0.76,0.00998645168764533,log_and_continue,0.404841
3988,3988,0.9433333333333334,0.00998645168764533,request_rescan,0.404939
3989,3989,0.9433333333333334,0.00998645168764533,request_rescan,0.405036
3990,3990,0.9433333333333334,0.00998645168764533,request_rescan,0.405131
3991,3991,0.9433333333333334,0.00998645168764533,discard,0.405226
3992,3992,0.9433333333333334,0.00998645168764533,discard,0.40533
3993,3993,0.76,0.00998645168764533,log_and_continue,0.405431
3994,3994,0.9433333333333334,0.00998645168764533,request_rescan,0.40553
3995,3995,0.9433333333333334,0.00998645168764533,discard,0.405624
3996,3996,0.9433333333333334,0.00998645168764533,discard,0.405724
3997,3997,0.9433333333333334,0.00998645168764533,discard,0.40582
3998,3998,0.76,0.00998645168764533,log_and_continue,0.405916
3999,3999,0.9433333333333334,0.00998645168764533,discard,0.40601
4000,4000,0.9433333333333334,0.00998645168764533,request_rescan,0.406105
4001,4001,0.76,0.00998645168764533,log_and_continue,0.406294
4002,4002,0.9433333333333334,0.00998645168764533,discard,0.406424
4003,4003,0.76,0.00998645168764533,log_and_continue,0.406532
4004,4004,0.9433333333333334,0.00998645168764533,discard,0.406635
4005,4005,0.9433333333333334,0.00998645168764533,request_rescan,0.406734
4006,4006,0.9433333333333334,0.00998645168764533,discard,0.406829
4007,4007,0.76,0.00998645168764533,log_and_continue,0.406925
4008,4008,0.9433333333333334,0.00998645168764533,discard,0.407024
4009,4009,0.9433333333333334,0.00998645168764533,request_rescan,0.407127
4010,4010,0.9433333333333334,0.00998645168764533,discard,0.407226
4011,4011,0.9433333333333334,0.00998645168764533,discard,0.407325
4012,4012,0.9433333333333334,0.00998645168764533,discard,0.407425
4013,4013,0.9433333333333334,0.00998645168764533,request_rescan,0.407522
4014,4014,0.76,0.00998645168764533,log_and_continue,0.407619
4015,4015,0.9433333333333334,0.00998645168764533,discard,0.407716
4016,4016,0.76,0.00998645168764533,log_and_continue,0.407816
4017,4017,0.9433333333333334,0.00998645168764533,discard,0.407909
4018,4018,0.9433333333333334,0.00998645168764533,request_rescan,0.408005
4019,4019,0.9433333333333334,0.00998645168764533,discard,0.408108
4020,4020,0.76,0.00998645168764533,log_and_continue,0.408206
4021,4021,0.9433333333333334,0.00998645168764533,discard,0.408304
4022,4022,0.9433333333333334,0.00998645168764533,discard,0.408397
4023,4023,0.9433333333333334,0.00998645168764533,request_rescan,0.408492
4024,4024,0.9433333333333334,0.00998645168764533,discard,0.408588
4025,4025,0.9433333333333334,0.00998645168764533,discard,0.408682
4026,4026,0.9433333333333334,0.00998645168764533,discard,0.408773
4027,4027,0.9433333333333334,0.00998645168764533,discard,0.408869
4028,4028,0.9433333333333334,0.00998645168764533,discard,0.408966
4029,4029,0.9433333333333334,0.00998645168764533,request_rescan,0.409061
4030,4030,0.9433333333333334,0.00998645168764533,discard,0.409154
4031,4031,0.9433333333333334,0.00998645168764533,request_rescan,0.409289
4032,4032,0.9433333333333334,0.00998645168764533,request_rescan,0.40939
4033,4033,0.9433333333333334,0.00998645168764533,discard,0.409491
4034,4034,0.76,0.00998645168764533,log_and_continue,0.409591
4035,4035,0.9433333333333334,0.00998645168764533,request_rescan,0.409686
4036,4036,0.9433333333333334,0.00998645168764533,discard,0.409779
4037,4037,0.76,0.00998645168764533,log_and_continue,0.409872
4038,4038,0.9433333333333334,0.00998645168764533,discard,0.409964
4039,4039,0.9433333333333334,0.00998645168764533,discard,0.410058
4040,4040,0.9433333333333334,0.00998645168764533,discard,0.410153
4041,4041,0.9433333333333334,0.00998645168764533,discard,0.410253
4042,4042,0.9433333333333334,0.00998645168764533,discard,0.410357
4043,4043,0.9433333333333334,0.00998645168764533,discard,0.410458
4044,4044,0.9433333333333334,0.00998645168764533,discard,0.410558
4045,4045,0.9433333333333334,0.00998645168764533,discard,0.410656
4046,4046,0.9433333333333334,0.00998645168764533,discard,0.410752
4047,4047,0.9433333333333334,0.00998645168764533,discard,0.410848
4048,4048,0.76,0.00998645168764533,log_and_continue,0.410945
4049,4049,0.9433333333333334,0.00998645168764533,request_rescan,0.411043
4050,4050,0.9433333333333334,0.00998645168764533,discard,0.411139
4051,4051,0.9433333333333334,0.00998645168764533,discard,0.411234
4052,4052,0.76,0.00998645168764533,log_and_continue,0.411334
4053,4053,0.9433333333333334,0.00998645168764533,discard,0.411432
4054,4054,0.9433333333333334,0.00998645168764533,discard,0.411532
4055,4055,0.9433333333333334,0.00998645168764533,discard,0.411634
4056,4056,0.9433333333333334,0.00998645168764533,discard,0.411728
4057,4057,0.9433333333333334,0.00998645168764533,discard,0.411833
4058,4058,0.9433333333333334,0.00998645168764533,discard,0.411932
4059,4059,0.9433333333333334,0.00998645168764533,discard,0.412028
4060,4060,0.9433333333333334,0.00998645168764533,request_rescan,0.412127
4061,4061,0.76,0.00998645168764533,log_and_continue,0.412224
4062,4062,0.9433333333333334,0.00998645168764533,discard,0.412324
4063,4063,0.9433333333333334,0.00998645168764533,discard,0.412422
4064,4064,0.9433333333333334,0.00998645168764533,request_rescan,0.412526
4065,4065,0.76,0.00998645168764533,log_and_continue,0.412625
4066,4066,0.76,0.00998645168764533,log_and_continue,0.412719
4067,4067,0.9433333333333334,0.00998645168764533,discard,0.412815
4068,4068,0.9433333333333334,0.00998645168764533,request_rescan,0.412911
4069,4069,0.9433333333333334,0.00998645168764533,discard,0.413006
4070,4070,0.9433333333333334,0.00998645168764533,discard,0.413098
4071,4071,0.9433333333333334,0.00998645168764533,discard,0.413204
4072,4072,0.9433333333333334,0.00998645168764533,discard,0.413311
4073,4073,0.9433333333333334,0.00998645168764533,discard,0.413428
4074,4074,0.76,0.00998645168764533,log_and_continue,0.413526
4075,4075,0.76,0.00998645168764533,log_and_continue,0.413619
4076,4076,0.9433333333333334,0.00998645168764533,request_rescan,0.413714
4077,4077,0.9433333333333334,0.00998645168764533,request_rescan,0.41381
4078,4078,0.9433333333333334,0.00998645168764533,discard,0.413921
4079,4079,0.9433333333333334,0.00998645168764533,request_rescan,0.414025
4080,4080,0.9433333333333334,0.00998645168764533,discard,0.414126
4081,4081,0.9433333333333334,0.00998645168764533,request_rescan,0.414239
4082,4082,0.9433333333333334,0.00998645168764533,discard,0.414346
4083,4083,0.9433333333333334,0.00998645168764533,discard,0.414443
4084,4084,0.9433333333333334,0.00998645168764533,discard,0.41454
4085,4085,0.9433333333333334,0.00998645168764533,request_rescan,0.414641
4086,4086,0.9433333333333334,0.00998645168764533,request_rescan,0.414737
4087,4087,0.76,0.00998645168764533,log_and_continue,0.414839
4088,4088,0.9433333333333334,0.00998645168764533,discard,0.414938
4089,4089,0.9433333333333334,0.00998645168764533,discard,0.415034
4090,4090,0.76,0.00998645168764533,log_and_continue,0.415132
4091,4091,0.9433333333333334,0.00998645168764533,request_rescan,0.415227
4092,4092,0.9433333333333334,0.00998645168764533,request_rescan,0.41533
4093,4093,0.9433333333333334,0.00998645168764533,discard,0.415432
4094,4094,0.9433333333333334,0.00998645168764533,discard,0.415528
4095,4095,0.9433333333333334,0.00998645168764533,request_rescan,0.415623
4096,4096,0.9433333333333334,0.00998645168764533,request_rescan,0.415715
4097,4097,0.9433333333333334,0.00998645168764533,discard,0.415809
4098,4098,0.9433333333333334,0.00998645168764533,request_rescan,0.415902
4099,4099,0.76,0.00998645168764533,log_and_continue,0.415995
4100,4100,0.76,0.00998645168764533,log_and_continue,0.416092
4101,4101,0.9433333333333334,0.00998645168764533,discard,0.416252
4102,4102,0.9433333333333334,0.00998645168764533,request_rescan,0.416362
4103,4103,0.9433333333333334,0.00998645168764533,request_rescan,0.41646
4104,4104,0.9433333333333334,0.00998645168764533,discard,0.416559
4105,4105,0.9433333333333334,0.00998645168764533,request_rescan,0.416654
4106,4106,0.9433333333333334,0.00998645168764533,discard,0.416752
4107,4107,0.9433333333333334,0.00998645168764533,discard,0.416856
4108,4108,0.9433333333333334,0.00998645168764533,discard,0.416954
4109,4109,0.9433333333333334,0.00998645168764533,discard,0.41705
4110,4110,0.9433333333333334,0.00998645168764533,discard,0.417148
4111,4111,0.76,0.00998645168764533,log_and_continue,0.417258
4112,4112,0.9433333333333334,0.00998645168764533,request_rescan,0.417354
4113,4113,0.9433333333333334,0.00998645168764533,request_rescan,0.417453
4114,4114,0.9433333333333334,0.00998645168764533,discard,0.417551
4115,4115,0.9433333333333334,0.00998645168764533,request_rescan,0.417648
4116,4116,0.9433333333333334,0.00998645168764533,discard,0.417743
4117,4117,0.9433333333333334,0.00998645168764533,discard,0.417842
4118,4118,0.9433333333333334,0.00998645168764533,discard,0.417937
4119,4119,0.76,0.00998645168764533,log_and_continue,0.418036
4120,4120,0.76,0.00998645168764533,log_and_continue,0.418136
4121,4121,0.9433333333333334,0.00998645168764533,discard,0.418239
4122,4122,0.9433333333333334,0.00998645168764533,discard,0.418341
4123,4123,0.9433333333333334,0.00998645168764533,request_rescan,0.41844
4124,4124,0.9433333333333334,0.00998645168764533,discard,0.418537
4125,4125,0.9433333333333334,0.00998645168764533,discard,0.418643
4126,4126,0.9433333333333334,0.00998645168764533,discard,0.418741
4127,4127,0.76,0.00998645168764533,log_and_continue,0.418839
4128,4128,0.9433333333333334,0.00998645168764533,discard,0.418942
4129,4129,0.9433333333333334,0.00998645168764533,discard,0.41904
4130,4130,0.9433333333333334,0.00998645168764533,discard,0.419136
4131,4131,0.9433333333333334,0.00998645168764533,request_rescan,0.419232
4132,4132,0.9433333333333334,0.00998645168764533,discard,0.419337
4133,4133,0.9433333333333334,0.00998645168764533,request_rescan,0.419437
4134,4134,0.76,0.00998645168764533,log_and_continue,0.419533
4135,4135,0.9433333333333334,0.00998645168764533,request_rescan,0.41963
4136,4136,0.9433333333333334,0.00998645168764533,request_rescan,0.419725
4137,4137,0.9433333333333334,0.00998645168764533,discard,0.419828
4138,4138,0.9433333333333334,0.00998645168764533,discard,0.419926
4139,4139,0.76,0.00998645168764533,log_and_continue,0.420025
4140,4140,0.76,0.00998645168764533,log_and_continue,0.420121
4141,4141,0.9433333333333334,0.00998645168764533,request_rescan,0.420216
4142,4142,0.9433333333333334,0.00998645168764533,discard,0.420312
4143,4143,0.9433333333333334,0.00998645168764533,discard,0.420411
4144,4144,0.9433333333333334,0.00998645168764533,discard,0.420505
4145,4145,0.9433333333333334,0.00998645168764533,discard,0.420603
4146,4146,0.9433333333333334,0.00998645168764533,discard,0.420699
4147,4147,0.9433333333333334,0.00998645168764533,discard,0.420793
4148,4148,0.9433333333333334,0.00998645168764533,request_rescan,0.420889
4149,4149,0.76,0.00998645168764533,log_and_continue,0.420986
4150,4150,0.9433333333333334,0.00998645168764533,discard,0.421081
4151,4151,0.76,0.00998645168764533,log_and_continue,0.421177
4152,4152,0.9433333333333334,0.00998645168764533,discard,0.421282
4153,4153,0.9433333333333334,0.00998645168764533,discard,0.421378
4154,4154,0.9433333333333334,0.00998645168764533,request_rescan,0.421475
4155,4155,0.9433333333333334,0.00998645168764533,request_rescan,0.421574
4156,4156,0.9433333333333334,0.00998645168764533,request_rescan,0.421672
4157,4157,0.76,0.00998645168764533,log_and_continue,0.421769
4158,4158,0.9433333333333334,0.00998645168764533,request_rescan,0.421864
4159,4159,0.9433333333333334,0.00998645168764533,discard,0.421968
4160,4160,0.76,0.00998645168764533,log_and_continue,0.42207
4161,4161,0.9433333333333334,0.00998645168764533,discard,0.422166
4162,4162,0.76,0.00998645168764533,log_and_continue,0.422263
4163,4163,0.9433333333333334,0.00998645168764533,discard,0.422387
4164,4164,0.9433333333333334,0.00998645168764533,request_rescan,0.422487
4165,4165,0.76,0.00998645168764533,log_and_continue,0.422588
4166,4166,0.9433333333333334,0.00998645168764533,request_rescan,0.422684
4167,4167,0.76,0.00998645168764533,request_rescan,0.422782
4168,4168,0.9433333333333334,0.00998645168764533,discard,0.422883
4169,4169,0.9433333333333334,0.00998645168764533,request_rescan,0.42298
4170,4170,0.9433333333333334,0.00998645168764533,discard,0.423076
4171,4171,0.9433333333333334,0.00998645168764533,discard,0.423179
4172,4172,0.76,0.00998645168764533,log_and_continue,0.423285
4173,4173,0.76,0.00998645168764533,log_and_continue,0.423383
4174,4174,0.76,0.00998645168764533,log_and_continue,0.423477
4175,4175,0.76,0.00998645168764533,log_and_continue,0.423572
4176,4176,0.9433333333333334,0.00998645168764533,discard,0.423674
4177,4177,0.9433333333333334,0.00998645168764533,discard,0.423776
4178,4178,0.9433333333333334,0.00998645168764533,request_rescan,0.423876
4179,4179,0.9433333333333334,0.00998645168764533,request_rescan,0.423971
4180,4180,0.9433333333333334,0.00998645168764533,discard,0.424069
4181,4181,0.76,0.00998645168764533,log_and_continue,0.424173
4182,4182,0.9433333333333334,0.00998645168764533,discard,0.424277
4183,4183,0.76,0.00998645168764533,log_and_continue,0.424376
4184,4184,0.9433333333333334,0.00998645168764533,discard,0.424475
4185,4185,0.9433333333333334,0.00998645168764533,discard,0.424572
4186,4186,0.9433333333333334,0.00998645168764533,discard,0.424671
4187,4187,0.9433333333333334,0.00998645168764533,discard,0.424767
4188,4188,0.9433333333333334,0.00998645168764533,discard,0.424868
4189,4189,0.9433333333333334,0.00998645168764533,discard,0.424965
4190,4190,0.9433333333333334,0.00998645168764533,discard,0.425062
4191,4191,0.9433333333333334,0.00998645168764533,discard,0.425155
4192,4192,0.9433333333333334,0.00998645168764533,discard,0.425255
4193,4193,0.9433333333333334,0.00998645168764533,discard,0.42535
4194,4194,0.9433333333333334,0.00998645168764533,request_rescan,0.425447
4195,4195,0.9433333333333334,0.00998645168764533,discard,0.425543
4196,4196,0.9433333333333334,0.00998645168764533,discard,0.425638
4197,4197,0.9433333333333334,0.00998645168764533,discard,0.425735
4198,4198,0.76,0.00998645168764533,log_and_continue,0.425841
4199,4199,0.9433333333333334,0.00998645168764533,discard,0.425978
4200,4200,0.9433333333333334,0.00998645168764533,discard,0.426079
4201,4201,0.9433333333333334,0.00998645168764533,discard,0.426213
4202,4202,0.9433333333333334,0.00998645168764533,discard,0.42632
4203,4203,0.9433333333333334,0.00998645168764533,discard,0.426419
4204,4204,0.76,0.00998645168764533,log_and_continue,0.426518
4205,4205,0.9433333333333334,0.00998645168764533,discard,0.426616
4206,4206,0.9433333333333334,0.00998645168764533,discard,0.426715
4207,4207,0.9433333333333334,0.00998645168764533,discard,0.426817
4208,4208,0.76,0.00998645168764533,log_and_continue,0.426916
4209,4209,0.9433333333333334,0.00998645168764533,discard,0.427017
4210,4210,0.9433333333333334,0.00998645168764533,discard,0.427117
4211,4211,0.9433333333333334,0.00998645168764533,request_rescan,0.427213
4212,4212,0.9433333333333334,0.00998645168764533,request_rescan,0.427315
4213,4213,0.9433333333333334,0.00998645168764533,discard,0.427409
4214,4214,0.76,0.00998645168764533,log_and_continue,0.427507
4215,4215,0.76,0.00998645168764533,log_and_continue,0.427601
4216,4216,0.9433333333333334,0.00998645168764533,discard,0.427701
4217,4217,0.76,0.00998645168764533,log_and_continue,0.4278
4218,4218,0.9433333333333334,0.00998645168764533,discard,0.427898
4219,4219,0.76,0.00998645168764533,log_and_continue,0.427992
4220,4220,0.9433333333333334,0.00998645168764533,request_rescan,0.428089
4221,4221,0.9433333333333334,0.00998645168764533,discard,0.428186
4222,4222,0.9433333333333334,0.00998645168764533,discard,0.428289
4223,4223,0.9433333333333334,0.00998645168764533,discard,0.428383
4224,4224,0.9433333333333334,0.00998645168764533,discard,0.428477
4225,4225,0.9433333333333334,0.00998645168764533,discard,0.428576
4226,4226,0.9433333333333334,0.00998645168764533,request_rescan,0.428674
4227,4227,0.9433333333333334,0.00998645168764533,discard,0.428769
4228,4228,0.9433333333333334,0.00998645168764533,discard,0.428863
4229,4229,0.76,0.00998645168764533,log_and_continue,0.428971
4230,4230,0.9433333333333334,0.00998645168764533,discard,0.429093
4231,4231,0.9433333333333334,0.00998645168764533,discard,0.429188
4232,4232,0.76,0.00998645168764533,log_and_continue,0.429288
4233,4233,0.9433333333333334,0.00998645168764533,request_rescan,0.429387
4234,4234,0.9433333333333334,0.00998645168764533,discard,0.429484
4235,4235,0.9433333333333334,0.00998645168764533,request_rescan,0.42958
4236,4236,0.76,0.00998645168764533,log_and_continue,0.429675
4237,4237,0.9433333333333334,0.00998645168764533,request_rescan,0.429772
4238,4238,0.9433333333333334,0.00998645168764533,request_rescan,0.429869
4239,4239,0.76,0.00998645168764533,log_and_continue,0.429964
4240,4240,0.9433333333333334,0.00998645168764533,discard,0.430079
4241,4241,0.9433333333333334,0.00998645168764533,discard,0.430186
4242,4242,0.9433333333333334,0.00998645168764533,discard,0.430294
4243,4243,0.76,0.00998645168764533,log_and_continue,0.430392
4244,4244,0.76,0.00998645168764533,log_and_continue,0.43049
4245,4245,0.9433333333333334,0.00998645168764533,discard,0.430605
4246,4246,0.76,0.00998645168764533,log_and_continue,0.430709
4247,4247,0.9433333333333334,0.00998645168764533,discard,0.430818
4248,4248,0.9433333333333334,0.00998645168764533,discard,0.43091
4249,4249,0.9433333333333334,0.00998645168764533,request_rescan,0.431007
4250,4250,0.76,0.00998645168764533,log_and_continue,0.431102
4251,4251,0.9433333333333334,0.00998645168764533,discard,0.431194
4252,4252,0.76,0.00998645168764533,log_and_continue,0.431297
4253,4253,0.9433333333333334,0.00998645168764533,discard,0.431395
4254,4254,0.9433333333333334,0.00998645168764533,discard,0.431497
4255,4255,0.9433333333333334,0.00998645168764533,request_rescan,0.431599
4256,4256,0.76,0.00998645168764533,log_and_continue,0.431698
4257,4257,0.76,0.00998645168764533,log_and_continue,0.431795
4258,4258,0.76,0.00998645168764533,log_and_continue,0.431888
4259,4259,0.6633333333333333,0.00998645168764533,log_and_continue,0.431988
4260,4260,0.9433333333333334,0.00998645168764533,discard,0.432089
4261,4261,0.9433333333333334,0.00998645168764533,request_rescan,0.432192
4262,4262,0.9433333333333334,0.00998645168764533,discard,0.432293
4263,4263,0.9433333333333334,0.00998645168764533,request_rescan,0.43239
4264,4264,0.9433333333333334,0.00998645168764533,request_rescan,0.432487
4265,4265,0.9433333333333334,0.00998645168764533,request_rescan,0.432582
4266,4266,0.9433333333333334,0.00998645168764533,discard,0.43268
4267,4267,0.9433333333333334,0.00998645168764533,discard,0.432775
4268,4268,0.9433333333333334,0.00998645168764533,request_rescan,0.43287
4269,4269,0.9433333333333334,0.00998645168764533,discard,0.432984
4270,4270,0.76,0.00998645168764533,log_and_continue,0.433104
4271,4271,0.9433333333333334,0.00998645168764533,request_rescan,0.433206
4272,4272,0.9433333333333334,0.00998645168764533,discard,0.433309
4273,4273,0.76,0.00998645168764533,log_and_continue,0.433409
4274,4274,0.9433333333333334,0.00998645168764533,request_rescan,0.433507
4275,4275,0.76,0.00998645168764533,log_and_continue,0.433604
4276,4276,0.9433333333333334,0.00998645168764533,discard,0.433702
4277,4277,0.9433333333333334,0.00998645168764533,discard,0.433801
4278,4278,0.9433333333333334,0.00998645168764533,request_rescan,0.433902
4279,4279,0.9433333333333334,0.00998645168764533,discard,0.433999
4280,4280,0.9433333333333334,0.00998645168764533,discard,0.434093
4281,4281,0.9433333333333334,0.00998645168764533,discard,0.434194
4282,4282,0.9433333333333334,0.00998645168764533,discard,0.434291
4283,4283,0.9433333333333334,0.00998645168764533,request_rescan,0.434388
4284,4284,0.9433333333333334,0.00998645168764533,discard,0.434483
4285,4285,0.9433333333333334,0.00998645168764533,request_rescan,0.434583
4286,4286,0.76,0.00998645168764533,log_and_continue,0.434683
4287,4287,0.9433333333333334,0.00998645168764533,discard,0.434781
4288,4288,0.9433333333333334,0.00998645168764533,discard,0.434877
4289,4289,0.9433333333333334,0.00998645168764533,discard,0.434972
4290,4290,0.76,0.00998645168764533,log_and_continue,0.435068
4291,4291,0.9433333333333334,0.00998645168764533,discard,0.435163
4292,4292,0.9433333333333334,0.00998645168764533,discard,0.43526
4293,4293,0.76,0.00998645168764533,log_and_continue,0.43536
4294,4294,0.76,0.00998645168764533,log_and_continue,0.435457
4295,4295,0.9433333333333334,0.00998645168764533,discard,0.435557
4296,4296,0.9433333333333334,0.00998645168764533,request_rescan,0.435653
4297,4297,0.9433333333333334,0.00998645168764533,request_rescan,0.435748
4298,4298,0.9433333333333334,0.00998645168764533,discard,0.435845
4299,4299,0.9433333333333334,0.00998645168764533,discard,0.43594
4300,4300,0.76,0.00998645168764533,log_and_continue,0.436035
4301,4301,0.9433333333333334,0.00998645168764533,request_rescan,0.436173
4302,4302,0.9433333333333334,0.00998645168764533,request_rescan,0.436277
4303,4303,0.9433333333333334,0.00998645168764533,discard,0.436379
4304,4304,0.9433333333333334,0.00998645168764533,discard,0.436478
4305,4305,0.9433333333333334,0.00998645168764533,discard,0.436577
4306,4306,0.9433333333333334,0.00998645168764533,discard,0.436671
4307,4307,0.9433333333333334,0.00998645168764533,discard,0.436764
4308,4308,0.9433333333333334,0.00998645168764533,discard,0.436859
4309,4309,0.76,0.00998645168764533,log_and_continue,0.436961
4310,4310,0.76,0.00998645168764533,log_and_continue,0.437059
4311,4311,0.9433333333333334,0.00998645168764533,request_rescan,0.437155
4312,4312,0.9433333333333334,0.00998645168764533,discard,0.437254
4313,4313,0.9433333333333334,0.00998645168764533,discard,0.437349
4314,4314,0.9433333333333334,0.00998645168764533,request_rescan,0.437445
4315,4315,0.9433333333333334,0.00998645168764533,discard,0.43755
4316,4316,0.76,0.00998645168764533,log_and_continue,0.437653
4317,4317,0.9433333333333334,0.00998645168764533,discard,0.437753
4318,4318,0.9433333333333334,0.00998645168764533,discard,0.437853
4319,4319,0.9433333333333334,0.00998645168764533,discard,0.437955
4320,4320,0.76,0.00998645168764533,log_and_continue,0.438059
4321,4321,0.9433333333333334,0.00998645168764533,discard,0.438157
4322,4322,0.9433333333333334,0.00998645168764533,discard,0.438257
4323,4323,0.9433333333333334,0.00998645168764533,discard,0.438353
4324,4324,0.9433333333333334,0.00998645168764533,discard,0.438449
4325,4325,0.9433333333333334,0.00998645168764533,request_rescan,0.43855
4326,4326,0.76,0.00998645168764533,log_and_continue,0.43865
4327,4327,0.76,0.00998645168764533,log_and_continue,0.438771
4328,4328,0.9433333333333334,0.00998645168764533,discard,0.438868
4329,4329,0.9433333333333334,0.00998645168764533,request_rescan,0.438966
4330,4330,0.9433333333333334,0.00998645168764533,discard,0.439064
4331,4331,0.9433333333333334,0.00998645168764533,request_rescan,0.439164
4332,4332,0.9433333333333334,0.00998645168764533,discard,0.439265
4333,4333,0.9433333333333334,0.00998645168764533,discard,0.439368
4334,4334,0.9433333333333334,0.00998645168764533,discard,0.439468
4335,4335,0.9433333333333334,0.00998645168764533,discard,0.439562
4336,4336,0.9433333333333334,0.00998645168764533,discard,0.439654
4337,4337,0.76,0.00998645168764533,log_and_continue,0.439753
4338,4338,0.76,0.00998645168764533,log_and_continue,0.439853
4339,4339,0.9433333333333334,0.00998645168764533,discard,0.439948
4340,4340,0.9433333333333334,0.00998645168764533,discard,0.440042
4341,4341,0.9433333333333334,0.00998645168764533,request_rescan,0.440137
4342,4342,0.9433333333333334,0.00998645168764533,discard,0.440232
4343,4343,0.9433333333333334,0.00998645168764533,discard,0.440337
4344,4344,0.76,0.00998645168764533,log_and_continue,0.44044
4345,4345,0.9433333333333334,0.00998645168764533,request_rescan,0.440538
4346,4346,0.9433333333333334,0.00998645168764533,request_rescan,0.440633
4347,4347,0.9433333333333334,0.00998645168764533,discard,0.440731
4348,4348,0.76,0.00998645168764533,log_and_continue,0.440826
4349,4349,0.9433333333333334,0.00998645168764533,discard,0.440923
4350,4350,0.76,0.00998645168764533,log_and_continue,0.441018
4351,4351,0.9433333333333334,0.00998645168764533,discard,0.44111
4352,4352,0.76,0.00998645168764533,log_and_continue,0.441206
4353,4353,0.9433333333333334,0.00998645168764533,request_rescan,0.441305
4354,4354,0.9433333333333334,0.00998645168764533,request_rescan,0.441403
4355,4355,0.9433333333333334,0.00998645168764533,discard,0.441502
4356,4356,0.9433333333333334,0.00998645168764533,discard,0.441607
4357,4357,0.9433333333333334,0.00998645168764533,discard,0.441712
4358,4358,0.9433333333333334,0.00998645168764533,request_rescan,0.441813
4359,4359,0.9433333333333334,0.00998645168764533,request_rescan,0.441911
4360,4360,0.9433333333333334,0.00998645168764533,discard,0.442009
4361,4361,0.9433333333333334,0.00998645168764533,discard,0.442106
4362,4362,0.9433333333333334,0.00998645168764533,discard,0.442208
4363,4363,0.9433333333333334,0.00998645168764533,request_rescan,0.442307
4364,4364,0.76,0.00998645168764533,log_and_continue,0.442408
4365,4365,0.76,0.00998645168764533,log_and_continue,0.442507
4366,4366,0.76,0.00998645168764533,log_and_continue,0.442637
4367,4367,0.76,0.00998645168764533,log_and_continue,0.442733
4368,4368,0.76,0.00998645168764533,log_and_continue,0.442831
4369,4369,0.76,0.00998645168764533,log_and_continue,0.442929
4370,4370,0.9433333333333334,0.00998645168764533,discard,0.443027
4371,4371,0.76,0.00998645168764533,log_and_continue,0.443123
4372,4372,0.9433333333333334,0.00998645168764533,request_rescan,0.443218
4373,4373,0.76,0.00998645168764533,log_and_continue,0.443323
4374,4374,0.9433333333333334,0.00998645168764533,discard,0.443419
4375,4375,0.9433333333333334,0.00998645168764533,discard,0.443511
4376,4376,0.9433333333333334,0.00998645168764533,request_rescan,0.443608
4377,4377,0.9433333333333334,0.00998645168764533,request_rescan,0.443704
4378,4378,0.76,0.00998645168764533,log_and_continue,0.443803
4379,4379,0.9433333333333334,0.00998645168764533,discard,0.443898
4380,4380,0.9433333333333334,0.00998645168764533,request_rescan,0.443993
4381,4381,0.76,0.00998645168764533,log_and_continue,0.444089
4382,4382,0.9433333333333334,0.00998645168764533,discard,0.444188
4383,4383,0.9433333333333334,0.00998645168764533,discard,0.444287
4384,4384,0.76,0.00998645168764533,log_and_continue,0.444384
4385,4385,0.9433333333333334,0.00998645168764533,request_rescan,0.444482
4386,4386,0.9433333333333334,0.00998645168764533,discard,0.444578
4387,4387,0.9433333333333334,0.00998645168764533,discard,0.444673
4388,4388,0.9433333333333334,0.00998645168764533,request_rescan,0.444767
4389,4389,0.9433333333333334,0.00998645168764533,discard,0.444863
4390,4390,0.9433333333333334,0.00998645168764533,discard,0.444959
4391,4391,0.9433333333333334,0.00998645168764533,request_rescan,0.445057
4392,4392,0.9433333333333334,0.00998645168764533,discard,0.445158
4393,4393,0.9433333333333334,0.00998645168764533,discard,0.445272
4394,4394,0.9433333333333334,0.00998645168764533,request_rescan,0.445368
4395,4395,0.76,0.00998645168764533,log_and_continue,0.445465
4396,4396,0.9433333333333334,0.00998645168764533,discard,0.445558
4397,4397,0.9433333333333334,0.00998645168764533,discard,0.445669
4398,4398,0.9433333333333334,0.00998645168764533,discard,0.445777
4399,4399,0.76,0.00998645168764533,log_and_continue,0.445882
4400,4400,0.76,0.00998645168764533,log_and_continue,0.445978
4401,4401,0.9433333333333334,0.00998645168764533,discard,0.446109
4402,4402,0.76,0.00998645168764533,log_and_continue,0.44621
4403,4403,0.76,0.00998645168764533,log_and_continue,0.446309
4404,4404,0.9433333333333334,0.00998645168764533,discard,0.446405
4405,4405,0.9433333333333334,0.00998645168764533,discard,0.446504
4406,4406,0.9433333333333334,0.00998645168764533,discard,0.446603
4407,4407,0.9433333333333334,0.00998645168764533,discard,0.446706
4408,4408,0.9433333333333334,0.00998645168764533,discard,0.446824
4409,4409,0.9433333333333334,0.00998645168764533,request_rescan,0.446924
4410,4410,0.9433333333333334,0.00998645168764533,discard,0.447019
4411,4411,0.9433333333333334,0.00998645168764533,discard,0.447116
4412,4412,0.9433333333333334,0.00998645168764533,discard,0.447225
4413,4413,0.76,0.00998645168764533,log_and_continue,0.447331
4414,4414,0.9433333333333334,0.00998645168764533,discard,0.447446
4415,4415,0.9433333333333334,0.00998645168764533,request_rescan,0.447544
4416,4416,0.76,0.00998645168764533,log_and_continue,0.447641
4417,4417,0.9433333333333334,0.00998645168764533,discard,0.44774
4418,4418,0.9433333333333334,0.00998645168764533,request_rescan,0.447835
4419,4419,0.9433333333333334,0.00998645168764533,discard,0.447931
4420,4420,0.9433333333333334,0.00998645168764533,discard,0.448027
4421,4421,0.9433333333333334,0.00998645168764533,discard,0.448135
4422,4422,0.9433333333333334,0.00998645168764533,request_rescan,0.448264
4423,4423,0.9433333333333334,0.00998645168764533,discard,0.448383
4424,4424,0.9433333333333334,0.00998645168764533,request_rescan,0.448479
4425,4425,0.9433333333333334,0.00998645168764533,request_rescan,0.448574
4426,4426,0.9433333333333334,0.00998645168764533,discard,0.448671
4427,4427,0.9433333333333334,0.00998645168764533,discard,0.448766
4428,4428,0.76,0.00998645168764533,log_and_continue,0.448862
4429,4429,0.9433333333333334,0.00998645168764533,discard,0.448957
4430,4430,0.9433333333333334,0.00998645168764533,request_rescan,0.449055
4431,4431,0.76,0.00998645168764533,log_and_continue,0.449152
4432,4432,0.76,0.00998645168764533,log_and_continue,0.449256
4433,4433,0.9433333333333334,0.00998645168764533,request_rescan,0.449352
4434,4434,0.9433333333333334,0.00998645168764533,request_rescan,0.44945
4435,4435,0.9433333333333334,0.00998645168764533,discard,0.44955
4436,4436,0.76,0.00998645168764533,log_and_continue,0.449651
4437,4437,0.9433333333333334,0.00998645168764533,discard,0.449746
4438,4438,0.9433333333333334,0.00998645168764533,request_rescan,0.449846
4439,4439,0.76,0.00998645168764533,log_and_continue,0.449943
4440,4440,0.9433333333333334,0.00998645168764533,discard,0.450038
4441,4441,0.9433333333333334,0.00998645168764533,discard,0.450145
4442,4442,0.76,0.00998645168764533,log_and_continue,0.450253
4443,4443,0.9433333333333334,0.00998645168764533,discard,0.450354
4444,4444,0.9433333333333334,0.00998645168764533,request_rescan,0.450454
4445,4445,0.9433333333333334,0.00998645168764533,discard,0.450551
4446,4446,0.9433333333333334,0.00998645168764533,discard,0.450649
4447,4447,0.76,0.00998645168764533,log_and_continue,0.450747
4448,4448,0.9433333333333334,0.00998645168764533,discard,0.450842
4449,4449,0.9433333333333334,0.00998645168764533,request_rescan,0.450939
4450,4450,0.9433333333333334,0.00998645168764533,discard,0.451035
4451,4451,0.9433333333333334,0.00998645168764533,discard,0.451133
4452,4452,0.76,0.00998645168764533,log_and_continue,0.451231
4453,4453,0.76,0.00998645168764533,log_and_continue,0.451329
4454,4454,0.9433333333333334,0.00998645168764533,discard,0.451427
4455,4455,0.76,0.00998645168764533,log_and_continue,0.451525
4456,4456,0.76,0.00998645168764533,log_and_continue,0.451625
4457,4457,0.9433333333333334,0.00998645168764533,discard,0.451723
4458,4458,0.76,0.00998645168764533,log_and_continue,0.451821
4459,4459,0.9433333333333334,0.00998645168764533,request_rescan,0.451917
4460,4460,0.9433333333333334,0.00998645168764533,request_rescan,0.452012
4461,4461,0.9433333333333334,0.00998645168764533,request_rescan,0.452106
4462,4462,0.9433333333333334,0.00998645168764533,discard,0.452205
4463,4463,0.9433333333333334,0.00998645168764533,discard,0.452308
4464,4464,0.9433333333333334,0.00998645168764533,discard,0.452412
4465,4465,0.9433333333333334,0.00998645168764533,discard,0.452511
4466,4466,0.76,0.00998645168764533,log_and_continue,0.45261
4467,4467,0.9433333333333334,0.00998645168764533,request_rescan,0.452708
4468,4468,0.76,0.00998645168764533,log_and_continue,0.452805
4469,4469,0.9433333333333334,0.00998645168764533,request_rescan,0.452905
4470,4470,0.76,0.00998645168764533,log_and_continue,0.453006
4471,4471,0.9433333333333334,0.00998645168764533,discard,0.45311
4472,4472,0.76,0.00998645168764533,log_and_continue,0.453209
4473,4473,0.9433333333333334,0.00998645168764533,request_rescan,0.453312
4474,4474,0.9433333333333334,0.00998645168764533,discard,0.45341
4475,4475,0.9433333333333334,0.00998645168764533,discard,0.453511
4476,4476,0.76,0.00998645168764533,log_and_continue,0.453608
4477,4477,0.9433333333333334,0.00998645168764533,discard,0.453702
4478,4478,0.9433333333333334,0.00998645168764533,discard,0.453813
4479,4479,0.9433333333333334,0.00998645168764533,request_rescan,0.453908
4480,4480,0.9433333333333334,0.00998645168764533,discard,0.454004
4481,4481,0.9433333333333334,0.00998645168764533,discard,0.454098
4482,4482,0.9433333333333334,0.00998645168764533,request_rescan,0.454196
4483,4483,0.9433333333333334,0.00998645168764533,request_rescan,0.454299
4484,4484,0.9433333333333334,0.00998645168764533,request_rescan,0.454395
4485,4485,0.76,0.00998645168764533,log_and_continue,0.45449
4486,4486,0.9433333333333334,0.00998645168764533,discard,0.454585
4487,4487,0.9433333333333334,0.00998645168764533,request_rescan,0.454682
4488,4488,0.9433333333333334,0.00998645168764533,discard,0.454775
4489,4489,0.9433333333333334,0.00998645168764533,request_rescan,0.45487
4490,4490,0.9433333333333334,0.00998645168764533,discard,0.454967
4491,4491,0.9433333333333334,0.00998645168764533,discard,0.45506
4492,4492,0.9433333333333334,0.00998645168764533,request_rescan,0.455153
4493,4493,0.9433333333333334,0.00998645168764533,request_rescan,0.455252
4494,4494,0.76,0.00998645168764533,log_and_continue,0.455347
4495,4495,0.76,0.00998645168764533,log_and_continue,0.455442
4496,4496,0.9433333333333334,0.00998645168764533,discard,0.455538
4497,4497,0.76,0.00998645168764533,log_and_continue,0.455634
4498,4498,0.9433333333333334,0.00998645168764533,discard,0.455734
4499,4499,0.9433333333333334,0.00998645168764533,discard,0.455836
4500,4500,0.9433333333333334,0.00998645168764533,discard,0.455932
4501,4501,0.9433333333333334,0.00998645168764533,request_rescan,0.456088
4502,4502,0.76,0.00998645168764533,log_and_continue,0.456188
4503,4503,0.9433333333333334,0.00998645168764533,request_rescan,0.456288
4504,4504,0.9433333333333334,0.00998645168764533,discard,0.456387
4505,4505,0.9433333333333334,0.00998645168764533,request_rescan,0.456485
4506,4506,0.9433333333333334,0.00998645168764533,discard,0.456582
4507,4507,0.9433333333333334,0.00998645168764533,discard,0.456676
4508,4508,0.9433333333333334,0.00998645168764533,discard,0.456771
4509,4509,0.76,0.00998645168764533,log_and_continue,0.456866
4510,4510,0.9433333333333334,0.00998645168764533,discard,0.456966
4511,4511,0.9433333333333334,0.00998645168764533,request_rescan,0.457065
4512,4512,0.9433333333333334,0.00998645168764533,discard,0.457168
4513,4513,0.76,0.00998645168764533,log_and_continue,0.457276
4514,4514,0.76,0.00998645168764533,log_and_continue,0.457374
4515,4515,0.9433333333333334,0.00998645168764533,discard,0.457469
4516,4516,0.76,0.00998645168764533,log_and_continue,0.457565
4517,4517,0.76,0.00998645168764533,log_and_continue,0.45766
4518,4518,0.76,0.00998645168764533,log_and_continue,0.457754
4519,4519,0.9433333333333334,0.00998645168764533,request_rescan,0.457855
4520,4520,0.9433333333333334,0.00998645168764533,discard,0.457952
4521,4521,0.76,0.00998645168764533,log_and_continue,0.458048
4522,4522,0.9433333333333334,0.00998645168764533,discard,0.458142
4523,4523,0.76,0.00998645168764533,log_and_continue,0.458235
4524,4524,0.9433333333333334,0.00998645168764533,discard,0.458331
4525,4525,0.76,0.00998645168764533,log_and_continue,0.458426
4526,4526,0.9433333333333334,0.00998645168764533,discard,0.458531
4527,4527,0.9433333333333334,0.00998645168764533,discard,0.45864
4528,4528,0.9433333333333334,0.00998645168764533,discard,0.458746
4529,4529,0.9433333333333334,0.00998645168764533,discard,0.458845
4530,4530,0.9433333333333334,0.00998645168764533,request_rescan,0.458944
4531,4531,0.9433333333333334,0.00998645168764533,request_rescan,0.459041
4532,4532,0.9433333333333334,0.00998645168764533,discard,0.459142
4533,4533,0.9433333333333334,0.00998645168764533,discard,0.459285
4534,4534,0.76,0.00998645168764533,log_and_continue,0.459392
4535,4535,0.76,0.00998645168764533,log_and_continue,0.459492
4536,4536,0.9433333333333334,0.00998645168764533,discard,0.459589
4537,4537,0.9433333333333334,0.00998645168764533,discard,0.459688
4538,4538,0.9433333333333334,0.00998645168764533,request_rescan,0.459784
4539,4539,0.9433333333333334,0.00998645168764533,request_rescan,0.45988
4540,4540,0.76,0.00998645168764533,log_and_continue,0.459978
4541,4541,0.9433333333333334,0.00998645168764533,discard,0.46008
4542,4542,0.9433333333333334,0.00998645168764533,discard,0.46018
4543,4543,0.9433333333333334,0.00998645168764533,discard,0.46028
4544,4544,0.9433333333333334,0.00998645168764533,discard,0.460375
4545,4545,0.9433333333333334,0.00998645168764533,request_rescan,0.460472
4546,4546,0.9433333333333334,0.00998645168764533,discard,0.460568
4547,4547,0.9433333333333334,0.00998645168764533,discard,0.460668
4548,4548,0.76,0.00998645168764533,log_and_continue,0.460763
4549,4549,0.9433333333333334,0.00998645168764533,request_rescan,0.460861
4550,4550,0.9433333333333334,0.00998645168764533,request_rescan,0.460963
4551,4551,0.9433333333333334,0.00998645168764533,request_rescan,0.461062
4552,4552,0.9433333333333334,0.00998645168764533,discard,0.46116
4553,4553,0.9433333333333334,0.00998645168764533,discard,0.461258
4554,4554,0.76,0.00998645168764533,log_and_continue,0.461356
4555,4555,0.9433333333333334,0.00998645168764533,request_rescan,0.461457
4556,4556,0.9433333333333334,0.00998645168764533,discard,0.461554
4557,4557,0.9433333333333334,0.00998645168764533,discard,0.46165
4558,4558,0.76,0.00998645168764533,log_and_continue,0.461753
4559,4559,0.9433333333333334,0.00998645168764533,discard,0.461856
4560,4560,0.76,0.00998645168764533,log_and_continue,0.461955
4561,4561,0.9433333333333334,0.00998645168764533,request_rescan,0.462056
4562,4562,0.9433333333333334,0.00998645168764533,discard,0.462152
4563,4563,0.76,0.00998645168764533,log_and_continue,0.46225
4564,4564,0.9433333333333334,0.00998645168764533,discard,0.462348
4565,4565,0.9433333333333334,0.00998645168764533,discard,0.462442
4566,4566,0.76,0.00998645168764533,log_and_continue,0.462539
4567,4567,0.9433333333333334,0.00998645168764533,discard,0.462639
4568,4568,0.76,0.00998645168764533,log_and_continue,0.462744
4569,4569,0.9433333333333334,0.00998645168764533,request_rescan,0.462843
4570,4570,0.9433333333333334,0.00998645168764533,discard,0.462942
4571,4571,0.76,0.00998645168764533,log_and_continue,0.463039
4572,4572,0.9433333333333334,0.00998645168764533,request_rescan,0.463137
4573,4573,0.9433333333333334,0.00998645168764533,discard,0.463245
4574,4574,0.76,0.00998645168764533,log_and_continue,0.463344
4575,4575,0.76,0.00998645168764533,log_and_continue,0.46346
4576,4576,0.76,0.00998645168764533,log_and_continue,0.463558
4577,4577,0.9433333333333334,0.00998645168764533,discard,0.463657
4578,4578,0.76,0.00998645168764533,log_and_continue,0.463754
4579,4579,0.9433333333333334,0.00998645168764533,discard,0.463849
4580,4580,0.9433333333333334,0.00998645168764533,request_rescan,0.46396
4581,4581,0.9433333333333334,0.00998645168764533,discard,0.464065
4582,4582,0.76,0.00998645168764533,log_and_continue,0.464181
4583,4583,0.76,0.00998645168764533,log_and_continue,0.464282
4584,4584,0.9433333333333334,0.00998645168764533,request_rescan,0.464379
4585,4585,0.9433333333333334,0.00998645168764533,request_rescan,0.464475
4586,4586,0.9433333333333334,0.00998645168764533,request_rescan,0.464571
4587,4587,0.9433333333333334,0.00998645168764533,request_rescan,0.464667
4588,4588,0.9433333333333334,0.00998645168764533,discard,0.464772
4589,4589,0.9433333333333334,0.00998645168764533,discard,0.464891
4590,4590,0.9433333333333334,0.00998645168764533,discard,0.465019
4591,4591,0.76,0.00998645168764533,log_and_continue,0.465128
4592,4592,0.9433333333333334,0.00998645168764533,discard,0.465224
4593,4593,0.9433333333333334,0.00998645168764533,discard,0.465321
4594,4594,0.9433333333333334,0.00998645168764533,discard,0.465413
4595,4595,0.76,0.00998645168764533,log_and_continue,0.465509
4596,4596,0.76,0.00998645168764533,log_and_continue,0.465603
4597,4597,0.9433333333333334,0.00998645168764533,discard,0.465707
4598,4598,0.9433333333333334,0.00998645168764533,discard,0.465807
4599,4599,0.9433333333333334,0.00998645168764533,request_rescan,0.465905
4600,4600,0.9433333333333334,0.00998645168764533,request_rescan,0.466
4601,4601,0.9433333333333334,0.00998645168764533,request_rescan,0.466128
4602,4602,0.9433333333333334,0.00998645168764533,discard,0.466222
4603,4603,0.9433333333333334,0.00998645168764533,request_rescan,0.46632
4604,4604,0.9433333333333334,0.00998645168764533,request_rescan,0.466412
4605,4605,0.9433333333333334,0.00998645168764533,discard,0.466507
4606,4606,0.76,0.00998645168764533,log_and_continue,0.466607
4607,4607,0.9433333333333334,0.00998645168764533,discard,0.466704
4608,4608,0.9433333333333334,0.00998645168764533,request_rescan,0.4668
4609,4609,0.9433333333333334,0.00998645168764533,request_rescan,0.466894
4610,4610,0.9433333333333334,0.00998645168764533,discard,0.466991
4611,4611,0.9433333333333334,0.00998645168764533,discard,0.467093
4612,4612,0.9433333333333334,0.00998645168764533,request_rescan,0.467193
4613,4613,0.9433333333333334,0.00998645168764533,discard,0.467289
4614,4614,0.9433333333333334,0.00998645168764533,request_rescan,0.467385
4615,4615,0.76,0.00998645168764533,log_and_continue,0.467481
4616,4616,0.9433333333333334,0.00998645168764533,discard,0.467577
4617,4617,0.9433333333333334,0.00998645168764533,discard,0.467674
4618,4618,0.9433333333333334,0.00998645168764533,discard,0.467773
4619,4619,0.9433333333333334,0.00998645168764533,discard,0.467871
4620,4620,0.9433333333333334,0.00998645168764533,discard,0.467966
4621,4621,0.76,0.00998645168764533,log_and_continue,0.468063
4622,4622,0.9433333333333334,0.00998645168764533,discard,0.468158
4623,4623,0.9433333333333334,0.00998645168764533,request_rescan,0.468258
4624,4624,0.9433333333333334,0.00998645168764533,discard,0.468353
4625,4625,0.9433333333333334,0.00998645168764533,discard,0.468448
4626,4626,0.9433333333333334,0.00998645168764533,discard,0.468548
4627,4627,0.9433333333333334,0.00998645168764533,discard,0.468651
4628,4628,0.9433333333333334,0.00998645168764533,discard,0.46875
4629,4629,0.76,0.00998645168764533,log_and_continue,0.468848
4630,4630,0.9433333333333334,0.00998645168764533,discard,0.468944
4631,4631,0.9433333333333334,0.00998645168764533,discard,0.469037
4632,4632,0.9433333333333334,0.00998645168764533,discard,0.469132
4633,4633,0.9433333333333334,0.00998645168764533,discard,0.469234
4634,4634,0.9433333333333334,0.00998645168764533,discard,0.469335
4635,4635,0.76,0.00998645168764533,log_and_continue,0.469432
4636,4636,0.9433333333333334,0.00998645168764533,discard,0.469533
4637,4637,0.76,0.00998645168764533,log_and_continue,0.469628
4638,4638,0.9433333333333334,0.00998645168764533,request_rescan,0.469724
4639,4639,0.9433333333333334,0.00998645168764533,discard,0.469819
4640,4640,0.9433333333333334,0.00998645168764533,discard,0.469913
4641,4641,0.76,0.00998645168764533,log_and_continue,0.470012
4642,4642,0.9433333333333334,0.00998645168764533,request_rescan,0.47011
4643,4643,0.9433333333333334,0.00998645168764533,discard,0.470208
4644,4644,0.9433333333333334,0.00998645168764533,discard,0.470307
4645,4645,0.9433333333333334,0.00998645168764533,discard,0.470406
4646,4646,0.9433333333333334,0.00998645168764533,discard,0.470503
4647,4647,0.9433333333333334,0.00998645168764533,request_rescan,0.470599
4648,4648,0.9433333333333334,0.00998645168764533,request_rescan,0.470695
4649,4649,0.9433333333333334,0.00998645168764533,discard,0.470806
4650,4650,0.9433333333333334,0.00998645168764533,discard,0.470928
4651,4651,0.9433333333333334,0.00998645168764533,discard,0.47105
4652,4652,0.9433333333333334,0.00998645168764533,discard,0.471156
4653,4653,0.76,0.00998645168764533,log_and_continue,0.471258
4654,4654,0.76,0.00998645168764533,log_and_continue,0.471355
4655,4655,0.9433333333333334,0.00998645168764533,discard,0.471455
4656,4656,0.76,0.00998645168764533,log_and_continue,0.471555
4657,4657,0.9433333333333334,0.00998645168764533,discard,0.471657
4658,4658,0.76,0.00998645168764533,log_and_continue,0.471757
4659,4659,0.9433333333333334,0.00998645168764533,request_rescan,0.471858
4660,4660,0.76,0.00998645168764533,log_and_continue,0.471955
4661,4661,0.76,0.00998645168764533,log_and_continue,0.472052
4662,4662,0.9433333333333334,0.00998645168764533,discard,0.472149
4663,4663,0.9433333333333334,0.00998645168764533,request_rescan,0.472249
4664,4664,0.9433333333333334,0.00998645168764533,discard,0.472343
4665,4665,0.9433333333333334,0.00998645168764533,discard,0.472458
4666,4666,0.9433333333333334,0.00998645168764533,discard,0.472567
4667,4667,0.9433333333333334,0.00998645168764533,discard,0.472671
4668,4668,0.9433333333333334,0.00998645168764533,discard,0.472771
4669,4669,0.9433333333333334,0.00998645168764533,discard,0.472865
4670,4670,0.76,0.00998645168764533,log_and_continue,0.472965
4671,4671,0.9433333333333334,0.00998645168764533,discard,0.473059
4672,4672,0.9433333333333334,0.00998645168764533,discard,0.473155
4673,4673,0.9433333333333334,0.00998645168764533,request_rescan,0.473256
4674,4674,0.9433333333333334,0.00998645168764533,request_rescan,0.473355
4675,4675,0.9433333333333334,0.00998645168764533,discard,0.473452
4676,4676,0.9433333333333334,0.00998645168764533,discard,0.473551
4677,4677,0.76,0.00998645168764533,log_and_continue,0.473649
4678,4678,0.9433333333333334,0.00998645168764533,discard,0.473744
4679,4679,0.9433333333333334,0.00998645168764533,discard,0.473838
4680,4680,0.9433333333333334,0.00998645168764533,discard,0.473937
4681,4681,0.9433333333333334,0.00998645168764533,request_rescan,0.474034
4682,4682,0.76,0.00998645168764533,log_and_continue,0.474133
4683,4683,0.76,0.00998645168764533,log_and_continue,0.474231
4684,4684,0.9433333333333334,0.00998645168764533,discard,0.474335
4685,4685,0.9433333333333334,0.00998645168764533,request_rescan,0.474438
4686,4686,0.76,0.00998645168764533,log_and_continue,0.474535
4687,4687,0.9433333333333334,0.00998645168764533,discard,0.474631
4688,4688,0.9433333333333334,0.00998645168764533,discard,0.474728
4689,4689,0.76,0.00998645168764533,log_and_continue,0.474823
4690,4690,0.9433333333333334,0.00998645168764533,request_rescan,0.474919
4691,4691,0.9433333333333334,0.00998645168764533,request_rescan,0.475017
4692,4692,0.9433333333333334,0.00998645168764533,discard,0.47512
4693,4693,0.9433333333333334,0.00998645168764533,discard,0.475219
4694,4694,0.9433333333333334,0.00998645168764533,discard,0.475318
4695,4695,0.76,0.00998645168764533,log_and_continue,0.475418
4696,4696,0.9433333333333334,0.00998645168764533,discard,0.475515
4697,4697,0.9433333333333334,0.00998645168764533,discard,0.475611
4698,4698,0.9433333333333334,0.00998645168764533,request_rescan,0.475707
4699,4699,0.76,0.00998645168764533,log_and_continue,0.475809
4700,4700,0.9433333333333334,0.00998645168764533,discard,0.475943
4701,4701,0.6633333333333333,0.00998645168764533,log_and_continue,0.476076
4702,4702,0.9433333333333334,0.00998645168764533,discard,0.476176
4703,4703,0.9433333333333334,0.00998645168764533,discard,0.476274
4704,4704,0.9433333333333334,0.00998645168764533,request_rescan,0.47637
4705,4705,0.9433333333333334,0.00998645168764533,discard,0.476473
4706,4706,0.9433333333333334,0.00998645168764533,discard,0.47657
4707,4707,0.9433333333333334,0.00998645168764533,request_rescan,0.476668
4708,4708,0.9433333333333334,0.00998645168764533,discard,0.476769
4709,4709,0.76,0.00998645168764533,log_and_continue,0.476866
4710,4710,0.9433333333333334,0.00998645168764533,discard,0.476966
4711,4711,0.9433333333333334,0.00998645168764533,request_rescan,0.477064
4712,4712,0.76,0.00998645168764533,log_and_continue,0.477158
4713,4713,0.9433333333333334,0.00998645168764533,discard,0.477258
4714,4714,0.76,0.00998645168764533,log_and_continue,0.477361
4715,4715,0.9433333333333334,0.00998645168764533,discard,0.477462
4716,4716,0.9433333333333334,0.00998645168764533,request_rescan,0.477559
4717,4717,0.9433333333333334,0.00998645168764533,discard,0.477655
4718,4718,0.9433333333333334,0.00998645168764533,discard,0.477752
4719,4719,0.9433333333333334,0.00998645168764533,request_rescan,0.477847
4720,4720,0.9433333333333334,0.00998645168764533,discard,0.477947
4721,4721,0.76,0.00998645168764533,log_and_continue,0.47805
4722,4722,0.9433333333333334,0.00998645168764533,discard,0.478148
4723,4723,0.9433333333333334,0.00998645168764533,discard,0.478249
4724,4724,0.9433333333333334,0.00998645168764533,discard,0.478352
4725,4725,0.9433333333333334,0.00998645168764533,discard,0.478448
4726,4726,0.9433333333333334,0.00998645168764533,request_rescan,0.478543
4727,4727,0.76,0.00998645168764533,log_and_continue,0.478642
4728,4728,0.9433333333333334,0.00998645168764533,discard,0.478738
4729,4729,0.9433333333333334,0.00998645168764533,discard,0.478836
4730,4730,0.9433333333333334,0.00998645168764533,discard,0.47893
4731,4731,0.9433333333333334,0.00998645168764533,discard,0.479024
4732,4732,0.9433333333333334,0.00998645168764533,discard,0.479117
4733,4733,0.9433333333333334,0.00998645168764533,discard,0.479213
4734,4734,0.9433333333333334,0.00998645168764533,discard,0.479313
4735,4735,0.9433333333333334,0.00998645168764533,discard,0.479414
4736,4736,0.9433333333333334,0.00998645168764533,discard,0.479519
4737,4737,0.9433333333333334,0.00998645168764533,request_rescan,0.479624
4738,4738,0.76,0.00998645168764533,log_and_continue,0.479723
4739,4739,0.9433333333333334,0.00998645168764533,discard,0.479823
4740,4740,0.9433333333333334,0.00998645168764533,request_rescan,0.479919
4741,4741,0.76,0.00998645168764533,discard,0.480018
4742,4742,0.9433333333333334,0.00998645168764533,discard,0.48014
4743,4743,0.9433333333333334,0.00998645168764533,discard,0.480239
4744,4744,0.9433333333333334,0.00998645168764533,discard,0.480346
4745,4745,0.76,0.00998645168764533,log_and_continue,0.480446
4746,4746,0.76,0.00998645168764533,log_and_continue,0.480556
4747,4747,0.76,0.00998645168764533,log_and_continue,0.480671
4748,4748,0.9433333333333334,0.00998645168764533,discard,0.480783
4749,4749,0.9433333333333334,0.00998645168764533,request_rescan,0.480894
4750,4750,0.9433333333333334,0.00998645168764533,discard,0.480989
4751,4751,0.9433333333333334,0.00998645168764533,discard,0.481091
4752,4752,0.76,0.00998645168764533,log_and_continue,0.481187
4753,4753,0.9433333333333334,0.00998645168764533,discard,0.481282
4754,4754,0.76,0.00998645168764533,log_and_continue,0.481379
4755,4755,0.76,0.00998645168764533,log_and_continue,0.481477
4756,4756,0.9433333333333334,0.00998645168764533,discard,0.481579
4757,4757,0.9433333333333334,0.00998645168764533,request_rescan,0.481678
4758,4758,0.9433333333333334,0.00998645168764533,discard,0.481779
4759,4759,0.9433333333333334,0.00998645168764533,request_rescan,0.481877
4760,4760,0.9433333333333334,0.00998645168764533,discard,0.481976
4761,4761,0.9433333333333334,0.00998645168764533,discard,0.482072
4762,4762,0.9433333333333334,0.00998645168764533,discard,0.482167
4763,4763,0.9433333333333334,0.00998645168764533,request_rescan,0.482271
4764,4764,0.9433333333333334,0.00998645168764533,request_rescan,0.482369
4765,4765,0.9433333333333334,0.00998645168764533,discard,0.482467
4766,4766,0.9433333333333334,0.00998645168764533,discard,0.482562
4767,4767,0.9433333333333334,0.00998645168764533,request_rescan,0.482658
4768,4768,0.9433333333333334,0.00998645168764533,discard,0.482755
4769,4769,0.9433333333333334,0.00998645168764533,discard,0.48285
4770,4770,0.9433333333333334,0.00998645168764533,discard,0.482949
4771,4771,0.9433333333333334,0.00998645168764533,request_rescan,0.483047
4772,4772,0.9433333333333334,0.00998645168764533,request_rescan,0.483142
4773,4773,0.9433333333333334,0.00998645168764533,discard,0.483239
4774,4774,0.9433333333333334,0.00998645168764533,request_rescan,0.483342
4775,4775,0.76,0.00998645168764533,log_and_continue,0.48344
4776,4776,0.9433333333333334,0.00998645168764533,discard,0.483537
4777,4777,0.9433333333333334,0.00998645168764533,discard,0.483632
4778,4778,0.76,0.00998645168764533,log_and_continue,0.483727
4779,4779,0.76,0.00998645168764533,log_and_continue,0.483823
4780,4780,0.9433333333333334,0.00998645168764533,request_rescan,0.483919
4781,4781,0.76,0.00998645168764533,log_and_continue,0.484015
4782,4782,0.9433333333333334,0.00998645168764533,request_rescan,0.484108
4783,4783,0.9433333333333334,0.00998645168764533,discard,0.484212
4784,4784,0.76,0.00998645168764533,log_and_continue,0.484315
4785,4785,0.9433333333333334,0.00998645168764533,discard,0.484413
4786,4786,0.76,0.00998645168764533,log_and_continue,0.484509
4787,4787,0.9433333333333334,0.00998645168764533,request_rescan,0.484605
4788,4788,0.76,0.00998645168764533,log_and_continue,0.484699
4789,4789,0.76,0.00998645168764533,log_and_continue,0.484799
4790,4790,0.9433333333333334,0.00998645168764533,discard,0.484896
4791,4791,0.9433333333333334,0.00998645168764533,discard,0.484995
4792,4792,0.9433333333333334,0.00998645168764533,discard,0.48509
4793,4793,0.76,0.00998645168764533,log_and_continue,0.485186
4794,4794,0.9433333333333334,0.00998645168764533,discard,0.485288
4795,4795,0.76,0.00998645168764533,log_and_continue,0.485391
4796,4796,0.9433333333333334,0.00998645168764533,discard,0.48549
4797,4797,0.76,0.00998645168764533,log_and_continue,0.485586
4798,4798,0.9433333333333334,0.00998645168764533,discard,0.48568
4799,4799,0.9433333333333334,0.00998645168764533,discard,0.485772
4800,4800,0.9433333333333334,0.00998645168764533,request_rescan,0.485869
4801,4801,0.76,0.00998645168764533,log_and_continue,0.486009
4802,4802,0.9433333333333334,0.00998645168764533,discard,0.486116
4803,4803,0.9433333333333334,0.00998645168764533,discard,0.486221
4804,4804,0.9433333333333334,0.00998645168764533,discard,0.486324
4805,4805,0.9433333333333334,0.00998645168764533,discard,0.486424
4806,4806,0.9433333333333334,0.00998645168764533,discard,0.486523
4807,4807,0.9433333333333334,0.00998645168764533,discard,0.486622
4808,4808,0.76,0.00998645168764533,log_and_continue,0.486719
4809,4809,0.9433333333333334,0.00998645168764533,discard,0.486821
4810,4810,0.9433333333333334,0.00998645168764533,discard,0.486924
4811,4811,0.9433333333333334,0.00998645168764533,discard,0.487018
4812,4812,0.9433333333333334,0.00998645168764533,discard,0.487118
4813,4813,0.9433333333333334,0.00998645168764533,discard,0.487213
4814,4814,0.9433333333333334,0.00998645168764533,request_rescan,0.487313
4815,4815,0.9433333333333334,0.00998645168764533,discard,0.487411
4816,4816,0.9433333333333334,0.00998645168764533,request_rescan,0.487507
4817,4817,0.9433333333333334,0.00998645168764533,discard,0.487604
4818,4818,0.9433333333333334,0.00998645168764533,request_rescan,0.487715
4819,4819,0.9433333333333334,0.00998645168764533,request_rescan,0.487832
4820,4820,0.76,0.00998645168764533,log_and_continue,0.487933
4821,4821,0.9433333333333334,0.00998645168764533,discard,0.488035
4822,4822,0.9433333333333334,0.00998645168764533,request_rescan,0.488136
4823,4823,0.9433333333333334,0.00998645168764533,discard,0.488246
4824,4824,0.9433333333333334,0.00998645168764533,discard,0.488364
4825,4825,0.9433333333333334,0.00998645168764533,request_rescan,0.488478
4826,4826,0.9433333333333334,0.00998645168764533,discard,0.488586
4827,4827,0.76,0.00998645168764533,log_and_continue,0.488691
4828,4828,0.9433333333333334,0.00998645168764533,request_rescan,0.488789
4829,4829,0.9433333333333334,0.00998645168764533,discard,0.488885
4830,4830,0.9433333333333334,0.00998645168764533,discard,0.488982
4831,4831,0.9433333333333334,0.00998645168764533,request_rescan,0.489079
4832,4832,0.9433333333333334,0.00998645168764533,discard,0.489184
4833,4833,0.9433333333333334,0.00998645168764533,request_rescan,0.489289
4834,4834,0.9433333333333334,0.00998645168764533,discard,0.489386
4835,4835,0.76,0.00998645168764533,log_and_continue,0.489484
4836,4836,0.9433333333333334,0.00998645168764533,discard,0.489581
4837,4837,0.76,0.00998645168764533,log_and_continue,0.489678
4838,4838,0.76,0.00998645168764533,log_and_continue,0.489772
4839,4839,0.9433333333333334,0.00998645168764533,request_rescan,0.489873
4840,4840,0.9433333333333334,0.00998645168764533,discard,0.489972
4841,4841,0.9433333333333334,0.00998645168764533,discard,0.490074
4842,4842,0.76,0.00998645168764533,log_and_continue,0.490173
4843,4843,0.9433333333333334,0.00998645168764533,discard,0.490275
4844,4844,0.76,0.00998645168764533,log_and_continue,0.490371
4845,4845,0.76,0.00998645168764533,log_and_continue,0.490473
4846,4846,0.76,0.00998645168764533,log_and_continue,0.490572
4847,4847,0.9433333333333334,0.00998645168764533,discard,0.490671
4848,4848,0.76,0.00998645168764533,log_and_continue,0.490771
4849,4849,0.9433333333333334,0.00998645168764533,discard,0.490876
4850,4850,0.76,0.00998645168764533,log_and_continue,0.490977
4851,4851,0.76,0.00998645168764533,log_and_continue,0.491077
4852,4852,0.9433333333333334,0.00998645168764533,discard,0.491178
4853,4853,0.9433333333333334,0.00998645168764533,discard,0.491282
4854,4854,0.76,0.00998645168764533,log_and_continue,0.491378
4855,4855,0.9433333333333334,0.00998645168764533,discard,0.491475
4856,4856,0.9433333333333334,0.00998645168764533,discard,0.49158
4857,4857,0.9433333333333334,0.00998645168764533,discard,0.491678
4858,4858,0.9433333333333334,0.00998645168764533,request_rescan,0.491778
4859,4859,0.9433333333333334,0.00998645168764533,discard,0.491872
4860,4860,0.76,0.00998645168764533,log_and_continue,0.49197
4861,4861,0.76,0.00998645168764533,discard,0.492072
4862,4862,0.76,0.00998645168764533,log_and_continue,0.492171
4863,4863,0.9433333333333334,0.00998645168764533,request_rescan,0.492273
4864,4864,0.76,0.00998645168764533,log_and_continue,0.492384
4865,4865,0.9433333333333334,0.00998645168764533,discard,0.492506
4866,4866,0.76,0.00998645168764533,log_and_continue,0.492648
4867,4867,0.9433333333333334,0.00998645168764533,discard,0.492749
4868,4868,0.76,0.00998645168764533,log_and_continue,0.492844
4869,4869,0.9433333333333334,0.00998645168764533,discard,0.492941
4870,4870,0.76,0.00998645168764533,log_and_continue,0.493038
4871,4871,0.9433333333333334,0.00998645168764533,discard,0.493138
4872,4872,0.9433333333333334,0.00998645168764533,discard,0.493238
4873,4873,0.76,0.00998645168764533,log_and_continue,0.493347
4874,4874,0.9433333333333334,0.00998645168764533,request_rescan,0.493444
4875,4875,0.76,0.00998645168764533,log_and_continue,0.493542
4876,4876,0.9433333333333334,0.00998645168764533,discard,0.493639
4877,4877,0.9433333333333334,0.00998645168764533,request_rescan,0.493737
4878,4878,0.9433333333333334,0.00998645168764533,discard,0.493842
4879,4879,0.76,0.00998645168764533,request_rescan,0.493942
4880,4880,0.9433333333333334,0.00998645168764533,discard,0.494042
4881,4881,0.9433333333333334,0.00998645168764533,request_rescan,0.49414
4882,4882,0.9433333333333334,0.00998645168764533,discard,0.494239
4883,4883,0.9433333333333334,0.00998645168764533,request_rescan,0.494343
4884,4884,0.9433333333333334,0.00998645168764533,discard,0.494438
4885,4885,0.9433333333333334,0.00998645168764533,request_rescan,0.494532
4886,4886,0.9433333333333334,0.00998645168764533,discard,0.494626
4887,4887,0.9433333333333334,0.00998645168764533,request_rescan,0.494725
4888,4888,0.9433333333333334,0.00998645168764533,request_rescan,0.49482
4889,4889,0.9433333333333334,0.00998645168764533,discard,0.494915
4890,4890,0.76,0.00998645168764533,log_and_continue,0.495012
4891,4891,0.9433333333333334,0.00998645168764533,request_rescan,0.495109
4892,4892,0.9433333333333334,0.00998645168764533,request_rescan,0.495206
4893,4893,0.9433333333333334,0.00998645168764533,discard,0.49531
4894,4894,0.9433333333333334,0.00998645168764533,request_rescan,0.495405
4895,4895,0.9433333333333334,0.00998645168764533,request_rescan,0.4955
4896,4896,0.9433333333333334,0.00998645168764533,discard,0.495595
4897,4897,0.76,0.00998645168764533,log_and_continue,0.495691
4898,4898,0.9433333333333334,0.00998645168764533,discard,0.495785
4899,4899,0.76,0.00998645168764533,log_and_continue,0.495881
4900,4900,0.76,0.00998645168764533,log_and_continue,0.495983
4901,4901,0.9433333333333334,0.00998645168764533,request_rescan,0.496116
4902,4902,0.9433333333333334,0.00998645168764533,request_rescan,0.496214
4903,4903,0.76,0.00998645168764533,log_and_continue,0.496315
4904,4904,0.9433333333333334,0.00998645168764533,discard,0.496416
4905,4905,0.76,0.00998645168764533,log_and_continue,0.49652
4906,4906,0.76,0.00998645168764533,log_and_continue,0.496617
4907,4907,0.9433333333333334,0.00998645168764533,discard,0.496713
4908,4908,0.76,0.00998645168764533,log_and_continue,0.496829
4909,4909,0.9433333333333334,0.00998645168764533,discard,0.496944
4910,4910,0.9433333333333334,0.00998645168764533,discard,0.497072
4911,4911,0.9433333333333334,0.00998645168764533,discard,0.497191
4912,4912,0.9433333333333334,0.00998645168764533,request_rescan,0.49731
4913,4913,0.9433333333333334,0.00998645168764533,discard,0.497413
4914,4914,0.9433333333333334,0.00998645168764533,discard,0.497513
4915,4915,0.9433333333333334,0.00998645168764533,discard,0.497624
4916,4916,0.9433333333333334,0.00998645168764533,request_rescan,0.497724
4917,4917,0.9433333333333334,0.00998645168764533,discard,0.497819
4918,4918,0.9433333333333334,0.00998645168764533,discard,0.497918
4919,4919,0.9433333333333334,0.00998645168764533,discard,0.498022
4920,4920,0.9433333333333334,0.00998645168764533,discard,0.498118
4921,4921,0.76,0.00998645168764533,log_and_continue,0.498217
4922,4922,0.9433333333333334,0.00998645168764533,discard,0.498317
4923,4923,0.9433333333333334,0.00998645168764533,discard,0.498415
4924,4924,0.9433333333333334,0.00998645168764533,discard,0.498512
4925,4925,0.76,0.00998645168764533,log_and_continue,0.498611
4926,4926,0.9433333333333334,0.00998645168764533,discard,0.498711
4927,4927,0.76,0.00998645168764533,log_and_continue,0.498808
4928,4928,0.6633333333333333,0.00998645168764533,log_and_continue,0.498907
4929,4929,0.9433333333333334,0.00998645168764533,discard,0.499004
4930,4930,0.76,0.00998645168764533,log_and_continue,0.499098
4931,4931,0.76,0.00998645168764533,log_and_continue,0.499193
4932,4932,0.9433333333333334,0.00998645168764533,discard,0.499292
4933,4933,0.9433333333333334,0.00998645168764533,request_rescan,0.499393
4934,4934,0.9433333333333334,0.00998645168764533,discard,0.499493
4935,4935,0.9433333333333334,0.00998645168764533,discard,0.499592
4936,4936,0.9433333333333334,0.00998645168764533,discard,0.499689
4937,4937,0.9433333333333334,0.00998645168764533,discard,0.499783
4938,4938,0.9433333333333334,0.00998645168764533,discard,0.49988
4939,4939,0.9433333333333334,0.00998645168764533,discard,0.499979
4940,4940,0.9433333333333334,0.00998645168764533,discard,0.500076
4941,4941,0.9433333333333334,0.00998645168764533,discard,0.500178
4942,4942,0.9433333333333334,0.00998645168764533,discard,0.500279
4943,4943,0.9433333333333334,0.00998645168764533,discard,0.500373
4944,4944,0.9433333333333334,0.00998645168764533,discard,0.500465
4945,4945,0.9433333333333334,0.00998645168764533,discard,0.500562
4946,4946,0.9433333333333334,0.00998645168764533,discard,0.500655
4947,4947,0.76,0.00998645168764533,log_and_continue,0.500757
4948,4948,0.9433333333333334,0.00998645168764533,request_rescan,0.500862
4949,4949,0.9433333333333334,0.00998645168764533,request_rescan,0.500961
4950,4950,0.9433333333333334,0.00998645168764533,request_rescan,0.501057
4951,4951,0.9433333333333334,0.00998645168764533,request_rescan,0.501153
4952,4952,0.9433333333333334,0.00998645168764533,discard,0.501257
4953,4953,0.9433333333333334,0.00998645168764533,discard,0.501354
4954,4954,0.9433333333333334,0.00998645168764533,discard,0.501449
4955,4955,0.9433333333333334,0.00998645168764533,discard,0.501541
4956,4956,0.9433333333333334,0.00998645168764533,request_rescan,0.501639
4957,4957,0.9433333333333334,0.00998645168764533,discard,0.501741
4958,4958,0.9433333333333334,0.00998645168764533,request_rescan,0.501838
4959,4959,0.9433333333333334,0.00998645168764533,request_rescan,0.501933
4960,4960,0.9433333333333334,0.00998645168764533,request_rescan,0.502029
4961,4961,0.9433333333333334,0.00998645168764533,request_rescan,0.502128
4962,4962,0.9433333333333334,0.00998645168764533,discard,0.502231
4963,4963,0.9433333333333334,0.00998645168764533,discard,0.502332
4964,4964,0.9433333333333334,0.00998645168764533,discard,0.502427
4965,4965,0.76,0.00998645168764533,log_and_continue,0.502529
4966,4966,0.9433333333333334,0.00998645168764533,discard,0.502628
4967,4967,0.9433333333333334,0.00998645168764533,discard,0.502734
4968,4968,0.9433333333333334,0.00998645168764533,discard,0.502837
4969,4969,0.76,0.00998645168764533,log_and_continue,0.502934
4970,4970,0.76,0.00998645168764533,log_and_continue,0.503028
4971,4971,0.76,0.00998645168764533,log_and_continue,0.503122
4972,4972,0.9433333333333334,0.00998645168764533,discard,0.503216
4973,4973,0.9433333333333334,0.00998645168764533,discard,0.503336
4974,4974,0.9433333333333334,0.00998645168764533,discard,0.503454
4975,4975,0.9433333333333334,0.00998645168764533,discard,0.503564
4976,4976,0.9433333333333334,0.00998645168764533,request_rescan,0.503659
4977,4977,0.9433333333333334,0.00998645168764533,request_rescan,0.503753
4978,4978,0.9433333333333334,0.00998645168764533,request_rescan,0.503852
4979,4979,0.9433333333333334,0.00998645168764533,request_rescan,0.50395
4980,4980,0.9433333333333334,0.00998645168764533,discard,0.50405
4981,4981,0.9433333333333334,0.00998645168764533,discard,0.50415
4982,4982,0.9433333333333334,0.00998645168764533,request_rescan,0.50425
4983,4983,0.76,0.00998645168764533,log_and_continue,0.504347
4984,4984,0.76,0.00998645168764533,log_and_continue,0.504443
4985,4985,0.9433333333333334,0.00998645168764533,request_rescan,0.504542
4986,4986,0.9433333333333334,0.00998645168764533,request_rescan,0.504641
4987,4987,0.9433333333333334,0.00998645168764533,discard,0.504745
4988,4988,0.9433333333333334,0.00998645168764533,request_rescan,0.504843
4989,4989,0.9433333333333334,0.00998645168764533,discard,0.50494
4990,4990,0.9433333333333334,0.00998645168764533,discard,0.505036
4991,4991,0.9433333333333334,0.00998645168764533,discard,0.505128
4992,4992,0.9433333333333334,0.00998645168764533,discard,0.505225
4993,4993,0.9433333333333334,0.00998645168764533,request_rescan,0.505329
4994,4994,0.9433333333333334,0.00998645168764533,request_rescan,0.505424
4995,4995,0.9433333333333334,0.00998645168764533,request_rescan,0.50552
4996,4996,0.9433333333333334,0.00998645168764533,discard,0.505615
4997,4997,0.9433333333333334,0.00998645168764533,discard,0.505709
4998,4998,0.9433333333333334,0.00998645168764533,discard,0.505804
4999,4999,0.9433333333333334,0.00998645168764533,request_rescan,0.5059
5000,5000,0.9433333333333334,0.00998645168764533,discard,0.505998
5001,5001,0.9433333333333334,0.00998645168764533,request_rescan,0.50615
5002,5002,0.9433333333333334,0.00998645168764533,request_rescan,0.506249
5003,5003,0.9433333333333334,0.00998645168764533,request_rescan,0.506347
5004,5004,0.76,0.00998645168764533,log_and_continue,0.50646
5005,5005,0.9433333333333334,0.00998645168764533,discard,0.506582
5006,5006,0.9433333333333334,0.00998645168764533,discard,0.506689
5007,5007,0.9433333333333334,0.00998645168764533,request_rescan,0.506788
5008,5008,0.76,0.00998645168764533,log_and_continue,0.506888
5009,5009,0.76,0.00998645168764533,log_and_continue,0.506985
5010,5010,0.9433333333333334,0.00998645168764533,request_rescan,0.507081
5011,5011,0.9433333333333334,0.00998645168764533,discard,0.507174
5012,5012,0.9433333333333334,0.00998645168764533,discard,0.507271
5013,5013,0.76,0.00998645168764533,log_and_continue,0.507364
5014,5014,0.9433333333333334,0.00998645168764533,request_rescan,0.507462
5015,5015,0.9433333333333334,0.00998645168764533,discard,0.507559
5016,5016,0.9433333333333334,0.00998645168764533,request_rescan,0.507653
5017,5017,0.9433333333333334,0.00998645168764533,discard,0.507749
5018,5018,0.9433333333333334,0.00998645168764533,discard,0.507847
5019,5019,0.9433333333333334,0.00998645168764533,discard,0.507944
5020,5020,0.9433333333333334,0.00998645168764533,request_rescan,0.508041
5021,5021,0.9433333333333334,0.00998645168764533,discard,0.50814
5022,5022,0.9433333333333334,0.00998645168764533,discard,0.508238
5023,5023,0.9433333333333334,0.00998645168764533,request_rescan,0.508349
5024,5024,0.9433333333333334,0.00998645168764533,discard,0.508448
5025,5025,0.9433333333333334,0.00998645168764533,discard,0.508548
5026,5026,0.9433333333333334,0.00998645168764533,discard,0.508648
5027,5027,0.9433333333333334,0.00998645168764533,discard,0.508742
5028,5028,0.9433333333333334,0.00998645168764533,discard,0.508839
5029,5029,0.9433333333333334,0.00998645168764533,request_rescan,0.508936
5030,5030,0.9433333333333334,0.00998645168764533,request_rescan,0.509034
5031,5031,0.76,0.00998645168764533,log_and_continue,0.509132
5032,5032,0.9433333333333334,0.00998645168764533,discard,0.509265
5033,5033,0.76,0.00998645168764533,log_and_continue,0.509362
5034,5034,0.9433333333333334,0.00998645168764533,discard,0.509456
5035,5035,0.9433333333333334,0.00998645168764533,request_rescan,0.509551
5036,5036,0.9433333333333334,0.00998645168764533,request_rescan,0.509648
5037,5037,0.76,0.00998645168764533,log_and_continue,0.509744
5038,5038,0.9433333333333334,0.00998645168764533,discard,0.509837
5039,5039,0.9433333333333334,0.00998645168764533,request_rescan,0.509931
5040,5040,0.9433333333333334,0.00998645168764533,request_rescan,0.510025
5041,5041,0.76,0.00998645168764533,log_and_continue,0.510122
5042,5042,0.9433333333333334,0.00998645168764533,request_rescan,0.510218
5043,5043,0.76,0.00998645168764533,log_and_continue,0.510318
5044,5044,0.76,0.00998645168764533,log_and_continue,0.510412
5045,5045,0.76,0.00998645168764533,log_and_continue,0.510508
5046,5046,0.9433333333333334,0.00998645168764533,discard,0.510609
5047,5047,0.9433333333333334,0.00998645168764533,discard,0.510709
5048,5048,0.9433333333333334,0.00998645168764533,discard,0.510807
5049,5049,0.9433333333333334,0.00998645168764533,discard,0.510903
5050,5050,0.9433333333333334,0.00998645168764533,discard,0.510999
5051,5051,0.9433333333333334,0.00998645168764533,discard,0.511099
5052,5052,0.9433333333333334,0.00998645168764533,discard,0.511194
5053,5053,0.9433333333333334,0.00998645168764533,request_rescan,0.511294
5054,5054,0.9433333333333334,0.00998645168764533,request_rescan,0.51139
5055,5055,0.9433333333333334,0.00998645168764533,discard,0.51149
5056,5056,0.9433333333333334,0.00998645168764533,request_rescan,0.511589
5057,5057,0.9433333333333334,0.00998645168764533,discard,0.511687
5058,5058,0.9433333333333334,0.00998645168764533,discard,0.511781
5059,5059,0.9433333333333334,0.00998645168764533,discard,0.511875
5060,5060,0.9433333333333334,0.00998645168764533,discard,0.511973
5061,5061,0.9433333333333334,0.00998645168764533,request_rescan,0.512067
5062,5062,0.76,0.00998645168764533,log_and_continue,0.512165
5063,5063,0.76,0.00998645168764533,log_and_continue,0.512267
5064,5064,0.9433333333333334,0.00998645168764533,discard,0.512367
5065,5065,0.9433333333333334,0.00998645168764533,request_rescan,0.512465
5066,5066,0.9433333333333334,0.00998645168764533,discard,0.512559
5067,5067,0.9433333333333334,0.00998645168764533,request_rescan,0.512654
5068,5068,0.9433333333333334,0.00998645168764533,discard,0.512748
5069,5069,0.9433333333333334,0.00998645168764533,discard,0.512843
5070,5070,0.9433333333333334,0.00998645168764533,discard,0.512941
5071,5071,0.76,0.00998645168764533,log_and_continue,0.51305
5072,5072,0.9433333333333334,0.00998645168764533,discard,0.513175
5073,5073,0.9433333333333334,0.00998645168764533,request_rescan,0.513281
5074,5074,0.9433333333333334,0.00998645168764533,discard,0.513379
5075,5075,0.9433333333333334,0.00998645168764533,discard,0.513501
5076,5076,0.76,0.00998645168764533,log_and_continue,0.513604
5077,5077,0.9433333333333334,0.00998645168764533,request_rescan,0.513714
5078,5078,0.9433333333333334,0.00998645168764533,discard,0.513819
5079,5079,0.9433333333333334,0.00998645168764533,discard,0.513934
5080,5080,0.9433333333333334,0.00998645168764533,discard,0.514034
5081,5081,0.9433333333333334,0.00998645168764533,discard,0.514129
5082,5082,0.9433333333333334,0.00998645168764533,discard,0.514223
5083,5083,0.76,0.00998645168764533,log_and_continue,0.514347
5084,5084,0.9433333333333334,0.00998645168764533,discard,0.514451
5085,5085,0.9433333333333334,0.00998645168764533,discard,0.514554
5086,5086,0.9433333333333334,0.00998645168764533,discard,0.51465
5087,5087,0.9433333333333334,0.00998645168764533,discard,0.514746
5088,5088,0.9433333333333334,0.00998645168764533,discard,0.514841
5089,5089,0.76,0.00998645168764533,log_and_continue,0.514938
5090,5090,0.9433333333333334,0.00998645168764533,discard,0.515038
5091,5091,0.9433333333333334,0.00998645168764533,discard,0.515137
5092,5092,0.9433333333333334,0.00998645168764533,discard,0.515235
5093,5093,0.9433333333333334,0.00998645168764533,discard,0.515335
5094,5094,0.9433333333333334,0.00998645168764533,discard,0.515435
5095,5095,0.9433333333333334,0.00998645168764533,discard,0.515531
5096,5096,0.76,0.00998645168764533,log_and_continue,0.515639
5097,5097,0.76,0.00998645168764533,log_and_continue,0.515739
5098,5098,0.76,0.00998645168764533,log_and_continue,0.515837
5099,5099,0.9433333333333334,0.00998645168764533,discard,0.515932
5100,5100,0.76,0.00998645168764533,log_and_continue,0.516027
5101,5101,0.76,0.00998645168764533,log_and_continue,0.516161
5102,5102,0.76,0.00998645168764533,log_and_continue,0.516264
5103,5103,0.9433333333333334,0.00998645168764533,request_rescan,0.516363
5104,5104,0.9433333333333334,0.00998645168764533,discard,0.516464
5105,5105,0.9433333333333334,0.00998645168764533,discard,0.51656
5106,5106,0.76,0.00998645168764533,log_and_continue,0.516657
5107,5107,0.9433333333333334,0.00998645168764533,discard,0.516753
5108,5108,0.76,0.00998645168764533,log_and_continue,0.516851
5109,5109,0.9433333333333334,0.00998645168764533,request_rescan,0.516949
5110,5110,0.76,0.00998645168764533,log_and_continue,0.517042
5111,5111,0.9433333333333334,0.00998645168764533,discard,0.517138
5112,5112,0.9433333333333334,0.00998645168764533,discard,0.517238
5113,5113,0.76,0.00998645168764533,log_and_continue,0.517341
5114,5114,0.9433333333333334,0.00998645168764533,request_rescan,0.517439
5115,5115,0.76,0.00998645168764533,log_and_continue,0.517536
5116,5116,0.9433333333333334,0.00998645168764533,request_rescan,0.517631
5117,5117,0.9433333333333334,0.00998645168764533,request_rescan,0.517724
5118,5118,0.9433333333333334,0.00998645168764533,discard,0.51782
5119,5119,0.9433333333333334,0.00998645168764533,discard,0.517913
5120,5120,0.76,0.00998645168764533,log_and_continue,0.518007
5121,5121,0.76,0.00998645168764533,log_and_continue,0.518103
5122,5122,0.76,0.00998645168764533,log_and_continue,0.5182
5123,5123,0.9433333333333334,0.00998645168764533,request_rescan,0.518301
5124,5124,0.9433333333333334,0.00998645168764533,discard,0.518401
5125,5125,0.9433333333333334,0.00998645168764533,discard,0.518497
5126,5126,0.9433333333333334,0.00998645168764533,discard,0.518591
5127,5127,0.76,0.00998645168764533,log_and_continue,0.518686
5128,5128,0.9433333333333334,0.00998645168764533,discard,0.518779
5129,5129,0.9433333333333334,0.00998645168764533,request_rescan,0.518876
5130,5130,0.9433333333333334,0.00998645168764533,discard,0.518972
5131,5131,0.9433333333333334,0.00998645168764533,request_rescan,0.519066
5132,5132,0.76,0.00998645168764533,log_and_continue,0.519159
5133,5133,0.76,0.00998645168764533,log_and_continue,0.519255
5134,5134,0.9433333333333334,0.00998645168764533,discard,0.519359
5135,5135,0.9433333333333334,0.00998645168764533,discard,0.519463
5136,5136,0.9433333333333334,0.00998645168764533,discard,0.519561
5137,5137,0.76,0.00998645168764533,log_and_continue,0.519661
5138,5138,0.9433333333333334,0.00998645168764533,discard,0.519756
5139,5139,0.9433333333333334,0.00998645168764533,request_rescan,0.519852
5140,5140,0.9433333333333334,0.00998645168764533,discard,0.519947
5141,5141,0.9433333333333334,0.00998645168764533,discard,0.520042
5142,5142,0.9433333333333334,0.00998645168764533,discard,0.52014
5143,5143,0.9433333333333334,0.00998645168764533,discard,0.520236
5144,5144,0.76,0.00998645168764533,discard,0.520341
5145,5145,0.76,0.00998645168764533,log_and_continue,0.520444
5146,5146,0.9433333333333334,0.00998645168764533,discard,0.520544
5147,5147,0.9433333333333334,0.00998645168764533,discard,0.520643
5148,5148,0.9433333333333334,0.00998645168764533,discard,0.520743
5149,5149,0.76,0.00998645168764533,log_and_continue,0.520844
5150,5150,0.9433333333333334,0.00998645168764533,request_rescan,0.520954
5151,5151,0.9433333333333334,0.00998645168764533,request_rescan,0.521078
5152,5152,0.76,0.00998645168764533,log_and_continue,0.521187
5153,5153,0.76,0.00998645168764533,log_and_continue,0.521287
5154,5154,0.9433333333333334,0.00998645168764533,discard,0.521382
5155,5155,0.76,0.00998645168764533,log_and_continue,0.52148
5156,5156,0.9433333333333334,0.00998645168764533,discard,0.521604
5157,5157,0.9433333333333334,0.00998645168764533,discard,0.521707
5158,5158,0.76,0.00998645168764533,log_and_continue,0.52181
5159,5159,0.9433333333333334,0.00998645168764533,discard,0.521907
5160,5160,0.9433333333333334,0.00998645168764533,discard,0.522003
5161,5161,0.76,0.00998645168764533,log_and_continue,0.5221
5162,5162,0.9433333333333334,0.00998645168764533,request_rescan,0.522196
5163,5163,0.9433333333333334,0.00998645168764533,request_rescan,0.522296
5164,5164,0.76,0.00998645168764533,log_and_continue,0.52239
5165,5165,0.9433333333333334,0.00998645168764533,discard,0.522483
5166,5166,0.9433333333333334,0.00998645168764533,discard,0.522576
5167,5167,0.9433333333333334,0.00998645168764533,discard,0.522677
5168,5168,0.9433333333333334,0.00998645168764533,request_rescan,0.522779
5169,5169,0.9433333333333334,0.00998645168764533,request_rescan,0.522874
5170,5170,0.76,0.00998645168764533,log_and_continue,0.522969
5171,5171,0.9433333333333334,0.00998645168764533,request_rescan,0.523062
5172,5172,0.76,0.00998645168764533,log_and_continue,0.523155
5173,5173,0.9433333333333334,0.00998645168764533,discard,0.52326
5174,5174,0.9433333333333334,0.00998645168764533,discard,0.523369
5175,5175,0.9433333333333334,0.00998645168764533,discard,0.52347
5176,5176,0.9433333333333334,0.00998645168764533,discard,0.523566
5177,5177,0.9433333333333334,0.00998645168764533,discard,0.523663
5178,5178,0.9433333333333334,0.00998645168764533,request_rescan,0.523759
5179,5179,0.9433333333333334,0.00998645168764533,request_rescan,0.523854
5180,5180,0.9433333333333334,0.00998645168764533,request_rescan,0.523948
5181,5181,0.9433333333333334,0.00998645168764533,discard,0.524051
5182,5182,0.76,0.00998645168764533,log_and_continue,0.524154
5183,5183,0.76,0.00998645168764533,log_and_continue,0.524254
5184,5184,0.9433333333333334,0.00998645168764533,discard,0.52435
5185,5185,0.9433333333333334,0.00998645168764533,discard,0.524445
5186,5186,0.9433333333333334,0.00998645168764533,request_rescan,0.524542
5187,5187,0.9433333333333334,0.00998645168764533,request_rescan,0.524637
5188,5188,0.9433333333333334,0.00998645168764533,discard,0.52473
5189,5189,0.9433333333333334,0.00998645168764533,request_rescan,0.524839
5190,5190,0.76,0.00998645168764533,log_and_continue,0.524961
5191,5191,0.76,0.00998645168764533,log_and_continue,0.525061
5192,5192,0.9433333333333334,0.00998645168764533,discard,0.525159
5193,5193,0.9433333333333334,0.00998645168764533,discard,0.525264
5194,5194,0.9433333333333334,0.00998645168764533,request_rescan,0.525359
5195,5195,0.76,0.00998645168764533,log_and_continue,0.525452
5196,5196,0.76,0.00998645168764533,log_and_continue,0.525545
5197,5197,0.76,0.00998645168764533,log_and_continue,0.525639
5198,5198,0.9433333333333334,0.00998645168764533,discard,0.525735
5199,5199,0.9433333333333334,0.00998645168764533,request_rescan,0.525831
5200,5200,0.9433333333333334,0.00998645168764533,discard,0.525965
5201,5201,0.76,0.00998645168764533,log_and_continue,0.526095
5202,5202,0.9433333333333334,0.00998645168764533,discard,0.526192
5203,5203,0.9433333333333334,0.00998645168764533,discard,0.526289
5204,5204,0.76,0.00998645168764533,log_and_continue,0.526384
5205,5205,0.9433333333333334,0.00998645168764533,request_rescan,0.526479
5206,5206,0.9433333333333334,0.00998645168764533,discard,0.526584
5207,5207,0.9433333333333334,0.00998645168764533,discard,0.526684
5208,5208,0.9433333333333334,0.00998645168764533,request_rescan,0.526784
5209,5209,0.9433333333333334,0.00998645168764533,request_rescan,0.526881
5210,5210,0.9433333333333334,0.00998645168764533,discard,0.526974
5211,5211,0.9433333333333334,0.00998645168764533,discard,0.527073
5212,5212,0.9433333333333334,0.00998645168764533,request_rescan,0.527169
5213,5213,0.76,0.00998645168764533,log_and_continue,0.527273
5214,5214,0.76,0.00998645168764533,log_and_continue,0.527386
5215,5215,0.76,0.00998645168764533,log_and_continue,0.527502
5216,5216,0.9433333333333334,0.00998645168764533,discard,0.527603
5217,5217,0.9433333333333334,0.00998645168764533,request_rescan,0.5277
5218,5218,0.9433333333333334,0.00998645168764533,discard,0.527798
5219,5219,0.76,0.00998645168764533,log_and_continue,0.527894
5220,5220,0.9433333333333334,0.00998645168764533,discard,0.527991
5221,5221,0.76,0.00998645168764533,log_and_continue,0.528094
5222,5222,0.76,0.00998645168764533,log_and_continue,0.528192
5223,5223,0.9433333333333334,0.00998645168764533,discard,0.528293
5224,5224,0.9433333333333334,0.00998645168764533,discard,0.528388
5225,5225,0.9433333333333334,0.00998645168764533,discard,0.528487
5226,5226,0.9433333333333334,0.00998645168764533,discard,0.528584
5227,5227,0.9433333333333334,0.00998645168764533,request_rescan,0.528679
5228,5228,0.76,0.00998645168764533,log_and_continue,0.528774
5229,5229,0.9433333333333334,0.00998645168764533,discard,0.528881
5230,5230,0.9433333333333334,0.00998645168764533,request_rescan,0.52898
5231,5231,0.9433333333333334,0.00998645168764533,discard,0.529075
5232,5232,0.9433333333333334,0.00998645168764533,discard,0.529172
5233,5233,0.9433333333333334,0.00998645168764533,discard,0.529272
5234,5234,0.9433333333333334,0.00998645168764533,discard,0.52937
5235,5235,0.76,0.00998645168764533,log_and_continue,0.529467
5236,5236,0.76,0.00998645168764533,log_and_continue,0.529561
5237,5237,0.76,0.00998645168764533,log_and_continue,0.529658
5238,5238,0.9433333333333334,0.00998645168764533,discard,0.529755
5239,5239,0.9433333333333334,0.00998645168764533,discard,0.529849
5240,5240,0.76,0.00998645168764533,log_and_continue,0.529945
5241,5241,0.9433333333333334,0.00998645168764533,request_rescan,0.530042
5242,5242,0.9433333333333334,0.00998645168764533,discard,0.530155
5243,5243,0.9433333333333334,0.00998645168764533,discard,0.530267
5244,5244,0.9433333333333334,0.00998645168764533,discard,0.530382
5245,5245,0.76,0.00998645168764533,log_and_continue,0.530479
5246,5246,0.76,0.00998645168764533,log_and_continue,0.530573
5247,5247,0.9433333333333334,0.00998645168764533,discard,0.530685
5248,5248,0.9433333333333334,0.00998645168764533,discard,0.530784
5249,5249,0.9433333333333334,0.00998645168764533,request_rescan,0.530883
5250,5250,0.9433333333333334,0.00998645168764533,discard,0.530996
5251,5251,0.9433333333333334,0.00998645168764533,discard,0.531097
5252,5252,0.9433333333333334,0.00998645168764533,discard,0.531196
5253,5253,0.9433333333333334,0.00998645168764533,request_rescan,0.5313
5254,5254,0.9433333333333334,0.00998645168764533,discard,0.531397
5255,5255,0.76,0.00998645168764533,log_and_continue,0.531495
5256,5256,0.9433333333333334,0.00998645168764533,discard,0.53159
5257,5257,0.76,0.00998645168764533,log_and_continue,0.531689
5258,5258,0.9433333333333334,0.00998645168764533,request_rescan,0.531789
5259,5259,0.9433333333333334,0.00998645168764533,request_rescan,0.531884
5260,5260,0.9433333333333334,0.00998645168764533,discard,0.53198
5261,5261,0.9433333333333334,0.00998645168764533,request_rescan,0.532074
5262,5262,0.9433333333333334,0.00998645168764533,discard,0.532169
5263,5263,0.9433333333333334,0.00998645168764533,discard,0.532269
5264,5264,0.9433333333333334,0.00998645168764533,discard,0.532361
5265,5265,0.9433333333333334,0.00998645168764533,discard,0.532452
5266,5266,0.9433333333333334,0.00998645168764533,request_rescan,0.532545
5267,5267,0.9433333333333334,0.00998645168764533,discard,0.532645
5268,5268,0.9433333333333334,0.00998645168764533,discard,0.532741
5269,5269,0.76,0.00998645168764533,log_and_continue,0.532839
5270,5270,0.9433333333333334,0.00998645168764533,discard,0.532934
5271,5271,0.9433333333333334,0.00998645168764533,discard,0.533028
5272,5272,0.9433333333333334,0.00998645168764533,request_rescan,0.533123
5273,5273,0.9433333333333334,0.00998645168764533,discard,0.533214
5274,5274,0.9433333333333334,0.00998645168764533,request_rescan,0.533311
5275,5275,0.9433333333333334,0.00998645168764533,request_rescan,0.533408
5276,5276,0.9433333333333334,0.00998645168764533,discard,0.533503
5277,5277,0.76,0.00998645168764533,log_and_continue,0.533603
5278,5278,0.9433333333333334,0.00998645168764533,discard,0.533698
5279,5279,0.76,0.00998645168764533,log_and_continue,0.533795
5280,5280,0.9433333333333334,0.00998645168764533,discard,0.533889
5281,5281,0.9433333333333334,0.00998645168764533,request_rescan,0.533984
5282,5282,0.9433333333333334,0.00998645168764533,discard,0.534076
5283,5283,0.9433333333333334,0.00998645168764533,discard,0.534172
5284,5284,0.76,0.00998645168764533,log_and_continue,0.534269
5285,5285,0.9433333333333334,0.00998645168764533,request_rescan,0.534364
5286,5286,0.9433333333333334,0.00998645168764533,discard,0.534463
5287,5287,0.76,0.00998645168764533,log_and_continue,0.534558
5288,5288,0.76,0.00998645168764533,log_and_continue,0.534653
5289,5289,0.9433333333333334,0.00998645168764533,request_rescan,0.534746
5290,5290,0.9433333333333334,0.00998645168764533,discard,0.534845
5291,5291,0.9433333333333334,0.00998645168764533,request_rescan,0.53495
5292,5292,0.9433333333333334,0.00998645168764533,discard,0.535048
5293,5293,0.9433333333333334,0.00998645168764533,request_rescan,0.535146
5294,5294,0.9433333333333334,0.00998645168764533,discard,0.535249
5295,5295,0.9433333333333334,0.00998645168764533,discard,0.535345
5296,5296,0.76,0.00998645168764533,log_and_continue,0.53544
5297,5297,0.9433333333333334,0.00998645168764533,discard,0.535536
5298,5298,0.9433333333333334,0.00998645168764533,discard,0.535633
5299,5299,0.9433333333333334,0.00998645168764533,discard,0.535734
5300,5300,0.9433333333333334,0.00998645168764533,request_rescan,0.535831
5301,5301,0.9433333333333334,0.00998645168764533,discard,0.535956
5302,5302,0.9433333333333334,0.00998645168764533,discard,0.536052
5303,5303,0.76,0.00998645168764533,log_and_continue,0.53615
5304,5304,0.9433333333333334,0.00998645168764533,request_rescan,0.536248
5305,5305,0.9433333333333334,0.00998645168764533,discard,0.536344
5306,5306,0.9433333333333334,0.00998645168764533,discard,0.536439
5307,5307,0.76,0.00998645168764533,log_and_continue,0.53654
5308,5308,0.9433333333333334,0.00998645168764533,discard,0.536639
5309,5309,0.9433333333333334,0.00998645168764533,request_rescan,0.536736
5310,5310,0.9433333333333334,0.00998645168764533,discard,0.536834
5311,5311,0.9433333333333334,0.00998645168764533,discard,0.536929
5312,5312,0.9433333333333334,0.00998645168764533,request_rescan,0.537022
5313,5313,0.76,0.00998645168764533,log_and_continue,0.537118
5314,5314,0.76,0.00998645168764533,log_and_continue,0.537221
5315,5315,0.76,0.00998645168764533,log_and_continue,0.537346
5316,5316,0.9433333333333334,0.00998645168764533,discard,0.537453
5317,5317,0.9433333333333334,0.00998645168764533,discard,0.53755
5318,5318,0.9433333333333334,0.00998645168764533,discard,0.537648
5319,5319,0.76,0.00998645168764533,log_and_continue,0.537745
5320,5320,0.9433333333333334,0.00998645168764533,request_rescan,0.537841
5321,5321,0.9433333333333334,0.00998645168764533,discard,0.537939
5322,5322,0.9433333333333334,0.00998645168764533,discard,0.53806
5323,5323,0.9433333333333334,0.00998645168764533,discard,0.538162
5324,5324,0.9433333333333334,0.00998645168764533,discard,0.538265
5325,5325,0.9433333333333334,0.00998645168764533,discard,0.538364
5326,5326,0.9433333333333334,0.00998645168764533,discard,0.538461
5327,5327,0.9433333333333334,0.00998645168764533,discard,0.538557
5328,5328,0.9433333333333334,0.00998645168764533,discard,0.538653
5329,5329,0.9433333333333334,0.00998645168764533,request_rescan,0.538754
5330,5330,0.9433333333333334,0.00998645168764533,discard,0.538855
5331,5331,0.9433333333333334,0.00998645168764533,discard,0.538952
5332,5332,0.9433333333333334,0.00998645168764533,discard,0.53905
5333,5333,0.9433333333333334,0.00998645168764533,discard,0.539146
5334,5334,0.76,0.00998645168764533,log_and_continue,0.539251
5335,5335,0.9433333333333334,0.00998645168764533,discard,0.539355
5336,5336,0.9433333333333334,0.00998645168764533,request_rescan,0.539455
5337,5337,0.9433333333333334,0.00998645168764533,discard,0.539554
5338,5338,0.9433333333333334,0.00998645168764533,discard,0.539651
5339,5339,0.9433333333333334,0.00998645168764533,discard,0.539747
5340,5340,0.9433333333333334,0.00998645168764533,discard,0.539849
5341,5341,0.9433333333333334,0.00998645168764533,discard,0.539947
5342,5342,0.76,0.00998645168764533,log_and_continue,0.540048
5343,5343,0.9433333333333334,0.00998645168764533,discard,0.540146
5344,5344,0.9433333333333334,0.00998645168764533,discard,0.540247
5345,5345,0.9433333333333334,0.00998645168764533,discard,0.540346
5346,5346,0.9433333333333334,0.00998645168764533,request_rescan,0.540449
5347,5347,0.9433333333333334,0.00998645168764533,request_rescan,0.540555
5348,5348,0.9433333333333334,0.00998645168764533,discard,0.540659
5349,5349,0.9433333333333334,0.00998645168764533,discard,0.540757
5350,5350,0.9433333333333334,0.00998645168764533,request_rescan,0.540855
5351,5351,0.9433333333333334,0.00998645168764533,discard,0.54095
5352,5352,0.9433333333333334,0.00998645168764533,discard,0.541043
5353,5353,0.9433333333333334,0.00998645168764533,discard,0.541139
5354,5354,0.76,0.00998645168764533,log_and_continue,0.541239
5355,5355,0.76,0.00998645168764533,log_and_continue,0.541339
5356,5356,0.9433333333333334,0.00998645168764533,discard,0.541438
5357,5357,0.9433333333333334,0.00998645168764533,discard,0.541534
5358,5358,0.9433333333333334,0.00998645168764533,discard,0.541631
5359,5359,0.76,0.00998645168764533,log_and_continue,0.541727
5360,5360,0.9433333333333334,0.00998645168764533,discard,0.541821
5361,5361,0.9433333333333334,0.00998645168764533,discard,0.541916
5362,5362,0.9433333333333334,0.00998645168764533,discard,0.542015
5363,5363,0.76,0.00998645168764533,log_and_continue,0.542115
5364,5364,0.9433333333333334,0.00998645168764533,request_rescan,0.542214
5365,5365,0.9433333333333334,0.00998645168764533,discard,0.542313
5366,5366,0.9433333333333334,0.00998645168764533,discard,0.542406
5367,5367,0.76,0.00998645168764533,log_and_continue,0.542502
5368,5368,0.9433333333333334,0.00998645168764533,discard,0.542636
5369,5369,0.76,0.00998645168764533,log_and_continue,0.542742
5370,5370,0.9433333333333334,0.00998645168764533,discard,0.542843
5371,5371,0.9433333333333334,0.00998645168764533,request_rescan,0.542943
5372,5372,0.9433333333333334,0.00998645168764533,discard,0.543036
5373,5373,0.9433333333333334,0.00998645168764533,discard,0.543133
5374,5374,0.9433333333333334,0.00998645168764533,request_rescan,0.543226
5375,5375,0.9433333333333334,0.00998645168764533,discard,0.543321
5376,5376,0.9433333333333334,0.00998645168764533,request_rescan,0.543417
5377,5377,0.76,0.00998645168764533,log_and_continue,0.543516
5378,5378,0.9433333333333334,0.00998645168764533,discard,0.543612
5379,5379,0.9433333333333334,0.00998645168764533,request_rescan,0.543708
5380,5380,0.9433333333333334,0.00998645168764533,request_rescan,0.543801
5381,5381,0.9433333333333334,0.00998645168764533,discard,0.5439
5382,5382,0.9433333333333334,0.00998645168764533,discard,0.543996
5383,5383,0.76,0.00998645168764533,log_and_continue,0.544093
5384,5384,0.76,0.00998645168764533,log_and_continue,0.544192
5385,5385,0.9433333333333334,0.00998645168764533,discard,0.544292
5386,5386,0.9433333333333334,0.00998645168764533,request_rescan,0.544388
5387,5387,0.9433333333333334,0.00998645168764533,discard,0.544486
5388,5388,0.9433333333333334,0.00998645168764533,request_rescan,0.54458
5389,5389,0.9433333333333334,0.00998645168764533,discard,0.544673
5390,5390,0.9433333333333334,0.00998645168764533,request_rescan,0.54477
5391,5391,0.9433333333333334,0.00998645168764533,discard,0.544863
5392,5392,0.76,0.00998645168764533,log_and_continue,0.544958
5393,5393,0.9433333333333334,0.00998645168764533,discard,0.545056
5394,5394,0.9433333333333334,0.00998645168764533,discard,0.545147
5395,5395,0.76,0.00998645168764533,log_and_continue,0.545245
5396,5396,0.76,0.00998645168764533,log_and_continue,0.545342
5397,5397,0.76,0.00998645168764533,log_and_continue,0.545437
5398,5398,0.9433333333333334,0.00998645168764533,discard,0.545531
5399,5399,0.9433333333333334,0.00998645168764533,discard,0.545624
5400,5400,0.9433333333333334,0.00998645168764533,discard,0.545717
5401,5401,0.9433333333333334,0.00998645168764533,request_rescan,0.545857
5402,5402,0.9433333333333334,0.00998645168764533,discard,0.54596
5403,5403,0.9433333333333334,0.00998645168764533,discard,0.546066
5404,5404,0.9433333333333334,0.00998645168764533,request_rescan,0.546191
5405,5405,0.76,0.00998645168764533,log_and_continue,0.546304
5406,5406,0.76,0.00998645168764533,log_and_continue,0.5464
5407,5407,0.9433333333333334,0.00998645168764533,request_rescan,0.546502
5408,5408,0.9433333333333334,0.00998645168764533,discard,0.546606
5409,5409,0.9433333333333334,0.00998645168764533,request_rescan,0.546707
5410,5410,0.9433333333333334,0.00998645168764533,discard,0.546821
5411,5411,0.76,0.00998645168764533,log_and_continue,0.546919
5412,5412,0.9433333333333334,0.00998645168764533,discard,0.547016
5413,5413,0.9433333333333334,0.00998645168764533,discard,0.547112
5414,5414,0.9433333333333334,0.00998645168764533,discard,0.547219
5415,5415,0.9433333333333334,0.00998645168764533,request_rescan,0.547319
5416,5416,0.9433333333333334,0.00998645168764533,discard,0.547414
5417,5417,0.9433333333333334,0.00998645168764533,discard,0.547542
5418,5418,0.76,0.00998645168764533,log_and_continue,0.547652
5419,5419,0.76,0.00998645168764533,log_and_continue,0.547753
5420,5420,0.76,0.00998645168764533,log_and_continue,0.547854
5421,5421,0.9433333333333334,0.00998645168764533,request_rescan,0.547955
5422,5422,0.9433333333333334,0.00998645168764533,discard,0.548056
5423,5423,0.9433333333333334,0.00998645168764533,request_rescan,0.548157
5424,5424,0.9433333333333334,0.00998645168764533,request_rescan,0.548256
5425,5425,0.9433333333333334,0.00998645168764533,discard,0.548362
5426,5426,0.9433333333333334,0.00998645168764533,discard,0.548464
5427,5427,0.9433333333333334,0.00998645168764533,discard,0.54856
5428,5428,0.76,0.00998645168764533,log_and_continue,0.548658
5429,5429,0.9433333333333334,0.00998645168764533,discard,0.548756
5430,5430,0.9433333333333334,0.00998645168764533,request_rescan,0.548852
5431,5431,0.9433333333333334,0.00998645168764533,request_rescan,0.548948
5432,5432,0.9433333333333334,0.00998645168764533,discard,0.549046
5433,5433,0.76,0.00998645168764533,log_and_continue,0.549148
5434,5434,0.9433333333333334,0.00998645168764533,request_rescan,0.549248
5435,5435,0.9433333333333334,0.00998645168764533,discard,0.549344
5436,5436,0.9433333333333334,0.00998645168764533,discard,0.54944
5437,5437,0.76,0.00998645168764533,log_and_continue,0.549535
5438,5438,0.9433333333333334,0.00998645168764533,discard,0.549629
5439,5439,0.9433333333333334,0.00998645168764533,discard,0.549726
5440,5440,0.9433333333333334,0.00998645168764533,request_rescan,0.549823
5441,5441,0.9433333333333334,0.00998645168764533,request_rescan,0.549917
5442,5442,0.9433333333333334,0.00998645168764533,discard,0.550014
5443,5443,0.9433333333333334,0.00998645168764533,discard,0.550108
5444,5444,0.76,0.00998645168764533,log_and_continue,0.550209
5445,5445,0.9433333333333334,0.00998645168764533,discard,0.550307
5446,5446,0.9433333333333334,0.00998645168764533,discard,0.550404
5447,5447,0.9433333333333334,0.00998645168764533,request_rescan,0.550507
5448,5448,0.76,0.00998645168764533,log_and_continue,0.550604
5449,5449,0.9433333333333334,0.00998645168764533,request_rescan,0.5507
5450,5450,0.76,0.00998645168764533,log_and_continue,0.550795
5451,5451,0.9433333333333334,0.00998645168764533,request_rescan,0.550893
5452,5452,0.9433333333333334,0.00998645168764533,discard,0.550989
5453,5453,0.76,0.00998645168764533,log_and_continue,0.551088
5454,5454,0.9433333333333334,0.00998645168764533,discard,0.551183
5455,5455,0.9433333333333334,0.00998645168764533,discard,0.551287
5456,5456,0.9433333333333334,0.00998645168764533,request_rescan,0.551381
5457,5457,0.9433333333333334,0.00998645168764533,request_rescan,0.551477
5458,5458,0.9433333333333334,0.00998645168764533,discard,0.551571
5459,5459,0.9433333333333334,0.00998645168764533,discard,0.551664
5460,5460,0.9433333333333334,0.00998645168764533,discard,0.551765
5461,5461,0.9433333333333334,0.00998645168764533,discard,0.551865
5462,5462,0.9433333333333334,0.00998645168764533,discard,0.551962
5463,5463,0.9433333333333334,0.00998645168764533,discard,0.552059
5464,5464,0.76,0.00998645168764533,log_and_continue,0.552159
5465,5465,0.9433333333333334,0.00998645168764533,discard,0.552261
5466,5466,0.76,0.00998645168764533,log_and_continue,0.552363
5467,5467,0.9433333333333334,0.00998645168764533,discard,0.552464
5468,5468,0.9433333333333334,0.00998645168764533,request_rescan,0.552562
5469,5469,0.9433333333333334,0.00998645168764533,request_rescan,0.552657
5470,5470,0.9433333333333334,0.00998645168764533,discard,0.552751
5471,5471,0.9433333333333334,0.00998645168764533,request_rescan,0.552848
5472,5472,0.76,0.00998645168764533,log_and_continue,0.552946
5473,5473,0.76,0.00998645168764533,log_and_continue,0.553049
5474,5474,0.76,0.00998645168764533,log_and_continue,0.553151
5475,5475,0.76,0.00998645168764533,log_and_continue,0.55325
5476,5476,0.76,0.00998645168764533,log_and_continue,0.553377
5477,5477,0.76,0.00998645168764533,request_rescan,0.553502
5478,5478,0.9433333333333334,0.00998645168764533,discard,0.553597
5479,5479,0.76,0.00998645168764533,log_and_continue,0.553691
5480,5480,0.9433333333333334,0.00998645168764533,request_rescan,0.553787
5481,5481,0.9433333333333334,0.00998645168764533,discard,0.553883
5482,5482,0.76,0.00998645168764533,log_and_continue,0.553981
5483,5483,0.9433333333333334,0.00998645168764533,discard,0.554079
5484,5484,0.9433333333333334,0.00998645168764533,discard,0.554177
5485,5485,0.9433333333333334,0.00998645168764533,discard,0.554281
5486,5486,0.76,0.00998645168764533,log_and_continue,0.554381
5487,5487,0.76,0.00998645168764533,log_and_continue,0.55448
5488,5488,0.9433333333333334,0.00998645168764533,discard,0.554578
5489,5489,0.9433333333333334,0.00998645168764533,discard,0.554679
5490,5490,0.9433333333333334,0.00998645168764533,request_rescan,0.554775
5491,5491,0.9433333333333334,0.00998645168764533,discard,0.554876
5492,5492,0.9433333333333334,0.00998645168764533,discard,0.554974
5493,5493,0.76,0.00998645168764533,log_and_continue,0.555069
5494,5494,0.9433333333333334,0.00998645168764533,request_rescan,0.555164
5495,5495,0.9433333333333334,0.00998645168764533,discard,0.555266
5496,5496,0.76,0.00998645168764533,log_and_continue,0.555372
5497,5497,0.9433333333333334,0.00998645168764533,discard,0.555472
5498,5498,0.9433333333333334,0.00998645168764533,discard,0.555567
5499,5499,0.9433333333333334,0.00998645168764533,request_rescan,0.555662
5500,5500,0.9433333333333334,0.00998645168764533,discard,0.555756
5501,5501,0.76,0.00998645168764533,log_and_continue,0.555931
5502,5502,0.76,0.00998645168764533,log_and_continue,0.556042
5503,5503,0.76,0.00998645168764533,log_and_continue,0.556147
5504,5504,0.76,0.00998645168764533,log_and_continue,0.55625
5505,5505,0.9433333333333334,0.00998645168764533,request_rescan,0.556349
5506,5506,0.9433333333333334,0.00998645168764533,discard,0.55645
5507,5507,0.9433333333333334,0.00998645168764533,discard,0.556547
5508,5508,0.76,0.00998645168764533,log_and_continue,0.556644
5509,5509,0.9433333333333334,0.00998645168764533,discard,0.55674
5510,5510,0.76,0.00998645168764533,log_and_continue,0.556838
5511,5511,0.9433333333333334,0.00998645168764533,request_rescan,0.556935
5512,5512,0.9433333333333334,0.00998645168764533,discard,0.557031
5513,5513,0.9433333333333334,0.00998645168764533,discard,0.557125
5514,5514,0.9433333333333334,0.00998645168764533,request_rescan,0.557222
5515,5515,0.9433333333333334,0.00998645168764533,discard,0.557325
5516,5516,0.9433333333333334,0.00998645168764533,discard,0.557422
5517,5517,0.9433333333333334,0.00998645168764533,request_rescan,0.557518
5518,5518,0.9433333333333334,0.00998645168764533,discard,0.557614
5519,5519,0.9433333333333334,0.00998645168764533,discard,0.557716
5520,5520,0.76,0.00998645168764533,log_and_continue,0.557817
5521,5521,0.9433333333333334,0.00998645168764533,discard,0.557913
5522,5522,0.9433333333333334,0.00998645168764533,request_rescan,0.558009
5523,5523,0.9433333333333334,0.00998645168764533,discard,0.558103
5524,5524,0.9433333333333334,0.00998645168764533,discard,0.558199
5525,5525,0.9433333333333334,0.00998645168764533,discard,0.558303
5526,5526,0.9433333333333334,0.00998645168764533,discard,0.558403
5527,5527,0.76,0.00998645168764533,log_and_continue,0.558503
5528,5528,0.76,0.00998645168764533,log_and_continue,0.5586
5529,5529,0.76,0.00998645168764533,log_and_continue,0.558696
5530,5530,0.9433333333333334,0.00998645168764533,discard,0.558791
5531,5531,0.9433333333333334,0.00998645168764533,discard,0.558884
5532,5532,0.9433333333333334,0.00998645168764533,discard,0.55899
5533,5533,0.9433333333333334,0.00998645168764533,discard,0.559095
5534,5534,0.9433333333333334,0.00998645168764533,discard,0.559193
5535,5535,0.76,0.00998645168764533,log_and_continue,0.559331
5536,5536,0.9433333333333334,0.00998645168764533,discard,0.559425
5537,5537,0.76,0.00998645168764533,log_and_continue,0.55952
5538,5538,0.9433333333333334,0.00998645168764533,discard,0.559617
5539,5539,0.9433333333333334,0.00998645168764533,discard,0.559713
5540,5540,0.9433333333333334,0.00998645168764533,request_rescan,0.559808
5541,5541,0.9433333333333334,0.00998645168764533,discard,0.559915
5542,5542,0.9433333333333334,0.00998645168764533,request_rescan,0.56004
5543,5543,0.76,0.00998645168764533,log_and_continue,0.560139
5544,5544,0.9433333333333334,0.00998645168764533,request_rescan,0.560234
5545,5545,0.9433333333333334,0.00998645168764533,discard,0.560342
5546,5546,0.9433333333333334,0.00998645168764533,discard,0.560445
5547,5547,0.76,0.00998645168764533,log_and_continue,0.560547
5548,5548,0.76,0.00998645168764533,log_and_continue,0.560643
5549,5549,0.9433333333333334,0.00998645168764533,request_rescan,0.560741
5550,5550,0.76,0.00998645168764533,log_and_continue,0.560837
5551,5551,0.9433333333333334,0.00998645168764533,discard,0.560941
5552,5552,0.9433333333333334,0.00998645168764533,request_rescan,0.561041
5553,5553,0.76,0.00998645168764533,log_and_continue,0.56114
5554,5554,0.76,0.00998645168764533,log_and_continue,0.561237
5555,5555,0.9433333333333334,0.00998645168764533,discard,0.561339
5556,5556,0.9433333333333334,0.00998645168764533,request_rescan,0.561436
5557,5557,0.9433333333333334,0.00998645168764533,discard,0.561529
5558,5558,0.9433333333333334,0.00998645168764533,discard,0.561628
5559,5559,0.9433333333333334,0.00998645168764533,discard,0.561726
5560,5560,0.76,0.00998645168764533,log_and_continue,0.561823
5561,5561,0.9433333333333334,0.00998645168764533,request_rescan,0.561921
5562,5562,0.76,0.00998645168764533,log_and_continue,0.562014
5563,5563,0.9433333333333334,0.00998645168764533,request_rescan,0.562113
5564,5564,0.9433333333333334,0.00998645168764533,discard,0.562216
5565,5565,0.9433333333333334,0.00998645168764533,discard,0.562318
5566,5566,0.9433333333333334,0.00998645168764533,request_rescan,0.562415
5567,5567,0.76,0.00998645168764533,log_and_continue,0.562512
5568,5568,0.9433333333333334,0.00998645168764533,discard,0.562606
5569,5569,0.9433333333333334,0.00998645168764533,request_rescan,0.562701
5570,5570,0.9433333333333334,0.00998645168764533,discard,0.562794
5571,5571,0.9433333333333334,0.00998645168764533,discard,0.562893
5572,5572,0.9433333333333334,0.00998645168764533,discard,0.562987
5573,5573,0.76,0.00998645168764533,log_and_continue,0.563097
5574,5574,0.76,0.00998645168764533,log_and_continue,0.563207
5575,5575,0.9433333333333334,0.00998645168764533,discard,0.563306
5576,5576,0.9433333333333334,0.00998645168764533,discard,0.563406
5577,5577,0.76,0.00998645168764533,log_and_continue,0.563521
5578,5578,0.9433333333333334,0.00998645168764533,request_rescan,0.563623
5579,5579,0.76,0.00998645168764533,log_and_continue,0.563723
5580,5580,0.76,0.00998645168764533,log_and_continue,0.563818
5581,5581,0.9433333333333334,0.00998645168764533,discard,0.563934
5582,5582,0.9433333333333334,0.00998645168764533,request_rescan,0.564035
5583,5583,0.9433333333333334,0.00998645168764533,discard,0.564134
5584,5584,0.9433333333333334,0.00998645168764533,discard,0.564248
5585,5585,0.9433333333333334,0.00998645168764533,request_rescan,0.564345
5586,5586,0.76,0.00998645168764533,log_and_continue,0.564447
5587,5587,0.9433333333333334,0.00998645168764533,discard,0.564549
5588,5588,0.9433333333333334,0.00998645168764533,discard,0.564648
5589,5589,0.9433333333333334,0.00998645168764533,discard,0.564745
5590,5590,0.9433333333333334,0.00998645168764533,request_rescan,0.564841
5591,5591,0.9433333333333334,0.00998645168764533,request_rescan,0.564937
5592,5592,0.9433333333333334,0.00998645168764533,discard,0.565032
5593,5593,0.9433333333333334,0.00998645168764533,discard,0.565127
5594,5594,0.9433333333333334,0.00998645168764533,request_rescan,0.565227
5595,5595,0.9433333333333334,0.00998645168764533,discard,0.565324
5596,5596,0.76,0.00998645168764533,log_and_continue,0.56542
5597,5597,0.9433333333333334,0.00998645168764533,discard,0.565518
5598,5598,0.9433333333333334,0.00998645168764533,discard,0.565617
5599,5599,0.9433333333333334,0.00998645168764533,discard,0.565711
5600,5600,0.76,0.00998645168764533,log_and_continue,0.565807
5601,5601,0.9433333333333334,0.00998645168764533,discard,0.565949
5602,5602,0.9433333333333334,0.00998645168764533,request_rescan,0.566057
5603,5603,0.76,0.00998645168764533,discard,0.566163
5604,5604,0.9433333333333334,0.00998645168764533,discard,0.566265
5605,5605,0.76,0.00998645168764533,log_and_continue,0.566365
5606,5606,0.9433333333333334,0.00998645168764533,discard,0.566475
5607,5607,0.9433333333333334,0.00998645168764533,discard,0.566576
5608,5608,0.76,0.00998645168764533,log_and_continue,0.566676
5609,5609,0.9433333333333334,0.00998645168764533,discard,0.566776
5610,5610,0.9433333333333334,0.00998645168764533,request_rescan,0.566874
5611,5611,0.9433333333333334,0.00998645168764533,discard,0.566971
5612,5612,0.9433333333333334,0.00998645168764533,discard,0.567067
5613,5613,0.9433333333333334,0.00998645168764533,discard,0.567163
5614,5614,0.9433333333333334,0.00998645168764533,discard,0.567264
5615,5615,0.9433333333333334,0.00998645168764533,request_rescan,0.567361
5616,5616,0.9433333333333334,0.00998645168764533,request_rescan,0.567457
5617,5617,0.9433333333333334,0.00998645168764533,discard,0.567553
5618,5618,0.9433333333333334,0.00998645168764533,discard,0.567651
5619,5619,0.9433333333333334,0.00998645168764533,discard,0.567747
5620,5620,0.76,0.00998645168764533,log_and_continue,0.567843
5621,5621,0.76,0.00998645168764533,log_and_continue,0.567939
5622,5622,0.9433333333333334,0.00998645168764533,discard,0.568037
5623,5623,0.9433333333333334,0.00998645168764533,discard,0.568133
5624,5624,0.9433333333333334,0.00998645168764533,request_rescan,0.568231
5625,5625,0.76,0.00998645168764533,log_and_continue,0.568329
5626,5626,0.9433333333333334,0.00998645168764533,request_rescan,0.568425
5627,5627,0.9433333333333334,0.00998645168764533,request_rescan,0.568526
5628,5628,0.9433333333333334,0.00998645168764533,discard,0.568629
5629,5629,0.9433333333333334,0.00998645168764533,request_rescan,0.568727
5630,5630,0.9433333333333334,0.00998645168764533,request_rescan,0.568822
5631,5631,0.9433333333333334,0.00998645168764533,request_rescan,0.568919
5632,5632,0.9433333333333334,0.00998645168764533,discard,0.569014
5633,5633,0.9433333333333334,0.00998645168764533,discard,0.56911
5634,5634,0.9433333333333334,0.00998645168764533,request_rescan,0.569204
5635,5635,0.76,0.00998645168764533,log_and_continue,0.569305
5636,5636,0.9433333333333334,0.00998645168764533,request_rescan,0.569403
5637,5637,0.9433333333333334,0.00998645168764533,discard,0.5695
5638,5638,0.9433333333333334,0.00998645168764533,discard,0.569596
5639,5639,0.9433333333333334,0.00998645168764533,discard,0.56969
5640,5640,0.76,0.00998645168764533,log_and_continue,0.569785
5641,5641,0.9433333333333334,0.00998645168764533,discard,0.569884
5642,5642,0.9433333333333334,0.00998645168764533,discard,0.569986
5643,5643,0.76,0.00998645168764533,log_and_continue,0.570087
5644,5644,0.9433333333333334,0.00998645168764533,request_rescan,0.570185
5645,5645,0.9433333333333334,0.00998645168764533,discard,0.570285
5646,5646,0.9433333333333334,0.00998645168764533,discard,0.570384
5647,5647,0.76,0.00998645168764533,log_and_continue,0.570481
5648,5648,0.9433333333333334,0.00998645168764533,discard,0.570577
5649,5649,0.9433333333333334,0.00998645168764533,request_rescan,0.570672
5650,5650,0.9433333333333334,0.00998645168764533,request_rescan,0.570769
5651,5651,0.9433333333333334,0.00998645168764533,discard,0.57088
5652,5652,0.9433333333333334,0.00998645168764533,discard,0.571008
5653,5653,0.76,0.00998645168764533,log_and_continue,0.571117
5654,5654,0.9433333333333334,0.00998645168764533,request_rescan,0.571216
5655,5655,0.9433333333333334,0.00998645168764533,discard,0.571321
5656,5656,0.76,0.00998645168764533,log_and_continue,0.571419
5657,5657,0.9433333333333334,0.00998645168764533,request_rescan,0.571521
5658,5658,0.9433333333333334,0.00998645168764533,discard,0.571622
5659,5659,0.76,0.00998645168764533,log_and_continue,0.571722
5660,5660,0.9433333333333334,0.00998645168764533,request_rescan,0.57182
5661,5661,0.9433333333333334,0.00998645168764533,discard,0.57192
5662,5662,0.9433333333333334,0.00998645168764533,discard,0.572018
5663,5663,0.76,0.00998645168764533,log_and_continue,0.572118
5664,5664,0.9433333333333334,0.00998645168764533,request_rescan,0.572239
5665,5665,0.9433333333333334,0.00998645168764533,discard,0.572343
5666,5666,0.9433333333333334,0.00998645168764533,request_rescan,0.572442
5667,5667,0.9433333333333334,0.00998645168764533,discard,0.572542
5668,5668,0.9433333333333334,0.00998645168764533,request_rescan,0.572639
5669,5669,0.9433333333333334,0.00998645168764533,request_rescan,0.572734
5670,5670,0.9433333333333334,0.00998645168764533,discard,0.572836
5671,5671,0.9433333333333334,0.00998645168764533,request_rescan,0.572936
5672,5672,0.9433333333333334,0.00998645168764533,discard,0.573036
5673,5673,0.76,0.00998645168764533,log_and_continue,0.573134
5674,5674,0.9433333333333334,0.00998645168764533,discard,0.573231
5675,5675,0.9433333333333334,0.00998645168764533,discard,0.573329
5676,5676,0.76,0.00998645168764533,log_and_continue,0.573425
5677,5677,0.76,0.00998645168764533,log_and_continue,0.57352
5678,5678,0.9433333333333334,0.00998645168764533,discard,0.573614
5679,5679,0.9433333333333334,0.00998645168764533,discard,0.573707
5680,5680,0.9433333333333334,0.00998645168764533,discard,0.573821
5681,5681,0.9433333333333334,0.00998645168764533,discard,0.573936
5682,5682,0.9433333333333334,0.00998645168764533,discard,0.574033
5683,5683,0.9433333333333334,0.00998645168764533,discard,0.574131
5684,5684,0.9433333333333334,0.00998645168764533,discard,0.574225
5685,5685,0.9433333333333334,0.00998645168764533,request_rescan,0.574326
5686,5686,0.76,0.00998645168764533,log_and_continue,0.57442
5687,5687,0.9433333333333334,0.00998645168764533,discard,0.574514
5688,5688,0.9433333333333334,0.00998645168764533,request_rescan,0.574609
5689,5689,0.9433333333333334,0.00998645168764533,request_rescan,0.574706
5690,5690,0.9433333333333334,0.00998645168764533,request_rescan,0.574799
5691,5691,0.76,0.00998645168764533,log_and_continue,0.574898
5692,5692,0.76,0.00998645168764533,log_and_continue,0.574994
5693,5693,0.9433333333333334,0.00998645168764533,discard,0.575089
5694,5694,0.9433333333333334,0.00998645168764533,request_rescan,0.575182
5695,5695,0.9433333333333334,0.00998645168764533,discard,0.57528
5696,5696,0.9433333333333334,0.00998645168764533,discard,0.575372
5697,5697,0.76,0.00998645168764533,log_and_continue,0.575467
5698,5698,0.9433333333333334,0.00998645168764533,discard,0.575565
5699,5699,0.9433333333333334,0.00998645168764533,request_rescan,0.575661
5700,5700,0.76,0.00998645168764533,log_and_continue,0.575755
5701,5701,0.76,0.00998645168764533,log_and_continue,0.575938
5702,5702,0.9433333333333334,0.00998645168764533,request_rescan,0.576053
5703,5703,0.9433333333333334,0.00998645168764533,discard,0.576157
5704,5704,0.9433333333333334,0.00998645168764533,discard,0.576261
5705,5705,0.9433333333333334,0.00998645168764533,discard,0.576358
5706,5706,0.76,0.00998645168764533,log_and_continue,0.576455
5707,5707,0.9433333333333334,0.00998645168764533,discard,0.576555
5708,5708,0.76,0.00998645168764533,log_and_continue,0.576657
5709,5709,0.76,0.00998645168764533,log_and_continue,0.576755
5710,5710,0.76,0.00998645168764533,log_and_continue,0.576849
5711,5711,0.9433333333333334,0.00998645168764533,discard,0.576947
5712,5712,0.9433333333333334,0.00998645168764533,discard,0.577045
5713,5713,0.9433333333333334,0.00998645168764533,request_rescan,0.577144
5714,5714,0.9433333333333334,0.00998645168764533,discard,0.577244
5715,5715,0.9433333333333334,0.00998645168764533,request_rescan,0.57735
5716,5716,0.9433333333333334,0.00998645168764533,discard,0.577453
5717,5717,0.9433333333333334,0.00998645168764533,request_rescan,0.577551
5718,5718,0.9433333333333334,0.00998645168764533,discard,0.577645
5719,5719,0.76,0.00998645168764533,log_and_continue,0.577753
5720,5720,0.9433333333333334,0.00998645168764533,request_rescan,0.577854
5721,5721,0.9433333333333334,0.00998645168764533,request_rescan,0.57795
5722,5722,0.9433333333333334,0.00998645168764533,request_rescan,0.578046
5723,5723,0.9433333333333334,0.00998645168764533,discard,0.578148
5724,5724,0.9433333333333334,0.00998645168764533,request_rescan,0.57825
5725,5725,0.9433333333333334,0.00998645168764533,discard,0.578347
5726,5726,0.76,0.00998645168764533,log_and_continue,0.578446
5727,5727,0.9433333333333334,0.00998645168764533,discard,0.578541
5728,5728,0.9433333333333334,0.00998645168764533,request_rescan,0.578637
5729,5729,0.9433333333333334,0.00998645168764533,discard,0.578735
5730,5730,0.76,0.00998645168764533,log_and_continue,0.578835
5731,5731,0.9433333333333334,0.00998645168764533,discard,0.578936
5732,5732,0.76,0.00998645168764533,log_and_continue,0.579034
5733,5733,0.9433333333333334,0.00998645168764533,discard,0.579129
5734,5734,0.76,0.00998645168764533,log_and_continue,0.579224
5735,5735,0.9433333333333334,0.00998645168764533,discard,0.579336
5736,5736,0.76,0.00998645168764533,log_and_continue,0.57946
5737,5737,0.9433333333333334,0.00998645168764533,discard,0.579567
5738,5738,0.9433333333333334,0.00998645168764533,discard,0.579663
5739,5739,0.9433333333333334,0.00998645168764533,request_rescan,0.57976
5740,5740,0.9433333333333334,0.00998645168764533,discard,0.579856
5741,5741,0.9433333333333334,0.00998645168764533,discard,0.57995
5742,5742,0.9433333333333334,0.00998645168764533,request_rescan,0.580047
5743,5743,0.9433333333333334,0.00998645168764533,discard,0.580163
5744,5744,0.76,0.00998645168764533,log_and_continue,0.580265
5745,5745,0.9433333333333334,0.00998645168764533,request_rescan,0.580362
5746,5746,0.9433333333333334,0.00998645168764533,request_rescan,0.580456
5747,5747,0.9433333333333334,0.00998645168764533,discard,0.580566
5748,5748,0.76,0.00998645168764533,log_and_continue,0.580667
5749,5749,0.76,0.00998645168764533,log_and_continue,0.580775
5750,5750,0.9433333333333334,0.00998645168764533,discard,0.580873
5751,5751,0.9433333333333334,0.00998645168764533,discard,0.580975
5752,5752,0.76,0.00998645168764533,log_and_continue,0.581073
5753,5753,0.9433333333333334,0.00998645168764533,request_rescan,0.581174
5754,5754,0.76,0.00998645168764533,log_and_continue,0.581274
5755,5755,0.9433333333333334,0.00998645168764533,request_rescan,0.581378
5756,5756,0.9433333333333334,0.00998645168764533,request_rescan,0.581477
5757,5757,0.9433333333333334,0.00998645168764533,request_rescan,0.581581
5758,5758,0.76,0.00998645168764533,log_and_continue,0.581683
5759,5759,0.9433333333333334,0.00998645168764533,discard,0.581788
5760,5760,0.9433333333333334,0.00998645168764533,discard,0.581885
5761,5761,0.9433333333333334,0.00998645168764533,discard,0.581984
5762,5762,0.9433333333333334,0.00998645168764533,discard,0.582082
5763,5763,0.9433333333333334,0.00998645168764533,discard,0.582183
5764,5764,0.9433333333333334,0.00998645168764533,discard,0.582285
5765,5765,0.76,0.00998645168764533,log_and_continue,0.582386
5766,5766,0.76,0.00998645168764533,log_and_continue,0.582484
5767,5767,0.9433333333333334,0.00998645168764533,request_rescan,0.582587
5768,5768,0.76,0.00998645168764533,log_and_continue,0.582685
5769,5769,0.9433333333333334,0.00998645168764533,discard,0.582782
5770,5770,0.76,0.00998645168764533,log_and_continue,0.582876
5771,5771,0.76,0.00998645168764533,log_and_continue,0.582971
5772,5772,0.9433333333333334,0.00998645168764533,request_rescan,0.583072
5773,5773,0.9433333333333334,0.00998645168764533,request_rescan,0.583168
5774,5774,0.9433333333333334,0.00998645168764533,request_rescan,0.583265
5775,5775,0.9433333333333334,0.00998645168764533,discard,0.583361
5776,5776,0.9433333333333334,0.00998645168764533,discard,0.583462
5777,5777,0.9433333333333334,0.00998645168764533,request_rescan,0.583559
5778,5778,0.76,0.00998645168764533,log_and_continue,0.583654
5779,5779,0.9433333333333334,0.00998645168764533,discard,0.583748
5780,5780,0.76,0.00998645168764533,log_and_continue,0.583845
5781,5781,0.9433333333333334,0.00998645168764533,request_rescan,0.583943
5782,5782,0.9433333333333334,0.00998645168764533,request_rescan,0.584039
5783,5783,0.9433333333333334,0.00998645168764533,discard,0.584134
5784,5784,0.9433333333333334,0.00998645168764533,discard,0.584232
5785,5785,0.9433333333333334,0.00998645168764533,discard,0.584333
5786,5786,0.9433333333333334,0.00998645168764533,discard,0.584432
5787,5787,0.76,0.00998645168764533,log_and_continue,0.584531
5788,5788,0.76,0.00998645168764533,log_and_continue,0.584629
5789,5789,0.76,0.00998645168764533,log_and_continue,0.584726
5790,5790,0.9433333333333334,0.00998645168764533,discard,0.584826
5791,5791,0.9433333333333334,0.00998645168764533,discard,0.584923
5792,5792,0.9433333333333334,0.00998645168764533,request_rescan,0.585024
5793,5793,0.76,0.00998645168764533,log_and_continue,0.585122
5794,5794,0.9433333333333334,0.00998645168764533,discard,0.585221
5795,5795,0.9433333333333334,0.00998645168764533,discard,0.585319
5796,5796,0.9433333333333334,0.00998645168764533,discard,0.585413
5797,5797,0.9433333333333334,0.00998645168764533,discard,0.585512
5798,5798,0.9433333333333334,0.00998645168764533,discard,0.585623
5799,5799,0.9433333333333334,0.00998645168764533,discard,0.585735
5800,5800,0.76,0.00998645168764533,log_and_continue,0.585833
5801,5801,0.76,0.00998645168764533,log_and_continue,0.585966
5802,5802,0.9433333333333334,0.00998645168764533,discard,0.586063
5803,5803,0.9433333333333334,0.00998645168764533,discard,0.586161
5804,5804,0.9433333333333334,0.00998645168764533,request_rescan,0.586261
5805,5805,0.76,0.00998645168764533,log_and_continue,0.586363
5806,5806,0.9433333333333334,0.00998645168764533,request_rescan,0.586463
5807,5807,0.9433333333333334,0.00998645168764533,discard,0.58656
5808,5808,0.9433333333333334,0.00998645168764533,discard,0.586657
5809,5809,0.9433333333333334,0.00998645168764533,discard,0.586754
5810,5810,0.9433333333333334,0.00998645168764533,discard,0.58685
5811,5811,0.9433333333333334,0.00998645168764533,discard,0.586946
5812,5812,0.9433333333333334,0.00998645168764533,discard,0.587039
5813,5813,0.9433333333333334,0.00998645168764533,discard,0.587134
5814,5814,0.9433333333333334,0.00998645168764533,discard,0.587234
5815,5815,0.9433333333333334,0.00998645168764533,discard,0.587337
5816,5816,0.76,0.00998645168764533,log_and_continue,0.587439
5817,5817,0.9433333333333334,0.00998645168764533,request_rescan,0.58754
5818,5818,0.76,0.00998645168764533,log_and_continue,0.587638
5819,5819,0.9433333333333334,0.00998645168764533,request_rescan,0.587734
5820,5820,0.9433333333333334,0.00998645168764533,discard,0.587837
5821,5821,0.76,0.00998645168764533,log_and_continue,0.58794
5822,5822,0.76,0.00998645168764533,log_and_continue,0.588038
5823,5823,0.9433333333333334,0.00998645168764533,discard,0.588135
5824,5824,0.9433333333333334,0.00998645168764533,discard,0.588231
5825,5825,0.9433333333333334,0.00998645168764533,request_rescan,0.588334
5826,5826,0.9433333333333334,0.00998645168764533,discard,0.588439
5827,5827,0.76,0.00998645168764533,log_and_continue,0.588563
5828,5828,0.9433333333333334,0.00998645168764533,discard,0.588671
5829,5829,0.9433333333333334,0.00998645168764533,discard,0.588773
5830,5830,0.76,0.00998645168764533,log_and_continue,0.588872
5831,5831,0.9433333333333334,0.00998645168764533,discard,0.588969
5832,5832,0.9433333333333334,0.00998645168764533,request_rescan,0.589069
5833,5833,0.76,0.00998645168764533,log_and_continue,0.589167
5834,5834,0.9433333333333334,0.00998645168764533,discard,0.589265
5835,5835,0.9433333333333334,0.00998645168764533,discard,0.589362
5836,5836,0.9433333333333334,0.00998645168764533,request_rescan,0.589462
5837,5837,0.76,0.00998645168764533,log_and_continue,0.589563
5838,5838,0.9433333333333334,0.00998645168764533,request_rescan,0.589657
5839,5839,0.9433333333333334,0.00998645168764533,discard,0.589757
5840,5840,0.9433333333333334,0.00998645168764533,discard,0.589855
5841,5841,0.9433333333333334,0.00998645168764533,discard,0.589952
5842,5842,0.9433333333333334,0.00998645168764533,discard,0.590047
5843,5843,0.76,0.00998645168764533,log_and_continue,0.590152
5844,5844,0.9433333333333334,0.00998645168764533,discard,0.590255
5845,5845,0.76,0.00998645168764533,log_and_continue,0.590356
5846,5846,0.9433333333333334,0.00998645168764533,discard,0.590456
5847,5847,0.76,0.00998645168764533,log_and_continue,0.590551
5848,5848,0.76,0.00998645168764533,log_and_continue,0.590648
5849,5849,0.9433333333333334,0.00998645168764533,discard,0.590754
5850,5850,0.9433333333333334,0.00998645168764533,discard,0.590852
5851,5851,0.9433333333333334,0.00998645168764533,discard,0.590947
5852,5852,0.9433333333333334,0.00998645168764533,discard,0.591043
5853,5853,0.76,0.00998645168764533,log_and_continue,0.591144
5854,5854,0.9433333333333334,0.00998645168764533,discard,0.591239
5855,5855,0.9433333333333334,0.00998645168764533,discard,0.591341
5856,5856,0.9433333333333334,0.00998645168764533,request_rescan,0.591442
5857,5857,0.9433333333333334,0.00998645168764533,discard,0.591544
5858,5858,0.9433333333333334,0.00998645168764533,request_rescan,0.591641
5859,5859,0.9433333333333334,0.00998645168764533,discard,0.591735
5860,5860,0.9433333333333334,0.00998645168764533,discard,0.591829
5861,5861,0.9433333333333334,0.00998645168764533,request_rescan,0.591926
5862,5862,0.9433333333333334,0.00998645168764533,discard,0.592027
5863,5863,0.9433333333333334,0.00998645168764533,discard,0.592123
5864,5864,0.76,0.00998645168764533,log_and_continue,0.592221
5865,5865,0.9433333333333334,0.00998645168764533,request_rescan,0.592322
5866,5866,0.9433333333333334,0.00998645168764533,request_rescan,0.592418
5867,5867,0.9433333333333334,0.00998645168764533,discard,0.592516
5868,5868,0.9433333333333334,0.00998645168764533,discard,0.592668
5869,5869,0.9433333333333334,0.00998645168764533,discard,0.592781
5870,5870,0.76,0.00998645168764533,log_and_continue,0.592878
5871,5871,0.9433333333333334,0.00998645168764533,request_rescan,0.592973
5872,5872,0.76,0.00998645168764533,log_and_continue,0.593074
5873,5873,0.9433333333333334,0.00998645168764533,discard,0.593173
5874,5874,0.9433333333333334,0.00998645168764533,request_rescan,0.593272
5875,5875,0.9433333333333334,0.00998645168764533,request_rescan,0.593375
5876,5876,0.9433333333333334,0.00998645168764533,discard,0.593477
5877,5877,0.9433333333333334,0.00998645168764533,discard,0.593574
5878,5878,0.9433333333333334,0.00998645168764533,discard,0.593668
5879,5879,0.9433333333333334,0.00998645168764533,discard,0.593761
5880,5880,0.76,0.00998645168764533,log_and_continue,0.59386
5881,5881,0.9433333333333334,0.00998645168764533,discard,0.593964
5882,5882,0.9433333333333334,0.00998645168764533,request_rescan,0.594065
5883,5883,0.76,0.00998645168764533,log_and_continue,0.594165
5884,5884,0.9433333333333334,0.00998645168764533,discard,0.594266
5885,5885,0.9433333333333334,0.00998645168764533,request_rescan,0.594365
5886,5886,0.9433333333333334,0.00998645168764533,request_rescan,0.594463
5887,5887,0.9433333333333334,0.00998645168764533,discard,0.594564
5888,5888,0.9433333333333334,0.00998645168764533,discard,0.594658
5889,5889,0.9433333333333334,0.00998645168764533,discard,0.594757
5890,5890,0.9433333333333334,0.00998645168764533,discard,0.594862
5891,5891,0.9433333333333334,0.00998645168764533,request_rescan,0.594959
5892,5892,0.9433333333333334,0.00998645168764533,discard,0.595055
5893,5893,0.9433333333333334,0.00998645168764533,request_rescan,0.595149
5894,5894,0.9433333333333334,0.00998645168764533,discard,0.595249
5895,5895,0.76,0.00998645168764533,log_and_continue,0.595345
5896,5896,0.9433333333333334,0.00998645168764533,discard,0.595442
5897,5897,0.9433333333333334,0.00998645168764533,discard,0.595537
5898,5898,0.9433333333333334,0.00998645168764533,discard,0.595632
5899,5899,0.9433333333333334,0.00998645168764533,discard,0.595728
5900,5900,0.9433333333333334,0.00998645168764533,discard,0.595825
5901,5901,0.9433333333333334,0.00998645168764533,request_rescan,0.595957
5902,5902,0.9433333333333334,0.00998645168764533,discard,0.596057
5903,5903,0.76,0.00998645168764533,log_and_continue,0.596155
5904,5904,0.9433333333333334,0.00998645168764533,discard,0.596255
5905,5905,0.76,0.00998645168764533,log_and_continue,0.596351
5906,5906,0.9433333333333334,0.00998645168764533,discard,0.596449
5907,5907,0.9433333333333334,0.00998645168764533,request_rescan,0.596548
5908,5908,0.9433333333333334,0.00998645168764533,discard,0.59665
5909,5909,0.76,0.00998645168764533,log_and_continue,0.596771
5910,5910,0.9433333333333334,0.00998645168764533,discard,0.596866
5911,5911,0.9433333333333334,0.00998645168764533,discard,0.596967
5912,5912,0.9433333333333334,0.00998645168764533,request_rescan,0.597062
5913,5913,0.76,0.00998645168764533,log_and_continue,0.597156
5914,5914,0.76,0.00998645168764533,log_and_continue,0.597273
5915,5915,0.9433333333333334,0.00998645168764533,discard,0.597379
5916,5916,0.76,0.00998645168764533,log_and_continue,0.59748
5917,5917,0.9433333333333334,0.00998645168764533,discard,0.597576
5918,5918,0.9433333333333334,0.00998645168764533,discard,0.597675
5919,5919,0.9433333333333334,0.00998645168764533,request_rescan,0.597771
5920,5920,0.9433333333333334,0.00998645168764533,request_rescan,0.59788
5921,5921,0.9433333333333334,0.00998645168764533,discard,0.597978
5922,5922,0.76,0.00998645168764533,log_and_continue,0.598072
5923,5923,0.9433333333333334,0.00998645168764533,request_rescan,0.598166
5924,5924,0.9433333333333334,0.00998645168764533,discard,0.598271
5925,5925,0.9433333333333334,0.00998645168764533,discard,0.59837
5926,5926,0.9433333333333334,0.00998645168764533,discard,0.59847
5927,5927,0.9433333333333334,0.00998645168764533,discard,0.598564
5928,5928,0.9433333333333334,0.00998645168764533,request_rescan,0.598663
5929,5929,0.9433333333333334,0.00998645168764533,request_rescan,0.598758
5930,5930,0.76,0.00998645168764533,log_and_continue,0.598855
5931,5931,0.9433333333333334,0.00998645168764533,discard,0.598952
5932,5932,0.9433333333333334,0.00998645168764533,discard,0.599049
5933,5933,0.9433333333333334,0.00998645168764533,discard,0.599147
5934,5934,0.9433333333333334,0.00998645168764533,discard,0.599246
5935,5935,0.9433333333333334,0.00998645168764533,discard,0.599345
5936,5936,0.9433333333333334,0.00998645168764533,discard,0.599441
5937,5937,0.9433333333333334,0.00998645168764533,request_rescan,0.599538
5938,5938,0.76,0.00998645168764533,log_and_continue,0.599634
5939,5939,0.76,0.00998645168764533,log_and_continue,0.599729
5940,5940,0.9433333333333334,0.00998645168764533,request_rescan,0.599829
5941,5941,0.9433333333333334,0.00998645168764533,discard,0.599927
5942,5942,0.9433333333333334,0.00998645168764533,discard,0.600024
5943,5943,0.9433333333333334,0.00998645168764533,discard,0.600119
5944,5944,0.9433333333333334,0.00998645168764533,request_rescan,0.600213
5945,5945,0.9433333333333334,0.00998645168764533,request_rescan,0.600311
5946,5946,0.76,0.00998645168764533,log_and_continue,0.600407
5947,5947,0.9433333333333334,0.00998645168764533,request_rescan,0.6005
5948,5948,0.9433333333333334,0.00998645168764533,request_rescan,0.600595
5949,5949,0.76,0.00998645168764533,log_and_continue,0.600695
5950,5950,0.9433333333333334,0.00998645168764533,discard,0.600791
5951,5951,0.76,0.00998645168764533,log_and_continue,0.600888
5952,5952,0.9433333333333334,0.00998645168764533,request_rescan,0.600983
5953,5953,0.76,0.00998645168764533,log_and_continue,0.60108
5954,5954,0.76,0.00998645168764533,log_and_continue,0.601176
5955,5955,0.9433333333333334,0.00998645168764533,request_rescan,0.601275
5956,5956,0.9433333333333334,0.00998645168764533,request_rescan,0.601373
5957,5957,0.76,0.00998645168764533,log_and_continue,0.601471
5958,5958,0.9433333333333334,0.00998645168764533,discard,0.601566
5959,5959,0.76,0.00998645168764533,log_and_continue,0.601662
5960,5960,0.9433333333333334,0.00998645168764533,discard,0.601758
5961,5961,0.6633333333333333,0.00998645168764533,log_and_continue,0.601862
5962,5962,0.9433333333333334,0.00998645168764533,discard,0.601962
5963,5963,0.9433333333333334,0.00998645168764533,request_rescan,0.602059
5964,5964,0.9433333333333334,0.00998645168764533,discard,0.602156
5965,5965,0.76,0.00998645168764533,log_and_continue,0.602256
5966,5966,0.9433333333333334,0.00998645168764533,discard,0.602351
5967,5967,0.76,0.00998645168764533,log_and_continue,0.602452
5968,5968,0.76,0.00998645168764533,log_and_continue,0.602556
5969,5969,0.76,0.00998645168764533,log_and_continue,0.602656
5970,5970,0.9433333333333334,0.00998645168764533,request_rescan,0.602756
5971,5971,0.9433333333333334,0.00998645168764533,discard,0.602859
5972,5972,0.9433333333333334,0.00998645168764533,request_rescan,0.60296
5973,5973,0.76,0.00998645168764533,log_and_continue,0.603059
5974,5974,0.9433333333333334,0.00998645168764533,discard,0.603157
5975,5975,0.9433333333333334,0.00998645168764533,discard,0.60326
5976,5976,0.76,0.00998645168764533,log_and_continue,0.603364
5977,5977,0.9433333333333334,0.00998645168764533,request_rescan,0.603464
5978,5978,0.76,0.00998645168764533,log_and_continue,0.603582
5979,5979,0.9433333333333334,0.00998645168764533,discard,0.603678
5980,5980,0.9433333333333334,0.00998645168764533,discard,0.603776
5981,5981,0.9433333333333334,0.00998645168764533,discard,0.60387
5982,5982,0.9433333333333334,0.00998645168764533,discard,0.603972
5983,5983,0.76,0.00998645168764533,log_and_continue,0.604074
5984,5984,0.9433333333333334,0.00998645168764533,request_rescan,0.604173
5985,5985,0.9433333333333334,0.00998645168764533,discard,0.604273
5986,5986,0.9433333333333334,0.00998645168764533,discard,0.604369
5987,5987,0.9433333333333334,0.00998645168764533,discard,0.604469
5988,5988,0.9433333333333334,0.00998645168764533,discard,0.604566
5989,5989,0.76,0.00998645168764533,log_and_continue,0.604667
5990,5990,0.9433333333333334,0.00998645168764533,discard,0.604764
5991,5991,0.9433333333333334,0.00998645168764533,discard,0.604859
5992,5992,0.9433333333333334,0.00998645168764533,request_rescan,0.604958
5993,5993,0.76,0.00998645168764533,log_and_continue,0.605057
5994,5994,0.9433333333333334,0.00998645168764533,discard,0.605159
5995,5995,0.76,0.00998645168764533,log_and_continue,0.605263
5996,5996,0.9433333333333334,0.00998645168764533,discard,0.605367
5997,5997,0.9433333333333334,0.00998645168764533,discard,0.605465
5998,5998,0.9433333333333334,0.00998645168764533,discard,0.60556
5999,5999,0.9433333333333334,0.00998645168764533,discard,0.605655
6000,6000,0.9433333333333334,0.00998645168764533,discard,0.60575
6001,6001,0.76,0.00998645168764533,log_and_continue,0.605916
6002,6002,0.9433333333333334,0.00998645168764533,request_rescan,0.606022
6003,6003,0.9433333333333334,0.00998645168764533,discard,0.606126
6004,6004,0.76,0.00998645168764533,log_and_continue,0.606224
6005,6005,0.9433333333333334,0.00998645168764533,request_rescan,0.606343
6006,6006,0.9433333333333334,0.00998645168764533,discard,0.606462
6007,6007,0.9433333333333334,0.00998645168764533,discard,0.606561
6008,6008,0.9433333333333334,0.00998645168764533,discard,0.606659
6009,6009,0.76,0.00998645168764533,log_and_continue,0.606757
6010,6010,0.9433333333333334,0.00998645168764533,discard,0.606853
6011,6011,0.76,0.00998645168764533,log_and_continue,0.606953
6012,6012,0.76,0.00998645168764533,log_and_continue,0.607051
6013,6013,0.76,0.00998645168764533,log_and_continue,0.607149
6014,6014,0.9433333333333334,0.00998645168764533,discard,0.607247
6015,6015,0.9433333333333334,0.00998645168764533,discard,0.607341
6016,6016,0.9433333333333334,0.00998645168764533,request_rescan,0.607436
6017,6017,0.9433333333333334,0.00998645168764533,discard,0.607528
6018,6018,0.9433333333333334,0.00998645168764533,request_rescan,0.607621
6019,6019,0.9433333333333334,0.00998645168764533,discard,0.607722
6020,6020,0.9433333333333334,0.00998645168764533,discard,0.60782
6021,6021,0.9433333333333334,0.00998645168764533,request_rescan,0.607918
6022,6022,0.9433333333333334,0.00998645168764533,discard,0.608011
6023,6023,0.9433333333333334,0.00998645168764533,discard,0.608108
6024,6024,0.9433333333333334,0.00998645168764533,discard,0.6082
6025,6025,0.9433333333333334,0.00998645168764533,discard,0.608298
6026,6026,0.9433333333333334,0.00998645168764533,request_rescan,0.608395
6027,6027,0.9433333333333334,0.00998645168764533,request_rescan,0.608495
6028,6028,0.76,0.00998645168764533,log_and_continue,0.608593
6029,6029,0.76,0.00998645168764533,log_and_continue,0.608688
6030,6030,0.9433333333333334,0.00998645168764533,discard,0.608782
6031,6031,0.9433333333333334,0.00998645168764533,discard,0.60888
6032,6032,0.9433333333333334,0.00998645168764533,request_rescan,0.608978
6033,6033,0.9433333333333334,0.00998645168764533,discard,0.609077
6034,6034,0.9433333333333334,0.00998645168764533,discard,0.609171
6035,6035,0.9433333333333334,0.00998645168764533,request_rescan,0.609309
6036,6036,0.76,0.00998645168764533,log_and_continue,0.609406
6037,6037,0.9433333333333334,0.00998645168764533,request_rescan,0.609504
6038,6038,0.9433333333333334,0.00998645168764533,discard,0.6096
6039,6039,0.9433333333333334,0.00998645168764533,discard,0.609697
6040,6040,0.9433333333333334,0.00998645168764533,discard,0.609792
6041,6041,0.9433333333333334,0.00998645168764533,discard,0.609885
6042,6042,0.9433333333333334,0.00998645168764533,discard,0.60998
6043,6043,0.9433333333333334,0.00998645168764533,request_rescan,0.610082
6044,6044,0.9433333333333334,0.00998645168764533,request_rescan,0.610181
6045,6045,0.9433333333333334,0.00998645168764533,discard,0.610279
6046,6046,0.9433333333333334,0.00998645168764533,request_rescan,0.610374
6047,6047,0.9433333333333334,0.00998645168764533,discard,0.610469
6048,6048,0.9433333333333334,0.00998645168764533,discard,0.610562
6049,6049,0.9433333333333334,0.00998645168764533,request_rescan,0.610656
6050,6050,0.9433333333333334,0.00998645168764533,discard,0.610755
6051,6051,0.76,0.00998645168764533,log_and_continue,0.610855
6052,6052,0.9433333333333334,0.00998645168764533,discard,0.610952
6053,6053,0.9433333333333334,0.00998645168764533,discard,0.611046
6054,6054,0.9433333333333334,0.00998645168764533,discard,0.611143
6055,6055,0.76,0.00998645168764533,log_and_continue,0.611238
6056,6056,0.9433333333333334,0.00998645168764533,discard,0.61135
6057,6057,0.9433333333333334,0.00998645168764533,discard,0.611479
6058,6058,0.9433333333333334,0.00998645168764533,request_rescan,0.611602
6059,6059,0.9433333333333334,0.00998645168764533,request_rescan,0.611698
6060,6060,0.9433333333333334,0.00998645168764533,discard,0.611795
6061,6061,0.9433333333333334,0.00998645168764533,discard,0.61189
6062,6062,0.9433333333333334,0.00998645168764533,discard,0.611986
6063,6063,0.9433333333333334,0.00998645168764533,discard,0.612082
6064,6064,0.9433333333333334,0.00998645168764533,discard,0.612176
6065,6065,0.9433333333333334,0.00998645168764533,request_rescan,0.612275
6066,6066,0.9433333333333334,0.00998645168764533,discard,0.612366
6067,6067,0.9433333333333334,0.00998645168764533,discard,0.612463
6068,6068,0.76,0.00998645168764533,log_and_continue,0.612557
6069,6069,0.76,0.00998645168764533,log_and_continue,0.612656
6070,6070,0.9433333333333334,0.00998645168764533,request_rescan,0.612757
6071,6071,0.9433333333333334,0.00998645168764533,discard,0.612856
6072,6072,0.76,0.00998645168764533,log_and_continue,0.612951
6073,6073,0.9433333333333334,0.00998645168764533,request_rescan,0.613048
6074,6074,0.9433333333333334,0.00998645168764533,request_rescan,0.613143
6075,6075,0.76,0.00998645168764533,log_and_continue,0.613243
6076,6076,0.76,0.00998645168764533,log_and_continue,0.613342
6077,6077,0.9433333333333334,0.00998645168764533,discard,0.613458
6078,6078,0.9433333333333334,0.00998645168764533,request_rescan,0.613555
6079,6079,0.9433333333333334,0.00998645168764533,request_rescan,0.61365
6080,6080,0.9433333333333334,0.00998645168764533,discard,0.613747
6081,6081,0.76,0.00998645168764533,log_and_continue,0.61384
6082,6082,0.9433333333333334,0.00998645168764533,request_rescan,0.613948
6083,6083,0.9433333333333334,0.00998645168764533,request_rescan,0.614045
6084,6084,0.9433333333333334,0.00998645168764533,request_rescan,0.614155
6085,6085,0.9433333333333334,0.00998645168764533,request_rescan,0.61427
6086,6086,0.9433333333333334,0.00998645168764533,discard,0.614397
6087,6087,0.76,0.00998645168764533,log_and_continue,0.614509
6088,6088,0.9433333333333334,0.00998645168764533,discard,0.614606
6089,6089,0.9433333333333334,0.00998645168764533,request_rescan,0.614703
6090,6090,0.76,0.00998645168764533,request_rescan,0.614803
6091,6091,0.76,0.00998645168764533,log_and_continue,0.614899
6092,6092,0.76,0.00998645168764533,log_and_continue,0.614999
6093,6093,0.9433333333333334,0.00998645168764533,discard,0.615098
6094,6094,0.76,0.00998645168764533,log_and_continue,0.615198
6095,6095,0.9433333333333334,0.00998645168764533,discard,0.615301
6096,6096,0.9433333333333334,0.00998645168764533,discard,0.615398
6097,6097,0.9433333333333334,0.00998645168764533,request_rescan,0.615503
6098,6098,0.9433333333333334,0.00998645168764533,discard,0.6156
6099,6099,0.76,0.00998645168764533,log_and_continue,0.615699
6100,6100,0.9433333333333334,0.00998645168764533,request_rescan,0.615794
6101,6101,0.9433333333333334,0.00998645168764533,discard,0.615944
6102,6102,0.9433333333333334,0.00998645168764533,discard,0.616055
6103,6103,0.9433333333333334,0.00998645168764533,discard,0.616159
6104,6104,0.9433333333333334,0.00998645168764533,request_rescan,0.616264
6105,6105,0.9433333333333334,0.00998645168764533,discard,0.616363
6106,6106,0.9433333333333334,0.00998645168764533,discard,0.616464
6107,6107,0.76,0.00998645168764533,log_and_continue,0.616568
6108,6108,0.9433333333333334,0.00998645168764533,discard,0.616666
6109,6109,0.9433333333333334,0.00998645168764533,discard,0.616766
6110,6110,0.9433333333333334,0.00998645168764533,discard,0.616865
6111,6111,0.9433333333333334,0.00998645168764533,request_rescan,0.616968
6112,6112,0.9433333333333334,0.00998645168764533,request_rescan,0.617072
6113,6113,0.9433333333333334,0.00998645168764533,discard,0.617171
6114,6114,0.9433333333333334,0.00998645168764533,request_rescan,0.61727
6115,6115,0.9433333333333334,0.00998645168764533,request_rescan,0.617367
6116,6116,0.76,0.00998645168764533,log_and_continue,0.617464
6117,6117,0.76,0.00998645168764533,log_and_continue,0.617558
6118,6118,0.9433333333333334,0.00998645168764533,discard,0.617652
6119,6119,0.9433333333333334,0.00998645168764533,discard,0.617746
6120,6120,0.9433333333333334,0.00998645168764533,discard,0.617843
6121,6121,0.9433333333333334,0.00998645168764533,discard,0.617947
6122,6122,0.76,0.00998645168764533,log_and_continue,0.618044
6123,6123,0.9433333333333334,0.00998645168764533,request_rescan,0.61814
6124,6124,0.76,0.00998645168764533,log_and_continue,0.618234
6125,6125,0.9433333333333334,0.00998645168764533,discard,0.618331
6126,6126,0.9433333333333334,0.00998645168764533,discard,0.618425
6127,6127,0.9433333333333334,0.00998645168764533,discard,0.618526
6128,6128,0.9433333333333334,0.00998645168764533,discard,0.618628
6129,6129,0.9433333333333334,0.00998645168764533,discard,0.618722
6130,6130,0.9433333333333334,0.00998645168764533,request_rescan,0.618818
6131,6131,0.9433333333333334,0.00998645168764533,discard,0.61891
6132,6132,0.9433333333333334,0.00998645168764533,discard,0.619007
6133,6133,0.9433333333333334,0.00998645168764533,request_rescan,0.619104
6134,6134,0.9433333333333334,0.00998645168764533,discard,0.619196
6135,6135,0.9433333333333334,0.00998645168764533,discard,0.619293
6136,6136,0.76,0.00998645168764533,log_and_continue,0.61939
6137,6137,0.9433333333333334,0.00998645168764533,discard,0.61949
6138,6138,0.9433333333333334,0.00998645168764533,request_rescan,0.619589
6139,6139,0.76,0.00998645168764533,log_and_continue,0.619685
6140,6140,0.9433333333333334,0.00998645168764533,discard,0.61978
6141,6141,0.9433333333333334,0.00998645168764533,discard,0.619876
6142,6142,0.9433333333333334,0.00998645168764533,discard,0.619969
6143,6143,0.76,0.00998645168764533,log_and_continue,0.620065
6144,6144,0.9433333333333334,0.00998645168764533,request_rescan,0.620162
6145,6145,0.76,0.00998645168764533,log_and_continue,0.620265
6146,6146,0.9433333333333334,0.00998645168764533,discard,0.62036
6147,6147,0.76,0.00998645168764533,log_and_continue,0.620456
6148,6148,0.9433333333333334,0.00998645168764533,discard,0.620552
6149,6149,0.9433333333333334,0.00998645168764533,discard,0.620646
6150,6150,0.76,0.00998645168764533,log_and_continue,0.620741
6151,6151,0.76,0.00998645168764533,log_and_continue,0.620837
6152,6152,0.9433333333333334,0.00998645168764533,discard,0.620934
6153,6153,0.9433333333333334,0.00998645168764533,request_rescan,0.62103
6154,6154,0.9433333333333334,0.00998645168764533,discard,0.621138
6155,6155,0.9433333333333334,0.00998645168764533,request_rescan,0.621291
6156,6156,0.9433333333333334,0.00998645168764533,discard,0.62141
6157,6157,0.9433333333333334,0.00998645168764533,request_rescan,0.621518
6158,6158,0.9433333333333334,0.00998645168764533,request_rescan,0.621616
6159,6159,0.76,0.00998645168764533,log_and_continue,0.621718
6160,6160,0.9433333333333334,0.00998645168764533,discard,0.621816
6161,6161,0.76,0.00998645168764533,log_and_continue,0.621912
6162,6162,0.9433333333333334,0.00998645168764533,discard,0.622022
6163,6163,0.76,0.00998645168764533,log_and_continue,0.622126
6164,6164,0.9433333333333334,0.00998645168764533,discard,0.622228
6165,6165,0.76,0.00998645168764533,log_and_continue,0.62233
6166,6166,0.9433333333333334,0.00998645168764533,discard,0.622428
6167,6167,0.9433333333333334,0.00998645168764533,request_rescan,0.622526
6168,6168,0.76,0.00998645168764533,discard,0.62266
6169,6169,0.9433333333333334,0.00998645168764533,discard,0.622774
6170,6170,0.76,0.00998645168764533,log_and_continue,0.622878
6171,6171,0.76,0.00998645168764533,log_and_continue,0.622978
6172,6172,0.9433333333333334,0.00998645168764533,discard,0.623078
6173,6173,0.76,0.00998645168764533,log_and_continue,0.623174
6174,6174,0.9433333333333334,0.00998645168764533,discard,0.623275
6175,6175,0.9433333333333334,0.00998645168764533,discard,0.62338
6176,6176,0.76,0.00998645168764533,log_and_continue,0.62348
6177,6177,0.76,0.00998645168764533,log_and_continue,0.623579
6178,6178,0.9433333333333334,0.00998645168764533,discard,0.623677
6179,6179,0.9433333333333334,0.00998645168764533,discard,0.623773
6180,6180,0.9433333333333334,0.00998645168764533,discard,0.623867
6181,6181,0.9433333333333334,0.00998645168764533,discard,0.62396
6182,6182,0.9433333333333334,0.00998645168764533,request_rescan,0.624061
6183,6183,0.9433333333333334,0.00998645168764533,discard,0.624158
6184,6184,0.9433333333333334,0.00998645168764533,discard,0.624256
6185,6185,0.9433333333333334,0.00998645168764533,request_rescan,0.624352
6186,6186,0.9433333333333334,0.00998645168764533,discard,0.624446
6187,6187,0.76,0.00998645168764533,log_and_continue,0.624546
6188,6188,0.9433333333333334,0.00998645168764533,discard,0.624647
6189,6189,0.9433333333333334,0.00998645168764533,discard,0.624745
6190,6190,0.9433333333333334,0.00998645168764533,request_rescan,0.624841
6191,6191,0.9433333333333334,0.00998645168764533,request_rescan,0.624935
6192,6192,0.9433333333333334,0.00998645168764533,request_rescan,0.625029
6193,6193,0.9433333333333334,0.00998645168764533,discard,0.625122
6194,6194,0.9433333333333334,0.00998645168764533,request_rescan,0.625215
6195,6195,0.76,0.00998645168764533,log_and_continue,0.625313
6196,6196,0.9433333333333334,0.00998645168764533,discard,0.625412
6197,6197,0.9433333333333334,0.00998645168764533,discard,0.625515
6198,6198,0.76,0.00998645168764533,log_and_continue,0.625615
6199,6199,0.9433333333333334,0.00998645168764533,discard,0.625712
6200,6200,0.76,0.00998645168764533,log_and_continue,0.625808
6201,6201,0.9433333333333334,0.00998645168764533,discard,0.625972
6202,6202,0.9433333333333334,0.00998645168764533,discard,0.626077
6203,6203,0.9433333333333334,0.00998645168764533,discard,0.626175
6204,6204,0.9433333333333334,0.00998645168764533,discard,0.626271
6205,6205,0.9433333333333334,0.00998645168764533,request_rescan,0.626367
6206,6206,0.76,0.00998645168764533,log_and_continue,0.626465
6207,6207,0.9433333333333334,0.00998645168764533,request_rescan,0.626563
6208,6208,0.9433333333333334,0.00998645168764533,discard,0.626663
6209,6209,0.9433333333333334,0.00998645168764533,discard,0.62676
6210,6210,0.9433333333333334,0.00998645168764533,discard,0.626854
6211,6211,0.9433333333333334,0.00998645168764533,request_rescan,0.62695
6212,6212,0.9433333333333334,0.00998645168764533,discard,0.627048
6213,6213,0.9433333333333334,0.00998645168764533,discard,0.627149
6214,6214,0.9433333333333334,0.00998645168764533,discard,0.627251
6215,6215,0.9433333333333334,0.00998645168764533,request_rescan,0.627351
6216,6216,0.9433333333333334,0.00998645168764533,discard,0.627452
6217,6217,0.9433333333333334,0.00998645168764533,discard,0.627548
6218,6218,0.9433333333333334,0.00998645168764533,request_rescan,0.627641
6219,6219,0.76,0.00998645168764533,log_and_continue,0.627738
6220,6220,0.9433333333333334,0.00998645168764533,discard,0.627832
6221,6221,0.9433333333333334,0.00998645168764533,request_rescan,0.627928
6222,6222,0.9433333333333334,0.00998645168764533,discard,0.628024
6223,6223,0.9433333333333334,0.00998645168764533,request_rescan,0.628122
6224,6224,0.76,0.00998645168764533,log_and_continue,0.628218
6225,6225,0.76,0.00998645168764533,log_and_continue,0.628322
6226,6226,0.76,0.00998645168764533,log_and_continue,0.628423
6227,6227,0.76,0.00998645168764533,log_and_continue,0.628519
6228,6228,0.9433333333333334,0.00998645168764533,request_rescan,0.628616
6229,6229,0.9433333333333334,0.00998645168764533,request_rescan,0.628712
6230,6230,0.76,0.00998645168764533,log_and_continue,0.62881
6231,6231,0.9433333333333334,0.00998645168764533,discard,0.628912
6232,6232,0.9433333333333334,0.00998645168764533,discard,0.629013
6233,6233,0.9433333333333334,0.00998645168764533,request_rescan,0.62911
6234,6234,0.9433333333333334,0.00998645168764533,request_rescan,0.629203
6235,6235,0.9433333333333334,0.00998645168764533,request_rescan,0.629304
6236,6236,0.9433333333333334,0.00998645168764533,discard,0.629403
6237,6237,0.9433333333333334,0.00998645168764533,request_rescan,0.629497
6238,6238,0.9433333333333334,0.00998645168764533,discard,0.629593
6239,6239,0.9433333333333334,0.00998645168764533,discard,0.629692
6240,6240,0.9433333333333334,0.00998645168764533,discard,0.62979
6241,6241,0.9433333333333334,0.00998645168764533,discard,0.629889
6242,6242,0.9433333333333334,0.00998645168764533,request_rescan,0.629986
6243,6243,0.9433333333333334,0.00998645168764533,request_rescan,0.6301
6244,6244,0.9433333333333334,0.00998645168764533,discard,0.630199
6245,6245,0.76,0.00998645168764533,log_and_continue,0.630301
6246,6246,0.9433333333333334,0.00998645168764533,discard,0.630402
6247,6247,0.9433333333333334,0.00998645168764533,request_rescan,0.6305
6248,6248,0.9433333333333334,0.00998645168764533,discard,0.630614
6249,6249,0.9433333333333334,0.00998645168764533,request_rescan,0.630711
6250,6250,0.9433333333333334,0.00998645168764533,request_rescan,0.630821
6251,6251,0.9433333333333334,0.00998645168764533,discard,0.630934
6252,6252,0.76,0.00998645168764533,log_and_continue,0.63104
6253,6253,0.9433333333333334,0.00998645168764533,request_rescan,0.631136
6254,6254,0.76,0.00998645168764533,log_and_continue,0.631234
6255,6255,0.9433333333333334,0.00998645168764533,discard,0.631347
6256,6256,0.9433333333333334,0.00998645168764533,request_rescan,0.631441
6257,6257,0.76,0.00998645168764533,log_and_continue,0.631537
6258,6258,0.9433333333333334,0.00998645168764533,discard,0.631635
6259,6259,0.9433333333333334,0.00998645168764533,discard,0.631735
6260,6260,0.9433333333333334,0.00998645168764533,request_rescan,0.631833
6261,6261,0.9433333333333334,0.00998645168764533,request_rescan,0.631927
6262,6262,0.9433333333333334,0.00998645168764533,discard,0.632023
6263,6263,0.9433333333333334,0.00998645168764533,discard,0.632118
6264,6264,0.9433333333333334,0.00998645168764533,discard,0.632212
6265,6265,0.9433333333333334,0.00998645168764533,discard,0.632314
6266,6266,0.9433333333333334,0.00998645168764533,discard,0.632418
6267,6267,0.9433333333333334,0.00998645168764533,discard,0.63252
6268,6268,0.76,0.00998645168764533,log_and_continue,0.632619
6269,6269,0.9433333333333334,0.00998645168764533,request_rescan,0.632718
6270,6270,0.9433333333333334,0.00998645168764533,request_rescan,0.632812
6271,6271,0.9433333333333334,0.00998645168764533,discard,0.632906
6272,6272,0.76,0.00998645168764533,log_and_continue,0.633001
6273,6273,0.9433333333333334,0.00998645168764533,discard,0.633102
6274,6274,0.9433333333333334,0.00998645168764533,discard,0.633203
6275,6275,0.76,0.00998645168764533,log_and_continue,0.633303
6276,6276,0.9433333333333334,0.00998645168764533,request_rescan,0.633401
6277,6277,0.9433333333333334,0.00998645168764533,discard,0.633497
6278,6278,0.9433333333333334,0.00998645168764533,discard,0.633594
6279,6279,0.9433333333333334,0.00998645168764533,discard,0.633686
6280,6280,0.76,0.00998645168764533,log_and_continue,0.633785
6281,6281,0.9433333333333334,0.00998645168764533,discard,0.633883
6282,6282,0.9433333333333334,0.00998645168764533,discard,0.633979
6283,6283,0.9433333333333334,0.00998645168764533,discard,0.634072
6284,6284,0.9433333333333334,0.00998645168764533,request_rescan,0.634168
6285,6285,0.9433333333333334,0.00998645168764533,discard,0.634269
6286,6286,0.9433333333333334,0.00998645168764533,discard,0.634371
6287,6287,0.9433333333333334,0.00998645168764533,discard,0.634469
6288,6288,0.9433333333333334,0.00998645168764533,discard,0.634562
6289,6289,0.9433333333333334,0.00998645168764533,discard,0.634657
6290,6290,0.9433333333333334,0.00998645168764533,discard,0.634754
6291,6291,0.9433333333333334,0.00998645168764533,discard,0.63485
6292,6292,0.9433333333333334,0.00998645168764533,discard,0.634946
6293,6293,0.9433333333333334,0.00998645168764533,discard,0.635041
6294,6294,0.9433333333333334,0.00998645168764533,discard,0.635137
6295,6295,0.9433333333333334,0.00998645168764533,discard,0.635231
6296,6296,0.76,0.00998645168764533,log_and_continue,0.635336
6297,6297,0.9433333333333334,0.00998645168764533,discard,0.63544
6298,6298,0.9433333333333334,0.00998645168764533,request_rescan,0.635536
6299,6299,0.9433333333333334,0.00998645168764533,request_rescan,0.635633
6300,6300,0.76,0.00998645168764533,log_and_continue,0.635731
6301,6301,0.9433333333333334,0.00998645168764533,request_rescan,0.635858
6302,6302,0.9433333333333334,0.00998645168764533,discard,0.635955
6303,6303,0.9433333333333334,0.00998645168764533,request_rescan,0.636063
6304,6304,0.9433333333333334,0.00998645168764533,discard,0.636183
6305,6305,0.9433333333333334,0.00998645168764533,request_rescan,0.636286
6306,6306,0.9433333333333334,0.00998645168764533,discard,0.636401
6307,6307,0.9433333333333334,0.00998645168764533,request_rescan,0.636499
6308,6308,0.76,0.00998645168764533,log_and_continue,0.636596
6309,6309,0.9433333333333334,0.00998645168764533,request_rescan,0.636688
6310,6310,0.9433333333333334,0.00998645168764533,request_rescan,0.636781
6311,6311,0.9433333333333334,0.00998645168764533,request_rescan,0.636879
6312,6312,0.9433333333333334,0.00998645168764533,discard,0.636975
6313,6313,0.9433333333333334,0.00998645168764533,request_rescan,0.637072
6314,6314,0.9433333333333334,0.00998645168764533,request_rescan,0.637167
6315,6315,0.9433333333333334,0.00998645168764533,discard,0.637267
6316,6316,0.9433333333333334,0.00998645168764533,discard,0.637364
6317,6317,0.76,0.00998645168764533,log_and_continue,0.63746
6318,6318,0.76,0.00998645168764533,log_and_continue,0.637555
6319,6319,0.9433333333333334,0.00998645168764533,discard,0.637649
6320,6320,0.9433333333333334,0.00998645168764533,discard,0.637744
6321,6321,0.9433333333333334,0.00998645168764533,discard,0.637838
6322,6322,0.9433333333333334,0.00998645168764533,discard,0.637937
6323,6323,0.9433333333333334,0.00998645168764533,discard,0.638037
6324,6324,0.9433333333333334,0.00998645168764533,discard,0.638132
6325,6325,0.9433333333333334,0.00998645168764533,discard,0.638226
6326,6326,0.76,0.00998645168764533,log_and_continue,0.638328
6327,6327,0.76,0.00998645168764533,log_and_continue,0.638424
6328,6328,0.9433333333333334,0.00998645168764533,discard,0.638517
6329,6329,0.9433333333333334,0.00998645168764533,request_rescan,0.638612
6330,6330,0.9433333333333334,0.00998645168764533,request_rescan,0.638704
6331,6331,0.76,0.00998645168764533,log_and_continue,0.6388
6332,6332,0.9433333333333334,0.00998645168764533,discard,0.638899
6333,6333,0.9433333333333334,0.00998645168764533,request_rescan,0.638998
6334,6334,0.9433333333333334,0.00998645168764533,discard,0.639099
6335,6335,0.9433333333333334,0.00998645168764533,discard,0.639196
6336,6336,0.9433333333333334,0.00998645168764533,request_rescan,0.639301
6337,6337,0.9433333333333334,0.00998645168764533,request_rescan,0.639399
6338,6338,0.9433333333333334,0.00998645168764533,discard,0.639493
6339,6339,0.9433333333333334,0.00998645168764533,discard,0.639588
6340,6340,0.9433333333333334,0.00998645168764533,request_rescan,0.639682
6341,6341,0.9433333333333334,0.00998645168764533,discard,0.639775
6342,6342,0.76,0.00998645168764533,log_and_continue,0.639873
6343,6343,0.9433333333333334,0.00998645168764533,discard,0.639971
6344,6344,0.9433333333333334,0.00998645168764533,request_rescan,0.640069
6345,6345,0.76,0.00998645168764533,log_and_continue,0.640167
6346,6346,0.9433333333333334,0.00998645168764533,discard,0.640271
6347,6347,0.9433333333333334,0.00998645168764533,request_rescan,0.640369
6348,6348,0.9433333333333334,0.00998645168764533,request_rescan,0.640462
6349,6349,0.9433333333333334,0.00998645168764533,discard,0.64056
6350,6350,0.9433333333333334,0.00998645168764533,discard,0.640653
6351,6351,0.9433333333333334,0.00998645168764533,discard,0.640753
6352,6352,0.9433333333333334,0.00998645168764533,discard,0.640855
6353,6353,0.9433333333333334,0.00998645168764533,discard,0.640957
6354,6354,0.76,0.00998645168764533,log_and_continue,0.641058
6355,6355,0.9433333333333334,0.00998645168764533,discard,0.641157
6356,6356,0.9433333333333334,0.00998645168764533,discard,0.641257
6357,6357,0.9433333333333334,0.00998645168764533,discard,0.641353
6358,6358,0.9433333333333334,0.00998645168764533,request_rescan,0.641449
6359,6359,0.76,0.00998645168764533,log_and_continue,0.641543
6360,6360,0.9433333333333334,0.00998645168764533,discard,0.641639
6361,6361,0.76,0.00998645168764533,log_and_continue,0.641734
6362,6362,0.76,0.00998645168764533,request_rescan,0.641835
6363,6363,0.9433333333333334,0.00998645168764533,discard,0.641939
6364,6364,0.76,0.00998645168764533,log_and_continue,0.642041
6365,6365,0.9433333333333334,0.00998645168764533,discard,0.642142
6366,6366,0.9433333333333334,0.00998645168764533,discard,0.642246
6367,6367,0.9433333333333334,0.00998645168764533,request_rescan,0.642353
6368,6368,0.9433333333333334,0.00998645168764533,discard,0.642459
6369,6369,0.9433333333333334,0.00998645168764533,discard,0.642592
6370,6370,0.9433333333333334,0.00998645168764533,request_rescan,0.642691
6371,6371,0.9433333333333334,0.00998645168764533,discard,0.642787
6372,6372,0.9433333333333334,0.00998645168764533,discard,0.642888
6373,6373,0.9433333333333334,0.00998645168764533,discard,0.642983
6374,6374,0.9433333333333334,0.00998645168764533,request_rescan,0.643078
6375,6375,0.76,0.00998645168764533,log_and_continue,0.643174
6376,6376,0.9433333333333334,0.00998645168764533,request_rescan,0.643275
6377,6377,0.76,0.00998645168764533,log_and_continue,0.643385
6378,6378,0.9433333333333334,0.00998645168764533,discard,0.643484
6379,6379,0.9433333333333334,0.00998645168764533,discard,0.643581
6380,6380,0.9433333333333334,0.00998645168764533,request_rescan,0.643676
6381,6381,0.9433333333333334,0.00998645168764533,discard,0.64377
6382,6382,0.9433333333333334,0.00998645168764533,discard,0.643869
6383,6383,0.9433333333333334,0.00998645168764533,discard,0.643983
6384,6384,0.9433333333333334,0.00998645168764533,discard,0.64411
6385,6385,0.9433333333333334,0.00998645168764533,discard,0.644212
6386,6386,0.9433333333333334,0.00998645168764533,request_rescan,0.644313
6387,6387,0.9433333333333334,0.00998645168764533,request_rescan,0.64441
6388,6388,0.76,0.00998645168764533,log_and_continue,0.64451
6389,6389,0.9433333333333334,0.00998645168764533,discard,0.644607
6390,6390,0.76,0.00998645168764533,log_and_continue,0.644704
6391,6391,0.9433333333333334,0.00998645168764533,discard,0.644803
6392,6392,0.9433333333333334,0.00998645168764533,request_rescan,0.644898
6393,6393,0.76,0.00998645168764533,log_and_continue,0.644994
6394,6394,0.9433333333333334,0.00998645168764533,request_rescan,0.64509
6395,6395,0.9433333333333334,0.00998645168764533,discard,0.645191
6396,6396,0.9433333333333334,0.00998645168764533,discard,0.645291
6397,6397,0.9433333333333334,0.00998645168764533,discard,0.64539
6398,6398,0.9433333333333334,0.00998645168764533,discard,0.645485
6399,6399,0.76,0.00998645168764533,log_and_continue,0.645582
6400,6400,0.9433333333333334,0.00998645168764533,discard,0.645678
6401,6401,0.9433333333333334,0.00998645168764533,discard,0.645813
6402,6402,0.9433333333333334,0.00998645168764533,request_rescan,0.645907
6403,6403,0.9433333333333334,0.00998645168764533,request_rescan,0.646002
6404,6404,0.9433333333333334,0.00998645168764533,request_rescan,0.646096
6405,6405,0.9433333333333334,0.00998645168764533,discard,0.646193
6406,6406,0.9433333333333334,0.00998645168764533,discard,0.64629
6407,6407,0.9433333333333334,0.00998645168764533,discard,0.646383
6408,6408,0.9433333333333334,0.00998645168764533,discard,0.646478
6409,6409,0.9433333333333334,0.00998645168764533,request_rescan,0.646573
6410,6410,0.9433333333333334,0.00998645168764533,discard,0.646671
6411,6411,0.9433333333333334,0.00998645168764533,request_rescan,0.646766
6412,6412,0.9433333333333334,0.00998645168764533,discard,0.646871
6413,6413,0.9433333333333334,0.00998645168764533,discard,0.647016
6414,6414,0.9433333333333334,0.00998645168764533,discard,0.64712
6415,6415,0.9433333333333334,0.00998645168764533,request_rescan,0.647217
6416,6416,0.9433333333333334,0.00998645168764533,discard,0.647313
6417,6417,0.9433333333333334,0.00998645168764533,discard,0.647424
6418,6418,0.9433333333333334,0.00998645168764533,discard,0.647522
6419,6419,0.9433333333333334,0.00998645168764533,discard,0.647615
6420,6420,0.9433333333333334,0.00998645168764533,discard,0.647712
6421,6421,0.9433333333333334,0.00998645168764533,request_rescan,0.647812
6422,6422,0.9433333333333334,0.00998645168764533,discard,0.647926
6423,6423,0.9433333333333334,0.00998645168764533,discard,0.648024
6424,6424,0.9433333333333334,0.00998645168764533,discard,0.648118
6425,6425,0.9433333333333334,0.00998645168764533,discard,0.648209
6426,6426,0.9433333333333334,0.00998645168764533,discard,0.648305
6427,6427,0.9433333333333334,0.00998645168764533,discard,0.648403
6428,6428,0.76,0.00998645168764533,log_and_continue,0.648501
6429,6429,0.9433333333333334,0.00998645168764533,discard,0.648594
6430,6430,0.9433333333333334,0.00998645168764533,discard,0.648686
6431,6431,0.76,0.00998645168764533,log_and_continue,0.648781
6432,6432,0.9433333333333334,0.00998645168764533,discard,0.648878
6433,6433,0.9433333333333334,0.00998645168764533,request_rescan,0.648974
6434,6434,0.76,0.00998645168764533,log_and_continue,0.649074
6435,6435,0.9433333333333334,0.00998645168764533,discard,0.649173
6436,6436,0.9433333333333334,0.00998645168764533,discard,0.649272
6437,6437,0.9433333333333334,0.00998645168764533,discard,0.649374
6438,6438,0.9433333333333334,0.00998645168764533,discard,0.64947
6439,6439,0.9433333333333334,0.00998645168764533,discard,0.649567
6440,6440,0.76,0.00998645168764533,log_and_continue,0.649663
6441,6441,0.9433333333333334,0.00998645168764533,discard,0.649762
6442,6442,0.9433333333333334,0.00998645168764533,request_rescan,0.649861
6443,6443,0.9433333333333334,0.00998645168764533,discard,0.649957
6444,6444,0.9433333333333334,0.00998645168764533,discard,0.650051
6445,6445,0.9433333333333334,0.00998645168764533,request_rescan,0.650146
6446,6446,0.76,0.00998645168764533,log_and_continue,0.650247
6447,6447,0.9433333333333334,0.00998645168764533,discard,0.650345
6448,6448,0.76,0.00998645168764533,log_and_continue,0.650439
6449,6449,0.9433333333333334,0.00998645168764533,request_rescan,0.650531
6450,6450,0.9433333333333334,0.00998645168764533,discard,0.65063
6451,6451,0.9433333333333334,0.00998645168764533,request_rescan,0.650727
6452,6452,0.9433333333333334,0.00998645168764533,discard,0.650824
6453,6453,0.9433333333333334,0.00998645168764533,discard,0.65092
6454,6454,0.9433333333333334,0.00998645168764533,request_rescan,0.651015
6455,6455,0.76,0.00998645168764533,log_and_continue,0.65111
6456,6456,0.9433333333333334,0.00998645168764533,discard,0.651209
6457,6457,0.9433333333333334,0.00998645168764533,request_rescan,0.651309
6458,6458,0.9433333333333334,0.00998645168764533,discard,0.651407
6459,6459,0.9433333333333334,0.00998645168764533,discard,0.651502
6460,6460,0.9433333333333334,0.00998645168764533,request_rescan,0.651601
6461,6461,0.9433333333333334,0.00998645168764533,discard,0.651697
6462,6462,0.9433333333333334,0.00998645168764533,discard,0.651791
6463,6463,0.9433333333333334,0.00998645168764533,discard,0.651888
6464,6464,0.9433333333333334,0.00998645168764533,discard,0.651983
6465,6465,0.9433333333333334,0.00998645168764533,request_rescan,0.652081
6466,6466,0.76,0.00998645168764533,log_and_continue,0.652181
6467,6467,0.9433333333333334,0.00998645168764533,request_rescan,0.652283
6468,6468,0.9433333333333334,0.00998645168764533,discard,0.65238
6469,6469,0.9433333333333334,0.00998645168764533,discard,0.652477
6470,6470,0.76,0.00998645168764533,log_and_continue,0.652572
6471,6471,0.9433333333333334,0.00998645168764533,discard,0.652666
6472,6472,0.9433333333333334,0.00998645168764533,discard,0.652762
6473,6473,0.9433333333333334,0.00998645168764533,discard,0.652857
6474,6474,0.9433333333333334,0.00998645168764533,request_rescan,0.652952
6475,6475,0.9433333333333334,0.00998645168764533,request_rescan,0.65305
6476,6476,0.9433333333333334,0.00998645168764533,discard,0.65315
6477,6477,0.9433333333333334,0.00998645168764533,discard,0.653252
6478,6478,0.9433333333333334,0.00998645168764533,request_rescan,0.65335
6479,6479,0.9433333333333334,0.00998645168764533,request_rescan,0.653478
6480,6480,0.76,0.00998645168764533,log_and_continue,0.653584
6481,6481,0.9433333333333334,0.00998645168764533,request_rescan,0.653685
6482,6482,0.9433333333333334,0.00998645168764533,discard,0.653784
6483,6483,0.9433333333333334,0.00998645168764533,discard,0.653882
6484,6484,0.9433333333333334,0.00998645168764533,request_rescan,0.653978
6485,6485,0.9433333333333334,0.00998645168764533,discard,0.654074
6486,6486,0.9433333333333334,0.00998645168764533,request_rescan,0.654169
6487,6487,0.9433333333333334,0.00998645168764533,request_rescan,0.654268
6488,6488,0.9433333333333334,0.00998645168764533,discard,0.654369
6489,6489,0.76,0.00998645168764533,log_and_continue,0.65447
6490,6490,0.76,0.00998645168764533,log_and_continue,0.654566
6491,6491,0.76,0.00998645168764533,log_and_continue,0.65466
6492,6492,0.9433333333333334,0.00998645168764533,discard,0.654755
6493,6493,0.76,0.00998645168764533,log_and_continue,0.654864
6494,6494,0.9433333333333334,0.00998645168764533,discard,0.65499
6495,6495,0.9433333333333334,0.00998645168764533,discard,0.655102
6496,6496,0.9433333333333334,0.00998645168764533,discard,0.655199
6497,6497,0.9433333333333334,0.00998645168764533,discard,0.655302
6498,6498,0.9433333333333334,0.00998645168764533,request_rescan,0.655398
6499,6499,0.9433333333333334,0.00998645168764533,discard,0.655497
6500,6500,0.76,0.00998645168764533,log_and_continue,0.655599
6501,6501,0.9433333333333334,0.00998645168764533,discard,0.655763
6502,6502,0.9433333333333334,0.00998645168764533,discard,0.655871
6503,6503,0.9433333333333334,0.00998645168764533,discard,0.655974
6504,6504,0.9433333333333334,0.00998645168764533,discard,0.656073
6505,6505,0.9433333333333334,0.00998645168764533,discard,0.65617
6506,6506,0.9433333333333334,0.00998645168764533,request_rescan,0.656277
6507,6507,0.76,0.00998645168764533,log_and_continue,0.656374
6508,6508,0.9433333333333334,0.00998645168764533,discard,0.656475
6509,6509,0.9433333333333334,0.00998645168764533,discard,0.656573
6510,6510,0.9433333333333334,0.00998645168764533,discard,0.656666
6511,6511,0.9433333333333334,0.00998645168764533,discard,0.656759
6512,6512,0.9433333333333334,0.00998645168764533,request_rescan,0.656854
6513,6513,0.9433333333333334,0.00998645168764533,discard,0.656949
6514,6514,0.76,0.00998645168764533,log_and_continue,0.657046
6515,6515,0.9433333333333334,0.00998645168764533,discard,0.657142
6516,6516,0.9433333333333334,0.00998645168764533,discard,0.657237
6517,6517,0.9433333333333334,0.00998645168764533,discard,0.657333
6518,6518,0.76,0.00998645168764533,log_and_continue,0.657431
6519,6519,0.9433333333333334,0.00998645168764533,discard,0.657529
6520,6520,0.9433333333333334,0.00998645168764533,discard,0.657621
6521,6521,0.9433333333333334,0.00998645168764533,discard,0.65772
6522,6522,0.9433333333333334,0.00998645168764533,discard,0.657811
6523,6523,0.76,0.00998645168764533,log_and_continue,0.657908
6524,6524,0.9433333333333334,0.00998645168764533,discard,0.658008
6525,6525,0.9433333333333334,0.00998645168764533,discard,0.658104
6526,6526,0.9433333333333334,0.00998645168764533,discard,0.658199
6527,6527,0.9433333333333334,0.00998645168764533,discard,0.658294
6528,6528,0.9433333333333334,0.00998645168764533,request_rescan,0.658392
6529,6529,0.9433333333333334,0.00998645168764533,discard,0.658484
6530,6530,0.9433333333333334,0.00998645168764533,discard,0.65858
6531,6531,0.9433333333333334,0.00998645168764533,request_rescan,0.658675
6532,6532,0.9433333333333334,0.00998645168764533,discard,0.658772
6533,6533,0.9433333333333334,0.00998645168764533,request_rescan,0.658866
6534,6534,0.9433333333333334,0.00998645168764533,discard,0.658962
6535,6535,0.9433333333333334,0.00998645168764533,request_rescan,0.659059
6536,6536,0.9433333333333334,0.00998645168764533,request_rescan,0.659153
6537,6537,0.9433333333333334,0.00998645168764533,request_rescan,0.659289
6538,6538,0.9433333333333334,0.00998645168764533,discard,0.659389
6539,6539,0.9433333333333334,0.00998645168764533,discard,0.659487
6540,6540,0.9433333333333334,0.00998645168764533,request_rescan,0.659587
6541,6541,0.9433333333333334,0.00998645168764533,request_rescan,0.659682
6542,6542,0.9433333333333334,0.00998645168764533,request_rescan,0.659781
6543,6543,0.9433333333333334,0.00998645168764533,discard,0.659881
6544,6544,0.9433333333333334,0.00998645168764533,discard,0.659976
6545,6545,0.9433333333333334,0.00998645168764533,request_rescan,0.660071
6546,6546,0.9433333333333334,0.00998645168764533,discard,0.660167
6547,6547,0.9433333333333334,0.00998645168764533,discard,0.660267
6548,6548,0.9433333333333334,0.00998645168764533,request_rescan,0.66036
6549,6549,0.76,0.00998645168764533,log_and_continue,0.660455
6550,6550,0.9433333333333334,0.00998645168764533,discard,0.660547
6551,6551,0.9433333333333334,0.00998645168764533,discard,0.660643
6552,6552,0.76,0.00998645168764533,log_and_continue,0.660742
6553,6553,0.9433333333333334,0.00998645168764533,request_rescan,0.660839
6554,6554,0.76,0.00998645168764533,log_and_continue,0.660934
6555,6555,0.9433333333333334,0.00998645168764533,request_rescan,0.661029
6556,6556,0.76,0.00998645168764533,log_and_continue,0.661123
6557,6557,0.9433333333333334,0.00998645168764533,request_rescan,0.661218
6558,6558,0.9433333333333334,0.00998645168764533,discard,0.661321
6559,6559,0.9433333333333334,0.00998645168764533,request_rescan,0.661416
6560,6560,0.9433333333333334,0.00998645168764533,discard,0.661514
6561,6561,0.9433333333333334,0.00998645168764533,request_rescan,0.661611
6562,6562,0.9433333333333334,0.00998645168764533,discard,0.661707
6563,6563,0.76,0.00998645168764533,log_and_continue,0.661804
6564,6564,0.9433333333333334,0.00998645168764533,discard,0.661897
6565,6565,0.9433333333333334,0.00998645168764533,discard,0.661992
6566,6566,0.9433333333333334,0.00998645168764533,discard,0.662089
6567,6567,0.9433333333333334,0.00998645168764533,request_rescan,0.662186
6568,6568,0.9433333333333334,0.00998645168764533,discard,0.662292
6569,6569,0.76,0.00998645168764533,log_and_continue,0.662389
6570,6570,0.76,0.00998645168764533,log_and_continue,0.662486
6571,6571,0.76,0.00998645168764533,log_and_continue,0.662584
6572,6572,0.9433333333333334,0.00998645168764533,discard,0.662687
6573,6573,0.9433333333333334,0.00998645168764533,discard,0.662784
6574,6574,0.9433333333333334,0.00998645168764533,request_rescan,0.662884
6575,6575,0.9433333333333334,0.00998645168764533,request_rescan,0.662978
6576,6576,0.9433333333333334,0.00998645168764533,discard,0.663072
6577,6577,0.9433333333333334,0.00998645168764533,discard,0.663172
6578,6578,0.9433333333333334,0.00998645168764533,request_rescan,0.663274
6579,6579,0.9433333333333334,0.00998645168764533,request_rescan,0.663368
6580,6580,0.76,0.00998645168764533,log_and_continue,0.663491
6581,6581,0.9433333333333334,0.00998645168764533,discard,0.663593
6582,6582,0.76,0.00998645168764533,log_and_continue,0.663689
6583,6583,0.9433333333333334,0.00998645168764533,request_rescan,0.663786
6584,6584,0.76,0.00998645168764533,log_and_continue,0.663879
6585,6585,0.76,0.00998645168764533,log_and_continue,0.663989
6586,6586,0.9433333333333334,0.00998645168764533,discard,0.664086
6587,6587,0.9433333333333334,0.00998645168764533,request_rescan,0.664183
6588,6588,0.9433333333333334,0.00998645168764533,discard,0.664286
6589,6589,0.9433333333333334,0.00998645168764533,discard,0.664383
6590,6590,0.9433333333333334,0.00998645168764533,discard,0.664476
6591,6591,0.9433333333333334,0.00998645168764533,request_rescan,0.664587
6592,6592,0.76,0.00998645168764533,log_and_continue,0.664686
6593,6593,0.9433333333333334,0.00998645168764533,request_rescan,0.664781
6594,6594,0.9433333333333334,0.00998645168764533,discard,0.664875
6595,6595,0.9433333333333334,0.00998645168764533,discard,0.664972
6596,6596,0.9433333333333334,0.00998645168764533,discard,0.665065
6597,6597,0.76,0.00998645168764533,log_and_continue,0.665164
6598,6598,0.9433333333333334,0.00998645168764533,discard,0.665263
6599,6599,0.76,0.00998645168764533,log_and_continue,0.665359
6600,6600,0.9433333333333334,0.00998645168764533,request_rescan,0.665455
6601,6601,0.9433333333333334,0.00998645168764533,discard,0.665617
6602,6602,0.76,0.00998645168764533,log_and_continue,0.665751
6603,6603,0.76,0.00998645168764533,log_and_continue,0.665854
6604,6604,0.9433333333333334,0.00998645168764533,request_rescan,0.665952
6605,6605,0.9433333333333334,0.00998645168764533,discard,0.666053
6606,6606,0.76,0.00998645168764533,log_and_continue,0.666152
6607,6607,0.9433333333333334,0.00998645168764533,request_rescan,0.666252
6608,6608,0.76,0.00998645168764533,log_and_continue,0.666356
6609,6609,0.9433333333333334,0.00998645168764533,discard,0.666456
6610,6610,0.76,0.00998645168764533,log_and_continue,0.666554
6611,6611,0.76,0.00998645168764533,log_and_continue,0.66665
6612,6612,0.76,0.00998645168764533,log_and_continue,0.666744
6613,6613,0.76,0.00998645168764533,log_and_continue,0.666838
6614,6614,0.9433333333333334,0.00998645168764533,discard,0.666937
6615,6615,0.9433333333333334,0.00998645168764533,request_rescan,0.667038
6616,6616,0.9433333333333334,0.00998645168764533,request_rescan,0.667142
6617,6617,0.9433333333333334,0.00998645168764533,request_rescan,0.667248
6618,6618,0.9433333333333334,0.00998645168764533,discard,0.66735
6619,6619,0.9433333333333334,0.00998645168764533,discard,0.667449
6620,6620,0.9433333333333334,0.00998645168764533,request_rescan,0.667545
6621,6621,0.9433333333333334,0.00998645168764533,discard,0.667643
6622,6622,0.9433333333333334,0.00998645168764533,discard,0.667742
6623,6623,0.9433333333333334,0.00998645168764533,discard,0.667842
6624,6624,0.76,0.00998645168764533,log_and_continue,0.667941
6625,6625,0.9433333333333334,0.00998645168764533,discard,0.668043
6626,6626,0.9433333333333334,0.00998645168764533,discard,0.668139
6627,6627,0.9433333333333334,0.00998645168764533,discard,0.668233
6628,6628,0.9433333333333334,0.00998645168764533,discard,0.668339
6629,6629,0.76,0.00998645168764533,log_and_continue,0.668447
6630,6630,0.76,0.00998645168764533,log_and_continue,0.668546
6631,6631,0.76,0.00998645168764533,log_and_continue,0.668642
6632,6632,0.76,0.00998645168764533,log_and_continue,0.668737
6633,6633,0.76,0.00998645168764533,log_and_continue,0.668828
6634,6634,0.9433333333333334,0.00998645168764533,discard,0.668922
6635,6635,0.76,0.00998645168764533,log_and_continue,0.669016
6636,6636,0.9433333333333334,0.00998645168764533,discard,0.669109
6637,6637,0.9433333333333334,0.00998645168764533,discard,0.669204
6638,6638,0.9433333333333334,0.00998645168764533,request_rescan,0.669315
6639,6639,0.9433333333333334,0.00998645168764533,discard,0.669438
6640,6640,0.9433333333333334,0.00998645168764533,request_rescan,0.669543
6641,6641,0.9433333333333334,0.00998645168764533,discard,0.669638
6642,6642,0.9433333333333334,0.00998645168764533,discard,0.669736
6643,6643,0.9433333333333334,0.00998645168764533,discard,0.669832
6644,6644,0.9433333333333334,0.00998645168764533,discard,0.669927
6645,6645,0.9433333333333334,0.00998645168764533,request_rescan,0.670023
6646,6646,0.9433333333333334,0.00998645168764533,discard,0.670117
6647,6647,0.9433333333333334,0.00998645168764533,discard,0.670211
6648,6648,0.9433333333333334,0.00998645168764533,discard,0.670311
6649,6649,0.76,0.00998645168764533,log_and_continue,0.670408
6650,6650,0.76,0.00998645168764533,log_and_continue,0.670505
6651,6651,0.9433333333333334,0.00998645168764533,discard,0.670602
6652,6652,0.9433333333333334,0.00998645168764533,request_rescan,0.670696
6653,6653,0.76,0.00998645168764533,log_and_continue,0.67079
6654,6654,0.9433333333333334,0.00998645168764533,request_rescan,0.670888
6655,6655,0.76,0.00998645168764533,log_and_continue,0.670991
6656,6656,0.76,0.00998645168764533,log_and_continue,0.671088
6657,6657,0.76,0.00998645168764533,log_and_continue,0.671183
6658,6658,0.76,0.00998645168764533,log_and_continue,0.671288
6659,6659,0.9433333333333334,0.00998645168764533,discard,0.671387
6660,6660,0.9433333333333334,0.00998645168764533,discard,0.671484
6661,6661,0.9433333333333334,0.00998645168764533,discard,0.671584
6662,6662,0.9433333333333334,0.00998645168764533,discard,0.671682
6663,6663,0.9433333333333334,0.00998645168764533,request_rescan,0.67178
6664,6664,0.9433333333333334,0.00998645168764533,discard,0.671876
6665,6665,0.76,0.00998645168764533,log_and_continue,0.671976
6666,6666,0.9433333333333334,0.00998645168764533,discard,0.672083
6667,6667,0.9433333333333334,0.00998645168764533,request_rescan,0.672204
6668,6668,0.9433333333333334,0.00998645168764533,discard,0.672306
6669,6669,0.9433333333333334,0.00998645168764533,discard,0.672406
6670,6670,0.9433333333333334,0.00998645168764533,discard,0.672524
6671,6671,0.9433333333333334,0.00998645168764533,discard,0.67262
6672,6672,0.9433333333333334,0.00998645168764533,discard,0.672717
6673,6673,0.9433333333333334,0.00998645168764533,discard,0.67281
6674,6674,0.9433333333333334,0.00998645168764533,discard,0.672904
6675,6675,0.9433333333333334,0.00998645168764533,discard,0.672999
6676,6676,0.76,0.00998645168764533,log_and_continue,0.673099
6677,6677,0.76,0.00998645168764533,log_and_continue,0.673195
6678,6678,0.9433333333333334,0.00998645168764533,discard,0.673296
6679,6679,0.9433333333333334,0.00998645168764533,discard,0.673393
6680,6680,0.76,0.00998645168764533,log_and_continue,0.673492
6681,6681,0.76,0.00998645168764533,log_and_continue,0.673589
6682,6682,0.9433333333333334,0.00998645168764533,discard,0.673689
6683,6683,0.76,0.00998645168764533,log_and_continue,0.673783
6684,6684,0.9433333333333334,0.00998645168764533,discard,0.673882
6685,6685,0.9433333333333334,0.00998645168764533,discard,0.673976
6686,6686,0.9433333333333334,0.00998645168764533,discard,0.67407
6687,6687,0.9433333333333334,0.00998645168764533,request_rescan,0.674166
6688,6688,0.9433333333333334,0.00998645168764533,request_rescan,0.674264
6689,6689,0.9433333333333334,0.00998645168764533,discard,0.67436
6690,6690,0.76,0.00998645168764533,log_and_continue,0.674457
6691,6691,0.76,0.00998645168764533,log_and_continue,0.674551
6692,6692,0.9433333333333334,0.00998645168764533,discard,0.674647
6693,6693,0.9433333333333334,0.00998645168764533,discard,0.674745
6694,6694,0.9433333333333334,0.00998645168764533,request_rescan,0.674845
6695,6695,0.9433333333333334,0.00998645168764533,discard,0.674942
6696,6696,0.9433333333333334,0.00998645168764533,request_rescan,0.675039
6697,6697,0.9433333333333334,0.00998645168764533,discard,0.675139
6698,6698,0.9433333333333334,0.00998645168764533,discard,0.675235
6699,6699,0.76,0.00998645168764533,log_and_continue,0.675334
6700,6700,0.9433333333333334,0.00998645168764533,discard,0.675431
6701,6701,0.9433333333333334,0.00998645168764533,request_rescan,0.675573
6702,6702,0.9433333333333334,0.00998645168764533,discard,0.675684
6703,6703,0.9433333333333334,0.00998645168764533,discard,0.675784
6704,6704,0.9433333333333334,0.00998645168764533,discard,0.675919
6705,6705,0.9433333333333334,0.00998645168764533,discard,0.676017
6706,6706,0.9433333333333334,0.00998645168764533,request_rescan,0.676115
6707,6707,0.76,0.00998645168764533,log_and_continue,0.676214
6708,6708,0.9433333333333334,0.00998645168764533,request_rescan,0.676337
6709,6709,0.76,0.00998645168764533,log_and_continue,0.676466
6710,6710,0.9433333333333334,0.00998645168764533,request_rescan,0.676574
6711,6711,0.76,0.00998645168764533,log_and_continue,0.676671
6712,6712,0.9433333333333334,0.00998645168764533,discard,0.676764
6713,6713,0.9433333333333334,0.00998645168764533,discard,0.676863
6714,6714,0.9433333333333334,0.00998645168764533,discard,0.676962
6715,6715,0.9433333333333334,0.00998645168764533,discard,0.677059
6716,6716,0.9433333333333334,0.00998645168764533,discard,0.677159
6717,6717,0.9433333333333334,0.00998645168764533,discard,0.677257
6718,6718,0.9433333333333334,0.00998645168764533,discard,0.677353
6719,6719,0.9433333333333334,0.00998645168764533,discard,0.677456
6720,6720,0.9433333333333334,0.00998645168764533,request_rescan,0.677552
6721,6721,0.9433333333333334,0.00998645168764533,discard,0.677648
6722,6722,0.9433333333333334,0.00998645168764533,discard,0.677744
6723,6723,0.76,0.00998645168764533,log_and_continue,0.677847
6724,6724,0.9433333333333334,0.00998645168764533,discard,0.677949
6725,6725,0.76,0.00998645168764533,log_and_continue,0.678046
6726,6726,0.76,0.00998645168764533,log_and_continue,0.678142
6727,6727,0.9433333333333334,0.00998645168764533,request_rescan,0.678238
6728,6728,0.76,0.00998645168764533,log_and_continue,0.678337
6729,6729,0.9433333333333334,0.00998645168764533,discard,0.678431
6730,6730,0.76,0.00998645168764533,log_and_continue,0.678527
6731,6731,0.9433333333333334,0.00998645168764533,discard,0.678627
6732,6732,0.76,0.00998645168764533,log_and_continue,0.678726
6733,6733,0.76,0.00998645168764533,log_and_continue,0.678824
6734,6734,0.9433333333333334,0.00998645168764533,discard,0.678928
6735,6735,0.9433333333333334,0.00998645168764533,discard,0.679025
6736,6736,0.9433333333333334,0.00998645168764533,discard,0.679124
6737,6737,0.9433333333333334,0.00998645168764533,discard,0.679221
6738,6738,0.9433333333333334,0.00998645168764533,discard,0.679324
6739,6739,0.9433333333333334,0.00998645168764533,discard,0.679425
6740,6740,0.76,0.00998645168764533,log_and_continue,0.679524
6741,6741,0.9433333333333334,0.00998645168764533,request_rescan,0.679621
6742,6742,0.76,0.00998645168764533,log_and_continue,0.679719
6743,6743,0.9433333333333334,0.00998645168764533,request_rescan,0.679814
6744,6744,0.76,0.00998645168764533,log_and_continue,0.67991
6745,6745,0.76,0.00998645168764533,log_and_continue,0.680018
6746,6746,0.9433333333333334,0.00998645168764533,discard,0.680164
6747,6747,0.9433333333333334,0.00998645168764533,discard,0.680289
6748,6748,0.9433333333333334,0.00998645168764533,request_rescan,0.680389
6749,6749,0.9433333333333334,0.00998645168764533,discard,0.680485
6750,6750,0.76,0.00998645168764533,log_and_continue,0.680596
6751,6751,0.9433333333333334,0.00998645168764533,discard,0.680701
6752,6752,0.9433333333333334,0.00998645168764533,discard,0.680815
6753,6753,0.9433333333333334,0.00998645168764533,discard,0.680914
6754,6754,0.9433333333333334,0.00998645168764533,discard,0.681011
6755,6755,0.9433333333333334,0.00998645168764533,discard,0.681108
6756,6756,0.9433333333333334,0.00998645168764533,discard,0.681205
6757,6757,0.9433333333333334,0.00998645168764533,discard,0.681306
6758,6758,0.9433333333333334,0.00998645168764533,request_rescan,0.681407
6759,6759,0.9433333333333334,0.00998645168764533,discard,0.681508
6760,6760,0.76,0.00998645168764533,log_and_continue,0.681604
6761,6761,0.9433333333333334,0.00998645168764533,request_rescan,0.681699
6762,6762,0.9433333333333334,0.00998645168764533,request_rescan,0.681794
6763,6763,0.9433333333333334,0.00998645168764533,request_rescan,0.681889
6764,6764,0.9433333333333334,0.00998645168764533,request_rescan,0.681984
6765,6765,0.9433333333333334,0.00998645168764533,discard,0.682085
6766,6766,0.76,0.00998645168764533,log_and_continue,0.682185
6767,6767,0.9433333333333334,0.00998645168764533,discard,0.682283
6768,6768,0.9433333333333334,0.00998645168764533,request_rescan,0.68238
6769,6769,0.9433333333333334,0.00998645168764533,discard,0.682478
6770,6770,0.9433333333333334,0.00998645168764533,discard,0.682573
6771,6771,0.76,0.00998645168764533,log_and_continue,0.682671
6772,6772,0.9433333333333334,0.00998645168764533,discard,0.682768
6773,6773,0.9433333333333334,0.00998645168764533,discard,0.682875
6774,6774,0.76,0.00998645168764533,log_and_continue,0.682976
6775,6775,0.9433333333333334,0.00998645168764533,discard,0.683074
6776,6776,0.9433333333333334,0.00998645168764533,request_rescan,0.683172
6777,6777,0.9433333333333334,0.00998645168764533,discard,0.683285
6778,6778,0.9433333333333334,0.00998645168764533,discard,0.683396
6779,6779,0.9433333333333334,0.00998645168764533,request_rescan,0.683497
6780,6780,0.9433333333333334,0.00998645168764533,request_rescan,0.683594
6781,6781,0.9433333333333334,0.00998645168764533,discard,0.683691
6782,6782,0.9433333333333334,0.00998645168764533,discard,0.683787
6783,6783,0.9433333333333334,0.00998645168764533,request_rescan,0.683881
6784,6784,0.9433333333333334,0.00998645168764533,discard,0.683975
6785,6785,0.9433333333333334,0.00998645168764533,discard,0.684073
6786,6786,0.9433333333333334,0.00998645168764533,request_rescan,0.68417
6787,6787,0.9433333333333334,0.00998645168764533,discard,0.68428
6788,6788,0.9433333333333334,0.00998645168764533,request_rescan,0.6844
6789,6789,0.9433333333333334,0.00998645168764533,discard,0.684494
6790,6790,0.76,0.00998645168764533,log_and_continue,0.684591
6791,6791,0.9433333333333334,0.00998645168764533,discard,0.68469
6792,6792,0.9433333333333334,0.00998645168764533,discard,0.684786
6793,6793,0.9433333333333334,0.00998645168764533,discard,0.684878
6794,6794,0.9433333333333334,0.00998645168764533,request_rescan,0.68497
6795,6795,0.9433333333333334,0.00998645168764533,request_rescan,0.685064
6796,6796,0.9433333333333334,0.00998645168764533,request_rescan,0.685156
6797,6797,0.9433333333333334,0.00998645168764533,discard,0.685261
6798,6798,0.9433333333333334,0.00998645168764533,discard,0.685359
6799,6799,0.9433333333333334,0.00998645168764533,request_rescan,0.685455
6800,6800,0.9433333333333334,0.00998645168764533,request_rescan,0.68555
6801,6801,0.76,0.00998645168764533,log_and_continue,0.685686
6802,6802,0.9433333333333334,0.00998645168764533,discard,0.685781
6803,6803,0.76,0.00998645168764533,log_and_continue,0.685881
6804,6804,0.76,0.00998645168764533,log_and_continue,0.685976
6805,6805,0.76,0.00998645168764533,log_and_continue,0.686071
6806,6806,0.9433333333333334,0.00998645168764533,request_rescan,0.686167
6807,6807,0.76,0.00998645168764533,log_and_continue,0.686267
6808,6808,0.76,0.00998645168764533,log_and_continue,0.686364
6809,6809,0.9433333333333334,0.00998645168764533,request_rescan,0.68646
6810,6810,0.9433333333333334,0.00998645168764533,request_rescan,0.686554
6811,6811,0.9433333333333334,0.00998645168764533,discard,0.686659
6812,6812,0.9433333333333334,0.00998645168764533,discard,0.686766
6813,6813,0.9433333333333334,0.00998645168764533,discard,0.686866
6814,6814,0.9433333333333334,0.00998645168764533,discard,0.686964
6815,6815,0.76,0.00998645168764533,log_and_continue,0.68706
6816,6816,0.9433333333333334,0.00998645168764533,discard,0.687156
6817,6817,0.9433333333333334,0.00998645168764533,discard,0.687255
6818,6818,0.9433333333333334,0.00998645168764533,discard,0.687355
6819,6819,0.9433333333333334,0.00998645168764533,discard,0.687448
6820,6820,0.9433333333333334,0.00998645168764533,discard,0.687544
6821,6821,0.76,0.00998645168764533,log_and_continue,0.687646
6822,6822,0.76,0.00998645168764533,log_and_continue,0.687774
6823,6823,0.9433333333333334,0.00998645168764533,discard,0.687871
6824,6824,0.76,0.00998645168764533,log_and_continue,0.687966
6825,6825,0.9433333333333334,0.00998645168764533,discard,0.688063
6826,6826,0.9433333333333334,0.00998645168764533,discard,0.688159
6827,6827,0.76,0.00998645168764533,log_and_continue,0.688256
6828,6828,0.9433333333333334,0.00998645168764533,discard,0.688354
6829,6829,0.9433333333333334,0.00998645168764533,discard,0.688449
6830,6830,0.9433333333333334,0.00998645168764533,discard,0.688547
6831,6831,0.9433333333333334,0.00998645168764533,discard,0.688645
6832,6832,0.9433333333333334,0.00998645168764533,discard,0.688741
6833,6833,0.9433333333333334,0.00998645168764533,request_rescan,0.688838
6834,6834,0.9433333333333334,0.00998645168764533,request_rescan,0.688933
6835,6835,0.9433333333333334,0.00998645168764533,discard,0.689027
6836,6836,0.76,0.00998645168764533,log_and_continue,0.689132
6837,6837,0.6633333333333333,0.00998645168764533,log_and_continue,0.689268
6838,6838,0.9433333333333334,0.00998645168764533,request_rescan,0.689382
6839,6839,0.76,0.00998645168764533,log_and_continue,0.68948
6840,6840,0.76,0.00998645168764533,log_and_continue,0.689585
6841,6841,0.9433333333333334,0.00998645168764533,discard,0.689686
6842,6842,0.9433333333333334,0.00998645168764533,discard,0.689782
6843,6843,0.76,0.00998645168764533,log_and_continue,0.689878
6844,6844,0.9433333333333334,0.00998645168764533,request_rescan,0.689975
6845,6845,0.9433333333333334,0.00998645168764533,request_rescan,0.690067
6846,6846,0.76,0.00998645168764533,log_and_continue,0.690166
6847,6847,0.9433333333333334,0.00998645168764533,request_rescan,0.690267
6848,6848,0.76,0.00998645168764533,log_and_continue,0.690363
6849,6849,0.9433333333333334,0.00998645168764533,discard,0.690458
6850,6850,0.76,0.00998645168764533,log_and_continue,0.690559
6851,6851,0.9433333333333334,0.00998645168764533,discard,0.690656
6852,6852,0.9433333333333334,0.00998645168764533,request_rescan,0.69075
6853,6853,0.9433333333333334,0.00998645168764533,discard,0.690843
6854,6854,0.9433333333333334,0.00998645168764533,request_rescan,0.69094
6855,6855,0.9433333333333334,0.00998645168764533,request_rescan,0.691036
6856,6856,0.9433333333333334,0.00998645168764533,request_rescan,0.691137
6857,6857,0.9433333333333334,0.00998645168764533,discard,0.691234
6858,6858,0.9433333333333334,0.00998645168764533,discard,0.691331
6859,6859,0.9433333333333334,0.00998645168764533,discard,0.691431
6860,6860,0.9433333333333334,0.00998645168764533,request_rescan,0.691534
6861,6861,0.76,0.00998645168764533,log_and_continue,0.691634
6862,6862,0.9433333333333334,0.00998645168764533,discard,0.691729
6863,6863,0.9433333333333334,0.00998645168764533,discard,0.691831
6864,6864,0.76,0.00998645168764533,log_and_continue,0.691929
6865,6865,0.9433333333333334,0.00998645168764533,discard,0.692027
6866,6866,0.9433333333333334,0.00998645168764533,discard,0.692122
6867,6867,0.9433333333333334,0.00998645168764533,request_rescan,0.692222
6868,6868,0.9433333333333334,0.00998645168764533,discard,0.692327
6869,6869,0.9433333333333334,0.00998645168764533,discard,0.692426
6870,6870,0.76,0.00998645168764533,log_and_continue,0.692522
6871,6871,0.9433333333333334,0.00998645168764533,discard,0.692654
6872,6872,0.9433333333333334,0.00998645168764533,request_rescan,0.692753
6873,6873,0.9433333333333334,0.00998645168764533,request_rescan,0.692855
6874,6874,0.76,0.00998645168764533,log_and_continue,0.692957
6875,6875,0.9433333333333334,0.00998645168764533,discard,0.693056
6876,6876,0.9433333333333334,0.00998645168764533,discard,0.693152
6877,6877,0.9433333333333334,0.00998645168764533,discard,0.693251
6878,6878,0.76,0.00998645168764533,log_and_continue,0.693349
6879,6879,0.9433333333333334,0.00998645168764533,discard,0.693445
6880,6880,0.9433333333333334,0.00998645168764533,discard,0.693543
6881,6881,0.9433333333333334,0.00998645168764533,discard,0.693643
6882,6882,0.9433333333333334,0.00998645168764533,discard,0.693738
6883,6883,0.76,0.00998645168764533,log_and_continue,0.693835
6884,6884,0.9433333333333334,0.00998645168764533,request_rescan,0.693931
6885,6885,0.9433333333333334,0.00998645168764533,discard,0.694028
6886,6886,0.9433333333333334,0.00998645168764533,request_rescan,0.694124
6887,6887,0.76,0.00998645168764533,log_and_continue,0.694226
6888,6888,0.9433333333333334,0.00998645168764533,discard,0.69433
6889,6889,0.9433333333333334,0.00998645168764533,discard,0.69443
6890,6890,0.9433333333333334,0.00998645168764533,discard,0.694528
6891,6891,0.9433333333333334,0.00998645168764533,request_rescan,0.694626
6892,6892,0.76,0.00998645168764533,log_and_continue,0.694724
6893,6893,0.9433333333333334,0.00998645168764533,request_rescan,0.694824
6894,6894,0.9433333333333334,0.00998645168764533,discard,0.694926
6895,6895,0.9433333333333334,0.00998645168764533,discard,0.695026
6896,6896,0.76,0.00998645168764533,log_and_continue,0.695123
6897,6897,0.9433333333333334,0.00998645168764533,discard,0.695216
6898,6898,0.9433333333333334,0.00998645168764533,discard,0.695312
6899,6899,0.76,0.00998645168764533,log_and_continue,0.695409
6900,6900,0.9433333333333334,0.00998645168764533,request_rescan,0.695503
6901,6901,0.9433333333333334,0.00998645168764533,discard,0.695662
6902,6902,0.9433333333333334,0.00998645168764533,discard,0.695787
6903,6903,0.9433333333333334,0.00998645168764533,request_rescan,0.695889
6904,6904,0.76,0.00998645168764533,log_and_continue,0.695989
6905,6905,0.9433333333333334,0.00998645168764533,discard,0.696088
6906,6906,0.9433333333333334,0.00998645168764533,discard,0.696185
6907,6907,0.9433333333333334,0.00998645168764533,discard,0.696289
6908,6908,0.76,0.00998645168764533,log_and_continue,0.696392
6909,6909,0.9433333333333334,0.00998645168764533,discard,0.696492
6910,6910,0.9433333333333334,0.00998645168764533,request_rescan,0.69659
6911,6911,0.9433333333333334,0.00998645168764533,discard,0.696683
6912,6912,0.9433333333333334,0.00998645168764533,discard,0.696775
6913,6913,0.9433333333333334,0.00998645168764533,request_rescan,0.696895
6914,6914,0.9433333333333334,0.00998645168764533,request_rescan,0.69699
6915,6915,0.9433333333333334,0.00998645168764533,request_rescan,0.697086
6916,6916,0.76,0.00998645168764533,log_and_continue,0.697183
6917,6917,0.9433333333333334,0.00998645168764533,discard,0.697299
6918,6918,0.9433333333333334,0.00998645168764533,discard,0.697405
6919,6919,0.9433333333333334,0.00998645168764533,request_rescan,0.697506
6920,6920,0.9433333333333334,0.00998645168764533,discard,0.697602
6921,6921,0.76,0.00998645168764533,log_and_continue,0.697699
6922,6922,0.9433333333333334,0.00998645168764533,request_rescan,0.697809
6923,6923,0.9433333333333334,0.00998645168764533,discard,0.697906
6924,6924,0.9433333333333334,0.00998645168764533,discard,0.698002
6925,6925,0.9433333333333334,0.00998645168764533,request_rescan,0.698096
6926,6926,0.76,0.00998645168764533,log_and_continue,0.698199
6927,6927,0.9433333333333334,0.00998645168764533,discard,0.698299
6928,6928,0.9433333333333334,0.00998645168764533,discard,0.698395
6929,6929,0.9433333333333334,0.00998645168764533,discard,0.698495
6930,6930,0.9433333333333334,0.00998645168764533,discard,0.698589
6931,6931,0.9433333333333334,0.00998645168764533,discard,0.69868
6932,6932,0.76,0.00998645168764533,log_and_continue,0.698775
6933,6933,0.9433333333333334,0.00998645168764533,discard,0.698876
6934,6934,0.9433333333333334,0.00998645168764533,request_rescan,0.698971
6935,6935,0.9433333333333334,0.00998645168764533,request_rescan,0.699062
6936,6936,0.9433333333333334,0.00998645168764533,discard,0.699158
6937,6937,0.9433333333333334,0.00998645168764533,request_rescan,0.699259
6938,6938,0.9433333333333334,0.00998645168764533,discard,0.699352
6939,6939,0.9433333333333334,0.00998645168764533,discard,0.699452
6940,6940,0.76,0.00998645168764533,log_and_continue,0.699551
6941,6941,0.9433333333333334,0.00998645168764533,discard,0.699648
6942,6942,0.9433333333333334,0.00998645168764533,discard,0.699746
6943,6943,0.76,0.00998645168764533,log_and_continue,0.699841
6944,6944,0.9433333333333334,0.00998645168764533,discard,0.699936
6945,6945,0.9433333333333334,0.00998645168764533,discard,0.700029
6946,6946,0.9433333333333334,0.00998645168764533,discard,0.700123
6947,6947,0.9433333333333334,0.00998645168764533,request_rescan,0.700222
6948,6948,0.9433333333333334,0.00998645168764533,request_rescan,0.700321
6949,6949,0.9433333333333334,0.00998645168764533,request_rescan,0.70042
6950,6950,0.9433333333333334,0.00998645168764533,request_rescan,0.700513
6951,6951,0.76,0.00998645168764533,log_and_continue,0.700609
6952,6952,0.9433333333333334,0.00998645168764533,discard,0.700706
6953,6953,0.9433333333333334,0.00998645168764533,request_rescan,0.700798
6954,6954,0.9433333333333334,0.00998645168764533,discard,0.7009
6955,6955,0.76,0.00998645168764533,log_and_continue,0.700998
6956,6956,0.9433333333333334,0.00998645168764533,request_rescan,0.701092
6957,6957,0.76,0.00998645168764533,log_and_continue,0.701189
6958,6958,0.9433333333333334,0.00998645168764533,request_rescan,0.701287
6959,6959,0.9433333333333334,0.00998645168764533,discard,0.701382
6960,6960,0.9433333333333334,0.00998645168764533,request_rescan,0.701477
6961,6961,0.9433333333333334,0.00998645168764533,request_rescan,0.701572
6962,6962,0.9433333333333334,0.00998645168764533,discard,0.701672
6963,6963,0.9433333333333334,0.00998645168764533,discard,0.701772
6964,6964,0.9433333333333334,0.00998645168764533,discard,0.701872
6965,6965,0.76,0.00998645168764533,log_and_continue,0.701967
6966,6966,0.9433333333333334,0.00998645168764533,discard,0.702066
6967,6967,0.9433333333333334,0.00998645168764533,discard,0.702164
6968,6968,0.9433333333333334,0.00998645168764533,request_rescan,0.702266
6969,6969,0.9433333333333334,0.00998645168764533,request_rescan,0.702368
6970,6970,0.76,0.00998645168764533,log_and_continue,0.702468
6971,6971,0.9433333333333334,0.00998645168764533,discard,0.702564
6972,6972,0.9433333333333334,0.00998645168764533,request_rescan,0.702659
6973,6973,0.9433333333333334,0.00998645168764533,discard,0.702754
6974,6974,0.9433333333333334,0.00998645168764533,discard,0.702847
6975,6975,0.9433333333333334,0.00998645168764533,discard,0.702947
6976,6976,0.9433333333333334,0.00998645168764533,discard,0.703049
6977,6977,0.76,0.00998645168764533,log_and_continue,0.703149
6978,6978,0.9433333333333334,0.00998645168764533,discard,0.703249
6979,6979,0.9433333333333334,0.00998645168764533,request_rescan,0.70335
6980,6980,0.9433333333333334,0.00998645168764533,discard,0.70345
6981,6981,0.9433333333333334,0.00998645168764533,discard,0.703548
6982,6982,0.9433333333333334,0.00998645168764533,request_rescan,0.703644
6983,6983,0.9433333333333334,0.00998645168764533,discard,0.703741
6984,6984,0.76,0.00998645168764533,log_and_continue,0.70384
6985,6985,0.9433333333333334,0.00998645168764533,discard,0.703934
6986,6986,0.76,0.00998645168764533,log_and_continue,0.704033
6987,6987,0.9433333333333334,0.00998645168764533,discard,0.704166
6988,6988,0.9433333333333334,0.00998645168764533,request_rescan,0.704299
6989,6989,0.76,0.00998645168764533,log_and_continue,0.704417
6990,6990,0.9433333333333334,0.00998645168764533,discard,0.704511
6991,6991,0.76,0.00998645168764533,log_and_continue,0.704609
6992,6992,0.9433333333333334,0.00998645168764533,discard,0.704703
6993,6993,0.76,0.00998645168764533,log_and_continue,0.704799
6994,6994,0.9433333333333334,0.00998645168764533,request_rescan,0.704899
6995,6995,0.76,0.00998645168764533,log_and_continue,0.704995
6996,6996,0.76,0.00998645168764533,log_and_continue,0.705092
6997,6997,0.9433333333333334,0.00998645168764533,discard,0.705188
6998,6998,0.9433333333333334,0.00998645168764533,request_rescan,0.705286
6999,6999,0.9433333333333334,0.00998645168764533,discard,0.705386
7000,7000,0.9433333333333334,0.00998645168764533,request_rescan,0.70548
7001,7001,0.9433333333333334,0.00998645168764533,request_rescan,0.705656
7002,7002,0.76,0.00998645168764533,log_and_continue,0.705768
7003,7003,0.9433333333333334,0.00998645168764533,discard,0.705872
7004,7004,0.76,0.00998645168764533,log_and_continue,0.705972
7005,7005,0.9433333333333334,0.00998645168764533,discard,0.706075
7006,7006,0.9433333333333334,0.00998645168764533,request_rescan,0.706176
7007,7007,0.9433333333333334,0.00998645168764533,request_rescan,0.706281
7008,7008,0.9433333333333334,0.00998645168764533,discard,0.706384
7009,7009,0.9433333333333334,0.00998645168764533,request_rescan,0.706486
7010,7010,0.9433333333333334,0.00998645168764533,request_rescan,0.706582
7011,7011,0.76,0.00998645168764533,log_and_continue,0.706677
7012,7012,0.9433333333333334,0.00998645168764533,discard,0.70677
7013,7013,0.9433333333333334,0.00998645168764533,discard,0.706869
7014,7014,0.76,0.00998645168764533,log_and_continue,0.706967
7015,7015,0.9433333333333334,0.00998645168764533,discard,0.707067
7016,7016,0.9433333333333334,0.00998645168764533,discard,0.707165
7017,7017,0.9433333333333334,0.00998645168764533,request_rescan,0.707264
7018,7018,0.76,0.00998645168764533,log_and_continue,0.707359
7019,7019,0.9433333333333334,0.00998645168764533,discard,0.707452
7020,7020,0.76,0.00998645168764533,log_and_continue,0.707545
7021,7021,0.9433333333333334,0.00998645168764533,request_rescan,0.707639
7022,7022,0.9433333333333334,0.00998645168764533,request_rescan,0.707736
7023,7023,0.9433333333333334,0.00998645168764533,discard,0.707836
7024,7024,0.9433333333333334,0.00998645168764533,request_rescan,0.707932
7025,7025,0.9433333333333334,0.00998645168764533,discard,0.708029
7026,7026,0.76,0.00998645168764533,log_and_continue,0.708126
7027,7027,0.9433333333333334,0.00998645168764533,request_rescan,0.708219
7028,7028,0.9433333333333334,0.00998645168764533,discard,0.708319
7029,7029,0.9433333333333334,0.00998645168764533,discard,0.708413
7030,7030,0.76,0.00998645168764533,log_and_continue,0.708508
7031,7031,0.9433333333333334,0.00998645168764533,discard,0.708601
7032,7032,0.9433333333333334,0.00998645168764533,request_rescan,0.708693
7033,7033,0.76,0.00998645168764533,log_and_continue,0.70879
7034,7034,0.9433333333333334,0.00998645168764533,request_rescan,0.708886
7035,7035,0.9433333333333334,0.00998645168764533,discard,0.708983
7036,7036,0.9433333333333334,0.00998645168764533,request_rescan,0.709079
7037,7037,0.9433333333333334,0.00998645168764533,discard,0.709173
7038,7038,0.9433333333333334,0.00998645168764533,request_rescan,0.709318
7039,7039,0.9433333333333334,0.00998645168764533,discard,0.709415
7040,7040,0.9433333333333334,0.00998645168764533,discard,0.709511
7041,7041,0.9433333333333334,0.00998645168764533,request_rescan,0.70961
7042,7042,0.9433333333333334,0.00998645168764533,request_rescan,0.709701
7043,7043,0.9433333333333334,0.00998645168764533,request_rescan,0.70979
7044,7044,0.9433333333333334,0.00998645168764533,discard,0.709885
7045,7045,0.76,0.00998645168764533,log_and_continue,0.70999
7046,7046,0.76,0.00998645168764533,log_and_continue,0.710087
7047,7047,0.76,0.00998645168764533,log_and_continue,0.710181
7048,7048,0.76,0.00998645168764533,log_and_continue,0.710277
7049,7049,0.9433333333333334,0.00998645168764533,discard,0.710375
7050,7050,0.9433333333333334,0.00998645168764533,discard,0.710469
7051,7051,0.9433333333333334,0.00998645168764533,discard,0.710566
7052,7052,0.9433333333333334,0.00998645168764533,discard,0.710661
7053,7053,0.9433333333333334,0.00998645168764533,discard,0.710756
7054,7054,0.9433333333333334,0.00998645168764533,request_rescan,0.710852
7055,7055,0.9433333333333334,0.00998645168764533,discard,0.710946
7056,7056,0.76,0.00998645168764533,log_and_continue,0.71104
7057,7057,0.9433333333333334,0.00998645168764533,discard,0.711133
7058,7058,0.9433333333333334,0.00998645168764533,discard,0.711228
7059,7059,0.9433333333333334,0.00998645168764533,discard,0.711326
7060,7060,0.76,0.00998645168764533,log_and_continue,0.711422
7061,7061,0.9433333333333334,0.00998645168764533,discard,0.711518
7062,7062,0.9433333333333334,0.00998645168764533,discard,0.711617
7063,7063,0.9433333333333334,0.00998645168764533,discard,0.711713
7064,7064,0.76,0.00998645168764533,log_and_continue,0.711809
7065,7065,0.9433333333333334,0.00998645168764533,request_rescan,0.711905
7066,7066,0.9433333333333334,0.00998645168764533,discard,0.711999
7067,7067,0.9433333333333334,0.00998645168764533,discard,0.712094
7068,7068,0.9433333333333334,0.00998645168764533,discard,0.712188
7069,7069,0.9433333333333334,0.00998645168764533,discard,0.712284
7070,7070,0.9433333333333334,0.00998645168764533,discard,0.712393
7071,7071,0.9433333333333334,0.00998645168764533,request_rescan,0.712509
7072,7072,0.9433333333333334,0.00998645168764533,request_rescan,0.712601
7073,7073,0.76,0.00998645168764533,log_and_continue,0.712697
7074,7074,0.9433333333333334,0.00998645168764533,discard,0.712794
7075,7075,0.9433333333333334,0.00998645168764533,discard,0.712885
7076,7076,0.76,0.00998645168764533,discard,0.712984
7077,7077,0.9433333333333334,0.00998645168764533,discard,0.713084
7078,7078,0.9433333333333334,0.00998645168764533,discard,0.713179
7079,7079,0.9433333333333334,0.00998645168764533,request_rescan,0.713281
7080,7080,0.76,0.00998645168764533,log_and_continue,0.713378
7081,7081,0.9433333333333334,0.00998645168764533,request_rescan,0.713494
7082,7082,0.76,0.00998645168764533,log_and_continue,0.71359
7083,7083,0.76,0.00998645168764533,log_and_continue,0.713684
7084,7084,0.9433333333333334,0.00998645168764533,discard,0.713785
7085,7085,0.9433333333333334,0.00998645168764533,request_rescan,0.713902
7086,7086,0.9433333333333334,0.00998645168764533,discard,0.714006
7087,7087,0.9433333333333334,0.00998645168764533,request_rescan,0.714104
7088,7088,0.9433333333333334,0.00998645168764533,discard,0.7142
7089,7089,0.9433333333333334,0.00998645168764533,request_rescan,0.714311
7090,7090,0.9433333333333334,0.00998645168764533,discard,0.714406
7091,7091,0.9433333333333334,0.00998645168764533,discard,0.714499
7092,7092,0.9433333333333334,0.00998645168764533,request_rescan,0.714595
7093,7093,0.9433333333333334,0.00998645168764533,discard,0.714694
7094,7094,0.76,0.00998645168764533,log_and_continue,0.714793
7095,7095,0.76,0.00998645168764533,log_and_continue,0.714887
7096,7096,0.9433333333333334,0.00998645168764533,discard,0.714985
7097,7097,0.9433333333333334,0.00998645168764533,discard,0.715082
7098,7098,0.9433333333333334,0.00998645168764533,discard,0.715177
7099,7099,0.9433333333333334,0.00998645168764533,discard,0.715275
7100,7100,0.9433333333333334,0.00998645168764533,request_rescan,0.715372
7101,7101,0.9433333333333334,0.00998645168764533,request_rescan,0.715495
7102,7102,0.76,0.00998645168764533,log_and_continue,0.715592
7103,7103,0.9433333333333334,0.00998645168764533,request_rescan,0.715689
7104,7104,0.9433333333333334,0.00998645168764533,request_rescan,0.715785
7105,7105,0.9433333333333334,0.00998645168764533,request_rescan,0.715878
7106,7106,0.9433333333333334,0.00998645168764533,discard,0.71598
7107,7107,0.76,0.00998645168764533,log_and_continue,0.71608
7108,7108,0.76,0.00998645168764533,log_and_continue,0.716176
7109,7109,0.76,0.00998645168764533,log_and_continue,0.716276
7110,7110,0.9433333333333334,0.00998645168764533,request_rescan,0.716373
7111,7111,0.76,0.00998645168764533,log_and_continue,0.71647
7112,7112,0.9433333333333334,0.00998645168764533,request_rescan,0.716565
7113,7113,0.9433333333333334,0.00998645168764533,discard,0.716666
7114,7114,0.9433333333333334,0.00998645168764533,discard,0.716765
7115,7115,0.9433333333333334,0.00998645168764533,request_rescan,0.716865
7116,7116,0.9433333333333334,0.00998645168764533,request_rescan,0.716963
7117,7117,0.9433333333333334,0.00998645168764533,discard,0.717065
7118,7118,0.9433333333333334,0.00998645168764533,request_rescan,0.717161
7119,7119,0.9433333333333334,0.00998645168764533,request_rescan,0.717262
7120,7120,0.76,0.00998645168764533,log_and_continue,0.717368
7121,7121,0.76,0.00998645168764533,log_and_continue,0.717469
7122,7122,0.76,0.00998645168764533,log_and_continue,0.717567
7123,7123,0.9433333333333334,0.00998645168764533,discard,0.717667
7124,7124,0.9433333333333334,0.00998645168764533,discard,0.717764
7125,7125,0.9433333333333334,0.00998645168764533,discard,0.717858
7126,7126,0.9433333333333334,0.00998645168764533,request_rescan,0.717959
7127,7127,0.9433333333333334,0.00998645168764533,discard,0.71806
7128,7128,0.76,0.00998645168764533,log_and_continue,0.718159
7129,7129,0.9433333333333334,0.00998645168764533,discard,0.718259
7130,7130,0.9433333333333334,0.00998645168764533,discard,0.718362
7131,7131,0.9433333333333334,0.00998645168764533,request_rescan,0.71846
7132,7132,0.76,0.00998645168764533,log_and_continue,0.718566
7133,7133,0.9433333333333334,0.00998645168764533,discard,0.71867
7134,7134,0.76,0.00998645168764533,log_and_continue,0.718768
7135,7135,0.9433333333333334,0.00998645168764533,discard,0.71887
7136,7136,0.9433333333333334,0.00998645168764533,discard,0.718972
7137,7137,0.9433333333333334,0.00998645168764533,request_rescan,0.719071
7138,7138,0.9433333333333334,0.00998645168764533,discard,0.719167
7139,7139,0.76,0.00998645168764533,log_and_continue,0.719268
7140,7140,0.9433333333333334,0.00998645168764533,discard,0.719364
7141,7141,0.76,0.00998645168764533,log_and_continue,0.719459
7142,7142,0.9433333333333334,0.00998645168764533,request_rescan,0.719562
7143,7143,0.76,0.00998645168764533,log_and_continue,0.719662
7144,7144,0.76,0.00998645168764533,log_and_continue,0.719759
7145,7145,0.9433333333333334,0.00998645168764533,request_rescan,0.719855
7146,7146,0.76,0.00998645168764533,log_and_continue,0.71995
7147,7147,0.76,0.00998645168764533,log_and_continue,0.720047
7148,7148,0.9433333333333334,0.00998645168764533,discard,0.720142
7149,7149,0.9433333333333334,0.00998645168764533,discard,0.720243
7150,7150,0.76,0.00998645168764533,log_and_continue,0.720337
7151,7151,0.9433333333333334,0.00998645168764533,discard,0.720435
7152,7152,0.9433333333333334,0.00998645168764533,request_rescan,0.720531
7153,7153,0.9433333333333334,0.00998645168764533,discard,0.720628
7154,7154,0.9433333333333334,0.00998645168764533,request_rescan,0.720729
7155,7155,0.9433333333333334,0.00998645168764533,discard,0.720826
7156,7156,0.9433333333333334,0.00998645168764533,discard,0.720925
7157,7157,0.9433333333333334,0.00998645168764533,discard,0.721019
7158,7158,0.9433333333333334,0.00998645168764533,discard,0.721115
7159,7159,0.9433333333333334,0.00998645168764533,discard,0.721211
7160,7160,0.76,0.00998645168764533,log_and_continue,0.721313
7161,7161,0.9433333333333334,0.00998645168764533,discard,0.721416
7162,7162,0.76,0.00998645168764533,log_and_continue,0.721516
7163,7163,0.9433333333333334,0.00998645168764533,discard,0.721617
7164,7164,0.9433333333333334,0.00998645168764533,discard,0.721713
7165,7165,0.9433333333333334,0.00998645168764533,discard,0.721808
7166,7166,0.9433333333333334,0.00998645168764533,request_rescan,0.721904
7167,7167,0.76,0.00998645168764533,log_and_continue,0.722017
7168,7168,0.76,0.00998645168764533,log_and_continue,0.722121
7169,7169,0.9433333333333334,0.00998645168764533,request_rescan,0.722219
7170,7170,0.76,0.00998645168764533,log_and_continue,0.722318
7171,7171,0.9433333333333334,0.00998645168764533,discard,0.722415
7172,7172,0.9433333333333334,0.00998645168764533,request_rescan,0.722511
7173,7173,0.9433333333333334,0.00998645168764533,discard,0.722612
7174,7174,0.9433333333333334,0.00998645168764533,discard,0.722706
7175,7175,0.76,0.00998645168764533,log_and_continue,0.722803
7176,7176,0.9433333333333334,0.00998645168764533,discard,0.722902
7177,7177,0.9433333333333334,0.00998645168764533,request_rescan,0.723
7178,7178,0.9433333333333334,0.00998645168764533,request_rescan,0.723095
7179,7179,0.9433333333333334,0.00998645168764533,discard,0.72319
7180,7180,0.76,0.00998645168764533,log_and_continue,0.723292
7181,7181,0.76,0.00998645168764533,log_and_continue,0.723388
7182,7182,0.9433333333333334,0.00998645168764533,request_rescan,0.723484
7183,7183,0.9433333333333334,0.00998645168764533,discard,0.723584
7184,7184,0.76,0.00998645168764533,log_and_continue,0.723685
7185,7185,0.9433333333333334,0.00998645168764533,discard,0.723787
7186,7186,0.9433333333333334,0.00998645168764533,discard,0.723882
7187,7187,0.9433333333333334,0.00998645168764533,discard,0.723976
7188,7188,0.9433333333333334,0.00998645168764533,discard,0.724067
7189,7189,0.76,0.00998645168764533,log_and_continue,0.724163
7190,7190,0.9433333333333334,0.00998645168764533,discard,0.72426
7191,7191,0.9433333333333334,0.00998645168764533,discard,0.724358
7192,7192,0.9433333333333334,0.00998645168764533,discard,0.724449
7193,7193,0.9433333333333334,0.00998645168764533,discard,0.724542
7194,7194,0.9433333333333334,0.00998645168764533,discard,0.724634
7195,7195,0.9433333333333334,0.00998645168764533,discard,0.724731
7196,7196,0.9433333333333334,0.00998645168764533,request_rescan,0.724829
7197,7197,0.9433333333333334,0.00998645168764533,request_rescan,0.724925
7198,7198,0.76,0.00998645168764533,log_and_continue,0.725022
7199,7199,0.9433333333333334,0.00998645168764533,request_rescan,0.725117
7200,7200,0.9433333333333334,0.00998645168764533,request_rescan,0.725223
7201,7201,0.9433333333333334,0.00998645168764533,discard,0.725388
7202,7202,0.9433333333333334,0.00998645168764533,request_rescan,0.725499
7203,7203,0.9433333333333334,0.00998645168764533,request_rescan,0.725595
7204,7204,0.76,0.00998645168764533,log_and_continue,0.725691
7205,7205,0.9433333333333334,0.00998645168764533,discard,0.725787
7206,7206,0.9433333333333334,0.00998645168764533,request_rescan,0.725914
7207,7207,0.9433333333333334,0.00998645168764533,request_rescan,0.72601
7208,7208,0.9433333333333334,0.00998645168764533,discard,0.726113
7209,7209,0.9433333333333334,0.00998645168764533,discard,0.726212
7210,7210,0.9433333333333334,0.00998645168764533,discard,0.72631
7211,7211,0.76,0.00998645168764533,log_and_continue,0.726408
7212,7212,0.9433333333333334,0.00998645168764533,discard,0.726501
7213,7213,0.9433333333333334,0.00998645168764533,discard,0.726598
7214,7214,0.76,0.00998645168764533,log_and_continue,0.726692
7215,7215,0.9433333333333334,0.00998645168764533,discard,0.726784
7216,7216,0.76,0.00998645168764533,log_and_continue,0.726879
7217,7217,0.9433333333333334,0.00998645168764533,discard,0.726973
7218,7218,0.9433333333333334,0.00998645168764533,discard,0.727066
7219,7219,0.9433333333333334,0.00998645168764533,discard,0.727159
7220,7220,0.9433333333333334,0.00998645168764533,discard,0.72726
7221,7221,0.9433333333333334,0.00998645168764533,discard,0.727359
7222,7222,0.9433333333333334,0.00998645168764533,discard,0.727451
7223,7223,0.9433333333333334,0.00998645168764533,discard,0.727543
7224,7224,0.9433333333333334,0.00998645168764533,discard,0.727639
7225,7225,0.9433333333333334,0.00998645168764533,discard,0.727737
7226,7226,0.9433333333333334,0.00998645168764533,request_rescan,0.727833
7227,7227,0.9433333333333334,0.00998645168764533,request_rescan,0.72793
7228,7228,0.9433333333333334,0.00998645168764533,discard,0.728027
7229,7229,0.9433333333333334,0.00998645168764533,discard,0.728122
7230,7230,0.9433333333333334,0.00998645168764533,discard,0.728218
7231,7231,0.76,0.00998645168764533,log_and_continue,0.728318
7232,7232,0.76,0.00998645168764533,log_and_continue,0.72842
7233,7233,0.9433333333333334,0.00998645168764533,request_rescan,0.728518
7234,7234,0.9433333333333334,0.00998645168764533,discard,0.728612
7235,7235,0.9433333333333334,0.00998645168764533,discard,0.728706
7236,7236,0.76,0.00998645168764533,log_and_continue,0.728799
7237,7237,0.9433333333333334,0.00998645168764533,discard,0.728896
7238,7238,0.76,0.00998645168764533,log_and_continue,0.728989
7239,7239,0.76,0.00998645168764533,log_and_continue,0.729079
7240,7240,0.9433333333333334,0.00998645168764533,discard,0.729178
7241,7241,0.9433333333333334,0.00998645168764533,discard,0.729279
7242,7242,0.9433333333333334,0.00998645168764533,discard,0.729375
7243,7243,0.76,0.00998645168764533,log_and_continue,0.729475
7244,7244,0.9433333333333334,0.00998645168764533,request_rescan,0.729569
7245,7245,0.9433333333333334,0.00998645168764533,discard,0.729663
7246,7246,0.9433333333333334,0.00998645168764533,discard,0.72976
7247,7247,0.76,0.00998645168764533,log_and_continue,0.729856
7248,7248,0.9433333333333334,0.00998645168764533,request_rescan,0.729952
7249,7249,0.9433333333333334,0.00998645168764533,discard,0.730051
7250,7250,0.76,0.00998645168764533,log_and_continue,0.730167
7251,7251,0.9433333333333334,0.00998645168764533,request_rescan,0.730265
7252,7252,0.9433333333333334,0.00998645168764533,request_rescan,0.730359
7253,7253,0.9433333333333334,0.00998645168764533,discard,0.730453
7254,7254,0.76,0.00998645168764533,log_and_continue,0.730561
7255,7255,0.9433333333333334,0.00998645168764533,request_rescan,0.730664
7256,7256,0.9433333333333334,0.00998645168764533,discard,0.730763
7257,7257,0.76,0.00998645168764533,log_and_continue,0.730873
7258,7258,0.76,0.00998645168764533,log_and_continue,0.730967
7259,7259,0.9433333333333334,0.00998645168764533,discard,0.731063
7260,7260,0.76,0.00998645168764533,log_and_continue,0.73116
7261,7261,0.9433333333333334,0.00998645168764533,request_rescan,0.731258
7262,7262,0.9433333333333334,0.00998645168764533,discard,0.731356
7263,7263,0.76,0.00998645168764533,log_and_continue,0.731453
7264,7264,0.9433333333333334,0.00998645168764533,request_rescan,0.731552
7265,7265,0.9433333333333334,0.00998645168764533,request_rescan,0.731647
7266,7266,0.9433333333333334,0.00998645168764533,discard,0.731744
7267,7267,0.9433333333333334,0.00998645168764533,request_rescan,0.731838
7268,7268,0.9433333333333334,0.00998645168764533,discard,0.731936
7269,7269,0.9433333333333334,0.00998645168764533,request_rescan,0.732032
7270,7270,0.9433333333333334,0.00998645168764533,discard,0.732142
7271,7271,0.9433333333333334,0.00998645168764533,discard,0.732267
7272,7272,0.76,0.00998645168764533,log_and_continue,0.732377
7273,7273,0.9433333333333334,0.00998645168764533,discard,0.732475
7274,7274,0.76,0.00998645168764533,log_and_continue,0.732572
7275,7275,0.9433333333333334,0.00998645168764533,discard,0.732666
7276,7276,0.9433333333333334,0.00998645168764533,discard,0.732766
7277,7277,0.9433333333333334,0.00998645168764533,request_rescan,0.732862
7278,7278,0.76,0.00998645168764533,log_and_continue,0.732957
7279,7279,0.76,0.00998645168764533,log_and_continue,0.733054
7280,7280,0.9433333333333334,0.00998645168764533,discard,0.733154
7281,7281,0.9433333333333334,0.00998645168764533,discard,0.733256
7282,7282,0.9433333333333334,0.00998645168764533,discard,0.733361
7283,7283,0.9433333333333334,0.00998645168764533,discard,0.733459
7284,7284,0.9433333333333334,0.00998645168764533,discard,0.733553
7285,7285,0.9433333333333334,0.00998645168764533,request_rescan,0.733651
7286,7286,0.76,0.00998645168764533,log_and_continue,0.733746
7287,7287,0.9433333333333334,0.00998645168764533,discard,0.733844
7288,7288,0.9433333333333334,0.00998645168764533,request_rescan,0.733943
7289,7289,0.9433333333333334,0.00998645168764533,discard,0.73404
7290,7290,0.9433333333333334,0.00998645168764533,request_rescan,0.734141
7291,7291,0.76,0.00998645168764533,log_and_continue,0.734238
7292,7292,0.9433333333333334,0.00998645168764533,discard,0.734335
7293,7293,0.9433333333333334,0.00998645168764533,discard,0.734431
7294,7294,0.76,0.00998645168764533,log_and_continue,0.734526
7295,7295,0.9433333333333334,0.00998645168764533,discard,0.734622
7296,7296,0.76,0.00998645168764533,log_and_continue,0.734716
7297,7297,0.9433333333333334,0.00998645168764533,discard,0.734811
7298,7298,0.9433333333333334,0.00998645168764533,request_rescan,0.734909
7299,7299,0.9433333333333334,0.00998645168764533,request_rescan,0.735006
7300,7300,0.9433333333333334,0.00998645168764533,discard,0.735103
7301,7301,0.76,0.00998645168764533,log_and_continue,0.735254
7302,7302,0.9433333333333334,0.00998645168764533,request_rescan,0.735363
7303,7303,0.76,0.00998645168764533,log_and_continue,0.735463
7304,7304,0.9433333333333334,0.00998645168764533,discard,0.735563
7305,7305,0.9433333333333334,0.00998645168764533,discard,0.73566
7306,7306,0.9433333333333334,0.00998645168764533,discard,0.735758
7307,7307,0.9433333333333334,0.00998645168764533,discard,0.735857
7308,7308,0.9433333333333334,0.00998645168764533,discard,0.735957
7309,7309,0.9433333333333334,0.00998645168764533,discard,0.736052
7310,7310,0.9433333333333334,0.00998645168764533,discard,0.736149
7311,7311,0.9433333333333334,0.00998645168764533,discard,0.73625
7312,7312,0.9433333333333334,0.00998645168764533,discard,0.736347
7313,7313,0.9433333333333334,0.00998645168764533,discard,0.736441
7314,7314,0.76,0.00998645168764533,log_and_continue,0.736542
7315,7315,0.76,0.00998645168764533,log_and_continue,0.736641
7316,7316,0.76,0.00998645168764533,log_and_continue,0.736737
7317,7317,0.76,0.00998645168764533,log_and_continue,0.736834
7318,7318,0.9433333333333334,0.00998645168764533,discard,0.736932
7319,7319,0.9433333333333334,0.00998645168764533,request_rescan,0.73703
7320,7320,0.9433333333333334,0.00998645168764533,discard,0.73713
7321,7321,0.9433333333333334,0.00998645168764533,discard,0.737275
7322,7322,0.9433333333333334,0.00998645168764533,discard,0.737401
7323,7323,0.76,0.00998645168764533,log_and_continue,0.737511
7324,7324,0.9433333333333334,0.00998645168764533,discard,0.737606
7325,7325,0.9433333333333334,0.00998645168764533,discard,0.737704
7326,7326,0.9433333333333334,0.00998645168764533,request_rescan,0.737805
7327,7327,0.9433333333333334,0.00998645168764533,request_rescan,0.737902
7328,7328,0.9433333333333334,0.00998645168764533,discard,0.737996
7329,7329,0.9433333333333334,0.00998645168764533,discard,0.738094
7330,7330,0.76,0.00998645168764533,request_rescan,0.738191
7331,7331,0.76,0.00998645168764533,log_and_continue,0.738297
7332,7332,0.76,0.00998645168764533,log_and_continue,0.738402
7333,7333,0.9433333333333334,0.00998645168764533,discard,0.738502
7334,7334,0.9433333333333334,0.00998645168764533,discard,0.738599
7335,7335,0.9433333333333334,0.00998645168764533,discard,0.738692
7336,7336,0.9433333333333334,0.00998645168764533,request_rescan,0.738789
7337,7337,0.9433333333333334,0.00998645168764533,discard,0.738883
7338,7338,0.9433333333333334,0.00998645168764533,request_rescan,0.738977
7339,7339,0.9433333333333334,0.00998645168764533,discard,0.739069
7340,7340,0.9433333333333334,0.00998645168764533,request_rescan,0.739164
7341,7341,0.76,0.00998645168764533,log_and_continue,0.739261
7342,7342,0.9433333333333334,0.00998645168764533,request_rescan,0.739358
7343,7343,0.76,0.00998645168764533,log_and_continue,0.739453
7344,7344,0.9433333333333334,0.00998645168764533,discard,0.739551
7345,7345,0.9433333333333334,0.00998645168764533,discard,0.739651
7346,7346,0.9433333333333334,0.00998645168764533,discard,0.739747
7347,7347,0.76,0.00998645168764533,log_and_continue,0.739845
7348,7348,0.9433333333333334,0.00998645168764533,discard,0.739944
7349,7349,0.9433333333333334,0.00998645168764533,request_rescan,0.740042
7350,7350,0.76,0.00998645168764533,log_and_continue,0.740138
7351,7351,0.9433333333333334,0.00998645168764533,discard,0.740232
7352,7352,0.9433333333333334,0.00998645168764533,discard,0.740329
7353,7353,0.9433333333333334,0.00998645168764533,request_rescan,0.740423
7354,7354,0.9433333333333334,0.00998645168764533,discard,0.74052
7355,7355,0.9433333333333334,0.00998645168764533,discard,0.740615
7356,7356,0.9433333333333334,0.00998645168764533,discard,0.740708
7357,7357,0.9433333333333334,0.00998645168764533,discard,0.74081
7358,7358,0.76,0.00998645168764533,log_and_continue,0.740913
7359,7359,0.9433333333333334,0.00998645168764533,discard,0.741015
7360,7360,0.76,0.00998645168764533,log_and_continue,0.741111
7361,7361,0.9433333333333334,0.00998645168764533,discard,0.741208
7362,7362,0.9433333333333334,0.00998645168764533,discard,0.741305
7363,7363,0.9433333333333334,0.00998645168764533,request_rescan,0.741403
7364,7364,0.9433333333333334,0.00998645168764533,request_rescan,0.741497
7365,7365,0.9433333333333334,0.00998645168764533,discard,0.741604
7366,7366,0.9433333333333334,0.00998645168764533,request_rescan,0.74173
7367,7367,0.9433333333333334,0.00998645168764533,discard,0.741835
7368,7368,0.9433333333333334,0.00998645168764533,discard,0.741934
7369,7369,0.9433333333333334,0.00998645168764533,discard,0.742029
7370,7370,0.9433333333333334,0.00998645168764533,discard,0.742131
7371,7371,0.9433333333333334,0.00998645168764533,discard,0.742227
7372,7372,0.9433333333333334,0.00998645168764533,request_rescan,0.742331
7373,7373,0.76,0.00998645168764533,log_and_continue,0.742431
7374,7374,0.9433333333333334,0.00998645168764533,discard,0.742529
7375,7375,0.9433333333333334,0.00998645168764533,discard,0.742666
7376,7376,0.9433333333333334,0.00998645168764533,discard,0.74277
7377,7377,0.9433333333333334,0.00998645168764533,discard,0.742866
7378,7378,0.9433333333333334,0.00998645168764533,discard,0.742963
7379,7379,0.9433333333333334,0.00998645168764533,discard,0.743058
7380,7380,0.9433333333333334,0.00998645168764533,discard,0.743152
7381,7381,0.9433333333333334,0.00998645168764533,request_rescan,0.743253
7382,7382,0.9433333333333334,0.00998645168764533,discard,0.74335
7383,7383,0.9433333333333334,0.00998645168764533,discard,0.743453
7384,7384,0.76,0.00998645168764533,log_and_continue,0.743555
7385,7385,0.76,0.00998645168764533,log_and_continue,0.743651
7386,7386,0.9433333333333334,0.00998645168764533,discard,0.743752
7387,7387,0.9433333333333334,0.00998645168764533,discard,0.743849
7388,7388,0.9433333333333334,0.00998645168764533,discard,0.743946
7389,7389,0.9433333333333334,0.00998645168764533,discard,0.744042
7390,7390,0.76,0.00998645168764533,log_and_continue,0.744143
7391,7391,0.76,0.00998645168764533,log_and_continue,0.744242
7392,7392,0.9433333333333334,0.00998645168764533,request_rescan,0.744339
7393,7393,0.9433333333333334,0.00998645168764533,request_rescan,0.744435
7394,7394,0.9433333333333334,0.00998645168764533,discard,0.744532
7395,7395,0.9433333333333334,0.00998645168764533,request_rescan,0.744627
7396,7396,0.9433333333333334,0.00998645168764533,request_rescan,0.744724
7397,7397,0.9433333333333334,0.00998645168764533,request_rescan,0.744821
7398,7398,0.76,0.00998645168764533,log_and_continue,0.744916
7399,7399,0.76,0.00998645168764533,log_and_continue,0.745012
7400,7400,0.9433333333333334,0.00998645168764533,discard,0.745112
7401,7401,0.9433333333333334,0.00998645168764533,discard,0.745238
7402,7402,0.76,0.00998645168764533,log_and_continue,0.74534
7403,7403,0.9433333333333334,0.00998645168764533,request_rescan,0.745439
7404,7404,0.9433333333333334,0.00998645168764533,request_rescan,0.745533
7405,7405,0.9433333333333334,0.00998645168764533,discard,0.745629
7406,7406,0.9433333333333334,0.00998645168764533,request_rescan,0.745725
7407,7407,0.9433333333333334,0.00998645168764533,discard,0.745826
7408,7408,0.9433333333333334,0.00998645168764533,request_rescan,0.745922
7409,7409,0.9433333333333334,0.00998645168764533,discard,0.746017
7410,7410,0.9433333333333334,0.00998645168764533,request_rescan,0.746112
7411,7411,0.9433333333333334,0.00998645168764533,request_rescan,0.746205
7412,7412,0.76,0.00998645168764533,log_and_continue,0.746306
7413,7413,0.9433333333333334,0.00998645168764533,discard,0.746401
7414,7414,0.9433333333333334,0.00998645168764533,discard,0.746496
7415,7415,0.76,0.00998645168764533,log_and_continue,0.746593
7416,7416,0.9433333333333334,0.00998645168764533,request_rescan,0.746689
7417,7417,0.9433333333333334,0.00998645168764533,discard,0.746816
7418,7418,0.9433333333333334,0.00998645168764533,request_rescan,0.746938
7419,7419,0.9433333333333334,0.00998645168764533,discard,0.747035
7420,7420,0.9433333333333334,0.00998645168764533,discard,0.747132
7421,7421,0.9433333333333334,0.00998645168764533,discard,0.747248
7422,7422,0.9433333333333334,0.00998645168764533,discard,0.747346
7423,7423,0.9433333333333334,0.00998645168764533,discard,0.747439
7424,7424,0.9433333333333334,0.00998645168764533,discard,0.747545
7425,7425,0.9433333333333334,0.00998645168764533,discard,0.747639
7426,7426,0.9433333333333334,0.00998645168764533,request_rescan,0.747735
7427,7427,0.9433333333333334,0.00998645168764533,discard,0.747837
7428,7428,0.9433333333333334,0.00998645168764533,discard,0.74793
7429,7429,0.9433333333333334,0.00998645168764533,discard,0.74802
7430,7430,0.9433333333333334,0.00998645168764533,discard,0.748111
7431,7431,0.9433333333333334,0.00998645168764533,discard,0.748203
7432,7432,0.9433333333333334,0.00998645168764533,discard,0.7483
7433,7433,0.9433333333333334,0.00998645168764533,discard,0.748395
7434,7434,0.9433333333333334,0.00998645168764533,request_rescan,0.748491
7435,7435,0.76,0.00998645168764533,log_and_continue,0.748592
7436,7436,0.9433333333333334,0.00998645168764533,discard,0.748697
7437,7437,0.9433333333333334,0.00998645168764533,request_rescan,0.748797
7438,7438,0.9433333333333334,0.00998645168764533,request_rescan,0.748894
7439,7439,0.9433333333333334,0.00998645168764533,discard,0.748988
7440,7440,0.9433333333333334,0.00998645168764533,discard,0.749081
7441,7441,0.76,0.00998645168764533,log_and_continue,0.74918
7442,7442,0.9433333333333334,0.00998645168764533,discard,0.749295
7443,7443,0.9433333333333334,0.00998645168764533,discard,0.749397
7444,7444,0.9433333333333334,0.00998645168764533,request_rescan,0.749499
7445,7445,0.9433333333333334,0.00998645168764533,request_rescan,0.749597
7446,7446,0.9433333333333334,0.00998645168764533,request_rescan,0.749691
7447,7447,0.76,0.00998645168764533,log_and_continue,0.749787
7448,7448,0.76,0.00998645168764533,log_and_continue,0.749882
7449,7449,0.9433333333333334,0.00998645168764533,discard,0.749979
7450,7450,0.9433333333333334,0.00998645168764533,request_rescan,0.750074
7451,7451,0.9433333333333334,0.00998645168764533,discard,0.750168
7452,7452,0.76,0.00998645168764533,log_and_continue,0.750268
7453,7453,0.9433333333333334,0.00998645168764533,discard,0.750372
7454,7454,0.76,0.00998645168764533,log_and_continue,0.750471
7455,7455,0.9433333333333334,0.00998645168764533,discard,0.750569
7456,7456,0.9433333333333334,0.00998645168764533,discard,0.750665
7457,7457,0.76,0.00998645168764533,log_and_continue,0.750768
7458,7458,0.9433333333333334,0.00998645168764533,discard,0.750864
7459,7459,0.9433333333333334,0.00998645168764533,discard,0.750963
7460,7460,0.76,0.00998645168764533,log_and_continue,0.751063
7461,7461,0.9433333333333334,0.00998645168764533,discard,0.751163
7462,7462,0.9433333333333334,0.00998645168764533,discard,0.751265
7463,7463,0.9433333333333334,0.00998645168764533,request_rescan,0.751363
7464,7464,0.9433333333333334,0.00998645168764533,request_rescan,0.751459
7465,7465,0.9433333333333334,0.00998645168764533,discard,0.751553
7466,7466,0.76,0.00998645168764533,log_and_continue,0.751651
7467,7467,0.9433333333333334,0.00998645168764533,discard,0.751753
7468,7468,0.9433333333333334,0.00998645168764533,request_rescan,0.751851
7469,7469,0.9433333333333334,0.00998645168764533,discard,0.751946
7470,7470,0.76,0.00998645168764533,log_and_continue,0.752043
7471,7471,0.9433333333333334,0.00998645168764533,discard,0.752138
7472,7472,0.9433333333333334,0.00998645168764533,discard,0.752232
7473,7473,0.76,0.00998645168764533,log_and_continue,0.75233
7474,7474,0.9433333333333334,0.00998645168764533,discard,0.752432
7475,7475,0.76,0.00998645168764533,log_and_continue,0.752531
7476,7476,0.9433333333333334,0.00998645168764533,discard,0.752624
7477,7477,0.9433333333333334,0.00998645168764533,discard,0.752737
7478,7478,0.9433333333333334,0.00998645168764533,request_rescan,0.75284
7479,7479,0.9433333333333334,0.00998645168764533,request_rescan,0.752938
7480,7480,0.76,0.00998645168764533,log_and_continue,0.753034
7481,7481,0.9433333333333334,0.00998645168764533,request_rescan,0.753129
7482,7482,0.76,0.00998645168764533,log_and_continue,0.753224
7483,7483,0.9433333333333334,0.00998645168764533,discard,0.753329
7484,7484,0.76,0.00998645168764533,log_and_continue,0.753431
7485,7485,0.76,0.00998645168764533,log_and_continue,0.753526
7486,7486,0.9433333333333334,0.00998645168764533,request_rescan,0.753622
7487,7487,0.76,0.00998645168764533,log_and_continue,0.753718
7488,7488,0.76,0.00998645168764533,log_and_continue,0.753813
7489,7489,0.76,0.00998645168764533,log_and_continue,0.753908
7490,7490,0.9433333333333334,0.00998645168764533,request_rescan,0.754004
7491,7491,0.9433333333333334,0.00998645168764533,discard,0.754109
7492,7492,0.76,0.00998645168764533,log_and_continue,0.754208
7493,7493,0.9433333333333334,0.00998645168764533,discard,0.754328
7494,7494,0.9433333333333334,0.00998645168764533,discard,0.754458
7495,7495,0.76,0.00998645168764533,log_and_continue,0.754579
7496,7496,0.76,0.00998645168764533,log_and_continue,0.754677
7497,7497,0.9433333333333334,0.00998645168764533,discard,0.754773
7498,7498,0.9433333333333334,0.00998645168764533,request_rescan,0.754879
7499,7499,0.9433333333333334,0.00998645168764533,request_rescan,0.754978
7500,7500,0.9433333333333334,0.00998645168764533,request_rescan,0.755074
7501,7501,0.76,0.00998645168764533,log_and_continue,0.755228
7502,7502,0.9433333333333334,0.00998645168764533,discard,0.755332
7503,7503,0.9433333333333334,0.00998645168764533,discard,0.755431
7504,7504,0.76,0.00998645168764533,log_and_continue,0.755534
7505,7505,0.9433333333333334,0.00998645168764533,discard,0.755635
7506,7506,0.9433333333333334,0.00998645168764533,discard,0.755732
7507,7507,0.9433333333333334,0.00998645168764533,discard,0.755828
7508,7508,0.9433333333333334,0.00998645168764533,discard,0.755927
7509,7509,0.76,0.00998645168764533,log_and_continue,0.756029
7510,7510,0.9433333333333334,0.00998645168764533,discard,0.756128
7511,7511,0.9433333333333334,0.00998645168764533,discard,0.756224
7512,7512,0.9433333333333334,0.00998645168764533,request_rescan,0.756325
7513,7513,0.76,0.00998645168764533,log_and_continue,0.756432
7514,7514,0.9433333333333334,0.00998645168764533,request_rescan,0.756531
7515,7515,0.76,0.00998645168764533,log_and_continue,0.756636
7516,7516,0.9433333333333334,0.00998645168764533,request_rescan,0.756734
7517,7517,0.9433333333333334,0.00998645168764533,request_rescan,0.75683
7518,7518,0.9433333333333334,0.00998645168764533,request_rescan,0.756925
7519,7519,0.76,0.00998645168764533,log_and_continue,0.757022
7520,7520,0.9433333333333334,0.00998645168764533,discard,0.757117
7521,7521,0.76,0.00998645168764533,log_and_continue,0.757212
7522,7522,0.76,0.00998645168764533,log_and_continue,0.757311
7523,7523,0.76,0.00998645168764533,log_and_continue,0.757404
7524,7524,0.76,0.00998645168764533,log_and_continue,0.7575
7525,7525,0.76,0.00998645168764533,log_and_continue,0.757598
7526,7526,0.9433333333333334,0.00998645168764533,discard,0.757693
7527,7527,0.9433333333333334,0.00998645168764533,discard,0.757791
7528,7528,0.9433333333333334,0.00998645168764533,request_rescan,0.757886
7529,7529,0.9433333333333334,0.00998645168764533,discard,0.75798
7530,7530,0.9433333333333334,0.00998645168764533,discard,0.758076
7531,7531,0.9433333333333334,0.00998645168764533,request_rescan,0.758173
7532,7532,0.9433333333333334,0.00998645168764533,request_rescan,0.758279
7533,7533,0.76,0.00998645168764533,log_and_continue,0.758379
7534,7534,0.9433333333333334,0.00998645168764533,discard,0.758475
7535,7535,0.9433333333333334,0.00998645168764533,request_rescan,0.758569
7536,7536,0.9433333333333334,0.00998645168764533,discard,0.758661
7537,7537,0.76,0.00998645168764533,log_and_continue,0.758754
7538,7538,0.76,0.00998645168764533,log_and_continue,0.758844
7539,7539,0.9433333333333334,0.00998645168764533,request_rescan,0.758934
7540,7540,0.9433333333333334,0.00998645168764533,request_rescan,0.759025
7541,7541,0.9433333333333334,0.00998645168764533,request_rescan,0.759116
7542,7542,0.9433333333333334,0.00998645168764533,request_rescan,0.759245
7543,7543,0.9433333333333334,0.00998645168764533,discard,0.759346
7544,7544,0.76,0.00998645168764533,log_and_continue,0.759443
7545,7545,0.9433333333333334,0.00998645168764533,discard,0.759538
7546,7546,0.9433333333333334,0.00998645168764533,discard,0.759631
7547,7547,0.9433333333333334,0.00998645168764533,request_rescan,0.759723
7548,7548,0.76,0.00998645168764533,log_and_continue,0.759813
7549,7549,0.9433333333333334,0.00998645168764533,request_rescan,0.759907
7550,7550,0.9433333333333334,0.00998645168764533,discard,0.760002
7551,7551,0.9433333333333334,0.00998645168764533,discard,0.760094
7552,7552,0.76,0.00998645168764533,log_and_continue,0.76019
7553,7553,0.76,0.00998645168764533,log_and_continue,0.760285
7554,7554,0.9433333333333334,0.00998645168764533,discard,0.760381
7555,7555,0.76,0.00998645168764533,log_and_continue,0.760477
7556,7556,0.9433333333333334,0.00998645168764533,discard,0.760574
7557,7557,0.9433333333333334,0.00998645168764533,discard,0.760669
7558,7558,0.9433333333333334,0.00998645168764533,discard,0.760763
7559,7559,0.76,0.00998645168764533,log_and_continue,0.760858
7560,7560,0.9433333333333334,0.00998645168764533,discard,0.76095
7561,7561,0.9433333333333334,0.00998645168764533,discard,0.761043
7562,7562,0.76,0.00998645168764533,log_and_continue,0.761136
7563,7563,0.9433333333333334,0.00998645168764533,request_rescan,0.761232
7564,7564,0.9433333333333334,0.00998645168764533,discard,0.761351
7565,7565,0.76,0.00998645168764533,log_and_continue,0.761476
7566,7566,0.9433333333333334,0.00998645168764533,discard,0.761592
7567,7567,0.9433333333333334,0.00998645168764533,discard,0.761686
7568,7568,0.9433333333333334,0.00998645168764533,request_rescan,0.761783
7569,7569,0.9433333333333334,0.00998645168764533,discard,0.76188
7570,7570,0.9433333333333334,0.00998645168764533,request_rescan,0.761975
7571,7571,0.76,0.00998645168764533,log_and_continue,0.76207
7572,7572,0.76,0.00998645168764533,log_and_continue,0.76217
7573,7573,0.9433333333333334,0.00998645168764533,discard,0.762273
7574,7574,0.76,0.00998645168764533,log_and_continue,0.762371
7575,7575,0.9433333333333334,0.00998645168764533,request_rescan,0.762467
7576,7576,0.9433333333333334,0.00998645168764533,discard,0.762565
7577,7577,0.76,0.00998645168764533,log_and_continue,0.76266
7578,7578,0.9433333333333334,0.00998645168764533,discard,0.762756
7579,7579,0.76,0.00998645168764533,log_and_continue,0.76285
7580,7580,0.9433333333333334,0.00998645168764533,discard,0.762944
7581,7581,0.76,0.00998645168764533,log_and_continue,0.76304
7582,7582,0.9433333333333334,0.00998645168764533,request_rescan,0.763137
7583,7583,0.76,0.00998645168764533,log_and_continue,0.763234
7584,7584,0.76,0.00998645168764533,log_and_continue,0.763332
7585,7585,0.9433333333333334,0.00998645168764533,discard,0.763444
7586,7586,0.9433333333333334,0.00998645168764533,request_rescan,0.763542
7587,7587,0.76,0.00998645168764533,log_and_continue,0.763637
7588,7588,0.9433333333333334,0.00998645168764533,request_rescan,0.763735
7589,7589,0.9433333333333334,0.00998645168764533,discard,0.763835
7590,7590,0.9433333333333334,0.00998645168764533,discard,0.763945
7591,7591,0.9433333333333334,0.00998645168764533,discard,0.764046
7592,7592,0.76,0.00998645168764533,log_and_continue,0.764162
7593,7593,0.9433333333333334,0.00998645168764533,discard,0.764264
7594,7594,0.9433333333333334,0.00998645168764533,discard,0.764358
7595,7595,0.9433333333333334,0.00998645168764533,discard,0.764454
7596,7596,0.76,0.00998645168764533,log_and_continue,0.764555
7597,7597,0.9433333333333334,0.00998645168764533,request_rescan,0.764655
7598,7598,0.9433333333333334,0.00998645168764533,request_rescan,0.764749
7599,7599,0.9433333333333334,0.00998645168764533,discard,0.764841
7600,7600,0.9433333333333334,0.00998645168764533,request_rescan,0.764939
7601,7601,0.9433333333333334,0.00998645168764533,discard,0.765098
7602,7602,0.9433333333333334,0.00998645168764533,request_rescan,0.765237
7603,7603,0.9433333333333334,0.00998645168764533,discard,0.765359
7604,7604,0.9433333333333334,0.00998645168764533,discard,0.765458
7605,7605,0.9433333333333334,0.00998645168764533,request_rescan,0.765556
7606,7606,0.76,0.00998645168764533,log_and_continue,0.765653
7607,7607,0.9433333333333334,0.00998645168764533,discard,0.765753
7608,7608,0.9433333333333334,0.00998645168764533,discard,0.765848
7609,7609,0.76,0.00998645168764533,log_and_continue,0.765946
7610,7610,0.9433333333333334,0.00998645168764533,request_rescan,0.766044
7611,7611,0.9433333333333334,0.00998645168764533,discard,0.766141
7612,7612,0.9433333333333334,0.00998645168764533,request_rescan,0.766236
7613,7613,0.9433333333333334,0.00998645168764533,discard,0.766332
7614,7614,0.9433333333333334,0.00998645168764533,discard,0.766425
7615,7615,0.9433333333333334,0.00998645168764533,request_rescan,0.766522
7616,7616,0.76,0.00998645168764533,log_and_continue,0.766616
7617,7617,0.76,0.00998645168764533,log_and_continue,0.766712
7618,7618,0.9433333333333334,0.00998645168764533,request_rescan,0.766809
7619,7619,0.9433333333333334,0.00998645168764533,discard,0.766907
7620,7620,0.9433333333333334,0.00998645168764533,discard,0.767003
7621,7621,0.9433333333333334,0.00998645168764533,request_rescan,0.767099
7622,7622,0.76,0.00998645168764533,log_and_continue,0.767201
7623,7623,0.76,0.00998645168764533,log_and_continue,0.767303
7624,7624,0.76,0.00998645168764533,log_and_continue,0.7674
7625,7625,0.76,0.00998645168764533,log_and_continue,0.767495
7626,7626,0.9433333333333334,0.00998645168764533,request_rescan,0.767592
7627,7627,0.9433333333333334,0.00998645168764533,discard,0.767693
7628,7628,0.9433333333333334,0.00998645168764533,request_rescan,0.767796
7629,7629,0.9433333333333334,0.00998645168764533,request_rescan,0.767894
7630,7630,0.9433333333333334,0.00998645168764533,request_rescan,0.767991
7631,7631,0.9433333333333334,0.00998645168764533,request_rescan,0.768089
7632,7632,0.9433333333333334,0.00998645168764533,discard,0.768187
7633,7633,0.9433333333333334,0.00998645168764533,discard,0.768285
7634,7634,0.9433333333333334,0.00998645168764533,discard,0.768379
7635,7635,0.9433333333333334,0.00998645168764533,discard,0.768475
7636,7636,0.9433333333333334,0.00998645168764533,discard,0.768575
7637,7637,0.9433333333333334,0.00998645168764533,request_rescan,0.768674
7638,7638,0.9433333333333334,0.00998645168764533,discard,0.768775
7639,7639,0.9433333333333334,0.00998645168764533,discard,0.768877
7640,7640,0.9433333333333334,0.00998645168764533,discard,0.768975
7641,7641,0.76,0.00998645168764533,log_and_continue,0.769074
7642,7642,0.9433333333333334,0.00998645168764533,request_rescan,0.769172
7643,7643,0.76,0.00998645168764533,log_and_continue,0.769273
7644,7644,0.9433333333333334,0.00998645168764533,request_rescan,0.769375
7645,7645,0.9433333333333334,0.00998645168764533,discard,0.76947
7646,7646,0.9433333333333334,0.00998645168764533,discard,0.769569
7647,7647,0.9433333333333334,0.00998645168764533,discard,0.769667
7648,7648,0.9433333333333334,0.00998645168764533,request_rescan,0.769764
7649,7649,0.9433333333333334,0.00998645168764533,request_rescan,0.769859
7650,7650,0.9433333333333334,0.00998645168764533,discard,0.769955
7651,7651,0.76,0.00998645168764533,log_and_continue,0.770052
7652,7652,0.9433333333333334,0.00998645168764533,discard,0.770152
7653,7653,0.9433333333333334,0.00998645168764533,discard,0.770251
7654,7654,0.9433333333333334,0.00998645168764533,request_rescan,0.770349
7655,7655,0.9433333333333334,0.00998645168764533,request_rescan,0.770443
7656,7656,0.9433333333333334,0.00998645168764533,request_rescan,0.770539
7657,7657,0.9433333333333334,0.00998645168764533,discard,0.770639
7658,7658,0.9433333333333334,0.00998645168764533,discard,0.770739
7659,7659,0.9433333333333334,0.00998645168764533,discard,0.770832
7660,7660,0.76,0.00998645168764533,log_and_continue,0.770927
7661,7661,0.9433333333333334,0.00998645168764533,discard,0.771021
7662,7662,0.9433333333333334,0.00998645168764533,request_rescan,0.771114
7663,7663,0.9433333333333334,0.00998645168764533,discard,0.771208
7664,7664,0.9433333333333334,0.00998645168764533,discard,0.771306
7665,7665,0.9433333333333334,0.00998645168764533,discard,0.7714
7666,7666,0.9433333333333334,0.00998645168764533,request_rescan,0.771494
7667,7667,0.9433333333333334,0.00998645168764533,discard,0.771591
7668,7668,0.9433333333333334,0.00998645168764533,discard,0.771705
7669,7669,0.9433333333333334,0.00998645168764533,discard,0.771805
7670,7670,0.9433333333333334,0.00998645168764533,discard,0.771906
7671,7671,0.9433333333333334,0.00998645168764533,request_rescan,0.772009
7672,7672,0.9433333333333334,0.00998645168764533,request_rescan,0.772105
7673,7673,0.9433333333333334,0.00998645168764533,request_rescan,0.772202
7674,7674,0.9433333333333334,0.00998645168764533,discard,0.772304
7675,7675,0.9433333333333334,0.00998645168764533,request_rescan,0.772417
7676,7676,0.9433333333333334,0.00998645168764533,discard,0.772528
7677,7677,0.9433333333333334,0.00998645168764533,request_rescan,0.772623
7678,7678,0.9433333333333334,0.00998645168764533,discard,0.772716
7679,7679,0.76,0.00998645168764533,log_and_continue,0.772813
7680,7680,0.76,0.00998645168764533,log_and_continue,0.772906
7681,7681,0.76,0.00998645168764533,log_and_continue,0.773
7682,7682,0.76,0.00998645168764533,log_and_continue,0.773093
7683,7683,0.76,0.00998645168764533,log_and_continue,0.773187
7684,7684,0.9433333333333334,0.00998645168764533,discard,0.773289
7685,7685,0.9433333333333334,0.00998645168764533,discard,0.773385
7686,7686,0.76,0.00998645168764533,log_and_continue,0.773483
7687,7687,0.76,0.00998645168764533,log_and_continue,0.773578
7688,7688,0.76,0.00998645168764533,log_and_continue,0.773673
7689,7689,0.76,0.00998645168764533,log_and_continue,0.773765
7690,7690,0.76,0.00998645168764533,log_and_continue,0.773859
7691,7691,0.76,0.00998645168764533,log_and_continue,0.773957
7692,7692,0.9433333333333334,0.00998645168764533,discard,0.774051
7693,7693,0.76,0.00998645168764533,log_and_continue,0.774146
7694,7694,0.9433333333333334,0.00998645168764533,request_rescan,0.774244
7695,7695,0.9433333333333334,0.00998645168764533,discard,0.774338
7696,7696,0.76,0.00998645168764533,log_and_continue,0.774433
7697,7697,0.76,0.00998645168764533,log_and_continue,0.774526
7698,7698,0.9433333333333334,0.00998645168764533,request_rescan,0.774621
7699,7699,0.9433333333333334,0.00998645168764533,discard,0.774719
7700,7700,0.9433333333333334,0.00998645168764533,discard,0.774814
7701,7701,0.76,0.00998645168764533,log_and_continue,0.774941
7702,7702,0.9433333333333334,0.00998645168764533,request_rescan,0.775039
7703,7703,0.9433333333333334,0.00998645168764533,discard,0.775133
7704,7704,0.9433333333333334,0.00998645168764533,discard,0.775231
7705,7705,0.9433333333333334,0.00998645168764533,discard,0.775331
7706,7706,0.9433333333333334,0.00998645168764533,discard,0.775423
7707,7707,0.76,0.00998645168764533,log_and_continue,0.775518
7708,7708,0.76,0.00998645168764533,log_and_continue,0.775619
7709,7709,0.9433333333333334,0.00998645168764533,discard,0.775718
7710,7710,0.76,0.00998645168764533,log_and_continue,0.775814
7711,7711,0.9433333333333334,0.00998645168764533,discard,0.775943
7712,7712,0.9433333333333334,0.00998645168764533,request_rescan,0.776038
7713,7713,0.9433333333333334,0.00998645168764533,discard,0.776137
7714,7714,0.76,0.00998645168764533,log_and_continue,0.776245
7715,7715,0.9433333333333334,0.00998645168764533,discard,0.776371
7716,7716,0.9433333333333334,0.00998645168764533,discard,0.776481
7717,7717,0.9433333333333334,0.00998645168764533,request_rescan,0.776578
7718,7718,0.76,0.00998645168764533,log_and_continue,0.776674
7719,7719,0.76,0.00998645168764533,log_and_continue,0.776767
7720,7720,0.9433333333333334,0.00998645168764533,discard,0.776861
7721,7721,0.9433333333333334,0.00998645168764533,discard,0.776954
7722,7722,0.9433333333333334,0.00998645168764533,request_rescan,0.777049
7723,7723,0.9433333333333334,0.00998645168764533,discard,0.777145
7724,7724,0.9433333333333334,0.00998645168764533,discard,0.77724
7725,7725,0.9433333333333334,0.00998645168764533,discard,0.777335
7726,7726,0.9433333333333334,0.00998645168764533,discard,0.777427
7727,7727,0.9433333333333334,0.00998645168764533,discard,0.777522
7728,7728,0.9433333333333334,0.00998645168764533,discard,0.777614
7729,7729,0.9433333333333334,0.00998645168764533,discard,0.777708
7730,7730,0.9433333333333334,0.00998645168764533,request_rescan,0.777804
7731,7731,0.9433333333333334,0.00998645168764533,request_rescan,0.777904
7732,7732,0.9433333333333334,0.00998645168764533,request_rescan,0.777997
7733,7733,0.76,0.00998645168764533,log_and_continue,0.778093
7734,7734,0.76,0.00998645168764533,log_and_continue,0.77819
7735,7735,0.9433333333333334,0.00998645168764533,request_rescan,0.77829
7736,7736,0.9433333333333334,0.00998645168764533,discard,0.778391
7737,7737,0.9433333333333334,0.00998645168764533,request_rescan,0.778486
7738,7738,0.9433333333333334,0.00998645168764533,request_rescan,0.778577
7739,7739,0.76,0.00998645168764533,log_and_continue,0.77867
7740,7740,0.9433333333333334,0.00998645168764533,request_rescan,0.778761
7741,7741,0.76,0.00998645168764533,log_and_continue,0.77885
7742,7742,0.9433333333333334,0.00998645168764533,request_rescan,0.778945
7743,7743,0.9433333333333334,0.00998645168764533,discard,0.779045
7744,7744,0.9433333333333334,0.00998645168764533,request_rescan,0.779137
7745,7745,0.9433333333333334,0.00998645168764533,discard,0.779228
7746,7746,0.9433333333333334,0.00998645168764533,request_rescan,0.779324
7747,7747,0.9433333333333334,0.00998645168764533,discard,0.779423
7748,7748,0.9433333333333334,0.00998645168764533,discard,0.77952
7749,7749,0.9433333333333334,0.00998645168764533,discard,0.779613
7750,7750,0.9433333333333334,0.00998645168764533,discard,0.779704
7751,7751,0.9433333333333334,0.00998645168764533,discard,0.779799
7752,7752,0.9433333333333334,0.00998645168764533,request_rescan,0.779894
7753,7753,0.76,0.00998645168764533,log_and_continue,0.77999
7754,7754,0.76,0.00998645168764533,log_and_continue,0.7801
7755,7755,0.76,0.00998645168764533,log_and_continue,0.780196
7756,7756,0.76,0.00998645168764533,log_and_continue,0.780295
7757,7757,0.9433333333333334,0.00998645168764533,discard,0.780394
7758,7758,0.9433333333333334,0.00998645168764533,discard,0.780504
7759,7759,0.76,0.00998645168764533,log_and_continue,0.780628
7760,7760,0.9433333333333334,0.00998645168764533,discard,0.780725
7761,7761,0.9433333333333334,0.00998645168764533,discard,0.780837
7762,7762,0.76,0.00998645168764533,log_and_continue,0.780933
7763,7763,0.76,0.00998645168764533,log_and_continue,0.781027
7764,7764,0.9433333333333334,0.00998645168764533,discard,0.781127
7765,7765,0.9433333333333334,0.00998645168764533,discard,0.781226
7766,7766,0.9433333333333334,0.00998645168764533,discard,0.781329
7767,7767,0.9433333333333334,0.00998645168764533,request_rescan,0.781426
7768,7768,0.76,0.00998645168764533,log_and_continue,0.781522
7769,7769,0.9433333333333334,0.00998645168764533,request_rescan,0.781619
7770,7770,0.9433333333333334,0.00998645168764533,discard,0.781713
7771,7771,0.9433333333333334,0.00998645168764533,discard,0.781809
7772,7772,0.9433333333333334,0.00998645168764533,request_rescan,0.781905
7773,7773,0.9433333333333334,0.00998645168764533,request_rescan,0.782004
7774,7774,0.9433333333333334,0.00998645168764533,discard,0.7821
7775,7775,0.9433333333333334,0.00998645168764533,discard,0.782199
7776,7776,0.9433333333333334,0.00998645168764533,discard,0.7823
7777,7777,0.9433333333333334,0.00998645168764533,request_rescan,0.782395
7778,7778,0.9433333333333334,0.00998645168764533,discard,0.782492
7779,7779,0.9433333333333334,0.00998645168764533,request_rescan,0.782588
7780,7780,0.9433333333333334,0.00998645168764533,request_rescan,0.782685
7781,7781,0.9433333333333334,0.00998645168764533,discard,0.782784
7782,7782,0.9433333333333334,0.00998645168764533,discard,0.782879
7783,7783,0.9433333333333334,0.00998645168764533,request_rescan,0.782973
7784,7784,0.9433333333333334,0.00998645168764533,discard,0.783069
7785,7785,0.9433333333333334,0.00998645168764533,discard,0.783163
7786,7786,0.9433333333333334,0.00998645168764533,discard,0.783269
7787,7787,0.9433333333333334,0.00998645168764533,request_rescan,0.783371
7788,7788,0.9433333333333334,0.00998645168764533,discard,0.783471
7789,7789,0.9433333333333334,0.00998645168764533,discard,0.783568
7790,7790,0.9433333333333334,0.00998645168764533,discard,0.78366
7791,7791,0.9433333333333334,0.00998645168764533,discard,0.783759
7792,7792,0.9433333333333334,0.00998645168764533,discard,0.783861
7793,7793,0.9433333333333334,0.00998645168764533,discard,0.783959
7794,7794,0.9433333333333334,0.00998645168764533,discard,0.784055
7795,7795,0.76,0.00998645168764533,log_and_continue,0.784155
7796,7796,0.76,0.00998645168764533,log_and_continue,0.784255
7797,7797,0.9433333333333334,0.00998645168764533,request_rescan,0.784368
7798,7798,0.9433333333333334,0.00998645168764533,request_rescan,0.784474
7799,7799,0.9433333333333334,0.00998645168764533,discard,0.784575
7800,7800,0.9433333333333334,0.00998645168764533,request_rescan,0.784675
7801,7801,0.9433333333333334,0.00998645168764533,discard,0.78484
7802,7802,0.9433333333333334,0.00998645168764533,discard,0.784965
7803,7803,0.76,0.00998645168764533,log_and_continue,0.785069
7804,7804,0.9433333333333334,0.00998645168764533,discard,0.785168
7805,7805,0.9433333333333334,0.00998645168764533,discard,0.785268
7806,7806,0.9433333333333334,0.00998645168764533,request_rescan,0.785366
7807,7807,0.9433333333333334,0.00998645168764533,request_rescan,0.785466
7808,7808,0.9433333333333334,0.00998645168764533,request_rescan,0.785565
7809,7809,0.9433333333333334,0.00998645168764533,discard,0.785666
7810,7810,0.9433333333333334,0.00998645168764533,discard,0.785765
7811,7811,0.9433333333333334,0.00998645168764533,discard,0.785866
7812,7812,0.9433333333333334,0.00998645168764533,discard,0.785968
7813,7813,0.9433333333333334,0.00998645168764533,request_rescan,0.786067
7814,7814,0.9433333333333334,0.00998645168764533,discard,0.786162
7815,7815,0.76,0.00998645168764533,log_and_continue,0.786264
7816,7816,0.76,0.00998645168764533,log_and_continue,0.78636
7817,7817,0.76,0.00998645168764533,log_and_continue,0.786455
7818,7818,0.9433333333333334,0.00998645168764533,discard,0.786556
7819,7819,0.9433333333333334,0.00998645168764533,discard,0.786659
7820,7820,0.9433333333333334,0.00998645168764533,request_rescan,0.786757
7821,7821,0.9433333333333334,0.00998645168764533,discard,0.786852
7822,7822,0.9433333333333334,0.00998645168764533,discard,0.786967
7823,7823,0.9433333333333334,0.00998645168764533,discard,0.787063
7824,7824,0.9433333333333334,0.00998645168764533,request_rescan,0.787159
7825,7825,0.9433333333333334,0.00998645168764533,request_rescan,0.787261
7826,7826,0.9433333333333334,0.00998645168764533,request_rescan,0.787368
7827,7827,0.76,0.00998645168764533,log_and_continue,0.78747
7828,7828,0.9433333333333334,0.00998645168764533,discard,0.787566
7829,7829,0.9433333333333334,0.00998645168764533,request_rescan,0.787662
7830,7830,0.9433333333333334,0.00998645168764533,discard,0.78776
7831,7831,0.76,0.00998645168764533,log_and_continue,0.787858
7832,7832,0.76,0.00998645168764533,log_and_continue,0.787952
7833,7833,0.9433333333333334,0.00998645168764533,discard,0.788052
7834,7834,0.9433333333333334,0.00998645168764533,request_rescan,0.78815
7835,7835,0.9433333333333334,0.00998645168764533,discard,0.788248
7836,7836,0.9433333333333334,0.00998645168764533,request_rescan,0.788345
7837,7837,0.9433333333333334,0.00998645168764533,request_rescan,0.788441
7838,7838,0.9433333333333334,0.00998645168764533,discard,0.788538
7839,7839,0.76,0.00998645168764533,log_and_continue,0.788635
7840,7840,0.9433333333333334,0.00998645168764533,discard,0.788735
7841,7841,0.9433333333333334,0.00998645168764533,request_rescan,0.788837
7842,7842,0.9433333333333334,0.00998645168764533,discard,0.788933
7843,7843,0.9433333333333334,0.00998645168764533,discard,0.789026
7844,7844,0.9433333333333334,0.00998645168764533,request_rescan,0.789122
7845,7845,0.9433333333333334,0.00998645168764533,discard,0.789221
7846,7846,0.9433333333333334,0.00998645168764533,discard,0.789316
7847,7847,0.76,0.00998645168764533,log_and_continue,0.789411
7848,7848,0.9433333333333334,0.00998645168764533,request_rescan,0.789506
7849,7849,0.76,0.00998645168764533,log_and_continue,0.789604
7850,7850,0.76,0.00998645168764533,log_and_continue,0.789699
7851,7851,0.9433333333333334,0.00998645168764533,discard,0.789794
7852,7852,0.9433333333333334,0.00998645168764533,discard,0.789887
7853,7853,0.9433333333333334,0.00998645168764533,request_rescan,0.789982
7854,7854,0.9433333333333334,0.00998645168764533,request_rescan,0.790077
7855,7855,0.9433333333333334,0.00998645168764533,request_rescan,0.790171
7856,7856,0.76,0.00998645168764533,log_and_continue,0.790272
7857,7857,0.9433333333333334,0.00998645168764533,request_rescan,0.790373
7858,7858,0.9433333333333334,0.00998645168764533,request_rescan,0.79047
7859,7859,0.9433333333333334,0.00998645168764533,request_rescan,0.790565
7860,7860,0.9433333333333334,0.00998645168764533,request_rescan,0.79066
7861,7861,0.76,0.00998645168764533,log_and_continue,0.790755
7862,7862,0.9433333333333334,0.00998645168764533,discard,0.790856
7863,7863,0.9433333333333334,0.00998645168764533,request_rescan,0.790955
7864,7864,0.76,0.00998645168764533,log_and_continue,0.791056
7865,7865,0.9433333333333334,0.00998645168764533,request_rescan,0.791154
7866,7866,0.9433333333333334,0.00998645168764533,discard,0.791257
7867,7867,0.9433333333333334,0.00998645168764533,discard,0.791371
7868,7868,0.76,0.00998645168764533,log_and_continue,0.791496
7869,7869,0.9433333333333334,0.00998645168764533,discard,0.791601
7870,7870,0.9433333333333334,0.00998645168764533,discard,0.791696
7871,7871,0.9433333333333334,0.00998645168764533,discard,0.791789
7872,7872,0.9433333333333334,0.00998645168764533,discard,0.791885
7873,7873,0.9433333333333334,0.00998645168764533,discard,0.791981
7874,7874,0.9433333333333334,0.00998645168764533,discard,0.792075
7875,7875,0.76,0.00998645168764533,log_and_continue,0.792175
7876,7876,0.9433333333333334,0.00998645168764533,discard,0.792279
7877,7877,0.9433333333333334,0.00998645168764533,discard,0.792375
7878,7878,0.9433333333333334,0.00998645168764533,request_rescan,0.792471
7879,7879,0.9433333333333334,0.00998645168764533,discard,0.792604
7880,7880,0.9433333333333334,0.00998645168764533,discard,0.792699
7881,7881,0.9433333333333334,0.00998645168764533,discard,0.792796
7882,7882,0.76,0.00998645168764533,log_and_continue,0.792896
7883,7883,0.9433333333333334,0.00998645168764533,discard,0.792999
7884,7884,0.9433333333333334,0.00998645168764533,discard,0.793096
7885,7885,0.9433333333333334,0.00998645168764533,discard,0.793194
7886,7886,0.9433333333333334,0.00998645168764533,request_rescan,0.793295
7887,7887,0.9433333333333334,0.00998645168764533,discard,0.793394
7888,7888,0.9433333333333334,0.00998645168764533,request_rescan,0.793492
7889,7889,0.9433333333333334,0.00998645168764533,discard,0.793589
7890,7890,0.9433333333333334,0.00998645168764533,request_rescan,0.793689
7891,7891,0.9433333333333334,0.00998645168764533,discard,0.793786
7892,7892,0.9433333333333334,0.00998645168764533,discard,0.793882
7893,7893,0.9433333333333334,0.00998645168764533,discard,0.793976
7894,7894,0.9433333333333334,0.00998645168764533,discard,0.794073
7895,7895,0.9433333333333334,0.00998645168764533,discard,0.794165
7896,7896,0.76,0.00998645168764533,log_and_continue,0.794266
7897,7897,0.9433333333333334,0.00998645168764533,discard,0.794364
7898,7898,0.9433333333333334,0.00998645168764533,discard,0.794458
7899,7899,0.9433333333333334,0.00998645168764533,discard,0.794556
7900,7900,0.9433333333333334,0.00998645168764533,request_rescan,0.794652
7901,7901,0.9433333333333334,0.00998645168764533,request_rescan,0.794794
7902,7902,0.9433333333333334,0.00998645168764533,discard,0.794925
7903,7903,0.9433333333333334,0.00998645168764533,request_rescan,0.795038
7904,7904,0.9433333333333334,0.00998645168764533,discard,0.795137
7905,7905,0.9433333333333334,0.00998645168764533,discard,0.795231
7906,7906,0.76,0.00998645168764533,log_and_continue,0.795332
7907,7907,0.9433333333333334,0.00998645168764533,discard,0.795433
7908,7908,0.76,0.00998645168764533,log_and_continue,0.795532
7909,7909,0.9433333333333334,0.00998645168764533,discard,0.795627
7910,7910,0.9433333333333334,0.00998645168764533,discard,0.795721
7911,7911,0.9433333333333334,0.00998645168764533,discard,0.795814
7912,7912,0.9433333333333334,0.00998645168764533,discard,0.795916
7913,7913,0.9433333333333334,0.00998645168764533,discard,0.796014
7914,7914,0.9433333333333334,0.00998645168764533,request_rescan,0.796111
7915,7915,0.9433333333333334,0.00998645168764533,discard,0.796203
7916,7916,0.9433333333333334,0.00998645168764533,discard,0.796305
7917,7917,0.76,0.00998645168764533,log_and_continue,0.796403
7918,7918,0.9433333333333334,0.00998645168764533,discard,0.796496
7919,7919,0.9433333333333334,0.00998645168764533,discard,0.796587
7920,7920,0.76,0.00998645168764533,log_and_continue,0.796682
7921,7921,0.9433333333333334,0.00998645168764533,discard,0.79678
7922,7922,0.9433333333333334,0.00998645168764533,discard,0.7969
7923,7923,0.9433333333333334,0.00998645168764533,request_rescan,0.796996
7924,7924,0.9433333333333334,0.00998645168764533,discard,0.797089
7925,7925,0.9433333333333334,0.00998645168764533,discard,0.797183
7926,7926,0.76,0.00998645168764533,log_and_continue,0.797303
7927,7927,0.9433333333333334,0.00998645168764533,request_rescan,0.797402
7928,7928,0.9433333333333334,0.00998645168764533,discard,0.797523
7929,7929,0.9433333333333334,0.00998645168764533,request_rescan,0.797621
7930,7930,0.9433333333333334,0.00998645168764533,discard,0.797721
7931,7931,0.76,0.00998645168764533,log_and_continue,0.797822
7932,7932,0.9433333333333334,0.00998645168764533,discard,0.797926
7933,7933,0.76,0.00998645168764533,log_and_continue,0.798027
7934,7934,0.9433333333333334,0.00998645168764533,discard,0.798168
7935,7935,0.9433333333333334,0.00998645168764533,discard,0.798586
7936,7936,0.9433333333333334,0.00998645168764533,request_rescan,0.798883
7937,7937,0.9433333333333334,0.00998645168764533,discard,0.799123
7938,7938,0.9433333333333334,0.00998645168764533,discard,0.799367
7939,7939,0.9433333333333334,0.00998645168764533,request_rescan,0.799591
7940,7940,0.76,0.00998645168764533,log_and_continue,0.799815
7941,7941,0.76,0.00998645168764533,log_and_continue,0.800277
7942,7942,0.9433333333333334,0.00998645168764533,discard,0.800518
7943,7943,0.9433333333333334,0.00998645168764533,request_rescan,0.800692
7944,7944,0.9433333333333334,0.00998645168764533,discard,0.800825
7945,7945,0.76,0.00998645168764533,log_and_continue,0.800942
7946,7946,0.9433333333333334,0.00998645168764533,request_rescan,0.801056
7947,7947,0.9433333333333334,0.00998645168764533,discard,0.80117
7948,7948,0.9433333333333334,0.00998645168764533,discard,0.80129
7949,7949,0.9433333333333334,0.00998645168764533,discard,0.801411
7950,7950,0.9433333333333334,0.00998645168764533,discard,0.801529
7951,7951,0.9433333333333334,0.00998645168764533,request_rescan,0.801648
7952,7952,0.9433333333333334,0.00998645168764533,discard,0.801781
7953,7953,0.9433333333333334,0.00998645168764533,request_rescan,0.80191
7954,7954,0.76,0.00998645168764533,log_and_continue,0.802056
7955,7955,0.9433333333333334,0.00998645168764533,discard,0.802206
7956,7956,0.9433333333333334,0.00998645168764533,discard,0.802356
7957,7957,0.76,0.00998645168764533,log_and_continue,0.802492
7958,7958,0.76,0.00998645168764533,log_and_continue,0.802615
7959,7959,0.9433333333333334,0.00998645168764533,discard,0.802739
7960,7960,0.76,0.00998645168764533,log_and_continue,0.802869
7961,7961,0.9433333333333334,0.00998645168764533,discard,0.803002
7962,7962,0.9433333333333334,0.00998645168764533,discard,0.803146
7963,7963,0.9433333333333334,0.00998645168764533,discard,0.80328
7964,7964,0.9433333333333334,0.00998645168764533,request_rescan,0.803406
7965,7965,0.9433333333333334,0.00998645168764533,discard,0.803531
7966,7966,0.9433333333333334,0.00998645168764533,discard,0.803647
7967,7967,0.9433333333333334,0.00998645168764533,request_rescan,0.803761
7968,7968,0.9433333333333334,0.00998645168764533,discard,0.803891
7969,7969,0.9433333333333334,0.00998645168764533,discard,0.804031
7970,7970,0.76,0.00998645168764533,log_and_continue,0.804144
7971,7971,0.76,0.00998645168764533,log_and_continue,0.804258
7972,7972,0.9433333333333334,0.00998645168764533,discard,0.804369
7973,7973,0.9433333333333334,0.00998645168764533,discard,0.804474
7974,7974,0.9433333333333334,0.00998645168764533,request_rescan,0.804578
7975,7975,0.9433333333333334,0.00998645168764533,discard,0.804681
7976,7976,0.9433333333333334,0.00998645168764533,discard,0.80478
7977,7977,0.76,0.00998645168764533,log_and_continue,0.804887
7978,7978,0.9433333333333334,0.00998645168764533,discard,0.804994
7979,7979,0.9433333333333334,0.00998645168764533,discard,0.805098
7980,7980,0.9433333333333334,0.00998645168764533,discard,0.805199
7981,7981,0.9433333333333334,0.00998645168764533,discard,0.805313
7982,7982,0.9433333333333334,0.00998645168764533,request_rescan,0.80542
7983,7983,0.9433333333333334,0.00998645168764533,request_rescan,0.805523
7984,7984,0.76,0.00998645168764533,log_and_continue,0.805623
7985,7985,0.76,0.00998645168764533,log_and_continue,0.805728
7986,7986,0.76,0.00998645168764533,log_and_continue,0.805835
7987,7987,0.9433333333333334,0.00998645168764533,discard,0.805936
7988,7988,0.9433333333333334,0.00998645168764533,discard,0.806039
7989,7989,0.9433333333333334,0.00998645168764533,discard,0.806139
7990,7990,0.9433333333333334,0.00998645168764533,discard,0.806244
7991,7991,0.76,0.00998645168764533,log_and_continue,0.806344
7992,7992,0.9433333333333334,0.00998645168764533,request_rescan,0.806448
7993,7993,0.76,0.00998645168764533,log_and_continue,0.806554
7994,7994,0.9433333333333334,0.00998645168764533,discard,0.806654
7995,7995,0.9433333333333334,0.00998645168764533,discard,0.806771
7996,7996,0.9433333333333334,0.00998645168764533,discard,0.8069
7997,7997,0.9433333333333334,0.00998645168764533,request_rescan,0.807002
7998,7998,0.9433333333333334,0.00998645168764533,request_rescan,0.807103
7999,7999,0.76,0.00998645168764533,log_and_continue,0.807206
8000,8000,0.76,0.00998645168764533,log_and_continue,0.807312
8001,8001,0.9433333333333334,0.00998645168764533,discard,0.807529
8002,8002,0.9433333333333334,0.00998645168764533,discard,0.807665
8003,8003,0.76,0.00998645168764533,log_and_continue,0.807777
8004,8004,0.9433333333333334,0.00998645168764533,discard,0.807888
8005,8005,0.9433333333333334,0.00998645168764533,request_rescan,0.807995
8006,8006,0.9433333333333334,0.00998645168764533,discard,0.808094
8007,8007,0.9433333333333334,0.00998645168764533,request_rescan,0.808196
8008,8008,0.9433333333333334,0.00998645168764533,request_rescan,0.808307
8009,8009,0.76,0.00998645168764533,log_and_continue,0.808415
8010,8010,0.9433333333333334,0.00998645168764533,discard,0.808523
8011,8011,0.9433333333333334,0.00998645168764533,request_rescan,0.808632
8012,8012,0.9433333333333334,0.00998645168764533,discard,0.808738
8013,8013,0.9433333333333334,0.00998645168764533,request_rescan,0.808842
8014,8014,0.9433333333333334,0.00998645168764533,discard,0.808943
8015,8015,0.9433333333333334,0.00998645168764533,discard,0.809047
8016,8016,0.9433333333333334,0.00998645168764533,request_rescan,0.809154
8017,8017,0.76,0.00998645168764533,log_and_continue,0.809265
8018,8018,0.9433333333333334,0.00998645168764533,request_rescan,0.809367
8019,8019,0.76,0.00998645168764533,log_and_continue,0.809468
8020,8020,0.9433333333333334,0.00998645168764533,discard,0.809575
8021,8021,0.9433333333333334,0.00998645168764533,request_rescan,0.809686
8022,8022,0.9433333333333334,0.00998645168764533,discard,0.809795
8023,8023,0.76,0.00998645168764533,log_and_continue,0.809904
8024,8024,0.76,0.00998645168764533,log_and_continue,0.810008
8025,8025,0.9433333333333334,0.00998645168764533,request_rescan,0.810113
8026,8026,0.9433333333333334,0.00998645168764533,discard,0.810221
8027,8027,0.76,0.00998645168764533,request_rescan,0.810339
8028,8028,0.9433333333333334,0.00998645168764533,discard,0.810454
8029,8029,0.9433333333333334,0.00998645168764533,request_rescan,0.810564
8030,8030,0.76,0.00998645168764533,log_and_continue,0.81067
8031,8031,0.76,0.00998645168764533,log_and_continue,0.810773
8032,8032,0.9433333333333334,0.00998645168764533,discard,0.810877
8033,8033,0.9433333333333334,0.00998645168764533,request_rescan,0.810986
8034,8034,0.9433333333333334,0.00998645168764533,discard,0.811095
8035,8035,0.9433333333333334,0.00998645168764533,discard,0.811198
8036,8036,0.76,0.00998645168764533,log_and_continue,0.811305
8037,8037,0.9433333333333334,0.00998645168764533,discard,0.811408
8038,8038,0.9433333333333334,0.00998645168764533,request_rescan,0.811508
8039,8039,0.9433333333333334,0.00998645168764533,request_rescan,0.81161
8040,8040,0.76,0.00998645168764533,log_and_continue,0.81171
8041,8041,0.76,0.00998645168764533,log_and_continue,0.811812
8042,8042,0.9433333333333334,0.00998645168764533,request_rescan,0.811915
8043,8043,0.76,0.00998645168764533,log_and_continue,0.812017
8044,8044,0.76,0.00998645168764533,log_and_continue,0.812116
8045,8045,0.9433333333333334,0.00998645168764533,discard,0.812218
8046,8046,0.76,0.00998645168764533,log_and_continue,0.812321
8047,8047,0.9433333333333334,0.00998645168764533,request_rescan,0.812422
8048,8048,0.9433333333333334,0.00998645168764533,discard,0.812521
8049,8049,0.9433333333333334,0.00998645168764533,request_rescan,0.812622
8050,8050,0.76,0.00998645168764533,log_and_continue,0.812722
8051,8051,0.9433333333333334,0.00998645168764533,request_rescan,0.812821
8052,8052,0.76,0.00998645168764533,log_and_continue,0.812925
8053,8053,0.9433333333333334,0.00998645168764533,discard,0.813027
8054,8054,0.76,0.00998645168764533,log_and_continue,0.813128
8055,8055,0.9433333333333334,0.00998645168764533,request_rescan,0.813227
8056,8056,0.9433333333333334,0.00998645168764533,discard,0.813335
8057,8057,0.9433333333333334,0.00998645168764533,discard,0.813441
8058,8058,0.9433333333333334,0.00998645168764533,discard,0.813547
8059,8059,0.9433333333333334,0.00998645168764533,request_rescan,0.813653
8060,8060,0.9433333333333334,0.00998645168764533,discard,0.813758
8061,8061,0.9433333333333334,0.00998645168764533,request_rescan,0.813859
8062,8062,0.9433333333333334,0.00998645168764533,discard,0.813961
8063,8063,0.9433333333333334,0.00998645168764533,request_rescan,0.814061
8064,8064,0.9433333333333334,0.00998645168764533,discard,0.814162
8065,8065,0.9433333333333334,0.00998645168764533,request_rescan,0.814271
8066,8066,0.76,0.00998645168764533,log_and_continue,0.814375
8067,8067,0.9433333333333334,0.00998645168764533,request_rescan,0.814485
8068,8068,0.9433333333333334,0.00998645168764533,request_rescan,0.81459
8069,8069,0.76,0.00998645168764533,log_and_continue,0.81469
8070,8070,0.9433333333333334,0.00998645168764533,request_rescan,0.814795
8071,8071,0.9433333333333334,0.00998645168764533,discard,0.814896
8072,8072,0.9433333333333334,0.00998645168764533,discard,0.815
8073,8073,0.9433333333333334,0.00998645168764533,discard,0.815103
8074,8074,0.9433333333333334,0.00998645168764533,discard,0.815202
8075,8075,0.9433333333333334,0.00998645168764533,discard,0.815307
8076,8076,0.9433333333333334,0.00998645168764533,discard,0.815408
8077,8077,0.76,0.00998645168764533,log_and_continue,0.815513
8078,8078,0.76,0.00998645168764533,log_and_continue,0.815616
8079,8079,0.9433333333333334,0.00998645168764533,request_rescan,0.815731
8080,8080,0.9433333333333334,0.00998645168764533,request_rescan,0.815858
8081,8081,0.9433333333333334,0.00998645168764533,request_rescan,0.815982
8082,8082,0.9433333333333334,0.00998645168764533,discard,0.816087
8083,8083,0.9433333333333334,0.00998645168764533,discard,0.816189
8084,8084,0.9433333333333334,0.00998645168764533,discard,0.816289
8085,8085,0.9433333333333334,0.00998645168764533,discard,0.816393
8086,8086,0.9433333333333334,0.00998645168764533,discard,0.816494
8087,8087,0.9433333333333334,0.00998645168764533,discard,0.816596
8088,8088,0.9433333333333334,0.00998645168764533,discard,0.816697
8089,8089,0.76,0.00998645168764533,log_and_continue,0.816797
8090,8090,0.76,0.00998645168764533,log_and_continue,0.816897
8091,8091,0.9433333333333334,0.00998645168764533,discard,0.816998
8092,8092,0.9433333333333334,0.00998645168764533,discard,0.817102
8093,8093,0.9433333333333334,0.00998645168764533,discard,0.817202
8094,8094,0.9433333333333334,0.00998645168764533,request_rescan,0.817311
8095,8095,0.9433333333333334,0.00998645168764533,discard,0.817414
8096,8096,0.9433333333333334,0.00998645168764533,discard,0.817511
8097,8097,0.9433333333333334,0.00998645168764533,request_rescan,0.817609
8098,8098,0.9433333333333334,0.00998645168764533,request_rescan,0.817708
8099,8099,0.9433333333333334,0.00998645168764533,discard,0.817817
8100,8100,0.76,0.00998645168764533,log_and_continue,0.817925
8101,8101,0.9433333333333334,0.00998645168764533,request_rescan,0.818098
8102,8102,0.9433333333333334,0.00998645168764533,request_rescan,0.818208
8103,8103,0.76,0.00998645168764533,log_and_continue,0.818319
8104,8104,0.9433333333333334,0.00998645168764533,discard,0.818426
8105,8105,0.76,0.00998645168764533,log_and_continue,0.818528
8106,8106,0.9433333333333334,0.00998645168764533,discard,0.818628
8107,8107,0.76,0.00998645168764533,log_and_continue,0.818733
8108,8108,0.9433333333333334,0.00998645168764533,request_rescan,0.81884
8109,8109,0.76,0.00998645168764533,log_and_continue,0.818945
8110,8110,0.9433333333333334,0.00998645168764533,discard,0.819049
8111,8111,0.9433333333333334,0.00998645168764533,request_rescan,0.819154
8112,8112,0.76,0.00998645168764533,log_and_continue,0.819255
8113,8113,0.76,0.00998645168764533,log_and_continue,0.819355
8114,8114,0.9433333333333334,0.00998645168764533,request_rescan,0.819456
8115,8115,0.9433333333333334,0.00998645168764533,discard,0.819557
8116,8116,0.9433333333333334,0.00998645168764533,request_rescan,0.819655
8117,8117,0.76,0.00998645168764533,log_and_continue,0.819755
8118,8118,0.9433333333333334,0.00998645168764533,request_rescan,0.819856
8119,8119,0.76,0.00998645168764533,log_and_continue,0.819958
8120,8120,0.9433333333333334,0.00998645168764533,discard,0.820063
8121,8121,0.9433333333333334,0.00998645168764533,request_rescan,0.820166
8122,8122,0.9433333333333334,0.00998645168764533,discard,0.820272
8123,8123,0.76,0.00998645168764533,log_and_continue,0.820372
8124,8124,0.9433333333333334,0.00998645168764533,request_rescan,0.820472
8125,8125,0.9433333333333334,0.00998645168764533,discard,0.820573
8126,8126,0.9433333333333334,0.00998645168764533,request_rescan,0.820671
8127,8127,0.9433333333333334,0.00998645168764533,discard,0.82078
8128,8128,0.76,0.00998645168764533,log_and_continue,0.820888
8129,8129,0.76,0.00998645168764533,log_and_continue,0.820992
8130,8130,0.9433333333333334,0.00998645168764533,discard,0.821096
8131,8131,0.9433333333333334,0.00998645168764533,request_rescan,0.821197
8132,8132,0.9433333333333334,0.00998645168764533,discard,0.821299
8133,8133,0.9433333333333334,0.00998645168764533,discard,0.821395
8134,8134,0.9433333333333334,0.00998645168764533,discard,0.821504
8135,8135,0.9433333333333334,0.00998645168764533,request_rescan,0.821609
8136,8136,0.9433333333333334,0.00998645168764533,discard,0.821714
8137,8137,0.9433333333333334,0.00998645168764533,discard,0.821827
8138,8138,0.9433333333333334,0.00998645168764533,discard,0.821929
8139,8139,0.9433333333333334,0.00998645168764533,request_rescan,0.822033
8140,8140,0.9433333333333334,0.00998645168764533,discard,0.822134
8141,8141,0.9433333333333334,0.00998645168764533,discard,0.822237
8142,8142,0.9433333333333334,0.00998645168764533,request_rescan,0.822353
8143,8143,0.9433333333333334,0.00998645168764533,discard,0.822464
8144,8144,0.76,0.00998645168764533,log_and_continue,0.822566
8145,8145,0.9433333333333334,0.00998645168764533,discard,0.822666
8146,8146,0.76,0.00998645168764533,log_and_continue,0.822768
8147,8147,0.9433333333333334,0.00998645168764533,discard,0.822868
8148,8148,0.9433333333333334,0.00998645168764533,request_rescan,0.822968
8149,8149,0.9433333333333334,0.00998645168764533,discard,0.823072
8150,8150,0.9433333333333334,0.00998645168764533,request_rescan,0.823172
8151,8151,0.76,0.00998645168764533,log_and_continue,0.823274
8152,8152,0.9433333333333334,0.00998645168764533,request_rescan,0.823375
8153,8153,0.9433333333333334,0.00998645168764533,request_rescan,0.823474
8154,8154,0.9433333333333334,0.00998645168764533,discard,0.823574
8155,8155,0.76,0.00998645168764533,log_and_continue,0.823675
8156,8156,0.9433333333333334,0.00998645168764533,discard,0.823777
8157,8157,0.9433333333333334,0.00998645168764533,discard,0.823873
8158,8158,0.9433333333333334,0.00998645168764533,request_rescan,0.823972
8159,8159,0.9433333333333334,0.00998645168764533,request_rescan,0.824071
8160,8160,0.9433333333333334,0.00998645168764533,request_rescan,0.82417
8161,8161,0.76,0.00998645168764533,log_and_continue,0.824273
8162,8162,0.9433333333333334,0.00998645168764533,discard,0.824372
8163,8163,0.9433333333333334,0.00998645168764533,discard,0.824477
8164,8164,0.9433333333333334,0.00998645168764533,discard,0.824576
8165,8165,0.9433333333333334,0.00998645168764533,discard,0.824673
8166,8166,0.9433333333333334,0.00998645168764533,discard,0.82477
8167,8167,0.76,0.00998645168764533,log_and_continue,0.82487
8168,8168,0.9433333333333334,0.00998645168764533,discard,0.824975
8169,8169,0.76,0.00998645168764533,log_and_continue,0.825078
8170,8170,0.9433333333333334,0.00998645168764533,discard,0.82518
8171,8171,0.9433333333333334,0.00998645168764533,discard,0.825286
8172,8172,0.9433333333333334,0.00998645168764533,discard,0.825387
8173,8173,0.9433333333333334,0.00998645168764533,discard,0.825489
8174,8174,0.76,0.00998645168764533,log_and_continue,0.825588
8175,8175,0.76,0.00998645168764533,log_and_continue,0.825687
8176,8176,0.9433333333333334,0.00998645168764533,request_rescan,0.825802
8177,8177,0.76,0.00998645168764533,log_and_continue,0.825931
8178,8178,0.9433333333333334,0.00998645168764533,discard,0.826042
8179,8179,0.9433333333333334,0.00998645168764533,discard,0.826144
8180,8180,0.76,0.00998645168764533,log_and_continue,0.826249
8181,8181,0.9433333333333334,0.00998645168764533,request_rescan,0.82635
8182,8182,0.9433333333333334,0.00998645168764533,discard,0.826455
8183,8183,0.9433333333333334,0.00998645168764533,request_rescan,0.826556
8184,8184,0.9433333333333334,0.00998645168764533,discard,0.826661
8185,8185,0.9433333333333334,0.00998645168764533,discard,0.826765
8186,8186,0.9433333333333334,0.00998645168764533,request_rescan,0.826868
8187,8187,0.9433333333333334,0.00998645168764533,discard,0.826969
8188,8188,0.9433333333333334,0.00998645168764533,request_rescan,0.827069
8189,8189,0.9433333333333334,0.00998645168764533,request_rescan,0.827169
8190,8190,0.9433333333333334,0.00998645168764533,discard,0.827276
8191,8191,0.9433333333333334,0.00998645168764533,discard,0.827379
8192,8192,0.9433333333333334,0.00998645168764533,discard,0.827477
8193,8193,0.9433333333333334,0.00998645168764533,request_rescan,0.827578
8194,8194,0.9433333333333334,0.00998645168764533,request_rescan,0.827677
8195,8195,0.9433333333333334,0.00998645168764533,discard,0.827776
8196,8196,0.9433333333333334,0.00998645168764533,discard,0.827879
8197,8197,0.76,0.00998645168764533,log_and_continue,0.827982
8198,8198,0.76,0.00998645168764533,log_and_continue,0.828081
8199,8199,0.9433333333333334,0.00998645168764533,discard,0.828184
8200,8200,0.76,0.00998645168764533,log_and_continue,0.828291
8201,8201,0.9433333333333334,0.00998645168764533,discard,0.828452
8202,8202,0.9433333333333334,0.00998645168764533,discard,0.828555
8203,8203,0.9433333333333334,0.00998645168764533,request_rescan,0.828659
8204,8204,0.9433333333333334,0.00998645168764533,discard,0.828763
8205,8205,0.9433333333333334,0.00998645168764533,discard,0.828868
8206,8206,0.76,0.00998645168764533,log_and_continue,0.828968
8207,8207,0.9433333333333334,0.00998645168764533,discard,0.829076
8208,8208,0.76,0.00998645168764533,log_and_continue,0.829182
8209,8209,0.76,0.00998645168764533,log_and_continue,0.829287
8210,8210,0.9433333333333334,0.00998645168764533,discard,0.829386
8211,8211,0.76,0.00998645168764533,log_and_continue,0.829487
8212,8212,0.76,0.00998645168764533,log_and_continue,0.829585
8213,8213,0.9433333333333334,0.00998645168764533,discard,0.829684
8214,8214,0.9433333333333334,0.00998645168764533,discard,0.829783
8215,8215,0.9433333333333334,0.00998645168764533,discard,0.829884
8216,8216,0.76,0.00998645168764533,log_and_continue,0.829984
8217,8217,0.76,0.00998645168764533,log_and_continue,0.83008
8218,8218,0.76,0.00998645168764533,log_and_continue,0.830183
8219,8219,0.9433333333333334,0.00998645168764533,discard,0.830284
8220,8220,0.9433333333333334,0.00998645168764533,discard,0.83038
8221,8221,0.9433333333333334,0.00998645168764533,request_rescan,0.830478
8222,8222,0.9433333333333334,0.00998645168764533,request_rescan,0.830575
8223,8223,0.9433333333333334,0.00998645168764533,discard,0.830671
8224,8224,0.76,0.00998645168764533,log_and_continue,0.830771
8225,8225,0.9433333333333334,0.00998645168764533,request_rescan,0.830874
8226,8226,0.9433333333333334,0.00998645168764533,discard,0.83097
8227,8227,0.9433333333333334,0.00998645168764533,discard,0.831066
8228,8228,0.76,0.00998645168764533,log_and_continue,0.831168
8229,8229,0.76,0.00998645168764533,log_and_continue,0.831271
8230,8230,0.9433333333333334,0.00998645168764533,request_rescan,0.831372
8231,8231,0.9433333333333334,0.00998645168764533,request_rescan,0.831469
8232,8232,0.9433333333333334,0.00998645168764533,request_rescan,0.83156
8233,8233,0.9433333333333334,0.00998645168764533,discard,0.831655
8234,8234,0.9433333333333334,0.00998645168764533,request_rescan,0.831751
8235,8235,0.9433333333333334,0.00998645168764533,request_rescan,0.831847
8236,8236,0.9433333333333334,0.00998645168764533,discard,0.831945
8237,8237,0.9433333333333334,0.00998645168764533,discard,0.832044
8238,8238,0.9433333333333334,0.00998645168764533,discard,0.832139
8239,8239,0.9433333333333334,0.00998645168764533,request_rescan,0.832235
8240,8240,0.76,0.00998645168764533,log_and_continue,0.832333
8241,8241,0.9433333333333334,0.00998645168764533,request_rescan,0.832427
8242,8242,0.9433333333333334,0.00998645168764533,discard,0.832519
8243,8243,0.76,0.00998645168764533,log_and_continue,0.832614
8244,8244,0.9433333333333334,0.00998645168764533,request_rescan,0.832709
8245,8245,0.9433333333333334,0.00998645168764533,discard,0.832806
8246,8246,0.9433333333333334,0.00998645168764533,request_rescan,0.832899
8247,8247,0.76,0.00998645168764533,log_and_continue,0.832995
8248,8248,0.9433333333333334,0.00998645168764533,discard,0.833091
8249,8249,0.9433333333333334,0.00998645168764533,discard,0.833187
8250,8250,0.9433333333333334,0.00998645168764533,request_rescan,0.833284
8251,8251,0.9433333333333334,0.00998645168764533,discard,0.833378
8252,8252,0.9433333333333334,0.00998645168764533,discard,0.833477
8253,8253,0.9433333333333334,0.00998645168764533,discard,0.83357
8254,8254,0.9433333333333334,0.00998645168764533,discard,0.833668
8255,8255,0.9433333333333334,0.00998645168764533,discard,0.833769
8256,8256,0.9433333333333334,0.00998645168764533,request_rescan,0.833866
8257,8257,0.76,0.00998645168764533,log_and_continue,0.833964
8258,8258,0.9433333333333334,0.00998645168764533,discard,0.834065
8259,8259,0.9433333333333334,0.00998645168764533,discard,0.834166
8260,8260,0.9433333333333334,0.00998645168764533,request_rescan,0.834263
8261,8261,0.9433333333333334,0.00998645168764533,discard,0.83436
8262,8262,0.9433333333333334,0.00998645168764533,discard,0.834453
8263,8263,0.9433333333333334,0.00998645168764533,discard,0.834547
8264,8264,0.9433333333333334,0.00998645168764533,request_rescan,0.83465
8265,8265,0.9433333333333334,0.00998645168764533,discard,0.834746
8266,8266,0.9433333333333334,0.00998645168764533,request_rescan,0.834845
8267,8267,0.9433333333333334,0.00998645168764533,request_rescan,0.834939
8268,8268,0.76,0.00998645168764533,log_and_continue,0.835035
8269,8269,0.9433333333333334,0.00998645168764533,discard,0.835132
8270,8270,0.76,0.00998645168764533,log_and_continue,0.835229
8271,8271,0.76,0.00998645168764533,log_and_continue,0.835328
8272,8272,0.9433333333333334,0.00998645168764533,discard,0.835426
8273,8273,0.76,0.00998645168764533,log_and_continue,0.835524
8274,8274,0.76,0.00998645168764533,log_and_continue,0.835619
8275,8275,0.9433333333333334,0.00998645168764533,request_rescan,0.835714
8276,8276,0.9433333333333334,0.00998645168764533,discard,0.835813
8277,8277,0.9433333333333334,0.00998645168764533,discard,0.835909
8278,8278,0.76,0.00998645168764533,log_and_continue,0.836006
8279,8279,0.9433333333333334,0.00998645168764533,request_rescan,0.836104
8280,8280,0.76,0.00998645168764533,log_and_continue,0.836203
8281,8281,0.9433333333333334,0.00998645168764533,discard,0.83631
8282,8282,0.76,0.00998645168764533,log_and_continue,0.836404
8283,8283,0.9433333333333334,0.00998645168764533,discard,0.836501
8284,8284,0.9433333333333334,0.00998645168764533,discard,0.836604
8285,8285,0.76,0.00998645168764533,log_and_continue,0.836702
8286,8286,0.9433333333333334,0.00998645168764533,request_rescan,0.8368
8287,8287,0.9433333333333334,0.00998645168764533,discard,0.836893
8288,8288,0.9433333333333334,0.00998645168764533,request_rescan,0.836987
8289,8289,0.76,0.00998645168764533,log_and_continue,0.837082
8290,8290,0.76,0.00998645168764533,log_and_continue,0.837177
8291,8291,0.9433333333333334,0.00998645168764533,discard,0.837276
8292,8292,0.76,0.00998645168764533,log_and_continue,0.837374
8293,8293,0.9433333333333334,0.00998645168764533,request_rescan,0.837475
8294,8294,0.76,0.00998645168764533,request_rescan,0.837584
8295,8295,0.9433333333333334,0.00998645168764533,discard,0.837681
8296,8296,0.9433333333333334,0.00998645168764533,discard,0.83778
8297,8297,0.9433333333333334,0.00998645168764533,discard,0.837875
8298,8298,0.9433333333333334,0.00998645168764533,discard,0.837972
8299,8299,0.9433333333333334,0.00998645168764533,discard,0.83807
8300,8300,0.9433333333333334,0.00998645168764533,discard,0.838166
8301,8301,0.9433333333333334,0.00998645168764533,request_rescan,0.83831
8302,8302,0.9433333333333334,0.00998645168764533,discard,0.838408
8303,8303,0.9433333333333334,0.00998645168764533,discard,0.838508
8304,8304,0.9433333333333334,0.00998645168764533,discard,0.838604
8305,8305,0.9433333333333334,0.00998645168764533,request_rescan,0.838701
8306,8306,0.9433333333333334,0.00998645168764533,discard,0.838795
8307,8307,0.9433333333333334,0.00998645168764533,request_rescan,0.838888
8308,8308,0.9433333333333334,0.00998645168764533,request_rescan,0.838986
8309,8309,0.9433333333333334,0.00998645168764533,request_rescan,0.839106
8310,8310,0.9433333333333334,0.00998645168764533,discard,0.839239
8311,8311,0.9433333333333334,0.00998645168764533,discard,0.839375
8312,8312,0.9433333333333334,0.00998645168764533,discard,0.839493
8313,8313,0.76,0.00998645168764533,log_and_continue,0.839599
8314,8314,0.9433333333333334,0.00998645168764533,discard,0.839703
8315,8315,0.76,0.00998645168764533,log_and_continue,0.839808
8316,8316,0.9433333333333334,0.00998645168764533,discard,0.839908
8317,8317,0.76,0.00998645168764533,log_and_continue,0.840007
8318,8318,0.76,0.00998645168764533,log_and_continue,0.840104
8319,8319,0.76,0.00998645168764533,log_and_continue,0.840202
8320,8320,0.9433333333333334,0.00998645168764533,request_rescan,0.840309
8321,8321,0.9433333333333334,0.00998645168764533,discard,0.840408
8322,8322,0.9433333333333334,0.00998645168764533,discard,0.84051
8323,8323,0.9433333333333334,0.00998645168764533,request_rescan,0.840616
8324,8324,0.76,0.00998645168764533,log_and_continue,0.840715
8325,8325,0.9433333333333334,0.00998645168764533,discard,0.840818
8326,8326,0.9433333333333334,0.00998645168764533,discard,0.840917
8327,8327,0.9433333333333334,0.00998645168764533,discard,0.841012
8328,8328,0.9433333333333334,0.00998645168764533,discard,0.841107
8329,8329,0.9433333333333334,0.00998645168764533,discard,0.8412
8330,8330,0.9433333333333334,0.00998645168764533,discard,0.841299
8331,8331,0.76,0.00998645168764533,log_and_continue,0.841398
8332,8332,0.9433333333333334,0.00998645168764533,discard,0.8415
8333,8333,0.76,0.00998645168764533,log_and_continue,0.841605
8334,8334,0.9433333333333334,0.00998645168764533,discard,0.841705
8335,8335,0.9433333333333334,0.00998645168764533,discard,0.841802
8336,8336,0.76,0.00998645168764533,log_and_continue,0.841905
8337,8337,0.76,0.00998645168764533,log_and_continue,0.842006
8338,8338,0.76,0.00998645168764533,log_and_continue,0.842104
8339,8339,0.9433333333333334,0.00998645168764533,request_rescan,0.842201
8340,8340,0.9433333333333334,0.00998645168764533,discard,0.842301
8341,8341,0.76,0.00998645168764533,log_and_continue,0.842396
8342,8342,0.9433333333333334,0.00998645168764533,discard,0.842492
8343,8343,0.9433333333333334,0.00998645168764533,discard,0.842584
8344,8344,0.9433333333333334,0.00998645168764533,discard,0.84268
8345,8345,0.76,0.00998645168764533,log_and_continue,0.842777
8346,8346,0.9433333333333334,0.00998645168764533,discard,0.842876
8347,8347,0.76,0.00998645168764533,log_and_continue,0.842969
8348,8348,0.9433333333333334,0.00998645168764533,discard,0.843074
8349,8349,0.9433333333333334,0.00998645168764533,discard,0.843172
8350,8350,0.9433333333333334,0.00998645168764533,discard,0.84327
8351,8351,0.9433333333333334,0.00998645168764533,request_rescan,0.843388
8352,8352,0.9433333333333334,0.00998645168764533,discard,0.843515
8353,8353,0.76,0.00998645168764533,log_and_continue,0.843634
8354,8354,0.9433333333333334,0.00998645168764533,discard,0.84374
8355,8355,0.76,0.00998645168764533,log_and_continue,0.843845
8356,8356,0.76,0.00998645168764533,log_and_continue,0.843947
8357,8357,0.9433333333333334,0.00998645168764533,discard,0.844052
8358,8358,0.9433333333333334,0.00998645168764533,discard,0.844152
8359,8359,0.9433333333333334,0.00998645168764533,request_rescan,0.844258
8360,8360,0.9433333333333334,0.00998645168764533,request_rescan,0.844358
8361,8361,0.9433333333333334,0.00998645168764533,request_rescan,0.844459
8362,8362,0.9433333333333334,0.00998645168764533,discard,0.844559
8363,8363,0.9433333333333334,0.00998645168764533,discard,0.844658
8364,8364,0.9433333333333334,0.00998645168764533,discard,0.84476
8365,8365,0.9433333333333334,0.00998645168764533,discard,0.844862
8366,8366,0.9433333333333334,0.00998645168764533,discard,0.844965
8367,8367,0.76,0.00998645168764533,log_and_continue,0.845067
8368,8368,0.9433333333333334,0.00998645168764533,discard,0.845168
8369,8369,0.9433333333333334,0.00998645168764533,discard,0.845272
8370,8370,0.9433333333333334,0.00998645168764533,discard,0.845372
8371,8371,0.9433333333333334,0.00998645168764533,request_rescan,0.845476
8372,8372,0.76,0.00998645168764533,log_and_continue,0.845583
8373,8373,0.9433333333333334,0.00998645168764533,discard,0.84569
8374,8374,0.9433333333333334,0.00998645168764533,discard,0.845787
8375,8375,0.9433333333333334,0.00998645168764533,discard,0.845889
8376,8376,0.9433333333333334,0.00998645168764533,discard,0.845993
8377,8377,0.76,0.00998645168764533,log_and_continue,0.846097
8378,8378,0.76,0.00998645168764533,log_and_continue,0.846197
8379,8379,0.9433333333333334,0.00998645168764533,request_rescan,0.846308
8380,8380,0.9433333333333334,0.00998645168764533,discard,0.846415
8381,8381,0.9433333333333334,0.00998645168764533,discard,0.846511
8382,8382,0.9433333333333334,0.00998645168764533,discard,0.846613
8383,8383,0.9433333333333334,0.00998645168764533,discard,0.846713
8384,8384,0.9433333333333334,0.00998645168764533,discard,0.84681
8385,8385,0.9433333333333334,0.00998645168764533,request_rescan,0.846909
8386,8386,0.9433333333333334,0.00998645168764533,discard,0.84701
8387,8387,0.9433333333333334,0.00998645168764533,request_rescan,0.847107
8388,8388,0.9433333333333334,0.00998645168764533,discard,0.847207
8389,8389,0.9433333333333334,0.00998645168764533,discard,0.847315
8390,8390,0.9433333333333334,0.00998645168764533,discard,0.847429
8391,8391,0.9433333333333334,0.00998645168764533,discard,0.847535
8392,8392,0.9433333333333334,0.00998645168764533,discard,0.847639
8393,8393,0.9433333333333334,0.00998645168764533,request_rescan,0.84775
8394,8394,0.76,0.00998645168764533,log_and_continue,0.84786
8395,8395,0.9433333333333334,0.00998645168764533,discard,0.84797
8396,8396,0.9433333333333334,0.00998645168764533,discard,0.84808
8397,8397,0.9433333333333334,0.00998645168764533,discard,0.84819
8398,8398,0.76,0.00998645168764533,log_and_continue,0.848302
8399,8399,0.9433333333333334,0.00998645168764533,request_rescan,0.848409
8400,8400,0.9433333333333334,0.00998645168764533,discard,0.848518
8401,8401,0.9433333333333334,0.00998645168764533,discard,0.848718
8402,8402,0.9433333333333334,0.00998645168764533,request_rescan,0.848864
8403,8403,0.76,0.00998645168764533,log_and_continue,0.849001
8404,8404,0.9433333333333334,0.00998645168764533,discard,0.849108
8405,8405,0.76,0.00998645168764533,log_and_continue,0.849212
8406,8406,0.9433333333333334,0.00998645168764533,discard,0.849321
8407,8407,0.9433333333333334,0.00998645168764533,discard,0.849427
8408,8408,0.76,0.00998645168764533,log_and_continue,0.84953
8409,8409,0.9433333333333334,0.00998645168764533,request_rescan,0.849637
8410,8410,0.9433333333333334,0.00998645168764533,request_rescan,0.849745
8411,8411,0.9433333333333334,0.00998645168764533,discard,0.849856
8412,8412,0.9433333333333334,0.00998645168764533,discard,0.849961
8413,8413,0.9433333333333334,0.00998645168764533,request_rescan,0.850065
8414,8414,0.9433333333333334,0.00998645168764533,request_rescan,0.850167
8415,8415,0.9433333333333334,0.00998645168764533,discard,0.850273
8416,8416,0.9433333333333334,0.00998645168764533,discard,0.850386
8417,8417,0.9433333333333334,0.00998645168764533,discard,0.850494
8418,8418,0.76,0.00998645168764533,log_and_continue,0.8506
8419,8419,0.9433333333333334,0.00998645168764533,request_rescan,0.850707
8420,8420,0.76,0.00998645168764533,log_and_continue,0.850812
8421,8421,0.9433333333333334,0.00998645168764533,request_rescan,0.850914
8422,8422,0.9433333333333334,0.00998645168764533,discard,0.85102
8423,8423,0.9433333333333334,0.00998645168764533,request_rescan,0.851125
8424,8424,0.9433333333333334,0.00998645168764533,discard,0.851228
8425,8425,0.9433333333333334,0.00998645168764533,discard,0.851337
8426,8426,0.9433333333333334,0.00998645168764533,discard,0.851443
8427,8427,0.76,0.00998645168764533,log_and_continue,0.851546
8428,8428,0.9433333333333334,0.00998645168764533,request_rescan,0.851649
8429,8429,0.9433333333333334,0.00998645168764533,discard,0.851753
8430,8430,0.9433333333333334,0.00998645168764533,request_rescan,0.851852
8431,8431,0.9433333333333334,0.00998645168764533,discard,0.851953
8432,8432,0.76,0.00998645168764533,log_and_continue,0.852051
8433,8433,0.9433333333333334,0.00998645168764533,discard,0.852147
8434,8434,0.9433333333333334,0.00998645168764533,discard,0.852247
8435,8435,0.9433333333333334,0.00998645168764533,request_rescan,0.852347
8436,8436,0.9433333333333334,0.00998645168764533,discard,0.852449
8437,8437,0.9433333333333334,0.00998645168764533,discard,0.852542
8438,8438,0.9433333333333334,0.00998645168764533,request_rescan,0.852638
8439,8439,0.9433333333333334,0.00998645168764533,request_rescan,0.852734
8440,8440,0.9433333333333334,0.00998645168764533,request_rescan,0.852828
8441,8441,0.9433333333333334,0.00998645168764533,discard,0.852921
8442,8442,0.9433333333333334,0.00998645168764533,discard,0.853019
8443,8443,0.9433333333333334,0.00998645168764533,request_rescan,0.853114
8444,8444,0.9433333333333334,0.00998645168764533,discard,0.853211
8445,8445,0.9433333333333334,0.00998645168764533,discard,0.853332
8446,8446,0.76,0.00998645168764533,log_and_continue,0.853441
8447,8447,0.9433333333333334,0.00998645168764533,discard,0.853536
8448,8448,0.9433333333333334,0.00998645168764533,discard,0.853633
8449,8449,0.9433333333333334,0.00998645168764533,discard,0.853729
8450,8450,0.9433333333333334,0.00998645168764533,discard,0.853829
8451,8451,0.9433333333333334,0.00998645168764533,request_rescan,0.853927
8452,8452,0.9433333333333334,0.00998645168764533,discard,0.854026
8453,8453,0.9433333333333334,0.00998645168764533,request_rescan,0.854123
8454,8454,0.76,0.00998645168764533,log_and_continue,0.85422
8455,8455,0.9433333333333334,0.00998645168764533,request_rescan,0.854323
8456,8456,0.9433333333333334,0.00998645168764533,discard,0.854431
8457,8457,0.9433333333333334,0.00998645168764533,discard,0.854527
8458,8458,0.9433333333333334,0.00998645168764533,discard,0.854626
8459,8459,0.9433333333333334,0.00998645168764533,discard,0.85473
8460,8460,0.9433333333333334,0.00998645168764533,discard,0.854826
8461,8461,0.9433333333333334,0.00998645168764533,request_rescan,0.854923
8462,8462,0.9433333333333334,0.00998645168764533,request_rescan,0.855018
8463,8463,0.76,0.00998645168764533,log_and_continue,0.855113
8464,8464,0.9433333333333334,0.00998645168764533,discard,0.855208
8465,8465,0.9433333333333334,0.00998645168764533,discard,0.855332
8466,8466,0.9433333333333334,0.00998645168764533,discard,0.855441
8467,8467,0.76,0.00998645168764533,log_and_continue,0.855553
8468,8468,0.9433333333333334,0.00998645168764533,request_rescan,0.855649
8469,8469,0.76,0.00998645168764533,log_and_continue,0.855747
8470,8470,0.9433333333333334,0.00998645168764533,discard,0.855841
8471,8471,0.76,0.00998645168764533,log_and_continue,0.855936
8472,8472,0.9433333333333334,0.00998645168764533,discard,0.856032
8473,8473,0.76,0.00998645168764533,log_and_continue,0.856126
8474,8474,0.76,0.00998645168764533,log_and_continue,0.856221
8475,8475,0.9433333333333334,0.00998645168764533,discard,0.856319
8476,8476,0.9433333333333334,0.00998645168764533,request_rescan,0.856414
8477,8477,0.76,0.00998645168764533,log_and_continue,0.856522
8478,8478,0.9433333333333334,0.00998645168764533,discard,0.856621
8479,8479,0.9433333333333334,0.00998645168764533,discard,0.856717
8480,8480,0.76,0.00998645168764533,request_rescan,0.856828
8481,8481,0.9433333333333334,0.00998645168764533,discard,0.856923
8482,8482,0.9433333333333334,0.00998645168764533,request_rescan,0.85702
8483,8483,0.76,0.00998645168764533,log_and_continue,0.857113
8484,8484,0.9433333333333334,0.00998645168764533,discard,0.857208
8485,8485,0.9433333333333334,0.00998645168764533,discard,0.857315
8486,8486,0.9433333333333334,0.00998645168764533,request_rescan,0.857414
8487,8487,0.76,0.00998645168764533,log_and_continue,0.857512
8488,8488,0.9433333333333334,0.00998645168764533,discard,0.857612
8489,8489,0.9433333333333334,0.00998645168764533,discard,0.85771
8490,8490,0.76,0.00998645168764533,log_and_continue,0.857806
8491,8491,0.76,0.00998645168764533,log_and_continue,0.8579
8492,8492,0.9433333333333334,0.00998645168764533,discard,0.857995
8493,8493,0.9433333333333334,0.00998645168764533,discard,0.858095
8494,8494,0.9433333333333334,0.00998645168764533,discard,0.858193
8495,8495,0.76,0.00998645168764533,log_and_continue,0.858295
8496,8496,0.9433333333333334,0.00998645168764533,request_rescan,0.858402
8497,8497,0.9433333333333334,0.00998645168764533,request_rescan,0.858502
8498,8498,0.9433333333333334,0.00998645168764533,discard,0.858598
8499,8499,0.76,0.00998645168764533,log_and_continue,0.858694
8500,8500,0.9433333333333334,0.00998645168764533,discard,0.858789
8501,8501,0.76,0.00998645168764533,log_and_continue,0.858996
8502,8502,0.9433333333333334,0.00998645168764533,request_rescan,0.859107
8503,8503,0.9433333333333334,0.00998645168764533,discard,0.859209
8504,8504,0.76,0.00998645168764533,log_and_continue,0.859319
8505,8505,0.9433333333333334,0.00998645168764533,request_rescan,0.859417
8506,8506,0.76,0.00998645168764533,log_and_continue,0.859512
8507,8507,0.9433333333333334,0.00998645168764533,discard,0.859617
8508,8508,0.76,0.00998645168764533,log_and_continue,0.859719
8509,8509,0.9433333333333334,0.00998645168764533,discard,0.859817
8510,8510,0.9433333333333334,0.00998645168764533,discard,0.859916
8511,8511,0.76,0.00998645168764533,log_and_continue,0.860017
8512,8512,0.9433333333333334,0.00998645168764533,discard,0.860115
8513,8513,0.9433333333333334,0.00998645168764533,request_rescan,0.860212
8514,8514,0.9433333333333334,0.00998645168764533,discard,0.860312
8515,8515,0.76,0.00998645168764533,log_and_continue,0.860408
8516,8516,0.76,0.00998645168764533,log_and_continue,0.860509
8517,8517,0.9433333333333334,0.00998645168764533,discard,0.860614
8518,8518,0.9433333333333334,0.00998645168764533,request_rescan,0.860711
8519,8519,0.9433333333333334,0.00998645168764533,request_rescan,0.860805
8520,8520,0.9433333333333334,0.00998645168764533,discard,0.860899
8521,8521,0.9433333333333334,0.00998645168764533,discard,0.861
8522,8522,0.76,0.00998645168764533,log_and_continue,0.861097
8523,8523,0.76,0.00998645168764533,log_and_continue,0.861191
8524,8524,0.76,0.00998645168764533,log_and_continue,0.861294
8525,8525,0.76,0.00998645168764533,log_and_continue,0.861396
8526,8526,0.9433333333333334,0.00998645168764533,discard,0.861493
8527,8527,0.9433333333333334,0.00998645168764533,discard,0.861595
8528,8528,0.9433333333333334,0.00998645168764533,discard,0.861693
8529,8529,0.9433333333333334,0.00998645168764533,discard,0.86179
8530,8530,0.76,0.00998645168764533,log_and_continue,0.861886
8531,8531,0.9433333333333334,0.00998645168764533,request_rescan,0.861986
8532,8532,0.9433333333333334,0.00998645168764533,discard,0.862081
8533,8533,0.9433333333333334,0.00998645168764533,discard,0.862181
8534,8534,0.9433333333333334,0.00998645168764533,discard,0.862288
8535,8535,0.9433333333333334,0.00998645168764533,discard,0.862384
8536,8536,0.9433333333333334,0.00998645168764533,discard,0.862478
8537,8537,0.76,0.00998645168764533,log_and_continue,0.862579
8538,8538,0.9433333333333334,0.00998645168764533,discard,0.862676
8539,8539,0.9433333333333334,0.00998645168764533,request_rescan,0.862771
8540,8540,0.76,0.00998645168764533,log_and_continue,0.862867
8541,8541,0.76,0.00998645168764533,log_and_continue,0.862962
8542,8542,0.9433333333333334,0.00998645168764533,discard,0.863059
8543,8543,0.76,0.00998645168764533,log_and_continue,0.863151
8544,8544,0.9433333333333334,0.00998645168764533,discard,0.86325
8545,8545,0.76,0.00998645168764533,log_and_continue,0.863345
8546,8546,0.76,0.00998645168764533,log_and_continue,0.863443
8547,8547,0.9433333333333334,0.00998645168764533,discard,0.863539
8548,8548,0.9433333333333334,0.00998645168764533,discard,0.863632
8549,8549,0.9433333333333334,0.00998645168764533,request_rescan,0.86373
8550,8550,0.9433333333333334,0.00998645168764533,discard,0.863827
8551,8551,0.9433333333333334,0.00998645168764533,discard,0.863922
8552,8552,0.9433333333333334,0.00998645168764533,request_rescan,0.864037
8553,8553,0.9433333333333334,0.00998645168764533,discard,0.864158
8554,8554,0.9433333333333334,0.00998645168764533,discard,0.864262
8555,8555,0.9433333333333334,0.00998645168764533,discard,0.864357
8556,8556,0.76,0.00998645168764533,log_and_continue,0.864458
8557,8557,0.9433333333333334,0.00998645168764533,request_rescan,0.864556
8558,8558,0.9433333333333334,0.00998645168764533,request_rescan,0.86465
8559,8559,0.9433333333333334,0.00998645168764533,discard,0.864746
8560,8560,0.76,0.00998645168764533,log_and_continue,0.864844
8561,8561,0.9433333333333334,0.00998645168764533,discard,0.86494
8562,8562,0.9433333333333334,0.00998645168764533,request_rescan,0.865036
8563,8563,0.9433333333333334,0.00998645168764533,discard,0.865134
8564,8564,0.9433333333333334,0.00998645168764533,discard,0.865228
8565,8565,0.9433333333333334,0.00998645168764533,discard,0.865324
8566,8566,0.9433333333333334,0.00998645168764533,discard,0.865421
8567,8567,0.9433333333333334,0.00998645168764533,request_rescan,0.865526
8568,8568,0.9433333333333334,0.00998645168764533,request_rescan,0.865624
8569,8569,0.9433333333333334,0.00998645168764533,discard,0.865718
8570,8570,0.9433333333333334,0.00998645168764533,discard,0.865816
8571,8571,0.9433333333333334,0.00998645168764533,discard,0.865909
8572,8572,0.9433333333333334,0.00998645168764533,discard,0.866
8573,8573,0.9433333333333334,0.00998645168764533,discard,0.866092
8574,8574,0.9433333333333334,0.00998645168764533,discard,0.866186
8575,8575,0.9433333333333334,0.00998645168764533,discard,0.866287
8576,8576,0.9433333333333334,0.00998645168764533,discard,0.866381
8577,8577,0.9433333333333334,0.00998645168764533,discard,0.866477
8578,8578,0.76,0.00998645168764533,log_and_continue,0.866572
8579,8579,0.9433333333333334,0.00998645168764533,discard,0.866665
8580,8580,0.9433333333333334,0.00998645168764533,discard,0.866762
8581,8581,0.76,0.00998645168764533,log_and_continue,0.866856
8582,8582,0.9433333333333334,0.00998645168764533,discard,0.866951
8583,8583,0.9433333333333334,0.00998645168764533,discard,0.867042
8584,8584,0.9433333333333334,0.00998645168764533,discard,0.867135
8585,8585,0.9433333333333334,0.00998645168764533,discard,0.867228
8586,8586,0.9433333333333334,0.00998645168764533,discard,0.867325
8587,8587,0.9433333333333334,0.00998645168764533,discard,0.86742
8588,8588,0.76,0.00998645168764533,log_and_continue,0.867515
8589,8589,0.9433333333333334,0.00998645168764533,discard,0.867606
8590,8590,0.76,0.00998645168764533,log_and_continue,0.867699
8591,8591,0.76,0.00998645168764533,log_and_continue,0.867792
8592,8592,0.9433333333333334,0.00998645168764533,discard,0.867894
8593,8593,0.76,0.00998645168764533,log_and_continue,0.867994
8594,8594,0.9433333333333334,0.00998645168764533,discard,0.868091
8595,8595,0.9433333333333334,0.00998645168764533,request_rescan,0.86819
8596,8596,0.9433333333333334,0.00998645168764533,discard,0.868288
8597,8597,0.9433333333333334,0.00998645168764533,discard,0.868381
8598,8598,0.9433333333333334,0.00998645168764533,discard,0.868478
8599,8599,0.9433333333333334,0.00998645168764533,discard,0.868573
8600,8600,0.76,0.00998645168764533,log_and_continue,0.868667
8601,8601,0.9433333333333334,0.00998645168764533,discard,0.868843
8602,8602,0.9433333333333334,0.00998645168764533,request_rescan,0.868976
8603,8603,0.9433333333333334,0.00998645168764533,discard,0.869076
8604,8604,0.9433333333333334,0.00998645168764533,discard,0.869171
8605,8605,0.76,0.00998645168764533,log_and_continue,0.869276
8606,8606,0.76,0.00998645168764533,log_and_continue,0.869375
8607,8607,0.9433333333333334,0.00998645168764533,discard,0.869481
8608,8608,0.9433333333333334,0.00998645168764533,discard,0.869577
8609,8609,0.9433333333333334,0.00998645168764533,discard,0.869673
8610,8610,0.9433333333333334,0.00998645168764533,discard,0.869773
8611,8611,0.9433333333333334,0.00998645168764533,discard,0.869874
8612,8612,0.9433333333333334,0.00998645168764533,discard,0.86997
8613,8613,0.9433333333333334,0.00998645168764533,request_rescan,0.870066
8614,8614,0.9433333333333334,0.00998645168764533,discard,0.870164
8615,8615,0.76,0.00998645168764533,log_and_continue,0.870263
8616,8616,0.9433333333333334,0.00998645168764533,request_rescan,0.870364
8617,8617,0.76,0.00998645168764533,log_and_continue,0.87046
8618,8618,0.9433333333333334,0.00998645168764533,discard,0.870554
8619,8619,0.9433333333333334,0.00998645168764533,request_rescan,0.870651
8620,8620,0.9433333333333334,0.00998645168764533,request_rescan,0.870751
8621,8621,0.9433333333333334,0.00998645168764533,discard,0.870848
8622,8622,0.9433333333333334,0.00998645168764533,request_rescan,0.870941
8623,8623,0.76,0.00998645168764533,log_and_continue,0.871037
8624,8624,0.76,0.00998645168764533,log_and_continue,0.871134
8625,8625,0.9433333333333334,0.00998645168764533,discard,0.871234
8626,8626,0.76,0.00998645168764533,log_and_continue,0.871332
8627,8627,0.9433333333333334,0.00998645168764533,discard,0.871428
8628,8628,0.9433333333333334,0.00998645168764533,discard,0.871525
8629,8629,0.9433333333333334,0.00998645168764533,discard,0.87162
8630,8630,0.9433333333333334,0.00998645168764533,discard,0.871712
8631,8631,0.9433333333333334,0.00998645168764533,request_rescan,0.871805
8632,8632,0.9433333333333334,0.00998645168764533,discard,0.871897
8633,8633,0.76,0.00998645168764533,log_and_continue,0.871992
8634,8634,0.76,0.00998645168764533,log_and_continue,0.872091
8635,8635,0.76,0.00998645168764533,log_and_continue,0.872187
8636,8636,0.9433333333333334,0.00998645168764533,discard,0.872289
8637,8637,0.9433333333333334,0.00998645168764533,discard,0.872383
8638,8638,0.76,0.00998645168764533,log_and_continue,0.872477
8639,8639,0.9433333333333334,0.00998645168764533,discard,0.87257
8640,8640,0.9433333333333334,0.00998645168764533,discard,0.872667
8641,8641,0.9433333333333334,0.00998645168764533,discard,0.872763
8642,8642,0.9433333333333334,0.00998645168764533,discard,0.872858
8643,8643,0.9433333333333334,0.00998645168764533,discard,0.872955
8644,8644,0.76,0.00998645168764533,log_and_continue,0.873054
8645,8645,0.76,0.00998645168764533,log_and_continue,0.873152
8646,8646,0.9433333333333334,0.00998645168764533,request_rescan,0.873253
8647,8647,0.9433333333333334,0.00998645168764533,discard,0.873355
8648,8648,0.9433333333333334,0.00998645168764533,discard,0.873459
8649,8649,0.76,0.00998645168764533,log_and_continue,0.873558
8650,8650,0.76,0.00998645168764533,log_and_continue,0.873654
8651,8651,0.76,0.00998645168764533,log_and_continue,0.873748
8652,8652,0.9433333333333334,0.00998645168764533,discard,0.873845
8653,8653,0.76,0.00998645168764533,log_and_continue,0.873939
8654,8654,0.76,0.00998645168764533,log_and_continue,0.874034
8655,8655,0.9433333333333334,0.00998645168764533,discard,0.874133
8656,8656,0.9433333333333334,0.00998645168764533,discard,0.874229
8657,8657,0.9433333333333334,0.00998645168764533,discard,0.874327
8658,8658,0.9433333333333334,0.00998645168764533,discard,0.87442
8659,8659,0.9433333333333334,0.00998645168764533,request_rescan,0.874515
8660,8660,0.9433333333333334,0.00998645168764533,request_rescan,0.874609
8661,8661,0.9433333333333334,0.00998645168764533,request_rescan,0.874701
8662,8662,0.9433333333333334,0.00998645168764533,discard,0.874801
8663,8663,0.9433333333333334,0.00998645168764533,discard,0.874899
8664,8664,0.9433333333333334,0.00998645168764533,request_rescan,0.874996
8665,8665,0.9433333333333334,0.00998645168764533,request_rescan,0.875089
8666,8666,0.76,0.00998645168764533,log_and_continue,0.875185
8667,8667,0.76,0.00998645168764533,log_and_continue,0.875283
8668,8668,0.76,0.00998645168764533,log_and_continue,0.875375
8669,8669,0.9433333333333334,0.00998645168764533,request_rescan,0.875466
8670,8670,0.76,0.00998645168764533,log_and_continue,0.875557
8671,8671,0.9433333333333334,0.00998645168764533,discard,0.875659
8672,8672,0.9433333333333334,0.00998645168764533,discard,0.875757
8673,8673,0.76,0.00998645168764533,log_and_continue,0.875855
8674,8674,0.9433333333333334,0.00998645168764533,discard,0.875951
8675,8675,0.76,0.00998645168764533,log_and_continue,0.876043
8676,8676,0.76,0.00998645168764533,log_and_continue,0.876137
8677,8677,0.9433333333333334,0.00998645168764533,discard,0.876231
8678,8678,0.9433333333333334,0.00998645168764533,discard,0.876327
8679,8679,0.9433333333333334,0.00998645168764533,discard,0.876428
8680,8680,0.76,0.00998645168764533,log_and_continue,0.876525
8681,8681,0.9433333333333334,0.00998645168764533,discard,0.87662
8682,8682,0.76,0.00998645168764533,log_and_continue,0.876714
8683,8683,0.9433333333333334,0.00998645168764533,discard,0.87681
8684,8684,0.9433333333333334,0.00998645168764533,discard,0.876908
8685,8685,0.76,0.00998645168764533,log_and_continue,0.877003
8686,8686,0.9433333333333334,0.00998645168764533,discard,0.877099
8687,8687,0.9433333333333334,0.00998645168764533,discard,0.877192
8688,8688,0.9433333333333334,0.00998645168764533,discard,0.877295
8689,8689,0.76,0.00998645168764533,log_and_continue,0.877393
8690,8690,0.9433333333333334,0.00998645168764533,request_rescan,0.877488
8691,8691,0.9433333333333334,0.00998645168764533,discard,0.877586
8692,8692,0.9433333333333334,0.00998645168764533,request_rescan,0.877679
8693,8693,0.9433333333333334,0.00998645168764533,discard,0.877778
8694,8694,0.9433333333333334,0.00998645168764533,request_rescan,0.877875
8695,8695,0.9433333333333334,0.00998645168764533,request_rescan,0.877971
8696,8696,0.76,0.00998645168764533,log_and_continue,0.878066
8697,8697,0.9433333333333334,0.00998645168764533,request_rescan,0.878161
8698,8698,0.76,0.00998645168764533,log_and_continue,0.878279
8699,8699,0.9433333333333334,0.00998645168764533,request_rescan,0.878382
8700,8700,0.9433333333333334,0.00998645168764533,discard,0.87848
8701,8701,0.9433333333333334,0.00998645168764533,discard,0.87861
8702,8702,0.9433333333333334,0.00998645168764533,request_rescan,0.878709
8703,8703,0.76,0.00998645168764533,log_and_continue,0.878806
8704,8704,0.9433333333333334,0.00998645168764533,discard,0.878906
8705,8705,0.9433333333333334,0.00998645168764533,request_rescan,0.879002
8706,8706,0.9433333333333334,0.00998645168764533,discard,0.879099
8707,8707,0.9433333333333334,0.00998645168764533,discard,0.8792
8708,8708,0.9433333333333334,0.00998645168764533,discard,0.879301
8709,8709,0.9433333333333334,0.00998645168764533,discard,0.879396
8710,8710,0.76,0.00998645168764533,log_and_continue,0.879491
8711,8711,0.9433333333333334,0.00998645168764533,discard,0.879587
8712,8712,0.9433333333333334,0.00998645168764533,discard,0.879685
8713,8713,0.9433333333333334,0.00998645168764533,discard,0.879778
8714,8714,0.9433333333333334,0.00998645168764533,discard,0.879874
8715,8715,0.9433333333333334,0.00998645168764533,discard,0.879968
8716,8716,0.76,0.00998645168764533,log_and_continue,0.880061
8717,8717,0.9433333333333334,0.00998645168764533,discard,0.880159
8718,8718,0.9433333333333334,0.00998645168764533,discard,0.880259
8719,8719,0.76,0.00998645168764533,log_and_continue,0.880357
8720,8720,0.9433333333333334,0.00998645168764533,discard,0.880454
8721,8721,0.9433333333333334,0.00998645168764533,discard,0.880548
8722,8722,0.9433333333333334,0.00998645168764533,discard,0.880643
8723,8723,0.9433333333333334,0.00998645168764533,discard,0.88074
8724,8724,0.9433333333333334,0.00998645168764533,discard,0.880839
8725,8725,0.9433333333333334,0.00998645168764533,discard,0.880937
8726,8726,0.9433333333333334,0.00998645168764533,request_rescan,0.881031
8727,8727,0.9433333333333334,0.00998645168764533,discard,0.881123
8728,8728,0.9433333333333334,0.00998645168764533,request_rescan,0.881216
8729,8729,0.76,0.00998645168764533,log_and_continue,0.881322
8730,8730,0.76,0.00998645168764533,log_and_continue,0.881418
8731,8731,0.9433333333333334,0.00998645168764533,request_rescan,0.881517
8732,8732,0.9433333333333334,0.00998645168764533,request_rescan,0.881611
8733,8733,0.9433333333333334,0.00998645168764533,request_rescan,0.881705
8734,8734,0.9433333333333334,0.00998645168764533,discard,0.881803
8735,8735,0.76,0.00998645168764533,log_and_continue,0.881896
8736,8736,0.9433333333333334,0.00998645168764533,request_rescan,0.881991
8737,8737,0.9433333333333334,0.00998645168764533,request_rescan,0.882083
8738,8738,0.9433333333333334,0.00998645168764533,discard,0.882177
8739,8739,0.9433333333333334,0.00998645168764533,request_rescan,0.882277
8740,8740,0.9433333333333334,0.00998645168764533,request_rescan,0.882373
8741,8741,0.9433333333333334,0.00998645168764533,request_rescan,0.882468
8742,8742,0.9433333333333334,0.00998645168764533,request_rescan,0.882561
8743,8743,0.9433333333333334,0.00998645168764533,discard,0.882656
8744,8744,0.76,0.00998645168764533,log_and_continue,0.882751
8745,8745,0.9433333333333334,0.00998645168764533,discard,0.882844
8746,8746,0.9433333333333334,0.00998645168764533,discard,0.882936
8747,8747,0.9433333333333334,0.00998645168764533,request_rescan,0.883031
8748,8748,0.76,0.00998645168764533,log_and_continue,0.883125
8749,8749,0.9433333333333334,0.00998645168764533,request_rescan,0.883221
8750,8750,0.9433333333333334,0.00998645168764533,request_rescan,0.883319
8751,8751,0.76,0.00998645168764533,log_and_continue,0.883415
8752,8752,0.76,0.00998645168764533,log_and_continue,0.88351
8753,8753,0.76,0.00998645168764533,log_and_continue,0.883609
8754,8754,0.9433333333333334,0.00998645168764533,discard,0.883708
8755,8755,0.9433333333333334,0.00998645168764533,request_rescan,0.883806
8756,8756,0.76,0.00998645168764533,log_and_continue,0.883905
8757,8757,0.76,0.00998645168764533,log_and_continue,0.884001
8758,8758,0.9433333333333334,0.00998645168764533,request_rescan,0.884096
8759,8759,0.9433333333333334,0.00998645168764533,discard,0.88419
8760,8760,0.9433333333333334,0.00998645168764533,request_rescan,0.884287
8761,8761,0.76,0.00998645168764533,log_and_continue,0.88439
8762,8762,0.76,0.00998645168764533,log_and_continue,0.88449
8763,8763,0.9433333333333334,0.00998645168764533,discard,0.884589
8764,8764,0.76,0.00998645168764533,log_and_continue,0.884684
8765,8765,0.76,0.00998645168764533,log_and_continue,0.884777
8766,8766,0.9433333333333334,0.00998645168764533,request_rescan,0.884873
8767,8767,0.76,0.00998645168764533,log_and_continue,0.884969
8768,8768,0.76,0.00998645168764533,log_and_continue,0.885066
8769,8769,0.9433333333333334,0.00998645168764533,request_rescan,0.885164
8770,8770,0.76,0.00998645168764533,log_and_continue,0.885265
8771,8771,0.76,0.00998645168764533,log_and_continue,0.885362
8772,8772,0.9433333333333334,0.00998645168764533,request_rescan,0.885457
8773,8773,0.9433333333333334,0.00998645168764533,request_rescan,0.885549
8774,8774,0.9433333333333334,0.00998645168764533,request_rescan,0.885641
8775,8775,0.76,0.00998645168764533,log_and_continue,0.885741
8776,8776,0.76,0.00998645168764533,log_and_continue,0.885837
8777,8777,0.9433333333333334,0.00998645168764533,request_rescan,0.885936
8778,8778,0.76,0.00998645168764533,log_and_continue,0.886036
8779,8779,0.9433333333333334,0.00998645168764533,request_rescan,0.886132
8780,8780,0.9433333333333334,0.00998645168764533,request_rescan,0.886229
8781,8781,0.76,0.00998645168764533,log_and_continue,0.886328
8782,8782,0.9433333333333334,0.00998645168764533,discard,0.886423
8783,8783,0.9433333333333334,0.00998645168764533,request_rescan,0.886518
8784,8784,0.9433333333333334,0.00998645168764533,discard,0.886615
8785,8785,0.9433333333333334,0.00998645168764533,discard,0.886714
8786,8786,0.9433333333333334,0.00998645168764533,discard,0.886814
8787,8787,0.76,0.00998645168764533,log_and_continue,0.886911
8788,8788,0.9433333333333334,0.00998645168764533,request_rescan,0.887007
8789,8789,0.9433333333333334,0.00998645168764533,discard,0.887101
8790,8790,0.9433333333333334,0.00998645168764533,discard,0.887198
8791,8791,0.9433333333333334,0.00998645168764533,discard,0.887296
8792,8792,0.9433333333333334,0.00998645168764533,discard,0.887397
8793,8793,0.9433333333333334,0.00998645168764533,discard,0.887494
8794,8794,0.9433333333333334,0.00998645168764533,discard,0.887586
8795,8795,0.9433333333333334,0.00998645168764533,discard,0.887681
8796,8796,0.9433333333333334,0.00998645168764533,request_rescan,0.887775
8797,8797,0.9433333333333334,0.00998645168764533,discard,0.88787
8798,8798,0.76,0.00998645168764533,log_and_continue,0.887966
8799,8799,0.76,0.00998645168764533,log_and_continue,0.888075
8800,8800,0.9433333333333334,0.00998645168764533,discard,0.888192
8801,8801,0.9433333333333334,0.00998645168764533,discard,0.888329
8802,8802,0.9433333333333334,0.00998645168764533,discard,0.888428
8803,8803,0.76,0.00998645168764533,log_and_continue,0.888526
8804,8804,0.9433333333333334,0.00998645168764533,discard,0.888624
8805,8805,0.76,0.00998645168764533,log_and_continue,0.88872
8806,8806,0.9433333333333334,0.00998645168764533,discard,0.888814
8807,8807,0.76,0.00998645168764533,log_and_continue,0.888907
8808,8808,0.9433333333333334,0.00998645168764533,discard,0.889004
8809,8809,0.9433333333333334,0.00998645168764533,discard,0.889104
8810,8810,0.9433333333333334,0.00998645168764533,discard,0.8892
8811,8811,0.76,0.00998645168764533,log_and_continue,0.889301
8812,8812,0.9433333333333334,0.00998645168764533,discard,0.889398
8813,8813,0.9433333333333334,0.00998645168764533,discard,0.889492
8814,8814,0.9433333333333334,0.00998645168764533,request_rescan,0.889587
8815,8815,0.76,0.00998645168764533,log_and_continue,0.889681
8816,8816,0.9433333333333334,0.00998645168764533,discard,0.889776
8817,8817,0.9433333333333334,0.00998645168764533,request_rescan,0.889885
8818,8818,0.76,0.00998645168764533,log_and_continue,0.889987
8819,8819,0.9433333333333334,0.00998645168764533,discard,0.890089
8820,8820,0.9433333333333334,0.00998645168764533,discard,0.890185
8821,8821,0.9433333333333334,0.00998645168764533,discard,0.890281
8822,8822,0.9433333333333334,0.00998645168764533,request_rescan,0.890375
8823,8823,0.9433333333333334,0.00998645168764533,request_rescan,0.890467
8824,8824,0.9433333333333334,0.00998645168764533,request_rescan,0.890559
8825,8825,0.9433333333333334,0.00998645168764533,request_rescan,0.890654
8826,8826,0.9433333333333334,0.00998645168764533,discard,0.890752
8827,8827,0.9433333333333334,0.00998645168764533,request_rescan,0.890846
8828,8828,0.9433333333333334,0.00998645168764533,discard,0.890938
8829,8829,0.9433333333333334,0.00998645168764533,discard,0.891031
8830,8830,0.9433333333333334,0.00998645168764533,discard,0.891133
8831,8831,0.9433333333333334,0.00998645168764533,request_rescan,0.89123
8832,8832,0.9433333333333334,0.00998645168764533,discard,0.891332
8833,8833,0.9433333333333334,0.00998645168764533,discard,0.891428
8834,8834,0.9433333333333334,0.00998645168764533,discard,0.891524
8835,8835,0.9433333333333334,0.00998645168764533,request_rescan,0.891618
8836,8836,0.9433333333333334,0.00998645168764533,discard,0.891713
8837,8837,0.9433333333333334,0.00998645168764533,discard,0.891803
8838,8838,0.9433333333333334,0.00998645168764533,discard,0.891897
8839,8839,0.76,0.00998645168764533,log_and_continue,0.892
8840,8840,0.9433333333333334,0.00998645168764533,request_rescan,0.892102
8841,8841,0.9433333333333334,0.00998645168764533,discard,0.892198
8842,8842,0.9433333333333334,0.00998645168764533,discard,0.892294
8843,8843,0.9433333333333334,0.00998645168764533,request_rescan,0.892389
8844,8844,0.76,0.00998645168764533,log_and_continue,0.892483
8845,8845,0.9433333333333334,0.00998645168764533,discard,0.892579
8846,8846,0.9433333333333334,0.00998645168764533,discard,0.892674
8847,8847,0.9433333333333334,0.00998645168764533,request_rescan,0.89277
8848,8848,0.9433333333333334,0.00998645168764533,request_rescan,0.892866
8849,8849,0.9433333333333334,0.00998645168764533,discard,0.892962
8850,8850,0.76,0.00998645168764533,log_and_continue,0.893061
8851,8851,0.76,0.00998645168764533,log_and_continue,0.893154
8852,8852,0.9433333333333334,0.00998645168764533,discard,0.893253
8853,8853,0.76,0.00998645168764533,log_and_continue,0.893349
8854,8854,0.9433333333333334,0.00998645168764533,discard,0.893441
8855,8855,0.9433333333333334,0.00998645168764533,discard,0.893535
8856,8856,0.9433333333333334,0.00998645168764533,request_rescan,0.89363
8857,8857,0.76,0.00998645168764533,log_and_continue,0.893723
8858,8858,0.9433333333333334,0.00998645168764533,discard,0.893816
8859,8859,0.9433333333333334,0.00998645168764533,request_rescan,0.893909
8860,8860,0.9433333333333334,0.00998645168764533,discard,0.89401
8861,8861,0.9433333333333334,0.00998645168764533,request_rescan,0.894131
8862,8862,0.9433333333333334,0.00998645168764533,request_rescan,0.894224
8863,8863,0.76,0.00998645168764533,log_and_continue,0.894319
8864,8864,0.9433333333333334,0.00998645168764533,discard,0.894415
8865,8865,0.9433333333333334,0.00998645168764533,request_rescan,0.894509
8866,8866,0.9433333333333334,0.00998645168764533,discard,0.8946
8867,8867,0.9433333333333334,0.00998645168764533,discard,0.89469
8868,8868,0.9433333333333334,0.00998645168764533,discard,0.894783
8869,8869,0.9433333333333334,0.00998645168764533,discard,0.894874
8870,8870,0.9433333333333334,0.00998645168764533,discard,0.894968
8871,8871,0.9433333333333334,0.00998645168764533,discard,0.895061
8872,8872,0.9433333333333334,0.00998645168764533,discard,0.895152
8873,8873,0.9433333333333334,0.00998645168764533,discard,0.895254
8874,8874,0.9433333333333334,0.00998645168764533,discard,0.89535
8875,8875,0.76,0.00998645168764533,log_and_continue,0.895447
8876,8876,0.9433333333333334,0.00998645168764533,discard,0.895543
8877,8877,0.9433333333333334,0.00998645168764533,discard,0.895639
8878,8878,0.9433333333333334,0.00998645168764533,discard,0.89574
8879,8879,0.9433333333333334,0.00998645168764533,request_rescan,0.895839
8880,8880,0.76,0.00998645168764533,log_and_continue,0.895935
8881,8881,0.9433333333333334,0.00998645168764533,request_rescan,0.896031
8882,8882,0.9433333333333334,0.00998645168764533,discard,0.896126
8883,8883,0.9433333333333334,0.00998645168764533,discard,0.896221
8884,8884,0.9433333333333334,0.00998645168764533,discard,0.896542
8885,8885,0.9433333333333334,0.00998645168764533,discard,0.896694
8886,8886,0.9433333333333334,0.00998645168764533,discard,0.896839
8887,8887,0.76,0.00998645168764533,log_and_continue,0.896954
8888,8888,0.9433333333333334,0.00998645168764533,request_rescan,0.897059
8889,8889,0.9433333333333334,0.00998645168764533,request_rescan,0.89716
8890,8890,0.76,0.00998645168764533,log_and_continue,0.897277
8891,8891,0.9433333333333334,0.00998645168764533,discard,0.897387
8892,8892,0.9433333333333334,0.00998645168764533,discard,0.897496
8893,8893,0.9433333333333334,0.00998645168764533,discard,0.897595
8894,8894,0.9433333333333334,0.00998645168764533,discard,0.897691
8895,8895,0.76,0.00998645168764533,log_and_continue,0.897806
8896,8896,0.9433333333333334,0.00998645168764533,discard,0.897905
8897,8897,0.9433333333333334,0.00998645168764533,discard,0.898001
8898,8898,0.9433333333333334,0.00998645168764533,discard,0.898099
8899,8899,0.9433333333333334,0.00998645168764533,discard,0.898201
8900,8900,0.76,0.00998645168764533,log_and_continue,0.898306
8901,8901,0.9433333333333334,0.00998645168764533,discard,0.898443
8902,8902,0.9433333333333334,0.00998645168764533,discard,0.89854
8903,8903,0.9433333333333334,0.00998645168764533,discard,0.898637
8904,8904,0.76,0.00998645168764533,log_and_continue,0.898734
8905,8905,0.9433333333333334,0.00998645168764533,discard,0.898834
8906,8906,0.9433333333333334,0.00998645168764533,request_rescan,0.898937
8907,8907,0.9433333333333334,0.00998645168764533,request_rescan,0.899037
8908,8908,0.9433333333333334,0.00998645168764533,request_rescan,0.899134
8909,8909,0.9433333333333334,0.00998645168764533,discard,0.899229
8910,8910,0.9433333333333334,0.00998645168764533,discard,0.89935
8911,8911,0.9433333333333334,0.00998645168764533,discard,0.899448
8912,8912,0.9433333333333334,0.00998645168764533,discard,0.899543
8913,8913,0.9433333333333334,0.00998645168764533,discard,0.89964
8914,8914,0.76,0.00998645168764533,log_and_continue,0.89974
8915,8915,0.76,0.00998645168764533,log_and_continue,0.89984
8916,8916,0.9433333333333334,0.00998645168764533,discard,0.899941
8917,8917,0.9433333333333334,0.00998645168764533,request_rescan,0.900042
8918,8918,0.76,0.00998645168764533,log_and_continue,0.900142
8919,8919,0.9433333333333334,0.00998645168764533,discard,0.90024
8920,8920,0.9433333333333334,0.00998645168764533,discard,0.900339
8921,8921,0.9433333333333334,0.00998645168764533,discard,0.900435
8922,8922,0.9433333333333334,0.00998645168764533,discard,0.900538
8923,8923,0.76,0.00998645168764533,log_and_continue,0.900637
8924,8924,0.9433333333333334,0.00998645168764533,discard,0.900736
8925,8925,0.9433333333333334,0.00998645168764533,discard,0.900831
8926,8926,0.76,0.00998645168764533,log_and_continue,0.900928
8927,8927,0.9433333333333334,0.00998645168764533,request_rescan,0.901024
8928,8928,0.9433333333333334,0.00998645168764533,discard,0.901117
8929,8929,0.9433333333333334,0.00998645168764533,request_rescan,0.901217
8930,8930,0.9433333333333334,0.00998645168764533,request_rescan,0.901315
8931,8931,0.9433333333333334,0.00998645168764533,discard,0.901415
8932,8932,0.9433333333333334,0.00998645168764533,request_rescan,0.901513
8933,8933,0.9433333333333334,0.00998645168764533,request_rescan,0.901608
8934,8934,0.9433333333333334,0.00998645168764533,request_rescan,0.901703
8935,8935,0.9433333333333334,0.00998645168764533,request_rescan,0.901796
8936,8936,0.9433333333333334,0.00998645168764533,discard,0.901893
8937,8937,0.76,0.00998645168764533,log_and_continue,0.901992
8938,8938,0.9433333333333334,0.00998645168764533,request_rescan,0.902092
8939,8939,0.9433333333333334,0.00998645168764533,discard,0.902187
8940,8940,0.9433333333333334,0.00998645168764533,request_rescan,0.902283
8941,8941,0.9433333333333334,0.00998645168764533,discard,0.902377
8942,8942,0.9433333333333334,0.00998645168764533,discard,0.902475
8943,8943,0.9433333333333334,0.00998645168764533,request_rescan,0.902568
8944,8944,0.9433333333333334,0.00998645168764533,discard,0.902665
8945,8945,0.76,0.00998645168764533,log_and_continue,0.902761
8946,8946,0.76,0.00998645168764533,log_and_continue,0.90286
8947,8947,0.9433333333333334,0.00998645168764533,discard,0.902958
8948,8948,0.9433333333333334,0.00998645168764533,request_rescan,0.903054
8949,8949,0.9433333333333334,0.00998645168764533,discard,0.903148
8950,8950,0.76,0.00998645168764533,log_and_continue,0.903244
8951,8951,0.9433333333333334,0.00998645168764533,discard,0.90334
8952,8952,0.9433333333333334,0.00998645168764533,discard,0.903436
8953,8953,0.9433333333333334,0.00998645168764533,discard,0.90353
8954,8954,0.9433333333333334,0.00998645168764533,request_rescan,0.903625
8955,8955,0.76,0.00998645168764533,log_and_continue,0.90372
8956,8956,0.9433333333333334,0.00998645168764533,request_rescan,0.903821
8957,8957,0.9433333333333334,0.00998645168764533,discard,0.903922
8958,8958,0.9433333333333334,0.00998645168764533,request_rescan,0.904021
8959,8959,0.9433333333333334,0.00998645168764533,discard,0.90412
8960,8960,0.76,0.00998645168764533,log_and_continue,0.904217
8961,8961,0.9433333333333334,0.00998645168764533,discard,0.90433
8962,8962,0.9433333333333334,0.00998645168764533,discard,0.904459
8963,8963,0.9433333333333334,0.00998645168764533,discard,0.90456
8964,8964,0.9433333333333334,0.00998645168764533,request_rescan,0.904657
8965,8965,0.9433333333333334,0.00998645168764533,request_rescan,0.904753
8966,8966,0.9433333333333334,0.00998645168764533,discard,0.904846
8967,8967,0.9433333333333334,0.00998645168764533,request_rescan,0.904941
8968,8968,0.76,0.00998645168764533,log_and_continue,0.905038
8969,8969,0.9433333333333334,0.00998645168764533,discard,0.905141
8970,8970,0.76,0.00998645168764533,log_and_continue,0.905236
8971,8971,0.9433333333333334,0.00998645168764533,discard,0.905335
8972,8972,0.76,0.00998645168764533,log_and_continue,0.90543
8973,8973,0.9433333333333334,0.00998645168764533,request_rescan,0.905524
8974,8974,0.9433333333333334,0.00998645168764533,discard,0.905622
8975,8975,0.9433333333333334,0.00998645168764533,request_rescan,0.905718
8976,8976,0.9433333333333334,0.00998645168764533,discard,0.905814
8977,8977,0.9433333333333334,0.00998645168764533,discard,0.905906
8978,8978,0.9433333333333334,0.00998645168764533,discard,0.905999
8979,8979,0.9433333333333334,0.00998645168764533,discard,0.906097
8980,8980,0.9433333333333334,0.00998645168764533,request_rescan,0.906194
8981,8981,0.9433333333333334,0.00998645168764533,request_rescan,0.906291
8982,8982,0.9433333333333334,0.00998645168764533,discard,0.906383
8983,8983,0.76,0.00998645168764533,log_and_continue,0.906478
8984,8984,0.76,0.00998645168764533,log_and_continue,0.906574
8985,8985,0.9433333333333334,0.00998645168764533,discard,0.906677
8986,8986,0.9433333333333334,0.00998645168764533,discard,0.906773
8987,8987,0.9433333333333334,0.00998645168764533,discard,0.906866
8988,8988,0.9433333333333334,0.00998645168764533,discard,0.90696
8989,8989,0.76,0.00998645168764533,log_and_continue,0.907067
8990,8990,0.9433333333333334,0.00998645168764533,discard,0.907189
8991,8991,0.9433333333333334,0.00998645168764533,discard,0.907314
8992,8992,0.9433333333333334,0.00998645168764533,discard,0.907413
8993,8993,0.9433333333333334,0.00998645168764533,discard,0.907514
8994,8994,0.9433333333333334,0.00998645168764533,discard,0.907611
8995,8995,0.9433333333333334,0.00998645168764533,request_rescan,0.907712
8996,8996,0.76,0.00998645168764533,log_and_continue,0.907919
8997,8997,0.9433333333333334,0.00998645168764533,discard,0.908106
8998,8998,0.9433333333333334,0.00998645168764533,discard,0.90823
8999,8999,0.9433333333333334,0.00998645168764533,request_rescan,0.908347
9000,9000,0.9433333333333334,0.00998645168764533,discard,0.908456
9001,9001,0.9433333333333334,0.00998645168764533,discard,0.908612
9002,9002,0.9433333333333334,0.00998645168764533,discard,0.908723
9003,9003,0.9433333333333334,0.00998645168764533,request_rescan,0.908833
9004,9004,0.9433333333333334,0.00998645168764533,discard,0.908934
9005,9005,0.9433333333333334,0.00998645168764533,request_rescan,0.909035
9006,9006,0.76,0.00998645168764533,log_and_continue,0.909134
9007,9007,0.76,0.00998645168764533,log_and_continue,0.909275
9008,9008,0.9433333333333334,0.00998645168764533,request_rescan,0.909384
9009,9009,0.76,0.00998645168764533,log_and_continue,0.909485
9010,9010,0.76,0.00998645168764533,log_and_continue,0.909581
9011,9011,0.9433333333333334,0.00998645168764533,discard,0.90968
9012,9012,0.9433333333333334,0.00998645168764533,discard,0.909776
9013,9013,0.9433333333333334,0.00998645168764533,request_rescan,0.90987
9014,9014,0.9433333333333334,0.00998645168764533,discard,0.909964
9015,9015,0.9433333333333334,0.00998645168764533,discard,0.91006
9016,9016,0.76,0.00998645168764533,log_and_continue,0.91016
9017,9017,0.9433333333333334,0.00998645168764533,discard,0.91026
9018,9018,0.9433333333333334,0.00998645168764533,discard,0.910363
9019,9019,0.9433333333333334,0.00998645168764533,discard,0.910466
9020,9020,0.9433333333333334,0.00998645168764533,discard,0.910562
9021,9021,0.9433333333333334,0.00998645168764533,discard,0.910656
9022,9022,0.9433333333333334,0.00998645168764533,discard,0.910749
9023,9023,0.76,0.00998645168764533,log_and_continue,0.910846
9024,9024,0.9433333333333334,0.00998645168764533,discard,0.910944
9025,9025,0.76,0.00998645168764533,log_and_continue,0.911042
9026,9026,0.76,0.00998645168764533,log_and_continue,0.911151
9027,9027,0.9433333333333334,0.00998645168764533,request_rescan,0.911281
9028,9028,0.9433333333333334,0.00998645168764533,discard,0.911393
9029,9029,0.76,0.00998645168764533,log_and_continue,0.911491
9030,9030,0.9433333333333334,0.00998645168764533,discard,0.911589
9031,9031,0.9433333333333334,0.00998645168764533,request_rescan,0.911686
9032,9032,0.9433333333333334,0.00998645168764533,discard,0.911783
9033,9033,0.9433333333333334,0.00998645168764533,discard,0.911884
9034,9034,0.76,0.00998645168764533,log_and_continue,0.911987
9035,9035,0.76,0.00998645168764533,log_and_continue,0.912086
9036,9036,0.76,0.00998645168764533,log_and_continue,0.912183
9037,9037,0.9433333333333334,0.00998645168764533,discard,0.912283
9038,9038,0.9433333333333334,0.00998645168764533,discard,0.912379
9039,9039,0.9433333333333334,0.00998645168764533,request_rescan,0.912473
9040,9040,0.76,0.00998645168764533,log_and_continue,0.912571
9041,9041,0.9433333333333334,0.00998645168764533,discard,0.912671
9042,9042,0.76,0.00998645168764533,log_and_continue,0.912767
9043,9043,0.9433333333333334,0.00998645168764533,discard,0.912862
9044,9044,0.9433333333333334,0.00998645168764533,discard,0.912956
9045,9045,0.9433333333333334,0.00998645168764533,request_rescan,0.913053
9046,9046,0.76,0.00998645168764533,log_and_continue,0.913149
9047,9047,0.9433333333333334,0.00998645168764533,request_rescan,0.913254
9048,9048,0.76,0.00998645168764533,log_and_continue,0.913353
9049,9049,0.76,0.00998645168764533,log_and_continue,0.91345
9050,9050,0.76,0.00998645168764533,log_and_continue,0.913565
9051,9051,0.76,0.00998645168764533,log_and_continue,0.913662
9052,9052,0.9433333333333334,0.00998645168764533,request_rescan,0.913757
9053,9053,0.9433333333333334,0.00998645168764533,discard,0.913853
9054,9054,0.9433333333333334,0.00998645168764533,discard,0.913963
9055,9055,0.76,0.00998645168764533,log_and_continue,0.91406
9056,9056,0.76,0.00998645168764533,log_and_continue,0.914156
9057,9057,0.9433333333333334,0.00998645168764533,request_rescan,0.914258
9058,9058,0.9433333333333334,0.00998645168764533,discard,0.914373
9059,9059,0.9433333333333334,0.00998645168764533,discard,0.91447
9060,9060,0.9433333333333334,0.00998645168764533,request_rescan,0.914565
9061,9061,0.76,0.00998645168764533,log_and_continue,0.91466
9062,9062,0.9433333333333334,0.00998645168764533,discard,0.914757
9063,9063,0.76,0.00998645168764533,log_and_continue,0.914851
9064,9064,0.9433333333333334,0.00998645168764533,discard,0.914945
9065,9065,0.9433333333333334,0.00998645168764533,discard,0.915041
9066,9066,0.9433333333333334,0.00998645168764533,discard,0.915137
9067,9067,0.9433333333333334,0.00998645168764533,discard,0.915235
9068,9068,0.9433333333333334,0.00998645168764533,discard,0.915334
9069,9069,0.9433333333333334,0.00998645168764533,request_rescan,0.915431
9070,9070,0.9433333333333334,0.00998645168764533,discard,0.915524
9071,9071,0.9433333333333334,0.00998645168764533,discard,0.915629
9072,9072,0.9433333333333334,0.00998645168764533,discard,0.915722
9073,9073,0.9433333333333334,0.00998645168764533,discard,0.915822
9074,9074,0.9433333333333334,0.00998645168764533,discard,0.915935
9075,9075,0.76,0.00998645168764533,log_and_continue,0.916058
9076,9076,0.9433333333333334,0.00998645168764533,discard,0.916152
9077,9077,0.9433333333333334,0.00998645168764533,request_rescan,0.91625
9078,9078,0.76,0.00998645168764533,log_and_continue,0.916362
9079,9079,0.9433333333333334,0.00998645168764533,discard,0.91646
9080,9080,0.9433333333333334,0.00998645168764533,discard,0.916562
9081,9081,0.76,0.00998645168764533,log_and_continue,0.916661
9082,9082,0.9433333333333334,0.00998645168764533,request_rescan,0.916757
9083,9083,0.76,0.00998645168764533,log_and_continue,0.916853
9084,9084,0.76,0.00998645168764533,discard,0.916959
9085,9085,0.9433333333333334,0.00998645168764533,discard,0.917061
9086,9086,0.9433333333333334,0.00998645168764533,discard,0.917165
9087,9087,0.9433333333333334,0.00998645168764533,discard,0.91727
9088,9088,0.9433333333333334,0.00998645168764533,discard,0.917368
9089,9089,0.9433333333333334,0.00998645168764533,request_rescan,0.917464
9090,9090,0.9433333333333334,0.00998645168764533,discard,0.917556
9091,9091,0.9433333333333334,0.00998645168764533,discard,0.917647
9092,9092,0.76,0.00998645168764533,log_and_continue,0.917742
9093,9093,0.9433333333333334,0.00998645168764533,request_rescan,0.917842
9094,9094,0.9433333333333334,0.00998645168764533,discard,0.917941
9095,9095,0.9433333333333334,0.00998645168764533,discard,0.918036
9096,9096,0.9433333333333334,0.00998645168764533,discard,0.918129
9097,9097,0.9433333333333334,0.00998645168764533,discard,0.918221
9098,9098,0.9433333333333334,0.00998645168764533,discard,0.918314
9099,9099,0.76,0.00998645168764533,log_and_continue,0.918411
9100,9100,0.9433333333333334,0.00998645168764533,discard,0.918514
9101,9101,0.9433333333333334,0.00998645168764533,discard,0.918642
9102,9102,0.9433333333333334,0.00998645168764533,request_rescan,0.91875
9103,9103,0.76,0.00998645168764533,log_and_continue,0.918848
9104,9104,0.9433333333333334,0.00998645168764533,request_rescan,0.918943
9105,9105,0.9433333333333334,0.00998645168764533,discard,0.919038
9106,9106,0.9433333333333334,0.00998645168764533,discard,0.919132
9107,9107,0.76,0.00998645168764533,log_and_continue,0.919227
9108,9108,0.76,0.00998645168764533,log_and_continue,0.919328
9109,9109,0.76,0.00998645168764533,log_and_continue,0.919422
9110,9110,0.76,0.00998645168764533,log_and_continue,0.919515
9111,9111,0.9433333333333334,0.00998645168764533,discard,0.919609
9112,9112,0.9433333333333334,0.00998645168764533,request_rescan,0.919706
9113,9113,0.9433333333333334,0.00998645168764533,request_rescan,0.919802
9114,9114,0.9433333333333334,0.00998645168764533,discard,0.9199
9115,9115,0.9433333333333334,0.00998645168764533,request_rescan,0.919995
9116,9116,0.76,0.00998645168764533,log_and_continue,0.920095
9117,9117,0.76,0.00998645168764533,log_and_continue,0.920189
9118,9118,0.9433333333333334,0.00998645168764533,discard,0.920286
9119,9119,0.9433333333333334,0.00998645168764533,discard,0.920385
9120,9120,0.9433333333333334,0.00998645168764533,discard,0.920483
9121,9121,0.76,0.00998645168764533,log_and_continue,0.920583
9122,9122,0.9433333333333334,0.00998645168764533,discard,0.92068
9123,9123,0.76,0.00998645168764533,log_and_continue,0.920776
9124,9124,0.9433333333333334,0.00998645168764533,discard,0.920871
9125,9125,0.9433333333333334,0.00998645168764533,discard,0.920965
9126,9126,0.76,0.00998645168764533,log_and_continue,0.921062
9127,9127,0.9433333333333334,0.00998645168764533,discard,0.92116
9128,9128,0.9433333333333334,0.00998645168764533,discard,0.921259
9129,9129,0.9433333333333334,0.00998645168764533,discard,0.921355
9130,9130,0.76,0.00998645168764533,log_and_continue,0.921453
9131,9131,0.9433333333333334,0.00998645168764533,discard,0.921549
9132,9132,0.76,0.00998645168764533,log_and_continue,0.921649
9133,9133,0.9433333333333334,0.00998645168764533,request_rescan,0.92175
9134,9134,0.76,0.00998645168764533,log_and_continue,0.921849
9135,9135,0.76,0.00998645168764533,log_and_continue,0.921943
9136,9136,0.9433333333333334,0.00998645168764533,request_rescan,0.922039
9137,9137,0.9433333333333334,0.00998645168764533,request_rescan,0.922133
9138,9138,0.9433333333333334,0.00998645168764533,request_rescan,0.922226
9139,9139,0.9433333333333334,0.00998645168764533,discard,0.922329
9140,9140,0.76,0.00998645168764533,log_and_continue,0.922438
9141,9141,0.9433333333333334,0.00998645168764533,discard,0.922596
9142,9142,0.9433333333333334,0.00998645168764533,discard,0.922704
9143,9143,0.76,0.00998645168764533,log_and_continue,0.922798
9144,9144,0.9433333333333334,0.00998645168764533,request_rescan,0.922894
9145,9145,0.9433333333333334,0.00998645168764533,request_rescan,0.922989
9146,9146,0.9433333333333334,0.00998645168764533,discard,0.923088
9147,9147,0.76,0.00998645168764533,log_and_continue,0.923183
9148,9148,0.9433333333333334,0.00998645168764533,request_rescan,0.923301
9149,9149,0.9433333333333334,0.00998645168764533,request_rescan,0.923396
9150,9150,0.9433333333333334,0.00998645168764533,discard,0.923492
9151,9151,0.76,0.00998645168764533,log_and_continue,0.923591
9152,9152,0.76,0.00998645168764533,log_and_continue,0.923696
9153,9153,0.9433333333333334,0.00998645168764533,request_rescan,0.923794
9154,9154,0.76,0.00998645168764533,log_and_continue,0.923891
9155,9155,0.9433333333333334,0.00998645168764533,discard,0.923994
9156,9156,0.76,0.00998645168764533,log_and_continue,0.924092
9157,9157,0.9433333333333334,0.00998645168764533,discard,0.924191
9158,9158,0.76,0.00998645168764533,log_and_continue,0.924307
9159,9159,0.9433333333333334,0.00998645168764533,request_rescan,0.924413
9160,9160,0.9433333333333334,0.00998645168764533,request_rescan,0.924513
9161,9161,0.76,0.00998645168764533,log_and_continue,0.924613
9162,9162,0.9433333333333334,0.00998645168764533,request_rescan,0.924709
9163,9163,0.9433333333333334,0.00998645168764533,request_rescan,0.924802
9164,9164,0.76,0.00998645168764533,log_and_continue,0.924899
9165,9165,0.9433333333333334,0.00998645168764533,discard,0.924999
9166,9166,0.9433333333333334,0.00998645168764533,discard,0.925098
9167,9167,0.9433333333333334,0.00998645168764533,discard,0.925197
9168,9168,0.76,0.00998645168764533,log_and_continue,0.925297
9169,9169,0.76,0.00998645168764533,log_and_continue,0.925393
9170,9170,0.9433333333333334,0.00998645168764533,discard,0.925491
9171,9171,0.9433333333333334,0.00998645168764533,discard,0.925586
9172,9172,0.9433333333333334,0.00998645168764533,request_rescan,0.925683
9173,9173,0.9433333333333334,0.00998645168764533,discard,0.925782
9174,9174,0.9433333333333334,0.00998645168764533,discard,0.925918
9175,9175,0.9433333333333334,0.00998645168764533,discard,0.926014
9176,9176,0.9433333333333334,0.00998645168764533,discard,0.92611
9177,9177,0.9433333333333334,0.00998645168764533,request_rescan,0.926207
9178,9178,0.9433333333333334,0.00998645168764533,discard,0.926303
9179,9179,0.9433333333333334,0.00998645168764533,discard,0.926398
9180,9180,0.9433333333333334,0.00998645168764533,request_rescan,0.926493
9181,9181,0.9433333333333334,0.00998645168764533,request_rescan,0.926586
9182,9182,0.9433333333333334,0.00998645168764533,discard,0.926685
9183,9183,0.76,0.00998645168764533,log_and_continue,0.926781
9184,9184,0.9433333333333334,0.00998645168764533,request_rescan,0.926876
9185,9185,0.9433333333333334,0.00998645168764533,discard,0.926985
9186,9186,0.9433333333333334,0.00998645168764533,discard,0.92712
9187,9187,0.76,0.00998645168764533,log_and_continue,0.927225
9188,9188,0.9433333333333334,0.00998645168764533,discard,0.927333
9189,9189,0.9433333333333334,0.00998645168764533,discard,0.927431
9190,9190,0.9433333333333334,0.00998645168764533,request_rescan,0.927529
9191,9191,0.9433333333333334,0.00998645168764533,discard,0.927626
9192,9192,0.9433333333333334,0.00998645168764533,discard,0.927729
9193,9193,0.9433333333333334,0.00998645168764533,request_rescan,0.927842
9194,9194,0.76,0.00998645168764533,log_and_continue,0.927968
9195,9195,0.9433333333333334,0.00998645168764533,discard,0.928075
9196,9196,0.9433333333333334,0.00998645168764533,discard,0.928172
9197,9197,0.9433333333333334,0.00998645168764533,discard,0.928274
9198,9198,0.9433333333333334,0.00998645168764533,discard,0.928373
9199,9199,0.9433333333333334,0.00998645168764533,discard,0.928466
9200,9200,0.9433333333333334,0.00998645168764533,request_rescan,0.928564
9201,9201,0.9433333333333334,0.00998645168764533,request_rescan,0.928708
9202,9202,0.9433333333333334,0.00998645168764533,request_rescan,0.928807
9203,9203,0.9433333333333334,0.00998645168764533,discard,0.928904
9204,9204,0.9433333333333334,0.00998645168764533,discard,0.929001
9205,9205,0.9433333333333334,0.00998645168764533,discard,0.929095
9206,9206,0.76,0.00998645168764533,log_and_continue,0.929191
9207,9207,0.9433333333333334,0.00998645168764533,discard,0.929286
9208,9208,0.9433333333333334,0.00998645168764533,discard,0.929383
9209,9209,0.9433333333333334,0.00998645168764533,discard,0.929474
9210,9210,0.9433333333333334,0.00998645168764533,discard,0.929571
9211,9211,0.9433333333333334,0.00998645168764533,request_rescan,0.929688
9212,9212,0.76,0.00998645168764533,log_and_continue,0.929784
9213,9213,0.9433333333333334,0.00998645168764533,discard,0.929877
9214,9214,0.9433333333333334,0.00998645168764533,discard,0.92997
9215,9215,0.9433333333333334,0.00998645168764533,request_rescan,0.930066
9216,9216,0.9433333333333334,0.00998645168764533,discard,0.930203
9217,9217,0.9433333333333334,0.00998645168764533,request_rescan,0.930308
9218,9218,0.9433333333333334,0.00998645168764533,discard,0.930406
9219,9219,0.9433333333333334,0.00998645168764533,discard,0.930503
9220,9220,0.76,0.00998645168764533,log_and_continue,0.930614
9221,9221,0.9433333333333334,0.00998645168764533,request_rescan,0.930709
9222,9222,0.9433333333333334,0.00998645168764533,discard,0.930806
9223,9223,0.76,0.00998645168764533,log_and_continue,0.930902
9224,9224,0.76,0.00998645168764533,log_and_continue,0.93102
9225,9225,0.9433333333333334,0.00998645168764533,request_rescan,0.93112
9226,9226,0.76,0.00998645168764533,log_and_continue,0.931215
9227,9227,0.9433333333333334,0.00998645168764533,request_rescan,0.931313
9228,9228,0.9433333333333334,0.00998645168764533,discard,0.931409
9229,9229,0.9433333333333334,0.00998645168764533,discard,0.931504
9230,9230,0.9433333333333334,0.00998645168764533,request_rescan,0.931601
9231,9231,0.9433333333333334,0.00998645168764533,request_rescan,0.931701
9232,9232,0.9433333333333334,0.00998645168764533,discard,0.931798
9233,9233,0.9433333333333334,0.00998645168764533,discard,0.931891
9234,9234,0.76,0.00998645168764533,log_and_continue,0.931986
9235,9235,0.76,0.00998645168764533,log_and_continue,0.93208
9236,9236,0.9433333333333334,0.00998645168764533,request_rescan,0.932174
9237,9237,0.9433333333333334,0.00998645168764533,discard,0.932275
9238,9238,0.9433333333333334,0.00998645168764533,discard,0.932372
9239,9239,0.9433333333333334,0.00998645168764533,request_rescan,0.932473
9240,9240,0.9433333333333334,0.00998645168764533,discard,0.932569
9241,9241,0.76,0.00998645168764533,log_and_continue,0.932664
9242,9242,0.9433333333333334,0.00998645168764533,discard,0.932756
9243,9243,0.76,0.00998645168764533,log_and_continue,0.932853
9244,9244,0.9433333333333334,0.00998645168764533,request_rescan,0.932948
9245,9245,0.76,0.00998645168764533,log_and_continue,0.933041
9246,9246,0.9433333333333334,0.00998645168764533,discard,0.933138
9247,9247,0.9433333333333334,0.00998645168764533,discard,0.933232
9248,9248,0.9433333333333334,0.00998645168764533,discard,0.93333
9249,9249,0.9433333333333334,0.00998645168764533,request_rescan,0.933426
9250,9250,0.9433333333333334,0.00998645168764533,request_rescan,0.933549
9251,9251,0.9433333333333334,0.00998645168764533,discard,0.933647
9252,9252,0.9433333333333334,0.00998645168764533,request_rescan,0.933743
9253,9253,0.9433333333333334,0.00998645168764533,request_rescan,0.933836
9254,9254,0.9433333333333334,0.00998645168764533,discard,0.933929
9255,9255,0.9433333333333334,0.00998645168764533,discard,0.934021
9256,9256,0.9433333333333334,0.00998645168764533,discard,0.93412
9257,9257,0.9433333333333334,0.00998645168764533,request_rescan,0.934216
9258,9258,0.9433333333333334,0.00998645168764533,request_rescan,0.934315
9259,9259,0.9433333333333334,0.00998645168764533,discard,0.934409
9260,9260,0.9433333333333334,0.00998645168764533,discard,0.934503
9261,9261,0.76,0.00998645168764533,log_and_continue,0.9346
9262,9262,0.9433333333333334,0.00998645168764533,request_rescan,0.934694
9263,9263,0.9433333333333334,0.00998645168764533,discard,0.934799
9264,9264,0.9433333333333334,0.00998645168764533,discard,0.934921
9265,9265,0.76,0.00998645168764533,log_and_continue,0.93504
9266,9266,0.9433333333333334,0.00998645168764533,request_rescan,0.935138
9267,9267,0.9433333333333334,0.00998645168764533,discard,0.935236
9268,9268,0.9433333333333334,0.00998645168764533,request_rescan,0.935336
9269,9269,0.76,0.00998645168764533,log_and_continue,0.935436
9270,9270,0.9433333333333334,0.00998645168764533,request_rescan,0.935534
9271,9271,0.9433333333333334,0.00998645168764533,discard,0.935636
9272,9272,0.76,0.00998645168764533,log_and_continue,0.935734
9273,9273,0.9433333333333334,0.00998645168764533,request_rescan,0.935833
9274,9274,0.9433333333333334,0.00998645168764533,discard,0.935927
9275,9275,0.9433333333333334,0.00998645168764533,discard,0.936019
9276,9276,0.9433333333333334,0.00998645168764533,discard,0.936113
9277,9277,0.9433333333333334,0.00998645168764533,discard,0.936212
9278,9278,0.9433333333333334,0.00998645168764533,discard,0.936314
9279,9279,0.9433333333333334,0.00998645168764533,request_rescan,0.936411
9280,9280,0.9433333333333334,0.00998645168764533,request_rescan,0.936504
9281,9281,0.9433333333333334,0.00998645168764533,discard,0.936598
9282,9282,0.76,0.00998645168764533,log_and_continue,0.936693
9283,9283,0.9433333333333334,0.00998645168764533,discard,0.936789
9284,9284,0.9433333333333334,0.00998645168764533,discard,0.936886
9285,9285,0.9433333333333334,0.00998645168764533,discard,0.936985
9286,9286,0.9433333333333334,0.00998645168764533,request_rescan,0.937084
9287,9287,0.76,0.00998645168764533,log_and_continue,0.937181
9288,9288,0.9433333333333334,0.00998645168764533,request_rescan,0.937282
9289,9289,0.9433333333333334,0.00998645168764533,discard,0.937376
9290,9290,0.76,0.00998645168764533,log_and_continue,0.937472
9291,9291,0.9433333333333334,0.00998645168764533,discard,0.937569
9292,9292,0.76,0.00998645168764533,log_and_continue,0.937662
9293,9293,0.9433333333333334,0.00998645168764533,request_rescan,0.937761
9294,9294,0.9433333333333334,0.00998645168764533,discard,0.93786
9295,9295,0.9433333333333334,0.00998645168764533,request_rescan,0.937955
9296,9296,0.9433333333333334,0.00998645168764533,request_rescan,0.938049
9297,9297,0.76,0.00998645168764533,log_and_continue,0.938147
9298,9298,0.9433333333333334,0.00998645168764533,discard,0.938249
9299,9299,0.9433333333333334,0.00998645168764533,discard,0.93835
9300,9300,0.9433333333333334,0.00998645168764533,discard,0.938449
9301,9301,0.9433333333333334,0.00998645168764533,discard,0.938596
9302,9302,0.9433333333333334,0.00998645168764533,discard,0.938699
9303,9303,0.9433333333333334,0.00998645168764533,discard,0.938795
9304,9304,0.76,0.00998645168764533,log_and_continue,0.938893
9305,9305,0.9433333333333334,0.00998645168764533,discard,0.938984
9306,9306,0.9433333333333334,0.00998645168764533,discard,0.939078
9307,9307,0.9433333333333334,0.00998645168764533,discard,0.939181
9308,9308,0.9433333333333334,0.00998645168764533,discard,0.939288
9309,9309,0.76,0.00998645168764533,log_and_continue,0.939389
9310,9310,0.9433333333333334,0.00998645168764533,request_rescan,0.939485
9311,9311,0.9433333333333334,0.00998645168764533,discard,0.93958
9312,9312,0.9433333333333334,0.00998645168764533,discard,0.939675
9313,9313,0.9433333333333334,0.00998645168764533,discard,0.939769
9314,9314,0.9433333333333334,0.00998645168764533,discard,0.939865
9315,9315,0.9433333333333334,0.00998645168764533,discard,0.939959
9316,9316,0.9433333333333334,0.00998645168764533,discard,0.940059
9317,9317,0.9433333333333334,0.00998645168764533,request_rescan,0.940155
9318,9318,0.9433333333333334,0.00998645168764533,discard,0.94025
9319,9319,0.9433333333333334,0.00998645168764533,request_rescan,0.940344
9320,9320,0.76,0.00998645168764533,log_and_continue,0.940442
9321,9321,0.9433333333333334,0.00998645168764533,discard,0.940536
9322,9322,0.9433333333333334,0.00998645168764533,discard,0.940632
9323,9323,0.9433333333333334,0.00998645168764533,discard,0.940728
9324,9324,0.9433333333333334,0.00998645168764533,discard,0.94082
9325,9325,0.76,0.00998645168764533,log_and_continue,0.940916
9326,9326,0.9433333333333334,0.00998645168764533,request_rescan,0.941015
9327,9327,0.9433333333333334,0.00998645168764533,request_rescan,0.941112
9328,9328,0.9433333333333334,0.00998645168764533,request_rescan,0.941207
9329,9329,0.9433333333333334,0.00998645168764533,discard,0.94131
9330,9330,0.9433333333333334,0.00998645168764533,discard,0.941408
9331,9331,0.9433333333333334,0.00998645168764533,discard,0.941501
9332,9332,0.76,0.00998645168764533,log_and_continue,0.941597
9333,9333,0.9433333333333334,0.00998645168764533,request_rescan,0.941691
9334,9334,0.9433333333333334,0.00998645168764533,discard,0.941791
9335,9335,0.76,0.00998645168764533,log_and_continue,0.941888
9336,9336,0.9433333333333334,0.00998645168764533,discard,0.941984
9337,9337,0.9433333333333334,0.00998645168764533,discard,0.942077
9338,9338,0.9433333333333334,0.00998645168764533,request_rescan,0.942173
9339,9339,0.9433333333333334,0.00998645168764533,discard,0.942268
9340,9340,0.9433333333333334,0.00998645168764533,request_rescan,0.942361
9341,9341,0.76,0.00998645168764533,log_and_continue,0.942462
9342,9342,0.9433333333333334,0.00998645168764533,discard,0.942595
9343,9343,0.9433333333333334,0.00998645168764533,discard,0.942704
9344,9344,0.9433333333333334,0.00998645168764533,discard,0.942797
9345,9345,0.9433333333333334,0.00998645168764533,discard,0.94289
9346,9346,0.9433333333333334,0.00998645168764533,discard,0.942983
9347,9347,0.9433333333333334,0.00998645168764533,discard,0.943081
9348,9348,0.76,0.00998645168764533,log_and_continue,0.943185
9349,9349,0.9433333333333334,0.00998645168764533,discard,0.943285
9350,9350,0.9433333333333334,0.00998645168764533,discard,0.943384
9351,9351,0.9433333333333334,0.00998645168764533,request_rescan,0.94348
9352,9352,0.76,0.00998645168764533,log_and_continue,0.943575
9353,9353,0.9433333333333334,0.00998645168764533,discard,0.943666
9354,9354,0.9433333333333334,0.00998645168764533,discard,0.943762
9355,9355,0.9433333333333334,0.00998645168764533,request_rescan,0.94386
9356,9356,0.9433333333333334,0.00998645168764533,discard,0.943957
9357,9357,0.9433333333333334,0.00998645168764533,discard,0.944054
9358,9358,0.9433333333333334,0.00998645168764533,discard,0.944146
9359,9359,0.9433333333333334,0.00998645168764533,discard,0.944237
9360,9360,0.76,0.00998645168764533,log_and_continue,0.944336
9361,9361,0.76,0.00998645168764533,log_and_continue,0.944436
9362,9362,0.9433333333333334,0.00998645168764533,request_rescan,0.944532
9363,9363,0.9433333333333334,0.00998645168764533,discard,0.944628
9364,9364,0.9433333333333334,0.00998645168764533,discard,0.944726
9365,9365,0.76,0.00998645168764533,log_and_continue,0.944835
9366,9366,0.9433333333333334,0.00998645168764533,request_rescan,0.944952
9367,9367,0.9433333333333334,0.00998645168764533,discard,0.945052
9368,9368,0.76,0.00998645168764533,log_and_continue,0.945147
9369,9369,0.76,0.00998645168764533,log_and_continue,0.945244
9370,9370,0.9433333333333334,0.00998645168764533,request_rescan,0.945339
9371,9371,0.9433333333333334,0.00998645168764533,discard,0.945435
9372,9372,0.76,0.00998645168764533,log_and_continue,0.945527
9373,9373,0.76,0.00998645168764533,log_and_continue,0.94562
9374,9374,0.9433333333333334,0.00998645168764533,request_rescan,0.945714
9375,9375,0.9433333333333334,0.00998645168764533,discard,0.945816
9376,9376,0.76,0.00998645168764533,log_and_continue,0.945914
9377,9377,0.9433333333333334,0.00998645168764533,request_rescan,0.946011
9378,9378,0.9433333333333334,0.00998645168764533,discard,0.946107
9379,9379,0.9433333333333334,0.00998645168764533,discard,0.946203
9380,9380,0.9433333333333334,0.00998645168764533,request_rescan,0.946302
9381,9381,0.9433333333333334,0.00998645168764533,discard,0.946401
9382,9382,0.9433333333333334,0.00998645168764533,request_rescan,0.946498
9383,9383,0.9433333333333334,0.00998645168764533,discard,0.946594
9384,9384,0.9433333333333334,0.00998645168764533,request_rescan,0.946688
9385,9385,0.9433333333333334,0.00998645168764533,discard,0.946788
9386,9386,0.9433333333333334,0.00998645168764533,discard,0.946914
9387,9387,0.9433333333333334,0.00998645168764533,request_rescan,0.947017
9388,9388,0.76,0.00998645168764533,log_and_continue,0.947114
9389,9389,0.9433333333333334,0.00998645168764533,request_rescan,0.947209
9390,9390,0.9433333333333334,0.00998645168764533,discard,0.947311
9391,9391,0.9433333333333334,0.00998645168764533,discard,0.947422
9392,9392,0.9433333333333334,0.00998645168764533,request_rescan,0.947516
9393,9393,0.76,0.00998645168764533,log_and_continue,0.94761
9394,9394,0.9433333333333334,0.00998645168764533,discard,0.947708
9395,9395,0.76,0.00998645168764533,log_and_continue,0.947808
9396,9396,0.9433333333333334,0.00998645168764533,discard,0.947922
9397,9397,0.9433333333333334,0.00998645168764533,discard,0.948015
9398,9398,0.76,0.00998645168764533,log_and_continue,0.948112
9399,9399,0.9433333333333334,0.00998645168764533,request_rescan,0.948208
9400,9400,0.9433333333333334,0.00998645168764533,request_rescan,0.948304
9401,9401,0.76,0.00998645168764533,log_and_continue,0.94846
9402,9402,0.76,0.00998645168764533,log_and_continue,0.948573
9403,9403,0.76,0.00998645168764533,log_and_continue,0.948677
9404,9404,0.9433333333333334,0.00998645168764533,discard,0.948774
9405,9405,0.9433333333333334,0.00998645168764533,discard,0.948872
9406,9406,0.76,0.00998645168764533,log_and_continue,0.948969
9407,9407,0.9433333333333334,0.00998645168764533,discard,0.949062
9408,9408,0.9433333333333334,0.00998645168764533,discard,0.949159
9409,9409,0.9433333333333334,0.00998645168764533,discard,0.949261
9410,9410,0.76,0.00998645168764533,discard,0.949364
9411,9411,0.9433333333333334,0.00998645168764533,request_rescan,0.949463
9412,9412,0.9433333333333334,0.00998645168764533,discard,0.949563
9413,9413,0.9433333333333334,0.00998645168764533,request_rescan,0.949664
9414,9414,0.9433333333333334,0.00998645168764533,request_rescan,0.949761
9415,9415,0.9433333333333334,0.00998645168764533,request_rescan,0.949874
9416,9416,0.9433333333333334,0.00998645168764533,discard,0.949981
9417,9417,0.9433333333333334,0.00998645168764533,request_rescan,0.950082
9418,9418,0.9433333333333334,0.00998645168764533,discard,0.950179
9419,9419,0.9433333333333334,0.00998645168764533,request_rescan,0.950279
9420,9420,0.9433333333333334,0.00998645168764533,discard,0.950378
9421,9421,0.9433333333333334,0.00998645168764533,discard,0.95047
9422,9422,0.9433333333333334,0.00998645168764533,request_rescan,0.950567
9423,9423,0.9433333333333334,0.00998645168764533,discard,0.950663
9424,9424,0.9433333333333334,0.00998645168764533,discard,0.950765
9425,9425,0.9433333333333334,0.00998645168764533,discard,0.950865
9426,9426,0.9433333333333334,0.00998645168764533,discard,0.950964
9427,9427,0.76,0.00998645168764533,log_and_continue,0.951081
9428,9428,0.9433333333333334,0.00998645168764533,request_rescan,0.95118
9429,9429,0.9433333333333334,0.00998645168764533,discard,0.951281
9430,9430,0.76,0.00998645168764533,log_and_continue,0.95138
9431,9431,0.76,0.00998645168764533,log_and_continue,0.95148
9432,9432,0.9433333333333334,0.00998645168764533,request_rescan,0.951576
9433,9433,0.9433333333333334,0.00998645168764533,request_rescan,0.951671
9434,9434,0.9433333333333334,0.00998645168764533,request_rescan,0.951768
9435,9435,0.9433333333333334,0.00998645168764533,request_rescan,0.951861
9436,9436,0.9433333333333334,0.00998645168764533,discard,0.95196
9437,9437,0.9433333333333334,0.00998645168764533,discard,0.952057
9438,9438,0.9433333333333334,0.00998645168764533,request_rescan,0.952155
9439,9439,0.9433333333333334,0.00998645168764533,request_rescan,0.952254
9440,9440,0.9433333333333334,0.00998645168764533,request_rescan,0.952349
9441,9441,0.9433333333333334,0.00998645168764533,discard,0.952441
9442,9442,0.76,0.00998645168764533,log_and_continue,0.952539
9443,9443,0.76,0.00998645168764533,log_and_continue,0.952635
9444,9444,0.76,0.00998645168764533,log_and_continue,0.95273
9445,9445,0.76,0.00998645168764533,log_and_continue,0.952828
9446,9446,0.9433333333333334,0.00998645168764533,request_rescan,0.952925
9447,9447,0.9433333333333334,0.00998645168764533,discard,0.953024
9448,9448,0.9433333333333334,0.00998645168764533,discard,0.95312
9449,9449,0.9433333333333334,0.00998645168764533,request_rescan,0.953213
9450,9450,0.9433333333333334,0.00998645168764533,request_rescan,0.953308
9451,9451,0.76,0.00998645168764533,log_and_continue,0.953402
9452,9452,0.9433333333333334,0.00998645168764533,request_rescan,0.953494
9453,9453,0.76,0.00998645168764533,log_and_continue,0.953609
9454,9454,0.9433333333333334,0.00998645168764533,request_rescan,0.953724
9455,9455,0.9433333333333334,0.00998645168764533,discard,0.953822
9456,9456,0.76,0.00998645168764533,log_and_continue,0.95392
9457,9457,0.9433333333333334,0.00998645168764533,discard,0.954014
9458,9458,0.9433333333333334,0.00998645168764533,discard,0.954107
9459,9459,0.9433333333333334,0.00998645168764533,request_rescan,0.954205
9460,9460,0.9433333333333334,0.00998645168764533,discard,0.954305
9461,9461,0.9433333333333334,0.00998645168764533,request_rescan,0.954404
9462,9462,0.76,0.00998645168764533,log_and_continue,0.9545
9463,9463,0.9433333333333334,0.00998645168764533,discard,0.954597
9464,9464,0.9433333333333334,0.00998645168764533,discard,0.954699
9465,9465,0.9433333333333334,0.00998645168764533,request_rescan,0.954801
9466,9466,0.9433333333333334,0.00998645168764533,discard,0.954898
9467,9467,0.76,0.00998645168764533,log_and_continue,0.954994
9468,9468,0.9433333333333334,0.00998645168764533,discard,0.955097
9469,9469,0.9433333333333334,0.00998645168764533,request_rescan,0.955195
9470,9470,0.9433333333333334,0.00998645168764533,discard,0.955295
9471,9471,0.9433333333333334,0.00998645168764533,discard,0.955388
9472,9472,0.9433333333333334,0.00998645168764533,discard,0.955488
9473,9473,0.9433333333333334,0.00998645168764533,request_rescan,0.955587
9474,9474,0.9433333333333334,0.00998645168764533,discard,0.955685
9475,9475,0.9433333333333334,0.00998645168764533,discard,0.955778
9476,9476,0.9433333333333334,0.00998645168764533,discard,0.955873
9477,9477,0.76,0.00998645168764533,log_and_continue,0.955967
9478,9478,0.9433333333333334,0.00998645168764533,request_rescan,0.95606
9479,9479,0.9433333333333334,0.00998645168764533,discard,0.956153
9480,9480,0.9433333333333334,0.00998645168764533,discard,0.956248
9481,9481,0.9433333333333334,0.00998645168764533,discard,0.956351
9482,9482,0.9433333333333334,0.00998645168764533,request_rescan,0.956448
9483,9483,0.9433333333333334,0.00998645168764533,request_rescan,0.956546
9484,9484,0.9433333333333334,0.00998645168764533,discard,0.956644
9485,9485,0.9433333333333334,0.00998645168764533,discard,0.956737
9486,9486,0.76,0.00998645168764533,log_and_continue,0.956834
9487,9487,0.9433333333333334,0.00998645168764533,request_rescan,0.956933
9488,9488,0.76,0.00998645168764533,log_and_continue,0.957031
9489,9489,0.9433333333333334,0.00998645168764533,discard,0.957127
9490,9490,0.76,0.00998645168764533,log_and_continue,0.957222
9491,9491,0.9433333333333334,0.00998645168764533,discard,0.95732
9492,9492,0.9433333333333334,0.00998645168764533,request_rescan,0.957416
9493,9493,0.9433333333333334,0.00998645168764533,discard,0.957511
9494,9494,0.9433333333333334,0.00998645168764533,discard,0.957606
9495,9495,0.9433333333333334,0.00998645168764533,discard,0.957702
9496,9496,0.9433333333333334,0.00998645168764533,request_rescan,0.957797
9497,9497,0.76,0.00998645168764533,log_and_continue,0.95789
9498,9498,0.9433333333333334,0.00998645168764533,discard,0.957997
9499,9499,0.9433333333333334,0.00998645168764533,request_rescan,0.958094
9500,9500,0.9433333333333334,0.00998645168764533,request_rescan,0.958192
9501,9501,0.9433333333333334,0.00998645168764533,discard,0.958367
9502,9502,0.76,0.00998645168764533,log_and_continue,0.958468
9503,9503,0.9433333333333334,0.00998645168764533,discard,0.958568
9504,9504,0.76,0.00998645168764533,log_and_continue,0.958667
9505,9505,0.9433333333333334,0.00998645168764533,discard,0.958763
9506,9506,0.9433333333333334,0.00998645168764533,discard,0.958858
9507,9507,0.9433333333333334,0.00998645168764533,discard,0.95895
9508,9508,0.9433333333333334,0.00998645168764533,discard,0.959043
9509,9509,0.9433333333333334,0.00998645168764533,request_rescan,0.959138
9510,9510,0.76,0.00998645168764533,log_and_continue,0.959282
9511,9511,0.9433333333333334,0.00998645168764533,discard,0.959378
9512,9512,0.9433333333333334,0.00998645168764533,request_rescan,0.959476
9513,9513,0.76,0.00998645168764533,log_and_continue,0.959572
9514,9514,0.9433333333333334,0.00998645168764533,discard,0.959666
9515,9515,0.9433333333333334,0.00998645168764533,discard,0.959763
9516,9516,0.9433333333333334,0.00998645168764533,request_rescan,0.959857
9517,9517,0.9433333333333334,0.00998645168764533,request_rescan,0.959951
9518,9518,0.9433333333333334,0.00998645168764533,discard,0.960046
9519,9519,0.9433333333333334,0.00998645168764533,discard,0.96014
9520,9520,0.9433333333333334,0.00998645168764533,discard,0.960236
9521,9521,0.9433333333333334,0.00998645168764533,discard,0.960338
9522,9522,0.9433333333333334,0.00998645168764533,discard,0.960433
9523,9523,0.9433333333333334,0.00998645168764533,request_rescan,0.960529
9524,9524,0.9433333333333334,0.00998645168764533,request_rescan,0.960627
9525,9525,0.9433333333333334,0.00998645168764533,discard,0.960728
9526,9526,0.9433333333333334,0.00998645168764533,discard,0.960823
9527,9527,0.9433333333333334,0.00998645168764533,request_rescan,0.960919
9528,9528,0.9433333333333334,0.00998645168764533,discard,0.961015
9529,9529,0.76,0.00998645168764533,log_and_continue,0.961108
9530,9530,0.9433333333333334,0.00998645168764533,discard,0.961202
9531,9531,0.9433333333333334,0.00998645168764533,discard,0.961316
9532,9532,0.9433333333333334,0.00998645168764533,request_rescan,0.961409
9533,9533,0.9433333333333334,0.00998645168764533,discard,0.961505
9534,9534,0.76,0.00998645168764533,log_and_continue,0.961599
9535,9535,0.9433333333333334,0.00998645168764533,discard,0.961695
9536,9536,0.9433333333333334,0.00998645168764533,discard,0.961792
9537,9537,0.76,0.00998645168764533,log_and_continue,0.961888
9538,9538,0.9433333333333334,0.00998645168764533,discard,0.961983
9539,9539,0.9433333333333334,0.00998645168764533,discard,0.962079
9540,9540,0.9433333333333334,0.00998645168764533,discard,0.962173
9541,9541,0.9433333333333334,0.00998645168764533,discard,0.962278
9542,9542,0.76,0.00998645168764533,log_and_continue,0.962394
9543,9543,0.9433333333333334,0.00998645168764533,request_rescan,0.962505
9544,9544,0.76,0.00998645168764533,log_and_continue,0.962602
9545,9545,0.9433333333333334,0.00998645168764533,discard,0.9627
9546,9546,0.76,0.00998645168764533,log_and_continue,0.962795
9547,9547,0.9433333333333334,0.00998645168764533,request_rescan,0.962892
9548,9548,0.9433333333333334,0.00998645168764533,discard,0.962989
9549,9549,0.76,0.00998645168764533,log_and_continue,0.963083
9550,9550,0.76,0.00998645168764533,log_and_continue,0.963176
9551,9551,0.9433333333333334,0.00998645168764533,request_rescan,0.963279
9552,9552,0.9433333333333334,0.00998645168764533,request_rescan,0.963378
9553,9553,0.9433333333333334,0.00998645168764533,request_rescan,0.963474
9554,9554,0.9433333333333334,0.00998645168764533,discard,0.963573
9555,9555,0.9433333333333334,0.00998645168764533,discard,0.963708
9556,9556,0.9433333333333334,0.00998645168764533,discard,0.963803
9557,9557,0.9433333333333334,0.00998645168764533,request_rescan,0.963904
9558,9558,0.9433333333333334,0.00998645168764533,request_rescan,0.964001
9559,9559,0.9433333333333334,0.00998645168764533,request_rescan,0.964112
9560,9560,0.9433333333333334,0.00998645168764533,discard,0.964213
9561,9561,0.9433333333333334,0.00998645168764533,discard,0.96431
9562,9562,0.9433333333333334,0.00998645168764533,discard,0.964403
9563,9563,0.9433333333333334,0.00998645168764533,discard,0.964512
9564,9564,0.9433333333333334,0.00998645168764533,discard,0.964608
9565,9565,0.9433333333333334,0.00998645168764533,discard,0.964709
9566,9566,0.76,0.00998645168764533,log_and_continue,0.964808
9567,9567,0.9433333333333334,0.00998645168764533,request_rescan,0.964904
9568,9568,0.9433333333333334,0.00998645168764533,discard,0.965001
9569,9569,0.76,0.00998645168764533,log_and_continue,0.965097
9570,9570,0.76,0.00998645168764533,log_and_continue,0.965195
9571,9571,0.76,0.00998645168764533,log_and_continue,0.965293
9572,9572,0.9433333333333334,0.00998645168764533,discard,0.965395
9573,9573,0.9433333333333334,0.00998645168764533,discard,0.965495
9574,9574,0.9433333333333334,0.00998645168764533,discard,0.96559
9575,9575,0.9433333333333334,0.00998645168764533,request_rescan,0.965688
9576,9576,0.9433333333333334,0.00998645168764533,discard,0.965781
9577,9577,0.9433333333333334,0.00998645168764533,request_rescan,0.965874
9578,9578,0.9433333333333334,0.00998645168764533,discard,0.965971
9579,9579,0.9433333333333334,0.00998645168764533,discard,0.966066
9580,9580,0.9433333333333334,0.00998645168764533,request_rescan,0.966162
9581,9581,0.9433333333333334,0.00998645168764533,discard,0.966279
9582,9582,0.9433333333333334,0.00998645168764533,discard,0.966375
9583,9583,0.9433333333333334,0.00998645168764533,request_rescan,0.966481
9584,9584,0.76,0.00998645168764533,log_and_continue,0.966575
9585,9585,0.76,0.00998645168764533,log_and_continue,0.966669
9586,9586,0.9433333333333334,0.00998645168764533,discard,0.966766
9587,9587,0.76,0.00998645168764533,log_and_continue,0.966861
9588,9588,0.76,0.00998645168764533,log_and_continue,0.966953
9589,9589,0.9433333333333334,0.00998645168764533,request_rescan,0.967048
9590,9590,0.9433333333333334,0.00998645168764533,discard,0.967142
9591,9591,0.9433333333333334,0.00998645168764533,discard,0.967235
9592,9592,0.9433333333333334,0.00998645168764533,request_rescan,0.967332
9593,9593,0.9433333333333334,0.00998645168764533,discard,0.967422
9594,9594,0.9433333333333334,0.00998645168764533,discard,0.967517
9595,9595,0.76,0.00998645168764533,log_and_continue,0.96761
9596,9596,0.76,0.00998645168764533,log_and_continue,0.967703
9597,9597,0.9433333333333334,0.00998645168764533,request_rescan,0.9678
9598,9598,0.76,0.00998645168764533,log_and_continue,0.967896
9599,9599,0.76,0.00998645168764533,log_and_continue,0.967991
9600,9600,0.76,0.00998645168764533,log_and_continue,0.968085
9601,9601,0.9433333333333334,0.00998645168764533,discard,0.968238
9602,9602,0.9433333333333334,0.00998645168764533,discard,0.968346
9603,9603,0.9433333333333334,0.00998645168764533,request_rescan,0.96845
9604,9604,0.9433333333333334,0.00998645168764533,discard,0.968545
9605,9605,0.9433333333333334,0.00998645168764533,request_rescan,0.968639
9606,9606,0.9433333333333334,0.00998645168764533,discard,0.968731
9607,9607,0.76,0.00998645168764533,log_and_continue,0.968826
9608,9608,0.9433333333333334,0.00998645168764533,request_rescan,0.968919
9609,9609,0.76,0.00998645168764533,log_and_continue,0.969018
9610,9610,0.9433333333333334,0.00998645168764533,discard,0.969119
9611,9611,0.9433333333333334,0.00998645168764533,discard,0.969215
9612,9612,0.9433333333333334,0.00998645168764533,discard,0.969315
9613,9613,0.9433333333333334,0.00998645168764533,discard,0.969415
9614,9614,0.9433333333333334,0.00998645168764533,discard,0.969515
9615,9615,0.9433333333333334,0.00998645168764533,discard,0.969613
9616,9616,0.9433333333333334,0.00998645168764533,request_rescan,0.96971
9617,9617,0.9433333333333334,0.00998645168764533,discard,0.969801
9618,9618,0.9433333333333334,0.00998645168764533,discard,0.969897
9619,9619,0.76,0.00998645168764533,log_and_continue,0.969995
9620,9620,0.9433333333333334,0.00998645168764533,discard,0.970093
9621,9621,0.9433333333333334,0.00998645168764533,request_rescan,0.970187
9622,9622,0.9433333333333334,0.00998645168764533,request_rescan,0.970291
9623,9623,0.9433333333333334,0.00998645168764533,request_rescan,0.970388
9624,9624,0.76,0.00998645168764533,log_and_continue,0.970483
9625,9625,0.9433333333333334,0.00998645168764533,discard,0.970578
9626,9626,0.76,0.00998645168764533,log_and_continue,0.970673
9627,9627,0.76,0.00998645168764533,log_and_continue,0.970769
9628,9628,0.9433333333333334,0.00998645168764533,discard,0.970866
9629,9629,0.9433333333333334,0.00998645168764533,request_rescan,0.970961
9630,9630,0.76,0.00998645168764533,log_and_continue,0.971057
9631,9631,0.9433333333333334,0.00998645168764533,discard,0.971159
9632,9632,0.9433333333333334,0.00998645168764533,discard,0.971261
9633,9633,0.76,0.00998645168764533,log_and_continue,0.971359
9634,9634,0.9433333333333334,0.00998645168764533,discard,0.971456
9635,9635,0.76,0.00998645168764533,log_and_continue,0.971551
9636,9636,0.9433333333333334,0.00998645168764533,discard,0.971643
9637,9637,0.9433333333333334,0.00998645168764533,discard,0.97174
9638,9638,0.76,0.00998645168764533,log_and_continue,0.971834
9639,9639,0.9433333333333334,0.00998645168764533,request_rescan,0.971938
9640,9640,0.9433333333333334,0.00998645168764533,discard,0.972062
9641,9641,0.76,0.00998645168764533,log_and_continue,0.972173
9642,9642,0.76,0.00998645168764533,log_and_continue,0.972274
9643,9643,0.9433333333333334,0.00998645168764533,discard,0.972375
9644,9644,0.9433333333333334,0.00998645168764533,request_rescan,0.972473
9645,9645,0.9433333333333334,0.00998645168764533,request_rescan,0.972569
9646,9646,0.9433333333333334,0.00998645168764533,request_rescan,0.972662
9647,9647,0.76,0.00998645168764533,log_and_continue,0.972756
9648,9648,0.9433333333333334,0.00998645168764533,request_rescan,0.97285
9649,9649,0.76,0.00998645168764533,log_and_continue,0.972944
9650,9650,0.9433333333333334,0.00998645168764533,request_rescan,0.973041
9651,9651,0.76,0.00998645168764533,log_and_continue,0.973139
9652,9652,0.9433333333333334,0.00998645168764533,discard,0.973243
9653,9653,0.9433333333333334,0.00998645168764533,request_rescan,0.97334
9654,9654,0.76,0.00998645168764533,log_and_continue,0.973436
9655,9655,0.9433333333333334,0.00998645168764533,discard,0.973532
9656,9656,0.9433333333333334,0.00998645168764533,request_rescan,0.973625
9657,9657,0.9433333333333334,0.00998645168764533,discard,0.97372
9658,9658,0.76,0.00998645168764533,log_and_continue,0.973815
9659,9659,0.76,0.00998645168764533,log_and_continue,0.973913
9660,9660,0.76,0.00998645168764533,log_and_continue,0.974013
9661,9661,0.9433333333333334,0.00998645168764533,discard,0.974111
9662,9662,0.9433333333333334,0.00998645168764533,discard,0.974211
9663,9663,0.9433333333333334,0.00998645168764533,discard,0.974311
9664,9664,0.9433333333333334,0.00998645168764533,request_rescan,0.974407
9665,9665,0.9433333333333334,0.00998645168764533,discard,0.974502
9666,9666,0.9433333333333334,0.00998645168764533,request_rescan,0.974601
9667,9667,0.76,0.00998645168764533,log_and_continue,0.974701
9668,9668,0.9433333333333334,0.00998645168764533,request_rescan,0.974799
9669,9669,0.76,0.00998645168764533,log_and_continue,0.974896
9670,9670,0.9433333333333334,0.00998645168764533,discard,0.974997
9671,9671,0.9433333333333334,0.00998645168764533,discard,0.975093
9672,9672,0.9433333333333334,0.00998645168764533,request_rescan,0.975188
9673,9673,0.9433333333333334,0.00998645168764533,discard,0.975287
9674,9674,0.9433333333333334,0.00998645168764533,request_rescan,0.975382
9675,9675,0.9433333333333334,0.00998645168764533,request_rescan,0.975475
9676,9676,0.76,0.00998645168764533,log_and_continue,0.97557
9677,9677,0.9433333333333334,0.00998645168764533,discard,0.975667
9678,9678,0.9433333333333334,0.00998645168764533,discard,0.975763
9679,9679,0.76,0.00998645168764533,log_and_continue,0.975859
9680,9680,0.9433333333333334,0.00998645168764533,discard,0.975995
9681,9681,0.9433333333333334,0.00998645168764533,discard,0.976098
9682,9682,0.9433333333333334,0.00998645168764533,request_rescan,0.976196
9683,9683,0.76,0.00998645168764533,log_and_continue,0.976294
9684,9684,0.9433333333333334,0.00998645168764533,request_rescan,0.97639
9685,9685,0.76,0.00998645168764533,log_and_continue,0.976483
9686,9686,0.9433333333333334,0.00998645168764533,request_rescan,0.976582
9687,9687,0.76,0.00998645168764533,log_and_continue,0.976681
9688,9688,0.9433333333333334,0.00998645168764533,request_rescan,0.976775
9689,9689,0.9433333333333334,0.00998645168764533,request_rescan,0.976868
9690,9690,0.9433333333333334,0.00998645168764533,request_rescan,0.976961
9691,9691,0.76,0.00998645168764533,log_and_continue,0.977054
9692,9692,0.76,0.00998645168764533,log_and_continue,0.977147
9693,9693,0.9433333333333334,0.00998645168764533,discard,0.977248
9694,9694,0.9433333333333334,0.00998645168764533,discard,0.977348
9695,9695,0.9433333333333334,0.00998645168764533,discard,0.977447
9696,9696,0.9433333333333334,0.00998645168764533,request_rescan,0.977544
9697,9697,0.9433333333333334,0.00998645168764533,request_rescan,0.977642
9698,9698,0.9433333333333334,0.00998645168764533,discard,0.977739
9699,9699,0.9433333333333334,0.00998645168764533,discard,0.977836
9700,9700,0.9433333333333334,0.00998645168764533,discard,0.977929
9701,9701,0.76,0.00998645168764533,log_and_continue,0.978088
9702,9702,0.76,0.00998645168764533,log_and_continue,0.978193
9703,9703,0.9433333333333334,0.00998645168764533,discard,0.978307
9704,9704,0.9433333333333334,0.00998645168764533,request_rescan,0.978436
9705,9705,0.9433333333333334,0.00998645168764533,request_rescan,0.978551
9706,9706,0.76,0.00998645168764533,log_and_continue,0.978646
9707,9707,0.9433333333333334,0.00998645168764533,request_rescan,0.978741
9708,9708,0.76,0.00998645168764533,log_and_continue,0.978836
9709,9709,0.9433333333333334,0.00998645168764533,discard,0.97893
9710,9710,0.9433333333333334,0.00998645168764533,request_rescan,0.97903
9711,9711,0.9433333333333334,0.00998645168764533,discard,0.979134
9712,9712,0.76,0.00998645168764533,log_and_continue,0.979231
9713,9713,0.76,0.00998645168764533,log_and_continue,0.97933
9714,9714,0.9433333333333334,0.00998645168764533,request_rescan,0.979424
9715,9715,0.9433333333333334,0.00998645168764533,discard,0.979523
9716,9716,0.9433333333333334,0.00998645168764533,discard,0.979623
9717,9717,0.9433333333333334,0.00998645168764533,discard,0.979719
9718,9718,0.76,0.00998645168764533,log_and_continue,0.979814
9719,9719,0.9433333333333334,0.00998645168764533,discard,0.979908
9720,9720,0.9433333333333334,0.00998645168764533,discard,0.980005
9721,9721,0.9433333333333334,0.00998645168764533,discard,0.980099
9722,9722,0.9433333333333334,0.00998645168764533,discard,0.980218
9723,9723,0.9433333333333334,0.00998645168764533,discard,0.980318
9724,9724,0.9433333333333334,0.00998645168764533,request_rescan,0.980419
9725,9725,0.76,0.00998645168764533,log_and_continue,0.980519
9726,9726,0.9433333333333334,0.00998645168764533,discard,0.980634
9727,9727,0.9433333333333334,0.00998645168764533,request_rescan,0.980731
9728,9728,0.9433333333333334,0.00998645168764533,discard,0.980826
9729,9729,0.9433333333333334,0.00998645168764533,request_rescan,0.980934
9730,9730,0.76,0.00998645168764533,log_and_continue,0.98103
9731,9731,0.9433333333333334,0.00998645168764533,discard,0.981125
9732,9732,0.9433333333333334,0.00998645168764533,discard,0.981221
9733,9733,0.9433333333333334,0.00998645168764533,discard,0.981323
9734,9734,0.76,0.00998645168764533,log_and_continue,0.981421
9735,9735,0.9433333333333334,0.00998645168764533,discard,0.981516
9736,9736,0.76,0.00998645168764533,log_and_continue,0.981614
9737,9737,0.9433333333333334,0.00998645168764533,discard,0.981712
9738,9738,0.9433333333333334,0.00998645168764533,discard,0.981809
9739,9739,0.9433333333333334,0.00998645168764533,request_rescan,0.981907
9740,9740,0.9433333333333334,0.00998645168764533,discard,0.982003
9741,9741,0.9433333333333334,0.00998645168764533,discard,0.9821
9742,9742,0.9433333333333334,0.00998645168764533,discard,0.982195
9743,9743,0.9433333333333334,0.00998645168764533,discard,0.982291
9744,9744,0.76,0.00998645168764533,log_and_continue,0.982404
9745,9745,0.9433333333333334,0.00998645168764533,discard,0.982499
9746,9746,0.9433333333333334,0.00998645168764533,request_rescan,0.982594
9747,9747,0.76,0.00998645168764533,log_and_continue,0.982691
9748,9748,0.9433333333333334,0.00998645168764533,discard,0.982783
9749,9749,0.9433333333333334,0.00998645168764533,discard,0.982878
9750,9750,0.9433333333333334,0.00998645168764533,request_rescan,0.982972
9751,9751,0.9433333333333334,0.00998645168764533,discard,0.983068
9752,9752,0.9433333333333334,0.00998645168764533,discard,0.983162
9753,9753,0.9433333333333334,0.00998645168764533,discard,0.983261
9754,9754,0.9433333333333334,0.00998645168764533,discard,0.983355
9755,9755,0.9433333333333334,0.00998645168764533,discard,0.983447
9756,9756,0.76,0.00998645168764533,log_and_continue,0.983549
9757,9757,0.9433333333333334,0.00998645168764533,discard,0.983647
9758,9758,0.76,0.00998645168764533,log_and_continue,0.983745
9759,9759,0.9433333333333334,0.00998645168764533,discard,0.983838
9760,9760,0.9433333333333334,0.00998645168764533,discard,0.98393
9761,9761,0.9433333333333334,0.00998645168764533,discard,0.984029
9762,9762,0.9433333333333334,0.00998645168764533,discard,0.984123
9763,9763,0.9433333333333334,0.00998645168764533,discard,0.984217
9764,9764,0.9433333333333334,0.00998645168764533,discard,0.984315
9765,9765,0.9433333333333334,0.00998645168764533,discard,0.984412
9766,9766,0.76,0.00998645168764533,log_and_continue,0.984509
9767,9767,0.9433333333333334,0.00998645168764533,discard,0.984605
9768,9768,0.9433333333333334,0.00998645168764533,discard,0.984697
9769,9769,0.9433333333333334,0.00998645168764533,discard,0.984793
9770,9770,0.76,0.00998645168764533,log_and_continue,0.984889
9771,9771,0.9433333333333334,0.00998645168764533,request_rescan,0.984982
9772,9772,0.9433333333333334,0.00998645168764533,discard,0.985072
9773,9773,0.9433333333333334,0.00998645168764533,request_rescan,0.985164
9774,9774,0.9433333333333334,0.00998645168764533,discard,0.985262
9775,9775,0.9433333333333334,0.00998645168764533,discard,0.985365
9776,9776,0.9433333333333334,0.00998645168764533,discard,0.985464
9777,9777,0.9433333333333334,0.00998645168764533,discard,0.985562
9778,9778,0.9433333333333334,0.00998645168764533,discard,0.985656
9779,9779,0.9433333333333334,0.00998645168764533,discard,0.985749
9780,9780,0.9433333333333334,0.00998645168764533,discard,0.985845
9781,9781,0.76,0.00998645168764533,log_and_continue,0.985942
9782,9782,0.9433333333333334,0.00998645168764533,discard,0.98604
9783,9783,0.9433333333333334,0.00998645168764533,discard,0.986139
9784,9784,0.9433333333333334,0.00998645168764533,discard,0.986234
9785,9785,0.9433333333333334,0.00998645168764533,discard,0.986337
9786,9786,0.9433333333333334,0.00998645168764533,discard,0.986429
9787,9787,0.9433333333333334,0.00998645168764533,request_rescan,0.986524
9788,9788,0.9433333333333334,0.00998645168764533,discard,0.986624
9789,9789,0.9433333333333334,0.00998645168764533,request_rescan,0.986721
9790,9790,0.9433333333333334,0.00998645168764533,discard,0.986819
9791,9791,0.9433333333333334,0.00998645168764533,discard,0.986914
9792,9792,0.9433333333333334,0.00998645168764533,request_rescan,0.987008
9793,9793,0.76,0.00998645168764533,log_and_continue,0.987103
9794,9794,0.76,0.00998645168764533,log_and_continue,0.987197
9795,9795,0.9433333333333334,0.00998645168764533,discard,0.9873
9796,9796,0.76,0.00998645168764533,log_and_continue,0.987397
9797,9797,0.9433333333333334,0.00998645168764533,discard,0.987491
9798,9798,0.76,0.00998645168764533,log_and_continue,0.987586
9799,9799,0.9433333333333334,0.00998645168764533,request_rescan,0.98768
9800,9800,0.9433333333333334,0.00998645168764533,discard,0.987774
9801,9801,0.76,0.00998645168764533,log_and_continue,0.987924
9802,9802,0.76,0.00998645168764533,log_and_continue,0.988047
9803,9803,0.9433333333333334,0.00998645168764533,discard,0.988151
9804,9804,0.9433333333333334,0.00998645168764533,discard,0.988255
9805,9805,0.9433333333333334,0.00998645168764533,request_rescan,0.988354
9806,9806,0.9433333333333334,0.00998645168764533,request_rescan,0.988449
9807,9807,0.9433333333333334,0.00998645168764533,discard,0.988546
9808,9808,0.9433333333333334,0.00998645168764533,request_rescan,0.988643
9809,9809,0.9433333333333334,0.00998645168764533,discard,0.988744
9810,9810,0.76,0.00998645168764533,log_and_continue,0.988843
9811,9811,0.9433333333333334,0.00998645168764533,discard,0.988938
9812,9812,0.9433333333333334,0.00998645168764533,discard,0.989031
9813,9813,0.76,0.00998645168764533,log_and_continue,0.989127
9814,9814,0.76,0.00998645168764533,log_and_continue,0.98923
9815,9815,0.9433333333333334,0.00998645168764533,discard,0.989333
9816,9816,0.76,0.00998645168764533,log_and_continue,0.989431
9817,9817,0.76,0.00998645168764533,log_and_continue,0.989527
9818,9818,0.9433333333333334,0.00998645168764533,request_rescan,0.989624
9819,9819,0.9433333333333334,0.00998645168764533,discard,0.989718
9820,9820,0.9433333333333334,0.00998645168764533,request_rescan,0.989812
9821,9821,0.9433333333333334,0.00998645168764533,discard,0.989904
9822,9822,0.9433333333333334,0.00998645168764533,request_rescan,0.990002
9823,9823,0.9433333333333334,0.00998645168764533,discard,0.990102
9824,9824,0.9433333333333334,0.00998645168764533,request_rescan,0.990198
9825,9825,0.9433333333333334,0.00998645168764533,discard,0.990301
9826,9826,0.9433333333333334,0.00998645168764533,discard,0.990395
9827,9827,0.76,0.00998645168764533,log_and_continue,0.990489
9828,9828,0.76,0.00998645168764533,log_and_continue,0.990585
9829,9829,0.9433333333333334,0.00998645168764533,request_rescan,0.99068
9830,9830,0.76,0.00998645168764533,log_and_continue,0.990778
9831,9831,0.9433333333333334,0.00998645168764533,discard,0.990874
9832,9832,0.76,0.00998645168764533,log_and_continue,0.990968
9833,9833,0.76,0.00998645168764533,log_and_continue,0.991062
9834,9834,0.9433333333333334,0.00998645168764533,discard,0.991159
9835,9835,0.76,0.00998645168764533,log_and_continue,0.991257
9836,9836,0.9433333333333334,0.00998645168764533,request_rescan,0.991353
9837,9837,0.9433333333333334,0.00998645168764533,discard,0.991449
9838,9838,0.9433333333333334,0.00998645168764533,request_rescan,0.991557
9839,9839,0.76,0.00998645168764533,log_and_continue,0.991663
9840,9840,0.9433333333333334,0.00998645168764533,request_rescan,0.991762
9841,9841,0.9433333333333334,0.00998645168764533,discard,0.991859
9842,9842,0.9433333333333334,0.00998645168764533,discard,0.991952
9843,9843,0.9433333333333334,0.00998645168764533,discard,0.99205
9844,9844,0.9433333333333334,0.00998645168764533,discard,0.992143
9845,9845,0.76,0.00998645168764533,log_and_continue,0.992236
9846,9846,0.9433333333333334,0.00998645168764533,request_rescan,0.992333
9847,9847,0.76,0.00998645168764533,log_and_continue,0.992428
9848,9848,0.9433333333333334,0.00998645168764533,request_rescan,0.992524
9849,9849,0.76,0.00998645168764533,log_and_continue,0.992656
9850,9850,0.9433333333333334,0.00998645168764533,discard,0.992754
9851,9851,0.9433333333333334,0.00998645168764533,discard,0.992849
9852,9852,0.9433333333333334,0.00998645168764533,request_rescan,0.992947
9853,9853,0.9433333333333334,0.00998645168764533,discard,0.993044
9854,9854,0.9433333333333334,0.00998645168764533,discard,0.993148
9855,9855,0.9433333333333334,0.00998645168764533,discard,0.993253
9856,9856,0.9433333333333334,0.00998645168764533,request_rescan,0.993348
9857,9857,0.9433333333333334,0.00998645168764533,request_rescan,0.993442
9858,9858,0.9433333333333334,0.00998645168764533,request_rescan,0.993535
9859,9859,0.9433333333333334,0.00998645168764533,discard,0.993632
9860,9860,0.76,0.00998645168764533,log_and_continue,0.993733
9861,9861,0.9433333333333334,0.00998645168764533,discard,0.993834
9862,9862,0.9433333333333334,0.00998645168764533,discard,0.993934
9863,9863,0.9433333333333334,0.00998645168764533,request_rescan,0.994031
9864,9864,0.76,0.00998645168764533,log_and_continue,0.994125
9865,9865,0.9433333333333334,0.00998645168764533,discard,0.994218
9866,9866,0.9433333333333334,0.00998645168764533,discard,0.994314
9867,9867,0.9433333333333334,0.00998645168764533,request_rescan,0.99441
9868,9868,0.9433333333333334,0.00998645168764533,request_rescan,0.994503
9869,9869,0.9433333333333334,0.00998645168764533,discard,0.994596
9870,9870,0.76,0.00998645168764533,log_and_continue,0.994691
9871,9871,0.9433333333333334,0.00998645168764533,request_rescan,0.994784
9872,9872,0.9433333333333334,0.00998645168764533,discard,0.994876
9873,9873,0.76,0.00998645168764533,log_and_continue,0.994969
9874,9874,0.9433333333333334,0.00998645168764533,discard,0.995062
9875,9875,0.9433333333333334,0.00998645168764533,discard,0.995154
9876,9876,0.76,0.00998645168764533,log_and_continue,0.99525
9877,9877,0.9433333333333334,0.00998645168764533,discard,0.995347
9878,9878,0.9433333333333334,0.00998645168764533,discard,0.995443
9879,9879,0.76,0.00998645168764533,log_and_continue,0.995551
9880,9880,0.9433333333333334,0.00998645168764533,discard,0.995666
9881,9881,0.9433333333333334,0.00998645168764533,discard,0.995761
9882,9882,0.9433333333333334,0.00998645168764533,discard,0.995854
9883,9883,0.9433333333333334,0.00998645168764533,discard,0.995953
9884,9884,0.9433333333333334,0.00998645168764533,discard,0.996046
9885,9885,0.76,0.00998645168764533,log_and_continue,0.996141
9886,9886,0.76,0.00998645168764533,log_and_continue,0.996233
9887,9887,0.9433333333333334,0.00998645168764533,discard,0.996337
9888,9888,0.9433333333333334,0.00998645168764533,discard,0.996436
9889,9889,0.76,0.00998645168764533,log_and_continue,0.996534
9890,9890,0.9433333333333334,0.00998645168764533,discard,0.996629
9891,9891,0.76,0.00998645168764533,log_and_continue,0.996723
9892,9892,0.76,0.00998645168764533,log_and_continue,0.99684
9893,9893,0.9433333333333334,0.00998645168764533,request_rescan,0.996937
9894,9894,0.9433333333333334,0.00998645168764533,discard,0.997033
9895,9895,0.9433333333333334,0.00998645168764533,discard,0.99713
9896,9896,0.9433333333333334,0.00998645168764533,discard,0.997246
9897,9897,0.9433333333333334,0.00998645168764533,discard,0.997349
9898,9898,0.76,0.00998645168764533,log_and_continue,0.997447
9899,9899,0.76,0.00998645168764533,log_and_continue,0.997555
9900,9900,0.9433333333333334,0.00998645168764533,request_rescan,0.99765
9901,9901,0.9433333333333334,0.00998645168764533,request_rescan,0.997772
9902,9902,0.76,0.00998645168764533,log_and_continue,0.997867
9903,9903,0.9433333333333334,0.00998645168764533,discard,0.997962
9904,9904,0.76,0.00998645168764533,log_and_continue,0.99806
9905,9905,0.76,0.00998645168764533,log_and_continue,0.998155
9906,9906,0.9433333333333334,0.00998645168764533,request_rescan,0.998253
9907,9907,0.76,0.00998645168764533,log_and_continue,0.998348
9908,9908,0.76,0.00998645168764533,log_and_continue,0.998441
9909,9909,0.9433333333333334,0.00998645168764533,request_rescan,0.998539
9910,9910,0.9433333333333334,0.00998645168764533,request_rescan,0.998632
9911,9911,0.76,0.00998645168764533,log_and_continue,0.998728
9912,9912,0.76,0.00998645168764533,log_and_continue,0.998825
9913,9913,0.9433333333333334,0.00998645168764533,discard,0.998918
9914,9914,0.9433333333333334,0.00998645168764533,request_rescan,0.999014
9915,9915,0.9433333333333334,0.00998645168764533,discard,0.999107
9916,9916,0.76,0.00998645168764533,log_and_continue,0.999205
9917,9917,0.9433333333333334,0.00998645168764533,request_rescan,0.999305
9918,9918,0.9433333333333334,0.00998645168764533,request_rescan,0.999399
9919,9919,0.76,0.00998645168764533,log_and_continue,0.999511
9920,9920,0.76,0.00998645168764533,log_and_continue,0.999607
9921,9921,0.9433333333333334,0.00998645168764533,request_rescan,0.999704
9922,9922,0.9433333333333334,0.00998645168764533,discard,0.999802
9923,9923,0.9433333333333334,0.00998645168764533,discard,0.9999
9924,9924,0.9433333333333334,0.00998645168764533,discard,1.000007
9925,9925,0.9433333333333334,0.00998645168764533,discard,1.000137
9926,9926,0.9433333333333334,0.00998645168764533,discard,1.000247
9927,9927,0.9433333333333334,0.00998645168764533,discard,1.000341
9928,9928,0.9433333333333334,0.00998645168764533,request_rescan,1.000437
9929,9929,0.9433333333333334,0.00998645168764533,discard,1.000531
9930,9930,0.9433333333333334,0.00998645168764533,discard,1.000625
9931,9931,0.9433333333333334,0.00998645168764533,request_rescan,1.000723
9932,9932,0.76,0.00998645168764533,log_and_continue,1.000828
9933,9933,0.9433333333333334,0.00998645168764533,request_rescan,1.000926
9934,9934,0.9433333333333334,0.00998645168764533,discard,1.001025
9935,9935,0.9433333333333334,0.00998645168764533,request_rescan,1.001121
9936,9936,0.76,0.00998645168764533,log_and_continue,1.001216
9937,9937,0.9433333333333334,0.00998645168764533,discard,1.001316
9938,9938,0.9433333333333334,0.00998645168764533,discard,1.001408
9939,9939,0.9433333333333334,0.00998645168764533,discard,1.001501
9940,9940,0.9433333333333334,0.00998645168764533,discard,1.001597
9941,9941,0.9433333333333334,0.00998645168764533,request_rescan,1.001695
9942,9942,0.9433333333333334,0.00998645168764533,request_rescan,1.001792
9943,9943,0.76,0.00998645168764533,log_and_continue,1.001886
9944,9944,0.9433333333333334,0.00998645168764533,request_rescan,1.00198
9945,9945,0.9433333333333334,0.00998645168764533,request_rescan,1.002073
9946,9946,0.76,0.00998645168764533,log_and_continue,1.002167
9947,9947,0.9433333333333334,0.00998645168764533,request_rescan,1.002262
9948,9948,0.9433333333333334,0.00998645168764533,discard,1.002363
9949,9949,0.9433333333333334,0.00998645168764533,request_rescan,1.002457
9950,9950,0.9433333333333334,0.00998645168764533,request_rescan,1.002551
9951,9951,0.9433333333333334,0.00998645168764533,request_rescan,1.002646
9952,9952,0.9433333333333334,0.00998645168764533,discard,1.002741
9953,9953,0.9433333333333334,0.00998645168764533,request_rescan,1.002837
9954,9954,0.9433333333333334,0.00998645168764533,discard,1.002934
9955,9955,0.9433333333333334,0.00998645168764533,discard,1.003027
9956,9956,0.76,0.00998645168764533,log_and_continue,1.003123
9957,9957,0.9433333333333334,0.00998645168764533,discard,1.003221
9958,9958,0.9433333333333334,0.00998645168764533,request_rescan,1.00332
9959,9959,0.9433333333333334,0.00998645168764533,request_rescan,1.003413
9960,9960,0.9433333333333334,0.00998645168764533,request_rescan,1.003507
9961,9961,0.9433333333333334,0.00998645168764533,discard,1.003602
9962,9962,0.9433333333333334,0.00998645168764533,request_rescan,1.003695
9963,9963,0.76,0.00998645168764533,log_and_continue,1.003789
9964,9964,0.9433333333333334,0.00998645168764533,request_rescan,1.003882
9965,9965,0.9433333333333334,0.00998645168764533,discard,1.003977
9966,9966,0.9433333333333334,0.00998645168764533,discard,1.004073
9967,9967,0.9433333333333334,0.00998645168764533,discard,1.004169
9968,9968,0.9433333333333334,0.00998645168764533,request_rescan,1.004265
9969,9969,0.9433333333333334,0.00998645168764533,discard,1.00436
9970,9970,0.9433333333333334,0.00998645168764533,discard,1.004457
9971,9971,0.9433333333333334,0.00998645168764533,discard,1.004558
9972,9972,0.76,0.00998645168764533,log_and_continue,1.004655
9973,9973,0.9433333333333334,0.00998645168764533,request_rescan,1.00475
9974,9974,0.9433333333333334,0.00998645168764533,request_rescan,1.004844
9975,9975,0.9433333333333334,0.00998645168764533,request_rescan,1.004937
9976,9976,0.9433333333333334,0.00998645168764533,discard,1.005028
9977,9977,0.76,0.00998645168764533,log_and_continue,1.005122
9978,9978,0.9433333333333334,0.00998645168764533,discard,1.005219
9979,9979,0.9433333333333334,0.00998645168764533,request_rescan,1.005321
9980,9980,0.9433333333333334,0.00998645168764533,discard,1.005417
9981,9981,0.76,0.00998645168764533,log_and_continue,1.005521
9982,9982,0.76,0.00998645168764533,log_and_continue,1.005617
9983,9983,0.9433333333333334,0.00998645168764533,discard,1.005712
9984,9984,0.9433333333333334,0.00998645168764533,request_rescan,1.005808
9985,9985,0.76,0.00998645168764533,log_and_continue,1.0059
9986,9986,0.76,0.00998645168764533,log_and_continue,1.005993
9987,9987,0.76,0.00998645168764533,log_and_continue,1.00609
9988,9988,0.9433333333333334,0.00998645168764533,discard,1.006186
9989,9989,0.9433333333333334,0.00998645168764533,discard,1.006287
9990,9990,0.9433333333333334,0.00998645168764533,request_rescan,1.006385
9991,9991,0.9433333333333334,0.00998645168764533,discard,1.006477
9992,9992,0.76,0.00998645168764533,log_and_continue,1.006573
9993,9993,0.9433333333333334,0.00998645168764533,discard,1.006664
9994,9994,0.9433333333333334,0.00998645168764533,discard,1.006757
9995,9995,0.9433333333333334,0.00998645168764533,discard,1.006853
9996,9996,0.9433333333333334,0.00998645168764533,request_rescan,1.006951
9997,9997,0.9433333333333334,0.00998645168764533,discard,1.007046
9998,9998,0.9433333333333334,0.00998645168764533,discard,1.007141
9999,9999,0.9433333333333334,0.00998645168764533,discard,1.007236
10000,10000,0.76,0.00998645168764533,log_and_continue,1.007335
