timestep,episode,reward,epsilon,decision,elapsed_time
1,1,0.6633333333333333,0.995,log_and_continue,0.000251
2,2,0.76,0.990025,discard,0.000388
3,3,0.76,0.985074875,discard,0.000513
4,4,0.76,0.9801495006250001,request_rescan,0.000625
5,5,0.76,0.9752487531218751,discard,0.000734
6,6,0.9433333333333334,0.9703725093562657,request_rescan,0.000836
7,7,0.6633333333333333,0.9655206468094844,log_and_continue,0.000948
8,8,0.6633333333333333,0.960693043575437,log_and_continue,0.001059
9,9,0.6633333333333333,0.9558895783575597,log_and_continue,0.001168
10,10,0.9433333333333334,0.9511101304657719,request_rescan,0.001274
11,11,0.9433333333333334,0.946354579813443,request_rescan,0.001374
12,12,0.9433333333333334,0.9416228069143757,discard,0.001481
13,13,0.9433333333333334,0.9369146928798039,request_rescan,0.001579
14,14,0.76,0.9322301194154049,log_and_continue,0.001676
15,15,0.76,0.9275689688183278,discard,0.001779
16,16,0.76,0.9229311239742362,discard,0.001879
17,17,0.76,0.918316468354365,request_rescan,0.001981
18,18,0.76,0.9137248860125932,discard,0.002078
19,19,0.76,0.9091562615825302,log_and_continue,0.002175
20,20,0.76,0.9046104802746175,discard,0.002271
21,21,0.76,0.9000874278732445,log_and_continue,0.002369
22,22,0.76,0.8955869907338783,request_rescan,0.002475
23,23,0.76,0.8911090557802088,log_and_continue,0.002574
24,24,0.9433333333333334,0.8866535105013078,request_rescan,0.002672
25,25,0.9433333333333334,0.8822202429488013,request_rescan,0.002771
26,26,0.76,0.8778091417340573,discard,0.002867
27,27,0.9433333333333334,0.8734200960253871,discard,0.002967
28,28,0.76,0.8690529955452602,log_and_continue,0.003061
29,29,0.9433333333333334,0.8647077305675338,request_rescan,0.003154
30,30,0.9433333333333334,0.8603841919146962,request_rescan,0.003252
31,31,0.9433333333333334,0.8560822709551227,request_rescan,0.003348
32,32,0.76,0.851801859600347,log_and_continue,0.003442
33,33,0.9433333333333334,0.8475428503023453,discard,0.003551
34,34,0.9433333333333334,0.8433051360508336,discard,0.003654
35,35,0.6633333333333333,0.8390886103705794,log_and_continue,0.003757
36,36,0.9433333333333334,0.8348931673187264,discard,0.003857
37,37,0.76,0.8307187014821328,request_rescan,0.00396
38,38,0.76,0.8265651079747222,request_rescan,0.004057
39,39,0.76,0.8224322824348486,discard,0.004154
40,40,0.6633333333333333,0.8183201210226743,log_and_continue,0.004256
41,41,0.9433333333333334,0.8142285204175609,discard,0.004358
42,42,0.9433333333333334,0.810157377815473,discard,0.004458
43,43,0.76,0.8061065909263957,request_rescan,0.004553
44,44,0.76,0.8020760579717637,log_and_continue,0.004656
45,45,0.76,0.798065677681905,log_and_continue,0.004759
46,46,0.76,0.7940753492934954,request_rescan,0.004857
47,47,0.76,0.7901049725470279,discard,0.004951
48,48,0.9433333333333334,0.7861544476842928,request_rescan,0.005045
49,49,0.9433333333333334,0.7822236754458713,discard,0.005139
50,50,0.6633333333333333,0.778312557068642,log_and_continue,0.005231
51,51,0.76,0.7744209942832988,discard,0.00534
52,52,0.9433333333333334,0.7705488893118823,request_rescan,0.005471
53,53,0.76,0.7666961448653229,log_and_continue,0.005569
54,54,0.76,0.7628626641409962,request_rescan,0.005666
55,55,0.9433333333333334,0.7590483508202912,discard,0.005765
56,56,0.9433333333333334,0.7552531090661897,request_rescan,0.005858
57,57,0.76,0.7514768435208588,log_and_continue,0.005951
58,58,0.9433333333333334,0.7477194593032545,request_rescan,0.006045
59,59,0.9433333333333334,0.7439808620067382,discard,0.006141
60,60,0.9433333333333334,0.7402609576967045,request_rescan,0.006237
61,61,0.76,0.736559652908221,discard,0.006333
62,62,0.9433333333333334,0.7328768546436799,discard,0.006426
63,63,0.76,0.7292124703704616,log_and_continue,0.006523
64,64,0.76,0.7255664080186093,discard,0.006619
65,65,0.9433333333333334,0.7219385759785162,request_rescan,0.006716
66,66,0.9433333333333334,0.7183288830986236,request_rescan,0.006812
67,67,0.9433333333333334,0.7147372386831305,request_rescan,0.006913
68,68,0.6633333333333333,0.7111635524897149,log_and_continue,0.007021
69,69,0.9433333333333334,0.7076077347272662,request_rescan,0.007125
70,70,0.76,0.7040696960536299,request_rescan,0.007223
71,71,0.9433333333333334,0.7005493475733617,request_rescan,0.007322
72,72,0.9433333333333334,0.697046600835495,discard,0.007416
73,73,0.9433333333333334,0.6935613678313175,request_rescan,0.007519
74,74,0.9433333333333334,0.6900935609921609,discard,0.007623
75,75,0.9433333333333334,0.6866430931872001,request_rescan,0.007728
76,76,0.9433333333333334,0.6832098777212641,request_rescan,0.00787
77,77,0.76,0.6797938283326578,discard,0.00797
78,78,0.9433333333333334,0.6763948591909945,request_rescan,0.008071
79,79,0.76,0.6730128848950395,discard,0.008175
80,80,0.9433333333333334,0.6696478204705644,discard,0.008277
81,81,0.9433333333333334,0.6662995813682115,request_rescan,0.008381
82,82,0.9433333333333334,0.6629680834613705,discard,0.008485
83,83,0.9433333333333334,0.6596532430440636,request_rescan,0.008581
84,84,0.76,0.6563549768288433,log_and_continue,0.008677
85,85,0.76,0.653073201944699,discard,0.008771
86,86,0.6633333333333333,0.6498078359349755,log_and_continue,0.008871
87,87,0.76,0.6465587967553006,log_and_continue,0.008975
88,88,0.9433333333333334,0.6433260027715241,request_rescan,0.009071
89,89,0.9433333333333334,0.6401093727576664,discard,0.009171
90,90,0.9433333333333334,0.6369088258938781,request_rescan,0.009269
91,91,0.9433333333333334,0.6337242817644086,discard,0.009366
92,92,0.6633333333333333,0.6305556603555866,log_and_continue,0.009465
93,93,0.76,0.6274028820538087,discard,0.00957
94,94,0.9433333333333334,0.6242658676435396,discard,0.009674
95,95,0.9433333333333334,0.6211445383053219,request_rescan,0.00977
96,96,0.9433333333333334,0.6180388156137953,request_rescan,0.009871
97,97,0.9433333333333334,0.6149486215357263,request_rescan,0.009978
98,98,0.76,0.6118738784280476,request_rescan,0.010085
99,99,0.76,0.6088145090359074,discard,0.010189
100,100,0.76,0.6057704364907278,request_rescan,0.010288
101,101,0.76,0.6027415843082742,request_rescan,0.010419
102,102,0.6633333333333333,0.5997278763867329,log_and_continue,0.010524
103,103,0.9433333333333334,0.5967292370047992,request_rescan,0.010627
104,104,0.76,0.5937455908197752,discard,0.010732
105,105,0.76,0.5907768628656763,log_and_continue,0.010832
106,106,0.6633333333333333,0.5878229785513479,log_and_continue,0.010934
107,107,0.9433333333333334,0.5848838636585911,request_rescan,0.011036
108,108,0.9433333333333334,0.5819594443402982,discard,0.011135
109,109,0.76,0.5790496471185967,discard,0.011232
110,110,0.9433333333333334,0.5761543988830038,request_rescan,0.011334
111,111,0.6633333333333333,0.5732736268885887,log_and_continue,0.011433
112,112,0.9433333333333334,0.5704072587541458,request_rescan,0.011537
113,113,0.9433333333333334,0.567555222460375,request_rescan,0.011634
114,114,0.9433333333333334,0.5647174463480732,request_rescan,0.011729
115,115,0.9433333333333334,0.5618938591163328,discard,0.011823
116,116,0.9433333333333334,0.5590843898207511,discard,0.011922
117,117,0.6633333333333333,0.5562889678716474,log_and_continue,0.012054
118,118,0.76,0.5535075230322891,request_rescan,0.01216
119,119,0.9433333333333334,0.5507399854171277,request_rescan,0.012263
120,120,0.9433333333333334,0.547986285490042,request_rescan,0.012362
121,121,0.9433333333333334,0.5452463540625918,request_rescan,0.012478
122,122,0.76,0.5425201222922789,discard,0.012577
123,123,0.9433333333333334,0.5398075216808175,request_rescan,0.012671
124,124,0.9433333333333334,0.5371084840724134,discard,0.012789
125,125,0.9433333333333334,0.5344229416520513,discard,0.012888
126,126,0.9433333333333334,0.531750826943791,request_rescan,0.012986
127,127,0.9433333333333334,0.5290920728090721,discard,0.013084
128,128,0.9433333333333334,0.5264466124450268,request_rescan,0.01318
129,129,0.9433333333333334,0.5238143793828016,discard,0.013275
130,130,0.9433333333333334,0.5211953074858876,discard,0.013372
131,131,0.9433333333333334,0.5185893309484582,request_rescan,0.01347
132,132,0.76,0.5159963842937159,request_rescan,0.013569
133,133,0.9433333333333334,0.5134164023722473,discard,0.013663
134,134,0.76,0.510849320360386,log_and_continue,0.013758
135,135,0.9433333333333334,0.5082950737585841,discard,0.013861
136,136,0.9433333333333334,0.5057535983897912,request_rescan,0.013959
137,137,0.6633333333333333,0.5032248303978422,log_and_continue,0.014057
138,138,0.9433333333333334,0.500708706245853,discard,0.014154
139,139,0.9433333333333334,0.4982051627146237,discard,0.014269
140,140,0.9433333333333334,0.49571413690105054,request_rescan,0.01437
141,141,0.9433333333333334,0.4932355662165453,request_rescan,0.014473
142,142,0.9433333333333334,0.4907693883854626,request_rescan,0.01457
143,143,0.9433333333333334,0.4883155414435353,request_rescan,0.014666
144,144,0.76,0.4858739637363176,log_and_continue,0.014761
145,145,0.6633333333333333,0.483444593917636,log_and_continue,0.014868
146,146,0.9433333333333334,0.4810273709480478,discard,0.014967
147,147,0.76,0.47862223409330756,log_and_continue,0.015065
148,148,0.9433333333333334,0.47622912292284103,request_rescan,0.015166
149,149,0.6633333333333333,0.4738479773082268,log_and_continue,0.015264
150,150,0.9433333333333334,0.47147873742168567,request_rescan,0.015358
151,151,0.9433333333333334,0.46912134373457726,discard,0.015462
152,152,0.76,0.46677573701590436,log_and_continue,0.015563
153,153,0.76,0.46444185833082485,log_and_continue,0.015666
154,154,0.9433333333333334,0.46211964903917074,request_rescan,0.015766
155,155,0.9433333333333334,0.4598090507939749,request_rescan,0.015871
156,156,0.9433333333333334,0.457510005540005,discard,0.015981
157,157,0.9433333333333334,0.45522245551230495,request_rescan,0.016085
158,158,0.9433333333333334,0.4529463432347434,request_rescan,0.016187
159,159,0.9433333333333334,0.4506816115185697,discard,0.01629
160,160,0.9433333333333334,0.4484282034609769,request_rescan,0.01639
161,161,0.9433333333333334,0.446186062443672,request_rescan,0.016491
162,162,0.9433333333333334,0.4439551321314536,discard,0.016594
163,163,0.9433333333333334,0.4417353564707963,request_rescan,0.016694
164,164,0.9433333333333334,0.43952667968844233,discard,0.016794
165,165,0.9433333333333334,0.43732904629000013,discard,0.016889
166,166,0.9433333333333334,0.4351424010585501,request_rescan,0.016992
167,167,0.76,0.43296668905325736,discard,0.017092
168,168,0.9433333333333334,0.43080185560799106,discard,0.017196
169,169,0.9433333333333334,0.4286478463299511,request_rescan,0.017294
170,170,0.9433333333333334,0.42650460709830135,discard,0.017394
171,171,0.9433333333333334,0.42437208406280985,discard,0.017495
172,172,0.9433333333333334,0.4222502236424958,discard,0.0176
173,173,0.9433333333333334,0.42013897252428334,request_rescan,0.017702
174,174,0.9433333333333334,0.4180382776616619,discard,0.017797
175,175,0.9433333333333334,0.4159480862733536,request_rescan,0.017897
176,176,0.9433333333333334,0.41386834584198684,request_rescan,0.017994
177,177,0.9433333333333334,0.4117990041127769,request_rescan,0.018093
178,178,0.76,0.40974000909221303,discard,0.018194
179,179,0.9433333333333334,0.40769130904675194,discard,0.018292
180,180,0.6633333333333333,0.40565285250151817,log_and_continue,0.018393
181,181,0.9433333333333334,0.4036245882390106,request_rescan,0.018496
182,182,0.6633333333333333,0.4016064652978155,log_and_continue,0.018596
183,183,0.76,0.3995984329713264,log_and_continue,0.018697
184,184,0.6633333333333333,0.3976004408064698,log_and_continue,0.018791
185,185,0.9433333333333334,0.39561243860243744,discard,0.018899
186,186,0.9433333333333334,0.3936343764094253,request_rescan,0.019022
187,187,0.9433333333333334,0.39166620452737816,discard,0.019127
188,188,0.76,0.3897078735047413,discard,0.019225
189,189,0.9433333333333334,0.3877593341372176,discard,0.019325
190,190,0.9433333333333334,0.3858205374665315,discard,0.01942
191,191,0.9433333333333334,0.38389143477919885,discard,0.019522
192,192,0.9433333333333334,0.3819719776053028,discard,0.019628
193,193,0.9433333333333334,0.3800621177172763,request_rescan,0.019726
194,194,0.9433333333333334,0.37816180712868996,discard,0.019824
195,195,0.9433333333333334,0.37627099809304654,discard,0.019921
196,196,0.9433333333333334,0.3743896431025813,discard,0.020016
197,197,0.9433333333333334,0.37251769488706843,request_rescan,0.020111
198,198,0.76,0.3706551064126331,discard,0.020209
199,199,0.76,0.36880183088056995,log_and_continue,0.020306
200,200,0.9433333333333334,0.3669578217261671,discard,0.020404
201,201,0.9433333333333334,0.36512303261753626,request_rescan,0.020538
202,202,0.9433333333333334,0.3632974174544486,discard,0.020636
203,203,0.9433333333333334,0.3614809303671764,discard,0.02073
204,204,0.9433333333333334,0.3596735257153405,discard,0.02082
205,205,0.76,0.3578751580867638,request_rescan,0.020918
206,206,0.9433333333333334,0.35608578229633,request_rescan,0.02102
207,207,0.6633333333333333,0.3543053533848483,log_and_continue,0.021115
208,208,0.9433333333333334,0.35253382661792404,discard,0.02121
209,209,0.9433333333333334,0.3507711574848344,request_rescan,0.021308
210,210,0.9433333333333334,0.34901730169741024,request_rescan,0.021406
211,211,0.9433333333333334,0.3472722151889232,discard,0.021506
212,212,0.9433333333333334,0.3455358541129786,request_rescan,0.021604
213,213,0.9433333333333334,0.3438081748424137,discard,0.021707
214,214,0.76,0.3420891339682016,log_and_continue,0.021808
215,215,0.9433333333333334,0.3403786882983606,discard,0.021907
216,216,0.9433333333333334,0.3386767948568688,discard,0.022002
217,217,0.76,0.33698341088258443,request_rescan,0.0221
218,218,0.9433333333333334,0.3352984938281715,request_rescan,0.022199
219,219,0.9433333333333334,0.33362200135903064,discard,0.022299
220,220,0.6633333333333333,0.33195389135223546,log_and_continue,0.0224
221,221,0.9433333333333334,0.3302941218954743,discard,0.022499
222,222,0.76,0.32864265128599696,log_and_continue,0.022595
223,223,0.9433333333333334,0.326999438029567,discard,0.022692
224,224,0.9433333333333334,0.3253644408394192,discard,0.022788
225,225,0.9433333333333334,0.3237376186352221,discard,0.022886
226,226,0.76,0.322118930542046,discard,0.022985
227,227,0.9433333333333334,0.32050833588933575,discard,0.023087
228,228,0.9433333333333334,0.31890579420988907,request_rescan,0.023182
229,229,0.9433333333333334,0.3173112652388396,request_rescan,0.023279
230,230,0.9433333333333334,0.3157247089126454,discard,0.023392
231,231,0.76,0.3141460853680822,log_and_continue,0.023521
232,232,0.9433333333333334,0.3125753549412418,request_rescan,0.02364
233,233,0.9433333333333334,0.31101247816653554,discard,0.023738
234,234,0.76,0.30945741577570285,log_and_continue,0.023836
235,235,0.9433333333333334,0.3079101286968243,request_rescan,0.02394
236,236,0.9433333333333334,0.3063705780533402,request_rescan,0.024038
237,237,0.9433333333333334,0.30483872516307353,discard,0.024136
238,238,0.9433333333333334,0.3033145315372582,request_rescan,0.024232
239,239,0.9433333333333334,0.3017979588795719,request_rescan,0.024327
240,240,0.9433333333333334,0.30028896908517405,discard,0.02446
241,241,0.9433333333333334,0.2987875242397482,discard,0.024557
242,242,0.9433333333333334,0.29729358661854943,request_rescan,0.024656
243,243,0.9433333333333334,0.29580711868545667,request_rescan,0.02476
244,244,0.9433333333333334,0.2943280830920294,discard,0.024861
245,245,0.9433333333333334,0.29285644267656924,discard,0.024959
246,246,0.9433333333333334,0.2913921604631864,discard,0.025054
247,247,0.9433333333333334,0.28993519966087045,request_rescan,0.025149
248,248,0.9433333333333334,0.2884855236625661,request_rescan,0.025243
249,249,0.9433333333333334,0.28704309604425327,discard,0.02534
250,250,0.76,0.285607880564032,log_and_continue,0.025436
251,251,0.9433333333333334,0.28417984116121187,request_rescan,0.025539
252,252,0.9433333333333334,0.2827589419554058,discard,0.025638
253,253,0.9433333333333334,0.28134514724562876,request_rescan,0.025736
254,254,0.76,0.2799384215094006,discard,0.025831
255,255,0.9433333333333334,0.27853872940185365,request_rescan,0.025927
256,256,0.9433333333333334,0.27714603575484437,request_rescan,0.026024
257,257,0.9433333333333334,0.2757603055760701,request_rescan,0.026119
258,258,0.9433333333333334,0.2743815040481898,request_rescan,0.026212
259,259,0.9433333333333334,0.2730095965279488,discard,0.026308
260,260,0.9433333333333334,0.27164454854530906,discard,0.026409
261,261,0.9433333333333334,0.2702863258025825,discard,0.026507
262,262,0.9433333333333334,0.2689348941735696,discard,0.026605
263,263,0.9433333333333334,0.26759021970270175,discard,0.0267
264,264,0.9433333333333334,0.2662522686041882,discard,0.026793
265,265,0.9433333333333334,0.2649210072611673,discard,0.026889
266,266,0.9433333333333334,0.26359640222486147,discard,0.026988
267,267,0.76,0.26227842021373715,discard,0.027086
268,268,0.9433333333333334,0.2609670281126685,request_rescan,0.02718
269,269,0.9433333333333334,0.25966219297210513,request_rescan,0.027274
270,270,0.9433333333333334,0.2583638820072446,discard,0.027373
271,271,0.9433333333333334,0.2570720625972084,request_rescan,0.027474
272,272,0.9433333333333334,0.25578670228422234,discard,0.027573
273,273,0.9433333333333334,0.25450776877280124,discard,0.02767
274,274,0.9433333333333334,0.2532352299289372,request_rescan,0.027767
275,275,0.9433333333333334,0.2519690537792925,discard,0.027866
276,276,0.9433333333333334,0.2507092085103961,discard,0.027966
277,277,0.9433333333333334,0.2494556624678441,discard,0.028065
278,278,0.9433333333333334,0.24820838415550486,discard,0.028161
279,279,0.9433333333333334,0.24696734223472733,request_rescan,0.028258
280,280,0.6633333333333333,0.2457325055235537,log_and_continue,0.028356
281,281,0.9433333333333334,0.24450384299593592,discard,0.028453
282,282,0.9433333333333334,0.24328132378095624,discard,0.028552
283,283,0.9433333333333334,0.24206491716205145,discard,0.028671
284,284,0.9433333333333334,0.2408545925762412,discard,0.028775
285,285,0.9433333333333334,0.23965031961336,request_rescan,0.028874
286,286,0.9433333333333334,0.2384520680152932,request_rescan,0.028971
287,287,0.9433333333333334,0.23725980767521673,discard,0.029069
288,288,0.9433333333333334,0.23607350863684065,request_rescan,0.029184
289,289,0.9433333333333334,0.23489314109365644,request_rescan,0.029284
290,290,0.9433333333333334,0.23371867538818816,request_rescan,0.029395
291,291,0.9433333333333334,0.23255008201124722,discard,0.029497
292,292,0.9433333333333334,0.231387331601191,request_rescan,0.029594
293,293,0.9433333333333334,0.23023039494318503,discard,0.029689
294,294,0.9433333333333334,0.2290792429684691,request_rescan,0.029785
295,295,0.9433333333333334,0.22793384675362674,discard,0.029879
296,296,0.9433333333333334,0.22679417751985861,request_rescan,0.029978
297,297,0.76,0.22566020663225933,log_and_continue,0.030076
298,298,0.9433333333333334,0.22453190559909803,request_rescan,0.03017
299,299,0.9433333333333334,0.22340924607110255,request_rescan,0.030266
300,300,0.9433333333333334,0.22229219984074702,discard,0.03036
301,301,0.9433333333333334,0.2211807388415433,request_rescan,0.030519
302,302,0.9433333333333334,0.22007483514733558,discard,0.030653
303,303,0.9433333333333334,0.2189744609715989,request_rescan,0.030755
304,304,0.9433333333333334,0.2178795886667409,request_rescan,0.030853
305,305,0.9433333333333334,0.2167901907234072,discard,0.030948
306,306,0.9433333333333334,0.21570623976979014,request_rescan,0.031043
307,307,0.9433333333333334,0.21462770857094118,request_rescan,0.031139
308,308,0.9433333333333334,0.21355457002808648,discard,0.03124
309,309,0.9433333333333334,0.21248679717794605,discard,0.031342
310,310,0.9433333333333334,0.21142436319205632,discard,0.03146
311,311,0.9433333333333334,0.21036724137609603,request_rescan,0.031561
312,312,0.6633333333333333,0.20931540516921554,log_and_continue,0.031663
313,313,0.9433333333333334,0.20826882814336947,request_rescan,0.03176
314,314,0.9433333333333334,0.20722748400265262,request_rescan,0.031856
315,315,0.9433333333333334,0.20619134658263935,discard,0.031952
316,316,0.9433333333333334,0.20516038984972615,request_rescan,0.032048
317,317,0.9433333333333334,0.2041345879004775,request_rescan,0.032149
318,318,0.9433333333333334,0.2031139149609751,discard,0.032246
319,319,0.9433333333333334,0.20209834538617025,request_rescan,0.032341
320,320,0.9433333333333334,0.2010878536592394,request_rescan,0.032435
321,321,0.9433333333333334,0.2000824143909432,request_rescan,0.032533
322,322,0.9433333333333334,0.19908200231898848,discard,0.032634
323,323,0.9433333333333334,0.19808659230739353,request_rescan,0.032733
324,324,0.9433333333333334,0.19709615934585656,request_rescan,0.032846
325,325,0.6633333333333333,0.19611067854912728,log_and_continue,0.032941
326,326,0.6633333333333333,0.19513012515638165,log_and_continue,0.033033
327,327,0.9433333333333334,0.19415447453059972,discard,0.033125
328,328,0.76,0.19318370215794672,log_and_continue,0.03322
329,329,0.9433333333333334,0.192217783647157,discard,0.033313
330,330,0.9433333333333334,0.1912566947289212,discard,0.033405
331,331,0.9433333333333334,0.1903004112552766,request_rescan,0.03351
332,332,0.9433333333333334,0.18934890919900021,discard,0.033606
333,333,0.9433333333333334,0.18840216465300522,discard,0.0337
334,334,0.76,0.18746015382974018,log_and_continue,0.033795
335,335,0.76,0.1865228530605915,discard,0.033887
336,336,0.9433333333333334,0.18559023879528855,discard,0.033986
337,337,0.9433333333333334,0.1846622876013121,discard,0.03408
338,338,0.9433333333333334,0.18373897616330553,request_rescan,0.034181
339,339,0.6633333333333333,0.182820281282489,log_and_continue,0.034285
340,340,0.9433333333333334,0.18190617987607657,request_rescan,0.034385
341,341,0.9433333333333334,0.18099664897669618,request_rescan,0.034485
342,342,0.9433333333333334,0.1800916657318127,request_rescan,0.034585
343,343,0.9433333333333334,0.17919120740315364,discard,0.03469
344,344,0.6633333333333333,0.17829525136613786,log_and_continue,0.03479
345,345,0.76,0.17740377510930716,request_rescan,0.034888
346,346,0.9433333333333334,0.17651675623376062,discard,0.034986
347,347,0.9433333333333334,0.1756341724525918,discard,0.035101
348,348,0.9433333333333334,0.17475600159032884,request_rescan,0.035211
349,349,0.9433333333333334,0.17388222158237718,discard,0.03531
350,350,0.9433333333333334,0.1730128104744653,discard,0.035408
351,351,0.9433333333333334,0.17214774642209296,request_rescan,0.035513
352,352,0.9433333333333334,0.1712870076899825,request_rescan,0.03561
353,353,0.9433333333333334,0.17043057265153258,request_rescan,0.035705
354,354,0.9433333333333334,0.16957841978827493,request_rescan,0.0358
355,355,0.9433333333333334,0.16873052768933355,request_rescan,0.035901
356,356,0.76,0.1678868750508869,log_and_continue,0.036003
357,357,0.9433333333333334,0.16704744067563246,request_rescan,0.036099
358,358,0.9433333333333334,0.1662122034722543,request_rescan,0.036192
359,359,0.6633333333333333,0.16538114245489302,log_and_continue,0.036287
360,360,0.9433333333333334,0.16455423674261854,discard,0.036386
361,361,0.9433333333333334,0.16373146555890544,request_rescan,0.036486
362,362,0.9433333333333334,0.16291280823111093,discard,0.036583
363,363,0.9433333333333334,0.16209824418995536,request_rescan,0.03668
364,364,0.9433333333333334,0.16128775296900558,discard,0.036776
365,365,0.76,0.16048131420416054,discard,0.036875
366,366,0.9433333333333334,0.15967890763313974,request_rescan,0.036978
367,367,0.9433333333333334,0.15888051309497406,discard,0.037082
368,368,0.9433333333333334,0.1580861105294992,request_rescan,0.037181
369,369,0.9433333333333334,0.1572956799768517,discard,0.037277
370,370,0.76,0.15650920157696743,discard,0.037372
371,371,0.9433333333333334,0.1557266555690826,discard,0.037471
372,372,0.9433333333333334,0.1549480222912372,request_rescan,0.037567
373,373,0.9433333333333334,0.15417328217978102,request_rescan,0.037665
374,374,0.9433333333333334,0.1534024157688821,discard,0.037761
375,375,0.9433333333333334,0.1526354036900377,discard,0.037857
376,376,0.9433333333333334,0.1518722266715875,discard,0.037952
377,377,0.9433333333333334,0.15111286553822956,request_rescan,0.038046
378,378,0.9433333333333334,0.15035730121053842,request_rescan,0.038142
379,379,0.76,0.14960551470448571,log_and_continue,0.038236
380,380,0.9433333333333334,0.14885748713096328,request_rescan,0.038329
381,381,0.76,0.14811319969530845,discard,0.038421
382,382,0.9433333333333334,0.1473726336968319,discard,0.038537
383,383,0.9433333333333334,0.14663577052834775,discard,0.038662
384,384,0.9433333333333334,0.14590259167570602,discard,0.038757
385,385,0.9433333333333334,0.1451730787173275,request_rescan,0.038851
386,386,0.9433333333333334,0.14444721332374086,discard,0.038946
387,387,0.9433333333333334,0.14372497725712216,request_rescan,0.03904
388,388,0.9433333333333334,0.14300635237083656,request_rescan,0.039133
389,389,0.9433333333333334,0.14229132060898236,discard,0.039228
390,390,0.9433333333333334,0.14157986400593744,discard,0.039322
391,391,0.9433333333333334,0.14087196468590776,discard,0.03942
392,392,0.9433333333333334,0.14016760486247823,request_rescan,0.039518
393,393,0.9433333333333334,0.13946676683816583,discard,0.039612
394,394,0.9433333333333334,0.138769433003975,discard,0.039705
395,395,0.76,0.13807558583895513,discard,0.039796
396,396,0.9433333333333334,0.13738520790976036,discard,0.039893
397,397,0.9433333333333334,0.13669828187021155,discard,0.039988
398,398,0.9433333333333334,0.13601479046086049,discard,0.040083
399,399,0.9433333333333334,0.1353347165085562,request_rescan,0.040181
400,400,0.9433333333333334,0.1346580429260134,request_rescan,0.040279
401,401,0.9433333333333334,0.13398475271138335,discard,0.04041
402,402,0.76,0.13331482894782642,request_rescan,0.040511
403,403,0.9433333333333334,0.13264825480308728,request_rescan,0.040607
404,404,0.9433333333333334,0.13198501352907185,request_rescan,0.040703
405,405,0.76,0.1313250884614265,discard,0.040796
406,406,0.9433333333333334,0.13066846301911936,request_rescan,0.040895
407,407,0.9433333333333334,0.13001512070402377,discard,0.040994
408,408,0.9433333333333334,0.12936504510050365,discard,0.041124
409,409,0.9433333333333334,0.12871821987500112,request_rescan,0.041224
410,410,0.9433333333333334,0.12807462877562611,discard,0.04132
411,411,0.9433333333333334,0.12743425563174798,discard,0.041421
412,412,0.9433333333333334,0.12679708435358925,discard,0.041521
413,413,0.76,0.1261630989318213,log_and_continue,0.041619
414,414,0.9433333333333334,0.1255322834371622,request_rescan,0.041725
415,415,0.9433333333333334,0.12490462201997637,discard,0.041825
416,416,0.9433333333333334,0.1242800989098765,request_rescan,0.041922
417,417,0.6633333333333333,0.12365869841532712,log_and_continue,0.04202
418,418,0.9433333333333334,0.12304040492325048,request_rescan,0.042119
419,419,0.9433333333333334,0.12242520289863423,discard,0.042217
420,420,0.9433333333333334,0.12181307688414106,request_rescan,0.042319
421,421,0.9433333333333334,0.12120401149972035,request_rescan,0.042419
422,422,0.9433333333333334,0.12059799144222175,discard,0.04253
423,423,0.9433333333333334,0.11999500148501063,request_rescan,0.042624
424,424,0.9433333333333334,0.11939502647758558,discard,0.042731
425,425,0.9433333333333334,0.11879805134519765,request_rescan,0.04283
426,426,0.9433333333333334,0.11820406108847166,discard,0.042926
427,427,0.9433333333333334,0.1176130407830293,discard,0.043026
428,428,0.9433333333333334,0.11702497557911415,discard,0.043128
429,429,0.9433333333333334,0.11643985070121858,discard,0.043227
430,430,0.9433333333333334,0.11585765144771248,request_rescan,0.043327
431,431,0.9433333333333334,0.11527836319047392,discard,0.043423
432,432,0.9433333333333334,0.11470197137452155,discard,0.043522
433,433,0.9433333333333334,0.11412846151764894,request_rescan,0.043622
434,434,0.9433333333333334,0.1135578192100607,discard,0.04372
435,435,0.9433333333333334,0.11299003011401039,request_rescan,0.043817
436,436,0.9433333333333334,0.11242507996344034,request_rescan,0.043911
437,437,0.9433333333333334,0.11186295456362313,request_rescan,0.044005
438,438,0.9433333333333334,0.11130363979080501,discard,0.044099
439,439,0.9433333333333334,0.11074712159185099,request_rescan,0.044192
440,440,0.9433333333333334,0.11019338598389174,request_rescan,0.044285
441,441,0.9433333333333334,0.10964241905397228,discard,0.044384
442,442,0.9433333333333334,0.10909420695870241,request_rescan,0.044487
443,443,0.9433333333333334,0.1085487359239089,discard,0.044586
444,444,0.9433333333333334,0.10800599224428936,discard,0.044682
445,445,0.9433333333333334,0.10746596228306791,request_rescan,0.044779
446,446,0.9433333333333334,0.10692863247165257,discard,0.044873
447,447,0.6633333333333333,0.1063939893092943,log_and_continue,0.044973
448,448,0.9433333333333334,0.10586201936274783,discard,0.045076
449,449,0.9433333333333334,0.10533270926593409,discard,0.045174
450,450,0.9433333333333334,0.10480604571960442,discard,0.045266
451,451,0.9433333333333334,0.1042820154910064,request_rescan,0.045387
452,452,0.76,0.10376060541355137,discard,0.045485
453,453,0.9433333333333334,0.1032418023864836,discard,0.045582
454,454,0.9433333333333334,0.10272559337455119,discard,0.045681
455,455,0.9433333333333334,0.10221196540767843,request_rescan,0.045807
456,456,0.9433333333333334,0.10170090558064004,request_rescan,0.045906
457,457,0.9433333333333334,0.10119240105273684,request_rescan,0.046003
458,458,0.9433333333333334,0.10068643904747315,request_rescan,0.046111
459,459,0.9433333333333334,0.10018300685223579,request_rescan,0.046206
460,460,0.9433333333333334,0.0996820918179746,request_rescan,0.046301
461,461,0.6633333333333333,0.09918368135888474,log_and_continue,0.046396
462,462,0.9433333333333334,0.09868776295209031,discard,0.0465
463,463,0.9433333333333334,0.09819432413732986,request_rescan,0.046603
464,464,0.9433333333333334,0.09770335251664321,request_rescan,0.0467
465,465,0.9433333333333334,0.09721483575406,discard,0.046795
466,466,0.9433333333333334,0.09672876157528969,discard,0.046888
467,467,0.9433333333333334,0.09624511776741324,request_rescan,0.046989
468,468,0.9433333333333334,0.09576389217857617,request_rescan,0.047089
469,469,0.9433333333333334,0.09528507271768329,discard,0.047185
470,470,0.9433333333333334,0.09480864735409487,request_rescan,0.04728
471,471,0.9433333333333334,0.0943346041173244,request_rescan,0.047377
472,472,0.9433333333333334,0.09386293109673778,discard,0.047475
473,473,0.9433333333333334,0.09339361644125409,request_rescan,0.047575
474,474,0.9433333333333334,0.09292664835904782,request_rescan,0.047672
475,475,0.9433333333333334,0.09246201511725258,discard,0.047766
476,476,0.9433333333333334,0.09199970504166631,request_rescan,0.047862
477,477,0.76,0.09153970651645797,log_and_continue,0.047957
478,478,0.9433333333333334,0.09108200798387568,request_rescan,0.048053
479,479,0.9433333333333334,0.0906265979439563,request_rescan,0.048147
480,480,0.9433333333333334,0.09017346495423652,request_rescan,0.048239
481,481,0.9433333333333334,0.08972259762946533,discard,0.048336
482,482,0.9433333333333334,0.089273984641318,request_rescan,0.048432
483,483,0.9433333333333334,0.0888276147181114,request_rescan,0.04853
484,484,0.9433333333333334,0.08838347664452084,discard,0.048649
485,485,0.9433333333333334,0.08794155926129824,request_rescan,0.048747
486,486,0.9433333333333334,0.08750185146499175,discard,0.048847
487,487,0.9433333333333334,0.08706434220766679,discard,0.048946
488,488,0.9433333333333334,0.08662902049662846,request_rescan,0.049043
489,489,0.9433333333333334,0.08619587539414532,discard,0.049138
490,490,0.76,0.08576489601717459,log_and_continue,0.049237
491,491,0.9433333333333334,0.08533607153708872,discard,0.049336
492,492,0.9433333333333334,0.08490939117940327,discard,0.049438
493,493,0.9433333333333334,0.08448484422350626,request_rescan,0.049539
494,494,0.9433333333333334,0.08406242000238873,request_rescan,0.049634
495,495,0.9433333333333334,0.08364210790237678,discard,0.04973
496,496,0.9433333333333334,0.0832238973628649,request_rescan,0.049822
497,497,0.9433333333333334,0.08280777787605056,request_rescan,0.049917
498,498,0.9433333333333334,0.08239373898667031,discard,0.050013
499,499,0.9433333333333334,0.08198177029173696,discard,0.050103
500,500,0.9433333333333334,0.08157186144027828,discard,0.050198
501,501,0.9433333333333334,0.0811640021330769,discard,0.050358
502,502,0.76,0.08075818212241151,discard,0.050464
503,503,0.76,0.08035439121179945,log_and_continue,0.050563
504,504,0.6633333333333333,0.07995261925574046,log_and_continue,0.050659
505,505,0.9433333333333334,0.07955285615946175,discard,0.050758
506,506,0.9433333333333334,0.07915509187866444,request_rescan,0.050857
507,507,0.9433333333333334,0.07875931641927113,discard,0.050954
508,508,0.9433333333333334,0.07836551983717477,discard,0.051063
509,509,0.76,0.07797369223798889,discard,0.051188
510,510,0.9433333333333334,0.07758382377679894,discard,0.051292
511,511,0.9433333333333334,0.07719590465791494,request_rescan,0.051388
512,512,0.9433333333333334,0.07680992513462537,request_rescan,0.051486
513,513,0.9433333333333334,0.07642587550895225,discard,0.051583
514,514,0.9433333333333334,0.07604374613140748,request_rescan,0.051678
515,515,0.76,0.07566352740075044,request_rescan,0.051773
516,516,0.9433333333333334,0.07528520976374668,discard,0.051868
517,517,0.9433333333333334,0.07490878371492794,request_rescan,0.051962
518,518,0.9433333333333334,0.0745342397963533,discard,0.052054
519,519,0.9433333333333334,0.07416156859737154,request_rescan,0.052151
520,520,0.76,0.07379076075438468,request_rescan,0.052249
521,521,0.9433333333333334,0.07342180695061275,request_rescan,0.052346
522,522,0.9433333333333334,0.07305469791585968,request_rescan,0.05244
523,523,0.9433333333333334,0.07268942442628039,discard,0.052538
524,524,0.9433333333333334,0.07232597730414898,discard,0.052634
525,525,0.9433333333333334,0.07196434741762824,request_rescan,0.052735
526,526,0.9433333333333334,0.0716045256805401,request_rescan,0.052836
527,527,0.9433333333333334,0.0712465030521374,discard,0.052935
528,528,0.9433333333333334,0.0708902705368767,discard,0.053033
529,529,0.76,0.07053581918419231,discard,0.053129
530,530,0.9433333333333334,0.07018314008827135,request_rescan,0.053224
531,531,0.9433333333333334,0.06983222438783,discard,0.053321
532,532,0.9433333333333334,0.06948306326589085,request_rescan,0.053417
533,533,0.9433333333333334,0.0691356479495614,discard,0.053522
534,534,0.9433333333333334,0.06878996970981359,discard,0.05362
535,535,0.9433333333333334,0.06844601986126451,discard,0.053714
536,536,0.9433333333333334,0.06810378976195819,discard,0.053811
537,537,0.9433333333333334,0.0677632708131484,discard,0.053907
538,538,0.9433333333333334,0.06742445445908266,request_rescan,0.054004
539,539,0.9433333333333334,0.06708733218678724,request_rescan,0.054101
540,540,0.9433333333333334,0.0667518955258533,request_rescan,0.054196
541,541,0.9433333333333334,0.06641813604822402,discard,0.054291
542,542,0.9433333333333334,0.0660860453679829,request_rescan,0.05439
543,543,0.9433333333333334,0.06575561514114299,discard,0.054493
544,544,0.9433333333333334,0.06542683706543727,discard,0.05459
545,545,0.9433333333333334,0.06509970288011008,discard,0.054687
546,546,0.9433333333333334,0.06477420436570952,discard,0.054785
547,547,0.9433333333333334,0.06445033334388098,discard,0.054882
548,548,0.9433333333333334,0.06412808167716157,discard,0.05498
549,549,0.9433333333333334,0.06380744126877576,request_rescan,0.055079
550,550,0.9433333333333334,0.06348840406243188,request_rescan,0.055176
551,551,0.9433333333333334,0.06317096204211972,request_rescan,0.05527
552,552,0.9433333333333334,0.06285510723190912,request_rescan,0.055366
553,553,0.9433333333333334,0.06254083169574957,discard,0.055464
554,554,0.9433333333333334,0.062228127537270826,request_rescan,0.055561
555,555,0.9433333333333334,0.06191698689958447,request_rescan,0.055657
556,556,0.9433333333333334,0.061607401965086545,request_rescan,0.055752
557,557,0.9433333333333334,0.06129936495526111,request_rescan,0.055846
558,558,0.9433333333333334,0.0609928681304848,request_rescan,0.055941
559,559,0.9433333333333334,0.060687903789832374,request_rescan,0.056037
560,560,0.9433333333333334,0.06038446427088321,request_rescan,0.05613
561,561,0.9433333333333334,0.06008254194952879,request_rescan,0.056241
562,562,0.9433333333333334,0.05978212923978115,discard,0.056368
563,563,0.9433333333333334,0.05948321859358224,request_rescan,0.056485
564,564,0.9433333333333334,0.05918580250061433,request_rescan,0.05658
565,565,0.9433333333333334,0.058889873488111255,discard,0.056676
566,566,0.9433333333333334,0.058595424120670696,request_rescan,0.05677
567,567,0.9433333333333334,0.05830244700006734,discard,0.056862
568,568,0.9433333333333334,0.058010934765067,request_rescan,0.056957
569,569,0.9433333333333334,0.05772088009124167,discard,0.057049
570,570,0.9433333333333334,0.05743227569078546,discard,0.057141
571,571,0.9433333333333334,0.05714511431233153,request_rescan,0.057237
572,572,0.9433333333333334,0.05685938874076987,request_rescan,0.057331
573,573,0.9433333333333334,0.056575091797066025,discard,0.057423
574,574,0.9433333333333334,0.056292216338080694,request_rescan,0.05752
575,575,0.9433333333333334,0.05601075525639029,discard,0.057614
576,576,0.9433333333333334,0.05573070148010834,discard,0.05771
577,577,0.9433333333333334,0.0554520479727078,request_rescan,0.057845
578,578,0.9433333333333334,0.05517478773284426,request_rescan,0.057948
579,579,0.9433333333333334,0.05489891379418004,discard,0.058048
580,580,0.9433333333333334,0.05462441922520914,request_rescan,0.058144
581,581,0.9433333333333334,0.0543512971290831,request_rescan,0.058237
582,582,0.9433333333333334,0.05407954064343768,discard,0.058331
583,583,0.9433333333333334,0.05380914294022049,request_rescan,0.058425
584,584,0.9433333333333334,0.05354009722551939,discard,0.058523
585,585,0.9433333333333334,0.05327239673939179,discard,0.058625
586,586,0.9433333333333334,0.053006034755694834,request_rescan,0.058722
587,587,0.9433333333333334,0.052741004581916356,request_rescan,0.058817
588,588,0.9433333333333334,0.052477299559006776,discard,0.058912
589,589,0.9433333333333334,0.052214913061211746,discard,0.059005
590,590,0.9433333333333334,0.05195383849590569,request_rescan,0.059097
591,591,0.9433333333333334,0.05169406930342616,discard,0.059196
592,592,0.9433333333333334,0.05143559895690903,discard,0.059292
593,593,0.9433333333333334,0.051178420962124486,discard,0.059391
594,594,0.9433333333333334,0.05092252885731386,request_rescan,0.059496
595,595,0.9433333333333334,0.05066791621302729,discard,0.059596
596,596,0.9433333333333334,0.05041457663196215,discard,0.059692
597,597,0.9433333333333334,0.050162503748802344,discard,0.059791
598,598,0.9433333333333334,0.049911691230058335,discard,0.059883
599,599,0.9433333333333334,0.04966213277390804,discard,0.05998
600,600,0.9433333333333334,0.0494138221100385,request_rescan,0.06008
601,601,0.9433333333333334,0.04916675299948831,request_rescan,0.060208
602,602,0.9433333333333334,0.04892091923449087,request_rescan,0.060304
603,603,0.9433333333333334,0.04867631463831842,discard,0.060401
604,604,0.9433333333333334,0.048432933065126825,request_rescan,0.060507
605,605,0.9433333333333334,0.048190768399801194,discard,0.060612
606,606,0.6633333333333333,0.04794981455780219,log_and_continue,0.060713
607,607,0.9433333333333334,0.04771006548501318,discard,0.060809
608,608,0.9433333333333334,0.047471515157588115,discard,0.060906
609,609,0.9433333333333334,0.047234157581800176,request_rescan,0.061004
610,610,0.9433333333333334,0.046997986793891174,request_rescan,0.061099
611,611,0.9433333333333334,0.04676299685992172,discard,0.061197
612,612,0.9433333333333334,0.04652918187562211,request_rescan,0.061296
613,613,0.9433333333333334,0.046296535966244,discard,0.061395
614,614,0.9433333333333334,0.046065053286412784,discard,0.061494
615,615,0.9433333333333334,0.04583472801998072,request_rescan,0.061592
616,616,0.76,0.045605554379880814,request_rescan,0.061688
617,617,0.9433333333333334,0.04537752660798141,request_rescan,0.061783
618,618,0.9433333333333334,0.0451506389749415,discard,0.061875
619,619,0.9433333333333334,0.044924885780066794,request_rescan,0.061994
620,620,0.9433333333333334,0.04470026135116646,request_rescan,0.062094
621,621,0.9433333333333334,0.04447676004441063,request_rescan,0.062199
622,622,0.9433333333333334,0.04425437624418858,request_rescan,0.062318
623,623,0.9433333333333334,0.04403310436296763,request_rescan,0.062418
624,624,0.9433333333333334,0.043812938841152796,request_rescan,0.062536
625,625,0.9433333333333334,0.04359387414694703,discard,0.062638
626,626,0.76,0.043375904776212296,log_and_continue,0.062736
627,627,0.9433333333333334,0.043159025252331236,request_rescan,0.062851
628,628,0.9433333333333334,0.04294323012606958,request_rescan,0.062946
629,629,0.9433333333333334,0.04272851397543923,request_rescan,0.06304
630,630,0.9433333333333334,0.04251487140556204,discard,0.063138
631,631,0.9433333333333334,0.04230229704853423,request_rescan,0.063236
632,632,0.9433333333333334,0.04209078556329156,discard,0.063332
633,633,0.9433333333333334,0.0418803316354751,request_rescan,0.063426
634,634,0.9433333333333334,0.041670929977297724,discard,0.063528
635,635,0.76,0.04146257532741124,log_and_continue,0.063625
636,636,0.9433333333333334,0.04125526245077418,request_rescan,0.06372
637,637,0.9433333333333334,0.04104898613852031,discard,0.063814
638,638,0.9433333333333334,0.04084374120782771,discard,0.063907
639,639,0.9433333333333334,0.04063952250178857,request_rescan,0.064001
640,640,0.9433333333333334,0.04043632488927963,request_rescan,0.064098
641,641,0.9433333333333334,0.04023414326483323,request_rescan,0.064193
642,642,0.9433333333333334,0.040032972548509065,request_rescan,0.064288
643,643,0.9433333333333334,0.03983280768576652,request_rescan,0.064383
644,644,0.9433333333333334,0.03963364364733769,request_rescan,0.064481
645,645,0.9433333333333334,0.039435475429100995,discard,0.064593
646,646,0.9433333333333334,0.03923829805195549,request_rescan,0.06469
647,647,0.9433333333333334,0.03904210656169572,discard,0.064784
648,648,0.9433333333333334,0.03884689602888724,discard,0.064881
649,649,0.9433333333333334,0.0386526615487428,discard,0.064984
650,650,0.9433333333333334,0.03845939824099909,request_rescan,0.065083
651,651,0.9433333333333334,0.03826710124979409,request_rescan,0.065182
652,652,0.9433333333333334,0.038075765743545126,request_rescan,0.065276
653,653,0.9433333333333334,0.0378853869148274,request_rescan,0.065372
654,654,0.9433333333333334,0.03769595998025326,request_rescan,0.065468
655,655,0.9433333333333334,0.03750748018035199,request_rescan,0.065564
656,656,0.9433333333333334,0.037319942779450235,discard,0.065663
657,657,0.9433333333333334,0.037133343065552986,request_rescan,0.065759
658,658,0.9433333333333334,0.03694767635022522,discard,0.065855
659,659,0.9433333333333334,0.036762937968474095,request_rescan,0.065966
660,660,0.6633333333333333,0.03657912327863173,log_and_continue,0.066086
661,661,0.9433333333333334,0.036396227662238566,request_rescan,0.066184
662,662,0.9433333333333334,0.03621424652392737,discard,0.06628
663,663,0.9433333333333334,0.036033175291307735,discard,0.066376
664,664,0.9433333333333334,0.03585300941485119,request_rescan,0.066491
665,665,0.9433333333333334,0.035673744367776934,request_rescan,0.0666
666,666,0.9433333333333334,0.03549537564593805,discard,0.066706
667,667,0.9433333333333334,0.035317898767708356,discard,0.066806
668,668,0.9433333333333334,0.03514130927386981,discard,0.066904
669,669,0.9433333333333334,0.03496560272750046,request_rescan,0.067003
670,670,0.9433333333333334,0.03479077471386296,discard,0.067099
671,671,0.9433333333333334,0.03461682084029365,discard,0.067196
672,672,0.9433333333333334,0.034443736736092176,request_rescan,0.067299
673,673,0.9433333333333334,0.034271518052411715,request_rescan,0.0674
674,674,0.9433333333333334,0.034100160462149656,request_rescan,0.067503
675,675,0.9433333333333334,0.03392965965983891,request_rescan,0.067597
676,676,0.76,0.033760011361539714,discard,0.067692
677,677,0.9433333333333334,0.03359121130473201,discard,0.067787
678,678,0.9433333333333334,0.033423255248208356,request_rescan,0.067884
679,679,0.9433333333333334,0.03325613897196732,discard,0.067982
680,680,0.9433333333333334,0.03308985827710748,discard,0.068078
681,681,0.9433333333333334,0.032924408985721944,request_rescan,0.068175
682,682,0.9433333333333334,0.03275978694079333,discard,0.068278
683,683,0.9433333333333334,0.032595988006089364,discard,0.068377
684,684,0.9433333333333334,0.032433008066058915,request_rescan,0.068477
685,685,0.9433333333333334,0.03227084302572862,discard,0.068573
686,686,0.9433333333333334,0.032109488810599975,discard,0.068665
687,687,0.9433333333333334,0.031948941366546975,request_rescan,0.068759
688,688,0.9433333333333334,0.03178919665971424,request_rescan,0.068857
689,689,0.9433333333333334,0.03163025067641567,discard,0.068954
690,690,0.9433333333333334,0.03147209942303359,request_rescan,0.069047
691,691,0.9433333333333334,0.03131473892591842,discard,0.069143
692,692,0.9433333333333334,0.031158165231288826,discard,0.069239
693,693,0.9433333333333334,0.03100237440513238,request_rescan,0.069335
694,694,0.9433333333333334,0.030847362533106718,discard,0.06943
695,695,0.9433333333333334,0.030693125720441184,discard,0.069546
696,696,0.9433333333333334,0.030539660091838977,request_rescan,0.069654
697,697,0.9433333333333334,0.03038696179137978,discard,0.069753
698,698,0.9433333333333334,0.030235026982422884,request_rescan,0.069847
699,699,0.9433333333333334,0.030083851847510768,request_rescan,0.069943
700,700,0.9433333333333334,0.029933432588273214,request_rescan,0.070038
701,701,0.9433333333333334,0.029783765425331846,request_rescan,0.070188
702,702,0.9433333333333334,0.029634846598205186,request_rescan,0.070295
703,703,0.9433333333333334,0.02948667236521416,request_rescan,0.070396
704,704,0.9433333333333334,0.029339239003388088,discard,0.070496
705,705,0.9433333333333334,0.029192542808371146,discard,0.070591
706,706,0.9433333333333334,0.02904658009432929,discard,0.070684
707,707,0.9433333333333334,0.028901347193857643,discard,0.070783
708,708,0.9433333333333334,0.028756840457888354,discard,0.070875
709,709,0.9433333333333334,0.02861305625559891,request_rescan,0.070971
710,710,0.9433333333333334,0.028469990974320916,request_rescan,0.071064
711,711,0.9433333333333334,0.02832764101944931,request_rescan,0.071161
712,712,0.9433333333333334,0.028186002814352063,request_rescan,0.071256
713,713,0.9433333333333334,0.0280450728002803,discard,0.071354
714,714,0.9433333333333334,0.0279048474362789,request_rescan,0.07145
715,715,0.9433333333333334,0.027765323199097504,request_rescan,0.071549
716,716,0.9433333333333334,0.027626496583102015,request_rescan,0.071642
717,717,0.9433333333333334,0.027488364100186506,request_rescan,0.07174
718,718,0.9433333333333334,0.027350922279685573,discard,0.071836
719,719,0.9433333333333334,0.027214167668287145,discard,0.071935
720,720,0.9433333333333334,0.02707809682994571,discard,0.072031
721,721,0.9433333333333334,0.02694270634579598,request_rescan,0.072128
722,722,0.9433333333333334,0.026807992814067,discard,0.072225
723,723,0.9433333333333334,0.026673952849996664,discard,0.072321
724,724,0.9433333333333334,0.02654058308574668,request_rescan,0.072418
725,725,0.9433333333333334,0.026407880170317945,discard,0.07252
726,726,0.9433333333333334,0.026275840769466357,discard,0.072616
727,727,0.9433333333333334,0.026144461565619025,discard,0.072712
728,728,0.9433333333333334,0.02601373925779093,request_rescan,0.072807
729,729,0.9433333333333334,0.025883670561501974,discard,0.072905
730,730,0.9433333333333334,0.025754252208694463,discard,0.073
731,731,0.9433333333333334,0.02562548094765099,request_rescan,0.073109
732,732,0.9433333333333334,0.025497353542912736,discard,0.07323
733,733,0.9433333333333334,0.02536986677519817,request_rescan,0.073342
734,734,0.9433333333333334,0.02524301744132218,discard,0.073437
735,735,0.9433333333333334,0.025116802354115567,request_rescan,0.073547
736,736,0.9433333333333334,0.024991218342344988,discard,0.073646
737,737,0.9433333333333334,0.024866262250633264,request_rescan,0.073741
738,738,0.9433333333333334,0.024741930939380097,request_rescan,0.073839
739,739,0.9433333333333334,0.024618221284683196,request_rescan,0.073933
740,740,0.9433333333333334,0.02449513017825978,discard,0.074031
741,741,0.9433333333333334,0.02437265452736848,request_rescan,0.07413
742,742,0.9433333333333334,0.024250791254731636,request_rescan,0.074229
743,743,0.9433333333333334,0.024129537298457977,request_rescan,0.074323
744,744,0.9433333333333334,0.024008889611965685,request_rescan,0.074416
745,745,0.9433333333333334,0.023888845163905856,discard,0.074559
746,746,0.9433333333333334,0.023769400938086327,request_rescan,0.074664
747,747,0.9433333333333334,0.023650553933395897,discard,0.074759
748,748,0.9433333333333334,0.023532301163728918,discard,0.074856
749,749,0.9433333333333334,0.023414639657910272,discard,0.074951
750,750,0.9433333333333334,0.023297566459620722,discard,0.075048
751,751,0.9433333333333334,0.023181078627322618,discard,0.075143
752,752,0.9433333333333334,0.023065173234186005,request_rescan,0.075237
753,753,0.9433333333333334,0.022949847368015076,discard,0.075334
754,754,0.9433333333333334,0.022835098131175,discard,0.075429
755,755,0.9433333333333334,0.022720922640519125,discard,0.075527
756,756,0.9433333333333334,0.02260731802731653,request_rescan,0.075623
757,757,0.9433333333333334,0.022494281437179946,discard,0.075719
758,758,0.9433333333333334,0.022381810029994047,request_rescan,0.075816
759,759,0.9433333333333334,0.022269900979844076,request_rescan,0.075911
760,760,0.9433333333333334,0.022158551474944856,discard,0.076007
761,761,0.9433333333333334,0.022047758717570132,request_rescan,0.076102
762,762,0.9433333333333334,0.021937519923982282,discard,0.076197
763,763,0.9433333333333334,0.021827832324362372,discard,0.076289
764,764,0.9433333333333334,0.02171869316274056,discard,0.076388
765,765,0.9433333333333334,0.021610099696926857,request_rescan,0.076487
766,766,0.9433333333333334,0.021502049198442223,request_rescan,0.076581
767,767,0.76,0.021394538952450012,request_rescan,0.07668
768,768,0.9433333333333334,0.02128756625768776,discard,0.076776
769,769,0.9433333333333334,0.021181128426399323,request_rescan,0.076873
770,770,0.9433333333333334,0.021075222784267326,discard,0.076969
771,771,0.9433333333333334,0.020969846670345987,discard,0.077066
772,772,0.9433333333333334,0.020864997436994256,discard,0.077163
773,773,0.9433333333333334,0.020760672449809284,discard,0.07726
774,774,0.9433333333333334,0.020656869087560238,discard,0.077354
775,775,0.9433333333333334,0.020553584742122436,discard,0.077447
776,776,0.9433333333333334,0.020450816818411825,request_rescan,0.077553
777,777,0.9433333333333334,0.020348562734319765,discard,0.077648
778,778,0.9433333333333334,0.020246819920648168,discard,0.07774
779,779,0.9433333333333334,0.020145585821044927,request_rescan,0.077837
780,780,0.9433333333333334,0.020044857891939702,request_rescan,0.077933
781,781,0.9433333333333334,0.019944633602480003,discard,0.078028
782,782,0.9433333333333334,0.019844910434467605,request_rescan,0.078126
783,783,0.9433333333333334,0.019745685882295267,discard,0.078223
784,784,0.9433333333333334,0.01964695745288379,request_rescan,0.078318
785,785,0.9433333333333334,0.01954872266561937,request_rescan,0.078414
786,786,0.9433333333333334,0.019450979052291272,request_rescan,0.078512
787,787,0.9433333333333334,0.019353724157029815,request_rescan,0.078607
788,788,0.9433333333333334,0.019256955536244666,discard,0.078722
789,789,0.9433333333333334,0.019160670758563442,discard,0.07882
790,790,0.9433333333333334,0.019064867404770626,discard,0.078915
791,791,0.9433333333333334,0.018969543067746772,request_rescan,0.079022
792,792,0.9433333333333334,0.018874695352408037,discard,0.079145
793,793,0.9433333333333334,0.018780321875645996,discard,0.079241
794,794,0.9433333333333334,0.018686420266267767,request_rescan,0.079337
795,795,0.9433333333333334,0.018592988164936427,request_rescan,0.079447
796,796,0.9433333333333334,0.018500023224111744,discard,0.079547
797,797,0.9433333333333334,0.018407523107991184,discard,0.079643
798,798,0.9433333333333334,0.01831548549245123,discard,0.079737
799,799,0.9433333333333334,0.018223908064988973,request_rescan,0.079838
800,800,0.9433333333333334,0.018132788524664028,request_rescan,0.079936
801,801,0.9433333333333334,0.018042124582040707,discard,0.080069
802,802,0.9433333333333334,0.017951913959130504,discard,0.080168
803,803,0.76,0.01786215438933485,discard,0.080267
804,804,0.9433333333333334,0.017772843617388175,request_rescan,0.080368
805,805,0.9433333333333334,0.017683979399301233,request_rescan,0.080469
806,806,0.9433333333333334,0.017595559502304726,discard,0.080566
807,807,0.9433333333333334,0.0175075817047932,discard,0.080658
808,808,0.9433333333333334,0.017420043796269234,request_rescan,0.080753
809,809,0.9433333333333334,0.017332943577287888,discard,0.080845
810,810,0.9433333333333334,0.01724627885940145,discard,0.080939
811,811,0.9433333333333334,0.017160047465104442,discard,0.081035
812,812,0.9433333333333334,0.01707424722777892,request_rescan,0.08113
813,813,0.9433333333333334,0.016988875991640028,request_rescan,0.081226
814,814,0.9433333333333334,0.016903931611681827,discard,0.081321
815,815,0.76,0.01681941195362342,log_and_continue,0.081417
816,816,0.9433333333333334,0.016735314893855303,discard,0.081517
817,817,0.9433333333333334,0.016651638319386028,discard,0.081609
818,818,0.9433333333333334,0.0165683801277891,discard,0.081708
819,819,0.9433333333333334,0.016485538227150154,request_rescan,0.081831
820,820,0.9433333333333334,0.0164031105360144,discard,0.08193
821,821,0.9433333333333334,0.01632109498333433,discard,0.082023
822,822,0.9433333333333334,0.016239489508417658,request_rescan,0.082119
823,823,0.9433333333333334,0.01615829206087557,request_rescan,0.082213
824,824,0.9433333333333334,0.01607750060057119,discard,0.082315
825,825,0.9433333333333334,0.015997113097568336,request_rescan,0.082416
826,826,0.9433333333333334,0.015917127532080494,discard,0.082516
827,827,0.9433333333333334,0.01583754189442009,request_rescan,0.082612
828,828,0.9433333333333334,0.01575835418494799,discard,0.082707
829,829,0.9433333333333334,0.01567956241402325,request_rescan,0.082801
830,830,0.76,0.015601164601953134,request_rescan,0.082896
831,831,0.9433333333333334,0.015523158778943369,discard,0.082989
832,832,0.9433333333333334,0.015445542985048652,discard,0.083086
833,833,0.9433333333333334,0.015368315270123408,request_rescan,0.08318
834,834,0.9433333333333334,0.01529147369377279,request_rescan,0.083278
835,835,0.9433333333333334,0.015215016325303928,request_rescan,0.083375
836,836,0.9433333333333334,0.015138941243677408,discard,0.083486
837,837,0.9433333333333334,0.01506324653745902,discard,0.083619
838,838,0.9433333333333334,0.014987930304771725,discard,0.083718
839,839,0.9433333333333334,0.014912990653247866,request_rescan,0.083814
840,840,0.9433333333333334,0.014838425699981627,request_rescan,0.083912
841,841,0.9433333333333334,0.01476423357148172,discard,0.08401
842,842,0.9433333333333334,0.014690412403624311,request_rescan,0.084103
843,843,0.9433333333333334,0.01461696034160619,request_rescan,0.084199
844,844,0.9433333333333334,0.014543875539898159,discard,0.084292
845,845,0.9433333333333334,0.014471156162198668,discard,0.084385
846,846,0.9433333333333334,0.014398800381387675,discard,0.08449
847,847,0.9433333333333334,0.014326806379480736,discard,0.084588
848,848,0.9433333333333334,0.014255172347583332,request_rescan,0.084686
849,849,0.9433333333333334,0.014183896485845416,request_rescan,0.084781
850,850,0.9433333333333334,0.014112977003416188,discard,0.084876
851,851,0.6633333333333333,0.014042412118399107,log_and_continue,0.084973
852,852,0.9433333333333334,0.013972200057807112,discard,0.085067
853,853,0.9433333333333334,0.013902339057518077,discard,0.085165
854,854,0.9433333333333334,0.013832827362230486,request_rescan,0.085262
855,855,0.9433333333333334,0.013763663225419333,request_rescan,0.085361
856,856,0.9433333333333334,0.013694844909292236,request_rescan,0.085463
857,857,0.9433333333333334,0.013626370684745774,discard,0.085562
858,858,0.9433333333333334,0.013558238831322046,request_rescan,0.085661
859,859,0.9433333333333334,0.013490447637165436,request_rescan,0.085757
860,860,0.9433333333333334,0.013422995398979608,request_rescan,0.085851
861,861,0.9433333333333334,0.01335588042198471,request_rescan,0.085946
862,862,0.9433333333333334,0.013289101019874787,request_rescan,0.086039
863,863,0.9433333333333334,0.013222655514775413,discard,0.086143
864,864,0.76,0.013156542237201536,log_and_continue,0.08624
865,865,0.9433333333333334,0.013090759526015528,discard,0.08634
866,866,0.9433333333333334,0.01302530572838545,request_rescan,0.086438
867,867,0.9433333333333334,0.012960179199743523,discard,0.086538
868,868,0.9433333333333334,0.012895378303744804,request_rescan,0.086634
869,869,0.9433333333333334,0.01283090141222608,discard,0.086729
870,870,0.9433333333333334,0.012766746905164949,request_rescan,0.086833
871,871,0.9433333333333334,0.012702913170639124,request_rescan,0.086947
872,872,0.9433333333333334,0.012639398604785928,discard,0.087041
873,873,0.9433333333333334,0.012576201611761997,discard,0.087138
874,874,0.9433333333333334,0.012513320603703188,request_rescan,0.087234
875,875,0.9433333333333334,0.012450754000684672,discard,0.087333
876,876,0.9433333333333334,0.012388500230681249,discard,0.087429
877,877,0.9433333333333334,0.012326557729527843,discard,0.087547
878,878,0.9433333333333334,0.012264924940880204,discard,0.087641
879,879,0.9433333333333334,0.012203600316175803,request_rescan,0.087736
880,880,0.9433333333333334,0.012142582314594924,discard,0.087826
881,881,0.9433333333333334,0.01208186940302195,discard,0.087921
882,882,0.9433333333333334,0.01202146005600684,discard,0.088017
883,883,0.9433333333333334,0.011961352755726806,request_rescan,0.088113
884,884,0.9433333333333334,0.01190154599194817,discard,0.088208
885,885,0.9433333333333334,0.01184203826198843,discard,0.088304
886,886,0.9433333333333334,0.011782828070678488,request_rescan,0.088399
887,887,0.9433333333333334,0.011723913930325095,discard,0.088495
888,888,0.9433333333333334,0.01166529436067347,discard,0.08859
889,889,0.9433333333333334,0.011606967888870102,discard,0.08868
890,890,0.9433333333333334,0.01154893304942575,discard,0.088772
891,891,0.9433333333333334,0.011491188384178622,request_rescan,0.088865
892,892,0.9433333333333334,0.011433732442257729,discard,0.088961
893,893,0.9433333333333334,0.01137656378004644,discard,0.089057
894,894,0.9433333333333334,0.011319680961146208,discard,0.089152
895,895,0.9433333333333334,0.011263082556340478,discard,0.089246
896,896,0.9433333333333334,0.011206767143558775,discard,0.089339
897,897,0.9433333333333334,0.011150733307840981,request_rescan,0.089436
898,898,0.9433333333333334,0.011094979641301777,discard,0.089533
899,899,0.9433333333333334,0.011039504743095268,discard,0.089626
900,900,0.9433333333333334,0.01098430721937979,discard,0.089722
901,901,0.9433333333333334,0.010929385683282892,request_rescan,0.08988
902,902,0.9433333333333334,0.010874738754866477,discard,0.090016
903,903,0.76,0.010820365061092144,request_rescan,0.090125
904,904,0.9433333333333334,0.010766263235786683,request_rescan,0.090226
905,905,0.9433333333333334,0.01071243191960775,discard,0.090325
906,906,0.9433333333333334,0.010658869760009713,discard,0.090422
907,907,0.9433333333333334,0.010605575411209664,discard,0.090524
908,908,0.9433333333333334,0.010552547534153616,discard,0.090619
909,909,0.9433333333333334,0.010499784796482848,request_rescan,0.090718
910,910,0.9433333333333334,0.010447285872500434,discard,0.090815
911,911,0.9433333333333334,0.01039504944313793,request_rescan,0.09091
912,912,0.9433333333333334,0.010343074195922241,request_rescan,0.091006
913,913,0.9433333333333334,0.01029135882494263,discard,0.091137
914,914,0.9433333333333334,0.010239902030817916,request_rescan,0.091233
915,915,0.9433333333333334,0.010188702520663827,discard,0.091329
916,916,0.9433333333333334,0.010137759008060509,discard,0.091428
917,917,0.9433333333333334,0.010087070213020206,discard,0.091529
918,918,0.9433333333333334,0.010036634861955105,discard,0.091631
919,919,0.9433333333333334,0.00998645168764533,discard,0.091728
920,920,0.9433333333333334,0.00998645168764533,discard,0.091823
921,921,0.9433333333333334,0.00998645168764533,discard,0.091922
922,922,0.9433333333333334,0.00998645168764533,discard,0.092016
923,923,0.9433333333333334,0.00998645168764533,discard,0.092112
924,924,0.9433333333333334,0.00998645168764533,discard,0.092206
925,925,0.9433333333333334,0.00998645168764533,discard,0.092299
926,926,0.9433333333333334,0.00998645168764533,request_rescan,0.092397
927,927,0.9433333333333334,0.00998645168764533,discard,0.092502
928,928,0.9433333333333334,0.00998645168764533,discard,0.092597
929,929,0.9433333333333334,0.00998645168764533,request_rescan,0.092693
930,930,0.9433333333333334,0.00998645168764533,discard,0.092791
931,931,0.9433333333333334,0.00998645168764533,request_rescan,0.092886
932,932,0.9433333333333334,0.00998645168764533,discard,0.092981
933,933,0.9433333333333334,0.00998645168764533,request_rescan,0.093079
934,934,0.9433333333333334,0.00998645168764533,discard,0.093175
935,935,0.9433333333333334,0.00998645168764533,discard,0.093269
936,936,0.9433333333333334,0.00998645168764533,discard,0.093362
937,937,0.9433333333333334,0.00998645168764533,discard,0.093467
938,938,0.9433333333333334,0.00998645168764533,discard,0.09356
939,939,0.9433333333333334,0.00998645168764533,discard,0.093663
940,940,0.9433333333333334,0.00998645168764533,discard,0.093766
941,941,0.9433333333333334,0.00998645168764533,request_rescan,0.093863
942,942,0.9433333333333334,0.00998645168764533,discard,0.093959
943,943,0.9433333333333334,0.00998645168764533,discard,0.094054
944,944,0.9433333333333334,0.00998645168764533,request_rescan,0.094147
945,945,0.9433333333333334,0.00998645168764533,request_rescan,0.094241
946,946,0.9433333333333334,0.00998645168764533,request_rescan,0.094339
947,947,0.9433333333333334,0.00998645168764533,discard,0.09444
948,948,0.9433333333333334,0.00998645168764533,discard,0.094541
949,949,0.9433333333333334,0.00998645168764533,discard,0.094637
950,950,0.9433333333333334,0.00998645168764533,request_rescan,0.09473
951,951,0.9433333333333334,0.00998645168764533,discard,0.094827
952,952,0.9433333333333334,0.00998645168764533,request_rescan,0.094923
953,953,0.9433333333333334,0.00998645168764533,discard,0.095016
954,954,0.9433333333333334,0.00998645168764533,discard,0.095113
955,955,0.9433333333333334,0.00998645168764533,request_rescan,0.095216
956,956,0.9433333333333334,0.00998645168764533,request_rescan,0.095321
957,957,0.9433333333333334,0.00998645168764533,discard,0.095449
958,958,0.9433333333333334,0.00998645168764533,request_rescan,0.095556
959,959,0.9433333333333334,0.00998645168764533,discard,0.095657
960,960,0.9433333333333334,0.00998645168764533,discard,0.095753
961,961,0.9433333333333334,0.00998645168764533,request_rescan,0.095866
962,962,0.9433333333333334,0.00998645168764533,discard,0.095969
963,963,0.9433333333333334,0.00998645168764533,discard,0.096066
964,964,0.9433333333333334,0.00998645168764533,request_rescan,0.096175
965,965,0.9433333333333334,0.00998645168764533,discard,0.096271
966,966,0.9433333333333334,0.00998645168764533,discard,0.096365
967,967,0.9433333333333334,0.00998645168764533,discard,0.096461
968,968,0.9433333333333334,0.00998645168764533,request_rescan,0.096557
969,969,0.9433333333333334,0.00998645168764533,request_rescan,0.096656
970,970,0.9433333333333334,0.00998645168764533,discard,0.096753
971,971,0.9433333333333334,0.00998645168764533,discard,0.096848
972,972,0.9433333333333334,0.00998645168764533,discard,0.096944
973,973,0.9433333333333334,0.00998645168764533,request_rescan,0.097039
974,974,0.9433333333333334,0.00998645168764533,request_rescan,0.097136
975,975,0.9433333333333334,0.00998645168764533,request_rescan,0.097233
976,976,0.9433333333333334,0.00998645168764533,discard,0.097329
977,977,0.9433333333333334,0.00998645168764533,request_rescan,0.097425
978,978,0.9433333333333334,0.00998645168764533,request_rescan,0.097527
979,979,0.9433333333333334,0.00998645168764533,discard,0.097624
980,980,0.9433333333333334,0.00998645168764533,request_rescan,0.097718
981,981,0.9433333333333334,0.00998645168764533,discard,0.097832
982,982,0.9433333333333334,0.00998645168764533,discard,0.09793
983,983,0.9433333333333334,0.00998645168764533,discard,0.098024
984,984,0.9433333333333334,0.00998645168764533,request_rescan,0.09812
985,985,0.9433333333333334,0.00998645168764533,request_rescan,0.098215
986,986,0.9433333333333334,0.00998645168764533,request_rescan,0.098312
987,987,0.9433333333333334,0.00998645168764533,request_rescan,0.098408
988,988,0.9433333333333334,0.00998645168764533,request_rescan,0.098505
989,989,0.9433333333333334,0.00998645168764533,discard,0.098601
990,990,0.9433333333333334,0.00998645168764533,request_rescan,0.098698
991,991,0.9433333333333334,0.00998645168764533,discard,0.098792
992,992,0.9433333333333334,0.00998645168764533,request_rescan,0.098889
993,993,0.9433333333333334,0.00998645168764533,request_rescan,0.09899
994,994,0.9433333333333334,0.00998645168764533,discard,0.099091
995,995,0.9433333333333334,0.00998645168764533,discard,0.099189
996,996,0.9433333333333334,0.00998645168764533,request_rescan,0.099286
997,997,0.9433333333333334,0.00998645168764533,request_rescan,0.099382
998,998,0.9433333333333334,0.00998645168764533,request_rescan,0.09948
999,999,0.9433333333333334,0.00998645168764533,discard,0.09958
1000,1000,0.9433333333333334,0.00998645168764533,discard,0.099678
1001,1001,0.9433333333333334,0.00998645168764533,discard,0.099844
1002,1002,0.9433333333333334,0.00998645168764533,discard,0.099942
1003,1003,0.9433333333333334,0.00998645168764533,request_rescan,0.100044
1004,1004,0.9433333333333334,0.00998645168764533,request_rescan,0.100147
1005,1005,0.9433333333333334,0.00998645168764533,request_rescan,0.100243
1006,1006,0.9433333333333334,0.00998645168764533,request_rescan,0.100338
1007,1007,0.9433333333333334,0.00998645168764533,discard,0.100437
1008,1008,0.9433333333333334,0.00998645168764533,discard,0.100543
1009,1009,0.9433333333333334,0.00998645168764533,request_rescan,0.100652
1010,1010,0.9433333333333334,0.00998645168764533,discard,0.100772
1011,1011,0.9433333333333334,0.00998645168764533,discard,0.100869
1012,1012,0.9433333333333334,0.00998645168764533,discard,0.100963
1013,1013,0.9433333333333334,0.00998645168764533,discard,0.101059
1014,1014,0.9433333333333334,0.00998645168764533,request_rescan,0.101157
1015,1015,0.9433333333333334,0.00998645168764533,discard,0.10126
1016,1016,0.9433333333333334,0.00998645168764533,discard,0.101357
1017,1017,0.9433333333333334,0.00998645168764533,request_rescan,0.101453
1018,1018,0.9433333333333334,0.00998645168764533,request_rescan,0.101549
1019,1019,0.9433333333333334,0.00998645168764533,discard,0.101644
1020,1020,0.9433333333333334,0.00998645168764533,discard,0.10174
1021,1021,0.9433333333333334,0.00998645168764533,discard,0.101833
1022,1022,0.9433333333333334,0.00998645168764533,discard,0.101923
1023,1023,0.9433333333333334,0.00998645168764533,discard,0.102021
1024,1024,0.9433333333333334,0.00998645168764533,request_rescan,0.102119
1025,1025,0.9433333333333334,0.00998645168764533,request_rescan,0.102215
1026,1026,0.9433333333333334,0.00998645168764533,request_rescan,0.102308
1027,1027,0.9433333333333334,0.00998645168764533,discard,0.102402
1028,1028,0.9433333333333334,0.00998645168764533,discard,0.102502
1029,1029,0.9433333333333334,0.00998645168764533,discard,0.102597
1030,1030,0.9433333333333334,0.00998645168764533,request_rescan,0.10269
1031,1031,0.9433333333333334,0.00998645168764533,request_rescan,0.102784
1032,1032,0.9433333333333334,0.00998645168764533,request_rescan,0.102879
1033,1033,0.9433333333333334,0.00998645168764533,discard,0.102977
1034,1034,0.9433333333333334,0.00998645168764533,request_rescan,0.103079
1035,1035,0.9433333333333334,0.00998645168764533,discard,0.103175
1036,1036,0.9433333333333334,0.00998645168764533,discard,0.103268
1037,1037,0.9433333333333334,0.00998645168764533,request_rescan,0.103365
1038,1038,0.9433333333333334,0.00998645168764533,request_rescan,0.103466
1039,1039,0.9433333333333334,0.00998645168764533,request_rescan,0.103568
1040,1040,0.9433333333333334,0.00998645168764533,request_rescan,0.103665
1041,1041,0.9433333333333334,0.00998645168764533,discard,0.103761
1042,1042,0.9433333333333334,0.00998645168764533,request_rescan,0.103858
1043,1043,0.9433333333333334,0.00998645168764533,request_rescan,0.103955
1044,1044,0.9433333333333334,0.00998645168764533,request_rescan,0.104051
1045,1045,0.9433333333333334,0.00998645168764533,request_rescan,0.104145
1046,1046,0.9433333333333334,0.00998645168764533,discard,0.104242
1047,1047,0.9433333333333334,0.00998645168764533,discard,0.104341
1048,1048,0.9433333333333334,0.00998645168764533,request_rescan,0.10444
1049,1049,0.9433333333333334,0.00998645168764533,request_rescan,0.104537
1050,1050,0.9433333333333334,0.00998645168764533,request_rescan,0.104632
1051,1051,0.9433333333333334,0.00998645168764533,discard,0.104728
1052,1052,0.9433333333333334,0.00998645168764533,discard,0.104824
1053,1053,0.9433333333333334,0.00998645168764533,request_rescan,0.104923
1054,1054,0.9433333333333334,0.00998645168764533,request_rescan,0.10502
1055,1055,0.9433333333333334,0.00998645168764533,request_rescan,0.105116
1056,1056,0.9433333333333334,0.00998645168764533,request_rescan,0.105213
1057,1057,0.9433333333333334,0.00998645168764533,discard,0.105319
1058,1058,0.9433333333333334,0.00998645168764533,request_rescan,0.105419
1059,1059,0.9433333333333334,0.00998645168764533,request_rescan,0.10552
1060,1060,0.9433333333333334,0.00998645168764533,request_rescan,0.105619
1061,1061,0.9433333333333334,0.00998645168764533,request_rescan,0.105721
1062,1062,0.9433333333333334,0.00998645168764533,discard,0.10582
1063,1063,0.9433333333333334,0.00998645168764533,request_rescan,0.105915
1064,1064,0.9433333333333334,0.00998645168764533,request_rescan,0.10601
1065,1065,0.9433333333333334,0.00998645168764533,request_rescan,0.106103
1066,1066,0.9433333333333334,0.00998645168764533,discard,0.106197
1067,1067,0.9433333333333334,0.00998645168764533,discard,0.106295
1068,1068,0.9433333333333334,0.00998645168764533,discard,0.106396
1069,1069,0.9433333333333334,0.00998645168764533,request_rescan,0.106495
1070,1070,0.9433333333333334,0.00998645168764533,request_rescan,0.106589
1071,1071,0.9433333333333334,0.00998645168764533,request_rescan,0.106683
1072,1072,0.9433333333333334,0.00998645168764533,discard,0.106778
1073,1073,0.9433333333333334,0.00998645168764533,discard,0.106875
1074,1074,0.9433333333333334,0.00998645168764533,discard,0.106968
1075,1075,0.9433333333333334,0.00998645168764533,request_rescan,0.107062
1076,1076,0.9433333333333334,0.00998645168764533,discard,0.107156
1077,1077,0.9433333333333334,0.00998645168764533,request_rescan,0.107255
1078,1078,0.9433333333333334,0.00998645168764533,discard,0.107349
1079,1079,0.9433333333333334,0.00998645168764533,request_rescan,0.107443
1080,1080,0.9433333333333334,0.00998645168764533,request_rescan,0.107539
1081,1081,0.9433333333333334,0.00998645168764533,request_rescan,0.107633
1082,1082,0.9433333333333334,0.00998645168764533,discard,0.10773
1083,1083,0.9433333333333334,0.00998645168764533,request_rescan,0.107861
1084,1084,0.9433333333333334,0.00998645168764533,discard,0.107955
1085,1085,0.9433333333333334,0.00998645168764533,discard,0.108052
1086,1086,0.9433333333333334,0.00998645168764533,discard,0.10815
1087,1087,0.9433333333333334,0.00998645168764533,discard,0.108241
1088,1088,0.9433333333333334,0.00998645168764533,request_rescan,0.108337
1089,1089,0.9433333333333334,0.00998645168764533,request_rescan,0.10843
1090,1090,0.9433333333333334,0.00998645168764533,request_rescan,0.108527
1091,1091,0.9433333333333334,0.00998645168764533,request_rescan,0.108625
1092,1092,0.9433333333333334,0.00998645168764533,request_rescan,0.108721
1093,1093,0.9433333333333334,0.00998645168764533,discard,0.108815
1094,1094,0.9433333333333334,0.00998645168764533,discard,0.108906
1095,1095,0.9433333333333334,0.00998645168764533,discard,0.109
1096,1096,0.9433333333333334,0.00998645168764533,request_rescan,0.109094
1097,1097,0.9433333333333334,0.00998645168764533,discard,0.109196
1098,1098,0.9433333333333334,0.00998645168764533,discard,0.109293
1099,1099,0.9433333333333334,0.00998645168764533,request_rescan,0.109389
1100,1100,0.9433333333333334,0.00998645168764533,request_rescan,0.109487
1101,1101,0.9433333333333334,0.00998645168764533,discard,0.109614
1102,1102,0.9433333333333334,0.00998645168764533,request_rescan,0.109713
1103,1103,0.9433333333333334,0.00998645168764533,discard,0.109809
1104,1104,0.9433333333333334,0.00998645168764533,discard,0.109904
1105,1105,0.9433333333333334,0.00998645168764533,request_rescan,0.110005
1106,1106,0.9433333333333334,0.00998645168764533,request_rescan,0.110103
1107,1107,0.9433333333333334,0.00998645168764533,discard,0.110201
1108,1108,0.9433333333333334,0.00998645168764533,request_rescan,0.110297
1109,1109,0.9433333333333334,0.00998645168764533,request_rescan,0.110392
1110,1110,0.9433333333333334,0.00998645168764533,request_rescan,0.110492
1111,1111,0.9433333333333334,0.00998645168764533,discard,0.110588
1112,1112,0.9433333333333334,0.00998645168764533,discard,0.110682
1113,1113,0.9433333333333334,0.00998645168764533,discard,0.110774
1114,1114,0.9433333333333334,0.00998645168764533,request_rescan,0.110867
1115,1115,0.9433333333333334,0.00998645168764533,discard,0.110967
1116,1116,0.9433333333333334,0.00998645168764533,discard,0.111065
1117,1117,0.9433333333333334,0.00998645168764533,discard,0.111161
1118,1118,0.9433333333333334,0.00998645168764533,discard,0.111254
1119,1119,0.9433333333333334,0.00998645168764533,request_rescan,0.111349
1120,1120,0.9433333333333334,0.00998645168764533,discard,0.111445
1121,1121,0.9433333333333334,0.00998645168764533,discard,0.111551
1122,1122,0.9433333333333334,0.00998645168764533,discard,0.111652
1123,1123,0.9433333333333334,0.00998645168764533,discard,0.111747
1124,1124,0.9433333333333334,0.00998645168764533,request_rescan,0.111844
1125,1125,0.9433333333333334,0.00998645168764533,request_rescan,0.111939
1126,1126,0.9433333333333334,0.00998645168764533,discard,0.112072
1127,1127,0.9433333333333334,0.00998645168764533,discard,0.112195
1128,1128,0.9433333333333334,0.00998645168764533,request_rescan,0.11231
1129,1129,0.9433333333333334,0.00998645168764533,request_rescan,0.112407
1130,1130,0.9433333333333334,0.00998645168764533,discard,0.112525
1131,1131,0.9433333333333334,0.00998645168764533,request_rescan,0.112624
1132,1132,0.9433333333333334,0.00998645168764533,request_rescan,0.112733
1133,1133,0.9433333333333334,0.00998645168764533,discard,0.112836
1134,1134,0.9433333333333334,0.00998645168764533,discard,0.112933
1135,1135,0.9433333333333334,0.00998645168764533,request_rescan,0.113032
1136,1136,0.9433333333333334,0.00998645168764533,discard,0.113131
1137,1137,0.9433333333333334,0.00998645168764533,request_rescan,0.113228
1138,1138,0.9433333333333334,0.00998645168764533,discard,0.113328
1139,1139,0.9433333333333334,0.00998645168764533,discard,0.113427
1140,1140,0.9433333333333334,0.00998645168764533,request_rescan,0.113525
1141,1141,0.9433333333333334,0.00998645168764533,discard,0.113623
1142,1142,0.9433333333333334,0.00998645168764533,discard,0.113716
1143,1143,0.9433333333333334,0.00998645168764533,discard,0.113812
1144,1144,0.9433333333333334,0.00998645168764533,discard,0.113906
1145,1145,0.9433333333333334,0.00998645168764533,discard,0.114003
1146,1146,0.9433333333333334,0.00998645168764533,discard,0.114098
1147,1147,0.9433333333333334,0.00998645168764533,discard,0.114191
1148,1148,0.9433333333333334,0.00998645168764533,request_rescan,0.114288
1149,1149,0.9433333333333334,0.00998645168764533,request_rescan,0.114385
1150,1150,0.9433333333333334,0.00998645168764533,request_rescan,0.114487
1151,1151,0.9433333333333334,0.00998645168764533,request_rescan,0.114584
1152,1152,0.9433333333333334,0.00998645168764533,discard,0.114691
1153,1153,0.9433333333333334,0.00998645168764533,request_rescan,0.114802
1154,1154,0.9433333333333334,0.00998645168764533,request_rescan,0.114899
1155,1155,0.9433333333333334,0.00998645168764533,discard,0.114997
1156,1156,0.9433333333333334,0.00998645168764533,discard,0.115094
1157,1157,0.9433333333333334,0.00998645168764533,discard,0.115208
1158,1158,0.9433333333333334,0.00998645168764533,request_rescan,0.115308
1159,1159,0.9433333333333334,0.00998645168764533,request_rescan,0.115405
1160,1160,0.9433333333333334,0.00998645168764533,request_rescan,0.115502
1161,1161,0.9433333333333334,0.00998645168764533,request_rescan,0.115596
1162,1162,0.9433333333333334,0.00998645168764533,request_rescan,0.115686
1163,1163,0.9433333333333334,0.00998645168764533,discard,0.115783
1164,1164,0.9433333333333334,0.00998645168764533,request_rescan,0.115878
1165,1165,0.9433333333333334,0.00998645168764533,request_rescan,0.115972
1166,1166,0.9433333333333334,0.00998645168764533,request_rescan,0.116067
1167,1167,0.9433333333333334,0.00998645168764533,request_rescan,0.116162
1168,1168,0.9433333333333334,0.00998645168764533,request_rescan,0.116258
1169,1169,0.9433333333333334,0.00998645168764533,discard,0.116357
1170,1170,0.9433333333333334,0.00998645168764533,discard,0.116454
1171,1171,0.6633333333333333,0.00998645168764533,log_and_continue,0.116554
1172,1172,0.9433333333333334,0.00998645168764533,request_rescan,0.116654
1173,1173,0.9433333333333334,0.00998645168764533,discard,0.116749
1174,1174,0.9433333333333334,0.00998645168764533,request_rescan,0.116843
1175,1175,0.9433333333333334,0.00998645168764533,request_rescan,0.11694
1176,1176,0.9433333333333334,0.00998645168764533,request_rescan,0.117039
1177,1177,0.9433333333333334,0.00998645168764533,discard,0.117138
1178,1178,0.9433333333333334,0.00998645168764533,discard,0.117234
1179,1179,0.9433333333333334,0.00998645168764533,request_rescan,0.11733
1180,1180,0.9433333333333334,0.00998645168764533,discard,0.117428
1181,1181,0.9433333333333334,0.00998645168764533,request_rescan,0.117526
1182,1182,0.9433333333333334,0.00998645168764533,request_rescan,0.11762
1183,1183,0.9433333333333334,0.00998645168764533,request_rescan,0.117719
1184,1184,0.9433333333333334,0.00998645168764533,discard,0.117815
1185,1185,0.9433333333333334,0.00998645168764533,discard,0.117916
1186,1186,0.9433333333333334,0.00998645168764533,discard,0.118011
1187,1187,0.9433333333333334,0.00998645168764533,discard,0.118105
1188,1188,0.9433333333333334,0.00998645168764533,discard,0.118203
1189,1189,0.9433333333333334,0.00998645168764533,discard,0.1183
1190,1190,0.9433333333333334,0.00998645168764533,request_rescan,0.118396
1191,1191,0.9433333333333334,0.00998645168764533,discard,0.1185
1192,1192,0.9433333333333334,0.00998645168764533,discard,0.118598
1193,1193,0.9433333333333334,0.00998645168764533,discard,0.118697
1194,1194,0.9433333333333334,0.00998645168764533,request_rescan,0.118792
1195,1195,0.9433333333333334,0.00998645168764533,discard,0.118887
1196,1196,0.9433333333333334,0.00998645168764533,request_rescan,0.118982
1197,1197,0.9433333333333334,0.00998645168764533,discard,0.119076
1198,1198,0.9433333333333334,0.00998645168764533,request_rescan,0.11917
1199,1199,0.9433333333333334,0.00998645168764533,discard,0.119261
1200,1200,0.9433333333333334,0.00998645168764533,discard,0.119358
1201,1201,0.9433333333333334,0.00998645168764533,request_rescan,0.119495
1202,1202,0.9433333333333334,0.00998645168764533,request_rescan,0.119595
1203,1203,0.9433333333333334,0.00998645168764533,request_rescan,0.119693
1204,1204,0.9433333333333334,0.00998645168764533,request_rescan,0.11979
1205,1205,0.9433333333333334,0.00998645168764533,discard,0.119885
1206,1206,0.9433333333333334,0.00998645168764533,request_rescan,0.119979
1207,1207,0.9433333333333334,0.00998645168764533,request_rescan,0.120073
1208,1208,0.9433333333333334,0.00998645168764533,discard,0.120168
1209,1209,0.9433333333333334,0.00998645168764533,discard,0.120267
1210,1210,0.9433333333333334,0.00998645168764533,discard,0.120367
1211,1211,0.9433333333333334,0.00998645168764533,request_rescan,0.12047
1212,1212,0.9433333333333334,0.00998645168764533,request_rescan,0.120567
1213,1213,0.9433333333333334,0.00998645168764533,request_rescan,0.120662
1214,1214,0.9433333333333334,0.00998645168764533,request_rescan,0.120756
1215,1215,0.9433333333333334,0.00998645168764533,request_rescan,0.120851
1216,1216,0.9433333333333334,0.00998645168764533,discard,0.120946
1217,1217,0.9433333333333334,0.00998645168764533,discard,0.121038
1218,1218,0.9433333333333334,0.00998645168764533,discard,0.121135
1219,1219,0.9433333333333334,0.00998645168764533,discard,0.121233
1220,1220,0.9433333333333334,0.00998645168764533,discard,0.121327
1221,1221,0.9433333333333334,0.00998645168764533,discard,0.121421
1222,1222,0.9433333333333334,0.00998645168764533,request_rescan,0.121519
1223,1223,0.9433333333333334,0.00998645168764533,request_rescan,0.121613
1224,1224,0.9433333333333334,0.00998645168764533,discard,0.121708
1225,1225,0.9433333333333334,0.00998645168764533,request_rescan,0.121802
1226,1226,0.9433333333333334,0.00998645168764533,discard,0.121897
1227,1227,0.9433333333333334,0.00998645168764533,request_rescan,0.121992
1228,1228,0.9433333333333334,0.00998645168764533,request_rescan,0.12209
1229,1229,0.9433333333333334,0.00998645168764533,request_rescan,0.122186
1230,1230,0.9433333333333334,0.00998645168764533,discard,0.122286
1231,1231,0.9433333333333334,0.00998645168764533,request_rescan,0.122384
1232,1232,0.9433333333333334,0.00998645168764533,request_rescan,0.122483
1233,1233,0.9433333333333334,0.00998645168764533,request_rescan,0.122577
1234,1234,0.9433333333333334,0.00998645168764533,discard,0.122675
1235,1235,0.9433333333333334,0.00998645168764533,discard,0.122779
1236,1236,0.9433333333333334,0.00998645168764533,discard,0.122877
1237,1237,0.9433333333333334,0.00998645168764533,discard,0.122973
1238,1238,0.9433333333333334,0.00998645168764533,discard,0.123068
1239,1239,0.9433333333333334,0.00998645168764533,request_rescan,0.123165
1240,1240,0.9433333333333334,0.00998645168764533,request_rescan,0.12326
1241,1241,0.76,0.00998645168764533,request_rescan,0.123359
1242,1242,0.9433333333333334,0.00998645168764533,request_rescan,0.123479
1243,1243,0.9433333333333334,0.00998645168764533,request_rescan,0.123606
1244,1244,0.9433333333333334,0.00998645168764533,discard,0.123709
1245,1245,0.9433333333333334,0.00998645168764533,discard,0.123805
1246,1246,0.9433333333333334,0.00998645168764533,request_rescan,0.123903
1247,1247,0.9433333333333334,0.00998645168764533,discard,0.123998
1248,1248,0.9433333333333334,0.00998645168764533,discard,0.124105
1249,1249,0.9433333333333334,0.00998645168764533,request_rescan,0.124208
1250,1250,0.9433333333333334,0.00998645168764533,discard,0.124305
1251,1251,0.9433333333333334,0.00998645168764533,request_rescan,0.1244
1252,1252,0.9433333333333334,0.00998645168764533,request_rescan,0.124535
1253,1253,0.9433333333333334,0.00998645168764533,request_rescan,0.124629
1254,1254,0.9433333333333334,0.00998645168764533,discard,0.124725
1255,1255,0.9433333333333334,0.00998645168764533,discard,0.124819
1256,1256,0.9433333333333334,0.00998645168764533,request_rescan,0.124918
1257,1257,0.9433333333333334,0.00998645168764533,request_rescan,0.125016
1258,1258,0.9433333333333334,0.00998645168764533,discard,0.125115
1259,1259,0.9433333333333334,0.00998645168764533,request_rescan,0.125211
1260,1260,0.9433333333333334,0.00998645168764533,request_rescan,0.125309
1261,1261,0.9433333333333334,0.00998645168764533,request_rescan,0.12541
1262,1262,0.9433333333333334,0.00998645168764533,discard,0.125511
1263,1263,0.9433333333333334,0.00998645168764533,request_rescan,0.125608
1264,1264,0.9433333333333334,0.00998645168764533,discard,0.125705
1265,1265,0.9433333333333334,0.00998645168764533,request_rescan,0.125799
1266,1266,0.9433333333333334,0.00998645168764533,request_rescan,0.125896
1267,1267,0.9433333333333334,0.00998645168764533,discard,0.126
1268,1268,0.9433333333333334,0.00998645168764533,request_rescan,0.126102
1269,1269,0.9433333333333334,0.00998645168764533,request_rescan,0.126198
1270,1270,0.9433333333333334,0.00998645168764533,discard,0.126293
1271,1271,0.9433333333333334,0.00998645168764533,request_rescan,0.126385
1272,1272,0.9433333333333334,0.00998645168764533,discard,0.126485
1273,1273,0.9433333333333334,0.00998645168764533,discard,0.126586
1274,1274,0.9433333333333334,0.00998645168764533,request_rescan,0.126685
1275,1275,0.9433333333333334,0.00998645168764533,request_rescan,0.12678
1276,1276,0.9433333333333334,0.00998645168764533,discard,0.126874
1277,1277,0.9433333333333334,0.00998645168764533,discard,0.126972
1278,1278,0.9433333333333334,0.00998645168764533,request_rescan,0.127068
1279,1279,0.9433333333333334,0.00998645168764533,request_rescan,0.127164
1280,1280,0.9433333333333334,0.00998645168764533,request_rescan,0.12726
1281,1281,0.9433333333333334,0.00998645168764533,discard,0.127356
1282,1282,0.9433333333333334,0.00998645168764533,request_rescan,0.127452
1283,1283,0.9433333333333334,0.00998645168764533,request_rescan,0.12757
1284,1284,0.9433333333333334,0.00998645168764533,discard,0.127668
1285,1285,0.9433333333333334,0.00998645168764533,request_rescan,0.127762
1286,1286,0.9433333333333334,0.00998645168764533,discard,0.127859
1287,1287,0.9433333333333334,0.00998645168764533,request_rescan,0.127957
1288,1288,0.9433333333333334,0.00998645168764533,request_rescan,0.128053
1289,1289,0.9433333333333334,0.00998645168764533,discard,0.128148
1290,1290,0.9433333333333334,0.00998645168764533,discard,0.128242
1291,1291,0.9433333333333334,0.00998645168764533,request_rescan,0.128336
1292,1292,0.9433333333333334,0.00998645168764533,request_rescan,0.12843
1293,1293,0.9433333333333334,0.00998645168764533,discard,0.12853
1294,1294,0.9433333333333334,0.00998645168764533,request_rescan,0.128627
1295,1295,0.9433333333333334,0.00998645168764533,request_rescan,0.128748
1296,1296,0.9433333333333334,0.00998645168764533,discard,0.128846
1297,1297,0.9433333333333334,0.00998645168764533,discard,0.128955
1298,1298,0.9433333333333334,0.00998645168764533,discard,0.129055
1299,1299,0.9433333333333334,0.00998645168764533,discard,0.129164
1300,1300,0.9433333333333334,0.00998645168764533,request_rescan,0.129261
1301,1301,0.9433333333333334,0.00998645168764533,discard,0.12939
1302,1302,0.9433333333333334,0.00998645168764533,discard,0.129487
1303,1303,0.9433333333333334,0.00998645168764533,discard,0.1296
1304,1304,0.9433333333333334,0.00998645168764533,discard,0.129694
1305,1305,0.9433333333333334,0.00998645168764533,request_rescan,0.129789
1306,1306,0.9433333333333334,0.00998645168764533,request_rescan,0.129901
1307,1307,0.9433333333333334,0.00998645168764533,request_rescan,0.130027
1308,1308,0.9433333333333334,0.00998645168764533,discard,0.130127
1309,1309,0.9433333333333334,0.00998645168764533,discard,0.130222
1310,1310,0.9433333333333334,0.00998645168764533,discard,0.130317
1311,1311,0.9433333333333334,0.00998645168764533,request_rescan,0.130413
1312,1312,0.9433333333333334,0.00998645168764533,discard,0.130515
1313,1313,0.9433333333333334,0.00998645168764533,discard,0.130615
1314,1314,0.9433333333333334,0.00998645168764533,discard,0.130709
1315,1315,0.9433333333333334,0.00998645168764533,discard,0.13081
1316,1316,0.9433333333333334,0.00998645168764533,discard,0.13091
1317,1317,0.9433333333333334,0.00998645168764533,request_rescan,0.131066
1318,1318,0.9433333333333334,0.00998645168764533,discard,0.131187
1319,1319,0.9433333333333334,0.00998645168764533,discard,0.13129
1320,1320,0.9433333333333334,0.00998645168764533,discard,0.131388
1321,1321,0.9433333333333334,0.00998645168764533,request_rescan,0.131488
1322,1322,0.9433333333333334,0.00998645168764533,request_rescan,0.131586
1323,1323,0.9433333333333334,0.00998645168764533,request_rescan,0.131679
1324,1324,0.9433333333333334,0.00998645168764533,discard,0.131775
1325,1325,0.9433333333333334,0.00998645168764533,discard,0.131895
1326,1326,0.9433333333333334,0.00998645168764533,discard,0.131996
1327,1327,0.9433333333333334,0.00998645168764533,request_rescan,0.132096
1328,1328,0.9433333333333334,0.00998645168764533,discard,0.132193
1329,1329,0.9433333333333334,0.00998645168764533,discard,0.132292
1330,1330,0.9433333333333334,0.00998645168764533,request_rescan,0.132389
1331,1331,0.9433333333333334,0.00998645168764533,discard,0.132498
1332,1332,0.9433333333333334,0.00998645168764533,request_rescan,0.132602
1333,1333,0.9433333333333334,0.00998645168764533,request_rescan,0.1327
1334,1334,0.9433333333333334,0.00998645168764533,request_rescan,0.132794
1335,1335,0.9433333333333334,0.00998645168764533,discard,0.132889
1336,1336,0.9433333333333334,0.00998645168764533,request_rescan,0.132985
1337,1337,0.9433333333333334,0.00998645168764533,request_rescan,0.133078
1338,1338,0.9433333333333334,0.00998645168764533,request_rescan,0.133171
1339,1339,0.9433333333333334,0.00998645168764533,discard,0.133265
1340,1340,0.9433333333333334,0.00998645168764533,request_rescan,0.133359
1341,1341,0.9433333333333334,0.00998645168764533,discard,0.133451
1342,1342,0.9433333333333334,0.00998645168764533,discard,0.133547
1343,1343,0.9433333333333334,0.00998645168764533,request_rescan,0.133646
1344,1344,0.9433333333333334,0.00998645168764533,discard,0.133751
1345,1345,0.9433333333333334,0.00998645168764533,discard,0.133851
1346,1346,0.9433333333333334,0.00998645168764533,discard,0.133944
1347,1347,0.9433333333333334,0.00998645168764533,discard,0.134041
1348,1348,0.9433333333333334,0.00998645168764533,discard,0.134141
1349,1349,0.9433333333333334,0.00998645168764533,request_rescan,0.134236
1350,1350,0.9433333333333334,0.00998645168764533,discard,0.134329
1351,1351,0.9433333333333334,0.00998645168764533,discard,0.134425
1352,1352,0.9433333333333334,0.00998645168764533,discard,0.134537
1353,1353,0.9433333333333334,0.00998645168764533,request_rescan,0.134636
1354,1354,0.9433333333333334,0.00998645168764533,discard,0.134731
1355,1355,0.9433333333333334,0.00998645168764533,request_rescan,0.134829
1356,1356,0.9433333333333334,0.00998645168764533,request_rescan,0.134923
1357,1357,0.9433333333333334,0.00998645168764533,request_rescan,0.135017
1358,1358,0.76,0.00998645168764533,discard,0.135118
1359,1359,0.9433333333333334,0.00998645168764533,request_rescan,0.135217
1360,1360,0.9433333333333334,0.00998645168764533,request_rescan,0.135317
1361,1361,0.9433333333333334,0.00998645168764533,request_rescan,0.135415
1362,1362,0.9433333333333334,0.00998645168764533,request_rescan,0.135514
1363,1363,0.9433333333333334,0.00998645168764533,request_rescan,0.13561
1364,1364,0.9433333333333334,0.00998645168764533,request_rescan,0.135705
1365,1365,0.9433333333333334,0.00998645168764533,discard,0.135802
1366,1366,0.9433333333333334,0.00998645168764533,discard,0.135902
1367,1367,0.9433333333333334,0.00998645168764533,request_rescan,0.135994
1368,1368,0.9433333333333334,0.00998645168764533,request_rescan,0.136087
1369,1369,0.9433333333333334,0.00998645168764533,discard,0.13618
1370,1370,0.9433333333333334,0.00998645168764533,request_rescan,0.136275
1371,1371,0.9433333333333334,0.00998645168764533,request_rescan,0.13637
1372,1372,0.9433333333333334,0.00998645168764533,request_rescan,0.136469
1373,1373,0.9433333333333334,0.00998645168764533,discard,0.136564
1374,1374,0.9433333333333334,0.00998645168764533,request_rescan,0.136658
1375,1375,0.9433333333333334,0.00998645168764533,discard,0.136753
1376,1376,0.9433333333333334,0.00998645168764533,request_rescan,0.136849
1377,1377,0.9433333333333334,0.00998645168764533,request_rescan,0.136946
1378,1378,0.9433333333333334,0.00998645168764533,discard,0.137044
1379,1379,0.9433333333333334,0.00998645168764533,discard,0.137139
1380,1380,0.9433333333333334,0.00998645168764533,request_rescan,0.137233
1381,1381,0.9433333333333334,0.00998645168764533,discard,0.13733
1382,1382,0.9433333333333334,0.00998645168764533,discard,0.137425
1383,1383,0.9433333333333334,0.00998645168764533,request_rescan,0.137524
1384,1384,0.9433333333333334,0.00998645168764533,discard,0.137617
1385,1385,0.9433333333333334,0.00998645168764533,discard,0.137718
1386,1386,0.9433333333333334,0.00998645168764533,request_rescan,0.137817
1387,1387,0.9433333333333334,0.00998645168764533,discard,0.137912
1388,1388,0.9433333333333334,0.00998645168764533,request_rescan,0.138007
1389,1389,0.9433333333333334,0.00998645168764533,request_rescan,0.138102
1390,1390,0.9433333333333334,0.00998645168764533,request_rescan,0.138197
1391,1391,0.9433333333333334,0.00998645168764533,discard,0.138292
1392,1392,0.9433333333333334,0.00998645168764533,request_rescan,0.138387
1393,1393,0.9433333333333334,0.00998645168764533,discard,0.138492
1394,1394,0.9433333333333334,0.00998645168764533,discard,0.138588
1395,1395,0.9433333333333334,0.00998645168764533,request_rescan,0.138686
1396,1396,0.9433333333333334,0.00998645168764533,discard,0.138782
1397,1397,0.9433333333333334,0.00998645168764533,request_rescan,0.138879
1398,1398,0.9433333333333334,0.00998645168764533,discard,0.138973
1399,1399,0.9433333333333334,0.00998645168764533,discard,0.139066
1400,1400,0.9433333333333334,0.00998645168764533,discard,0.139162
1401,1401,0.9433333333333334,0.00998645168764533,discard,0.139328
1402,1402,0.9433333333333334,0.00998645168764533,discard,0.139471
1403,1403,0.9433333333333334,0.00998645168764533,discard,0.139582
1404,1404,0.9433333333333334,0.00998645168764533,discard,0.139681
1405,1405,0.9433333333333334,0.00998645168764533,discard,0.139781
1406,1406,0.9433333333333334,0.00998645168764533,discard,0.139879
1407,1407,0.9433333333333334,0.00998645168764533,request_rescan,0.139976
1408,1408,0.9433333333333334,0.00998645168764533,discard,0.140071
1409,1409,0.9433333333333334,0.00998645168764533,discard,0.140166
1410,1410,0.9433333333333334,0.00998645168764533,discard,0.140263
1411,1411,0.9433333333333334,0.00998645168764533,request_rescan,0.140364
1412,1412,0.9433333333333334,0.00998645168764533,request_rescan,0.140475
1413,1413,0.9433333333333334,0.00998645168764533,request_rescan,0.140572
1414,1414,0.9433333333333334,0.00998645168764533,request_rescan,0.140668
1415,1415,0.9433333333333334,0.00998645168764533,request_rescan,0.140762
1416,1416,0.9433333333333334,0.00998645168764533,request_rescan,0.140855
1417,1417,0.9433333333333334,0.00998645168764533,discard,0.140949
1418,1418,0.9433333333333334,0.00998645168764533,request_rescan,0.141048
1419,1419,0.9433333333333334,0.00998645168764533,request_rescan,0.141178
1420,1420,0.9433333333333334,0.00998645168764533,discard,0.141275
1421,1421,0.9433333333333334,0.00998645168764533,discard,0.141372
1422,1422,0.9433333333333334,0.00998645168764533,request_rescan,0.14147
1423,1423,0.9433333333333334,0.00998645168764533,request_rescan,0.141566
1424,1424,0.9433333333333334,0.00998645168764533,request_rescan,0.141663
1425,1425,0.9433333333333334,0.00998645168764533,discard,0.141758
1426,1426,0.9433333333333334,0.00998645168764533,request_rescan,0.141854
1427,1427,0.9433333333333334,0.00998645168764533,discard,0.141948
1428,1428,0.9433333333333334,0.00998645168764533,request_rescan,0.142045
1429,1429,0.9433333333333334,0.00998645168764533,discard,0.14214
1430,1430,0.9433333333333334,0.00998645168764533,request_rescan,0.142236
1431,1431,0.9433333333333334,0.00998645168764533,discard,0.142332
1432,1432,0.9433333333333334,0.00998645168764533,request_rescan,0.142426
1433,1433,0.9433333333333334,0.00998645168764533,request_rescan,0.142527
1434,1434,0.9433333333333334,0.00998645168764533,request_rescan,0.142622
1435,1435,0.9433333333333334,0.00998645168764533,discard,0.142718
1436,1436,0.9433333333333334,0.00998645168764533,request_rescan,0.142816
1437,1437,0.9433333333333334,0.00998645168764533,request_rescan,0.142913
1438,1438,0.9433333333333334,0.00998645168764533,discard,0.143007
1439,1439,0.9433333333333334,0.00998645168764533,request_rescan,0.143102
1440,1440,0.9433333333333334,0.00998645168764533,request_rescan,0.143195
1441,1441,0.9433333333333334,0.00998645168764533,request_rescan,0.143288
1442,1442,0.9433333333333334,0.00998645168764533,request_rescan,0.143384
1443,1443,0.9433333333333334,0.00998645168764533,request_rescan,0.143496
1444,1444,0.9433333333333334,0.00998645168764533,discard,0.143623
1445,1445,0.9433333333333334,0.00998645168764533,request_rescan,0.14373
1446,1446,0.9433333333333334,0.00998645168764533,discard,0.14383
1447,1447,0.9433333333333334,0.00998645168764533,discard,0.143925
1448,1448,0.9433333333333334,0.00998645168764533,request_rescan,0.144023
1449,1449,0.9433333333333334,0.00998645168764533,discard,0.144124
1450,1450,0.9433333333333334,0.00998645168764533,request_rescan,0.144223
1451,1451,0.9433333333333334,0.00998645168764533,request_rescan,0.144319
1452,1452,0.9433333333333334,0.00998645168764533,discard,0.144412
1453,1453,0.9433333333333334,0.00998645168764533,discard,0.144511
1454,1454,0.9433333333333334,0.00998645168764533,discard,0.144606
1455,1455,0.9433333333333334,0.00998645168764533,request_rescan,0.144704
1456,1456,0.9433333333333334,0.00998645168764533,discard,0.1448
1457,1457,0.9433333333333334,0.00998645168764533,discard,0.1449
1458,1458,0.9433333333333334,0.00998645168764533,discard,0.144992
1459,1459,0.9433333333333334,0.00998645168764533,discard,0.145086
1460,1460,0.9433333333333334,0.00998645168764533,request_rescan,0.145185
1461,1461,0.9433333333333334,0.00998645168764533,discard,0.145282
1462,1462,0.9433333333333334,0.00998645168764533,discard,0.145405
1463,1463,0.9433333333333334,0.00998645168764533,request_rescan,0.145514
1464,1464,0.9433333333333334,0.00998645168764533,discard,0.145612
1465,1465,0.9433333333333334,0.00998645168764533,discard,0.145713
1466,1466,0.9433333333333334,0.00998645168764533,discard,0.145809
1467,1467,0.9433333333333334,0.00998645168764533,request_rescan,0.145924
1468,1468,0.9433333333333334,0.00998645168764533,request_rescan,0.146026
1469,1469,0.9433333333333334,0.00998645168764533,request_rescan,0.146126
1470,1470,0.9433333333333334,0.00998645168764533,discard,0.146226
1471,1471,0.9433333333333334,0.00998645168764533,request_rescan,0.146337
1472,1472,0.9433333333333334,0.00998645168764533,request_rescan,0.146432
1473,1473,0.9433333333333334,0.00998645168764533,request_rescan,0.14653
1474,1474,0.9433333333333334,0.00998645168764533,discard,0.146625
1475,1475,0.9433333333333334,0.00998645168764533,discard,0.146722
1476,1476,0.9433333333333334,0.00998645168764533,discard,0.146815
1477,1477,0.9433333333333334,0.00998645168764533,request_rescan,0.14691
1478,1478,0.9433333333333334,0.00998645168764533,discard,0.147009
1479,1479,0.9433333333333334,0.00998645168764533,discard,0.147103
1480,1480,0.9433333333333334,0.00998645168764533,discard,0.147194
1481,1481,0.9433333333333334,0.00998645168764533,discard,0.147291
1482,1482,0.9433333333333334,0.00998645168764533,discard,0.147391
1483,1483,0.9433333333333334,0.00998645168764533,discard,0.14749
1484,1484,0.9433333333333334,0.00998645168764533,discard,0.147591
1485,1485,0.9433333333333334,0.00998645168764533,request_rescan,0.147691
1486,1486,0.9433333333333334,0.00998645168764533,request_rescan,0.147788
1487,1487,0.9433333333333334,0.00998645168764533,discard,0.147887
1488,1488,0.9433333333333334,0.00998645168764533,request_rescan,0.147984
1489,1489,0.9433333333333334,0.00998645168764533,request_rescan,0.148097
1490,1490,0.9433333333333334,0.00998645168764533,discard,0.148198
1491,1491,0.9433333333333334,0.00998645168764533,request_rescan,0.148301
1492,1492,0.9433333333333334,0.00998645168764533,request_rescan,0.148397
1493,1493,0.9433333333333334,0.00998645168764533,request_rescan,0.148496
1494,1494,0.9433333333333334,0.00998645168764533,discard,0.148593
1495,1495,0.9433333333333334,0.00998645168764533,discard,0.148686
1496,1496,0.9433333333333334,0.00998645168764533,discard,0.148783
1497,1497,0.9433333333333334,0.00998645168764533,discard,0.148877
1498,1498,0.9433333333333334,0.00998645168764533,discard,0.148971
1499,1499,0.9433333333333334,0.00998645168764533,discard,0.149068
1500,1500,0.9433333333333334,0.00998645168764533,discard,0.149163
1501,1501,0.9433333333333334,0.00998645168764533,discard,0.149326
1502,1502,0.9433333333333334,0.00998645168764533,request_rescan,0.149426
1503,1503,0.9433333333333334,0.00998645168764533,request_rescan,0.149532
1504,1504,0.9433333333333334,0.00998645168764533,discard,0.149631
1505,1505,0.9433333333333334,0.00998645168764533,request_rescan,0.149728
1506,1506,0.9433333333333334,0.00998645168764533,request_rescan,0.149825
1507,1507,0.9433333333333334,0.00998645168764533,discard,0.149924
1508,1508,0.9433333333333334,0.00998645168764533,discard,0.150019
1509,1509,0.9433333333333334,0.00998645168764533,discard,0.150117
1510,1510,0.9433333333333334,0.00998645168764533,discard,0.15021
1511,1511,0.9433333333333334,0.00998645168764533,request_rescan,0.15031
1512,1512,0.9433333333333334,0.00998645168764533,request_rescan,0.150406
1513,1513,0.9433333333333334,0.00998645168764533,request_rescan,0.150508
1514,1514,0.9433333333333334,0.00998645168764533,request_rescan,0.150601
1515,1515,0.9433333333333334,0.00998645168764533,discard,0.150696
1516,1516,0.9433333333333334,0.00998645168764533,request_rescan,0.15079
1517,1517,0.9433333333333334,0.00998645168764533,request_rescan,0.150884
1518,1518,0.9433333333333334,0.00998645168764533,request_rescan,0.150977
1519,1519,0.9433333333333334,0.00998645168764533,discard,0.151069
1520,1520,0.9433333333333334,0.00998645168764533,request_rescan,0.151164
1521,1521,0.9433333333333334,0.00998645168764533,discard,0.151278
1522,1522,0.9433333333333334,0.00998645168764533,discard,0.151402
1523,1523,0.9433333333333334,0.00998645168764533,request_rescan,0.151516
1524,1524,0.9433333333333334,0.00998645168764533,request_rescan,0.151611
1525,1525,0.9433333333333334,0.00998645168764533,request_rescan,0.151705
1526,1526,0.9433333333333334,0.00998645168764533,discard,0.151802
1527,1527,0.9433333333333334,0.00998645168764533,request_rescan,0.151899
1528,1528,0.9433333333333334,0.00998645168764533,request_rescan,0.151993
1529,1529,0.9433333333333334,0.00998645168764533,discard,0.152089
1530,1530,0.9433333333333334,0.00998645168764533,request_rescan,0.15219
1531,1531,0.9433333333333334,0.00998645168764533,discard,0.152289
1532,1532,0.9433333333333334,0.00998645168764533,discard,0.152387
1533,1533,0.9433333333333334,0.00998645168764533,discard,0.152485
1534,1534,0.9433333333333334,0.00998645168764533,discard,0.15258
1535,1535,0.9433333333333334,0.00998645168764533,request_rescan,0.152675
1536,1536,0.9433333333333334,0.00998645168764533,request_rescan,0.152769
1537,1537,0.9433333333333334,0.00998645168764533,discard,0.152864
1538,1538,0.9433333333333334,0.00998645168764533,request_rescan,0.152957
1539,1539,0.9433333333333334,0.00998645168764533,request_rescan,0.153054
1540,1540,0.76,0.00998645168764533,discard,0.153154
1541,1541,0.9433333333333334,0.00998645168764533,discard,0.153255
1542,1542,0.9433333333333334,0.00998645168764533,request_rescan,0.153352
1543,1543,0.9433333333333334,0.00998645168764533,request_rescan,0.153446
1544,1544,0.9433333333333334,0.00998645168764533,request_rescan,0.153545
1545,1545,0.9433333333333334,0.00998645168764533,discard,0.15364
1546,1546,0.9433333333333334,0.00998645168764533,request_rescan,0.153733
1547,1547,0.9433333333333334,0.00998645168764533,discard,0.153837
1548,1548,0.9433333333333334,0.00998645168764533,request_rescan,0.153935
1549,1549,0.9433333333333334,0.00998645168764533,request_rescan,0.15403
1550,1550,0.9433333333333334,0.00998645168764533,discard,0.154126
1551,1551,0.9433333333333334,0.00998645168764533,request_rescan,0.154221
1552,1552,0.9433333333333334,0.00998645168764533,discard,0.154316
1553,1553,0.9433333333333334,0.00998645168764533,request_rescan,0.154417
1554,1554,0.9433333333333334,0.00998645168764533,request_rescan,0.154525
1555,1555,0.9433333333333334,0.00998645168764533,discard,0.154623
1556,1556,0.9433333333333334,0.00998645168764533,request_rescan,0.154721
1557,1557,0.9433333333333334,0.00998645168764533,request_rescan,0.154818
1558,1558,0.9433333333333334,0.00998645168764533,request_rescan,0.154914
1559,1559,0.9433333333333334,0.00998645168764533,discard,0.155012
1560,1560,0.9433333333333334,0.00998645168764533,discard,0.155111
1561,1561,0.9433333333333334,0.00998645168764533,discard,0.155211
1562,1562,0.9433333333333334,0.00998645168764533,request_rescan,0.155312
1563,1563,0.9433333333333334,0.00998645168764533,discard,0.155412
1564,1564,0.9433333333333334,0.00998645168764533,discard,0.155509
1565,1565,0.9433333333333334,0.00998645168764533,request_rescan,0.155605
1566,1566,0.9433333333333334,0.00998645168764533,request_rescan,0.1557
1567,1567,0.9433333333333334,0.00998645168764533,discard,0.155794
1568,1568,0.9433333333333334,0.00998645168764533,discard,0.155886
1569,1569,0.9433333333333334,0.00998645168764533,request_rescan,0.155981
1570,1570,0.9433333333333334,0.00998645168764533,discard,0.15608
1571,1571,0.9433333333333334,0.00998645168764533,discard,0.156177
1572,1572,0.9433333333333334,0.00998645168764533,discard,0.156271
1573,1573,0.9433333333333334,0.00998645168764533,discard,0.156364
1574,1574,0.9433333333333334,0.00998645168764533,discard,0.15646
1575,1575,0.9433333333333334,0.00998645168764533,request_rescan,0.156556
1576,1576,0.9433333333333334,0.00998645168764533,discard,0.156649
1577,1577,0.9433333333333334,0.00998645168764533,request_rescan,0.156742
1578,1578,0.9433333333333334,0.00998645168764533,discard,0.156833
1579,1579,0.9433333333333334,0.00998645168764533,request_rescan,0.156927
1580,1580,0.9433333333333334,0.00998645168764533,discard,0.157027
1581,1581,0.9433333333333334,0.00998645168764533,discard,0.157127
1582,1582,0.9433333333333334,0.00998645168764533,discard,0.157224
1583,1583,0.9433333333333334,0.00998645168764533,discard,0.15732
1584,1584,0.9433333333333334,0.00998645168764533,discard,0.157414
1585,1585,0.9433333333333334,0.00998645168764533,request_rescan,0.157518
1586,1586,0.9433333333333334,0.00998645168764533,discard,0.157617
1587,1587,0.9433333333333334,0.00998645168764533,request_rescan,0.157712
1588,1588,0.9433333333333334,0.00998645168764533,request_rescan,0.157845
1589,1589,0.9433333333333334,0.00998645168764533,request_rescan,0.15794
1590,1590,0.9433333333333334,0.00998645168764533,discard,0.158036
1591,1591,0.9433333333333334,0.00998645168764533,request_rescan,0.158134
1592,1592,0.9433333333333334,0.00998645168764533,discard,0.158229
1593,1593,0.9433333333333334,0.00998645168764533,discard,0.158327
1594,1594,0.9433333333333334,0.00998645168764533,discard,0.15842
1595,1595,0.9433333333333334,0.00998645168764533,discard,0.158515
1596,1596,0.9433333333333334,0.00998645168764533,discard,0.158607
1597,1597,0.9433333333333334,0.00998645168764533,request_rescan,0.158702
1598,1598,0.9433333333333334,0.00998645168764533,request_rescan,0.158796
1599,1599,0.9433333333333334,0.00998645168764533,discard,0.158896
1600,1600,0.9433333333333334,0.00998645168764533,discard,0.15899
1601,1601,0.9433333333333334,0.00998645168764533,request_rescan,0.159118
1602,1602,0.9433333333333334,0.00998645168764533,discard,0.159218
1603,1603,0.9433333333333334,0.00998645168764533,discard,0.159313
1604,1604,0.9433333333333334,0.00998645168764533,request_rescan,0.159408
1605,1605,0.9433333333333334,0.00998645168764533,discard,0.159508
1606,1606,0.9433333333333334,0.00998645168764533,discard,0.159605
1607,1607,0.9433333333333334,0.00998645168764533,discard,0.159702
1608,1608,0.9433333333333334,0.00998645168764533,request_rescan,0.159802
1609,1609,0.9433333333333334,0.00998645168764533,request_rescan,0.159897
1610,1610,0.9433333333333334,0.00998645168764533,request_rescan,0.159991
1611,1611,0.9433333333333334,0.00998645168764533,request_rescan,0.160087
1612,1612,0.9433333333333334,0.00998645168764533,request_rescan,0.16018
1613,1613,0.9433333333333334,0.00998645168764533,request_rescan,0.160272
1614,1614,0.9433333333333334,0.00998645168764533,discard,0.160368
1615,1615,0.9433333333333334,0.00998645168764533,request_rescan,0.160463
1616,1616,0.9433333333333334,0.00998645168764533,discard,0.160559
1617,1617,0.9433333333333334,0.00998645168764533,request_rescan,0.160659
1618,1618,0.9433333333333334,0.00998645168764533,request_rescan,0.160759
1619,1619,0.9433333333333334,0.00998645168764533,discard,0.160859
1620,1620,0.9433333333333334,0.00998645168764533,discard,0.160958
1621,1621,0.9433333333333334,0.00998645168764533,request_rescan,0.161054
1622,1622,0.9433333333333334,0.00998645168764533,request_rescan,0.161148
1623,1623,0.9433333333333334,0.00998645168764533,discard,0.161247
1624,1624,0.9433333333333334,0.00998645168764533,discard,0.161345
1625,1625,0.9433333333333334,0.00998645168764533,discard,0.161437
1626,1626,0.9433333333333334,0.00998645168764533,request_rescan,0.161538
1627,1627,0.9433333333333334,0.00998645168764533,discard,0.161633
1628,1628,0.9433333333333334,0.00998645168764533,request_rescan,0.161727
1629,1629,0.9433333333333334,0.00998645168764533,request_rescan,0.161822
1630,1630,0.9433333333333334,0.00998645168764533,discard,0.161919
1631,1631,0.9433333333333334,0.00998645168764533,discard,0.162018
1632,1632,0.9433333333333334,0.00998645168764533,request_rescan,0.162138
1633,1633,0.9433333333333334,0.00998645168764533,discard,0.162231
1634,1634,0.9433333333333334,0.00998645168764533,discard,0.162324
1635,1635,0.9433333333333334,0.00998645168764533,request_rescan,0.162418
1636,1636,0.9433333333333334,0.00998645168764533,request_rescan,0.162517
1637,1637,0.9433333333333334,0.00998645168764533,discard,0.162629
1638,1638,0.9433333333333334,0.00998645168764533,request_rescan,0.16273
1639,1639,0.9433333333333334,0.00998645168764533,discard,0.162826
1640,1640,0.9433333333333334,0.00998645168764533,request_rescan,0.162923
1641,1641,0.9433333333333334,0.00998645168764533,discard,0.163017
1642,1642,0.9433333333333334,0.00998645168764533,request_rescan,0.163128
1643,1643,0.9433333333333334,0.00998645168764533,discard,0.16322
1644,1644,0.9433333333333334,0.00998645168764533,discard,0.163311
1645,1645,0.9433333333333334,0.00998645168764533,request_rescan,0.163409
1646,1646,0.9433333333333334,0.00998645168764533,discard,0.163508
1647,1647,0.9433333333333334,0.00998645168764533,discard,0.163606
1648,1648,0.9433333333333334,0.00998645168764533,discard,0.1637
1649,1649,0.9433333333333334,0.00998645168764533,discard,0.163796
1650,1650,0.9433333333333334,0.00998645168764533,discard,0.163888
1651,1651,0.9433333333333334,0.00998645168764533,discard,0.163979
1652,1652,0.9433333333333334,0.00998645168764533,request_rescan,0.164075
1653,1653,0.9433333333333334,0.00998645168764533,request_rescan,0.164171
1654,1654,0.9433333333333334,0.00998645168764533,request_rescan,0.164267
1655,1655,0.9433333333333334,0.00998645168764533,request_rescan,0.164364
1656,1656,0.9433333333333334,0.00998645168764533,discard,0.164465
1657,1657,0.9433333333333334,0.00998645168764533,request_rescan,0.164563
1658,1658,0.9433333333333334,0.00998645168764533,request_rescan,0.164678
1659,1659,0.9433333333333334,0.00998645168764533,discard,0.164774
1660,1660,0.9433333333333334,0.00998645168764533,request_rescan,0.164871
1661,1661,0.9433333333333334,0.00998645168764533,discard,0.164972
1662,1662,0.9433333333333334,0.00998645168764533,request_rescan,0.16507
1663,1663,0.9433333333333334,0.00998645168764533,request_rescan,0.165164
1664,1664,0.9433333333333334,0.00998645168764533,request_rescan,0.165259
1665,1665,0.9433333333333334,0.00998645168764533,discard,0.165354
1666,1666,0.9433333333333334,0.00998645168764533,discard,0.165448
1667,1667,0.9433333333333334,0.00998645168764533,request_rescan,0.165553
1668,1668,0.9433333333333334,0.00998645168764533,discard,0.165649
1669,1669,0.9433333333333334,0.00998645168764533,request_rescan,0.165744
1670,1670,0.9433333333333334,0.00998645168764533,discard,0.16584
1671,1671,0.9433333333333334,0.00998645168764533,discard,0.165934
1672,1672,0.9433333333333334,0.00998645168764533,request_rescan,0.166029
1673,1673,0.9433333333333334,0.00998645168764533,discard,0.166123
1674,1674,0.9433333333333334,0.00998645168764533,request_rescan,0.166218
1675,1675,0.9433333333333334,0.00998645168764533,request_rescan,0.166313
1676,1676,0.9433333333333334,0.00998645168764533,discard,0.166407
1677,1677,0.9433333333333334,0.00998645168764533,request_rescan,0.166506
1678,1678,0.9433333333333334,0.00998645168764533,request_rescan,0.166604
1679,1679,0.9433333333333334,0.00998645168764533,discard,0.166701
1680,1680,0.9433333333333334,0.00998645168764533,request_rescan,0.166796
1681,1681,0.9433333333333334,0.00998645168764533,request_rescan,0.16689
1682,1682,0.9433333333333334,0.00998645168764533,discard,0.166985
1683,1683,0.9433333333333334,0.00998645168764533,discard,0.167082
1684,1684,0.9433333333333334,0.00998645168764533,discard,0.167266
1685,1685,0.9433333333333334,0.00998645168764533,request_rescan,0.167376
1686,1686,0.9433333333333334,0.00998645168764533,discard,0.16748
1687,1687,0.9433333333333334,0.00998645168764533,discard,0.16758
1688,1688,0.9433333333333334,0.00998645168764533,request_rescan,0.167675
1689,1689,0.9433333333333334,0.00998645168764533,request_rescan,0.167771
1690,1690,0.9433333333333334,0.00998645168764533,request_rescan,0.167865
1691,1691,0.9433333333333334,0.00998645168764533,discard,0.167964
1692,1692,0.9433333333333334,0.00998645168764533,request_rescan,0.168058
1693,1693,0.9433333333333334,0.00998645168764533,request_rescan,0.168151
1694,1694,0.9433333333333334,0.00998645168764533,request_rescan,0.168251
1695,1695,0.9433333333333334,0.00998645168764533,request_rescan,0.168351
1696,1696,0.9433333333333334,0.00998645168764533,request_rescan,0.16845
1697,1697,0.9433333333333334,0.00998645168764533,request_rescan,0.168549
1698,1698,0.9433333333333334,0.00998645168764533,request_rescan,0.168643
1699,1699,0.9433333333333334,0.00998645168764533,request_rescan,0.168736
1700,1700,0.9433333333333334,0.00998645168764533,request_rescan,0.168831
1701,1701,0.9433333333333334,0.00998645168764533,discard,0.168961
1702,1702,0.9433333333333334,0.00998645168764533,discard,0.169054
1703,1703,0.9433333333333334,0.00998645168764533,request_rescan,0.16915
1704,1704,0.9433333333333334,0.00998645168764533,request_rescan,0.169247
1705,1705,0.9433333333333334,0.00998645168764533,discard,0.169342
1706,1706,0.9433333333333334,0.00998645168764533,discard,0.169434
1707,1707,0.9433333333333334,0.00998645168764533,request_rescan,0.169535
1708,1708,0.9433333333333334,0.00998645168764533,discard,0.169631
1709,1709,0.9433333333333334,0.00998645168764533,discard,0.169727
1710,1710,0.9433333333333334,0.00998645168764533,request_rescan,0.169822
1711,1711,0.9433333333333334,0.00998645168764533,discard,0.169913
1712,1712,0.9433333333333334,0.00998645168764533,request_rescan,0.170009
1713,1713,0.9433333333333334,0.00998645168764533,discard,0.170105
1714,1714,0.9433333333333334,0.00998645168764533,request_rescan,0.1702
1715,1715,0.9433333333333334,0.00998645168764533,discard,0.170295
1716,1716,0.9433333333333334,0.00998645168764533,discard,0.170391
1717,1717,0.9433333333333334,0.00998645168764533,request_rescan,0.170492
1718,1718,0.9433333333333334,0.00998645168764533,request_rescan,0.170591
1719,1719,0.9433333333333334,0.00998645168764533,discard,0.170688
1720,1720,0.9433333333333334,0.00998645168764533,discard,0.17078
1721,1721,0.9433333333333334,0.00998645168764533,request_rescan,0.170872
1722,1722,0.9433333333333334,0.00998645168764533,request_rescan,0.170967
1723,1723,0.9433333333333334,0.00998645168764533,request_rescan,0.171059
1724,1724,0.9433333333333334,0.00998645168764533,discard,0.171155
1725,1725,0.9433333333333334,0.00998645168764533,discard,0.171252
1726,1726,0.9433333333333334,0.00998645168764533,request_rescan,0.171348
1727,1727,0.9433333333333334,0.00998645168764533,discard,0.171444
1728,1728,0.9433333333333334,0.00998645168764533,request_rescan,0.171541
1729,1729,0.9433333333333334,0.00998645168764533,request_rescan,0.171636
1730,1730,0.9433333333333334,0.00998645168764533,discard,0.17173
1731,1731,0.9433333333333334,0.00998645168764533,request_rescan,0.171824
1732,1732,0.9433333333333334,0.00998645168764533,discard,0.171917
1733,1733,0.9433333333333334,0.00998645168764533,discard,0.172023
1734,1734,0.9433333333333334,0.00998645168764533,request_rescan,0.172127
1735,1735,0.9433333333333334,0.00998645168764533,discard,0.172223
1736,1736,0.9433333333333334,0.00998645168764533,request_rescan,0.172319
1737,1737,0.9433333333333334,0.00998645168764533,request_rescan,0.172412
1738,1738,0.9433333333333334,0.00998645168764533,request_rescan,0.172508
1739,1739,0.9433333333333334,0.00998645168764533,request_rescan,0.172604
1740,1740,0.9433333333333334,0.00998645168764533,discard,0.172701
1741,1741,0.9433333333333334,0.00998645168764533,discard,0.172795
1742,1742,0.9433333333333334,0.00998645168764533,discard,0.172891
1743,1743,0.9433333333333334,0.00998645168764533,request_rescan,0.172985
1744,1744,0.9433333333333334,0.00998645168764533,discard,0.173079
1745,1745,0.9433333333333334,0.00998645168764533,request_rescan,0.173174
1746,1746,0.9433333333333334,0.00998645168764533,request_rescan,0.173269
1747,1747,0.9433333333333334,0.00998645168764533,discard,0.173366
1748,1748,0.9433333333333334,0.00998645168764533,discard,0.173471
1749,1749,0.9433333333333334,0.00998645168764533,discard,0.173569
1750,1750,0.9433333333333334,0.00998645168764533,discard,0.173665
1751,1751,0.9433333333333334,0.00998645168764533,discard,0.17376
1752,1752,0.9433333333333334,0.00998645168764533,request_rescan,0.173855
1753,1753,0.9433333333333334,0.00998645168764533,discard,0.173948
1754,1754,0.9433333333333334,0.00998645168764533,request_rescan,0.174048
1755,1755,0.9433333333333334,0.00998645168764533,discard,0.17415
1756,1756,0.9433333333333334,0.00998645168764533,discard,0.174248
1757,1757,0.9433333333333334,0.00998645168764533,request_rescan,0.174349
1758,1758,0.9433333333333334,0.00998645168764533,request_rescan,0.174491
1759,1759,0.9433333333333334,0.00998645168764533,discard,0.174601
1760,1760,0.9433333333333334,0.00998645168764533,request_rescan,0.174701
1761,1761,0.9433333333333334,0.00998645168764533,request_rescan,0.174798
1762,1762,0.9433333333333334,0.00998645168764533,request_rescan,0.174894
1763,1763,0.9433333333333334,0.00998645168764533,discard,0.174988
1764,1764,0.9433333333333334,0.00998645168764533,discard,0.175085
1765,1765,0.9433333333333334,0.00998645168764533,request_rescan,0.175181
1766,1766,0.9433333333333334,0.00998645168764533,request_rescan,0.17528
1767,1767,0.9433333333333334,0.00998645168764533,request_rescan,0.175375
1768,1768,0.9433333333333334,0.00998645168764533,request_rescan,0.175474
1769,1769,0.9433333333333334,0.00998645168764533,request_rescan,0.175571
1770,1770,0.9433333333333334,0.00998645168764533,discard,0.175666
1771,1771,0.9433333333333334,0.00998645168764533,request_rescan,0.175761
1772,1772,0.9433333333333334,0.00998645168764533,request_rescan,0.175853
1773,1773,0.9433333333333334,0.00998645168764533,discard,0.175949
1774,1774,0.9433333333333334,0.00998645168764533,request_rescan,0.176043
1775,1775,0.9433333333333334,0.00998645168764533,request_rescan,0.176151
1776,1776,0.9433333333333334,0.00998645168764533,discard,0.176254
1777,1777,0.9433333333333334,0.00998645168764533,discard,0.176347
1778,1778,0.9433333333333334,0.00998645168764533,discard,0.176438
1779,1779,0.9433333333333334,0.00998645168764533,discard,0.176541
1780,1780,0.9433333333333334,0.00998645168764533,discard,0.176634
1781,1781,0.9433333333333334,0.00998645168764533,discard,0.176724
1782,1782,0.9433333333333334,0.00998645168764533,discard,0.176816
1783,1783,0.9433333333333334,0.00998645168764533,request_rescan,0.176911
1784,1784,0.9433333333333334,0.00998645168764533,request_rescan,0.177006
1785,1785,0.9433333333333334,0.00998645168764533,discard,0.177102
1786,1786,0.9433333333333334,0.00998645168764533,discard,0.177199
1787,1787,0.9433333333333334,0.00998645168764533,request_rescan,0.177291
1788,1788,0.9433333333333334,0.00998645168764533,discard,0.177392
1789,1789,0.9433333333333334,0.00998645168764533,request_rescan,0.177503
1790,1790,0.9433333333333334,0.00998645168764533,discard,0.177605
1791,1791,0.9433333333333334,0.00998645168764533,discard,0.1777
1792,1792,0.9433333333333334,0.00998645168764533,discard,0.177794
1793,1793,0.9433333333333334,0.00998645168764533,request_rescan,0.177889
1794,1794,0.9433333333333334,0.00998645168764533,request_rescan,0.177985
1795,1795,0.9433333333333334,0.00998645168764533,discard,0.178079
1796,1796,0.9433333333333334,0.00998645168764533,request_rescan,0.178173
1797,1797,0.9433333333333334,0.00998645168764533,discard,0.178267
1798,1798,0.9433333333333334,0.00998645168764533,discard,0.178361
1799,1799,0.9433333333333334,0.00998645168764533,discard,0.178457
1800,1800,0.9433333333333334,0.00998645168764533,discard,0.178549
1801,1801,0.9433333333333334,0.00998645168764533,discard,0.178679
1802,1802,0.9433333333333334,0.00998645168764533,discard,0.178774
1803,1803,0.9433333333333334,0.00998645168764533,discard,0.178894
1804,1804,0.9433333333333334,0.00998645168764533,discard,0.178985
1805,1805,0.9433333333333334,0.00998645168764533,discard,0.179081
1806,1806,0.9433333333333334,0.00998645168764533,discard,0.179177
1807,1807,0.9433333333333334,0.00998645168764533,discard,0.179285
1808,1808,0.9433333333333334,0.00998645168764533,request_rescan,0.179386
1809,1809,0.9433333333333334,0.00998645168764533,request_rescan,0.179486
1810,1810,0.9433333333333334,0.00998645168764533,request_rescan,0.179596
1811,1811,0.9433333333333334,0.00998645168764533,discard,0.179703
1812,1812,0.9433333333333334,0.00998645168764533,request_rescan,0.17981
1813,1813,0.9433333333333334,0.00998645168764533,discard,0.179931
1814,1814,0.9433333333333334,0.00998645168764533,request_rescan,0.180029
1815,1815,0.9433333333333334,0.00998645168764533,discard,0.180126
1816,1816,0.9433333333333334,0.00998645168764533,request_rescan,0.180222
1817,1817,0.9433333333333334,0.00998645168764533,discard,0.180314
1818,1818,0.9433333333333334,0.00998645168764533,discard,0.180407
1819,1819,0.9433333333333334,0.00998645168764533,request_rescan,0.180505
1820,1820,0.9433333333333334,0.00998645168764533,discard,0.180596
1821,1821,0.9433333333333334,0.00998645168764533,request_rescan,0.180697
1822,1822,0.9433333333333334,0.00998645168764533,discard,0.180798
1823,1823,0.9433333333333334,0.00998645168764533,request_rescan,0.180895
1824,1824,0.9433333333333334,0.00998645168764533,discard,0.180989
1825,1825,0.9433333333333334,0.00998645168764533,discard,0.181092
1826,1826,0.9433333333333334,0.00998645168764533,discard,0.18119
1827,1827,0.9433333333333334,0.00998645168764533,discard,0.181286
1828,1828,0.9433333333333334,0.00998645168764533,discard,0.181379
1829,1829,0.9433333333333334,0.00998645168764533,request_rescan,0.181476
1830,1830,0.9433333333333334,0.00998645168764533,request_rescan,0.181571
1831,1831,0.9433333333333334,0.00998645168764533,discard,0.181664
1832,1832,0.9433333333333334,0.00998645168764533,request_rescan,0.181774
1833,1833,0.9433333333333334,0.00998645168764533,discard,0.181876
1834,1834,0.9433333333333334,0.00998645168764533,discard,0.181971
1835,1835,0.9433333333333334,0.00998645168764533,request_rescan,0.182066
1836,1836,0.9433333333333334,0.00998645168764533,discard,0.182165
1837,1837,0.9433333333333334,0.00998645168764533,request_rescan,0.182263
1838,1838,0.9433333333333334,0.00998645168764533,request_rescan,0.182361
1839,1839,0.9433333333333334,0.00998645168764533,request_rescan,0.182472
1840,1840,0.9433333333333334,0.00998645168764533,discard,0.182569
1841,1841,0.9433333333333334,0.00998645168764533,discard,0.182665
1842,1842,0.9433333333333334,0.00998645168764533,request_rescan,0.182761
1843,1843,0.9433333333333334,0.00998645168764533,discard,0.182862
1844,1844,0.9433333333333334,0.00998645168764533,request_rescan,0.182956
1845,1845,0.9433333333333334,0.00998645168764533,discard,0.183054
1846,1846,0.9433333333333334,0.00998645168764533,discard,0.183152
1847,1847,0.9433333333333334,0.00998645168764533,discard,0.183248
1848,1848,0.9433333333333334,0.00998645168764533,request_rescan,0.183341
1849,1849,0.9433333333333334,0.00998645168764533,request_rescan,0.183434
1850,1850,0.9433333333333334,0.00998645168764533,discard,0.183532
1851,1851,0.9433333333333334,0.00998645168764533,request_rescan,0.183627
1852,1852,0.9433333333333334,0.00998645168764533,discard,0.183722
1853,1853,0.9433333333333334,0.00998645168764533,discard,0.183817
1854,1854,0.9433333333333334,0.00998645168764533,request_rescan,0.183913
1855,1855,0.9433333333333334,0.00998645168764533,discard,0.184006
1856,1856,0.9433333333333334,0.00998645168764533,discard,0.184098
1857,1857,0.9433333333333334,0.00998645168764533,discard,0.184194
1858,1858,0.9433333333333334,0.00998645168764533,request_rescan,0.184288
1859,1859,0.9433333333333334,0.00998645168764533,request_rescan,0.184382
1860,1860,0.9433333333333334,0.00998645168764533,request_rescan,0.184479
1861,1861,0.9433333333333334,0.00998645168764533,discard,0.184571
1862,1862,0.9433333333333334,0.00998645168764533,discard,0.184663
1863,1863,0.9433333333333334,0.00998645168764533,discard,0.184762
1864,1864,0.9433333333333334,0.00998645168764533,discard,0.184853
1865,1865,0.9433333333333334,0.00998645168764533,discard,0.184948
1866,1866,0.9433333333333334,0.00998645168764533,discard,0.185039
1867,1867,0.9433333333333334,0.00998645168764533,request_rescan,0.185134
1868,1868,0.9433333333333334,0.00998645168764533,request_rescan,0.185227
1869,1869,0.9433333333333334,0.00998645168764533,request_rescan,0.185322
1870,1870,0.9433333333333334,0.00998645168764533,request_rescan,0.185416
1871,1871,0.9433333333333334,0.00998645168764533,request_rescan,0.185517
1872,1872,0.9433333333333334,0.00998645168764533,discard,0.185622
1873,1873,0.9433333333333334,0.00998645168764533,discard,0.185719
1874,1874,0.9433333333333334,0.00998645168764533,request_rescan,0.185817
1875,1875,0.9433333333333334,0.00998645168764533,request_rescan,0.185916
1876,1876,0.9433333333333334,0.00998645168764533,request_rescan,0.186024
1877,1877,0.9433333333333334,0.00998645168764533,request_rescan,0.186136
1878,1878,0.9433333333333334,0.00998645168764533,request_rescan,0.18623
1879,1879,0.9433333333333334,0.00998645168764533,discard,0.186328
1880,1880,0.9433333333333334,0.00998645168764533,request_rescan,0.186424
1881,1881,0.9433333333333334,0.00998645168764533,request_rescan,0.186521
1882,1882,0.9433333333333334,0.00998645168764533,discard,0.186615
1883,1883,0.9433333333333334,0.00998645168764533,request_rescan,0.186709
1884,1884,0.9433333333333334,0.00998645168764533,discard,0.186803
1885,1885,0.9433333333333334,0.00998645168764533,request_rescan,0.186896
1886,1886,0.9433333333333334,0.00998645168764533,discard,0.186996
1887,1887,0.9433333333333334,0.00998645168764533,discard,0.187097
1888,1888,0.9433333333333334,0.00998645168764533,discard,0.187194
1889,1889,0.9433333333333334,0.00998645168764533,request_rescan,0.187291
1890,1890,0.9433333333333334,0.00998645168764533,request_rescan,0.187387
1891,1891,0.9433333333333334,0.00998645168764533,discard,0.187488
1892,1892,0.76,0.00998645168764533,request_rescan,0.187588
1893,1893,0.9433333333333334,0.00998645168764533,discard,0.18769
1894,1894,0.9433333333333334,0.00998645168764533,request_rescan,0.187791
1895,1895,0.9433333333333334,0.00998645168764533,request_rescan,0.187888
1896,1896,0.9433333333333334,0.00998645168764533,discard,0.187987
1897,1897,0.9433333333333334,0.00998645168764533,request_rescan,0.188081
1898,1898,0.9433333333333334,0.00998645168764533,discard,0.188178
1899,1899,0.9433333333333334,0.00998645168764533,discard,0.18827
1900,1900,0.9433333333333334,0.00998645168764533,request_rescan,0.188362
1901,1901,0.9433333333333334,0.00998645168764533,discard,0.188517
1902,1902,0.9433333333333334,0.00998645168764533,discard,0.188625
1903,1903,0.9433333333333334,0.00998645168764533,discard,0.188726
1904,1904,0.9433333333333334,0.00998645168764533,request_rescan,0.188823
1905,1905,0.9433333333333334,0.00998645168764533,discard,0.188934
1906,1906,0.9433333333333334,0.00998645168764533,request_rescan,0.189049
1907,1907,0.9433333333333334,0.00998645168764533,discard,0.189147
1908,1908,0.9433333333333334,0.00998645168764533,request_rescan,0.189245
1909,1909,0.9433333333333334,0.00998645168764533,discard,0.189342
1910,1910,0.9433333333333334,0.00998645168764533,discard,0.189437
1911,1911,0.9433333333333334,0.00998645168764533,request_rescan,0.189544
1912,1912,0.9433333333333334,0.00998645168764533,discard,0.189644
1913,1913,0.9433333333333334,0.00998645168764533,request_rescan,0.189743
1914,1914,0.9433333333333334,0.00998645168764533,request_rescan,0.18984
1915,1915,0.76,0.00998645168764533,discard,0.189937
1916,1916,0.9433333333333334,0.00998645168764533,request_rescan,0.190032
1917,1917,0.9433333333333334,0.00998645168764533,discard,0.190127
1918,1918,0.9433333333333334,0.00998645168764533,request_rescan,0.190221
1919,1919,0.9433333333333334,0.00998645168764533,discard,0.190316
1920,1920,0.9433333333333334,0.00998645168764533,discard,0.190411
1921,1921,0.9433333333333334,0.00998645168764533,discard,0.190508
1922,1922,0.9433333333333334,0.00998645168764533,request_rescan,0.190607
1923,1923,0.9433333333333334,0.00998645168764533,request_rescan,0.190703
1924,1924,0.9433333333333334,0.00998645168764533,request_rescan,0.190797
1925,1925,0.9433333333333334,0.00998645168764533,discard,0.190893
1926,1926,0.9433333333333334,0.00998645168764533,discard,0.190986
1927,1927,0.9433333333333334,0.00998645168764533,request_rescan,0.191163
1928,1928,0.9433333333333334,0.00998645168764533,request_rescan,0.191297
1929,1929,0.9433333333333334,0.00998645168764533,discard,0.191403
1930,1930,0.9433333333333334,0.00998645168764533,request_rescan,0.191507
1931,1931,0.9433333333333334,0.00998645168764533,request_rescan,0.191604
1932,1932,0.9433333333333334,0.00998645168764533,request_rescan,0.191701
1933,1933,0.9433333333333334,0.00998645168764533,request_rescan,0.191796
1934,1934,0.9433333333333334,0.00998645168764533,discard,0.191896
1935,1935,0.9433333333333334,0.00998645168764533,discard,0.192
1936,1936,0.9433333333333334,0.00998645168764533,request_rescan,0.192099
1937,1937,0.9433333333333334,0.00998645168764533,request_rescan,0.192195
1938,1938,0.9433333333333334,0.00998645168764533,request_rescan,0.192292
1939,1939,0.9433333333333334,0.00998645168764533,request_rescan,0.192387
1940,1940,0.9433333333333334,0.00998645168764533,discard,0.192488
1941,1941,0.9433333333333334,0.00998645168764533,request_rescan,0.192603
1942,1942,0.9433333333333334,0.00998645168764533,request_rescan,0.192726
1943,1943,0.9433333333333334,0.00998645168764533,request_rescan,0.192821
1944,1944,0.9433333333333334,0.00998645168764533,discard,0.192919
1945,1945,0.9433333333333334,0.00998645168764533,discard,0.193016
1946,1946,0.9433333333333334,0.00998645168764533,discard,0.193109
1947,1947,0.9433333333333334,0.00998645168764533,discard,0.193205
1948,1948,0.9433333333333334,0.00998645168764533,request_rescan,0.1933
1949,1949,0.9433333333333334,0.00998645168764533,request_rescan,0.193403
1950,1950,0.9433333333333334,0.00998645168764533,request_rescan,0.193509
1951,1951,0.9433333333333334,0.00998645168764533,discard,0.193606
1952,1952,0.9433333333333334,0.00998645168764533,request_rescan,0.193705
1953,1953,0.9433333333333334,0.00998645168764533,request_rescan,0.193805
1954,1954,0.9433333333333334,0.00998645168764533,request_rescan,0.193901
1955,1955,0.9433333333333334,0.00998645168764533,discard,0.193998
1956,1956,0.9433333333333334,0.00998645168764533,request_rescan,0.194093
1957,1957,0.9433333333333334,0.00998645168764533,request_rescan,0.194188
1958,1958,0.9433333333333334,0.00998645168764533,discard,0.194281
1959,1959,0.9433333333333334,0.00998645168764533,discard,0.194376
1960,1960,0.9433333333333334,0.00998645168764533,discard,0.194486
1961,1961,0.9433333333333334,0.00998645168764533,request_rescan,0.194594
1962,1962,0.9433333333333334,0.00998645168764533,request_rescan,0.194689
1963,1963,0.9433333333333334,0.00998645168764533,discard,0.194783
1964,1964,0.9433333333333334,0.00998645168764533,discard,0.194875
1965,1965,0.9433333333333334,0.00998645168764533,request_rescan,0.194971
1966,1966,0.9433333333333334,0.00998645168764533,discard,0.195074
1967,1967,0.9433333333333334,0.00998645168764533,request_rescan,0.195174
1968,1968,0.9433333333333334,0.00998645168764533,request_rescan,0.195271
1969,1969,0.9433333333333334,0.00998645168764533,discard,0.195394
1970,1970,0.9433333333333334,0.00998645168764533,discard,0.195496
1971,1971,0.9433333333333334,0.00998645168764533,discard,0.195593
1972,1972,0.9433333333333334,0.00998645168764533,request_rescan,0.195692
1973,1973,0.9433333333333334,0.00998645168764533,request_rescan,0.195805
1974,1974,0.9433333333333334,0.00998645168764533,discard,0.195904
1975,1975,0.9433333333333334,0.00998645168764533,request_rescan,0.196003
1976,1976,0.9433333333333334,0.00998645168764533,discard,0.196113
1977,1977,0.9433333333333334,0.00998645168764533,request_rescan,0.19621
1978,1978,0.9433333333333334,0.00998645168764533,discard,0.196304
1979,1979,0.9433333333333334,0.00998645168764533,discard,0.196396
1980,1980,0.9433333333333334,0.00998645168764533,discard,0.196497
1981,1981,0.9433333333333334,0.00998645168764533,request_rescan,0.196594
1982,1982,0.9433333333333334,0.00998645168764533,discard,0.196692
1983,1983,0.9433333333333334,0.00998645168764533,discard,0.196786
1984,1984,0.9433333333333334,0.00998645168764533,request_rescan,0.196881
1985,1985,0.9433333333333334,0.00998645168764533,request_rescan,0.196975
1986,1986,0.9433333333333334,0.00998645168764533,request_rescan,0.19707
1987,1987,0.9433333333333334,0.00998645168764533,discard,0.197167
1988,1988,0.9433333333333334,0.00998645168764533,request_rescan,0.197261
1989,1989,0.9433333333333334,0.00998645168764533,discard,0.197356
1990,1990,0.9433333333333334,0.00998645168764533,request_rescan,0.197451
1991,1991,0.9433333333333334,0.00998645168764533,request_rescan,0.197549
1992,1992,0.9433333333333334,0.00998645168764533,request_rescan,0.197642
1993,1993,0.9433333333333334,0.00998645168764533,discard,0.197739
1994,1994,0.9433333333333334,0.00998645168764533,discard,0.19783
1995,1995,0.9433333333333334,0.00998645168764533,discard,0.197943
1996,1996,0.9433333333333334,0.00998645168764533,request_rescan,0.198039
1997,1997,0.9433333333333334,0.00998645168764533,request_rescan,0.198135
1998,1998,0.9433333333333334,0.00998645168764533,request_rescan,0.198233
1999,1999,0.9433333333333334,0.00998645168764533,request_rescan,0.198328
2000,2000,0.9433333333333334,0.00998645168764533,request_rescan,0.198425
2001,2001,0.9433333333333334,0.00998645168764533,request_rescan,0.198619
2002,2002,0.9433333333333334,0.00998645168764533,request_rescan,0.19873
2003,2003,0.9433333333333334,0.00998645168764533,request_rescan,0.198834
2004,2004,0.9433333333333334,0.00998645168764533,discard,0.198937
2005,2005,0.9433333333333334,0.00998645168764533,discard,0.199034
2006,2006,0.9433333333333334,0.00998645168764533,discard,0.199129
2007,2007,0.9433333333333334,0.00998645168764533,discard,0.199228
2008,2008,0.9433333333333334,0.00998645168764533,discard,0.199339
2009,2009,0.9433333333333334,0.00998645168764533,discard,0.199484
2010,2010,0.9433333333333334,0.00998645168764533,discard,0.1996
2011,2011,0.9433333333333334,0.00998645168764533,discard,0.199702
2012,2012,0.9433333333333334,0.00998645168764533,discard,0.199799
2013,2013,0.9433333333333334,0.00998645168764533,request_rescan,0.199896
2014,2014,0.9433333333333334,0.00998645168764533,discard,0.19999
2015,2015,0.9433333333333334,0.00998645168764533,discard,0.200094
2016,2016,0.9433333333333334,0.00998645168764533,discard,0.200194
2017,2017,0.9433333333333334,0.00998645168764533,discard,0.20029
2018,2018,0.9433333333333334,0.00998645168764533,discard,0.200383
2019,2019,0.9433333333333334,0.00998645168764533,request_rescan,0.20049
2020,2020,0.9433333333333334,0.00998645168764533,request_rescan,0.200605
2021,2021,0.9433333333333334,0.00998645168764533,request_rescan,0.200703
2022,2022,0.9433333333333334,0.00998645168764533,discard,0.200802
2023,2023,0.9433333333333334,0.00998645168764533,discard,0.200897
2024,2024,0.9433333333333334,0.00998645168764533,discard,0.201003
2025,2025,0.9433333333333334,0.00998645168764533,request_rescan,0.201109
2026,2026,0.9433333333333334,0.00998645168764533,discard,0.201206
2027,2027,0.9433333333333334,0.00998645168764533,discard,0.201303
2028,2028,0.9433333333333334,0.00998645168764533,discard,0.201402
2029,2029,0.9433333333333334,0.00998645168764533,discard,0.201499
2030,2030,0.9433333333333334,0.00998645168764533,request_rescan,0.201595
2031,2031,0.9433333333333334,0.00998645168764533,request_rescan,0.201691
2032,2032,0.9433333333333334,0.00998645168764533,discard,0.20179
2033,2033,0.9433333333333334,0.00998645168764533,discard,0.201887
2034,2034,0.9433333333333334,0.00998645168764533,request_rescan,0.201985
2035,2035,0.9433333333333334,0.00998645168764533,discard,0.202079
2036,2036,0.9433333333333334,0.00998645168764533,request_rescan,0.202174
2037,2037,0.9433333333333334,0.00998645168764533,discard,0.202266
2038,2038,0.9433333333333334,0.00998645168764533,discard,0.202364
2039,2039,0.9433333333333334,0.00998645168764533,discard,0.20246
2040,2040,0.9433333333333334,0.00998645168764533,request_rescan,0.202559
2041,2041,0.9433333333333334,0.00998645168764533,request_rescan,0.202654
2042,2042,0.9433333333333334,0.00998645168764533,discard,0.202747
2043,2043,0.9433333333333334,0.00998645168764533,request_rescan,0.202842
2044,2044,0.9433333333333334,0.00998645168764533,discard,0.202935
2045,2045,0.9433333333333334,0.00998645168764533,discard,0.203035
2046,2046,0.9433333333333334,0.00998645168764533,request_rescan,0.203131
2047,2047,0.9433333333333334,0.00998645168764533,discard,0.20323
2048,2048,0.9433333333333334,0.00998645168764533,request_rescan,0.203329
2049,2049,0.9433333333333334,0.00998645168764533,request_rescan,0.203427
2050,2050,0.9433333333333334,0.00998645168764533,discard,0.203532
2051,2051,0.9433333333333334,0.00998645168764533,request_rescan,0.20363
2052,2052,0.9433333333333334,0.00998645168764533,discard,0.203725
2053,2053,0.9433333333333334,0.00998645168764533,discard,0.203821
2054,2054,0.9433333333333334,0.00998645168764533,discard,0.203918
2055,2055,0.9433333333333334,0.00998645168764533,request_rescan,0.204012
2056,2056,0.9433333333333334,0.00998645168764533,discard,0.20411
2057,2057,0.9433333333333334,0.00998645168764533,request_rescan,0.20421
2058,2058,0.9433333333333334,0.00998645168764533,request_rescan,0.204306
2059,2059,0.9433333333333334,0.00998645168764533,request_rescan,0.204401
2060,2060,0.9433333333333334,0.00998645168764533,discard,0.204501
2061,2061,0.9433333333333334,0.00998645168764533,request_rescan,0.204596
2062,2062,0.9433333333333334,0.00998645168764533,discard,0.204691
2063,2063,0.9433333333333334,0.00998645168764533,discard,0.204785
2064,2064,0.9433333333333334,0.00998645168764533,discard,0.204881
2065,2065,0.9433333333333334,0.00998645168764533,request_rescan,0.204978
2066,2066,0.9433333333333334,0.00998645168764533,request_rescan,0.205078
2067,2067,0.9433333333333334,0.00998645168764533,discard,0.20518
2068,2068,0.9433333333333334,0.00998645168764533,discard,0.205278
2069,2069,0.9433333333333334,0.00998645168764533,discard,0.205373
2070,2070,0.9433333333333334,0.00998645168764533,request_rescan,0.20547
2071,2071,0.9433333333333334,0.00998645168764533,request_rescan,0.205573
2072,2072,0.9433333333333334,0.00998645168764533,discard,0.205673
2073,2073,0.9433333333333334,0.00998645168764533,request_rescan,0.205773
2074,2074,0.9433333333333334,0.00998645168764533,discard,0.205871
2075,2075,0.9433333333333334,0.00998645168764533,discard,0.205965
2076,2076,0.9433333333333334,0.00998645168764533,request_rescan,0.206061
2077,2077,0.9433333333333334,0.00998645168764533,request_rescan,0.206159
2078,2078,0.9433333333333334,0.00998645168764533,request_rescan,0.206262
2079,2079,0.9433333333333334,0.00998645168764533,discard,0.206361
2080,2080,0.9433333333333334,0.00998645168764533,request_rescan,0.206461
2081,2081,0.9433333333333334,0.00998645168764533,discard,0.206562
2082,2082,0.9433333333333334,0.00998645168764533,discard,0.20666
2083,2083,0.9433333333333334,0.00998645168764533,request_rescan,0.206758
2084,2084,0.9433333333333334,0.00998645168764533,discard,0.206858
2085,2085,0.9433333333333334,0.00998645168764533,request_rescan,0.206953
2086,2086,0.9433333333333334,0.00998645168764533,discard,0.207065
2087,2087,0.9433333333333334,0.00998645168764533,request_rescan,0.207185
2088,2088,0.9433333333333334,0.00998645168764533,request_rescan,0.207279
2089,2089,0.9433333333333334,0.00998645168764533,request_rescan,0.207374
2090,2090,0.9433333333333334,0.00998645168764533,discard,0.207473
2091,2091,0.9433333333333334,0.00998645168764533,request_rescan,0.207567
2092,2092,0.9433333333333334,0.00998645168764533,discard,0.207665
2093,2093,0.9433333333333334,0.00998645168764533,discard,0.2078
2094,2094,0.9433333333333334,0.00998645168764533,discard,0.207896
2095,2095,0.9433333333333334,0.00998645168764533,request_rescan,0.207991
2096,2096,0.9433333333333334,0.00998645168764533,discard,0.20809
2097,2097,0.9433333333333334,0.00998645168764533,request_rescan,0.208188
2098,2098,0.9433333333333334,0.00998645168764533,request_rescan,0.208285
2099,2099,0.9433333333333334,0.00998645168764533,discard,0.20838
2100,2100,0.9433333333333334,0.00998645168764533,discard,0.208476
2101,2101,0.9433333333333334,0.00998645168764533,discard,0.208606
2102,2102,0.9433333333333334,0.00998645168764533,request_rescan,0.208702
2103,2103,0.9433333333333334,0.00998645168764533,request_rescan,0.208797
2104,2104,0.9433333333333334,0.00998645168764533,request_rescan,0.208892
2105,2105,0.9433333333333334,0.00998645168764533,request_rescan,0.208987
2106,2106,0.9433333333333334,0.00998645168764533,request_rescan,0.209088
2107,2107,0.9433333333333334,0.00998645168764533,request_rescan,0.209183
2108,2108,0.9433333333333334,0.00998645168764533,request_rescan,0.209279
2109,2109,0.9433333333333334,0.00998645168764533,discard,0.209377
2110,2110,0.9433333333333334,0.00998645168764533,discard,0.209475
2111,2111,0.9433333333333334,0.00998645168764533,discard,0.209574
2112,2112,0.9433333333333334,0.00998645168764533,request_rescan,0.209672
2113,2113,0.9433333333333334,0.00998645168764533,request_rescan,0.209768
2114,2114,0.9433333333333334,0.00998645168764533,discard,0.209864
2115,2115,0.9433333333333334,0.00998645168764533,request_rescan,0.209961
2116,2116,0.9433333333333334,0.00998645168764533,discard,0.210059
2117,2117,0.9433333333333334,0.00998645168764533,discard,0.210151
2118,2118,0.9433333333333334,0.00998645168764533,discard,0.21025
2119,2119,0.9433333333333334,0.00998645168764533,request_rescan,0.210346
2120,2120,0.9433333333333334,0.00998645168764533,request_rescan,0.21044
2121,2121,0.9433333333333334,0.00998645168764533,request_rescan,0.210539
2122,2122,0.9433333333333334,0.00998645168764533,discard,0.210633
2123,2123,0.9433333333333334,0.00998645168764533,request_rescan,0.210727
2124,2124,0.9433333333333334,0.00998645168764533,discard,0.210821
2125,2125,0.9433333333333334,0.00998645168764533,request_rescan,0.210919
2126,2126,0.9433333333333334,0.00998645168764533,discard,0.211017
2127,2127,0.9433333333333334,0.00998645168764533,discard,0.211117
2128,2128,0.9433333333333334,0.00998645168764533,discard,0.211211
2129,2129,0.9433333333333334,0.00998645168764533,request_rescan,0.211309
2130,2130,0.9433333333333334,0.00998645168764533,request_rescan,0.211404
2131,2131,0.9433333333333334,0.00998645168764533,request_rescan,0.211504
2132,2132,0.9433333333333334,0.00998645168764533,discard,0.211605
2133,2133,0.9433333333333334,0.00998645168764533,discard,0.211703
2134,2134,0.9433333333333334,0.00998645168764533,discard,0.2118
2135,2135,0.9433333333333334,0.00998645168764533,request_rescan,0.211897
2136,2136,0.9433333333333334,0.00998645168764533,discard,0.212016
2137,2137,0.9433333333333334,0.00998645168764533,discard,0.212113
2138,2138,0.9433333333333334,0.00998645168764533,request_rescan,0.212224
2139,2139,0.9433333333333334,0.00998645168764533,request_rescan,0.212344
2140,2140,0.9433333333333334,0.00998645168764533,request_rescan,0.212453
2141,2141,0.9433333333333334,0.00998645168764533,request_rescan,0.212565
2142,2142,0.9433333333333334,0.00998645168764533,discard,0.212664
2143,2143,0.9433333333333334,0.00998645168764533,discard,0.212772
2144,2144,0.9433333333333334,0.00998645168764533,discard,0.212872
2145,2145,0.9433333333333334,0.00998645168764533,request_rescan,0.21297
2146,2146,0.9433333333333334,0.00998645168764533,request_rescan,0.213067
2147,2147,0.9433333333333334,0.00998645168764533,discard,0.213169
2148,2148,0.9433333333333334,0.00998645168764533,discard,0.213267
2149,2149,0.9433333333333334,0.00998645168764533,discard,0.213366
2150,2150,0.9433333333333334,0.00998645168764533,request_rescan,0.213469
2151,2151,0.9433333333333334,0.00998645168764533,discard,0.213567
2152,2152,0.9433333333333334,0.00998645168764533,discard,0.213662
2153,2153,0.9433333333333334,0.00998645168764533,request_rescan,0.213757
2154,2154,0.9433333333333334,0.00998645168764533,request_rescan,0.213851
2155,2155,0.9433333333333334,0.00998645168764533,request_rescan,0.213947
2156,2156,0.9433333333333334,0.00998645168764533,discard,0.214043
2157,2157,0.9433333333333334,0.00998645168764533,request_rescan,0.21414
2158,2158,0.9433333333333334,0.00998645168764533,request_rescan,0.214235
2159,2159,0.9433333333333334,0.00998645168764533,discard,0.214333
2160,2160,0.9433333333333334,0.00998645168764533,request_rescan,0.214429
2161,2161,0.9433333333333334,0.00998645168764533,discard,0.214528
2162,2162,0.9433333333333334,0.00998645168764533,discard,0.214626
2163,2163,0.9433333333333334,0.00998645168764533,discard,0.214721
2164,2164,0.9433333333333334,0.00998645168764533,request_rescan,0.214817
2165,2165,0.9433333333333334,0.00998645168764533,discard,0.214914
2166,2166,0.9433333333333334,0.00998645168764533,discard,0.215024
2167,2167,0.9433333333333334,0.00998645168764533,request_rescan,0.215131
2168,2168,0.9433333333333334,0.00998645168764533,discard,0.215231
2169,2169,0.9433333333333334,0.00998645168764533,request_rescan,0.215329
2170,2170,0.9433333333333334,0.00998645168764533,request_rescan,0.215423
2171,2171,0.9433333333333334,0.00998645168764533,discard,0.215524
2172,2172,0.9433333333333334,0.00998645168764533,discard,0.215618
2173,2173,0.9433333333333334,0.00998645168764533,discard,0.21571
2174,2174,0.9433333333333334,0.00998645168764533,discard,0.215805
2175,2175,0.9433333333333334,0.00998645168764533,discard,0.215898
2176,2176,0.9433333333333334,0.00998645168764533,discard,0.215994
2177,2177,0.9433333333333334,0.00998645168764533,request_rescan,0.216089
2178,2178,0.9433333333333334,0.00998645168764533,request_rescan,0.216184
2179,2179,0.9433333333333334,0.00998645168764533,request_rescan,0.216278
2180,2180,0.9433333333333334,0.00998645168764533,discard,0.216377
2181,2181,0.9433333333333334,0.00998645168764533,discard,0.216478
2182,2182,0.9433333333333334,0.00998645168764533,request_rescan,0.216573
2183,2183,0.9433333333333334,0.00998645168764533,request_rescan,0.216669
2184,2184,0.9433333333333334,0.00998645168764533,discard,0.216778
2185,2185,0.9433333333333334,0.00998645168764533,request_rescan,0.216902
2186,2186,0.9433333333333334,0.00998645168764533,discard,0.217001
2187,2187,0.9433333333333334,0.00998645168764533,request_rescan,0.217098
2188,2188,0.9433333333333334,0.00998645168764533,discard,0.217194
2189,2189,0.9433333333333334,0.00998645168764533,discard,0.217287
2190,2190,0.9433333333333334,0.00998645168764533,discard,0.217381
2191,2191,0.9433333333333334,0.00998645168764533,discard,0.217478
2192,2192,0.9433333333333334,0.00998645168764533,discard,0.217575
2193,2193,0.9433333333333334,0.00998645168764533,discard,0.217673
2194,2194,0.9433333333333334,0.00998645168764533,discard,0.217766
2195,2195,0.9433333333333334,0.00998645168764533,discard,0.21786
2196,2196,0.9433333333333334,0.00998645168764533,request_rescan,0.217957
2197,2197,0.9433333333333334,0.00998645168764533,request_rescan,0.218053
2198,2198,0.9433333333333334,0.00998645168764533,request_rescan,0.218146
2199,2199,0.9433333333333334,0.00998645168764533,request_rescan,0.21824
2200,2200,0.9433333333333334,0.00998645168764533,discard,0.218336
2201,2201,0.9433333333333334,0.00998645168764533,request_rescan,0.218488
2202,2202,0.9433333333333334,0.00998645168764533,discard,0.218596
2203,2203,0.9433333333333334,0.00998645168764533,discard,0.218701
2204,2204,0.9433333333333334,0.00998645168764533,request_rescan,0.218801
2205,2205,0.9433333333333334,0.00998645168764533,discard,0.2189
2206,2206,0.9433333333333334,0.00998645168764533,discard,0.218994
2207,2207,0.9433333333333334,0.00998645168764533,discard,0.219101
2208,2208,0.9433333333333334,0.00998645168764533,request_rescan,0.219202
2209,2209,0.9433333333333334,0.00998645168764533,request_rescan,0.219297
2210,2210,0.9433333333333334,0.00998645168764533,request_rescan,0.219395
2211,2211,0.9433333333333334,0.00998645168764533,request_rescan,0.219495
2212,2212,0.9433333333333334,0.00998645168764533,discard,0.219596
2213,2213,0.9433333333333334,0.00998645168764533,request_rescan,0.219696
2214,2214,0.6633333333333333,0.00998645168764533,log_and_continue,0.2198
2215,2215,0.9433333333333334,0.00998645168764533,discard,0.219897
2216,2216,0.9433333333333334,0.00998645168764533,request_rescan,0.219992
2217,2217,0.9433333333333334,0.00998645168764533,discard,0.220089
2218,2218,0.9433333333333334,0.00998645168764533,request_rescan,0.220187
2219,2219,0.9433333333333334,0.00998645168764533,discard,0.220284
2220,2220,0.9433333333333334,0.00998645168764533,request_rescan,0.220379
2221,2221,0.9433333333333334,0.00998645168764533,request_rescan,0.220477
2222,2222,0.9433333333333334,0.00998645168764533,request_rescan,0.220572
2223,2223,0.9433333333333334,0.00998645168764533,request_rescan,0.22067
2224,2224,0.9433333333333334,0.00998645168764533,request_rescan,0.220771
2225,2225,0.9433333333333334,0.00998645168764533,request_rescan,0.220872
2226,2226,0.9433333333333334,0.00998645168764533,discard,0.220972
2227,2227,0.9433333333333334,0.00998645168764533,discard,0.221069
2228,2228,0.9433333333333334,0.00998645168764533,discard,0.221164
2229,2229,0.9433333333333334,0.00998645168764533,request_rescan,0.22126
2230,2230,0.9433333333333334,0.00998645168764533,request_rescan,0.221354
2231,2231,0.9433333333333334,0.00998645168764533,discard,0.22145
2232,2232,0.9433333333333334,0.00998645168764533,discard,0.221558
2233,2233,0.9433333333333334,0.00998645168764533,discard,0.221657
2234,2234,0.9433333333333334,0.00998645168764533,request_rescan,0.221755
2235,2235,0.9433333333333334,0.00998645168764533,request_rescan,0.221851
2236,2236,0.9433333333333334,0.00998645168764533,request_rescan,0.221946
2237,2237,0.9433333333333334,0.00998645168764533,discard,0.222038
2238,2238,0.9433333333333334,0.00998645168764533,request_rescan,0.222137
2239,2239,0.9433333333333334,0.00998645168764533,request_rescan,0.222233
2240,2240,0.9433333333333334,0.00998645168764533,discard,0.222326
2241,2241,0.9433333333333334,0.00998645168764533,request_rescan,0.222423
2242,2242,0.9433333333333334,0.00998645168764533,request_rescan,0.222522
2243,2243,0.9433333333333334,0.00998645168764533,request_rescan,0.222616
2244,2244,0.9433333333333334,0.00998645168764533,discard,0.222711
2245,2245,0.9433333333333334,0.00998645168764533,discard,0.222809
2246,2246,0.9433333333333334,0.00998645168764533,request_rescan,0.222908
2247,2247,0.9433333333333334,0.00998645168764533,request_rescan,0.223004
2248,2248,0.9433333333333334,0.00998645168764533,request_rescan,0.223098
2249,2249,0.9433333333333334,0.00998645168764533,discard,0.223189
2250,2250,0.9433333333333334,0.00998645168764533,discard,0.223288
2251,2251,0.9433333333333334,0.00998645168764533,discard,0.223383
2252,2252,0.9433333333333334,0.00998645168764533,discard,0.223479
2253,2253,0.9433333333333334,0.00998645168764533,request_rescan,0.223578
2254,2254,0.9433333333333334,0.00998645168764533,request_rescan,0.223676
2255,2255,0.9433333333333334,0.00998645168764533,request_rescan,0.223772
2256,2256,0.9433333333333334,0.00998645168764533,discard,0.223872
2257,2257,0.9433333333333334,0.00998645168764533,discard,0.223969
2258,2258,0.9433333333333334,0.00998645168764533,discard,0.224066
2259,2259,0.9433333333333334,0.00998645168764533,discard,0.224162
2260,2260,0.9433333333333334,0.00998645168764533,discard,0.224258
2261,2261,0.9433333333333334,0.00998645168764533,discard,0.224354
2262,2262,0.9433333333333334,0.00998645168764533,discard,0.224511
2263,2263,0.9433333333333334,0.00998645168764533,discard,0.224623
2264,2264,0.9433333333333334,0.00998645168764533,discard,0.224723
2265,2265,0.9433333333333334,0.00998645168764533,discard,0.224819
2266,2266,0.9433333333333334,0.00998645168764533,discard,0.224913
2267,2267,0.9433333333333334,0.00998645168764533,discard,0.225009
2268,2268,0.9433333333333334,0.00998645168764533,discard,0.225106
2269,2269,0.9433333333333334,0.00998645168764533,request_rescan,0.225203
2270,2270,0.9433333333333334,0.00998645168764533,discard,0.225297
2271,2271,0.9433333333333334,0.00998645168764533,request_rescan,0.225395
2272,2272,0.9433333333333334,0.00998645168764533,discard,0.225496
2273,2273,0.9433333333333334,0.00998645168764533,discard,0.225593
2274,2274,0.9433333333333334,0.00998645168764533,request_rescan,0.22569
2275,2275,0.9433333333333334,0.00998645168764533,request_rescan,0.225785
2276,2276,0.9433333333333334,0.00998645168764533,request_rescan,0.225882
2277,2277,0.9433333333333334,0.00998645168764533,discard,0.225984
2278,2278,0.9433333333333334,0.00998645168764533,discard,0.226082
2279,2279,0.9433333333333334,0.00998645168764533,discard,0.226178
2280,2280,0.9433333333333334,0.00998645168764533,discard,0.226273
2281,2281,0.9433333333333334,0.00998645168764533,discard,0.226371
2282,2282,0.9433333333333334,0.00998645168764533,request_rescan,0.226476
2283,2283,0.9433333333333334,0.00998645168764533,discard,0.22658
2284,2284,0.9433333333333334,0.00998645168764533,discard,0.226682
2285,2285,0.9433333333333334,0.00998645168764533,discard,0.226779
2286,2286,0.9433333333333334,0.00998645168764533,discard,0.226873
2287,2287,0.9433333333333334,0.00998645168764533,discard,0.226966
2288,2288,0.9433333333333334,0.00998645168764533,request_rescan,0.227061
2289,2289,0.9433333333333334,0.00998645168764533,discard,0.227157
2290,2290,0.9433333333333334,0.00998645168764533,discard,0.227252
2291,2291,0.9433333333333334,0.00998645168764533,request_rescan,0.227349
2292,2292,0.9433333333333334,0.00998645168764533,request_rescan,0.227446
2293,2293,0.76,0.00998645168764533,discard,0.227546
2294,2294,0.9433333333333334,0.00998645168764533,discard,0.227641
2295,2295,0.9433333333333334,0.00998645168764533,request_rescan,0.227736
2296,2296,0.9433333333333334,0.00998645168764533,request_rescan,0.227828
2297,2297,0.9433333333333334,0.00998645168764533,request_rescan,0.22792
2298,2298,0.9433333333333334,0.00998645168764533,request_rescan,0.228013
2299,2299,0.9433333333333334,0.00998645168764533,request_rescan,0.228107
2300,2300,0.9433333333333334,0.00998645168764533,request_rescan,0.228209
2301,2301,0.9433333333333334,0.00998645168764533,discard,0.228337
2302,2302,0.9433333333333334,0.00998645168764533,request_rescan,0.228435
2303,2303,0.9433333333333334,0.00998645168764533,request_rescan,0.228532
2304,2304,0.9433333333333334,0.00998645168764533,request_rescan,0.228628
2305,2305,0.9433333333333334,0.00998645168764533,request_rescan,0.228746
2306,2306,0.9433333333333334,0.00998645168764533,discard,0.22885
2307,2307,0.9433333333333334,0.00998645168764533,request_rescan,0.22895
2308,2308,0.9433333333333334,0.00998645168764533,request_rescan,0.229044
2309,2309,0.9433333333333334,0.00998645168764533,request_rescan,0.229138
2310,2310,0.76,0.00998645168764533,discard,0.229249
2311,2311,0.9433333333333334,0.00998645168764533,discard,0.229347
2312,2312,0.9433333333333334,0.00998645168764533,request_rescan,0.229458
2313,2313,0.9433333333333334,0.00998645168764533,discard,0.229552
2314,2314,0.9433333333333334,0.00998645168764533,request_rescan,0.229643
2315,2315,0.9433333333333334,0.00998645168764533,discard,0.229735
2316,2316,0.9433333333333334,0.00998645168764533,discard,0.229826
2317,2317,0.9433333333333334,0.00998645168764533,discard,0.229923
2318,2318,0.9433333333333334,0.00998645168764533,request_rescan,0.230021
2319,2319,0.9433333333333334,0.00998645168764533,discard,0.230118
2320,2320,0.9433333333333334,0.00998645168764533,request_rescan,0.230215
2321,2321,0.9433333333333334,0.00998645168764533,discard,0.230315
2322,2322,0.9433333333333334,0.00998645168764533,request_rescan,0.230413
2323,2323,0.9433333333333334,0.00998645168764533,request_rescan,0.23051
2324,2324,0.9433333333333334,0.00998645168764533,discard,0.230608
2325,2325,0.9433333333333334,0.00998645168764533,request_rescan,0.230706
2326,2326,0.9433333333333334,0.00998645168764533,discard,0.230801
2327,2327,0.9433333333333334,0.00998645168764533,discard,0.230894
2328,2328,0.9433333333333334,0.00998645168764533,request_rescan,0.230989
2329,2329,0.9433333333333334,0.00998645168764533,discard,0.231102
2330,2330,0.9433333333333334,0.00998645168764533,discard,0.231197
2331,2331,0.9433333333333334,0.00998645168764533,request_rescan,0.231293
2332,2332,0.9433333333333334,0.00998645168764533,discard,0.231386
2333,2333,0.9433333333333334,0.00998645168764533,request_rescan,0.231486
2334,2334,0.9433333333333334,0.00998645168764533,request_rescan,0.231599
2335,2335,0.9433333333333334,0.00998645168764533,discard,0.231721
2336,2336,0.9433333333333334,0.00998645168764533,request_rescan,0.231828
2337,2337,0.9433333333333334,0.00998645168764533,request_rescan,0.231924
2338,2338,0.9433333333333334,0.00998645168764533,request_rescan,0.232021
2339,2339,0.9433333333333334,0.00998645168764533,request_rescan,0.232118
2340,2340,0.9433333333333334,0.00998645168764533,discard,0.232213
2341,2341,0.9433333333333334,0.00998645168764533,discard,0.232311
2342,2342,0.9433333333333334,0.00998645168764533,request_rescan,0.232409
2343,2343,0.9433333333333334,0.00998645168764533,discard,0.232509
2344,2344,0.9433333333333334,0.00998645168764533,request_rescan,0.232604
2345,2345,0.9433333333333334,0.00998645168764533,request_rescan,0.232696
2346,2346,0.9433333333333334,0.00998645168764533,request_rescan,0.23279
2347,2347,0.9433333333333334,0.00998645168764533,discard,0.232884
2348,2348,0.9433333333333334,0.00998645168764533,discard,0.232985
2349,2349,0.9433333333333334,0.00998645168764533,request_rescan,0.23308
2350,2350,0.9433333333333334,0.00998645168764533,request_rescan,0.233173
2351,2351,0.9433333333333334,0.00998645168764533,request_rescan,0.233267
2352,2352,0.9433333333333334,0.00998645168764533,request_rescan,0.233361
2353,2353,0.9433333333333334,0.00998645168764533,discard,0.233459
2354,2354,0.9433333333333334,0.00998645168764533,request_rescan,0.233552
2355,2355,0.9433333333333334,0.00998645168764533,discard,0.23365
2356,2356,0.9433333333333334,0.00998645168764533,discard,0.233746
2357,2357,0.9433333333333334,0.00998645168764533,discard,0.23384
2358,2358,0.9433333333333334,0.00998645168764533,discard,0.233934
2359,2359,0.9433333333333334,0.00998645168764533,discard,0.234029
2360,2360,0.9433333333333334,0.00998645168764533,discard,0.234121
2361,2361,0.9433333333333334,0.00998645168764533,discard,0.23422
2362,2362,0.9433333333333334,0.00998645168764533,request_rescan,0.234315
2363,2363,0.9433333333333334,0.00998645168764533,request_rescan,0.23441
2364,2364,0.9433333333333334,0.00998645168764533,request_rescan,0.234517
2365,2365,0.9433333333333334,0.00998645168764533,discard,0.234616
2366,2366,0.9433333333333334,0.00998645168764533,request_rescan,0.234712
2367,2367,0.9433333333333334,0.00998645168764533,discard,0.234809
2368,2368,0.9433333333333334,0.00998645168764533,discard,0.234902
2369,2369,0.9433333333333334,0.00998645168764533,request_rescan,0.234993
2370,2370,0.9433333333333334,0.00998645168764533,discard,0.235085
2371,2371,0.9433333333333334,0.00998645168764533,discard,0.235177
2372,2372,0.9433333333333334,0.00998645168764533,discard,0.235271
2373,2373,0.9433333333333334,0.00998645168764533,discard,0.235369
2374,2374,0.9433333333333334,0.00998645168764533,discard,0.235464
2375,2375,0.9433333333333334,0.00998645168764533,discard,0.235567
2376,2376,0.9433333333333334,0.00998645168764533,request_rescan,0.235689
2377,2377,0.9433333333333334,0.00998645168764533,discard,0.235784
2378,2378,0.9433333333333334,0.00998645168764533,request_rescan,0.23588
2379,2379,0.9433333333333334,0.00998645168764533,request_rescan,0.235975
2380,2380,0.9433333333333334,0.00998645168764533,discard,0.236069
2381,2381,0.9433333333333334,0.00998645168764533,discard,0.236166
2382,2382,0.9433333333333334,0.00998645168764533,request_rescan,0.236263
2383,2383,0.9433333333333334,0.00998645168764533,discard,0.236363
2384,2384,0.9433333333333334,0.00998645168764533,discard,0.236463
2385,2385,0.9433333333333334,0.00998645168764533,request_rescan,0.236562
2386,2386,0.9433333333333334,0.00998645168764533,request_rescan,0.236654
2387,2387,0.9433333333333334,0.00998645168764533,discard,0.236754
2388,2388,0.9433333333333334,0.00998645168764533,discard,0.236852
2389,2389,0.9433333333333334,0.00998645168764533,discard,0.236948
2390,2390,0.9433333333333334,0.00998645168764533,discard,0.237041
2391,2391,0.9433333333333334,0.00998645168764533,request_rescan,0.237137
2392,2392,0.9433333333333334,0.00998645168764533,request_rescan,0.237233
2393,2393,0.9433333333333334,0.00998645168764533,request_rescan,0.237326
2394,2394,0.9433333333333334,0.00998645168764533,request_rescan,0.237421
2395,2395,0.9433333333333334,0.00998645168764533,discard,0.237534
2396,2396,0.9433333333333334,0.00998645168764533,discard,0.237634
2397,2397,0.9433333333333334,0.00998645168764533,discard,0.237731
2398,2398,0.9433333333333334,0.00998645168764533,discard,0.237829
2399,2399,0.9433333333333334,0.00998645168764533,discard,0.237925
2400,2400,0.9433333333333334,0.00998645168764533,discard,0.23802
2401,2401,0.9433333333333334,0.00998645168764533,request_rescan,0.238158
2402,2402,0.9433333333333334,0.00998645168764533,discard,0.23826
2403,2403,0.9433333333333334,0.00998645168764533,discard,0.238361
2404,2404,0.9433333333333334,0.00998645168764533,discard,0.23846
2405,2405,0.9433333333333334,0.00998645168764533,request_rescan,0.238558
2406,2406,0.9433333333333334,0.00998645168764533,discard,0.238652
2407,2407,0.9433333333333334,0.00998645168764533,request_rescan,0.238747
2408,2408,0.9433333333333334,0.00998645168764533,request_rescan,0.238843
2409,2409,0.9433333333333334,0.00998645168764533,request_rescan,0.238942
2410,2410,0.9433333333333334,0.00998645168764533,request_rescan,0.239036
2411,2411,0.9433333333333334,0.00998645168764533,request_rescan,0.239133
2412,2412,0.9433333333333334,0.00998645168764533,discard,0.239228
2413,2413,0.9433333333333334,0.00998645168764533,request_rescan,0.239323
2414,2414,0.9433333333333334,0.00998645168764533,request_rescan,0.239416
2415,2415,0.9433333333333334,0.00998645168764533,discard,0.239516
2416,2416,0.9433333333333334,0.00998645168764533,request_rescan,0.239615
2417,2417,0.9433333333333334,0.00998645168764533,discard,0.239714
2418,2418,0.9433333333333334,0.00998645168764533,request_rescan,0.239809
2419,2419,0.9433333333333334,0.00998645168764533,request_rescan,0.239903
2420,2420,0.9433333333333334,0.00998645168764533,request_rescan,0.239995
2421,2421,0.9433333333333334,0.00998645168764533,discard,0.240091
2422,2422,0.9433333333333334,0.00998645168764533,discard,0.240183
2423,2423,0.9433333333333334,0.00998645168764533,request_rescan,0.24028
2424,2424,0.9433333333333334,0.00998645168764533,request_rescan,0.24038
2425,2425,0.9433333333333334,0.00998645168764533,request_rescan,0.240482
2426,2426,0.9433333333333334,0.00998645168764533,request_rescan,0.240575
2427,2427,0.9433333333333334,0.00998645168764533,discard,0.240672
2428,2428,0.9433333333333334,0.00998645168764533,request_rescan,0.240768
2429,2429,0.9433333333333334,0.00998645168764533,discard,0.240863
2430,2430,0.9433333333333334,0.00998645168764533,request_rescan,0.240957
2431,2431,0.9433333333333334,0.00998645168764533,discard,0.24105
2432,2432,0.9433333333333334,0.00998645168764533,discard,0.241186
2433,2433,0.9433333333333334,0.00998645168764533,discard,0.241288
2434,2434,0.9433333333333334,0.00998645168764533,discard,0.241385
2435,2435,0.9433333333333334,0.00998645168764533,request_rescan,0.241485
2436,2436,0.9433333333333334,0.00998645168764533,request_rescan,0.241581
2437,2437,0.9433333333333334,0.00998645168764533,request_rescan,0.241677
2438,2438,0.9433333333333334,0.00998645168764533,discard,0.241774
2439,2439,0.9433333333333334,0.00998645168764533,request_rescan,0.24187
2440,2440,0.9433333333333334,0.00998645168764533,request_rescan,0.241965
2441,2441,0.9433333333333334,0.00998645168764533,request_rescan,0.242063
2442,2442,0.9433333333333334,0.00998645168764533,discard,0.24216
2443,2443,0.9433333333333334,0.00998645168764533,request_rescan,0.242254
2444,2444,0.9433333333333334,0.00998645168764533,request_rescan,0.242348
2445,2445,0.9433333333333334,0.00998645168764533,discard,0.242445
2446,2446,0.9433333333333334,0.00998645168764533,discard,0.242544
2447,2447,0.9433333333333334,0.00998645168764533,discard,0.24264
2448,2448,0.9433333333333334,0.00998645168764533,discard,0.242736
2449,2449,0.9433333333333334,0.00998645168764533,request_rescan,0.242834
2450,2450,0.9433333333333334,0.00998645168764533,request_rescan,0.242928
2451,2451,0.9433333333333334,0.00998645168764533,request_rescan,0.243025
2452,2452,0.9433333333333334,0.00998645168764533,discard,0.243122
2453,2453,0.9433333333333334,0.00998645168764533,discard,0.243219
2454,2454,0.9433333333333334,0.00998645168764533,discard,0.243316
2455,2455,0.9433333333333334,0.00998645168764533,request_rescan,0.243412
2456,2456,0.9433333333333334,0.00998645168764533,discard,0.243517
2457,2457,0.9433333333333334,0.00998645168764533,request_rescan,0.243618
2458,2458,0.9433333333333334,0.00998645168764533,discard,0.24373
2459,2459,0.9433333333333334,0.00998645168764533,request_rescan,0.243856
2460,2460,0.9433333333333334,0.00998645168764533,discard,0.243975
2461,2461,0.9433333333333334,0.00998645168764533,request_rescan,0.244071
2462,2462,0.9433333333333334,0.00998645168764533,request_rescan,0.244166
2463,2463,0.9433333333333334,0.00998645168764533,request_rescan,0.244262
2464,2464,0.9433333333333334,0.00998645168764533,discard,0.244355
2465,2465,0.9433333333333334,0.00998645168764533,discard,0.244452
2466,2466,0.9433333333333334,0.00998645168764533,discard,0.244557
2467,2467,0.9433333333333334,0.00998645168764533,request_rescan,0.244653
2468,2468,0.9433333333333334,0.00998645168764533,discard,0.244751
2469,2469,0.9433333333333334,0.00998645168764533,discard,0.24485
2470,2470,0.9433333333333334,0.00998645168764533,discard,0.244948
2471,2471,0.9433333333333334,0.00998645168764533,discard,0.245045
2472,2472,0.9433333333333334,0.00998645168764533,discard,0.24514
2473,2473,0.9433333333333334,0.00998645168764533,request_rescan,0.245237
2474,2474,0.9433333333333334,0.00998645168764533,discard,0.24536
2475,2475,0.9433333333333334,0.00998645168764533,discard,0.245468
2476,2476,0.9433333333333334,0.00998645168764533,discard,0.245566
2477,2477,0.9433333333333334,0.00998645168764533,request_rescan,0.245664
2478,2478,0.9433333333333334,0.00998645168764533,request_rescan,0.245761
2479,2479,0.9433333333333334,0.00998645168764533,request_rescan,0.245873
2480,2480,0.9433333333333334,0.00998645168764533,discard,0.24597
2481,2481,0.9433333333333334,0.00998645168764533,discard,0.246065
2482,2482,0.9433333333333334,0.00998645168764533,request_rescan,0.246163
2483,2483,0.9433333333333334,0.00998645168764533,request_rescan,0.246283
2484,2484,0.9433333333333334,0.00998645168764533,request_rescan,0.246382
2485,2485,0.9433333333333334,0.00998645168764533,request_rescan,0.246482
2486,2486,0.9433333333333334,0.00998645168764533,request_rescan,0.24658
2487,2487,0.9433333333333334,0.00998645168764533,request_rescan,0.246677
2488,2488,0.9433333333333334,0.00998645168764533,discard,0.246781
2489,2489,0.9433333333333334,0.00998645168764533,request_rescan,0.246879
2490,2490,0.9433333333333334,0.00998645168764533,request_rescan,0.246975
2491,2491,0.9433333333333334,0.00998645168764533,request_rescan,0.247071
2492,2492,0.9433333333333334,0.00998645168764533,request_rescan,0.247166
2493,2493,0.9433333333333334,0.00998645168764533,discard,0.247261
2494,2494,0.9433333333333334,0.00998645168764533,request_rescan,0.247353
2495,2495,0.9433333333333334,0.00998645168764533,discard,0.247457
2496,2496,0.9433333333333334,0.00998645168764533,request_rescan,0.24756
2497,2497,0.9433333333333334,0.00998645168764533,request_rescan,0.247656
2498,2498,0.9433333333333334,0.00998645168764533,request_rescan,0.24775
2499,2499,0.9433333333333334,0.00998645168764533,request_rescan,0.247845
2500,2500,0.9433333333333334,0.00998645168764533,discard,0.247937
2501,2501,0.9433333333333334,0.00998645168764533,discard,0.248128
2502,2502,0.9433333333333334,0.00998645168764533,request_rescan,0.248241
2503,2503,0.9433333333333334,0.00998645168764533,request_rescan,0.248352
2504,2504,0.9433333333333334,0.00998645168764533,discard,0.248451
2505,2505,0.9433333333333334,0.00998645168764533,request_rescan,0.248552
2506,2506,0.9433333333333334,0.00998645168764533,request_rescan,0.24865
2507,2507,0.9433333333333334,0.00998645168764533,discard,0.248766
2508,2508,0.9433333333333334,0.00998645168764533,request_rescan,0.248891
2509,2509,0.9433333333333334,0.00998645168764533,discard,0.24899
2510,2510,0.9433333333333334,0.00998645168764533,discard,0.249083
2511,2511,0.9433333333333334,0.00998645168764533,discard,0.249177
2512,2512,0.9433333333333334,0.00998645168764533,request_rescan,0.249275
2513,2513,0.9433333333333334,0.00998645168764533,request_rescan,0.249374
2514,2514,0.9433333333333334,0.00998645168764533,request_rescan,0.249482
2515,2515,0.9433333333333334,0.00998645168764533,discard,0.249587
2516,2516,0.9433333333333334,0.00998645168764533,discard,0.249687
2517,2517,0.9433333333333334,0.00998645168764533,request_rescan,0.249783
2518,2518,0.9433333333333334,0.00998645168764533,discard,0.24988
2519,2519,0.9433333333333334,0.00998645168764533,request_rescan,0.249981
2520,2520,0.9433333333333334,0.00998645168764533,discard,0.250081
2521,2521,0.9433333333333334,0.00998645168764533,discard,0.250177
2522,2522,0.9433333333333334,0.00998645168764533,request_rescan,0.250274
2523,2523,0.9433333333333334,0.00998645168764533,request_rescan,0.250371
2524,2524,0.9433333333333334,0.00998645168764533,request_rescan,0.25047
2525,2525,0.9433333333333334,0.00998645168764533,request_rescan,0.250564
2526,2526,0.9433333333333334,0.00998645168764533,discard,0.250665
2527,2527,0.9433333333333334,0.00998645168764533,request_rescan,0.250768
2528,2528,0.9433333333333334,0.00998645168764533,request_rescan,0.250865
2529,2529,0.9433333333333334,0.00998645168764533,discard,0.250963
2530,2530,0.9433333333333334,0.00998645168764533,discard,0.251059
2531,2531,0.9433333333333334,0.00998645168764533,request_rescan,0.251156
2532,2532,0.9433333333333334,0.00998645168764533,request_rescan,0.251254
2533,2533,0.9433333333333334,0.00998645168764533,discard,0.251353
2534,2534,0.9433333333333334,0.00998645168764533,discard,0.25145
2535,2535,0.9433333333333334,0.00998645168764533,request_rescan,0.251552
2536,2536,0.9433333333333334,0.00998645168764533,request_rescan,0.251648
2537,2537,0.9433333333333334,0.00998645168764533,discard,0.251744
2538,2538,0.9433333333333334,0.00998645168764533,request_rescan,0.25184
2539,2539,0.9433333333333334,0.00998645168764533,discard,0.251938
2540,2540,0.9433333333333334,0.00998645168764533,discard,0.252037
2541,2541,0.9433333333333334,0.00998645168764533,discard,0.252134
2542,2542,0.9433333333333334,0.00998645168764533,request_rescan,0.25223
2543,2543,0.9433333333333334,0.00998645168764533,discard,0.252322
2544,2544,0.9433333333333334,0.00998645168764533,request_rescan,0.252418
2545,2545,0.9433333333333334,0.00998645168764533,request_rescan,0.252521
2546,2546,0.9433333333333334,0.00998645168764533,discard,0.252615
2547,2547,0.9433333333333334,0.00998645168764533,request_rescan,0.25271
2548,2548,0.9433333333333334,0.00998645168764533,request_rescan,0.252806
2549,2549,0.9433333333333334,0.00998645168764533,discard,0.252903
2550,2550,0.9433333333333334,0.00998645168764533,request_rescan,0.252996
2551,2551,0.9433333333333334,0.00998645168764533,request_rescan,0.25309
2552,2552,0.9433333333333334,0.00998645168764533,request_rescan,0.253184
2553,2553,0.9433333333333334,0.00998645168764533,discard,0.25328
2554,2554,0.9433333333333334,0.00998645168764533,request_rescan,0.253379
2555,2555,0.9433333333333334,0.00998645168764533,request_rescan,0.253482
2556,2556,0.9433333333333334,0.00998645168764533,discard,0.25358
2557,2557,0.9433333333333334,0.00998645168764533,request_rescan,0.253678
2558,2558,0.9433333333333334,0.00998645168764533,discard,0.253773
2559,2559,0.9433333333333334,0.00998645168764533,discard,0.25387
2560,2560,0.9433333333333334,0.00998645168764533,request_rescan,0.253965
2561,2561,0.9433333333333334,0.00998645168764533,discard,0.254066
2562,2562,0.9433333333333334,0.00998645168764533,request_rescan,0.254161
2563,2563,0.9433333333333334,0.00998645168764533,discard,0.254257
2564,2564,0.9433333333333334,0.00998645168764533,discard,0.254358
2565,2565,0.9433333333333334,0.00998645168764533,request_rescan,0.254458
2566,2566,0.9433333333333334,0.00998645168764533,discard,0.254554
2567,2567,0.9433333333333334,0.00998645168764533,discard,0.254649
2568,2568,0.9433333333333334,0.00998645168764533,discard,0.254744
2569,2569,0.9433333333333334,0.00998645168764533,request_rescan,0.254841
2570,2570,0.9433333333333334,0.00998645168764533,discard,0.25494
2571,2571,0.9433333333333334,0.00998645168764533,request_rescan,0.255035
2572,2572,0.9433333333333334,0.00998645168764533,request_rescan,0.255129
2573,2573,0.9433333333333334,0.00998645168764533,discard,0.255226
2574,2574,0.9433333333333334,0.00998645168764533,discard,0.255327
2575,2575,0.9433333333333334,0.00998645168764533,request_rescan,0.25543
2576,2576,0.9433333333333334,0.00998645168764533,discard,0.255529
2577,2577,0.9433333333333334,0.00998645168764533,discard,0.255625
2578,2578,0.9433333333333334,0.00998645168764533,request_rescan,0.25572
2579,2579,0.9433333333333334,0.00998645168764533,request_rescan,0.255815
2580,2580,0.9433333333333334,0.00998645168764533,discard,0.255913
2581,2581,0.9433333333333334,0.00998645168764533,discard,0.256009
2582,2582,0.9433333333333334,0.00998645168764533,discard,0.256103
2583,2583,0.9433333333333334,0.00998645168764533,request_rescan,0.256202
2584,2584,0.9433333333333334,0.00998645168764533,discard,0.256298
2585,2585,0.9433333333333334,0.00998645168764533,discard,0.256391
2586,2586,0.9433333333333334,0.00998645168764533,discard,0.256492
2587,2587,0.9433333333333334,0.00998645168764533,discard,0.256592
2588,2588,0.9433333333333334,0.00998645168764533,request_rescan,0.256687
2589,2589,0.9433333333333334,0.00998645168764533,request_rescan,0.256783
2590,2590,0.9433333333333334,0.00998645168764533,request_rescan,0.256877
2591,2591,0.9433333333333334,0.00998645168764533,discard,0.256971
2592,2592,0.9433333333333334,0.00998645168764533,discard,0.257069
2593,2593,0.9433333333333334,0.00998645168764533,discard,0.257166
2594,2594,0.9433333333333334,0.00998645168764533,request_rescan,0.257278
2595,2595,0.9433333333333334,0.00998645168764533,discard,0.25739
2596,2596,0.9433333333333334,0.00998645168764533,discard,0.257487
2597,2597,0.9433333333333334,0.00998645168764533,request_rescan,0.257584
2598,2598,0.9433333333333334,0.00998645168764533,request_rescan,0.257677
2599,2599,0.9433333333333334,0.00998645168764533,request_rescan,0.257807
2600,2600,0.9433333333333334,0.00998645168764533,request_rescan,0.257904
2601,2601,0.9433333333333334,0.00998645168764533,discard,0.258048
2602,2602,0.9433333333333334,0.00998645168764533,request_rescan,0.258154
2603,2603,0.9433333333333334,0.00998645168764533,request_rescan,0.258257
2604,2604,0.9433333333333334,0.00998645168764533,discard,0.258354
2605,2605,0.9433333333333334,0.00998645168764533,discard,0.258447
2606,2606,0.9433333333333334,0.00998645168764533,discard,0.258547
2607,2607,0.9433333333333334,0.00998645168764533,discard,0.258639
2608,2608,0.9433333333333334,0.00998645168764533,discard,0.258735
2609,2609,0.9433333333333334,0.00998645168764533,request_rescan,0.258833
2610,2610,0.9433333333333334,0.00998645168764533,discard,0.258933
2611,2611,0.9433333333333334,0.00998645168764533,discard,0.259028
2612,2612,0.9433333333333334,0.00998645168764533,request_rescan,0.259126
2613,2613,0.9433333333333334,0.00998645168764533,request_rescan,0.259221
2614,2614,0.9433333333333334,0.00998645168764533,discard,0.259314
2615,2615,0.9433333333333334,0.00998645168764533,discard,0.259406
2616,2616,0.9433333333333334,0.00998645168764533,discard,0.259505
2617,2617,0.9433333333333334,0.00998645168764533,request_rescan,0.259606
2618,2618,0.9433333333333334,0.00998645168764533,discard,0.259704
2619,2619,0.9433333333333334,0.00998645168764533,discard,0.259802
2620,2620,0.9433333333333334,0.00998645168764533,request_rescan,0.259897
2621,2621,0.9433333333333334,0.00998645168764533,request_rescan,0.259989
2622,2622,0.9433333333333334,0.00998645168764533,request_rescan,0.260081
2623,2623,0.9433333333333334,0.00998645168764533,request_rescan,0.260174
2624,2624,0.9433333333333334,0.00998645168764533,discard,0.260268
2625,2625,0.9433333333333334,0.00998645168764533,request_rescan,0.260371
2626,2626,0.9433333333333334,0.00998645168764533,discard,0.260486
2627,2627,0.9433333333333334,0.00998645168764533,discard,0.260596
2628,2628,0.9433333333333334,0.00998645168764533,discard,0.26071
2629,2629,0.9433333333333334,0.00998645168764533,discard,0.260803
2630,2630,0.9433333333333334,0.00998645168764533,request_rescan,0.260897
2631,2631,0.9433333333333334,0.00998645168764533,request_rescan,0.260993
2632,2632,0.9433333333333334,0.00998645168764533,discard,0.261087
2633,2633,0.9433333333333334,0.00998645168764533,discard,0.261185
2634,2634,0.9433333333333334,0.00998645168764533,discard,0.261285
2635,2635,0.9433333333333334,0.00998645168764533,discard,0.26138
2636,2636,0.9433333333333334,0.00998645168764533,discard,0.261478
2637,2637,0.9433333333333334,0.00998645168764533,discard,0.261577
2638,2638,0.9433333333333334,0.00998645168764533,request_rescan,0.261676
2639,2639,0.9433333333333334,0.00998645168764533,discard,0.261773
2640,2640,0.9433333333333334,0.00998645168764533,request_rescan,0.261875
2641,2641,0.9433333333333334,0.00998645168764533,request_rescan,0.261973
2642,2642,0.9433333333333334,0.00998645168764533,request_rescan,0.262091
2643,2643,0.9433333333333334,0.00998645168764533,discard,0.262186
2644,2644,0.9433333333333334,0.00998645168764533,discard,0.262286
2645,2645,0.9433333333333334,0.00998645168764533,discard,0.262378
2646,2646,0.9433333333333334,0.00998645168764533,request_rescan,0.262492
2647,2647,0.9433333333333334,0.00998645168764533,discard,0.2626
2648,2648,0.9433333333333334,0.00998645168764533,discard,0.262701
2649,2649,0.9433333333333334,0.00998645168764533,request_rescan,0.2628
2650,2650,0.9433333333333334,0.00998645168764533,discard,0.262896
2651,2651,0.9433333333333334,0.00998645168764533,request_rescan,0.262992
2652,2652,0.9433333333333334,0.00998645168764533,discard,0.26311
2653,2653,0.9433333333333334,0.00998645168764533,request_rescan,0.263213
2654,2654,0.9433333333333334,0.00998645168764533,discard,0.263314
2655,2655,0.9433333333333334,0.00998645168764533,request_rescan,0.263412
2656,2656,0.9433333333333334,0.00998645168764533,discard,0.263511
2657,2657,0.9433333333333334,0.00998645168764533,request_rescan,0.263607
2658,2658,0.9433333333333334,0.00998645168764533,discard,0.263707
2659,2659,0.9433333333333334,0.00998645168764533,request_rescan,0.263809
2660,2660,0.9433333333333334,0.00998645168764533,discard,0.263909
2661,2661,0.9433333333333334,0.00998645168764533,request_rescan,0.264004
2662,2662,0.9433333333333334,0.00998645168764533,discard,0.264098
2663,2663,0.9433333333333334,0.00998645168764533,discard,0.264194
2664,2664,0.9433333333333334,0.00998645168764533,request_rescan,0.264289
2665,2665,0.9433333333333334,0.00998645168764533,request_rescan,0.264402
2666,2666,0.9433333333333334,0.00998645168764533,discard,0.2645
2667,2667,0.9433333333333334,0.00998645168764533,request_rescan,0.264594
2668,2668,0.9433333333333334,0.00998645168764533,discard,0.26469
2669,2669,0.9433333333333334,0.00998645168764533,request_rescan,0.264789
2670,2670,0.9433333333333334,0.00998645168764533,request_rescan,0.264886
2671,2671,0.9433333333333334,0.00998645168764533,discard,0.264985
2672,2672,0.9433333333333334,0.00998645168764533,discard,0.265082
2673,2673,0.9433333333333334,0.00998645168764533,discard,0.265179
2674,2674,0.9433333333333334,0.00998645168764533,request_rescan,0.265274
2675,2675,0.9433333333333334,0.00998645168764533,discard,0.265369
2676,2676,0.9433333333333334,0.00998645168764533,discard,0.265466
2677,2677,0.9433333333333334,0.00998645168764533,request_rescan,0.265568
2678,2678,0.9433333333333334,0.00998645168764533,discard,0.265667
2679,2679,0.9433333333333334,0.00998645168764533,discard,0.265763
2680,2680,0.9433333333333334,0.00998645168764533,discard,0.265858
2681,2681,0.9433333333333334,0.00998645168764533,discard,0.26595
2682,2682,0.9433333333333334,0.00998645168764533,request_rescan,0.266045
2683,2683,0.9433333333333334,0.00998645168764533,request_rescan,0.266138
2684,2684,0.9433333333333334,0.00998645168764533,discard,0.266234
2685,2685,0.9433333333333334,0.00998645168764533,discard,0.266327
2686,2686,0.9433333333333334,0.00998645168764533,request_rescan,0.266421
2687,2687,0.9433333333333334,0.00998645168764533,discard,0.26652
2688,2688,0.9433333333333334,0.00998645168764533,discard,0.266617
2689,2689,0.9433333333333334,0.00998645168764533,discard,0.266717
2690,2690,0.9433333333333334,0.00998645168764533,discard,0.266816
2691,2691,0.6633333333333333,0.00998645168764533,log_and_continue,0.266925
2692,2692,0.9433333333333334,0.00998645168764533,discard,0.26703
2693,2693,0.9433333333333334,0.00998645168764533,request_rescan,0.267132
2694,2694,0.9433333333333334,0.00998645168764533,discard,0.267229
2695,2695,0.9433333333333334,0.00998645168764533,request_rescan,0.267324
2696,2696,0.9433333333333334,0.00998645168764533,discard,0.26742
2697,2697,0.9433333333333334,0.00998645168764533,discard,0.267523
2698,2698,0.9433333333333334,0.00998645168764533,discard,0.267618
2699,2699,0.9433333333333334,0.00998645168764533,request_rescan,0.267716
2700,2700,0.9433333333333334,0.00998645168764533,request_rescan,0.26781
2701,2701,0.9433333333333334,0.00998645168764533,request_rescan,0.267977
2702,2702,0.9433333333333334,0.00998645168764533,discard,0.268107
2703,2703,0.9433333333333334,0.00998645168764533,request_rescan,0.268212
2704,2704,0.9433333333333334,0.00998645168764533,request_rescan,0.268317
2705,2705,0.9433333333333334,0.00998645168764533,discard,0.268418
2706,2706,0.9433333333333334,0.00998645168764533,discard,0.268517
2707,2707,0.9433333333333334,0.00998645168764533,request_rescan,0.268615
2708,2708,0.9433333333333334,0.00998645168764533,discard,0.268717
2709,2709,0.9433333333333334,0.00998645168764533,request_rescan,0.268815
2710,2710,0.9433333333333334,0.00998645168764533,discard,0.268913
2711,2711,0.9433333333333334,0.00998645168764533,request_rescan,0.269011
2712,2712,0.9433333333333334,0.00998645168764533,discard,0.269105
2713,2713,0.9433333333333334,0.00998645168764533,request_rescan,0.269201
2714,2714,0.9433333333333334,0.00998645168764533,request_rescan,0.269302
2715,2715,0.9433333333333334,0.00998645168764533,discard,0.269403
2716,2716,0.9433333333333334,0.00998645168764533,discard,0.269504
2717,2717,0.9433333333333334,0.00998645168764533,request_rescan,0.269601
2718,2718,0.9433333333333334,0.00998645168764533,discard,0.269694
2719,2719,0.9433333333333334,0.00998645168764533,discard,0.269787
2720,2720,0.9433333333333334,0.00998645168764533,discard,0.269884
2721,2721,0.9433333333333334,0.00998645168764533,discard,0.269986
2722,2722,0.9433333333333334,0.00998645168764533,request_rescan,0.270087
2723,2723,0.9433333333333334,0.00998645168764533,discard,0.270181
2724,2724,0.9433333333333334,0.00998645168764533,discard,0.270281
2725,2725,0.9433333333333334,0.00998645168764533,request_rescan,0.270378
2726,2726,0.9433333333333334,0.00998645168764533,discard,0.270477
2727,2727,0.9433333333333334,0.00998645168764533,request_rescan,0.270574
2728,2728,0.9433333333333334,0.00998645168764533,request_rescan,0.27067
2729,2729,0.9433333333333334,0.00998645168764533,request_rescan,0.270765
2730,2730,0.9433333333333334,0.00998645168764533,discard,0.27086
2731,2731,0.9433333333333334,0.00998645168764533,discard,0.270957
2732,2732,0.9433333333333334,0.00998645168764533,discard,0.27105
2733,2733,0.9433333333333334,0.00998645168764533,request_rescan,0.271146
2734,2734,0.9433333333333334,0.00998645168764533,discard,0.271242
2735,2735,0.9433333333333334,0.00998645168764533,discard,0.271341
2736,2736,0.9433333333333334,0.00998645168764533,discard,0.271438
2737,2737,0.9433333333333334,0.00998645168764533,discard,0.271535
2738,2738,0.9433333333333334,0.00998645168764533,request_rescan,0.271629
2739,2739,0.9433333333333334,0.00998645168764533,discard,0.271724
2740,2740,0.9433333333333334,0.00998645168764533,request_rescan,0.271817
2741,2741,0.9433333333333334,0.00998645168764533,discard,0.27191
2742,2742,0.9433333333333334,0.00998645168764533,request_rescan,0.272007
2743,2743,0.9433333333333334,0.00998645168764533,discard,0.272101
2744,2744,0.9433333333333334,0.00998645168764533,discard,0.272201
2745,2745,0.9433333333333334,0.00998645168764533,request_rescan,0.272297
2746,2746,0.9433333333333334,0.00998645168764533,discard,0.272391
2747,2747,0.9433333333333334,0.00998645168764533,discard,0.272486
2748,2748,0.9433333333333334,0.00998645168764533,discard,0.272579
2749,2749,0.9433333333333334,0.00998645168764533,discard,0.272681
2750,2750,0.9433333333333334,0.00998645168764533,discard,0.272781
2751,2751,0.9433333333333334,0.00998645168764533,request_rescan,0.272878
2752,2752,0.9433333333333334,0.00998645168764533,discard,0.272974
2753,2753,0.9433333333333334,0.00998645168764533,request_rescan,0.27307
2754,2754,0.9433333333333334,0.00998645168764533,request_rescan,0.273164
2755,2755,0.9433333333333334,0.00998645168764533,discard,0.273259
2756,2756,0.9433333333333334,0.00998645168764533,discard,0.273359
2757,2757,0.9433333333333334,0.00998645168764533,discard,0.273461
2758,2758,0.9433333333333334,0.00998645168764533,discard,0.27356
2759,2759,0.9433333333333334,0.00998645168764533,request_rescan,0.273658
2760,2760,0.9433333333333334,0.00998645168764533,discard,0.273757
2761,2761,0.9433333333333334,0.00998645168764533,request_rescan,0.273851
2762,2762,0.9433333333333334,0.00998645168764533,discard,0.273945
2763,2763,0.9433333333333334,0.00998645168764533,discard,0.274037
2764,2764,0.9433333333333334,0.00998645168764533,discard,0.274138
2765,2765,0.9433333333333334,0.00998645168764533,request_rescan,0.274235
2766,2766,0.9433333333333334,0.00998645168764533,discard,0.274331
2767,2767,0.9433333333333334,0.00998645168764533,discard,0.274463
2768,2768,0.9433333333333334,0.00998645168764533,request_rescan,0.274566
2769,2769,0.9433333333333334,0.00998645168764533,discard,0.274664
2770,2770,0.9433333333333334,0.00998645168764533,request_rescan,0.274761
2771,2771,0.9433333333333334,0.00998645168764533,request_rescan,0.274859
2772,2772,0.9433333333333334,0.00998645168764533,discard,0.274954
2773,2773,0.9433333333333334,0.00998645168764533,discard,0.275053
2774,2774,0.9433333333333334,0.00998645168764533,request_rescan,0.275149
2775,2775,0.9433333333333334,0.00998645168764533,request_rescan,0.275242
2776,2776,0.9433333333333334,0.00998645168764533,discard,0.275337
2777,2777,0.9433333333333334,0.00998645168764533,request_rescan,0.275433
2778,2778,0.9433333333333334,0.00998645168764533,request_rescan,0.275536
2779,2779,0.9433333333333334,0.00998645168764533,request_rescan,0.275632
2780,2780,0.9433333333333334,0.00998645168764533,discard,0.275726
2781,2781,0.9433333333333334,0.00998645168764533,discard,0.27582
2782,2782,0.9433333333333334,0.00998645168764533,discard,0.275912
2783,2783,0.9433333333333334,0.00998645168764533,discard,0.276002
2784,2784,0.9433333333333334,0.00998645168764533,discard,0.276101
2785,2785,0.9433333333333334,0.00998645168764533,request_rescan,0.276198
2786,2786,0.9433333333333334,0.00998645168764533,request_rescan,0.276296
2787,2787,0.9433333333333334,0.00998645168764533,discard,0.276396
2788,2788,0.9433333333333334,0.00998645168764533,request_rescan,0.276497
2789,2789,0.9433333333333334,0.00998645168764533,discard,0.276595
2790,2790,0.9433333333333334,0.00998645168764533,request_rescan,0.276689
2791,2791,0.9433333333333334,0.00998645168764533,discard,0.276787
2792,2792,0.9433333333333334,0.00998645168764533,request_rescan,0.27688
2793,2793,0.9433333333333334,0.00998645168764533,discard,0.276976
2794,2794,0.9433333333333334,0.00998645168764533,discard,0.277072
2795,2795,0.9433333333333334,0.00998645168764533,discard,0.277165
2796,2796,0.9433333333333334,0.00998645168764533,discard,0.277256
2797,2797,0.9433333333333334,0.00998645168764533,request_rescan,0.277352
2798,2798,0.9433333333333334,0.00998645168764533,request_rescan,0.277447
2799,2799,0.9433333333333334,0.00998645168764533,request_rescan,0.277547
2800,2800,0.9433333333333334,0.00998645168764533,request_rescan,0.277645
2801,2801,0.9433333333333334,0.00998645168764533,request_rescan,0.277776
2802,2802,0.9433333333333334,0.00998645168764533,discard,0.277877
2803,2803,0.9433333333333334,0.00998645168764533,discard,0.277973
2804,2804,0.9433333333333334,0.00998645168764533,request_rescan,0.278068
2805,2805,0.9433333333333334,0.00998645168764533,request_rescan,0.278165
2806,2806,0.9433333333333334,0.00998645168764533,discard,0.278262
2807,2807,0.9433333333333334,0.00998645168764533,discard,0.278359
2808,2808,0.9433333333333334,0.00998645168764533,request_rescan,0.278466
2809,2809,0.9433333333333334,0.00998645168764533,request_rescan,0.278563
2810,2810,0.9433333333333334,0.00998645168764533,discard,0.278682
2811,2811,0.9433333333333334,0.00998645168764533,discard,0.278782
2812,2812,0.9433333333333334,0.00998645168764533,discard,0.278879
2813,2813,0.9433333333333334,0.00998645168764533,request_rescan,0.278975
2814,2814,0.9433333333333334,0.00998645168764533,request_rescan,0.279071
2815,2815,0.9433333333333334,0.00998645168764533,request_rescan,0.279183
2816,2816,0.9433333333333334,0.00998645168764533,request_rescan,0.279279
2817,2817,0.9433333333333334,0.00998645168764533,request_rescan,0.279375
2818,2818,0.9433333333333334,0.00998645168764533,discard,0.279487
2819,2819,0.9433333333333334,0.00998645168764533,request_rescan,0.279591
2820,2820,0.9433333333333334,0.00998645168764533,discard,0.279685
2821,2821,0.9433333333333334,0.00998645168764533,request_rescan,0.279778
2822,2822,0.9433333333333334,0.00998645168764533,request_rescan,0.27987
2823,2823,0.9433333333333334,0.00998645168764533,request_rescan,0.279965
2824,2824,0.9433333333333334,0.00998645168764533,discard,0.280058
2825,2825,0.9433333333333334,0.00998645168764533,request_rescan,0.280151
2826,2826,0.9433333333333334,0.00998645168764533,discard,0.280245
2827,2827,0.9433333333333334,0.00998645168764533,discard,0.28035
2828,2828,0.9433333333333334,0.00998645168764533,discard,0.280451
2829,2829,0.9433333333333334,0.00998645168764533,discard,0.280557
2830,2830,0.9433333333333334,0.00998645168764533,request_rescan,0.280655
2831,2831,0.9433333333333334,0.00998645168764533,request_rescan,0.280772
2832,2832,0.9433333333333334,0.00998645168764533,discard,0.280884
2833,2833,0.9433333333333334,0.00998645168764533,discard,0.280981
2834,2834,0.9433333333333334,0.00998645168764533,request_rescan,0.281076
2835,2835,0.9433333333333334,0.00998645168764533,request_rescan,0.281173
2836,2836,0.9433333333333334,0.00998645168764533,discard,0.28127
2837,2837,0.9433333333333334,0.00998645168764533,request_rescan,0.281386
2838,2838,0.9433333333333334,0.00998645168764533,discard,0.281496
2839,2839,0.9433333333333334,0.00998645168764533,discard,0.281596
2840,2840,0.9433333333333334,0.00998645168764533,discard,0.281694
2841,2841,0.9433333333333334,0.00998645168764533,request_rescan,0.281791
2842,2842,0.9433333333333334,0.00998645168764533,request_rescan,0.281885
2843,2843,0.9433333333333334,0.00998645168764533,request_rescan,0.281984
2844,2844,0.9433333333333334,0.00998645168764533,discard,0.28208
2845,2845,0.9433333333333334,0.00998645168764533,request_rescan,0.282174
2846,2846,0.9433333333333334,0.00998645168764533,request_rescan,0.282269
2847,2847,0.9433333333333334,0.00998645168764533,request_rescan,0.282367
2848,2848,0.9433333333333334,0.00998645168764533,discard,0.282465
2849,2849,0.9433333333333334,0.00998645168764533,discard,0.282558
2850,2850,0.9433333333333334,0.00998645168764533,discard,0.282654
2851,2851,0.9433333333333334,0.00998645168764533,request_rescan,0.282751
2852,2852,0.9433333333333334,0.00998645168764533,request_rescan,0.282847
2853,2853,0.9433333333333334,0.00998645168764533,discard,0.282945
2854,2854,0.9433333333333334,0.00998645168764533,request_rescan,0.283038
2855,2855,0.9433333333333334,0.00998645168764533,discard,0.283133
2856,2856,0.9433333333333334,0.00998645168764533,discard,0.283232
2857,2857,0.9433333333333334,0.00998645168764533,discard,0.28333
2858,2858,0.9433333333333334,0.00998645168764533,discard,0.283428
2859,2859,0.9433333333333334,0.00998645168764533,request_rescan,0.283528
2860,2860,0.9433333333333334,0.00998645168764533,request_rescan,0.283623
2861,2861,0.9433333333333334,0.00998645168764533,request_rescan,0.283718
2862,2862,0.9433333333333334,0.00998645168764533,discard,0.283817
2863,2863,0.9433333333333334,0.00998645168764533,request_rescan,0.283927
2864,2864,0.9433333333333334,0.00998645168764533,discard,0.284049
2865,2865,0.9433333333333334,0.00998645168764533,request_rescan,0.284162
2866,2866,0.9433333333333334,0.00998645168764533,discard,0.284259
2867,2867,0.9433333333333334,0.00998645168764533,request_rescan,0.284356
2868,2868,0.9433333333333334,0.00998645168764533,request_rescan,0.284459
2869,2869,0.9433333333333334,0.00998645168764533,discard,0.284561
2870,2870,0.9433333333333334,0.00998645168764533,request_rescan,0.284657
2871,2871,0.9433333333333334,0.00998645168764533,request_rescan,0.284754
2872,2872,0.9433333333333334,0.00998645168764533,discard,0.284849
2873,2873,0.9433333333333334,0.00998645168764533,discard,0.284939
2874,2874,0.9433333333333334,0.00998645168764533,discard,0.285036
2875,2875,0.9433333333333334,0.00998645168764533,discard,0.285132
2876,2876,0.9433333333333334,0.00998645168764533,request_rescan,0.285227
2877,2877,0.9433333333333334,0.00998645168764533,discard,0.285326
2878,2878,0.9433333333333334,0.00998645168764533,discard,0.285424
2879,2879,0.9433333333333334,0.00998645168764533,discard,0.285528
2880,2880,0.9433333333333334,0.00998645168764533,request_rescan,0.285625
2881,2881,0.9433333333333334,0.00998645168764533,discard,0.285719
2882,2882,0.9433333333333334,0.00998645168764533,discard,0.28581
2883,2883,0.9433333333333334,0.00998645168764533,request_rescan,0.285906
2884,2884,0.9433333333333334,0.00998645168764533,discard,0.286003
2885,2885,0.9433333333333334,0.00998645168764533,request_rescan,0.286108
2886,2886,0.9433333333333334,0.00998645168764533,request_rescan,0.286207
2887,2887,0.9433333333333334,0.00998645168764533,request_rescan,0.286304
2888,2888,0.9433333333333334,0.00998645168764533,discard,0.2864
2889,2889,0.9433333333333334,0.00998645168764533,request_rescan,0.286499
2890,2890,0.9433333333333334,0.00998645168764533,discard,0.286594
2891,2891,0.9433333333333334,0.00998645168764533,discard,0.28669
2892,2892,0.9433333333333334,0.00998645168764533,discard,0.286787
2893,2893,0.9433333333333334,0.00998645168764533,discard,0.28689
2894,2894,0.9433333333333334,0.00998645168764533,request_rescan,0.286991
2895,2895,0.9433333333333334,0.00998645168764533,request_rescan,0.287087
2896,2896,0.9433333333333334,0.00998645168764533,request_rescan,0.287184
2897,2897,0.9433333333333334,0.00998645168764533,discard,0.287287
2898,2898,0.9433333333333334,0.00998645168764533,discard,0.287389
2899,2899,0.9433333333333334,0.00998645168764533,discard,0.287488
2900,2900,0.9433333333333334,0.00998645168764533,discard,0.287582
2901,2901,0.9433333333333334,0.00998645168764533,request_rescan,0.287743
2902,2902,0.9433333333333334,0.00998645168764533,discard,0.287873
2903,2903,0.9433333333333334,0.00998645168764533,request_rescan,0.287991
2904,2904,0.9433333333333334,0.00998645168764533,request_rescan,0.288092
2905,2905,0.9433333333333334,0.00998645168764533,request_rescan,0.288193
2906,2906,0.9433333333333334,0.00998645168764533,discard,0.288291
2907,2907,0.9433333333333334,0.00998645168764533,request_rescan,0.288391
2908,2908,0.9433333333333334,0.00998645168764533,discard,0.288494
2909,2909,0.9433333333333334,0.00998645168764533,discard,0.288595
2910,2910,0.9433333333333334,0.00998645168764533,discard,0.288697
2911,2911,0.9433333333333334,0.00998645168764533,request_rescan,0.288796
2912,2912,0.9433333333333334,0.00998645168764533,discard,0.288894
2913,2913,0.9433333333333334,0.00998645168764533,discard,0.288989
2914,2914,0.9433333333333334,0.00998645168764533,discard,0.289083
2915,2915,0.9433333333333334,0.00998645168764533,request_rescan,0.28918
2916,2916,0.9433333333333334,0.00998645168764533,discard,0.289276
2917,2917,0.9433333333333334,0.00998645168764533,request_rescan,0.289377
2918,2918,0.9433333333333334,0.00998645168764533,discard,0.289481
2919,2919,0.9433333333333334,0.00998645168764533,discard,0.289581
2920,2920,0.9433333333333334,0.00998645168764533,request_rescan,0.289676
2921,2921,0.9433333333333334,0.00998645168764533,discard,0.289774
2922,2922,0.9433333333333334,0.00998645168764533,request_rescan,0.289867
2923,2923,0.9433333333333334,0.00998645168764533,request_rescan,0.28996
2924,2924,0.9433333333333334,0.00998645168764533,discard,0.29006
2925,2925,0.9433333333333334,0.00998645168764533,discard,0.290161
2926,2926,0.9433333333333334,0.00998645168764533,discard,0.290258
2927,2927,0.9433333333333334,0.00998645168764533,request_rescan,0.290353
2928,2928,0.9433333333333334,0.00998645168764533,request_rescan,0.290447
2929,2929,0.9433333333333334,0.00998645168764533,discard,0.290572
2930,2930,0.9433333333333334,0.00998645168764533,request_rescan,0.290664
2931,2931,0.9433333333333334,0.00998645168764533,request_rescan,0.290758
2932,2932,0.9433333333333334,0.00998645168764533,request_rescan,0.290849
2933,2933,0.9433333333333334,0.00998645168764533,request_rescan,0.290946
2934,2934,0.9433333333333334,0.00998645168764533,discard,0.291039
2935,2935,0.9433333333333334,0.00998645168764533,discard,0.291166
2936,2936,0.9433333333333334,0.00998645168764533,discard,0.291265
2937,2937,0.9433333333333334,0.00998645168764533,discard,0.291359
2938,2938,0.9433333333333334,0.00998645168764533,discard,0.291453
2939,2939,0.9433333333333334,0.00998645168764533,discard,0.291552
2940,2940,0.9433333333333334,0.00998645168764533,discard,0.291648
2941,2941,0.9433333333333334,0.00998645168764533,discard,0.291742
2942,2942,0.9433333333333334,0.00998645168764533,discard,0.291836
2943,2943,0.9433333333333334,0.00998645168764533,discard,0.291929
2944,2944,0.9433333333333334,0.00998645168764533,discard,0.292021
2945,2945,0.9433333333333334,0.00998645168764533,discard,0.292112
2946,2946,0.9433333333333334,0.00998645168764533,discard,0.292205
2947,2947,0.9433333333333334,0.00998645168764533,discard,0.2923
2948,2948,0.9433333333333334,0.00998645168764533,request_rescan,0.292395
2949,2949,0.9433333333333334,0.00998645168764533,discard,0.292494
2950,2950,0.9433333333333334,0.00998645168764533,discard,0.292586
2951,2951,0.9433333333333334,0.00998645168764533,discard,0.292679
2952,2952,0.9433333333333334,0.00998645168764533,discard,0.292769
2953,2953,0.9433333333333334,0.00998645168764533,request_rescan,0.292861
2954,2954,0.9433333333333334,0.00998645168764533,discard,0.292952
2955,2955,0.9433333333333334,0.00998645168764533,request_rescan,0.293044
2956,2956,0.9433333333333334,0.00998645168764533,discard,0.29314
2957,2957,0.9433333333333334,0.00998645168764533,request_rescan,0.293245
2958,2958,0.9433333333333334,0.00998645168764533,discard,0.293344
2959,2959,0.9433333333333334,0.00998645168764533,discard,0.293442
2960,2960,0.9433333333333334,0.00998645168764533,discard,0.293544
2961,2961,0.9433333333333334,0.00998645168764533,discard,0.293639
2962,2962,0.9433333333333334,0.00998645168764533,discard,0.293735
2963,2963,0.9433333333333334,0.00998645168764533,request_rescan,0.293837
2964,2964,0.9433333333333334,0.00998645168764533,request_rescan,0.293938
2965,2965,0.9433333333333334,0.00998645168764533,request_rescan,0.294033
2966,2966,0.9433333333333334,0.00998645168764533,discard,0.294132
2967,2967,0.9433333333333334,0.00998645168764533,discard,0.294228
2968,2968,0.9433333333333334,0.00998645168764533,discard,0.294327
2969,2969,0.9433333333333334,0.00998645168764533,request_rescan,0.294439
2970,2970,0.9433333333333334,0.00998645168764533,request_rescan,0.29457
2971,2971,0.9433333333333334,0.00998645168764533,discard,0.29468
2972,2972,0.9433333333333334,0.00998645168764533,discard,0.294776
2973,2973,0.9433333333333334,0.00998645168764533,request_rescan,0.29487
2974,2974,0.9433333333333334,0.00998645168764533,request_rescan,0.294966
2975,2975,0.9433333333333334,0.00998645168764533,request_rescan,0.295062
2976,2976,0.9433333333333334,0.00998645168764533,request_rescan,0.295158
2977,2977,0.9433333333333334,0.00998645168764533,request_rescan,0.29525
2978,2978,0.9433333333333334,0.00998645168764533,request_rescan,0.295366
2979,2979,0.9433333333333334,0.00998645168764533,request_rescan,0.295466
2980,2980,0.9433333333333334,0.00998645168764533,request_rescan,0.295561
2981,2981,0.9433333333333334,0.00998645168764533,discard,0.295659
2982,2982,0.9433333333333334,0.00998645168764533,request_rescan,0.295753
2983,2983,0.9433333333333334,0.00998645168764533,discard,0.295869
2984,2984,0.9433333333333334,0.00998645168764533,request_rescan,0.295971
2985,2985,0.9433333333333334,0.00998645168764533,request_rescan,0.296068
2986,2986,0.9433333333333334,0.00998645168764533,discard,0.296178
2987,2987,0.9433333333333334,0.00998645168764533,request_rescan,0.296275
2988,2988,0.9433333333333334,0.00998645168764533,request_rescan,0.296371
2989,2989,0.9433333333333334,0.00998645168764533,discard,0.296472
2990,2990,0.9433333333333334,0.00998645168764533,discard,0.296566
2991,2991,0.9433333333333334,0.00998645168764533,discard,0.296662
2992,2992,0.9433333333333334,0.00998645168764533,discard,0.296757
2993,2993,0.9433333333333334,0.00998645168764533,request_rescan,0.296853
2994,2994,0.9433333333333334,0.00998645168764533,discard,0.296951
2995,2995,0.9433333333333334,0.00998645168764533,request_rescan,0.297045
2996,2996,0.9433333333333334,0.00998645168764533,request_rescan,0.29714
2997,2997,0.9433333333333334,0.00998645168764533,discard,0.297234
2998,2998,0.9433333333333334,0.00998645168764533,discard,0.297329
2999,2999,0.9433333333333334,0.00998645168764533,request_rescan,0.297423
3000,3000,0.9433333333333334,0.00998645168764533,discard,0.297526
3001,3001,0.9433333333333334,0.00998645168764533,request_rescan,0.297693
3002,3002,0.9433333333333334,0.00998645168764533,discard,0.297798
3003,3003,0.9433333333333334,0.00998645168764533,request_rescan,0.297898
3004,3004,0.9433333333333334,0.00998645168764533,discard,0.297996
3005,3005,0.9433333333333334,0.00998645168764533,discard,0.298091
3006,3006,0.9433333333333334,0.00998645168764533,request_rescan,0.298187
3007,3007,0.9433333333333334,0.00998645168764533,discard,0.298283
3008,3008,0.9433333333333334,0.00998645168764533,discard,0.298381
3009,3009,0.9433333333333334,0.00998645168764533,discard,0.298501
3010,3010,0.9433333333333334,0.00998645168764533,discard,0.298616
3011,3011,0.9433333333333334,0.00998645168764533,request_rescan,0.298736
3012,3012,0.9433333333333334,0.00998645168764533,discard,0.298839
3013,3013,0.9433333333333334,0.00998645168764533,discard,0.298931
3014,3014,0.9433333333333334,0.00998645168764533,request_rescan,0.299025
3015,3015,0.9433333333333334,0.00998645168764533,request_rescan,0.299118
3016,3016,0.9433333333333334,0.00998645168764533,discard,0.299213
3017,3017,0.9433333333333334,0.00998645168764533,request_rescan,0.299311
3018,3018,0.9433333333333334,0.00998645168764533,discard,0.299414
3019,3019,0.9433333333333334,0.00998645168764533,request_rescan,0.299516
3020,3020,0.9433333333333334,0.00998645168764533,request_rescan,0.299615
3021,3021,0.9433333333333334,0.00998645168764533,request_rescan,0.299712
3022,3022,0.9433333333333334,0.00998645168764533,request_rescan,0.29981
3023,3023,0.9433333333333334,0.00998645168764533,discard,0.299911
3024,3024,0.9433333333333334,0.00998645168764533,discard,0.300016
3025,3025,0.9433333333333334,0.00998645168764533,request_rescan,0.300114
3026,3026,0.9433333333333334,0.00998645168764533,request_rescan,0.300209
3027,3027,0.9433333333333334,0.00998645168764533,discard,0.300308
3028,3028,0.9433333333333334,0.00998645168764533,request_rescan,0.300405
3029,3029,0.9433333333333334,0.00998645168764533,request_rescan,0.300504
3030,3030,0.9433333333333334,0.00998645168764533,discard,0.3006
3031,3031,0.9433333333333334,0.00998645168764533,discard,0.300696
3032,3032,0.9433333333333334,0.00998645168764533,request_rescan,0.30079
3033,3033,0.9433333333333334,0.00998645168764533,discard,0.300888
3034,3034,0.9433333333333334,0.00998645168764533,discard,0.300986
3035,3035,0.9433333333333334,0.00998645168764533,discard,0.301079
3036,3036,0.9433333333333334,0.00998645168764533,discard,0.301175
3037,3037,0.9433333333333334,0.00998645168764533,request_rescan,0.301272
3038,3038,0.9433333333333334,0.00998645168764533,discard,0.301369
3039,3039,0.9433333333333334,0.00998645168764533,discard,0.301471
3040,3040,0.9433333333333334,0.00998645168764533,request_rescan,0.301566
3041,3041,0.9433333333333334,0.00998645168764533,request_rescan,0.301661
3042,3042,0.9433333333333334,0.00998645168764533,request_rescan,0.301756
3043,3043,0.9433333333333334,0.00998645168764533,discard,0.301853
3044,3044,0.9433333333333334,0.00998645168764533,request_rescan,0.301964
3045,3045,0.9433333333333334,0.00998645168764533,discard,0.30207
3046,3046,0.9433333333333334,0.00998645168764533,discard,0.302172
3047,3047,0.9433333333333334,0.00998645168764533,request_rescan,0.30227
3048,3048,0.9433333333333334,0.00998645168764533,request_rescan,0.302364
3049,3049,0.9433333333333334,0.00998645168764533,discard,0.302466
3050,3050,0.76,0.00998645168764533,discard,0.302571
3051,3051,0.9433333333333334,0.00998645168764533,discard,0.302673
3052,3052,0.9433333333333334,0.00998645168764533,discard,0.302769
3053,3053,0.9433333333333334,0.00998645168764533,discard,0.302864
3054,3054,0.9433333333333334,0.00998645168764533,discard,0.30296
3055,3055,0.9433333333333334,0.00998645168764533,request_rescan,0.303057
3056,3056,0.9433333333333334,0.00998645168764533,request_rescan,0.303159
3057,3057,0.9433333333333334,0.00998645168764533,discard,0.303258
3058,3058,0.9433333333333334,0.00998645168764533,discard,0.303356
3059,3059,0.9433333333333334,0.00998645168764533,discard,0.303449
3060,3060,0.9433333333333334,0.00998645168764533,request_rescan,0.303548
3061,3061,0.9433333333333334,0.00998645168764533,discard,0.303645
3062,3062,0.9433333333333334,0.00998645168764533,request_rescan,0.303741
3063,3063,0.9433333333333334,0.00998645168764533,request_rescan,0.303834
3064,3064,0.9433333333333334,0.00998645168764533,discard,0.303929
3065,3065,0.9433333333333334,0.00998645168764533,discard,0.304025
3066,3066,0.9433333333333334,0.00998645168764533,request_rescan,0.304123
3067,3067,0.9433333333333334,0.00998645168764533,request_rescan,0.304218
3068,3068,0.9433333333333334,0.00998645168764533,discard,0.304316
3069,3069,0.9433333333333334,0.00998645168764533,request_rescan,0.304409
3070,3070,0.9433333333333334,0.00998645168764533,discard,0.304502
3071,3071,0.9433333333333334,0.00998645168764533,request_rescan,0.304597
3072,3072,0.9433333333333334,0.00998645168764533,request_rescan,0.304691
3073,3073,0.9433333333333334,0.00998645168764533,request_rescan,0.304784
3074,3074,0.9433333333333334,0.00998645168764533,request_rescan,0.304879
3075,3075,0.9433333333333334,0.00998645168764533,discard,0.304972
3076,3076,0.9433333333333334,0.00998645168764533,request_rescan,0.305068
3077,3077,0.9433333333333334,0.00998645168764533,request_rescan,0.305161
3078,3078,0.9433333333333334,0.00998645168764533,request_rescan,0.305255
3079,3079,0.9433333333333334,0.00998645168764533,request_rescan,0.305347
3080,3080,0.9433333333333334,0.00998645168764533,discard,0.305446
3081,3081,0.9433333333333334,0.00998645168764533,request_rescan,0.305547
3082,3082,0.9433333333333334,0.00998645168764533,discard,0.305649
3083,3083,0.9433333333333334,0.00998645168764533,discard,0.305747
3084,3084,0.9433333333333334,0.00998645168764533,discard,0.305844
3085,3085,0.9433333333333334,0.00998645168764533,discard,0.30594
3086,3086,0.9433333333333334,0.00998645168764533,discard,0.306035
3087,3087,0.9433333333333334,0.00998645168764533,request_rescan,0.306133
3088,3088,0.9433333333333334,0.00998645168764533,request_rescan,0.306228
3089,3089,0.9433333333333334,0.00998645168764533,discard,0.306327
3090,3090,0.9433333333333334,0.00998645168764533,request_rescan,0.306426
3091,3091,0.9433333333333334,0.00998645168764533,request_rescan,0.306523
3092,3092,0.9433333333333334,0.00998645168764533,discard,0.306622
3093,3093,0.9433333333333334,0.00998645168764533,request_rescan,0.306718
3094,3094,0.9433333333333334,0.00998645168764533,discard,0.306814
3095,3095,0.9433333333333334,0.00998645168764533,request_rescan,0.30691
3096,3096,0.9433333333333334,0.00998645168764533,request_rescan,0.307017
3097,3097,0.9433333333333334,0.00998645168764533,request_rescan,0.307145
3098,3098,0.9433333333333334,0.00998645168764533,request_rescan,0.30726
3099,3099,0.9433333333333334,0.00998645168764533,request_rescan,0.307356
3100,3100,0.9433333333333334,0.00998645168764533,request_rescan,0.307451
3101,3101,0.9433333333333334,0.00998645168764533,discard,0.307605
3102,3102,0.9433333333333334,0.00998645168764533,discard,0.307717
3103,3103,0.9433333333333334,0.00998645168764533,request_rescan,0.307857
3104,3104,0.9433333333333334,0.00998645168764533,discard,0.307957
3105,3105,0.9433333333333334,0.00998645168764533,discard,0.308056
3106,3106,0.9433333333333334,0.00998645168764533,discard,0.308151
3107,3107,0.9433333333333334,0.00998645168764533,discard,0.308246
3108,3108,0.9433333333333334,0.00998645168764533,discard,0.308342
3109,3109,0.9433333333333334,0.00998645168764533,discard,0.308443
3110,3110,0.9433333333333334,0.00998645168764533,discard,0.308545
3111,3111,0.9433333333333334,0.00998645168764533,discard,0.308649
3112,3112,0.9433333333333334,0.00998645168764533,discard,0.308743
3113,3113,0.9433333333333334,0.00998645168764533,discard,0.308838
3114,3114,0.9433333333333334,0.00998645168764533,request_rescan,0.308933
3115,3115,0.9433333333333334,0.00998645168764533,request_rescan,0.309028
3116,3116,0.9433333333333334,0.00998645168764533,request_rescan,0.309128
3117,3117,0.9433333333333334,0.00998645168764533,request_rescan,0.309223
3118,3118,0.9433333333333334,0.00998645168764533,discard,0.30932
3119,3119,0.9433333333333334,0.00998645168764533,discard,0.309418
3120,3120,0.9433333333333334,0.00998645168764533,discard,0.309516
3121,3121,0.9433333333333334,0.00998645168764533,discard,0.309611
3122,3122,0.9433333333333334,0.00998645168764533,discard,0.309708
3123,3123,0.9433333333333334,0.00998645168764533,request_rescan,0.309803
3124,3124,0.9433333333333334,0.00998645168764533,request_rescan,0.309901
3125,3125,0.9433333333333334,0.00998645168764533,request_rescan,0.309994
3126,3126,0.9433333333333334,0.00998645168764533,request_rescan,0.310088
3127,3127,0.9433333333333334,0.00998645168764533,request_rescan,0.310183
3128,3128,0.9433333333333334,0.00998645168764533,request_rescan,0.310281
3129,3129,0.9433333333333334,0.00998645168764533,request_rescan,0.310378
3130,3130,0.9433333333333334,0.00998645168764533,discard,0.310478
3131,3131,0.9433333333333334,0.00998645168764533,discard,0.310575
3132,3132,0.9433333333333334,0.00998645168764533,discard,0.310665
3133,3133,0.9433333333333334,0.00998645168764533,discard,0.310755
3134,3134,0.9433333333333334,0.00998645168764533,discard,0.310844
3135,3135,0.9433333333333334,0.00998645168764533,request_rescan,0.310934
3136,3136,0.9433333333333334,0.00998645168764533,discard,0.311023
3137,3137,0.9433333333333334,0.00998645168764533,request_rescan,0.311117
3138,3138,0.9433333333333334,0.00998645168764533,request_rescan,0.311211
3139,3139,0.9433333333333334,0.00998645168764533,request_rescan,0.311305
3140,3140,0.9433333333333334,0.00998645168764533,request_rescan,0.311398
3141,3141,0.9433333333333334,0.00998645168764533,request_rescan,0.311494
3142,3142,0.9433333333333334,0.00998645168764533,request_rescan,0.311589
3143,3143,0.9433333333333334,0.00998645168764533,discard,0.311696
3144,3144,0.9433333333333334,0.00998645168764533,request_rescan,0.311808
3145,3145,0.9433333333333334,0.00998645168764533,request_rescan,0.311903
3146,3146,0.9433333333333334,0.00998645168764533,request_rescan,0.312016
3147,3147,0.9433333333333334,0.00998645168764533,discard,0.312117
3148,3148,0.9433333333333334,0.00998645168764533,request_rescan,0.312211
3149,3149,0.9433333333333334,0.00998645168764533,request_rescan,0.312303
3150,3150,0.9433333333333334,0.00998645168764533,request_rescan,0.312403
3151,3151,0.9433333333333334,0.00998645168764533,request_rescan,0.312517
3152,3152,0.9433333333333334,0.00998645168764533,discard,0.312617
3153,3153,0.9433333333333334,0.00998645168764533,discard,0.312712
3154,3154,0.9433333333333334,0.00998645168764533,request_rescan,0.312819
3155,3155,0.9433333333333334,0.00998645168764533,request_rescan,0.312919
3156,3156,0.9433333333333334,0.00998645168764533,request_rescan,0.313017
3157,3157,0.9433333333333334,0.00998645168764533,discard,0.313113
3158,3158,0.9433333333333334,0.00998645168764533,discard,0.313214
3159,3159,0.9433333333333334,0.00998645168764533,discard,0.313311
3160,3160,0.9433333333333334,0.00998645168764533,discard,0.313409
3161,3161,0.9433333333333334,0.00998645168764533,discard,0.313508
3162,3162,0.9433333333333334,0.00998645168764533,discard,0.313601
3163,3163,0.9433333333333334,0.00998645168764533,request_rescan,0.3137
3164,3164,0.9433333333333334,0.00998645168764533,discard,0.313798
3165,3165,0.9433333333333334,0.00998645168764533,discard,0.313896
3166,3166,0.9433333333333334,0.00998645168764533,discard,0.313994
3167,3167,0.9433333333333334,0.00998645168764533,discard,0.314087
3168,3168,0.9433333333333334,0.00998645168764533,request_rescan,0.314185
3169,3169,0.9433333333333334,0.00998645168764533,discard,0.314283
3170,3170,0.9433333333333334,0.00998645168764533,request_rescan,0.314378
3171,3171,0.9433333333333334,0.00998645168764533,discard,0.314507
3172,3172,0.9433333333333334,0.00998645168764533,discard,0.314604
3173,3173,0.9433333333333334,0.00998645168764533,request_rescan,0.314701
3174,3174,0.9433333333333334,0.00998645168764533,discard,0.314801
3175,3175,0.9433333333333334,0.00998645168764533,discard,0.314893
3176,3176,0.9433333333333334,0.00998645168764533,discard,0.314984
3177,3177,0.9433333333333334,0.00998645168764533,discard,0.315076
3178,3178,0.9433333333333334,0.00998645168764533,discard,0.315172
3179,3179,0.9433333333333334,0.00998645168764533,discard,0.315264
3180,3180,0.9433333333333334,0.00998645168764533,discard,0.315358
3181,3181,0.9433333333333334,0.00998645168764533,request_rescan,0.315457
3182,3182,0.9433333333333334,0.00998645168764533,discard,0.315549
3183,3183,0.9433333333333334,0.00998645168764533,discard,0.31565
3184,3184,0.9433333333333334,0.00998645168764533,discard,0.315742
3185,3185,0.9433333333333334,0.00998645168764533,request_rescan,0.315836
3186,3186,0.9433333333333334,0.00998645168764533,discard,0.315928
3187,3187,0.9433333333333334,0.00998645168764533,discard,0.316018
3188,3188,0.9433333333333334,0.00998645168764533,request_rescan,0.316113
3189,3189,0.9433333333333334,0.00998645168764533,request_rescan,0.316208
3190,3190,0.9433333333333334,0.00998645168764533,discard,0.316317
3191,3191,0.9433333333333334,0.00998645168764533,discard,0.316444
3192,3192,0.9433333333333334,0.00998645168764533,request_rescan,0.316566
3193,3193,0.9433333333333334,0.00998645168764533,request_rescan,0.316662
3194,3194,0.9433333333333334,0.00998645168764533,request_rescan,0.316756
3195,3195,0.9433333333333334,0.00998645168764533,request_rescan,0.316852
3196,3196,0.9433333333333334,0.00998645168764533,discard,0.316945
3197,3197,0.9433333333333334,0.00998645168764533,request_rescan,0.317038
3198,3198,0.9433333333333334,0.00998645168764533,discard,0.317135
3199,3199,0.9433333333333334,0.00998645168764533,request_rescan,0.317235
3200,3200,0.9433333333333334,0.00998645168764533,discard,0.317331
3201,3201,0.9433333333333334,0.00998645168764533,discard,0.317465
3202,3202,0.9433333333333334,0.00998645168764533,request_rescan,0.31756
3203,3203,0.9433333333333334,0.00998645168764533,request_rescan,0.317654
3204,3204,0.9433333333333334,0.00998645168764533,discard,0.317747
3205,3205,0.9433333333333334,0.00998645168764533,discard,0.317841
3206,3206,0.9433333333333334,0.00998645168764533,request_rescan,0.317941
3207,3207,0.9433333333333334,0.00998645168764533,discard,0.318042
3208,3208,0.9433333333333334,0.00998645168764533,request_rescan,0.318138
3209,3209,0.9433333333333334,0.00998645168764533,request_rescan,0.318232
3210,3210,0.9433333333333334,0.00998645168764533,discard,0.318328
3211,3211,0.9433333333333334,0.00998645168764533,request_rescan,0.318423
3212,3212,0.9433333333333334,0.00998645168764533,discard,0.318522
3213,3213,0.9433333333333334,0.00998645168764533,request_rescan,0.318622
3214,3214,0.9433333333333334,0.00998645168764533,discard,0.318718
3215,3215,0.9433333333333334,0.00998645168764533,discard,0.318816
3216,3216,0.9433333333333334,0.00998645168764533,request_rescan,0.318914
3217,3217,0.9433333333333334,0.00998645168764533,discard,0.319013
3218,3218,0.9433333333333334,0.00998645168764533,discard,0.31911
3219,3219,0.9433333333333334,0.00998645168764533,request_rescan,0.319214
3220,3220,0.9433333333333334,0.00998645168764533,request_rescan,0.319312
3221,3221,0.9433333333333334,0.00998645168764533,request_rescan,0.319407
3222,3222,0.9433333333333334,0.00998645168764533,discard,0.31951
3223,3223,0.9433333333333334,0.00998645168764533,discard,0.319606
3224,3224,0.9433333333333334,0.00998645168764533,discard,0.319703
3225,3225,0.9433333333333334,0.00998645168764533,discard,0.319798
3226,3226,0.9433333333333334,0.00998645168764533,discard,0.319894
3227,3227,0.9433333333333334,0.00998645168764533,discard,0.319995
3228,3228,0.9433333333333334,0.00998645168764533,discard,0.320092
3229,3229,0.9433333333333334,0.00998645168764533,request_rescan,0.320187
3230,3230,0.9433333333333334,0.00998645168764533,request_rescan,0.32028
3231,3231,0.9433333333333334,0.00998645168764533,request_rescan,0.320376
3232,3232,0.9433333333333334,0.00998645168764533,discard,0.320475
3233,3233,0.9433333333333334,0.00998645168764533,discard,0.320569
3234,3234,0.9433333333333334,0.00998645168764533,request_rescan,0.320664
3235,3235,0.6633333333333333,0.00998645168764533,log_and_continue,0.320762
3236,3236,0.9433333333333334,0.00998645168764533,request_rescan,0.320864
3237,3237,0.9433333333333334,0.00998645168764533,request_rescan,0.320963
3238,3238,0.9433333333333334,0.00998645168764533,request_rescan,0.321059
3239,3239,0.9433333333333334,0.00998645168764533,request_rescan,0.321152
3240,3240,0.9433333333333334,0.00998645168764533,request_rescan,0.321243
3241,3241,0.9433333333333334,0.00998645168764533,request_rescan,0.321336
3242,3242,0.9433333333333334,0.00998645168764533,discard,0.32143
3243,3243,0.9433333333333334,0.00998645168764533,discard,0.321534
3244,3244,0.9433333333333334,0.00998645168764533,discard,0.321632
3245,3245,0.9433333333333334,0.00998645168764533,discard,0.321742
3246,3246,0.9433333333333334,0.00998645168764533,request_rescan,0.321865
3247,3247,0.9433333333333334,0.00998645168764533,discard,0.32197
3248,3248,0.9433333333333334,0.00998645168764533,discard,0.322063
3249,3249,0.9433333333333334,0.00998645168764533,request_rescan,0.322161
3250,3250,0.9433333333333334,0.00998645168764533,request_rescan,0.322257
3251,3251,0.9433333333333334,0.00998645168764533,request_rescan,0.322348
3252,3252,0.9433333333333334,0.00998645168764533,request_rescan,0.322443
3253,3253,0.9433333333333334,0.00998645168764533,request_rescan,0.322546
3254,3254,0.9433333333333334,0.00998645168764533,request_rescan,0.322642
3255,3255,0.9433333333333334,0.00998645168764533,discard,0.322735
3256,3256,0.9433333333333334,0.00998645168764533,discard,0.32283
3257,3257,0.9433333333333334,0.00998645168764533,request_rescan,0.322926
3258,3258,0.9433333333333334,0.00998645168764533,discard,0.323024
3259,3259,0.9433333333333334,0.00998645168764533,request_rescan,0.323118
3260,3260,0.9433333333333334,0.00998645168764533,request_rescan,0.323212
3261,3261,0.9433333333333334,0.00998645168764533,request_rescan,0.323308
3262,3262,0.9433333333333334,0.00998645168764533,request_rescan,0.323404
3263,3263,0.9433333333333334,0.00998645168764533,request_rescan,0.323501
3264,3264,0.9433333333333334,0.00998645168764533,request_rescan,0.323595
3265,3265,0.9433333333333334,0.00998645168764533,request_rescan,0.323686
3266,3266,0.9433333333333334,0.00998645168764533,request_rescan,0.323781
3267,3267,0.9433333333333334,0.00998645168764533,discard,0.323876
3268,3268,0.9433333333333334,0.00998645168764533,request_rescan,0.32397
3269,3269,0.9433333333333334,0.00998645168764533,discard,0.324062
3270,3270,0.9433333333333334,0.00998645168764533,discard,0.324155
3271,3271,0.9433333333333334,0.00998645168764533,request_rescan,0.324249
3272,3272,0.9433333333333334,0.00998645168764533,request_rescan,0.324343
3273,3273,0.9433333333333334,0.00998645168764533,discard,0.324479
3274,3274,0.9433333333333334,0.00998645168764533,request_rescan,0.324578
3275,3275,0.9433333333333334,0.00998645168764533,request_rescan,0.324674
3276,3276,0.9433333333333334,0.00998645168764533,discard,0.324775
3277,3277,0.9433333333333334,0.00998645168764533,discard,0.324874
3278,3278,0.9433333333333334,0.00998645168764533,request_rescan,0.324974
3279,3279,0.9433333333333334,0.00998645168764533,discard,0.325074
3280,3280,0.9433333333333334,0.00998645168764533,request_rescan,0.32517
3281,3281,0.9433333333333334,0.00998645168764533,discard,0.325263
3282,3282,0.9433333333333334,0.00998645168764533,request_rescan,0.32536
3283,3283,0.9433333333333334,0.00998645168764533,discard,0.325462
3284,3284,0.9433333333333334,0.00998645168764533,request_rescan,0.325564
3285,3285,0.9433333333333334,0.00998645168764533,discard,0.325662
3286,3286,0.9433333333333334,0.00998645168764533,request_rescan,0.32576
3287,3287,0.9433333333333334,0.00998645168764533,discard,0.325855
3288,3288,0.9433333333333334,0.00998645168764533,request_rescan,0.325951
3289,3289,0.9433333333333334,0.00998645168764533,request_rescan,0.326051
3290,3290,0.9433333333333334,0.00998645168764533,request_rescan,0.326149
3291,3291,0.9433333333333334,0.00998645168764533,discard,0.326245
3292,3292,0.9433333333333334,0.00998645168764533,request_rescan,0.326339
3293,3293,0.9433333333333334,0.00998645168764533,request_rescan,0.326435
3294,3294,0.9433333333333334,0.00998645168764533,request_rescan,0.326533
3295,3295,0.9433333333333334,0.00998645168764533,request_rescan,0.32663
3296,3296,0.9433333333333334,0.00998645168764533,discard,0.326733
3297,3297,0.9433333333333334,0.00998645168764533,request_rescan,0.326836
3298,3298,0.9433333333333334,0.00998645168764533,request_rescan,0.326935
3299,3299,0.9433333333333334,0.00998645168764533,discard,0.32703
3300,3300,0.9433333333333334,0.00998645168764533,discard,0.327128
3301,3301,0.9433333333333334,0.00998645168764533,request_rescan,0.327277
3302,3302,0.9433333333333334,0.00998645168764533,request_rescan,0.327388
3303,3303,0.9433333333333334,0.00998645168764533,discard,0.327511
3304,3304,0.9433333333333334,0.00998645168764533,discard,0.327611
3305,3305,0.9433333333333334,0.00998645168764533,request_rescan,0.327708
3306,3306,0.9433333333333334,0.00998645168764533,request_rescan,0.327802
3307,3307,0.9433333333333334,0.00998645168764533,discard,0.327902
3308,3308,0.9433333333333334,0.00998645168764533,request_rescan,0.328002
3309,3309,0.9433333333333334,0.00998645168764533,discard,0.328099
3310,3310,0.9433333333333334,0.00998645168764533,request_rescan,0.328194
3311,3311,0.9433333333333334,0.00998645168764533,discard,0.328287
3312,3312,0.9433333333333334,0.00998645168764533,discard,0.328381
3313,3313,0.9433333333333334,0.00998645168764533,request_rescan,0.328478
3314,3314,0.9433333333333334,0.00998645168764533,discard,0.328578
3315,3315,0.9433333333333334,0.00998645168764533,request_rescan,0.328701
3316,3316,0.9433333333333334,0.00998645168764533,request_rescan,0.3288
3317,3317,0.9433333333333334,0.00998645168764533,request_rescan,0.328899
3318,3318,0.9433333333333334,0.00998645168764533,request_rescan,0.328994
3319,3319,0.9433333333333334,0.00998645168764533,discard,0.329093
3320,3320,0.9433333333333334,0.00998645168764533,discard,0.329207
3321,3321,0.9433333333333334,0.00998645168764533,discard,0.329305
3322,3322,0.9433333333333334,0.00998645168764533,request_rescan,0.329414
3323,3323,0.9433333333333334,0.00998645168764533,discard,0.32952
3324,3324,0.9433333333333334,0.00998645168764533,request_rescan,0.329619
3325,3325,0.9433333333333334,0.00998645168764533,request_rescan,0.329715
3326,3326,0.9433333333333334,0.00998645168764533,request_rescan,0.329811
3327,3327,0.9433333333333334,0.00998645168764533,discard,0.329906
3328,3328,0.9433333333333334,0.00998645168764533,request_rescan,0.33
3329,3329,0.9433333333333334,0.00998645168764533,request_rescan,0.330093
3330,3330,0.9433333333333334,0.00998645168764533,discard,0.330191
3331,3331,0.9433333333333334,0.00998645168764533,request_rescan,0.330293
3332,3332,0.9433333333333334,0.00998645168764533,request_rescan,0.330432
3333,3333,0.9433333333333334,0.00998645168764533,request_rescan,0.330548
3334,3334,0.9433333333333334,0.00998645168764533,discard,0.330653
3335,3335,0.9433333333333334,0.00998645168764533,request_rescan,0.330755
3336,3336,0.9433333333333334,0.00998645168764533,discard,0.330853
3337,3337,0.9433333333333334,0.00998645168764533,request_rescan,0.330949
3338,3338,0.9433333333333334,0.00998645168764533,request_rescan,0.331049
3339,3339,0.9433333333333334,0.00998645168764533,request_rescan,0.331152
3340,3340,0.9433333333333334,0.00998645168764533,request_rescan,0.33125
3341,3341,0.9433333333333334,0.00998645168764533,discard,0.331346
3342,3342,0.9433333333333334,0.00998645168764533,request_rescan,0.331444
3343,3343,0.9433333333333334,0.00998645168764533,request_rescan,0.331545
3344,3344,0.9433333333333334,0.00998645168764533,discard,0.331643
3345,3345,0.9433333333333334,0.00998645168764533,request_rescan,0.331738
3346,3346,0.9433333333333334,0.00998645168764533,request_rescan,0.331832
3347,3347,0.9433333333333334,0.00998645168764533,request_rescan,0.331929
3348,3348,0.9433333333333334,0.00998645168764533,discard,0.332047
3349,3349,0.9433333333333334,0.00998645168764533,discard,0.332142
3350,3350,0.9433333333333334,0.00998645168764533,discard,0.332241
3351,3351,0.9433333333333334,0.00998645168764533,discard,0.332336
3352,3352,0.9433333333333334,0.00998645168764533,request_rescan,0.332446
3353,3353,0.9433333333333334,0.00998645168764533,request_rescan,0.332577
3354,3354,0.9433333333333334,0.00998645168764533,request_rescan,0.332688
3355,3355,0.9433333333333334,0.00998645168764533,discard,0.33279
3356,3356,0.9433333333333334,0.00998645168764533,discard,0.332893
3357,3357,0.9433333333333334,0.00998645168764533,discard,0.332993
3358,3358,0.9433333333333334,0.00998645168764533,discard,0.333096
3359,3359,0.9433333333333334,0.00998645168764533,request_rescan,0.333198
3360,3360,0.9433333333333334,0.00998645168764533,discard,0.333297
3361,3361,0.9433333333333334,0.00998645168764533,discard,0.333396
3362,3362,0.9433333333333334,0.00998645168764533,request_rescan,0.333496
3363,3363,0.9433333333333334,0.00998645168764533,request_rescan,0.333594
3364,3364,0.9433333333333334,0.00998645168764533,request_rescan,0.333688
3365,3365,0.9433333333333334,0.00998645168764533,request_rescan,0.333782
3366,3366,0.9433333333333334,0.00998645168764533,request_rescan,0.33388
3367,3367,0.9433333333333334,0.00998645168764533,request_rescan,0.333976
3368,3368,0.9433333333333334,0.00998645168764533,request_rescan,0.334069
3369,3369,0.9433333333333334,0.00998645168764533,discard,0.334168
3370,3370,0.9433333333333334,0.00998645168764533,discard,0.334264
3371,3371,0.9433333333333334,0.00998645168764533,request_rescan,0.33436
3372,3372,0.9433333333333334,0.00998645168764533,request_rescan,0.334454
3373,3373,0.9433333333333334,0.00998645168764533,request_rescan,0.334556
3374,3374,0.9433333333333334,0.00998645168764533,discard,0.334659
3375,3375,0.9433333333333334,0.00998645168764533,discard,0.334756
3376,3376,0.9433333333333334,0.00998645168764533,discard,0.334852
3377,3377,0.9433333333333334,0.00998645168764533,discard,0.334949
3378,3378,0.9433333333333334,0.00998645168764533,request_rescan,0.335045
3379,3379,0.9433333333333334,0.00998645168764533,request_rescan,0.335139
3380,3380,0.9433333333333334,0.00998645168764533,discard,0.335235
3381,3381,0.9433333333333334,0.00998645168764533,request_rescan,0.335329
3382,3382,0.9433333333333334,0.00998645168764533,discard,0.335423
3383,3383,0.9433333333333334,0.00998645168764533,discard,0.335526
3384,3384,0.9433333333333334,0.00998645168764533,discard,0.335632
3385,3385,0.9433333333333334,0.00998645168764533,discard,0.335728
3386,3386,0.9433333333333334,0.00998645168764533,request_rescan,0.335824
3387,3387,0.9433333333333334,0.00998645168764533,discard,0.335921
3388,3388,0.9433333333333334,0.00998645168764533,request_rescan,0.336022
3389,3389,0.9433333333333334,0.00998645168764533,discard,0.336116
3390,3390,0.9433333333333334,0.00998645168764533,discard,0.336213
3391,3391,0.9433333333333334,0.00998645168764533,request_rescan,0.336311
3392,3392,0.9433333333333334,0.00998645168764533,request_rescan,0.33642
3393,3393,0.9433333333333334,0.00998645168764533,request_rescan,0.336552
3394,3394,0.9433333333333334,0.00998645168764533,request_rescan,0.336661
3395,3395,0.9433333333333334,0.00998645168764533,discard,0.336762
3396,3396,0.9433333333333334,0.00998645168764533,request_rescan,0.336859
3397,3397,0.9433333333333334,0.00998645168764533,discard,0.336955
3398,3398,0.9433333333333334,0.00998645168764533,request_rescan,0.337051
3399,3399,0.9433333333333334,0.00998645168764533,discard,0.337151
3400,3400,0.9433333333333334,0.00998645168764533,request_rescan,0.337247
3401,3401,0.9433333333333334,0.00998645168764533,request_rescan,0.33738
3402,3402,0.9433333333333334,0.00998645168764533,request_rescan,0.337481
3403,3403,0.9433333333333334,0.00998645168764533,request_rescan,0.337577
3404,3404,0.9433333333333334,0.00998645168764533,request_rescan,0.337671
3405,3405,0.9433333333333334,0.00998645168764533,discard,0.337767
3406,3406,0.9433333333333334,0.00998645168764533,request_rescan,0.337865
3407,3407,0.9433333333333334,0.00998645168764533,request_rescan,0.337962
3408,3408,0.9433333333333334,0.00998645168764533,request_rescan,0.338056
3409,3409,0.9433333333333334,0.00998645168764533,discard,0.338152
3410,3410,0.9433333333333334,0.00998645168764533,discard,0.33825
3411,3411,0.9433333333333334,0.00998645168764533,request_rescan,0.338344
3412,3412,0.9433333333333334,0.00998645168764533,request_rescan,0.338441
3413,3413,0.9433333333333334,0.00998645168764533,discard,0.338538
3414,3414,0.9433333333333334,0.00998645168764533,request_rescan,0.338631
3415,3415,0.9433333333333334,0.00998645168764533,request_rescan,0.338726
3416,3416,0.9433333333333334,0.00998645168764533,discard,0.338826
3417,3417,0.9433333333333334,0.00998645168764533,request_rescan,0.338924
3418,3418,0.9433333333333334,0.00998645168764533,discard,0.339023
3419,3419,0.9433333333333334,0.00998645168764533,request_rescan,0.33912
3420,3420,0.9433333333333334,0.00998645168764533,discard,0.339214
3421,3421,0.9433333333333334,0.00998645168764533,discard,0.33931
3422,3422,0.9433333333333334,0.00998645168764533,discard,0.339404
3423,3423,0.9433333333333334,0.00998645168764533,discard,0.339498
3424,3424,0.9433333333333334,0.00998645168764533,discard,0.339589
3425,3425,0.9433333333333334,0.00998645168764533,request_rescan,0.339687
3426,3426,0.9433333333333334,0.00998645168764533,discard,0.339784
3427,3427,0.9433333333333334,0.00998645168764533,request_rescan,0.33988
3428,3428,0.9433333333333334,0.00998645168764533,discard,0.339979
3429,3429,0.9433333333333334,0.00998645168764533,request_rescan,0.340074
3430,3430,0.9433333333333334,0.00998645168764533,discard,0.340167
3431,3431,0.9433333333333334,0.00998645168764533,discard,0.340261
3432,3432,0.9433333333333334,0.00998645168764533,request_rescan,0.340357
3433,3433,0.9433333333333334,0.00998645168764533,discard,0.340458
3434,3434,0.9433333333333334,0.00998645168764533,request_rescan,0.340561
3435,3435,0.9433333333333334,0.00998645168764533,discard,0.340661
3436,3436,0.9433333333333334,0.00998645168764533,request_rescan,0.340757
3437,3437,0.9433333333333334,0.00998645168764533,discard,0.340852
3438,3438,0.9433333333333334,0.00998645168764533,discard,0.34095
3439,3439,0.9433333333333334,0.00998645168764533,request_rescan,0.341042
3440,3440,0.9433333333333334,0.00998645168764533,discard,0.341181
3441,3441,0.9433333333333334,0.00998645168764533,discard,0.341283
3442,3442,0.9433333333333334,0.00998645168764533,request_rescan,0.341382
3443,3443,0.9433333333333334,0.00998645168764533,request_rescan,0.341482
3444,3444,0.9433333333333334,0.00998645168764533,request_rescan,0.341578
3445,3445,0.9433333333333334,0.00998645168764533,discard,0.341672
3446,3446,0.9433333333333334,0.00998645168764533,request_rescan,0.341766
3447,3447,0.9433333333333334,0.00998645168764533,request_rescan,0.34186
3448,3448,0.9433333333333334,0.00998645168764533,discard,0.341957
3449,3449,0.9433333333333334,0.00998645168764533,request_rescan,0.342055
3450,3450,0.9433333333333334,0.00998645168764533,request_rescan,0.342154
3451,3451,0.9433333333333334,0.00998645168764533,request_rescan,0.342252
3452,3452,0.9433333333333334,0.00998645168764533,discard,0.34235
3453,3453,0.9433333333333334,0.00998645168764533,discard,0.342445
3454,3454,0.9433333333333334,0.00998645168764533,discard,0.342542
3455,3455,0.9433333333333334,0.00998645168764533,discard,0.342635
3456,3456,0.9433333333333334,0.00998645168764533,discard,0.342726
3457,3457,0.9433333333333334,0.00998645168764533,request_rescan,0.342822
3458,3458,0.9433333333333334,0.00998645168764533,discard,0.342923
3459,3459,0.76,0.00998645168764533,log_and_continue,0.343027
3460,3460,0.9433333333333334,0.00998645168764533,request_rescan,0.343123
3461,3461,0.9433333333333334,0.00998645168764533,discard,0.343222
3462,3462,0.9433333333333334,0.00998645168764533,request_rescan,0.34332
3463,3463,0.9433333333333334,0.00998645168764533,discard,0.343416
3464,3464,0.9433333333333334,0.00998645168764533,discard,0.343524
3465,3465,0.9433333333333334,0.00998645168764533,discard,0.343625
3466,3466,0.76,0.00998645168764533,discard,0.343725
3467,3467,0.9433333333333334,0.00998645168764533,request_rescan,0.343823
3468,3468,0.9433333333333334,0.00998645168764533,request_rescan,0.343918
3469,3469,0.9433333333333334,0.00998645168764533,request_rescan,0.344013
3470,3470,0.9433333333333334,0.00998645168764533,discard,0.344111
3471,3471,0.9433333333333334,0.00998645168764533,discard,0.344212
3472,3472,0.9433333333333334,0.00998645168764533,discard,0.344311
3473,3473,0.9433333333333334,0.00998645168764533,request_rescan,0.34441
3474,3474,0.9433333333333334,0.00998645168764533,discard,0.344509
3475,3475,0.9433333333333334,0.00998645168764533,request_rescan,0.344605
3476,3476,0.9433333333333334,0.00998645168764533,request_rescan,0.344699
3477,3477,0.9433333333333334,0.00998645168764533,discard,0.344798
3478,3478,0.9433333333333334,0.00998645168764533,discard,0.344894
3479,3479,0.9433333333333334,0.00998645168764533,discard,0.344995
3480,3480,0.9433333333333334,0.00998645168764533,discard,0.34509
3481,3481,0.9433333333333334,0.00998645168764533,discard,0.345186
3482,3482,0.9433333333333334,0.00998645168764533,discard,0.34528
3483,3483,0.9433333333333334,0.00998645168764533,request_rescan,0.345377
3484,3484,0.9433333333333334,0.00998645168764533,request_rescan,0.345513
3485,3485,0.9433333333333334,0.00998645168764533,request_rescan,0.345611
3486,3486,0.9433333333333334,0.00998645168764533,discard,0.345711
3487,3487,0.9433333333333334,0.00998645168764533,discard,0.345808
3488,3488,0.9433333333333334,0.00998645168764533,request_rescan,0.345904
3489,3489,0.9433333333333334,0.00998645168764533,request_rescan,0.346013
3490,3490,0.9433333333333334,0.00998645168764533,discard,0.346109
3491,3491,0.9433333333333334,0.00998645168764533,request_rescan,0.346212
3492,3492,0.9433333333333334,0.00998645168764533,request_rescan,0.346326
3493,3493,0.9433333333333334,0.00998645168764533,request_rescan,0.346469
3494,3494,0.9433333333333334,0.00998645168764533,request_rescan,0.346571
3495,3495,0.9433333333333334,0.00998645168764533,request_rescan,0.34667
3496,3496,0.9433333333333334,0.00998645168764533,discard,0.346765
3497,3497,0.9433333333333334,0.00998645168764533,discard,0.346863
3498,3498,0.9433333333333334,0.00998645168764533,request_rescan,0.346958
3499,3499,0.9433333333333334,0.00998645168764533,request_rescan,0.34705
3500,3500,0.9433333333333334,0.00998645168764533,request_rescan,0.347146
3501,3501,0.9433333333333334,0.00998645168764533,discard,0.34731
3502,3502,0.9433333333333334,0.00998645168764533,discard,0.347408
3503,3503,0.9433333333333334,0.00998645168764533,request_rescan,0.347509
3504,3504,0.9433333333333334,0.00998645168764533,discard,0.34761
3505,3505,0.9433333333333334,0.00998645168764533,discard,0.347709
3506,3506,0.9433333333333334,0.00998645168764533,discard,0.347805
3507,3507,0.9433333333333334,0.00998645168764533,discard,0.347899
3508,3508,0.9433333333333334,0.00998645168764533,discard,0.347995
3509,3509,0.9433333333333334,0.00998645168764533,discard,0.348096
3510,3510,0.9433333333333334,0.00998645168764533,request_rescan,0.348195
3511,3511,0.9433333333333334,0.00998645168764533,discard,0.348291
3512,3512,0.9433333333333334,0.00998645168764533,discard,0.348385
3513,3513,0.9433333333333334,0.00998645168764533,request_rescan,0.348507
3514,3514,0.9433333333333334,0.00998645168764533,discard,0.348614
3515,3515,0.9433333333333334,0.00998645168764533,request_rescan,0.348714
3516,3516,0.9433333333333334,0.00998645168764533,request_rescan,0.348809
3517,3517,0.9433333333333334,0.00998645168764533,request_rescan,0.348902
3518,3518,0.9433333333333334,0.00998645168764533,request_rescan,0.348998
3519,3519,0.9433333333333334,0.00998645168764533,discard,0.349095
3520,3520,0.9433333333333334,0.00998645168764533,discard,0.349191
3521,3521,0.9433333333333334,0.00998645168764533,discard,0.349286
3522,3522,0.9433333333333334,0.00998645168764533,discard,0.349397
3523,3523,0.9433333333333334,0.00998645168764533,request_rescan,0.349524
3524,3524,0.9433333333333334,0.00998645168764533,request_rescan,0.34963
3525,3525,0.9433333333333334,0.00998645168764533,discard,0.349725
3526,3526,0.9433333333333334,0.00998645168764533,discard,0.349822
3527,3527,0.9433333333333334,0.00998645168764533,request_rescan,0.349917
3528,3528,0.9433333333333334,0.00998645168764533,request_rescan,0.350018
3529,3529,0.9433333333333334,0.00998645168764533,request_rescan,0.350115
3530,3530,0.9433333333333334,0.00998645168764533,request_rescan,0.350212
3531,3531,0.9433333333333334,0.00998645168764533,discard,0.350308
3532,3532,0.9433333333333334,0.00998645168764533,discard,0.350404
3533,3533,0.9433333333333334,0.00998645168764533,request_rescan,0.350504
3534,3534,0.9433333333333334,0.00998645168764533,request_rescan,0.350604
3535,3535,0.9433333333333334,0.00998645168764533,discard,0.3507
3536,3536,0.9433333333333334,0.00998645168764533,discard,0.350796
3537,3537,0.9433333333333334,0.00998645168764533,discard,0.35089
3538,3538,0.9433333333333334,0.00998645168764533,discard,0.350989
3539,3539,0.9433333333333334,0.00998645168764533,discard,0.351084
3540,3540,0.9433333333333334,0.00998645168764533,request_rescan,0.351179
3541,3541,0.9433333333333334,0.00998645168764533,discard,0.351272
3542,3542,0.9433333333333334,0.00998645168764533,discard,0.35137
3543,3543,0.9433333333333334,0.00998645168764533,discard,0.351474
3544,3544,0.9433333333333334,0.00998645168764533,discard,0.351571
3545,3545,0.9433333333333334,0.00998645168764533,request_rescan,0.351668
3546,3546,0.9433333333333334,0.00998645168764533,request_rescan,0.351765
3547,3547,0.9433333333333334,0.00998645168764533,discard,0.351859
3548,3548,0.9433333333333334,0.00998645168764533,request_rescan,0.351956
3549,3549,0.9433333333333334,0.00998645168764533,discard,0.352051
3550,3550,0.9433333333333334,0.00998645168764533,request_rescan,0.352149
3551,3551,0.9433333333333334,0.00998645168764533,discard,0.352249
3552,3552,0.9433333333333334,0.00998645168764533,request_rescan,0.352344
3553,3553,0.9433333333333334,0.00998645168764533,request_rescan,0.35244
3554,3554,0.9433333333333334,0.00998645168764533,request_rescan,0.352538
3555,3555,0.9433333333333334,0.00998645168764533,discard,0.352636
3556,3556,0.9433333333333334,0.00998645168764533,request_rescan,0.35273
3557,3557,0.9433333333333334,0.00998645168764533,request_rescan,0.352824
3558,3558,0.9433333333333334,0.00998645168764533,request_rescan,0.352915
3559,3559,0.9433333333333334,0.00998645168764533,discard,0.353009
3560,3560,0.9433333333333334,0.00998645168764533,request_rescan,0.353106
3561,3561,0.9433333333333334,0.00998645168764533,discard,0.353201
3562,3562,0.9433333333333334,0.00998645168764533,request_rescan,0.353295
3563,3563,0.9433333333333334,0.00998645168764533,discard,0.353392
3564,3564,0.9433333333333334,0.00998645168764533,discard,0.353489
3565,3565,0.9433333333333334,0.00998645168764533,request_rescan,0.353589
3566,3566,0.9433333333333334,0.00998645168764533,request_rescan,0.353686
3567,3567,0.9433333333333334,0.00998645168764533,request_rescan,0.353779
3568,3568,0.9433333333333334,0.00998645168764533,discard,0.353874
3569,3569,0.9433333333333334,0.00998645168764533,request_rescan,0.353969
3570,3570,0.9433333333333334,0.00998645168764533,request_rescan,0.354064
3571,3571,0.9433333333333334,0.00998645168764533,request_rescan,0.354156
3572,3572,0.9433333333333334,0.00998645168764533,discard,0.354248
3573,3573,0.9433333333333334,0.00998645168764533,discard,0.354346
3574,3574,0.9433333333333334,0.00998645168764533,request_rescan,0.354441
3575,3575,0.9433333333333334,0.00998645168764533,discard,0.354541
3576,3576,0.9433333333333334,0.00998645168764533,request_rescan,0.354638
3577,3577,0.9433333333333334,0.00998645168764533,discard,0.354735
3578,3578,0.9433333333333334,0.00998645168764533,discard,0.354828
3579,3579,0.9433333333333334,0.00998645168764533,request_rescan,0.354922
3580,3580,0.9433333333333334,0.00998645168764533,discard,0.355013
3581,3581,0.9433333333333334,0.00998645168764533,discard,0.355109
3582,3582,0.9433333333333334,0.00998645168764533,request_rescan,0.355203
3583,3583,0.9433333333333334,0.00998645168764533,request_rescan,0.355298
3584,3584,0.9433333333333334,0.00998645168764533,request_rescan,0.355394
3585,3585,0.9433333333333334,0.00998645168764533,discard,0.355493
3586,3586,0.9433333333333334,0.00998645168764533,discard,0.355585
3587,3587,0.9433333333333334,0.00998645168764533,request_rescan,0.355682
3588,3588,0.9433333333333334,0.00998645168764533,discard,0.355786
3589,3589,0.9433333333333334,0.00998645168764533,request_rescan,0.355885
3590,3590,0.9433333333333334,0.00998645168764533,discard,0.355982
3591,3591,0.9433333333333334,0.00998645168764533,request_rescan,0.356076
3592,3592,0.9433333333333334,0.00998645168764533,request_rescan,0.356172
3593,3593,0.9433333333333334,0.00998645168764533,discard,0.356269
3594,3594,0.9433333333333334,0.00998645168764533,request_rescan,0.356363
3595,3595,0.9433333333333334,0.00998645168764533,discard,0.356467
3596,3596,0.9433333333333334,0.00998645168764533,discard,0.356569
3597,3597,0.9433333333333334,0.00998645168764533,discard,0.356665
3598,3598,0.9433333333333334,0.00998645168764533,request_rescan,0.356762
3599,3599,0.9433333333333334,0.00998645168764533,request_rescan,0.356858
3600,3600,0.9433333333333334,0.00998645168764533,request_rescan,0.356952
3601,3601,0.9433333333333334,0.00998645168764533,request_rescan,0.357078
3602,3602,0.9433333333333334,0.00998645168764533,discard,0.357177
3603,3603,0.9433333333333334,0.00998645168764533,request_rescan,0.35727
3604,3604,0.9433333333333334,0.00998645168764533,request_rescan,0.357365
3605,3605,0.9433333333333334,0.00998645168764533,discard,0.357466
3606,3606,0.9433333333333334,0.00998645168764533,discard,0.357568
3607,3607,0.9433333333333334,0.00998645168764533,discard,0.357665
3608,3608,0.9433333333333334,0.00998645168764533,discard,0.357803
3609,3609,0.9433333333333334,0.00998645168764533,request_rescan,0.357901
3610,3610,0.9433333333333334,0.00998645168764533,discard,0.357997
3611,3611,0.9433333333333334,0.00998645168764533,request_rescan,0.358092
3612,3612,0.76,0.00998645168764533,log_and_continue,0.358195
3613,3613,0.9433333333333334,0.00998645168764533,discard,0.358299
3614,3614,0.9433333333333334,0.00998645168764533,discard,0.358397
3615,3615,0.9433333333333334,0.00998645168764533,discard,0.358497
3616,3616,0.9433333333333334,0.00998645168764533,request_rescan,0.358605
3617,3617,0.9433333333333334,0.00998645168764533,discard,0.358702
3618,3618,0.9433333333333334,0.00998645168764533,discard,0.358798
3619,3619,0.9433333333333334,0.00998645168764533,request_rescan,0.358895
3620,3620,0.9433333333333334,0.00998645168764533,discard,0.358996
3621,3621,0.9433333333333334,0.00998645168764533,request_rescan,0.359093
3622,3622,0.9433333333333334,0.00998645168764533,request_rescan,0.359189
3623,3623,0.9433333333333334,0.00998645168764533,discard,0.359285
3624,3624,0.9433333333333334,0.00998645168764533,request_rescan,0.35938
3625,3625,0.9433333333333334,0.00998645168764533,discard,0.359504
3626,3626,0.9433333333333334,0.00998645168764533,discard,0.359627
3627,3627,0.9433333333333334,0.00998645168764533,request_rescan,0.359733
3628,3628,0.9433333333333334,0.00998645168764533,discard,0.35983
3629,3629,0.9433333333333334,0.00998645168764533,request_rescan,0.359926
3630,3630,0.9433333333333334,0.00998645168764533,request_rescan,0.360022
3631,3631,0.9433333333333334,0.00998645168764533,discard,0.36012
3632,3632,0.9433333333333334,0.00998645168764533,discard,0.360218
3633,3633,0.9433333333333334,0.00998645168764533,discard,0.360316
3634,3634,0.9433333333333334,0.00998645168764533,request_rescan,0.360413
3635,3635,0.9433333333333334,0.00998645168764533,request_rescan,0.360511
3636,3636,0.9433333333333334,0.00998645168764533,request_rescan,0.360603
3637,3637,0.9433333333333334,0.00998645168764533,request_rescan,0.360695
3638,3638,0.76,0.00998645168764533,log_and_continue,0.360796
3639,3639,0.9433333333333334,0.00998645168764533,request_rescan,0.360895
3640,3640,0.9433333333333334,0.00998645168764533,discard,0.360991
3641,3641,0.9433333333333334,0.00998645168764533,request_rescan,0.361086
3642,3642,0.9433333333333334,0.00998645168764533,request_rescan,0.361179
3643,3643,0.9433333333333334,0.00998645168764533,request_rescan,0.361271
3644,3644,0.9433333333333334,0.00998645168764533,discard,0.361368
3645,3645,0.9433333333333334,0.00998645168764533,discard,0.36147
3646,3646,0.9433333333333334,0.00998645168764533,discard,0.36157
3647,3647,0.9433333333333334,0.00998645168764533,discard,0.361668
3648,3648,0.9433333333333334,0.00998645168764533,request_rescan,0.361765
3649,3649,0.9433333333333334,0.00998645168764533,request_rescan,0.361865
3650,3650,0.9433333333333334,0.00998645168764533,request_rescan,0.361959
3651,3651,0.9433333333333334,0.00998645168764533,request_rescan,0.362076
3652,3652,0.9433333333333334,0.00998645168764533,discard,0.362173
3653,3653,0.9433333333333334,0.00998645168764533,request_rescan,0.362277
3654,3654,0.9433333333333334,0.00998645168764533,request_rescan,0.362377
3655,3655,0.9433333333333334,0.00998645168764533,discard,0.362474
3656,3656,0.9433333333333334,0.00998645168764533,discard,0.362588
3657,3657,0.9433333333333334,0.00998645168764533,request_rescan,0.362686
3658,3658,0.9433333333333334,0.00998645168764533,request_rescan,0.362782
3659,3659,0.9433333333333334,0.00998645168764533,discard,0.36288
3660,3660,0.9433333333333334,0.00998645168764533,discard,0.362982
3661,3661,0.9433333333333334,0.00998645168764533,request_rescan,0.363102
3662,3662,0.9433333333333334,0.00998645168764533,discard,0.3632
3663,3663,0.9433333333333334,0.00998645168764533,discard,0.363294
3664,3664,0.9433333333333334,0.00998645168764533,discard,0.363389
3665,3665,0.9433333333333334,0.00998645168764533,discard,0.363493
3666,3666,0.9433333333333334,0.00998645168764533,request_rescan,0.36361
3667,3667,0.9433333333333334,0.00998645168764533,request_rescan,0.363712
3668,3668,0.9433333333333334,0.00998645168764533,discard,0.363808
3669,3669,0.9433333333333334,0.00998645168764533,request_rescan,0.363904
3670,3670,0.9433333333333334,0.00998645168764533,request_rescan,0.363997
3671,3671,0.9433333333333334,0.00998645168764533,discard,0.364097
3672,3672,0.9433333333333334,0.00998645168764533,discard,0.364204
3673,3673,0.9433333333333334,0.00998645168764533,request_rescan,0.364328
3674,3674,0.9433333333333334,0.00998645168764533,discard,0.364443
3675,3675,0.9433333333333334,0.00998645168764533,discard,0.364541
3676,3676,0.9433333333333334,0.00998645168764533,discard,0.364633
3677,3677,0.9433333333333334,0.00998645168764533,request_rescan,0.364747
3678,3678,0.9433333333333334,0.00998645168764533,request_rescan,0.364842
3679,3679,0.9433333333333334,0.00998645168764533,request_rescan,0.364935
3680,3680,0.9433333333333334,0.00998645168764533,request_rescan,0.365034
3681,3681,0.9433333333333334,0.00998645168764533,discard,0.365137
3682,3682,0.9433333333333334,0.00998645168764533,discard,0.365235
3683,3683,0.9433333333333334,0.00998645168764533,discard,0.365332
3684,3684,0.9433333333333334,0.00998645168764533,request_rescan,0.365428
3685,3685,0.9433333333333334,0.00998645168764533,request_rescan,0.36553
3686,3686,0.9433333333333334,0.00998645168764533,discard,0.365634
3687,3687,0.9433333333333334,0.00998645168764533,request_rescan,0.365737
3688,3688,0.9433333333333334,0.00998645168764533,discard,0.365834
3689,3689,0.9433333333333334,0.00998645168764533,request_rescan,0.365929
3690,3690,0.9433333333333334,0.00998645168764533,discard,0.366023
3691,3691,0.9433333333333334,0.00998645168764533,request_rescan,0.366115
3692,3692,0.9433333333333334,0.00998645168764533,discard,0.366209
3693,3693,0.9433333333333334,0.00998645168764533,discard,0.366304
3694,3694,0.9433333333333334,0.00998645168764533,request_rescan,0.366398
3695,3695,0.9433333333333334,0.00998645168764533,request_rescan,0.366497
3696,3696,0.9433333333333334,0.00998645168764533,request_rescan,0.366597
3697,3697,0.9433333333333334,0.00998645168764533,request_rescan,0.366695
3698,3698,0.9433333333333334,0.00998645168764533,request_rescan,0.366791
3699,3699,0.9433333333333334,0.00998645168764533,discard,0.366886
3700,3700,0.9433333333333334,0.00998645168764533,request_rescan,0.366982
3701,3701,0.9433333333333334,0.00998645168764533,request_rescan,0.367133
3702,3702,0.9433333333333334,0.00998645168764533,request_rescan,0.367239
3703,3703,0.9433333333333334,0.00998645168764533,discard,0.367345
3704,3704,0.9433333333333334,0.00998645168764533,discard,0.367443
3705,3705,0.9433333333333334,0.00998645168764533,request_rescan,0.367546
3706,3706,0.9433333333333334,0.00998645168764533,discard,0.367644
3707,3707,0.9433333333333334,0.00998645168764533,request_rescan,0.36774
3708,3708,0.9433333333333334,0.00998645168764533,discard,0.367835
3709,3709,0.9433333333333334,0.00998645168764533,discard,0.367938
3710,3710,0.9433333333333334,0.00998645168764533,discard,0.368038
3711,3711,0.9433333333333334,0.00998645168764533,discard,0.368136
3712,3712,0.9433333333333334,0.00998645168764533,discard,0.368234
3713,3713,0.9433333333333334,0.00998645168764533,request_rescan,0.368329
3714,3714,0.9433333333333334,0.00998645168764533,discard,0.368421
3715,3715,0.9433333333333334,0.00998645168764533,discard,0.368525
3716,3716,0.9433333333333334,0.00998645168764533,request_rescan,0.368623
3717,3717,0.9433333333333334,0.00998645168764533,request_rescan,0.368718
3718,3718,0.9433333333333334,0.00998645168764533,discard,0.368814
3719,3719,0.9433333333333334,0.00998645168764533,request_rescan,0.368909
3720,3720,0.9433333333333334,0.00998645168764533,request_rescan,0.369004
3721,3721,0.9433333333333334,0.00998645168764533,discard,0.369102
3722,3722,0.9433333333333334,0.00998645168764533,discard,0.369198
3723,3723,0.9433333333333334,0.00998645168764533,discard,0.369297
3724,3724,0.9433333333333334,0.00998645168764533,request_rescan,0.369405
3725,3725,0.9433333333333334,0.00998645168764533,request_rescan,0.36951
3726,3726,0.9433333333333334,0.00998645168764533,discard,0.369606
3727,3727,0.9433333333333334,0.00998645168764533,request_rescan,0.369704
3728,3728,0.9433333333333334,0.00998645168764533,discard,0.369804
3729,3729,0.9433333333333334,0.00998645168764533,discard,0.3699
3730,3730,0.9433333333333334,0.00998645168764533,discard,0.369995
3731,3731,0.9433333333333334,0.00998645168764533,discard,0.370098
3732,3732,0.9433333333333334,0.00998645168764533,discard,0.370197
3733,3733,0.9433333333333334,0.00998645168764533,discard,0.370294
3734,3734,0.9433333333333334,0.00998645168764533,discard,0.370392
3735,3735,0.9433333333333334,0.00998645168764533,request_rescan,0.370501
3736,3736,0.9433333333333334,0.00998645168764533,request_rescan,0.370603
3737,3737,0.9433333333333334,0.00998645168764533,request_rescan,0.370699
3738,3738,0.9433333333333334,0.00998645168764533,request_rescan,0.370795
3739,3739,0.9433333333333334,0.00998645168764533,request_rescan,0.370889
3740,3740,0.9433333333333334,0.00998645168764533,request_rescan,0.370983
3741,3741,0.9433333333333334,0.00998645168764533,discard,0.371083
3742,3742,0.9433333333333334,0.00998645168764533,request_rescan,0.371179
3743,3743,0.9433333333333334,0.00998645168764533,request_rescan,0.371279
3744,3744,0.9433333333333334,0.00998645168764533,request_rescan,0.371377
3745,3745,0.9433333333333334,0.00998645168764533,discard,0.371477
3746,3746,0.9433333333333334,0.00998645168764533,request_rescan,0.371572
3747,3747,0.9433333333333334,0.00998645168764533,discard,0.371668
3748,3748,0.9433333333333334,0.00998645168764533,discard,0.371765
3749,3749,0.9433333333333334,0.00998645168764533,request_rescan,0.371858
3750,3750,0.9433333333333334,0.00998645168764533,discard,0.371952
3751,3751,0.9433333333333334,0.00998645168764533,discard,0.37205
3752,3752,0.9433333333333334,0.00998645168764533,discard,0.372143
3753,3753,0.9433333333333334,0.00998645168764533,discard,0.372236
3754,3754,0.9433333333333334,0.00998645168764533,request_rescan,0.372333
3755,3755,0.9433333333333334,0.00998645168764533,request_rescan,0.37243
3756,3756,0.9433333333333334,0.00998645168764533,discard,0.372526
3757,3757,0.9433333333333334,0.00998645168764533,request_rescan,0.372623
3758,3758,0.9433333333333334,0.00998645168764533,request_rescan,0.372716
3759,3759,0.9433333333333334,0.00998645168764533,request_rescan,0.372808
3760,3760,0.9433333333333334,0.00998645168764533,request_rescan,0.372901
3761,3761,0.9433333333333334,0.00998645168764533,request_rescan,0.372996
3762,3762,0.9433333333333334,0.00998645168764533,discard,0.373095
3763,3763,0.9433333333333334,0.00998645168764533,request_rescan,0.373191
3764,3764,0.9433333333333334,0.00998645168764533,discard,0.373285
3765,3765,0.9433333333333334,0.00998645168764533,request_rescan,0.373381
3766,3766,0.9433333333333334,0.00998645168764533,discard,0.373476
3767,3767,0.9433333333333334,0.00998645168764533,discard,0.373572
3768,3768,0.9433333333333334,0.00998645168764533,discard,0.373674
3769,3769,0.9433333333333334,0.00998645168764533,discard,0.373768
3770,3770,0.9433333333333334,0.00998645168764533,discard,0.373863
3771,3771,0.9433333333333334,0.00998645168764533,discard,0.373957
3772,3772,0.9433333333333334,0.00998645168764533,discard,0.374049
3773,3773,0.9433333333333334,0.00998645168764533,request_rescan,0.374146
3774,3774,0.9433333333333334,0.00998645168764533,request_rescan,0.374239
3775,3775,0.9433333333333334,0.00998645168764533,request_rescan,0.374337
3776,3776,0.9433333333333334,0.00998645168764533,request_rescan,0.374473
3777,3777,0.9433333333333334,0.00998645168764533,discard,0.37458
3778,3778,0.9433333333333334,0.00998645168764533,discard,0.374697
3779,3779,0.9433333333333334,0.00998645168764533,request_rescan,0.374801
3780,3780,0.9433333333333334,0.00998645168764533,request_rescan,0.374894
3781,3781,0.9433333333333334,0.00998645168764533,discard,0.374992
3782,3782,0.9433333333333334,0.00998645168764533,request_rescan,0.375086
3783,3783,0.9433333333333334,0.00998645168764533,request_rescan,0.375185
3784,3784,0.9433333333333334,0.00998645168764533,request_rescan,0.375281
3785,3785,0.9433333333333334,0.00998645168764533,request_rescan,0.375376
3786,3786,0.9433333333333334,0.00998645168764533,request_rescan,0.375474
3787,3787,0.9433333333333334,0.00998645168764533,request_rescan,0.375573
3788,3788,0.9433333333333334,0.00998645168764533,request_rescan,0.375672
3789,3789,0.9433333333333334,0.00998645168764533,request_rescan,0.37577
3790,3790,0.9433333333333334,0.00998645168764533,request_rescan,0.375864
3791,3791,0.9433333333333334,0.00998645168764533,request_rescan,0.375959
3792,3792,0.9433333333333334,0.00998645168764533,request_rescan,0.376051
3793,3793,0.9433333333333334,0.00998645168764533,request_rescan,0.376145
3794,3794,0.9433333333333334,0.00998645168764533,discard,0.376245
3795,3795,0.9433333333333334,0.00998645168764533,request_rescan,0.37634
3796,3796,0.9433333333333334,0.00998645168764533,request_rescan,0.376432
3797,3797,0.9433333333333334,0.00998645168764533,request_rescan,0.376534
3798,3798,0.9433333333333334,0.00998645168764533,discard,0.376632
3799,3799,0.9433333333333334,0.00998645168764533,request_rescan,0.376727
3800,3800,0.9433333333333334,0.00998645168764533,request_rescan,0.376823
3801,3801,0.9433333333333334,0.00998645168764533,discard,0.376962
3802,3802,0.9433333333333334,0.00998645168764533,discard,0.377066
3803,3803,0.9433333333333334,0.00998645168764533,request_rescan,0.377167
3804,3804,0.9433333333333334,0.00998645168764533,discard,0.377265
3805,3805,0.9433333333333334,0.00998645168764533,request_rescan,0.377361
3806,3806,0.9433333333333334,0.00998645168764533,request_rescan,0.377462
3807,3807,0.9433333333333334,0.00998645168764533,request_rescan,0.377558
3808,3808,0.9433333333333334,0.00998645168764533,discard,0.377656
3809,3809,0.9433333333333334,0.00998645168764533,discard,0.377761
3810,3810,0.9433333333333334,0.00998645168764533,request_rescan,0.377858
3811,3811,0.9433333333333334,0.00998645168764533,discard,0.377954
3812,3812,0.9433333333333334,0.00998645168764533,request_rescan,0.378049
3813,3813,0.9433333333333334,0.00998645168764533,request_rescan,0.378158
3814,3814,0.9433333333333334,0.00998645168764533,request_rescan,0.37827
3815,3815,0.9433333333333334,0.00998645168764533,discard,0.378367
3816,3816,0.9433333333333334,0.00998645168764533,request_rescan,0.378466
3817,3817,0.9433333333333334,0.00998645168764533,discard,0.378564
3818,3818,0.9433333333333334,0.00998645168764533,discard,0.378659
3819,3819,0.9433333333333334,0.00998645168764533,request_rescan,0.378779
3820,3820,0.9433333333333334,0.00998645168764533,request_rescan,0.378878
3821,3821,0.9433333333333334,0.00998645168764533,request_rescan,0.378974
3822,3822,0.9433333333333334,0.00998645168764533,request_rescan,0.37907
3823,3823,0.9433333333333334,0.00998645168764533,discard,0.379182
3824,3824,0.9433333333333334,0.00998645168764533,request_rescan,0.379277
3825,3825,0.9433333333333334,0.00998645168764533,request_rescan,0.379372
3826,3826,0.9433333333333334,0.00998645168764533,discard,0.379472
3827,3827,0.9433333333333334,0.00998645168764533,request_rescan,0.379589
3828,3828,0.9433333333333334,0.00998645168764533,request_rescan,0.379684
3829,3829,0.9433333333333334,0.00998645168764533,discard,0.379777
3830,3830,0.9433333333333334,0.00998645168764533,discard,0.379872
3831,3831,0.9433333333333334,0.00998645168764533,request_rescan,0.379967
3832,3832,0.9433333333333334,0.00998645168764533,request_rescan,0.380062
3833,3833,0.9433333333333334,0.00998645168764533,request_rescan,0.380155
3834,3834,0.9433333333333334,0.00998645168764533,request_rescan,0.38025
3835,3835,0.9433333333333334,0.00998645168764533,discard,0.380349
3836,3836,0.9433333333333334,0.00998645168764533,discard,0.380444
3837,3837,0.9433333333333334,0.00998645168764533,discard,0.380545
3838,3838,0.9433333333333334,0.00998645168764533,request_rescan,0.380642
3839,3839,0.9433333333333334,0.00998645168764533,discard,0.380739
3840,3840,0.9433333333333334,0.00998645168764533,discard,0.380833
3841,3841,0.9433333333333334,0.00998645168764533,request_rescan,0.380933
3842,3842,0.9433333333333334,0.00998645168764533,discard,0.381032
3843,3843,0.9433333333333334,0.00998645168764533,discard,0.381127
3844,3844,0.9433333333333334,0.00998645168764533,discard,0.381225
3845,3845,0.9433333333333334,0.00998645168764533,discard,0.381319
3846,3846,0.9433333333333334,0.00998645168764533,request_rescan,0.381414
3847,3847,0.9433333333333334,0.00998645168764533,discard,0.381515
3848,3848,0.9433333333333334,0.00998645168764533,request_rescan,0.381611
3849,3849,0.9433333333333334,0.00998645168764533,discard,0.381712
3850,3850,0.9433333333333334,0.00998645168764533,discard,0.38183
3851,3851,0.9433333333333334,0.00998645168764533,request_rescan,0.381929
3852,3852,0.9433333333333334,0.00998645168764533,request_rescan,0.382025
3853,3853,0.9433333333333334,0.00998645168764533,discard,0.382118
3854,3854,0.9433333333333334,0.00998645168764533,discard,0.382224
3855,3855,0.9433333333333334,0.00998645168764533,discard,0.382321
3856,3856,0.9433333333333334,0.00998645168764533,discard,0.382415
3857,3857,0.9433333333333334,0.00998645168764533,discard,0.382515
3858,3858,0.9433333333333334,0.00998645168764533,request_rescan,0.382614
3859,3859,0.9433333333333334,0.00998645168764533,request_rescan,0.382709
3860,3860,0.9433333333333334,0.00998645168764533,request_rescan,0.382806
3861,3861,0.9433333333333334,0.00998645168764533,request_rescan,0.382906
3862,3862,0.9433333333333334,0.00998645168764533,request_rescan,0.383005
3863,3863,0.9433333333333334,0.00998645168764533,discard,0.383101
3864,3864,0.9433333333333334,0.00998645168764533,request_rescan,0.383198
3865,3865,0.9433333333333334,0.00998645168764533,discard,0.383295
3866,3866,0.9433333333333334,0.00998645168764533,request_rescan,0.38339
3867,3867,0.9433333333333334,0.00998645168764533,request_rescan,0.383494
3868,3868,0.9433333333333334,0.00998645168764533,request_rescan,0.38359
3869,3869,0.9433333333333334,0.00998645168764533,discard,0.383694
3870,3870,0.9433333333333334,0.00998645168764533,discard,0.383791
3871,3871,0.9433333333333334,0.00998645168764533,discard,0.383888
3872,3872,0.9433333333333334,0.00998645168764533,discard,0.38398
3873,3873,0.9433333333333334,0.00998645168764533,request_rescan,0.384075
3874,3874,0.9433333333333334,0.00998645168764533,request_rescan,0.38417
3875,3875,0.9433333333333334,0.00998645168764533,discard,0.384265
3876,3876,0.9433333333333334,0.00998645168764533,request_rescan,0.384361
3877,3877,0.9433333333333334,0.00998645168764533,discard,0.384454
3878,3878,0.9433333333333334,0.00998645168764533,request_rescan,0.384555
3879,3879,0.9433333333333334,0.00998645168764533,discard,0.384655
3880,3880,0.9433333333333334,0.00998645168764533,discard,0.38475
3881,3881,0.9433333333333334,0.00998645168764533,discard,0.384848
3882,3882,0.9433333333333334,0.00998645168764533,request_rescan,0.384941
3883,3883,0.9433333333333334,0.00998645168764533,discard,0.385037
3884,3884,0.9433333333333334,0.00998645168764533,discard,0.385136
3885,3885,0.9433333333333334,0.00998645168764533,request_rescan,0.385234
3886,3886,0.9433333333333334,0.00998645168764533,request_rescan,0.38533
3887,3887,0.9433333333333334,0.00998645168764533,discard,0.385425
3888,3888,0.9433333333333334,0.00998645168764533,discard,0.385524
3889,3889,0.9433333333333334,0.00998645168764533,request_rescan,0.38562
3890,3890,0.9433333333333334,0.00998645168764533,discard,0.385713
3891,3891,0.9433333333333334,0.00998645168764533,discard,0.385804
3892,3892,0.9433333333333334,0.00998645168764533,request_rescan,0.385899
3893,3893,0.9433333333333334,0.00998645168764533,discard,0.385996
3894,3894,0.9433333333333334,0.00998645168764533,request_rescan,0.386092
3895,3895,0.9433333333333334,0.00998645168764533,discard,0.386185
3896,3896,0.9433333333333334,0.00998645168764533,request_rescan,0.38628
3897,3897,0.9433333333333334,0.00998645168764533,request_rescan,0.386373
3898,3898,0.9433333333333334,0.00998645168764533,discard,0.386468
3899,3899,0.9433333333333334,0.00998645168764533,request_rescan,0.386563
3900,3900,0.9433333333333334,0.00998645168764533,request_rescan,0.386657
3901,3901,0.9433333333333334,0.00998645168764533,discard,0.386809
3902,3902,0.9433333333333334,0.00998645168764533,request_rescan,0.386918
3903,3903,0.9433333333333334,0.00998645168764533,request_rescan,0.387019
3904,3904,0.9433333333333334,0.00998645168764533,discard,0.387118
3905,3905,0.9433333333333334,0.00998645168764533,request_rescan,0.387214
3906,3906,0.9433333333333334,0.00998645168764533,request_rescan,0.387307
3907,3907,0.9433333333333334,0.00998645168764533,request_rescan,0.387401
3908,3908,0.9433333333333334,0.00998645168764533,discard,0.3875
3909,3909,0.9433333333333334,0.00998645168764533,discard,0.387601
3910,3910,0.9433333333333334,0.00998645168764533,request_rescan,0.387698
3911,3911,0.9433333333333334,0.00998645168764533,request_rescan,0.387795
3912,3912,0.9433333333333334,0.00998645168764533,discard,0.38789
3913,3913,0.9433333333333334,0.00998645168764533,discard,0.387986
3914,3914,0.9433333333333334,0.00998645168764533,request_rescan,0.388102
3915,3915,0.9433333333333334,0.00998645168764533,request_rescan,0.38821
3916,3916,0.9433333333333334,0.00998645168764533,discard,0.388311
3917,3917,0.9433333333333334,0.00998645168764533,discard,0.388406
3918,3918,0.9433333333333334,0.00998645168764533,request_rescan,0.388511
3919,3919,0.9433333333333334,0.00998645168764533,request_rescan,0.388613
3920,3920,0.9433333333333334,0.00998645168764533,discard,0.388713
3921,3921,0.9433333333333334,0.00998645168764533,discard,0.388814
3922,3922,0.9433333333333334,0.00998645168764533,discard,0.388909
3923,3923,0.9433333333333334,0.00998645168764533,discard,0.389002
3924,3924,0.9433333333333334,0.00998645168764533,request_rescan,0.389099
3925,3925,0.9433333333333334,0.00998645168764533,request_rescan,0.389195
3926,3926,0.9433333333333334,0.00998645168764533,discard,0.389291
3927,3927,0.9433333333333334,0.00998645168764533,discard,0.389386
3928,3928,0.9433333333333334,0.00998645168764533,request_rescan,0.389485
3929,3929,0.9433333333333334,0.00998645168764533,discard,0.389582
3930,3930,0.9433333333333334,0.00998645168764533,request_rescan,0.389683
3931,3931,0.9433333333333334,0.00998645168764533,discard,0.389783
3932,3932,0.9433333333333334,0.00998645168764533,request_rescan,0.389882
3933,3933,0.9433333333333334,0.00998645168764533,request_rescan,0.389977
3934,3934,0.9433333333333334,0.00998645168764533,discard,0.390075
3935,3935,0.9433333333333334,0.00998645168764533,discard,0.39017
3936,3936,0.9433333333333334,0.00998645168764533,discard,0.390267
3937,3937,0.9433333333333334,0.00998645168764533,request_rescan,0.390368
3938,3938,0.9433333333333334,0.00998645168764533,request_rescan,0.39047
3939,3939,0.9433333333333334,0.00998645168764533,request_rescan,0.390567
3940,3940,0.9433333333333334,0.00998645168764533,request_rescan,0.390663
3941,3941,0.9433333333333334,0.00998645168764533,discard,0.390758
3942,3942,0.9433333333333334,0.00998645168764533,discard,0.390853
3943,3943,0.9433333333333334,0.00998645168764533,discard,0.390945
3944,3944,0.9433333333333334,0.00998645168764533,request_rescan,0.391038
3945,3945,0.9433333333333334,0.00998645168764533,request_rescan,0.391182
3946,3946,0.9433333333333334,0.00998645168764533,request_rescan,0.391291
3947,3947,0.9433333333333334,0.00998645168764533,request_rescan,0.391385
3948,3948,0.9433333333333334,0.00998645168764533,discard,0.391484
3949,3949,0.9433333333333334,0.00998645168764533,request_rescan,0.391578
3950,3950,0.9433333333333334,0.00998645168764533,discard,0.39167
3951,3951,0.76,0.00998645168764533,request_rescan,0.391775
3952,3952,0.9433333333333334,0.00998645168764533,request_rescan,0.391879
3953,3953,0.9433333333333334,0.00998645168764533,discard,0.391981
3954,3954,0.9433333333333334,0.00998645168764533,discard,0.392078
3955,3955,0.9433333333333334,0.00998645168764533,discard,0.39217
3956,3956,0.9433333333333334,0.00998645168764533,request_rescan,0.392264
3957,3957,0.9433333333333334,0.00998645168764533,request_rescan,0.392371
3958,3958,0.9433333333333334,0.00998645168764533,request_rescan,0.392472
3959,3959,0.9433333333333334,0.00998645168764533,discard,0.392577
3960,3960,0.9433333333333334,0.00998645168764533,request_rescan,0.392678
3961,3961,0.9433333333333334,0.00998645168764533,request_rescan,0.392775
3962,3962,0.9433333333333334,0.00998645168764533,discard,0.392871
3963,3963,0.9433333333333334,0.00998645168764533,request_rescan,0.392967
3964,3964,0.9433333333333334,0.00998645168764533,discard,0.393067
3965,3965,0.9433333333333334,0.00998645168764533,request_rescan,0.39316
3966,3966,0.9433333333333334,0.00998645168764533,discard,0.393257
3967,3967,0.9433333333333334,0.00998645168764533,request_rescan,0.393352
3968,3968,0.9433333333333334,0.00998645168764533,request_rescan,0.393451
3969,3969,0.9433333333333334,0.00998645168764533,discard,0.393555
3970,3970,0.9433333333333334,0.00998645168764533,discard,0.393651
3971,3971,0.9433333333333334,0.00998645168764533,request_rescan,0.393746
3972,3972,0.9433333333333334,0.00998645168764533,request_rescan,0.393841
3973,3973,0.9433333333333334,0.00998645168764533,discard,0.393938
3974,3974,0.9433333333333334,0.00998645168764533,discard,0.394033
3975,3975,0.9433333333333334,0.00998645168764533,discard,0.394129
3976,3976,0.9433333333333334,0.00998645168764533,request_rescan,0.394229
3977,3977,0.9433333333333334,0.00998645168764533,discard,0.394324
3978,3978,0.9433333333333334,0.00998645168764533,discard,0.394421
3979,3979,0.9433333333333334,0.00998645168764533,request_rescan,0.394519
3980,3980,0.9433333333333334,0.00998645168764533,request_rescan,0.394614
3981,3981,0.9433333333333334,0.00998645168764533,request_rescan,0.394714
3982,3982,0.9433333333333334,0.00998645168764533,discard,0.394818
3983,3983,0.9433333333333334,0.00998645168764533,request_rescan,0.394915
3984,3984,0.9433333333333334,0.00998645168764533,discard,0.395012
3985,3985,0.9433333333333334,0.00998645168764533,discard,0.395109
3986,3986,0.9433333333333334,0.00998645168764533,request_rescan,0.395205
3987,3987,0.9433333333333334,0.00998645168764533,request_rescan,0.395301
3988,3988,0.9433333333333334,0.00998645168764533,discard,0.395423
3989,3989,0.9433333333333334,0.00998645168764533,request_rescan,0.395525
3990,3990,0.9433333333333334,0.00998645168764533,request_rescan,0.39562
3991,3991,0.9433333333333334,0.00998645168764533,request_rescan,0.395713
3992,3992,0.9433333333333334,0.00998645168764533,request_rescan,0.395808
3993,3993,0.9433333333333334,0.00998645168764533,discard,0.39592
3994,3994,0.9433333333333334,0.00998645168764533,request_rescan,0.396015
3995,3995,0.9433333333333334,0.00998645168764533,request_rescan,0.396108
3996,3996,0.9433333333333334,0.00998645168764533,request_rescan,0.396214
3997,3997,0.9433333333333334,0.00998645168764533,request_rescan,0.396313
3998,3998,0.9433333333333334,0.00998645168764533,discard,0.396415
3999,3999,0.9433333333333334,0.00998645168764533,discard,0.39652
4000,4000,0.9433333333333334,0.00998645168764533,request_rescan,0.396617
4001,4001,0.9433333333333334,0.00998645168764533,discard,0.396801
4002,4002,0.9433333333333334,0.00998645168764533,request_rescan,0.396935
4003,4003,0.9433333333333334,0.00998645168764533,discard,0.397053
4004,4004,0.9433333333333334,0.00998645168764533,discard,0.397149
4005,4005,0.9433333333333334,0.00998645168764533,discard,0.397247
4006,4006,0.9433333333333334,0.00998645168764533,request_rescan,0.397345
4007,4007,0.9433333333333334,0.00998645168764533,request_rescan,0.397443
4008,4008,0.9433333333333334,0.00998645168764533,request_rescan,0.397544
4009,4009,0.9433333333333334,0.00998645168764533,request_rescan,0.397639
4010,4010,0.9433333333333334,0.00998645168764533,request_rescan,0.397733
4011,4011,0.9433333333333334,0.00998645168764533,request_rescan,0.397845
4012,4012,0.9433333333333334,0.00998645168764533,request_rescan,0.397939
4013,4013,0.9433333333333334,0.00998645168764533,discard,0.398035
4014,4014,0.9433333333333334,0.00998645168764533,discard,0.398134
4015,4015,0.9433333333333334,0.00998645168764533,request_rescan,0.398228
4016,4016,0.9433333333333334,0.00998645168764533,discard,0.398328
4017,4017,0.9433333333333334,0.00998645168764533,request_rescan,0.398428
4018,4018,0.9433333333333334,0.00998645168764533,discard,0.398529
4019,4019,0.9433333333333334,0.00998645168764533,discard,0.398623
4020,4020,0.9433333333333334,0.00998645168764533,request_rescan,0.398718
4021,4021,0.9433333333333334,0.00998645168764533,request_rescan,0.398813
4022,4022,0.9433333333333334,0.00998645168764533,discard,0.398909
4023,4023,0.9433333333333334,0.00998645168764533,request_rescan,0.399004
4024,4024,0.9433333333333334,0.00998645168764533,request_rescan,0.3991
4025,4025,0.9433333333333334,0.00998645168764533,request_rescan,0.399196
4026,4026,0.9433333333333334,0.00998645168764533,request_rescan,0.399289
4027,4027,0.9433333333333334,0.00998645168764533,request_rescan,0.399383
4028,4028,0.9433333333333334,0.00998645168764533,request_rescan,0.39948
4029,4029,0.9433333333333334,0.00998645168764533,discard,0.399577
4030,4030,0.9433333333333334,0.00998645168764533,discard,0.399673
4031,4031,0.9433333333333334,0.00998645168764533,discard,0.39977
4032,4032,0.9433333333333334,0.00998645168764533,request_rescan,0.399866
4033,4033,0.9433333333333334,0.00998645168764533,request_rescan,0.39996
4034,4034,0.9433333333333334,0.00998645168764533,request_rescan,0.400054
4035,4035,0.9433333333333334,0.00998645168764533,discard,0.400149
4036,4036,0.9433333333333334,0.00998645168764533,request_rescan,0.400244
4037,4037,0.9433333333333334,0.00998645168764533,discard,0.400339
4038,4038,0.9433333333333334,0.00998645168764533,request_rescan,0.400433
4039,4039,0.9433333333333334,0.00998645168764533,request_rescan,0.400531
4040,4040,0.9433333333333334,0.00998645168764533,discard,0.400632
4041,4041,0.9433333333333334,0.00998645168764533,request_rescan,0.400736
4042,4042,0.9433333333333334,0.00998645168764533,request_rescan,0.400833
4043,4043,0.9433333333333334,0.00998645168764533,discard,0.400932
4044,4044,0.9433333333333334,0.00998645168764533,discard,0.401026
4045,4045,0.9433333333333334,0.00998645168764533,discard,0.401119
4046,4046,0.9433333333333334,0.00998645168764533,discard,0.401212
4047,4047,0.9433333333333334,0.00998645168764533,discard,0.401309
4048,4048,0.9433333333333334,0.00998645168764533,discard,0.401403
4049,4049,0.9433333333333334,0.00998645168764533,request_rescan,0.401521
4050,4050,0.9433333333333334,0.00998645168764533,request_rescan,0.401649
4051,4051,0.9433333333333334,0.00998645168764533,discard,0.401767
4052,4052,0.9433333333333334,0.00998645168764533,request_rescan,0.401862
4053,4053,0.9433333333333334,0.00998645168764533,request_rescan,0.401956
4054,4054,0.9433333333333334,0.00998645168764533,request_rescan,0.402049
4055,4055,0.9433333333333334,0.00998645168764533,request_rescan,0.402143
4056,4056,0.9433333333333334,0.00998645168764533,discard,0.402262
4057,4057,0.9433333333333334,0.00998645168764533,request_rescan,0.402416
4058,4058,0.9433333333333334,0.00998645168764533,request_rescan,0.402528
4059,4059,0.9433333333333334,0.00998645168764533,discard,0.40263
4060,4060,0.9433333333333334,0.00998645168764533,request_rescan,0.402728
4061,4061,0.9433333333333334,0.00998645168764533,request_rescan,0.402826
4062,4062,0.9433333333333334,0.00998645168764533,discard,0.402919
4063,4063,0.9433333333333334,0.00998645168764533,discard,0.403014
4064,4064,0.9433333333333334,0.00998645168764533,discard,0.403129
4065,4065,0.9433333333333334,0.00998645168764533,discard,0.403241
4066,4066,0.9433333333333334,0.00998645168764533,request_rescan,0.40334
4067,4067,0.9433333333333334,0.00998645168764533,request_rescan,0.403437
4068,4068,0.9433333333333334,0.00998645168764533,request_rescan,0.403534
4069,4069,0.9433333333333334,0.00998645168764533,request_rescan,0.403631
4070,4070,0.9433333333333334,0.00998645168764533,request_rescan,0.403725
4071,4071,0.9433333333333334,0.00998645168764533,request_rescan,0.40382
4072,4072,0.9433333333333334,0.00998645168764533,request_rescan,0.403912
4073,4073,0.9433333333333334,0.00998645168764533,discard,0.404012
4074,4074,0.9433333333333334,0.00998645168764533,request_rescan,0.404109
4075,4075,0.9433333333333334,0.00998645168764533,discard,0.404205
4076,4076,0.9433333333333334,0.00998645168764533,discard,0.404303
4077,4077,0.9433333333333334,0.00998645168764533,discard,0.404397
4078,4078,0.9433333333333334,0.00998645168764533,request_rescan,0.40451
4079,4079,0.9433333333333334,0.00998645168764533,discard,0.40461
4080,4080,0.9433333333333334,0.00998645168764533,discard,0.404704
4081,4081,0.9433333333333334,0.00998645168764533,request_rescan,0.4048
4082,4082,0.9433333333333334,0.00998645168764533,request_rescan,0.404894
4083,4083,0.9433333333333334,0.00998645168764533,request_rescan,0.404987
4084,4084,0.9433333333333334,0.00998645168764533,request_rescan,0.405079
4085,4085,0.9433333333333334,0.00998645168764533,request_rescan,0.405175
4086,4086,0.9433333333333334,0.00998645168764533,request_rescan,0.405269
4087,4087,0.9433333333333334,0.00998645168764533,discard,0.405372
4088,4088,0.9433333333333334,0.00998645168764533,discard,0.405471
4089,4089,0.9433333333333334,0.00998645168764533,discard,0.405569
4090,4090,0.9433333333333334,0.00998645168764533,discard,0.405665
4091,4091,0.9433333333333334,0.00998645168764533,request_rescan,0.405762
4092,4092,0.9433333333333334,0.00998645168764533,discard,0.405854
4093,4093,0.9433333333333334,0.00998645168764533,request_rescan,0.405949
4094,4094,0.9433333333333334,0.00998645168764533,discard,0.406048
4095,4095,0.9433333333333334,0.00998645168764533,discard,0.406146
4096,4096,0.9433333333333334,0.00998645168764533,discard,0.406246
4097,4097,0.9433333333333334,0.00998645168764533,discard,0.406339
4098,4098,0.9433333333333334,0.00998645168764533,discard,0.406435
4099,4099,0.9433333333333334,0.00998645168764533,request_rescan,0.406534
4100,4100,0.9433333333333334,0.00998645168764533,request_rescan,0.406642
4101,4101,0.9433333333333334,0.00998645168764533,request_rescan,0.406785
4102,4102,0.9433333333333334,0.00998645168764533,discard,0.406885
4103,4103,0.9433333333333334,0.00998645168764533,discard,0.406981
4104,4104,0.9433333333333334,0.00998645168764533,request_rescan,0.407076
4105,4105,0.9433333333333334,0.00998645168764533,discard,0.40717
4106,4106,0.9433333333333334,0.00998645168764533,request_rescan,0.407264
4107,4107,0.9433333333333334,0.00998645168764533,request_rescan,0.40736
4108,4108,0.9433333333333334,0.00998645168764533,request_rescan,0.407459
4109,4109,0.9433333333333334,0.00998645168764533,discard,0.407557
4110,4110,0.9433333333333334,0.00998645168764533,discard,0.407655
4111,4111,0.9433333333333334,0.00998645168764533,request_rescan,0.407751
4112,4112,0.9433333333333334,0.00998645168764533,request_rescan,0.407893
4113,4113,0.9433333333333334,0.00998645168764533,discard,0.407999
4114,4114,0.9433333333333334,0.00998645168764533,request_rescan,0.4081
4115,4115,0.9433333333333334,0.00998645168764533,discard,0.408199
4116,4116,0.9433333333333334,0.00998645168764533,request_rescan,0.408297
4117,4117,0.9433333333333334,0.00998645168764533,discard,0.408392
4118,4118,0.9433333333333334,0.00998645168764533,request_rescan,0.408494
4119,4119,0.9433333333333334,0.00998645168764533,discard,0.408595
4120,4120,0.9433333333333334,0.00998645168764533,discard,0.408694
4121,4121,0.9433333333333334,0.00998645168764533,discard,0.408787
4122,4122,0.9433333333333334,0.00998645168764533,request_rescan,0.408883
4123,4123,0.76,0.00998645168764533,discard,0.408986
4124,4124,0.9433333333333334,0.00998645168764533,request_rescan,0.409083
4125,4125,0.9433333333333334,0.00998645168764533,request_rescan,0.409183
4126,4126,0.9433333333333334,0.00998645168764533,discard,0.409288
4127,4127,0.9433333333333334,0.00998645168764533,discard,0.409389
4128,4128,0.9433333333333334,0.00998645168764533,discard,0.409487
4129,4129,0.9433333333333334,0.00998645168764533,request_rescan,0.409584
4130,4130,0.9433333333333334,0.00998645168764533,discard,0.40968
4131,4131,0.9433333333333334,0.00998645168764533,request_rescan,0.409775
4132,4132,0.9433333333333334,0.00998645168764533,request_rescan,0.409871
4133,4133,0.9433333333333334,0.00998645168764533,request_rescan,0.409965
4134,4134,0.9433333333333334,0.00998645168764533,discard,0.410062
4135,4135,0.9433333333333334,0.00998645168764533,discard,0.410157
4136,4136,0.9433333333333334,0.00998645168764533,request_rescan,0.410255
4137,4137,0.9433333333333334,0.00998645168764533,discard,0.410355
4138,4138,0.9433333333333334,0.00998645168764533,request_rescan,0.410452
4139,4139,0.9433333333333334,0.00998645168764533,request_rescan,0.41055
4140,4140,0.9433333333333334,0.00998645168764533,request_rescan,0.410642
4141,4141,0.9433333333333334,0.00998645168764533,request_rescan,0.410737
4142,4142,0.9433333333333334,0.00998645168764533,request_rescan,0.410828
4143,4143,0.9433333333333334,0.00998645168764533,request_rescan,0.410923
4144,4144,0.9433333333333334,0.00998645168764533,discard,0.411016
4145,4145,0.9433333333333334,0.00998645168764533,request_rescan,0.411108
4146,4146,0.9433333333333334,0.00998645168764533,discard,0.411206
4147,4147,0.9433333333333334,0.00998645168764533,discard,0.411301
4148,4148,0.9433333333333334,0.00998645168764533,request_rescan,0.411397
4149,4149,0.9433333333333334,0.00998645168764533,request_rescan,0.411493
4150,4150,0.9433333333333334,0.00998645168764533,discard,0.41159
4151,4151,0.9433333333333334,0.00998645168764533,discard,0.411687
4152,4152,0.9433333333333334,0.00998645168764533,discard,0.411781
4153,4153,0.9433333333333334,0.00998645168764533,discard,0.411876
4154,4154,0.9433333333333334,0.00998645168764533,discard,0.411968
4155,4155,0.9433333333333334,0.00998645168764533,request_rescan,0.412116
4156,4156,0.9433333333333334,0.00998645168764533,request_rescan,0.412238
4157,4157,0.9433333333333334,0.00998645168764533,discard,0.412349
4158,4158,0.9433333333333334,0.00998645168764533,discard,0.412444
4159,4159,0.9433333333333334,0.00998645168764533,discard,0.412561
4160,4160,0.9433333333333334,0.00998645168764533,discard,0.412656
4161,4161,0.9433333333333334,0.00998645168764533,discard,0.412752
4162,4162,0.9433333333333334,0.00998645168764533,request_rescan,0.412863
4163,4163,0.9433333333333334,0.00998645168764533,discard,0.41296
4164,4164,0.9433333333333334,0.00998645168764533,request_rescan,0.413057
4165,4165,0.9433333333333334,0.00998645168764533,discard,0.413155
4166,4166,0.9433333333333334,0.00998645168764533,request_rescan,0.41325
4167,4167,0.9433333333333334,0.00998645168764533,discard,0.413346
4168,4168,0.9433333333333334,0.00998645168764533,request_rescan,0.413441
4169,4169,0.9433333333333334,0.00998645168764533,discard,0.413541
4170,4170,0.9433333333333334,0.00998645168764533,request_rescan,0.41364
4171,4171,0.9433333333333334,0.00998645168764533,discard,0.413741
4172,4172,0.9433333333333334,0.00998645168764533,request_rescan,0.413838
4173,4173,0.9433333333333334,0.00998645168764533,request_rescan,0.413934
4174,4174,0.9433333333333334,0.00998645168764533,discard,0.414031
4175,4175,0.9433333333333334,0.00998645168764533,discard,0.414128
4176,4176,0.9433333333333334,0.00998645168764533,discard,0.414222
4177,4177,0.9433333333333334,0.00998645168764533,discard,0.414316
4178,4178,0.9433333333333334,0.00998645168764533,request_rescan,0.414414
4179,4179,0.9433333333333334,0.00998645168764533,discard,0.414519
4180,4180,0.9433333333333334,0.00998645168764533,discard,0.414614
4181,4181,0.9433333333333334,0.00998645168764533,request_rescan,0.41471
4182,4182,0.9433333333333334,0.00998645168764533,discard,0.414804
4183,4183,0.9433333333333334,0.00998645168764533,discard,0.414904
4184,4184,0.9433333333333334,0.00998645168764533,request_rescan,0.415018
4185,4185,0.9433333333333334,0.00998645168764533,request_rescan,0.415127
4186,4186,0.9433333333333334,0.00998645168764533,discard,0.415225
4187,4187,0.76,0.00998645168764533,request_rescan,0.415327
4188,4188,0.9433333333333334,0.00998645168764533,request_rescan,0.415423
4189,4189,0.9433333333333334,0.00998645168764533,request_rescan,0.415524
4190,4190,0.9433333333333334,0.00998645168764533,discard,0.415621
4191,4191,0.9433333333333334,0.00998645168764533,request_rescan,0.415716
4192,4192,0.9433333333333334,0.00998645168764533,discard,0.415811
4193,4193,0.9433333333333334,0.00998645168764533,discard,0.415909
4194,4194,0.9433333333333334,0.00998645168764533,discard,0.416007
4195,4195,0.9433333333333334,0.00998645168764533,discard,0.416101
4196,4196,0.9433333333333334,0.00998645168764533,discard,0.416198
4197,4197,0.9433333333333334,0.00998645168764533,discard,0.416295
4198,4198,0.9433333333333334,0.00998645168764533,request_rescan,0.41639
4199,4199,0.9433333333333334,0.00998645168764533,request_rescan,0.41649
4200,4200,0.9433333333333334,0.00998645168764533,request_rescan,0.416599
4201,4201,0.9433333333333334,0.00998645168764533,request_rescan,0.416776
4202,4202,0.9433333333333334,0.00998645168764533,discard,0.416878
4203,4203,0.9433333333333334,0.00998645168764533,request_rescan,0.416978
4204,4204,0.9433333333333334,0.00998645168764533,discard,0.417073
4205,4205,0.9433333333333334,0.00998645168764533,request_rescan,0.417167
4206,4206,0.9433333333333334,0.00998645168764533,request_rescan,0.417259
4207,4207,0.76,0.00998645168764533,log_and_continue,0.417359
4208,4208,0.9433333333333334,0.00998645168764533,request_rescan,0.417468
4209,4209,0.9433333333333334,0.00998645168764533,request_rescan,0.417566
4210,4210,0.9433333333333334,0.00998645168764533,request_rescan,0.417663
4211,4211,0.76,0.00998645168764533,discard,0.41776
4212,4212,0.9433333333333334,0.00998645168764533,request_rescan,0.417859
4213,4213,0.9433333333333334,0.00998645168764533,request_rescan,0.417956
4214,4214,0.9433333333333334,0.00998645168764533,request_rescan,0.418051
4215,4215,0.9433333333333334,0.00998645168764533,discard,0.41815
4216,4216,0.9433333333333334,0.00998645168764533,request_rescan,0.41825
4217,4217,0.9433333333333334,0.00998645168764533,request_rescan,0.418344
4218,4218,0.9433333333333334,0.00998645168764533,request_rescan,0.418441
4219,4219,0.9433333333333334,0.00998645168764533,request_rescan,0.418536
4220,4220,0.9433333333333334,0.00998645168764533,request_rescan,0.418628
4221,4221,0.9433333333333334,0.00998645168764533,request_rescan,0.418727
4222,4222,0.9433333333333334,0.00998645168764533,discard,0.418823
4223,4223,0.9433333333333334,0.00998645168764533,discard,0.418916
4224,4224,0.9433333333333334,0.00998645168764533,request_rescan,0.419011
4225,4225,0.9433333333333334,0.00998645168764533,discard,0.419102
4226,4226,0.9433333333333334,0.00998645168764533,discard,0.419198
4227,4227,0.9433333333333334,0.00998645168764533,request_rescan,0.419294
4228,4228,0.9433333333333334,0.00998645168764533,discard,0.419388
4229,4229,0.9433333333333334,0.00998645168764533,request_rescan,0.419489
4230,4230,0.9433333333333334,0.00998645168764533,request_rescan,0.41959
4231,4231,0.9433333333333334,0.00998645168764533,discard,0.419692
4232,4232,0.9433333333333334,0.00998645168764533,request_rescan,0.419791
4233,4233,0.9433333333333334,0.00998645168764533,request_rescan,0.41989
4234,4234,0.9433333333333334,0.00998645168764533,request_rescan,0.419988
4235,4235,0.9433333333333334,0.00998645168764533,request_rescan,0.420085
4236,4236,0.9433333333333334,0.00998645168764533,request_rescan,0.420179
4237,4237,0.9433333333333334,0.00998645168764533,request_rescan,0.420273
4238,4238,0.9433333333333334,0.00998645168764533,discard,0.420372
4239,4239,0.9433333333333334,0.00998645168764533,discard,0.420474
4240,4240,0.9433333333333334,0.00998645168764533,request_rescan,0.420571
4241,4241,0.9433333333333334,0.00998645168764533,request_rescan,0.420665
4242,4242,0.9433333333333334,0.00998645168764533,request_rescan,0.420761
4243,4243,0.9433333333333334,0.00998645168764533,request_rescan,0.420857
4244,4244,0.9433333333333334,0.00998645168764533,discard,0.420954
4245,4245,0.9433333333333334,0.00998645168764533,request_rescan,0.421049
4246,4246,0.9433333333333334,0.00998645168764533,request_rescan,0.421143
4247,4247,0.9433333333333334,0.00998645168764533,request_rescan,0.421238
4248,4248,0.76,0.00998645168764533,request_rescan,0.421342
4249,4249,0.9433333333333334,0.00998645168764533,request_rescan,0.421447
4250,4250,0.9433333333333334,0.00998645168764533,discard,0.42155
4251,4251,0.9433333333333334,0.00998645168764533,request_rescan,0.421647
4252,4252,0.9433333333333334,0.00998645168764533,discard,0.421747
4253,4253,0.9433333333333334,0.00998645168764533,discard,0.421843
4254,4254,0.9433333333333334,0.00998645168764533,discard,0.421938
4255,4255,0.9433333333333334,0.00998645168764533,discard,0.422039
4256,4256,0.9433333333333334,0.00998645168764533,request_rescan,0.422136
4257,4257,0.9433333333333334,0.00998645168764533,request_rescan,0.422236
4258,4258,0.9433333333333334,0.00998645168764533,discard,0.422333
4259,4259,0.9433333333333334,0.00998645168764533,request_rescan,0.422431
4260,4260,0.9433333333333334,0.00998645168764533,request_rescan,0.422531
4261,4261,0.9433333333333334,0.00998645168764533,discard,0.422629
4262,4262,0.9433333333333334,0.00998645168764533,discard,0.422737
4263,4263,0.9433333333333334,0.00998645168764533,request_rescan,0.422862
4264,4264,0.9433333333333334,0.00998645168764533,discard,0.422982
4265,4265,0.9433333333333334,0.00998645168764533,request_rescan,0.423077
4266,4266,0.9433333333333334,0.00998645168764533,discard,0.423169
4267,4267,0.9433333333333334,0.00998645168764533,discard,0.423267
4268,4268,0.9433333333333334,0.00998645168764533,request_rescan,0.423364
4269,4269,0.9433333333333334,0.00998645168764533,discard,0.42346
4270,4270,0.9433333333333334,0.00998645168764533,discard,0.423558
4271,4271,0.9433333333333334,0.00998645168764533,request_rescan,0.42366
4272,4272,0.9433333333333334,0.00998645168764533,request_rescan,0.42376
4273,4273,0.9433333333333334,0.00998645168764533,discard,0.423859
4274,4274,0.9433333333333334,0.00998645168764533,request_rescan,0.423953
4275,4275,0.9433333333333334,0.00998645168764533,discard,0.424048
4276,4276,0.9433333333333334,0.00998645168764533,request_rescan,0.424144
4277,4277,0.9433333333333334,0.00998645168764533,request_rescan,0.424237
4278,4278,0.9433333333333334,0.00998645168764533,discard,0.424332
4279,4279,0.9433333333333334,0.00998645168764533,discard,0.424473
4280,4280,0.9433333333333334,0.00998645168764533,request_rescan,0.424574
4281,4281,0.9433333333333334,0.00998645168764533,discard,0.424673
4282,4282,0.9433333333333334,0.00998645168764533,request_rescan,0.42477
4283,4283,0.9433333333333334,0.00998645168764533,discard,0.424864
4284,4284,0.9433333333333334,0.00998645168764533,request_rescan,0.424959
4285,4285,0.9433333333333334,0.00998645168764533,request_rescan,0.425052
4286,4286,0.9433333333333334,0.00998645168764533,discard,0.425145
4287,4287,0.9433333333333334,0.00998645168764533,discard,0.425245
4288,4288,0.9433333333333334,0.00998645168764533,discard,0.425343
4289,4289,0.9433333333333334,0.00998645168764533,request_rescan,0.425441
4290,4290,0.9433333333333334,0.00998645168764533,discard,0.425548
4291,4291,0.9433333333333334,0.00998645168764533,discard,0.425641
4292,4292,0.9433333333333334,0.00998645168764533,request_rescan,0.425736
4293,4293,0.9433333333333334,0.00998645168764533,request_rescan,0.425835
4294,4294,0.9433333333333334,0.00998645168764533,discard,0.425929
4295,4295,0.9433333333333334,0.00998645168764533,request_rescan,0.426024
4296,4296,0.9433333333333334,0.00998645168764533,request_rescan,0.426118
4297,4297,0.9433333333333334,0.00998645168764533,request_rescan,0.426214
4298,4298,0.9433333333333334,0.00998645168764533,request_rescan,0.426309
4299,4299,0.9433333333333334,0.00998645168764533,discard,0.426406
4300,4300,0.9433333333333334,0.00998645168764533,discard,0.426511
4301,4301,0.9433333333333334,0.00998645168764533,discard,0.426662
4302,4302,0.9433333333333334,0.00998645168764533,discard,0.426776
4303,4303,0.9433333333333334,0.00998645168764533,discard,0.426879
4304,4304,0.9433333333333334,0.00998645168764533,discard,0.426991
4305,4305,0.9433333333333334,0.00998645168764533,request_rescan,0.427116
4306,4306,0.9433333333333334,0.00998645168764533,request_rescan,0.427213
4307,4307,0.9433333333333334,0.00998645168764533,discard,0.427313
4308,4308,0.9433333333333334,0.00998645168764533,discard,0.427414
4309,4309,0.9433333333333334,0.00998645168764533,request_rescan,0.427518
4310,4310,0.9433333333333334,0.00998645168764533,discard,0.427616
4311,4311,0.9433333333333334,0.00998645168764533,request_rescan,0.427713
4312,4312,0.9433333333333334,0.00998645168764533,discard,0.427807
4313,4313,0.9433333333333334,0.00998645168764533,discard,0.427901
4314,4314,0.9433333333333334,0.00998645168764533,request_rescan,0.427997
4315,4315,0.9433333333333334,0.00998645168764533,request_rescan,0.428093
4316,4316,0.9433333333333334,0.00998645168764533,request_rescan,0.42819
4317,4317,0.9433333333333334,0.00998645168764533,discard,0.428289
4318,4318,0.9433333333333334,0.00998645168764533,request_rescan,0.428385
4319,4319,0.9433333333333334,0.00998645168764533,request_rescan,0.428485
4320,4320,0.9433333333333334,0.00998645168764533,request_rescan,0.428581
4321,4321,0.9433333333333334,0.00998645168764533,discard,0.428702
4322,4322,0.9433333333333334,0.00998645168764533,request_rescan,0.428799
4323,4323,0.9433333333333334,0.00998645168764533,request_rescan,0.428896
4324,4324,0.9433333333333334,0.00998645168764533,discard,0.428999
4325,4325,0.9433333333333334,0.00998645168764533,discard,0.429099
4326,4326,0.9433333333333334,0.00998645168764533,request_rescan,0.42921
4327,4327,0.9433333333333334,0.00998645168764533,discard,0.42931
4328,4328,0.9433333333333334,0.00998645168764533,discard,0.429418
4329,4329,0.9433333333333334,0.00998645168764533,request_rescan,0.42952
4330,4330,0.9433333333333334,0.00998645168764533,discard,0.429613
4331,4331,0.9433333333333334,0.00998645168764533,discard,0.429711
4332,4332,0.9433333333333334,0.00998645168764533,request_rescan,0.429809
4333,4333,0.9433333333333334,0.00998645168764533,discard,0.4299
4334,4334,0.9433333333333334,0.00998645168764533,discard,0.429997
4335,4335,0.9433333333333334,0.00998645168764533,request_rescan,0.430093
4336,4336,0.9433333333333334,0.00998645168764533,discard,0.430184
4337,4337,0.9433333333333334,0.00998645168764533,request_rescan,0.43029
4338,4338,0.9433333333333334,0.00998645168764533,discard,0.430404
4339,4339,0.9433333333333334,0.00998645168764533,request_rescan,0.430502
4340,4340,0.9433333333333334,0.00998645168764533,request_rescan,0.430598
4341,4341,0.9433333333333334,0.00998645168764533,discard,0.430694
4342,4342,0.9433333333333334,0.00998645168764533,request_rescan,0.43079
4343,4343,0.9433333333333334,0.00998645168764533,discard,0.430887
4344,4344,0.9433333333333334,0.00998645168764533,request_rescan,0.430998
4345,4345,0.9433333333333334,0.00998645168764533,discard,0.431091
4346,4346,0.9433333333333334,0.00998645168764533,request_rescan,0.431186
4347,4347,0.9433333333333334,0.00998645168764533,request_rescan,0.431281
4348,4348,0.9433333333333334,0.00998645168764533,discard,0.431379
4349,4349,0.9433333333333334,0.00998645168764533,discard,0.431477
4350,4350,0.9433333333333334,0.00998645168764533,discard,0.431576
4351,4351,0.9433333333333334,0.00998645168764533,request_rescan,0.43167
4352,4352,0.9433333333333334,0.00998645168764533,discard,0.431765
4353,4353,0.9433333333333334,0.00998645168764533,discard,0.431861
4354,4354,0.9433333333333334,0.00998645168764533,request_rescan,0.431955
4355,4355,0.9433333333333334,0.00998645168764533,discard,0.432048
4356,4356,0.9433333333333334,0.00998645168764533,request_rescan,0.432142
4357,4357,0.9433333333333334,0.00998645168764533,request_rescan,0.432238
4358,4358,0.9433333333333334,0.00998645168764533,request_rescan,0.432331
4359,4359,0.9433333333333334,0.00998645168764533,request_rescan,0.432424
4360,4360,0.9433333333333334,0.00998645168764533,discard,0.432524
4361,4361,0.9433333333333334,0.00998645168764533,request_rescan,0.432624
4362,4362,0.9433333333333334,0.00998645168764533,request_rescan,0.43272
4363,4363,0.9433333333333334,0.00998645168764533,request_rescan,0.432815
4364,4364,0.9433333333333334,0.00998645168764533,discard,0.432914
4365,4365,0.9433333333333334,0.00998645168764533,discard,0.433009
4366,4366,0.9433333333333334,0.00998645168764533,discard,0.433101
4367,4367,0.9433333333333334,0.00998645168764533,request_rescan,0.433205
4368,4368,0.9433333333333334,0.00998645168764533,discard,0.433306
4369,4369,0.9433333333333334,0.00998645168764533,discard,0.433402
4370,4370,0.9433333333333334,0.00998645168764533,request_rescan,0.433503
4371,4371,0.9433333333333334,0.00998645168764533,discard,0.433595
4372,4372,0.9433333333333334,0.00998645168764533,request_rescan,0.433694
4373,4373,0.9433333333333334,0.00998645168764533,request_rescan,0.433789
4374,4374,0.9433333333333334,0.00998645168764533,request_rescan,0.433881
4375,4375,0.9433333333333334,0.00998645168764533,discard,0.43398
4376,4376,0.9433333333333334,0.00998645168764533,discard,0.434077
4377,4377,0.9433333333333334,0.00998645168764533,request_rescan,0.434174
4378,4378,0.9433333333333334,0.00998645168764533,request_rescan,0.434269
4379,4379,0.9433333333333334,0.00998645168764533,request_rescan,0.434364
4380,4380,0.9433333333333334,0.00998645168764533,request_rescan,0.434462
4381,4381,0.9433333333333334,0.00998645168764533,request_rescan,0.434574
4382,4382,0.9433333333333334,0.00998645168764533,request_rescan,0.434698
4383,4383,0.9433333333333334,0.00998645168764533,discard,0.434805
4384,4384,0.9433333333333334,0.00998645168764533,request_rescan,0.434903
4385,4385,0.9433333333333334,0.00998645168764533,discard,0.434998
4386,4386,0.9433333333333334,0.00998645168764533,discard,0.435096
4387,4387,0.9433333333333334,0.00998645168764533,discard,0.435194
4388,4388,0.9433333333333334,0.00998645168764533,discard,0.435292
4389,4389,0.9433333333333334,0.00998645168764533,discard,0.43539
4390,4390,0.9433333333333334,0.00998645168764533,discard,0.435491
4391,4391,0.9433333333333334,0.00998645168764533,request_rescan,0.43559
4392,4392,0.9433333333333334,0.00998645168764533,request_rescan,0.435688
4393,4393,0.9433333333333334,0.00998645168764533,request_rescan,0.435784
4394,4394,0.9433333333333334,0.00998645168764533,request_rescan,0.435878
4395,4395,0.76,0.00998645168764533,log_and_continue,0.435979
4396,4396,0.9433333333333334,0.00998645168764533,request_rescan,0.436084
4397,4397,0.9433333333333334,0.00998645168764533,discard,0.436188
4398,4398,0.9433333333333334,0.00998645168764533,discard,0.436287
4399,4399,0.9433333333333334,0.00998645168764533,request_rescan,0.436383
4400,4400,0.9433333333333334,0.00998645168764533,discard,0.436485
4401,4401,0.9433333333333334,0.00998645168764533,request_rescan,0.43663
4402,4402,0.9433333333333334,0.00998645168764533,request_rescan,0.436728
4403,4403,0.9433333333333334,0.00998645168764533,request_rescan,0.436827
4404,4404,0.9433333333333334,0.00998645168764533,request_rescan,0.436929
4405,4405,0.9433333333333334,0.00998645168764533,discard,0.437028
4406,4406,0.9433333333333334,0.00998645168764533,discard,0.437127
4407,4407,0.9433333333333334,0.00998645168764533,request_rescan,0.437225
4408,4408,0.9433333333333334,0.00998645168764533,discard,0.437326
4409,4409,0.9433333333333334,0.00998645168764533,request_rescan,0.437426
4410,4410,0.9433333333333334,0.00998645168764533,request_rescan,0.437525
4411,4411,0.9433333333333334,0.00998645168764533,request_rescan,0.437621
4412,4412,0.9433333333333334,0.00998645168764533,discard,0.437718
4413,4413,0.9433333333333334,0.00998645168764533,request_rescan,0.437813
4414,4414,0.9433333333333334,0.00998645168764533,discard,0.43791
4415,4415,0.9433333333333334,0.00998645168764533,request_rescan,0.438004
4416,4416,0.9433333333333334,0.00998645168764533,request_rescan,0.438097
4417,4417,0.9433333333333334,0.00998645168764533,request_rescan,0.438192
4418,4418,0.9433333333333334,0.00998645168764533,discard,0.438288
4419,4419,0.9433333333333334,0.00998645168764533,discard,0.438387
4420,4420,0.9433333333333334,0.00998645168764533,request_rescan,0.438485
4421,4421,0.9433333333333334,0.00998645168764533,request_rescan,0.43858
4422,4422,0.9433333333333334,0.00998645168764533,discard,0.438675
4423,4423,0.9433333333333334,0.00998645168764533,request_rescan,0.43877
4424,4424,0.9433333333333334,0.00998645168764533,discard,0.43887
4425,4425,0.9433333333333334,0.00998645168764533,discard,0.438965
4426,4426,0.9433333333333334,0.00998645168764533,request_rescan,0.439061
4427,4427,0.9433333333333334,0.00998645168764533,discard,0.439158
4428,4428,0.9433333333333334,0.00998645168764533,request_rescan,0.439252
4429,4429,0.9433333333333334,0.00998645168764533,discard,0.439347
4430,4430,0.9433333333333334,0.00998645168764533,discard,0.439448
4431,4431,0.9433333333333334,0.00998645168764533,request_rescan,0.43955
4432,4432,0.9433333333333334,0.00998645168764533,discard,0.439646
4433,4433,0.9433333333333334,0.00998645168764533,discard,0.439742
4434,4434,0.6633333333333333,0.00998645168764533,log_and_continue,0.439843
4435,4435,0.9433333333333334,0.00998645168764533,discard,0.439946
4436,4436,0.9433333333333334,0.00998645168764533,discard,0.440046
4437,4437,0.9433333333333334,0.00998645168764533,discard,0.440144
4438,4438,0.9433333333333334,0.00998645168764533,request_rescan,0.440241
4439,4439,0.9433333333333334,0.00998645168764533,request_rescan,0.440335
4440,4440,0.9433333333333334,0.00998645168764533,discard,0.440431
4441,4441,0.9433333333333334,0.00998645168764533,discard,0.44053
4442,4442,0.9433333333333334,0.00998645168764533,discard,0.440626
4443,4443,0.9433333333333334,0.00998645168764533,request_rescan,0.440724
4444,4444,0.9433333333333334,0.00998645168764533,request_rescan,0.440818
4445,4445,0.9433333333333334,0.00998645168764533,discard,0.440917
4446,4446,0.9433333333333334,0.00998645168764533,request_rescan,0.441014
4447,4447,0.9433333333333334,0.00998645168764533,request_rescan,0.441145
4448,4448,0.9433333333333334,0.00998645168764533,request_rescan,0.441237
4449,4449,0.9433333333333334,0.00998645168764533,discard,0.441333
4450,4450,0.9433333333333334,0.00998645168764533,discard,0.441428
4451,4451,0.9433333333333334,0.00998645168764533,discard,0.441525
4452,4452,0.9433333333333334,0.00998645168764533,discard,0.441618
4453,4453,0.9433333333333334,0.00998645168764533,request_rescan,0.441714
4454,4454,0.9433333333333334,0.00998645168764533,discard,0.441808
4455,4455,0.9433333333333334,0.00998645168764533,request_rescan,0.441904
4456,4456,0.9433333333333334,0.00998645168764533,discard,0.441995
4457,4457,0.9433333333333334,0.00998645168764533,request_rescan,0.442088
4458,4458,0.9433333333333334,0.00998645168764533,discard,0.442185
4459,4459,0.9433333333333334,0.00998645168764533,discard,0.442276
4460,4460,0.9433333333333334,0.00998645168764533,discard,0.442367
4461,4461,0.9433333333333334,0.00998645168764533,request_rescan,0.442466
4462,4462,0.9433333333333334,0.00998645168764533,request_rescan,0.442559
4463,4463,0.9433333333333334,0.00998645168764533,request_rescan,0.442655
4464,4464,0.9433333333333334,0.00998645168764533,request_rescan,0.442749
4465,4465,0.9433333333333334,0.00998645168764533,request_rescan,0.442845
4466,4466,0.9433333333333334,0.00998645168764533,discard,0.442951
4467,4467,0.9433333333333334,0.00998645168764533,request_rescan,0.44305
4468,4468,0.9433333333333334,0.00998645168764533,discard,0.443149
4469,4469,0.9433333333333334,0.00998645168764533,discard,0.443246
4470,4470,0.9433333333333334,0.00998645168764533,discard,0.443342
4471,4471,0.9433333333333334,0.00998645168764533,request_rescan,0.443442
4472,4472,0.9433333333333334,0.00998645168764533,request_rescan,0.443542
4473,4473,0.9433333333333334,0.00998645168764533,discard,0.443639
4474,4474,0.9433333333333334,0.00998645168764533,request_rescan,0.443732
4475,4475,0.9433333333333334,0.00998645168764533,request_rescan,0.443826
4476,4476,0.9433333333333334,0.00998645168764533,discard,0.443925
4477,4477,0.9433333333333334,0.00998645168764533,request_rescan,0.444032
4478,4478,0.9433333333333334,0.00998645168764533,discard,0.444155
4479,4479,0.9433333333333334,0.00998645168764533,request_rescan,0.44427
4480,4480,0.9433333333333334,0.00998645168764533,request_rescan,0.444366
4481,4481,0.9433333333333334,0.00998645168764533,request_rescan,0.444464
4482,4482,0.9433333333333334,0.00998645168764533,discard,0.444558
4483,4483,0.9433333333333334,0.00998645168764533,request_rescan,0.444652
4484,4484,0.9433333333333334,0.00998645168764533,request_rescan,0.444744
4485,4485,0.9433333333333334,0.00998645168764533,discard,0.444843
4486,4486,0.9433333333333334,0.00998645168764533,discard,0.44494
4487,4487,0.9433333333333334,0.00998645168764533,request_rescan,0.445038
4488,4488,0.9433333333333334,0.00998645168764533,discard,0.445131
4489,4489,0.9433333333333334,0.00998645168764533,request_rescan,0.445228
4490,4490,0.9433333333333334,0.00998645168764533,discard,0.44535
4491,4491,0.9433333333333334,0.00998645168764533,discard,0.445445
4492,4492,0.9433333333333334,0.00998645168764533,discard,0.445542
4493,4493,0.76,0.00998645168764533,discard,0.44564
4494,4494,0.9433333333333334,0.00998645168764533,request_rescan,0.445744
4495,4495,0.9433333333333334,0.00998645168764533,discard,0.445862
4496,4496,0.9433333333333334,0.00998645168764533,discard,0.445959
4497,4497,0.9433333333333334,0.00998645168764533,request_rescan,0.44607
4498,4498,0.9433333333333334,0.00998645168764533,request_rescan,0.446167
4499,4499,0.9433333333333334,0.00998645168764533,discard,0.446264
4500,4500,0.9433333333333334,0.00998645168764533,discard,0.44636
4501,4501,0.9433333333333334,0.00998645168764533,request_rescan,0.446546
4502,4502,0.9433333333333334,0.00998645168764533,discard,0.446655
4503,4503,0.9433333333333334,0.00998645168764533,request_rescan,0.44676
4504,4504,0.9433333333333334,0.00998645168764533,discard,0.446862
4505,4505,0.9433333333333334,0.00998645168764533,discard,0.446962
4506,4506,0.9433333333333334,0.00998645168764533,discard,0.447059
4507,4507,0.76,0.00998645168764533,discard,0.447172
4508,4508,0.9433333333333334,0.00998645168764533,request_rescan,0.447277
4509,4509,0.9433333333333334,0.00998645168764533,discard,0.447375
4510,4510,0.9433333333333334,0.00998645168764533,discard,0.447474
4511,4511,0.9433333333333334,0.00998645168764533,discard,0.447566
4512,4512,0.9433333333333334,0.00998645168764533,request_rescan,0.447664
4513,4513,0.9433333333333334,0.00998645168764533,request_rescan,0.447761
4514,4514,0.9433333333333334,0.00998645168764533,request_rescan,0.447856
4515,4515,0.9433333333333334,0.00998645168764533,discard,0.447956
4516,4516,0.9433333333333334,0.00998645168764533,discard,0.448075
4517,4517,0.9433333333333334,0.00998645168764533,discard,0.448177
4518,4518,0.9433333333333334,0.00998645168764533,request_rescan,0.448275
4519,4519,0.9433333333333334,0.00998645168764533,discard,0.448369
4520,4520,0.9433333333333334,0.00998645168764533,discard,0.44847
4521,4521,0.9433333333333334,0.00998645168764533,discard,0.448563
4522,4522,0.9433333333333334,0.00998645168764533,request_rescan,0.448658
4523,4523,0.9433333333333334,0.00998645168764533,discard,0.448755
4524,4524,0.9433333333333334,0.00998645168764533,request_rescan,0.448856
4525,4525,0.9433333333333334,0.00998645168764533,discard,0.448952
4526,4526,0.9433333333333334,0.00998645168764533,request_rescan,0.449049
4527,4527,0.9433333333333334,0.00998645168764533,discard,0.449148
4528,4528,0.9433333333333334,0.00998645168764533,request_rescan,0.449243
4529,4529,0.9433333333333334,0.00998645168764533,request_rescan,0.449339
4530,4530,0.9433333333333334,0.00998645168764533,discard,0.449436
4531,4531,0.9433333333333334,0.00998645168764533,request_rescan,0.449537
4532,4532,0.9433333333333334,0.00998645168764533,request_rescan,0.449634
4533,4533,0.9433333333333334,0.00998645168764533,discard,0.44973
4534,4534,0.9433333333333334,0.00998645168764533,discard,0.449828
4535,4535,0.9433333333333334,0.00998645168764533,request_rescan,0.449922
4536,4536,0.9433333333333334,0.00998645168764533,discard,0.450016
4537,4537,0.9433333333333334,0.00998645168764533,discard,0.450114
4538,4538,0.9433333333333334,0.00998645168764533,request_rescan,0.450208
4539,4539,0.9433333333333334,0.00998645168764533,discard,0.450304
4540,4540,0.9433333333333334,0.00998645168764533,request_rescan,0.450398
4541,4541,0.9433333333333334,0.00998645168764533,request_rescan,0.450496
4542,4542,0.9433333333333334,0.00998645168764533,request_rescan,0.450594
4543,4543,0.9433333333333334,0.00998645168764533,request_rescan,0.45069
4544,4544,0.9433333333333334,0.00998645168764533,discard,0.450786
4545,4545,0.9433333333333334,0.00998645168764533,request_rescan,0.450881
4546,4546,0.9433333333333334,0.00998645168764533,request_rescan,0.450977
4547,4547,0.9433333333333334,0.00998645168764533,request_rescan,0.45107
4548,4548,0.9433333333333334,0.00998645168764533,request_rescan,0.451162
4549,4549,0.9433333333333334,0.00998645168764533,request_rescan,0.451256
4550,4550,0.9433333333333334,0.00998645168764533,discard,0.451353
4551,4551,0.9433333333333334,0.00998645168764533,discard,0.451453
4552,4552,0.9433333333333334,0.00998645168764533,request_rescan,0.45155
4553,4553,0.9433333333333334,0.00998645168764533,discard,0.451647
4554,4554,0.9433333333333334,0.00998645168764533,discard,0.451743
4555,4555,0.9433333333333334,0.00998645168764533,request_rescan,0.451838
4556,4556,0.9433333333333334,0.00998645168764533,request_rescan,0.451932
4557,4557,0.9433333333333334,0.00998645168764533,discard,0.452028
4558,4558,0.9433333333333334,0.00998645168764533,discard,0.452126
4559,4559,0.9433333333333334,0.00998645168764533,request_rescan,0.452221
4560,4560,0.9433333333333334,0.00998645168764533,request_rescan,0.452315
4561,4561,0.9433333333333334,0.00998645168764533,request_rescan,0.452409
4562,4562,0.9433333333333334,0.00998645168764533,discard,0.452504
4563,4563,0.9433333333333334,0.00998645168764533,discard,0.452609
4564,4564,0.9433333333333334,0.00998645168764533,discard,0.452707
4565,4565,0.9433333333333334,0.00998645168764533,discard,0.4528
4566,4566,0.9433333333333334,0.00998645168764533,request_rescan,0.452896
4567,4567,0.9433333333333334,0.00998645168764533,discard,0.452996
4568,4568,0.9433333333333334,0.00998645168764533,request_rescan,0.453092
4569,4569,0.9433333333333334,0.00998645168764533,request_rescan,0.45319
4570,4570,0.9433333333333334,0.00998645168764533,request_rescan,0.453283
4571,4571,0.9433333333333334,0.00998645168764533,request_rescan,0.453382
4572,4572,0.9433333333333334,0.00998645168764533,request_rescan,0.453486
4573,4573,0.9433333333333334,0.00998645168764533,discard,0.453583
4574,4574,0.9433333333333334,0.00998645168764533,discard,0.453681
4575,4575,0.9433333333333334,0.00998645168764533,request_rescan,0.453775
4576,4576,0.9433333333333334,0.00998645168764533,discard,0.453873
4577,4577,0.9433333333333334,0.00998645168764533,discard,0.453969
4578,4578,0.9433333333333334,0.00998645168764533,request_rescan,0.454062
4579,4579,0.9433333333333334,0.00998645168764533,discard,0.454161
4580,4580,0.9433333333333334,0.00998645168764533,discard,0.454255
4581,4581,0.9433333333333334,0.00998645168764533,request_rescan,0.454353
4582,4582,0.9433333333333334,0.00998645168764533,discard,0.454451
4583,4583,0.9433333333333334,0.00998645168764533,discard,0.454551
4584,4584,0.9433333333333334,0.00998645168764533,request_rescan,0.454647
4585,4585,0.9433333333333334,0.00998645168764533,discard,0.454741
4586,4586,0.9433333333333334,0.00998645168764533,request_rescan,0.454836
4587,4587,0.9433333333333334,0.00998645168764533,request_rescan,0.454931
4588,4588,0.9433333333333334,0.00998645168764533,request_rescan,0.455029
4589,4589,0.9433333333333334,0.00998645168764533,request_rescan,0.455124
4590,4590,0.9433333333333334,0.00998645168764533,discard,0.455218
4591,4591,0.9433333333333334,0.00998645168764533,request_rescan,0.455313
4592,4592,0.9433333333333334,0.00998645168764533,discard,0.455409
4593,4593,0.9433333333333334,0.00998645168764533,discard,0.455507
4594,4594,0.9433333333333334,0.00998645168764533,request_rescan,0.455604
4595,4595,0.9433333333333334,0.00998645168764533,discard,0.4557
4596,4596,0.9433333333333334,0.00998645168764533,discard,0.455793
4597,4597,0.9433333333333334,0.00998645168764533,discard,0.455885
4598,4598,0.9433333333333334,0.00998645168764533,discard,0.455982
4599,4599,0.9433333333333334,0.00998645168764533,discard,0.456077
4600,4600,0.9433333333333334,0.00998645168764533,discard,0.456173
4601,4601,0.9433333333333334,0.00998645168764533,discard,0.456317
4602,4602,0.9433333333333334,0.00998645168764533,request_rescan,0.456423
4603,4603,0.9433333333333334,0.00998645168764533,request_rescan,0.456531
4604,4604,0.9433333333333334,0.00998645168764533,discard,0.456632
4605,4605,0.9433333333333334,0.00998645168764533,discard,0.456728
4606,4606,0.9433333333333334,0.00998645168764533,request_rescan,0.456825
4607,4607,0.9433333333333334,0.00998645168764533,request_rescan,0.456921
4608,4608,0.9433333333333334,0.00998645168764533,discard,0.457016
4609,4609,0.9433333333333334,0.00998645168764533,discard,0.457114
4610,4610,0.9433333333333334,0.00998645168764533,discard,0.457215
4611,4611,0.9433333333333334,0.00998645168764533,discard,0.45731
4612,4612,0.9433333333333334,0.00998645168764533,request_rescan,0.457405
4613,4613,0.9433333333333334,0.00998645168764533,discard,0.457504
4614,4614,0.9433333333333334,0.00998645168764533,request_rescan,0.457598
4615,4615,0.9433333333333334,0.00998645168764533,request_rescan,0.457695
4616,4616,0.9433333333333334,0.00998645168764533,request_rescan,0.457831
4617,4617,0.9433333333333334,0.00998645168764533,discard,0.457945
4618,4618,0.9433333333333334,0.00998645168764533,discard,0.458067
4619,4619,0.9433333333333334,0.00998645168764533,request_rescan,0.458164
4620,4620,0.9433333333333334,0.00998645168764533,discard,0.458256
4621,4621,0.9433333333333334,0.00998645168764533,discard,0.458354
4622,4622,0.9433333333333334,0.00998645168764533,request_rescan,0.458451
4623,4623,0.9433333333333334,0.00998645168764533,discard,0.458548
4624,4624,0.9433333333333334,0.00998645168764533,request_rescan,0.458648
4625,4625,0.9433333333333334,0.00998645168764533,discard,0.458749
4626,4626,0.9433333333333334,0.00998645168764533,request_rescan,0.458846
4627,4627,0.9433333333333334,0.00998645168764533,discard,0.458941
4628,4628,0.9433333333333334,0.00998645168764533,request_rescan,0.459038
4629,4629,0.9433333333333334,0.00998645168764533,request_rescan,0.459133
4630,4630,0.9433333333333334,0.00998645168764533,discard,0.45923
4631,4631,0.9433333333333334,0.00998645168764533,request_rescan,0.459328
4632,4632,0.9433333333333334,0.00998645168764533,request_rescan,0.459422
4633,4633,0.9433333333333334,0.00998645168764533,request_rescan,0.459531
4634,4634,0.9433333333333334,0.00998645168764533,request_rescan,0.45963
4635,4635,0.9433333333333334,0.00998645168764533,discard,0.459727
4636,4636,0.9433333333333334,0.00998645168764533,request_rescan,0.459822
4637,4637,0.6633333333333333,0.00998645168764533,log_and_continue,0.459924
4638,4638,0.9433333333333334,0.00998645168764533,discard,0.460024
4639,4639,0.9433333333333334,0.00998645168764533,request_rescan,0.460124
4640,4640,0.9433333333333334,0.00998645168764533,discard,0.460223
4641,4641,0.9433333333333334,0.00998645168764533,discard,0.460319
4642,4642,0.9433333333333334,0.00998645168764533,discard,0.460411
4643,4643,0.9433333333333334,0.00998645168764533,discard,0.46051
4644,4644,0.9433333333333334,0.00998645168764533,discard,0.460606
4645,4645,0.9433333333333334,0.00998645168764533,request_rescan,0.460712
4646,4646,0.9433333333333334,0.00998645168764533,discard,0.460825
4647,4647,0.9433333333333334,0.00998645168764533,request_rescan,0.460924
4648,4648,0.9433333333333334,0.00998645168764533,discard,0.461018
4649,4649,0.9433333333333334,0.00998645168764533,request_rescan,0.461112
4650,4650,0.9433333333333334,0.00998645168764533,discard,0.461206
4651,4651,0.9433333333333334,0.00998645168764533,request_rescan,0.461301
4652,4652,0.9433333333333334,0.00998645168764533,request_rescan,0.461391
4653,4653,0.9433333333333334,0.00998645168764533,discard,0.461491
4654,4654,0.9433333333333334,0.00998645168764533,discard,0.461591
4655,4655,0.9433333333333334,0.00998645168764533,request_rescan,0.461702
4656,4656,0.9433333333333334,0.00998645168764533,discard,0.461815
4657,4657,0.9433333333333334,0.00998645168764533,discard,0.461908
4658,4658,0.9433333333333334,0.00998645168764533,request_rescan,0.462003
4659,4659,0.9433333333333334,0.00998645168764533,discard,0.462123
4660,4660,0.9433333333333334,0.00998645168764533,request_rescan,0.462217
4661,4661,0.9433333333333334,0.00998645168764533,request_rescan,0.462311
4662,4662,0.9433333333333334,0.00998645168764533,request_rescan,0.462405
4663,4663,0.9433333333333334,0.00998645168764533,request_rescan,0.46252
4664,4664,0.9433333333333334,0.00998645168764533,discard,0.462618
4665,4665,0.9433333333333334,0.00998645168764533,request_rescan,0.462712
4666,4666,0.9433333333333334,0.00998645168764533,discard,0.462823
4667,4667,0.9433333333333334,0.00998645168764533,request_rescan,0.462918
4668,4668,0.9433333333333334,0.00998645168764533,discard,0.463014
4669,4669,0.9433333333333334,0.00998645168764533,request_rescan,0.463107
4670,4670,0.9433333333333334,0.00998645168764533,discard,0.463202
4671,4671,0.9433333333333334,0.00998645168764533,request_rescan,0.463298
4672,4672,0.9433333333333334,0.00998645168764533,discard,0.463395
4673,4673,0.9433333333333334,0.00998645168764533,request_rescan,0.463494
4674,4674,0.9433333333333334,0.00998645168764533,request_rescan,0.463588
4675,4675,0.9433333333333334,0.00998645168764533,discard,0.463685
4676,4676,0.9433333333333334,0.00998645168764533,request_rescan,0.463779
4677,4677,0.9433333333333334,0.00998645168764533,discard,0.463876
4678,4678,0.9433333333333334,0.00998645168764533,discard,0.463968
4679,4679,0.76,0.00998645168764533,log_and_continue,0.464071
4680,4680,0.9433333333333334,0.00998645168764533,request_rescan,0.46417
4681,4681,0.9433333333333334,0.00998645168764533,request_rescan,0.464267
4682,4682,0.9433333333333334,0.00998645168764533,request_rescan,0.464363
4683,4683,0.9433333333333334,0.00998645168764533,request_rescan,0.464464
4684,4684,0.9433333333333334,0.00998645168764533,discard,0.464561
4685,4685,0.9433333333333334,0.00998645168764533,discard,0.46466
4686,4686,0.9433333333333334,0.00998645168764533,request_rescan,0.464755
4687,4687,0.9433333333333334,0.00998645168764533,discard,0.464849
4688,4688,0.9433333333333334,0.00998645168764533,discard,0.464942
4689,4689,0.9433333333333334,0.00998645168764533,discard,0.465046
4690,4690,0.9433333333333334,0.00998645168764533,discard,0.465145
4691,4691,0.9433333333333334,0.00998645168764533,discard,0.465241
4692,4692,0.9433333333333334,0.00998645168764533,discard,0.465354
4693,4693,0.9433333333333334,0.00998645168764533,discard,0.465453
4694,4694,0.9433333333333334,0.00998645168764533,discard,0.465552
4695,4695,0.9433333333333334,0.00998645168764533,request_rescan,0.465653
4696,4696,0.9433333333333334,0.00998645168764533,discard,0.465766
4697,4697,0.9433333333333334,0.00998645168764533,discard,0.465894
4698,4698,0.9433333333333334,0.00998645168764533,request_rescan,0.465993
4699,4699,0.9433333333333334,0.00998645168764533,request_rescan,0.46609
4700,4700,0.9433333333333334,0.00998645168764533,discard,0.466185
4701,4701,0.9433333333333334,0.00998645168764533,request_rescan,0.466313
4702,4702,0.9433333333333334,0.00998645168764533,request_rescan,0.466409
4703,4703,0.9433333333333334,0.00998645168764533,discard,0.466505
4704,4704,0.9433333333333334,0.00998645168764533,request_rescan,0.4666
4705,4705,0.9433333333333334,0.00998645168764533,discard,0.466701
4706,4706,0.9433333333333334,0.00998645168764533,discard,0.4668
4707,4707,0.9433333333333334,0.00998645168764533,discard,0.466896
4708,4708,0.9433333333333334,0.00998645168764533,discard,0.466991
4709,4709,0.9433333333333334,0.00998645168764533,request_rescan,0.467086
4710,4710,0.9433333333333334,0.00998645168764533,request_rescan,0.467181
4711,4711,0.9433333333333334,0.00998645168764533,request_rescan,0.467276
4712,4712,0.9433333333333334,0.00998645168764533,discard,0.467372
4713,4713,0.9433333333333334,0.00998645168764533,request_rescan,0.467471
4714,4714,0.9433333333333334,0.00998645168764533,discard,0.467573
4715,4715,0.9433333333333334,0.00998645168764533,discard,0.467667
4716,4716,0.9433333333333334,0.00998645168764533,discard,0.467761
4717,4717,0.9433333333333334,0.00998645168764533,request_rescan,0.467856
4718,4718,0.9433333333333334,0.00998645168764533,request_rescan,0.467954
4719,4719,0.9433333333333334,0.00998645168764533,discard,0.468051
4720,4720,0.9433333333333334,0.00998645168764533,request_rescan,0.468152
4721,4721,0.9433333333333334,0.00998645168764533,discard,0.468251
4722,4722,0.9433333333333334,0.00998645168764533,request_rescan,0.468348
4723,4723,0.9433333333333334,0.00998645168764533,request_rescan,0.468442
4724,4724,0.9433333333333334,0.00998645168764533,request_rescan,0.468538
4725,4725,0.9433333333333334,0.00998645168764533,request_rescan,0.468634
4726,4726,0.9433333333333334,0.00998645168764533,request_rescan,0.468729
4727,4727,0.9433333333333334,0.00998645168764533,discard,0.46883
4728,4728,0.9433333333333334,0.00998645168764533,request_rescan,0.468929
4729,4729,0.9433333333333334,0.00998645168764533,request_rescan,0.469027
4730,4730,0.9433333333333334,0.00998645168764533,discard,0.469125
4731,4731,0.9433333333333334,0.00998645168764533,request_rescan,0.469226
4732,4732,0.9433333333333334,0.00998645168764533,discard,0.469324
4733,4733,0.9433333333333334,0.00998645168764533,request_rescan,0.46942
4734,4734,0.9433333333333334,0.00998645168764533,request_rescan,0.469518
4735,4735,0.9433333333333334,0.00998645168764533,discard,0.469615
4736,4736,0.9433333333333334,0.00998645168764533,discard,0.469712
4737,4737,0.9433333333333334,0.00998645168764533,request_rescan,0.469809
4738,4738,0.9433333333333334,0.00998645168764533,discard,0.469906
4739,4739,0.9433333333333334,0.00998645168764533,request_rescan,0.470001
4740,4740,0.9433333333333334,0.00998645168764533,discard,0.470096
4741,4741,0.9433333333333334,0.00998645168764533,request_rescan,0.47019
4742,4742,0.9433333333333334,0.00998645168764533,request_rescan,0.470285
4743,4743,0.9433333333333334,0.00998645168764533,request_rescan,0.47038
4744,4744,0.9433333333333334,0.00998645168764533,discard,0.470487
4745,4745,0.9433333333333334,0.00998645168764533,request_rescan,0.47058
4746,4746,0.9433333333333334,0.00998645168764533,request_rescan,0.470674
4747,4747,0.9433333333333334,0.00998645168764533,discard,0.470768
4748,4748,0.9433333333333334,0.00998645168764533,request_rescan,0.470887
4749,4749,0.9433333333333334,0.00998645168764533,discard,0.471008
4750,4750,0.9433333333333334,0.00998645168764533,discard,0.471124
4751,4751,0.9433333333333334,0.00998645168764533,discard,0.471224
4752,4752,0.9433333333333334,0.00998645168764533,request_rescan,0.471324
4753,4753,0.9433333333333334,0.00998645168764533,request_rescan,0.471422
4754,4754,0.9433333333333334,0.00998645168764533,discard,0.471526
4755,4755,0.9433333333333334,0.00998645168764533,request_rescan,0.47163
4756,4756,0.9433333333333334,0.00998645168764533,discard,0.471731
4757,4757,0.9433333333333334,0.00998645168764533,request_rescan,0.471828
4758,4758,0.9433333333333334,0.00998645168764533,discard,0.471927
4759,4759,0.9433333333333334,0.00998645168764533,discard,0.472022
4760,4760,0.9433333333333334,0.00998645168764533,request_rescan,0.472118
4761,4761,0.9433333333333334,0.00998645168764533,discard,0.472214
4762,4762,0.9433333333333334,0.00998645168764533,discard,0.472326
4763,4763,0.9433333333333334,0.00998645168764533,request_rescan,0.472452
4764,4764,0.9433333333333334,0.00998645168764533,discard,0.472569
4765,4765,0.9433333333333334,0.00998645168764533,discard,0.472663
4766,4766,0.9433333333333334,0.00998645168764533,discard,0.47276
4767,4767,0.9433333333333334,0.00998645168764533,discard,0.472853
4768,4768,0.9433333333333334,0.00998645168764533,request_rescan,0.472953
4769,4769,0.9433333333333334,0.00998645168764533,discard,0.473052
4770,4770,0.9433333333333334,0.00998645168764533,discard,0.473149
4771,4771,0.9433333333333334,0.00998645168764533,request_rescan,0.473247
4772,4772,0.9433333333333334,0.00998645168764533,discard,0.473345
4773,4773,0.9433333333333334,0.00998645168764533,discard,0.473442
4774,4774,0.9433333333333334,0.00998645168764533,request_rescan,0.473543
4775,4775,0.9433333333333334,0.00998645168764533,discard,0.473641
4776,4776,0.9433333333333334,0.00998645168764533,discard,0.473737
4777,4777,0.9433333333333334,0.00998645168764533,request_rescan,0.473832
4778,4778,0.9433333333333334,0.00998645168764533,request_rescan,0.473928
4779,4779,0.9433333333333334,0.00998645168764533,discard,0.474022
4780,4780,0.9433333333333334,0.00998645168764533,request_rescan,0.47412
4781,4781,0.9433333333333334,0.00998645168764533,request_rescan,0.474217
4782,4782,0.9433333333333334,0.00998645168764533,request_rescan,0.474312
4783,4783,0.9433333333333334,0.00998645168764533,discard,0.474412
4784,4784,0.9433333333333334,0.00998645168764533,request_rescan,0.47455
4785,4785,0.9433333333333334,0.00998645168764533,discard,0.474645
4786,4786,0.9433333333333334,0.00998645168764533,discard,0.474744
4787,4787,0.9433333333333334,0.00998645168764533,discard,0.474841
4788,4788,0.9433333333333334,0.00998645168764533,discard,0.474936
4789,4789,0.9433333333333334,0.00998645168764533,request_rescan,0.475032
4790,4790,0.9433333333333334,0.00998645168764533,discard,0.47513
4791,4791,0.9433333333333334,0.00998645168764533,discard,0.475225
4792,4792,0.9433333333333334,0.00998645168764533,request_rescan,0.475322
4793,4793,0.9433333333333334,0.00998645168764533,request_rescan,0.475416
4794,4794,0.9433333333333334,0.00998645168764533,discard,0.475516
4795,4795,0.9433333333333334,0.00998645168764533,request_rescan,0.475615
4796,4796,0.9433333333333334,0.00998645168764533,request_rescan,0.475711
4797,4797,0.9433333333333334,0.00998645168764533,request_rescan,0.475806
4798,4798,0.9433333333333334,0.00998645168764533,request_rescan,0.475899
4799,4799,0.9433333333333334,0.00998645168764533,request_rescan,0.475993
4800,4800,0.9433333333333334,0.00998645168764533,request_rescan,0.476085
4801,4801,0.9433333333333334,0.00998645168764533,request_rescan,0.476215
4802,4802,0.9433333333333334,0.00998645168764533,discard,0.476309
4803,4803,0.9433333333333334,0.00998645168764533,request_rescan,0.476406
4804,4804,0.9433333333333334,0.00998645168764533,discard,0.476507
4805,4805,0.9433333333333334,0.00998645168764533,request_rescan,0.476603
4806,4806,0.9433333333333334,0.00998645168764533,discard,0.4767
4807,4807,0.9433333333333334,0.00998645168764533,discard,0.476793
4808,4808,0.9433333333333334,0.00998645168764533,discard,0.476889
4809,4809,0.9433333333333334,0.00998645168764533,discard,0.476984
4810,4810,0.9433333333333334,0.00998645168764533,request_rescan,0.47708
4811,4811,0.9433333333333334,0.00998645168764533,request_rescan,0.477175
4812,4812,0.9433333333333334,0.00998645168764533,discard,0.477273
4813,4813,0.9433333333333334,0.00998645168764533,discard,0.47737
4814,4814,0.9433333333333334,0.00998645168764533,request_rescan,0.47747
4815,4815,0.9433333333333334,0.00998645168764533,request_rescan,0.477567
4816,4816,0.9433333333333334,0.00998645168764533,request_rescan,0.477662
4817,4817,0.9433333333333334,0.00998645168764533,discard,0.477756
4818,4818,0.9433333333333334,0.00998645168764533,request_rescan,0.477853
4819,4819,0.9433333333333334,0.00998645168764533,discard,0.477949
4820,4820,0.9433333333333334,0.00998645168764533,discard,0.478044
4821,4821,0.9433333333333334,0.00998645168764533,discard,0.478139
4822,4822,0.9433333333333334,0.00998645168764533,discard,0.478239
4823,4823,0.9433333333333334,0.00998645168764533,discard,0.478333
4824,4824,0.9433333333333334,0.00998645168764533,discard,0.478424
4825,4825,0.9433333333333334,0.00998645168764533,discard,0.478519
4826,4826,0.9433333333333334,0.00998645168764533,discard,0.478612
4827,4827,0.9433333333333334,0.00998645168764533,request_rescan,0.478731
4828,4828,0.9433333333333334,0.00998645168764533,discard,0.478829
4829,4829,0.9433333333333334,0.00998645168764533,discard,0.47894
4830,4830,0.9433333333333334,0.00998645168764533,request_rescan,0.479067
4831,4831,0.9433333333333334,0.00998645168764533,discard,0.47919
4832,4832,0.9433333333333334,0.00998645168764533,discard,0.479285
4833,4833,0.9433333333333334,0.00998645168764533,discard,0.479383
4834,4834,0.9433333333333334,0.00998645168764533,request_rescan,0.479502
4835,4835,0.9433333333333334,0.00998645168764533,discard,0.479603
4836,4836,0.9433333333333334,0.00998645168764533,discard,0.479705
4837,4837,0.9433333333333334,0.00998645168764533,request_rescan,0.479802
4838,4838,0.9433333333333334,0.00998645168764533,discard,0.479896
4839,4839,0.9433333333333334,0.00998645168764533,request_rescan,0.47999
4840,4840,0.9433333333333334,0.00998645168764533,request_rescan,0.480084
4841,4841,0.9433333333333334,0.00998645168764533,request_rescan,0.480178
4842,4842,0.9433333333333334,0.00998645168764533,discard,0.48027
4843,4843,0.9433333333333334,0.00998645168764533,request_rescan,0.480368
4844,4844,0.9433333333333334,0.00998645168764533,request_rescan,0.480466
4845,4845,0.9433333333333334,0.00998645168764533,discard,0.480561
4846,4846,0.9433333333333334,0.00998645168764533,discard,0.480654
4847,4847,0.9433333333333334,0.00998645168764533,request_rescan,0.480748
4848,4848,0.9433333333333334,0.00998645168764533,discard,0.480841
4849,4849,0.9433333333333334,0.00998645168764533,discard,0.480938
4850,4850,0.9433333333333334,0.00998645168764533,discard,0.481031
4851,4851,0.9433333333333334,0.00998645168764533,discard,0.481123
4852,4852,0.9433333333333334,0.00998645168764533,request_rescan,0.481219
4853,4853,0.9433333333333334,0.00998645168764533,discard,0.481318
4854,4854,0.9433333333333334,0.00998645168764533,request_rescan,0.48143
4855,4855,0.9433333333333334,0.00998645168764533,request_rescan,0.481531
4856,4856,0.9433333333333334,0.00998645168764533,request_rescan,0.481624
4857,4857,0.9433333333333334,0.00998645168764533,discard,0.481719
4858,4858,0.9433333333333334,0.00998645168764533,request_rescan,0.481816
4859,4859,0.9433333333333334,0.00998645168764533,discard,0.48191
4860,4860,0.9433333333333334,0.00998645168764533,request_rescan,0.482002
4861,4861,0.9433333333333334,0.00998645168764533,request_rescan,0.482097
4862,4862,0.9433333333333334,0.00998645168764533,request_rescan,0.48219
4863,4863,0.9433333333333334,0.00998645168764533,request_rescan,0.482283
4864,4864,0.9433333333333334,0.00998645168764533,request_rescan,0.482377
4865,4865,0.9433333333333334,0.00998645168764533,request_rescan,0.482485
4866,4866,0.9433333333333334,0.00998645168764533,discard,0.482582
4867,4867,0.9433333333333334,0.00998645168764533,discard,0.482682
4868,4868,0.9433333333333334,0.00998645168764533,discard,0.482785
4869,4869,0.9433333333333334,0.00998645168764533,discard,0.482882
4870,4870,0.9433333333333334,0.00998645168764533,discard,0.482973
4871,4871,0.9433333333333334,0.00998645168764533,discard,0.483071
4872,4872,0.9433333333333334,0.00998645168764533,discard,0.483167
4873,4873,0.9433333333333334,0.00998645168764533,request_rescan,0.483262
4874,4874,0.9433333333333334,0.00998645168764533,discard,0.483356
4875,4875,0.9433333333333334,0.00998645168764533,discard,0.483458
4876,4876,0.9433333333333334,0.00998645168764533,discard,0.483573
4877,4877,0.9433333333333334,0.00998645168764533,request_rescan,0.483692
4878,4878,0.9433333333333334,0.00998645168764533,discard,0.483788
4879,4879,0.9433333333333334,0.00998645168764533,discard,0.483882
4880,4880,0.9433333333333334,0.00998645168764533,discard,0.48398
4881,4881,0.9433333333333334,0.00998645168764533,request_rescan,0.484076
4882,4882,0.9433333333333334,0.00998645168764533,discard,0.484168
4883,4883,0.9433333333333334,0.00998645168764533,request_rescan,0.484264
4884,4884,0.9433333333333334,0.00998645168764533,request_rescan,0.484358
4885,4885,0.9433333333333334,0.00998645168764533,request_rescan,0.484452
4886,4886,0.9433333333333334,0.00998645168764533,request_rescan,0.484553
4887,4887,0.9433333333333334,0.00998645168764533,discard,0.484654
4888,4888,0.9433333333333334,0.00998645168764533,request_rescan,0.484755
4889,4889,0.9433333333333334,0.00998645168764533,request_rescan,0.484853
4890,4890,0.9433333333333334,0.00998645168764533,discard,0.484952
4891,4891,0.9433333333333334,0.00998645168764533,request_rescan,0.485052
4892,4892,0.9433333333333334,0.00998645168764533,request_rescan,0.485148
4893,4893,0.9433333333333334,0.00998645168764533,discard,0.485249
4894,4894,0.9433333333333334,0.00998645168764533,discard,0.485345
4895,4895,0.9433333333333334,0.00998645168764533,request_rescan,0.485441
4896,4896,0.9433333333333334,0.00998645168764533,discard,0.485552
4897,4897,0.9433333333333334,0.00998645168764533,request_rescan,0.485651
4898,4898,0.9433333333333334,0.00998645168764533,request_rescan,0.485746
4899,4899,0.9433333333333334,0.00998645168764533,discard,0.485851
4900,4900,0.9433333333333334,0.00998645168764533,request_rescan,0.485952
4901,4901,0.9433333333333334,0.00998645168764533,request_rescan,0.486101
4902,4902,0.9433333333333334,0.00998645168764533,discard,0.486203
4903,4903,0.9433333333333334,0.00998645168764533,discard,0.486303
4904,4904,0.9433333333333334,0.00998645168764533,request_rescan,0.486401
4905,4905,0.9433333333333334,0.00998645168764533,discard,0.486504
4906,4906,0.9433333333333334,0.00998645168764533,request_rescan,0.486611
4907,4907,0.9433333333333334,0.00998645168764533,request_rescan,0.486734
4908,4908,0.9433333333333334,0.00998645168764533,discard,0.486834
4909,4909,0.9433333333333334,0.00998645168764533,discard,0.486935
4910,4910,0.9433333333333334,0.00998645168764533,discard,0.487031
4911,4911,0.9433333333333334,0.00998645168764533,request_rescan,0.487129
4912,4912,0.9433333333333334,0.00998645168764533,discard,0.487231
4913,4913,0.9433333333333334,0.00998645168764533,request_rescan,0.487333
4914,4914,0.9433333333333334,0.00998645168764533,discard,0.487432
4915,4915,0.9433333333333334,0.00998645168764533,request_rescan,0.487534
4916,4916,0.9433333333333334,0.00998645168764533,discard,0.48763
4917,4917,0.9433333333333334,0.00998645168764533,request_rescan,0.487726
4918,4918,0.9433333333333334,0.00998645168764533,discard,0.487821
4919,4919,0.9433333333333334,0.00998645168764533,request_rescan,0.48792
4920,4920,0.9433333333333334,0.00998645168764533,discard,0.488032
4921,4921,0.9433333333333334,0.00998645168764533,discard,0.488152
4922,4922,0.9433333333333334,0.00998645168764533,discard,0.488258
4923,4923,0.9433333333333334,0.00998645168764533,discard,0.488356
4924,4924,0.9433333333333334,0.00998645168764533,discard,0.488451
4925,4925,0.9433333333333334,0.00998645168764533,request_rescan,0.488551
4926,4926,0.9433333333333334,0.00998645168764533,discard,0.488646
4927,4927,0.9433333333333334,0.00998645168764533,discard,0.488739
4928,4928,0.9433333333333334,0.00998645168764533,request_rescan,0.488836
4929,4929,0.9433333333333334,0.00998645168764533,request_rescan,0.488932
4930,4930,0.9433333333333334,0.00998645168764533,discard,0.489026
4931,4931,0.9433333333333334,0.00998645168764533,request_rescan,0.48912
4932,4932,0.9433333333333334,0.00998645168764533,discard,0.489216
4933,4933,0.9433333333333334,0.00998645168764533,discard,0.48931
4934,4934,0.9433333333333334,0.00998645168764533,discard,0.489409
4935,4935,0.9433333333333334,0.00998645168764533,discard,0.489512
4936,4936,0.9433333333333334,0.00998645168764533,request_rescan,0.489608
4937,4937,0.9433333333333334,0.00998645168764533,discard,0.489701
4938,4938,0.9433333333333334,0.00998645168764533,request_rescan,0.489793
4939,4939,0.9433333333333334,0.00998645168764533,request_rescan,0.48989
4940,4940,0.9433333333333334,0.00998645168764533,request_rescan,0.489985
4941,4941,0.9433333333333334,0.00998645168764533,discard,0.490079
4942,4942,0.9433333333333334,0.00998645168764533,discard,0.49017
4943,4943,0.9433333333333334,0.00998645168764533,discard,0.490266
4944,4944,0.9433333333333334,0.00998645168764533,request_rescan,0.490361
4945,4945,0.9433333333333334,0.00998645168764533,request_rescan,0.490458
4946,4946,0.9433333333333334,0.00998645168764533,request_rescan,0.490552
4947,4947,0.9433333333333334,0.00998645168764533,discard,0.490652
4948,4948,0.9433333333333334,0.00998645168764533,request_rescan,0.490749
4949,4949,0.9433333333333334,0.00998645168764533,request_rescan,0.490844
4950,4950,0.9433333333333334,0.00998645168764533,request_rescan,0.490937
4951,4951,0.9433333333333334,0.00998645168764533,discard,0.49103
4952,4952,0.9433333333333334,0.00998645168764533,discard,0.491158
4953,4953,0.9433333333333334,0.00998645168764533,request_rescan,0.491255
4954,4954,0.9433333333333334,0.00998645168764533,request_rescan,0.491359
4955,4955,0.9433333333333334,0.00998645168764533,discard,0.491452
4956,4956,0.9433333333333334,0.00998645168764533,request_rescan,0.491552
4957,4957,0.9433333333333334,0.00998645168764533,request_rescan,0.491647
4958,4958,0.9433333333333334,0.00998645168764533,request_rescan,0.491742
4959,4959,0.9433333333333334,0.00998645168764533,request_rescan,0.491835
4960,4960,0.9433333333333334,0.00998645168764533,discard,0.491933
4961,4961,0.9433333333333334,0.00998645168764533,request_rescan,0.492028
4962,4962,0.9433333333333334,0.00998645168764533,request_rescan,0.492121
4963,4963,0.9433333333333334,0.00998645168764533,discard,0.492214
4964,4964,0.9433333333333334,0.00998645168764533,request_rescan,0.492311
4965,4965,0.9433333333333334,0.00998645168764533,discard,0.492404
4966,4966,0.9433333333333334,0.00998645168764533,discard,0.492514
4967,4967,0.9433333333333334,0.00998645168764533,request_rescan,0.492608
4968,4968,0.9433333333333334,0.00998645168764533,discard,0.492701
4969,4969,0.9433333333333334,0.00998645168764533,request_rescan,0.492795
4970,4970,0.9433333333333334,0.00998645168764533,discard,0.492897
4971,4971,0.9433333333333334,0.00998645168764533,request_rescan,0.493008
4972,4972,0.9433333333333334,0.00998645168764533,request_rescan,0.493127
4973,4973,0.9433333333333334,0.00998645168764533,request_rescan,0.493224
4974,4974,0.9433333333333334,0.00998645168764533,request_rescan,0.493319
4975,4975,0.9433333333333334,0.00998645168764533,request_rescan,0.493413
4976,4976,0.9433333333333334,0.00998645168764533,discard,0.493523
4977,4977,0.9433333333333334,0.00998645168764533,request_rescan,0.493627
4978,4978,0.9433333333333334,0.00998645168764533,discard,0.493726
4979,4979,0.9433333333333334,0.00998645168764533,discard,0.493825
4980,4980,0.9433333333333334,0.00998645168764533,request_rescan,0.493921
4981,4981,0.9433333333333334,0.00998645168764533,discard,0.494016
4982,4982,0.9433333333333334,0.00998645168764533,discard,0.494111
4983,4983,0.9433333333333334,0.00998645168764533,request_rescan,0.494214
4984,4984,0.9433333333333334,0.00998645168764533,request_rescan,0.494311
4985,4985,0.9433333333333334,0.00998645168764533,discard,0.494413
4986,4986,0.9433333333333334,0.00998645168764533,request_rescan,0.494518
4987,4987,0.9433333333333334,0.00998645168764533,discard,0.494615
4988,4988,0.9433333333333334,0.00998645168764533,request_rescan,0.49471
4989,4989,0.9433333333333334,0.00998645168764533,discard,0.494806
4990,4990,0.9433333333333334,0.00998645168764533,request_rescan,0.494901
4991,4991,0.9433333333333334,0.00998645168764533,discard,0.494999
4992,4992,0.9433333333333334,0.00998645168764533,discard,0.495102
4993,4993,0.9433333333333334,0.00998645168764533,discard,0.495201
4994,4994,0.9433333333333334,0.00998645168764533,request_rescan,0.495299
4995,4995,0.9433333333333334,0.00998645168764533,request_rescan,0.495419
4996,4996,0.9433333333333334,0.00998645168764533,discard,0.495517
4997,4997,0.9433333333333334,0.00998645168764533,discard,0.49562
4998,4998,0.9433333333333334,0.00998645168764533,request_rescan,0.495721
4999,4999,0.9433333333333334,0.00998645168764533,request_rescan,0.495834
5000,5000,0.9433333333333334,0.00998645168764533,request_rescan,0.495928
5001,5001,0.9433333333333334,0.00998645168764533,request_rescan,0.496117
5002,5002,0.9433333333333334,0.00998645168764533,discard,0.496228
5003,5003,0.9433333333333334,0.00998645168764533,discard,0.496332
5004,5004,0.9433333333333334,0.00998645168764533,request_rescan,0.496432
5005,5005,0.9433333333333334,0.00998645168764533,request_rescan,0.496535
5006,5006,0.9433333333333334,0.00998645168764533,discard,0.496633
5007,5007,0.9433333333333334,0.00998645168764533,request_rescan,0.496728
5008,5008,0.9433333333333334,0.00998645168764533,discard,0.496829
5009,5009,0.9433333333333334,0.00998645168764533,discard,0.496935
5010,5010,0.9433333333333334,0.00998645168764533,request_rescan,0.497037
5011,5011,0.9433333333333334,0.00998645168764533,request_rescan,0.497136
5012,5012,0.9433333333333334,0.00998645168764533,discard,0.497234
5013,5013,0.9433333333333334,0.00998645168764533,discard,0.497333
5014,5014,0.9433333333333334,0.00998645168764533,discard,0.497429
5015,5015,0.9433333333333334,0.00998645168764533,request_rescan,0.497529
5016,5016,0.9433333333333334,0.00998645168764533,request_rescan,0.497628
5017,5017,0.9433333333333334,0.00998645168764533,discard,0.497728
5018,5018,0.9433333333333334,0.00998645168764533,discard,0.497827
5019,5019,0.9433333333333334,0.00998645168764533,request_rescan,0.497924
5020,5020,0.9433333333333334,0.00998645168764533,discard,0.498026
5021,5021,0.9433333333333334,0.00998645168764533,discard,0.498123
5022,5022,0.9433333333333334,0.00998645168764533,request_rescan,0.498221
5023,5023,0.9433333333333334,0.00998645168764533,request_rescan,0.498317
5024,5024,0.9433333333333334,0.00998645168764533,request_rescan,0.498416
5025,5025,0.9433333333333334,0.00998645168764533,request_rescan,0.498521
5026,5026,0.9433333333333334,0.00998645168764533,discard,0.498621
5027,5027,0.9433333333333334,0.00998645168764533,discard,0.498734
5028,5028,0.9433333333333334,0.00998645168764533,request_rescan,0.49883
5029,5029,0.9433333333333334,0.00998645168764533,request_rescan,0.498924
5030,5030,0.9433333333333334,0.00998645168764533,discard,0.499018
5031,5031,0.9433333333333334,0.00998645168764533,discard,0.499114
5032,5032,0.9433333333333334,0.00998645168764533,discard,0.499214
5033,5033,0.9433333333333334,0.00998645168764533,request_rescan,0.499311
5034,5034,0.9433333333333334,0.00998645168764533,discard,0.499403
5035,5035,0.9433333333333334,0.00998645168764533,request_rescan,0.499509
5036,5036,0.9433333333333334,0.00998645168764533,request_rescan,0.499608
5037,5037,0.9433333333333334,0.00998645168764533,request_rescan,0.499705
5038,5038,0.9433333333333334,0.00998645168764533,discard,0.499798
5039,5039,0.9433333333333334,0.00998645168764533,discard,0.499892
5040,5040,0.9433333333333334,0.00998645168764533,request_rescan,0.499986
5041,5041,0.9433333333333334,0.00998645168764533,discard,0.500084
5042,5042,0.9433333333333334,0.00998645168764533,discard,0.500181
5043,5043,0.9433333333333334,0.00998645168764533,discard,0.500274
5044,5044,0.9433333333333334,0.00998645168764533,discard,0.500368
5045,5045,0.9433333333333334,0.00998645168764533,request_rescan,0.50048
5046,5046,0.9433333333333334,0.00998645168764533,discard,0.500596
5047,5047,0.9433333333333334,0.00998645168764533,discard,0.500691
5048,5048,0.9433333333333334,0.00998645168764533,discard,0.500785
5049,5049,0.9433333333333334,0.00998645168764533,request_rescan,0.500884
5050,5050,0.9433333333333334,0.00998645168764533,request_rescan,0.50098
5051,5051,0.9433333333333334,0.00998645168764533,discard,0.501075
5052,5052,0.9433333333333334,0.00998645168764533,discard,0.501167
5053,5053,0.9433333333333334,0.00998645168764533,discard,0.501263
5054,5054,0.9433333333333334,0.00998645168764533,discard,0.501361
5055,5055,0.9433333333333334,0.00998645168764533,discard,0.501464
5056,5056,0.9433333333333334,0.00998645168764533,request_rescan,0.50156
5057,5057,0.9433333333333334,0.00998645168764533,request_rescan,0.501658
5058,5058,0.9433333333333334,0.00998645168764533,request_rescan,0.501755
5059,5059,0.9433333333333334,0.00998645168764533,request_rescan,0.50185
5060,5060,0.9433333333333334,0.00998645168764533,request_rescan,0.501944
5061,5061,0.9433333333333334,0.00998645168764533,discard,0.502039
5062,5062,0.9433333333333334,0.00998645168764533,discard,0.502139
5063,5063,0.9433333333333334,0.00998645168764533,discard,0.502233
5064,5064,0.9433333333333334,0.00998645168764533,request_rescan,0.50233
5065,5065,0.9433333333333334,0.00998645168764533,discard,0.502423
5066,5066,0.9433333333333334,0.00998645168764533,discard,0.502525
5067,5067,0.9433333333333334,0.00998645168764533,discard,0.50262
5068,5068,0.9433333333333334,0.00998645168764533,discard,0.502717
5069,5069,0.9433333333333334,0.00998645168764533,discard,0.502816
5070,5070,0.9433333333333334,0.00998645168764533,request_rescan,0.502915
5071,5071,0.9433333333333334,0.00998645168764533,discard,0.503013
5072,5072,0.9433333333333334,0.00998645168764533,request_rescan,0.503109
5073,5073,0.9433333333333334,0.00998645168764533,discard,0.503208
5074,5074,0.9433333333333334,0.00998645168764533,request_rescan,0.503304
5075,5075,0.9433333333333334,0.00998645168764533,discard,0.503398
5076,5076,0.9433333333333334,0.00998645168764533,discard,0.503495
5077,5077,0.9433333333333334,0.00998645168764533,discard,0.50359
5078,5078,0.9433333333333334,0.00998645168764533,request_rescan,0.503689
5079,5079,0.9433333333333334,0.00998645168764533,discard,0.503797
5080,5080,0.9433333333333334,0.00998645168764533,request_rescan,0.503907
5081,5081,0.9433333333333334,0.00998645168764533,request_rescan,0.504005
5082,5082,0.9433333333333334,0.00998645168764533,discard,0.504098
5083,5083,0.9433333333333334,0.00998645168764533,discard,0.50419
5084,5084,0.9433333333333334,0.00998645168764533,request_rescan,0.504298
5085,5085,0.9433333333333334,0.00998645168764533,request_rescan,0.504403
5086,5086,0.9433333333333334,0.00998645168764533,request_rescan,0.504507
5087,5087,0.9433333333333334,0.00998645168764533,discard,0.504609
5088,5088,0.9433333333333334,0.00998645168764533,request_rescan,0.50471
5089,5089,0.9433333333333334,0.00998645168764533,request_rescan,0.504806
5090,5090,0.9433333333333334,0.00998645168764533,request_rescan,0.504903
5091,5091,0.9433333333333334,0.00998645168764533,request_rescan,0.505003
5092,5092,0.9433333333333334,0.00998645168764533,request_rescan,0.505099
5093,5093,0.9433333333333334,0.00998645168764533,request_rescan,0.505194
5094,5094,0.9433333333333334,0.00998645168764533,request_rescan,0.505287
5095,5095,0.9433333333333334,0.00998645168764533,discard,0.505383
5096,5096,0.9433333333333334,0.00998645168764533,discard,0.505479
5097,5097,0.9433333333333334,0.00998645168764533,discard,0.505577
5098,5098,0.9433333333333334,0.00998645168764533,request_rescan,0.505674
5099,5099,0.9433333333333334,0.00998645168764533,discard,0.505773
5100,5100,0.9433333333333334,0.00998645168764533,discard,0.505869
5101,5101,0.9433333333333334,0.00998645168764533,discard,0.505994
5102,5102,0.9433333333333334,0.00998645168764533,request_rescan,0.506092
5103,5103,0.9433333333333334,0.00998645168764533,discard,0.506184
5104,5104,0.9433333333333334,0.00998645168764533,discard,0.506283
5105,5105,0.9433333333333334,0.00998645168764533,discard,0.50638
5106,5106,0.9433333333333334,0.00998645168764533,discard,0.506481
5107,5107,0.9433333333333334,0.00998645168764533,request_rescan,0.506579
5108,5108,0.9433333333333334,0.00998645168764533,discard,0.506676
5109,5109,0.9433333333333334,0.00998645168764533,request_rescan,0.506772
5110,5110,0.9433333333333334,0.00998645168764533,discard,0.506872
5111,5111,0.9433333333333334,0.00998645168764533,discard,0.506967
5112,5112,0.9433333333333334,0.00998645168764533,discard,0.507061
5113,5113,0.9433333333333334,0.00998645168764533,request_rescan,0.507156
5114,5114,0.9433333333333334,0.00998645168764533,request_rescan,0.507249
5115,5115,0.9433333333333334,0.00998645168764533,request_rescan,0.507344
5116,5116,0.9433333333333334,0.00998645168764533,discard,0.507442
5117,5117,0.9433333333333334,0.00998645168764533,discard,0.50754
5118,5118,0.9433333333333334,0.00998645168764533,request_rescan,0.507639
5119,5119,0.9433333333333334,0.00998645168764533,request_rescan,0.507733
5120,5120,0.9433333333333334,0.00998645168764533,request_rescan,0.507869
5121,5121,0.9433333333333334,0.00998645168764533,request_rescan,0.507972
5122,5122,0.9433333333333334,0.00998645168764533,discard,0.508071
5123,5123,0.9433333333333334,0.00998645168764533,request_rescan,0.508168
5124,5124,0.9433333333333334,0.00998645168764533,request_rescan,0.508264
5125,5125,0.9433333333333334,0.00998645168764533,discard,0.50836
5126,5126,0.9433333333333334,0.00998645168764533,discard,0.508459
5127,5127,0.9433333333333334,0.00998645168764533,request_rescan,0.508556
5128,5128,0.9433333333333334,0.00998645168764533,discard,0.508657
5129,5129,0.9433333333333334,0.00998645168764533,discard,0.508756
5130,5130,0.9433333333333334,0.00998645168764533,request_rescan,0.508854
5131,5131,0.9433333333333334,0.00998645168764533,request_rescan,0.508948
5132,5132,0.9433333333333334,0.00998645168764533,request_rescan,0.509041
5133,5133,0.9433333333333334,0.00998645168764533,discard,0.509138
5134,5134,0.9433333333333334,0.00998645168764533,request_rescan,0.509232
5135,5135,0.9433333333333334,0.00998645168764533,discard,0.509326
5136,5136,0.9433333333333334,0.00998645168764533,request_rescan,0.509419
5137,5137,0.9433333333333334,0.00998645168764533,request_rescan,0.509521
5138,5138,0.9433333333333334,0.00998645168764533,discard,0.50962
5139,5139,0.9433333333333334,0.00998645168764533,discard,0.509719
5140,5140,0.9433333333333334,0.00998645168764533,request_rescan,0.509815
5141,5141,0.9433333333333334,0.00998645168764533,discard,0.509909
5142,5142,0.9433333333333334,0.00998645168764533,request_rescan,0.510002
5143,5143,0.9433333333333334,0.00998645168764533,request_rescan,0.510097
5144,5144,0.9433333333333334,0.00998645168764533,request_rescan,0.51019
5145,5145,0.9433333333333334,0.00998645168764533,discard,0.510282
5146,5146,0.9433333333333334,0.00998645168764533,discard,0.510378
5147,5147,0.9433333333333334,0.00998645168764533,request_rescan,0.510475
5148,5148,0.9433333333333334,0.00998645168764533,discard,0.51057
5149,5149,0.9433333333333334,0.00998645168764533,discard,0.510666
5150,5150,0.9433333333333334,0.00998645168764533,discard,0.510768
5151,5151,0.9433333333333334,0.00998645168764533,request_rescan,0.510881
5152,5152,0.9433333333333334,0.00998645168764533,request_rescan,0.510975
5153,5153,0.9433333333333334,0.00998645168764533,discard,0.511076
5154,5154,0.9433333333333334,0.00998645168764533,discard,0.511172
5155,5155,0.9433333333333334,0.00998645168764533,request_rescan,0.511268
5156,5156,0.9433333333333334,0.00998645168764533,discard,0.51136
5157,5157,0.9433333333333334,0.00998645168764533,request_rescan,0.51146
5158,5158,0.9433333333333334,0.00998645168764533,request_rescan,0.511558
5159,5159,0.9433333333333334,0.00998645168764533,discard,0.511651
5160,5160,0.9433333333333334,0.00998645168764533,request_rescan,0.511743
5161,5161,0.9433333333333334,0.00998645168764533,request_rescan,0.511837
5162,5162,0.9433333333333334,0.00998645168764533,discard,0.511929
5163,5163,0.9433333333333334,0.00998645168764533,discard,0.512052
5164,5164,0.9433333333333334,0.00998645168764533,request_rescan,0.512155
5165,5165,0.9433333333333334,0.00998645168764533,discard,0.512252
5166,5166,0.9433333333333334,0.00998645168764533,request_rescan,0.512351
5167,5167,0.9433333333333334,0.00998645168764533,discard,0.512469
5168,5168,0.9433333333333334,0.00998645168764533,request_rescan,0.512564
5169,5169,0.9433333333333334,0.00998645168764533,request_rescan,0.51266
5170,5170,0.9433333333333334,0.00998645168764533,request_rescan,0.512774
5171,5171,0.9433333333333334,0.00998645168764533,request_rescan,0.512875
5172,5172,0.9433333333333334,0.00998645168764533,request_rescan,0.512969
5173,5173,0.9433333333333334,0.00998645168764533,discard,0.513067
5174,5174,0.9433333333333334,0.00998645168764533,discard,0.513161
5175,5175,0.9433333333333334,0.00998645168764533,request_rescan,0.513256
5176,5176,0.9433333333333334,0.00998645168764533,discard,0.513354
5177,5177,0.9433333333333334,0.00998645168764533,request_rescan,0.513451
5178,5178,0.9433333333333334,0.00998645168764533,request_rescan,0.513555
5179,5179,0.9433333333333334,0.00998645168764533,discard,0.513652
5180,5180,0.9433333333333334,0.00998645168764533,request_rescan,0.513748
5181,5181,0.9433333333333334,0.00998645168764533,request_rescan,0.513844
5182,5182,0.9433333333333334,0.00998645168764533,request_rescan,0.513937
5183,5183,0.9433333333333334,0.00998645168764533,discard,0.514033
5184,5184,0.9433333333333334,0.00998645168764533,request_rescan,0.51413
5185,5185,0.9433333333333334,0.00998645168764533,request_rescan,0.514226
5186,5186,0.9433333333333334,0.00998645168764533,request_rescan,0.51432
5187,5187,0.9433333333333334,0.00998645168764533,request_rescan,0.514415
5188,5188,0.9433333333333334,0.00998645168764533,discard,0.514514
5189,5189,0.9433333333333334,0.00998645168764533,request_rescan,0.51461
5190,5190,0.9433333333333334,0.00998645168764533,discard,0.514708
5191,5191,0.9433333333333334,0.00998645168764533,request_rescan,0.514801
5192,5192,0.9433333333333334,0.00998645168764533,request_rescan,0.514895
5193,5193,0.9433333333333334,0.00998645168764533,request_rescan,0.515007
5194,5194,0.9433333333333334,0.00998645168764533,request_rescan,0.515103
5195,5195,0.9433333333333334,0.00998645168764533,discard,0.515202
5196,5196,0.9433333333333334,0.00998645168764533,request_rescan,0.515297
5197,5197,0.9433333333333334,0.00998645168764533,request_rescan,0.515393
5198,5198,0.9433333333333334,0.00998645168764533,request_rescan,0.51549
5199,5199,0.9433333333333334,0.00998645168764533,request_rescan,0.515583
5200,5200,0.9433333333333334,0.00998645168764533,discard,0.515681
5201,5201,0.9433333333333334,0.00998645168764533,request_rescan,0.515817
5202,5202,0.9433333333333334,0.00998645168764533,discard,0.515919
5203,5203,0.9433333333333334,0.00998645168764533,request_rescan,0.516017
5204,5204,0.9433333333333334,0.00998645168764533,request_rescan,0.516113
5205,5205,0.9433333333333334,0.00998645168764533,discard,0.516211
5206,5206,0.9433333333333334,0.00998645168764533,discard,0.51631
5207,5207,0.9433333333333334,0.00998645168764533,request_rescan,0.516405
5208,5208,0.9433333333333334,0.00998645168764533,discard,0.516518
5209,5209,0.9433333333333334,0.00998645168764533,request_rescan,0.516653
5210,5210,0.9433333333333334,0.00998645168764533,discard,0.516753
5211,5211,0.9433333333333334,0.00998645168764533,request_rescan,0.516852
5212,5212,0.9433333333333334,0.00998645168764533,discard,0.51695
5213,5213,0.9433333333333334,0.00998645168764533,request_rescan,0.517044
5214,5214,0.9433333333333334,0.00998645168764533,discard,0.517137
5215,5215,0.9433333333333334,0.00998645168764533,request_rescan,0.517236
5216,5216,0.9433333333333334,0.00998645168764533,discard,0.517331
5217,5217,0.9433333333333334,0.00998645168764533,discard,0.517423
5218,5218,0.9433333333333334,0.00998645168764533,request_rescan,0.51752
5219,5219,0.9433333333333334,0.00998645168764533,request_rescan,0.517613
5220,5220,0.9433333333333334,0.00998645168764533,request_rescan,0.517708
5221,5221,0.9433333333333334,0.00998645168764533,request_rescan,0.517803
5222,5222,0.9433333333333334,0.00998645168764533,request_rescan,0.517896
5223,5223,0.9433333333333334,0.00998645168764533,request_rescan,0.517989
5224,5224,0.9433333333333334,0.00998645168764533,request_rescan,0.518082
5225,5225,0.9433333333333334,0.00998645168764533,discard,0.518178
5226,5226,0.9433333333333334,0.00998645168764533,discard,0.518277
5227,5227,0.9433333333333334,0.00998645168764533,discard,0.51837
5228,5228,0.9433333333333334,0.00998645168764533,request_rescan,0.518468
5229,5229,0.9433333333333334,0.00998645168764533,request_rescan,0.518568
5230,5230,0.9433333333333334,0.00998645168764533,request_rescan,0.518665
5231,5231,0.9433333333333334,0.00998645168764533,request_rescan,0.518757
5232,5232,0.9433333333333334,0.00998645168764533,request_rescan,0.518852
5233,5233,0.9433333333333334,0.00998645168764533,request_rescan,0.518944
5234,5234,0.9433333333333334,0.00998645168764533,discard,0.519035
5235,5235,0.9433333333333334,0.00998645168764533,request_rescan,0.519129
5236,5236,0.9433333333333334,0.00998645168764533,discard,0.519224
5237,5237,0.9433333333333334,0.00998645168764533,request_rescan,0.519319
5238,5238,0.9433333333333334,0.00998645168764533,discard,0.519414
5239,5239,0.9433333333333334,0.00998645168764533,request_rescan,0.519513
5240,5240,0.9433333333333334,0.00998645168764533,request_rescan,0.519605
5241,5241,0.9433333333333334,0.00998645168764533,request_rescan,0.519698
5242,5242,0.9433333333333334,0.00998645168764533,request_rescan,0.519791
5243,5243,0.9433333333333334,0.00998645168764533,request_rescan,0.519887
5244,5244,0.9433333333333334,0.00998645168764533,discard,0.519984
5245,5245,0.9433333333333334,0.00998645168764533,request_rescan,0.520082
5246,5246,0.9433333333333334,0.00998645168764533,discard,0.520183
5247,5247,0.9433333333333334,0.00998645168764533,request_rescan,0.520278
5248,5248,0.9433333333333334,0.00998645168764533,request_rescan,0.520371
5249,5249,0.9433333333333334,0.00998645168764533,request_rescan,0.520468
5250,5250,0.9433333333333334,0.00998645168764533,request_rescan,0.520573
5251,5251,0.9433333333333334,0.00998645168764533,discard,0.520696
5252,5252,0.9433333333333334,0.00998645168764533,request_rescan,0.520809
5253,5253,0.9433333333333334,0.00998645168764533,discard,0.520903
5254,5254,0.9433333333333334,0.00998645168764533,request_rescan,0.520998
5255,5255,0.9433333333333334,0.00998645168764533,discard,0.521091
5256,5256,0.9433333333333334,0.00998645168764533,request_rescan,0.521184
5257,5257,0.9433333333333334,0.00998645168764533,discard,0.521279
5258,5258,0.9433333333333334,0.00998645168764533,discard,0.521375
5259,5259,0.9433333333333334,0.00998645168764533,request_rescan,0.52148
5260,5260,0.9433333333333334,0.00998645168764533,request_rescan,0.521582
5261,5261,0.9433333333333334,0.00998645168764533,discard,0.521678
5262,5262,0.9433333333333334,0.00998645168764533,request_rescan,0.521774
5263,5263,0.9433333333333334,0.00998645168764533,discard,0.521868
5264,5264,0.9433333333333334,0.00998645168764533,request_rescan,0.521963
5265,5265,0.9433333333333334,0.00998645168764533,discard,0.522062
5266,5266,0.9433333333333334,0.00998645168764533,discard,0.522155
5267,5267,0.9433333333333334,0.00998645168764533,request_rescan,0.52225
5268,5268,0.9433333333333334,0.00998645168764533,discard,0.522346
5269,5269,0.9433333333333334,0.00998645168764533,request_rescan,0.522444
5270,5270,0.9433333333333334,0.00998645168764533,request_rescan,0.522542
5271,5271,0.9433333333333334,0.00998645168764533,request_rescan,0.522639
5272,5272,0.9433333333333334,0.00998645168764533,discard,0.522736
5273,5273,0.9433333333333334,0.00998645168764533,request_rescan,0.522829
5274,5274,0.9433333333333334,0.00998645168764533,discard,0.522924
5275,5275,0.76,0.00998645168764533,request_rescan,0.52303
5276,5276,0.9433333333333334,0.00998645168764533,discard,0.523144
5277,5277,0.76,0.00998645168764533,request_rescan,0.523267
5278,5278,0.9433333333333334,0.00998645168764533,request_rescan,0.523369
5279,5279,0.9433333333333334,0.00998645168764533,request_rescan,0.523469
5280,5280,0.9433333333333334,0.00998645168764533,request_rescan,0.523565
5281,5281,0.9433333333333334,0.00998645168764533,discard,0.523665
5282,5282,0.9433333333333334,0.00998645168764533,request_rescan,0.523766
5283,5283,0.9433333333333334,0.00998645168764533,request_rescan,0.523866
5284,5284,0.9433333333333334,0.00998645168764533,request_rescan,0.523963
5285,5285,0.9433333333333334,0.00998645168764533,discard,0.524058
5286,5286,0.9433333333333334,0.00998645168764533,request_rescan,0.524152
5287,5287,0.9433333333333334,0.00998645168764533,request_rescan,0.524246
5288,5288,0.9433333333333334,0.00998645168764533,request_rescan,0.524344
5289,5289,0.9433333333333334,0.00998645168764533,request_rescan,0.524481
5290,5290,0.9433333333333334,0.00998645168764533,request_rescan,0.52458
5291,5291,0.9433333333333334,0.00998645168764533,discard,0.524673
5292,5292,0.9433333333333334,0.00998645168764533,request_rescan,0.524767
5293,5293,0.9433333333333334,0.00998645168764533,request_rescan,0.524862
5294,5294,0.9433333333333334,0.00998645168764533,request_rescan,0.524953
5295,5295,0.9433333333333334,0.00998645168764533,request_rescan,0.525046
5296,5296,0.9433333333333334,0.00998645168764533,discard,0.525144
5297,5297,0.9433333333333334,0.00998645168764533,discard,0.525238
5298,5298,0.9433333333333334,0.00998645168764533,request_rescan,0.525335
5299,5299,0.9433333333333334,0.00998645168764533,discard,0.525432
5300,5300,0.9433333333333334,0.00998645168764533,request_rescan,0.525529
5301,5301,0.9433333333333334,0.00998645168764533,request_rescan,0.525653
5302,5302,0.9433333333333334,0.00998645168764533,discard,0.52575
5303,5303,0.9433333333333334,0.00998645168764533,discard,0.525842
5304,5304,0.9433333333333334,0.00998645168764533,request_rescan,0.525937
5305,5305,0.9433333333333334,0.00998645168764533,request_rescan,0.526032
5306,5306,0.9433333333333334,0.00998645168764533,discard,0.526132
5307,5307,0.9433333333333334,0.00998645168764533,discard,0.526231
5308,5308,0.9433333333333334,0.00998645168764533,discard,0.526325
5309,5309,0.9433333333333334,0.00998645168764533,discard,0.52642
5310,5310,0.9433333333333334,0.00998645168764533,discard,0.526517
5311,5311,0.9433333333333334,0.00998645168764533,request_rescan,0.526609
5312,5312,0.9433333333333334,0.00998645168764533,request_rescan,0.526701
5313,5313,0.9433333333333334,0.00998645168764533,discard,0.5268
5314,5314,0.9433333333333334,0.00998645168764533,discard,0.526898
5315,5315,0.9433333333333334,0.00998645168764533,discard,0.526996
5316,5316,0.9433333333333334,0.00998645168764533,request_rescan,0.527091
5317,5317,0.9433333333333334,0.00998645168764533,request_rescan,0.527187
5318,5318,0.9433333333333334,0.00998645168764533,discard,0.527283
5319,5319,0.9433333333333334,0.00998645168764533,discard,0.527379
5320,5320,0.9433333333333334,0.00998645168764533,request_rescan,0.527478
5321,5321,0.9433333333333334,0.00998645168764533,discard,0.527576
5322,5322,0.9433333333333334,0.00998645168764533,discard,0.527681
5323,5323,0.9433333333333334,0.00998645168764533,discard,0.527787
5324,5324,0.9433333333333334,0.00998645168764533,discard,0.527886
5325,5325,0.9433333333333334,0.00998645168764533,request_rescan,0.527986
5326,5326,0.9433333333333334,0.00998645168764533,request_rescan,0.528082
5327,5327,0.9433333333333334,0.00998645168764533,request_rescan,0.528178
5328,5328,0.9433333333333334,0.00998645168764533,request_rescan,0.528274
5329,5329,0.9433333333333334,0.00998645168764533,discard,0.528371
5330,5330,0.9433333333333334,0.00998645168764533,request_rescan,0.528472
5331,5331,0.9433333333333334,0.00998645168764533,request_rescan,0.528568
5332,5332,0.9433333333333334,0.00998645168764533,discard,0.528682
5333,5333,0.9433333333333334,0.00998645168764533,request_rescan,0.528777
5334,5334,0.9433333333333334,0.00998645168764533,discard,0.528874
5335,5335,0.9433333333333334,0.00998645168764533,request_rescan,0.528972
5336,5336,0.9433333333333334,0.00998645168764533,request_rescan,0.529067
5337,5337,0.9433333333333334,0.00998645168764533,request_rescan,0.529176
5338,5338,0.9433333333333334,0.00998645168764533,request_rescan,0.52927
5339,5339,0.9433333333333334,0.00998645168764533,discard,0.529379
5340,5340,0.9433333333333334,0.00998645168764533,discard,0.529483
5341,5341,0.9433333333333334,0.00998645168764533,request_rescan,0.529594
5342,5342,0.9433333333333334,0.00998645168764533,request_rescan,0.529707
5343,5343,0.9433333333333334,0.00998645168764533,request_rescan,0.529804
5344,5344,0.9433333333333334,0.00998645168764533,discard,0.529897
5345,5345,0.9433333333333334,0.00998645168764533,discard,0.529991
5346,5346,0.9433333333333334,0.00998645168764533,discard,0.53009
5347,5347,0.9433333333333334,0.00998645168764533,discard,0.530192
5348,5348,0.9433333333333334,0.00998645168764533,request_rescan,0.53029
5349,5349,0.9433333333333334,0.00998645168764533,request_rescan,0.530384
5350,5350,0.9433333333333334,0.00998645168764533,request_rescan,0.530487
5351,5351,0.9433333333333334,0.00998645168764533,request_rescan,0.530586
5352,5352,0.9433333333333334,0.00998645168764533,discard,0.530684
5353,5353,0.9433333333333334,0.00998645168764533,request_rescan,0.53078
5354,5354,0.9433333333333334,0.00998645168764533,request_rescan,0.530891
5355,5355,0.9433333333333334,0.00998645168764533,discard,0.530987
5356,5356,0.9433333333333334,0.00998645168764533,request_rescan,0.531083
5357,5357,0.9433333333333334,0.00998645168764533,request_rescan,0.53118
5358,5358,0.9433333333333334,0.00998645168764533,request_rescan,0.531277
5359,5359,0.9433333333333334,0.00998645168764533,request_rescan,0.531377
5360,5360,0.9433333333333334,0.00998645168764533,request_rescan,0.531481
5361,5361,0.9433333333333334,0.00998645168764533,discard,0.531579
5362,5362,0.9433333333333334,0.00998645168764533,request_rescan,0.531675
5363,5363,0.9433333333333334,0.00998645168764533,discard,0.531768
5364,5364,0.9433333333333334,0.00998645168764533,discard,0.531867
5365,5365,0.9433333333333334,0.00998645168764533,request_rescan,0.531963
5366,5366,0.9433333333333334,0.00998645168764533,request_rescan,0.532061
5367,5367,0.9433333333333334,0.00998645168764533,discard,0.532161
5368,5368,0.9433333333333334,0.00998645168764533,discard,0.532255
5369,5369,0.9433333333333334,0.00998645168764533,request_rescan,0.532349
5370,5370,0.9433333333333334,0.00998645168764533,discard,0.532442
5371,5371,0.9433333333333334,0.00998645168764533,discard,0.532543
5372,5372,0.9433333333333334,0.00998645168764533,request_rescan,0.532637
5373,5373,0.9433333333333334,0.00998645168764533,request_rescan,0.532734
5374,5374,0.9433333333333334,0.00998645168764533,request_rescan,0.532829
5375,5375,0.9433333333333334,0.00998645168764533,discard,0.532927
5376,5376,0.9433333333333334,0.00998645168764533,request_rescan,0.533022
5377,5377,0.9433333333333334,0.00998645168764533,discard,0.533118
5378,5378,0.9433333333333334,0.00998645168764533,request_rescan,0.533212
5379,5379,0.9433333333333334,0.00998645168764533,discard,0.533306
5380,5380,0.9433333333333334,0.00998645168764533,request_rescan,0.533399
5381,5381,0.9433333333333334,0.00998645168764533,discard,0.533501
5382,5382,0.9433333333333334,0.00998645168764533,request_rescan,0.533597
5383,5383,0.9433333333333334,0.00998645168764533,discard,0.533693
5384,5384,0.9433333333333334,0.00998645168764533,discard,0.533788
5385,5385,0.9433333333333334,0.00998645168764533,discard,0.533882
5386,5386,0.9433333333333334,0.00998645168764533,request_rescan,0.53398
5387,5387,0.9433333333333334,0.00998645168764533,request_rescan,0.534074
5388,5388,0.9433333333333334,0.00998645168764533,discard,0.534169
5389,5389,0.9433333333333334,0.00998645168764533,request_rescan,0.534264
5390,5390,0.9433333333333334,0.00998645168764533,discard,0.534357
5391,5391,0.9433333333333334,0.00998645168764533,request_rescan,0.53445
5392,5392,0.9433333333333334,0.00998645168764533,request_rescan,0.534547
5393,5393,0.9433333333333334,0.00998645168764533,request_rescan,0.534641
5394,5394,0.9433333333333334,0.00998645168764533,discard,0.534734
5395,5395,0.9433333333333334,0.00998645168764533,request_rescan,0.534828
5396,5396,0.9433333333333334,0.00998645168764533,discard,0.534922
5397,5397,0.9433333333333334,0.00998645168764533,request_rescan,0.535019
5398,5398,0.9433333333333334,0.00998645168764533,request_rescan,0.535115
5399,5399,0.9433333333333334,0.00998645168764533,discard,0.535211
5400,5400,0.9433333333333334,0.00998645168764533,request_rescan,0.535309
5401,5401,0.9433333333333334,0.00998645168764533,request_rescan,0.535465
5402,5402,0.9433333333333334,0.00998645168764533,request_rescan,0.535597
5403,5403,0.9433333333333334,0.00998645168764533,request_rescan,0.535714
5404,5404,0.9433333333333334,0.00998645168764533,request_rescan,0.53581
5405,5405,0.9433333333333334,0.00998645168764533,request_rescan,0.535905
5406,5406,0.9433333333333334,0.00998645168764533,request_rescan,0.535999
5407,5407,0.9433333333333334,0.00998645168764533,request_rescan,0.536096
5408,5408,0.9433333333333334,0.00998645168764533,request_rescan,0.536194
5409,5409,0.9433333333333334,0.00998645168764533,request_rescan,0.536288
5410,5410,0.9433333333333334,0.00998645168764533,request_rescan,0.536382
5411,5411,0.9433333333333334,0.00998645168764533,request_rescan,0.53648
5412,5412,0.9433333333333334,0.00998645168764533,discard,0.536576
5413,5413,0.9433333333333334,0.00998645168764533,request_rescan,0.536669
5414,5414,0.9433333333333334,0.00998645168764533,request_rescan,0.536761
5415,5415,0.9433333333333334,0.00998645168764533,request_rescan,0.536853
5416,5416,0.9433333333333334,0.00998645168764533,discard,0.53695
5417,5417,0.9433333333333334,0.00998645168764533,discard,0.537044
5418,5418,0.9433333333333334,0.00998645168764533,request_rescan,0.537137
5419,5419,0.9433333333333334,0.00998645168764533,discard,0.537235
5420,5420,0.9433333333333334,0.00998645168764533,request_rescan,0.53733
5421,5421,0.9433333333333334,0.00998645168764533,request_rescan,0.537424
5422,5422,0.9433333333333334,0.00998645168764533,discard,0.53752
5423,5423,0.9433333333333334,0.00998645168764533,discard,0.537612
5424,5424,0.9433333333333334,0.00998645168764533,request_rescan,0.537713
5425,5425,0.9433333333333334,0.00998645168764533,discard,0.53781
5426,5426,0.9433333333333334,0.00998645168764533,request_rescan,0.537903
5427,5427,0.9433333333333334,0.00998645168764533,discard,0.537997
5428,5428,0.9433333333333334,0.00998645168764533,discard,0.538087
5429,5429,0.9433333333333334,0.00998645168764533,request_rescan,0.538183
5430,5430,0.9433333333333334,0.00998645168764533,discard,0.538282
5431,5431,0.9433333333333334,0.00998645168764533,discard,0.538375
5432,5432,0.9433333333333334,0.00998645168764533,request_rescan,0.538473
5433,5433,0.9433333333333334,0.00998645168764533,discard,0.538566
5434,5434,0.9433333333333334,0.00998645168764533,request_rescan,0.53866
5435,5435,0.9433333333333334,0.00998645168764533,request_rescan,0.538763
5436,5436,0.9433333333333334,0.00998645168764533,discard,0.538879
5437,5437,0.9433333333333334,0.00998645168764533,request_rescan,0.53899
5438,5438,0.9433333333333334,0.00998645168764533,request_rescan,0.539085
5439,5439,0.9433333333333334,0.00998645168764533,discard,0.539184
5440,5440,0.9433333333333334,0.00998645168764533,request_rescan,0.53928
5441,5441,0.9433333333333334,0.00998645168764533,request_rescan,0.539376
5442,5442,0.9433333333333334,0.00998645168764533,discard,0.539473
5443,5443,0.9433333333333334,0.00998645168764533,request_rescan,0.539568
5444,5444,0.9433333333333334,0.00998645168764533,discard,0.53966
5445,5445,0.9433333333333334,0.00998645168764533,discard,0.53976
5446,5446,0.9433333333333334,0.00998645168764533,request_rescan,0.53986
5447,5447,0.9433333333333334,0.00998645168764533,request_rescan,0.539971
5448,5448,0.9433333333333334,0.00998645168764533,discard,0.540091
5449,5449,0.9433333333333334,0.00998645168764533,request_rescan,0.540194
5450,5450,0.9433333333333334,0.00998645168764533,discard,0.540293
5451,5451,0.9433333333333334,0.00998645168764533,discard,0.540392
5452,5452,0.9433333333333334,0.00998645168764533,discard,0.540493
5453,5453,0.9433333333333334,0.00998645168764533,request_rescan,0.54059
5454,5454,0.9433333333333334,0.00998645168764533,request_rescan,0.540689
5455,5455,0.9433333333333334,0.00998645168764533,request_rescan,0.540786
5456,5456,0.9433333333333334,0.00998645168764533,discard,0.540882
5457,5457,0.9433333333333334,0.00998645168764533,discard,0.540978
5458,5458,0.9433333333333334,0.00998645168764533,discard,0.541078
5459,5459,0.9433333333333334,0.00998645168764533,request_rescan,0.541224
5460,5460,0.9433333333333334,0.00998645168764533,request_rescan,0.541331
5461,5461,0.9433333333333334,0.00998645168764533,discard,0.541435
5462,5462,0.9433333333333334,0.00998645168764533,discard,0.541535
5463,5463,0.9433333333333334,0.00998645168764533,discard,0.54163
5464,5464,0.9433333333333334,0.00998645168764533,discard,0.541727
5465,5465,0.9433333333333334,0.00998645168764533,discard,0.541826
5466,5466,0.9433333333333334,0.00998645168764533,discard,0.541924
5467,5467,0.9433333333333334,0.00998645168764533,request_rescan,0.54202
5468,5468,0.9433333333333334,0.00998645168764533,discard,0.542118
5469,5469,0.9433333333333334,0.00998645168764533,discard,0.542215
5470,5470,0.9433333333333334,0.00998645168764533,request_rescan,0.542311
5471,5471,0.9433333333333334,0.00998645168764533,discard,0.542408
5472,5472,0.9433333333333334,0.00998645168764533,discard,0.542508
5473,5473,0.9433333333333334,0.00998645168764533,discard,0.542609
5474,5474,0.9433333333333334,0.00998645168764533,discard,0.542708
5475,5475,0.9433333333333334,0.00998645168764533,request_rescan,0.542811
5476,5476,0.9433333333333334,0.00998645168764533,request_rescan,0.542907
5477,5477,0.9433333333333334,0.00998645168764533,discard,0.543006
5478,5478,0.9433333333333334,0.00998645168764533,request_rescan,0.543102
5479,5479,0.9433333333333334,0.00998645168764533,request_rescan,0.5432
5480,5480,0.9433333333333334,0.00998645168764533,request_rescan,0.543299
5481,5481,0.9433333333333334,0.00998645168764533,request_rescan,0.543396
5482,5482,0.9433333333333334,0.00998645168764533,request_rescan,0.543495
5483,5483,0.9433333333333334,0.00998645168764533,discard,0.543592
5484,5484,0.9433333333333334,0.00998645168764533,request_rescan,0.543687
5485,5485,0.9433333333333334,0.00998645168764533,discard,0.543777
5486,5486,0.9433333333333334,0.00998645168764533,request_rescan,0.543871
5487,5487,0.9433333333333334,0.00998645168764533,discard,0.543963
5488,5488,0.9433333333333334,0.00998645168764533,discard,0.544054
5489,5489,0.9433333333333334,0.00998645168764533,discard,0.544154
5490,5490,0.9433333333333334,0.00998645168764533,request_rescan,0.544251
5491,5491,0.9433333333333334,0.00998645168764533,request_rescan,0.544346
5492,5492,0.9433333333333334,0.00998645168764533,discard,0.54444
5493,5493,0.9433333333333334,0.00998645168764533,discard,0.544535
5494,5494,0.9433333333333334,0.00998645168764533,discard,0.544631
5495,5495,0.9433333333333334,0.00998645168764533,request_rescan,0.544723
5496,5496,0.9433333333333334,0.00998645168764533,discard,0.544818
5497,5497,0.9433333333333334,0.00998645168764533,request_rescan,0.54491
5498,5498,0.9433333333333334,0.00998645168764533,request_rescan,0.545007
5499,5499,0.9433333333333334,0.00998645168764533,request_rescan,0.545102
5500,5500,0.9433333333333334,0.00998645168764533,discard,0.545199
5501,5501,0.9433333333333334,0.00998645168764533,discard,0.545407
5502,5502,0.9433333333333334,0.00998645168764533,request_rescan,0.54555
5503,5503,0.9433333333333334,0.00998645168764533,discard,0.545666
5504,5504,0.9433333333333334,0.00998645168764533,discard,0.545765
5505,5505,0.9433333333333334,0.00998645168764533,request_rescan,0.545878
5506,5506,0.9433333333333334,0.00998645168764533,discard,0.545976
5507,5507,0.9433333333333334,0.00998645168764533,discard,0.546082
5508,5508,0.9433333333333334,0.00998645168764533,request_rescan,0.54618
5509,5509,0.9433333333333334,0.00998645168764533,discard,0.546283
5510,5510,0.9433333333333334,0.00998645168764533,discard,0.546381
5511,5511,0.9433333333333334,0.00998645168764533,request_rescan,0.546493
5512,5512,0.9433333333333334,0.00998645168764533,discard,0.54659
5513,5513,0.9433333333333334,0.00998645168764533,discard,0.546686
5514,5514,0.9433333333333334,0.00998645168764533,discard,0.546781
5515,5515,0.9433333333333334,0.00998645168764533,discard,0.546873
5516,5516,0.9433333333333334,0.00998645168764533,discard,0.546965
5517,5517,0.9433333333333334,0.00998645168764533,request_rescan,0.54707
5518,5518,0.9433333333333334,0.00998645168764533,discard,0.547175
5519,5519,0.9433333333333334,0.00998645168764533,request_rescan,0.547275
5520,5520,0.9433333333333334,0.00998645168764533,discard,0.547372
5521,5521,0.9433333333333334,0.00998645168764533,discard,0.547468
5522,5522,0.9433333333333334,0.00998645168764533,discard,0.54756
5523,5523,0.9433333333333334,0.00998645168764533,discard,0.547657
5524,5524,0.9433333333333334,0.00998645168764533,discard,0.547749
5525,5525,0.9433333333333334,0.00998645168764533,discard,0.547849
5526,5526,0.9433333333333334,0.00998645168764533,discard,0.547942
5527,5527,0.9433333333333334,0.00998645168764533,request_rescan,0.548037
5528,5528,0.9433333333333334,0.00998645168764533,request_rescan,0.548148
5529,5529,0.9433333333333334,0.00998645168764533,request_rescan,0.548243
5530,5530,0.9433333333333334,0.00998645168764533,discard,0.548339
5531,5531,0.9433333333333334,0.00998645168764533,discard,0.548432
5532,5532,0.9433333333333334,0.00998645168764533,request_rescan,0.54853
5533,5533,0.9433333333333334,0.00998645168764533,request_rescan,0.548625
5534,5534,0.9433333333333334,0.00998645168764533,request_rescan,0.548717
5535,5535,0.9433333333333334,0.00998645168764533,discard,0.548815
5536,5536,0.9433333333333334,0.00998645168764533,request_rescan,0.548908
5537,5537,0.9433333333333334,0.00998645168764533,request_rescan,0.549003
5538,5538,0.76,0.00998645168764533,log_and_continue,0.549102
5539,5539,0.9433333333333334,0.00998645168764533,request_rescan,0.549196
5540,5540,0.9433333333333334,0.00998645168764533,request_rescan,0.54929
5541,5541,0.9433333333333334,0.00998645168764533,discard,0.549384
5542,5542,0.9433333333333334,0.00998645168764533,request_rescan,0.54948
5543,5543,0.9433333333333334,0.00998645168764533,discard,0.549573
5544,5544,0.9433333333333334,0.00998645168764533,request_rescan,0.54967
5545,5545,0.9433333333333334,0.00998645168764533,discard,0.549774
5546,5546,0.9433333333333334,0.00998645168764533,request_rescan,0.549873
5547,5547,0.9433333333333334,0.00998645168764533,request_rescan,0.54997
5548,5548,0.9433333333333334,0.00998645168764533,request_rescan,0.550065
5549,5549,0.9433333333333334,0.00998645168764533,request_rescan,0.550161
5550,5550,0.9433333333333334,0.00998645168764533,discard,0.550259
5551,5551,0.9433333333333334,0.00998645168764533,discard,0.550355
5552,5552,0.9433333333333334,0.00998645168764533,request_rescan,0.550453
5553,5553,0.9433333333333334,0.00998645168764533,request_rescan,0.550554
5554,5554,0.9433333333333334,0.00998645168764533,discard,0.550653
5555,5555,0.9433333333333334,0.00998645168764533,discard,0.550753
5556,5556,0.9433333333333334,0.00998645168764533,request_rescan,0.550855
5557,5557,0.9433333333333334,0.00998645168764533,discard,0.550958
5558,5558,0.9433333333333334,0.00998645168764533,discard,0.551061
5559,5559,0.9433333333333334,0.00998645168764533,request_rescan,0.551161
5560,5560,0.9433333333333334,0.00998645168764533,request_rescan,0.55126
5561,5561,0.9433333333333334,0.00998645168764533,discard,0.551359
5562,5562,0.9433333333333334,0.00998645168764533,request_rescan,0.551453
5563,5563,0.9433333333333334,0.00998645168764533,discard,0.551557
5564,5564,0.9433333333333334,0.00998645168764533,discard,0.551655
5565,5565,0.9433333333333334,0.00998645168764533,request_rescan,0.551753
5566,5566,0.9433333333333334,0.00998645168764533,discard,0.551849
5567,5567,0.9433333333333334,0.00998645168764533,discard,0.551941
5568,5568,0.9433333333333334,0.00998645168764533,discard,0.552032
5569,5569,0.9433333333333334,0.00998645168764533,request_rescan,0.552128
5570,5570,0.9433333333333334,0.00998645168764533,request_rescan,0.552225
5571,5571,0.9433333333333334,0.00998645168764533,request_rescan,0.552324
5572,5572,0.9433333333333334,0.00998645168764533,request_rescan,0.55242
5573,5573,0.9433333333333334,0.00998645168764533,discard,0.552524
5574,5574,0.9433333333333334,0.00998645168764533,request_rescan,0.552621
5575,5575,0.9433333333333334,0.00998645168764533,request_rescan,0.552717
5576,5576,0.9433333333333334,0.00998645168764533,discard,0.552816
5577,5577,0.9433333333333334,0.00998645168764533,discard,0.552916
5578,5578,0.9433333333333334,0.00998645168764533,request_rescan,0.553014
5579,5579,0.9433333333333334,0.00998645168764533,request_rescan,0.553108
5580,5580,0.9433333333333334,0.00998645168764533,discard,0.553205
5581,5581,0.9433333333333334,0.00998645168764533,request_rescan,0.553301
5582,5582,0.9433333333333334,0.00998645168764533,request_rescan,0.553401
5583,5583,0.9433333333333334,0.00998645168764533,request_rescan,0.5535
5584,5584,0.9433333333333334,0.00998645168764533,discard,0.553598
5585,5585,0.9433333333333334,0.00998645168764533,request_rescan,0.553695
5586,5586,0.9433333333333334,0.00998645168764533,request_rescan,0.553792
5587,5587,0.9433333333333334,0.00998645168764533,request_rescan,0.553887
5588,5588,0.9433333333333334,0.00998645168764533,discard,0.553981
5589,5589,0.9433333333333334,0.00998645168764533,discard,0.554081
5590,5590,0.9433333333333334,0.00998645168764533,request_rescan,0.55418
5591,5591,0.9433333333333334,0.00998645168764533,discard,0.554274
5592,5592,0.9433333333333334,0.00998645168764533,discard,0.554372
5593,5593,0.9433333333333334,0.00998645168764533,discard,0.55447
5594,5594,0.9433333333333334,0.00998645168764533,request_rescan,0.554565
5595,5595,0.9433333333333334,0.00998645168764533,discard,0.554664
5596,5596,0.9433333333333334,0.00998645168764533,request_rescan,0.55476
5597,5597,0.9433333333333334,0.00998645168764533,discard,0.554861
5598,5598,0.9433333333333334,0.00998645168764533,discard,0.554957
5599,5599,0.9433333333333334,0.00998645168764533,request_rescan,0.555052
5600,5600,0.9433333333333334,0.00998645168764533,request_rescan,0.555145
5601,5601,0.9433333333333334,0.00998645168764533,discard,0.555273
5602,5602,0.9433333333333334,0.00998645168764533,request_rescan,0.555366
5603,5603,0.9433333333333334,0.00998645168764533,request_rescan,0.555461
5604,5604,0.9433333333333334,0.00998645168764533,discard,0.555557
5605,5605,0.9433333333333334,0.00998645168764533,discard,0.555653
5606,5606,0.9433333333333334,0.00998645168764533,discard,0.55575
5607,5607,0.9433333333333334,0.00998645168764533,discard,0.555846
5608,5608,0.9433333333333334,0.00998645168764533,discard,0.555942
5609,5609,0.9433333333333334,0.00998645168764533,request_rescan,0.556037
5610,5610,0.9433333333333334,0.00998645168764533,discard,0.55613
5611,5611,0.9433333333333334,0.00998645168764533,request_rescan,0.556224
5612,5612,0.9433333333333334,0.00998645168764533,discard,0.556315
5613,5613,0.9433333333333334,0.00998645168764533,request_rescan,0.556409
5614,5614,0.9433333333333334,0.00998645168764533,discard,0.55651
5615,5615,0.9433333333333334,0.00998645168764533,request_rescan,0.556608
5616,5616,0.9433333333333334,0.00998645168764533,discard,0.556703
5617,5617,0.9433333333333334,0.00998645168764533,request_rescan,0.556797
5618,5618,0.9433333333333334,0.00998645168764533,discard,0.556891
5619,5619,0.9433333333333334,0.00998645168764533,request_rescan,0.556984
5620,5620,0.9433333333333334,0.00998645168764533,request_rescan,0.557075
5621,5621,0.9433333333333334,0.00998645168764533,request_rescan,0.557169
5622,5622,0.9433333333333334,0.00998645168764533,discard,0.557264
5623,5623,0.9433333333333334,0.00998645168764533,request_rescan,0.557358
5624,5624,0.9433333333333334,0.00998645168764533,discard,0.557459
5625,5625,0.9433333333333334,0.00998645168764533,request_rescan,0.557557
5626,5626,0.9433333333333334,0.00998645168764533,request_rescan,0.557653
5627,5627,0.9433333333333334,0.00998645168764533,request_rescan,0.55775
5628,5628,0.9433333333333334,0.00998645168764533,request_rescan,0.557881
5629,5629,0.9433333333333334,0.00998645168764533,discard,0.55798
5630,5630,0.9433333333333334,0.00998645168764533,discard,0.558075
5631,5631,0.9433333333333334,0.00998645168764533,request_rescan,0.558169
5632,5632,0.9433333333333334,0.00998645168764533,discard,0.558261
5633,5633,0.9433333333333334,0.00998645168764533,request_rescan,0.558358
5634,5634,0.9433333333333334,0.00998645168764533,discard,0.558463
5635,5635,0.9433333333333334,0.00998645168764533,request_rescan,0.558559
5636,5636,0.9433333333333334,0.00998645168764533,request_rescan,0.558654
5637,5637,0.9433333333333334,0.00998645168764533,discard,0.558752
5638,5638,0.9433333333333334,0.00998645168764533,request_rescan,0.558846
5639,5639,0.9433333333333334,0.00998645168764533,discard,0.558941
5640,5640,0.9433333333333334,0.00998645168764533,request_rescan,0.559038
5641,5641,0.9433333333333334,0.00998645168764533,request_rescan,0.559136
5642,5642,0.9433333333333334,0.00998645168764533,request_rescan,0.559231
5643,5643,0.9433333333333334,0.00998645168764533,discard,0.559327
5644,5644,0.9433333333333334,0.00998645168764533,discard,0.559425
5645,5645,0.9433333333333334,0.00998645168764533,discard,0.559522
5646,5646,0.9433333333333334,0.00998645168764533,request_rescan,0.559615
5647,5647,0.9433333333333334,0.00998645168764533,request_rescan,0.559709
5648,5648,0.9433333333333334,0.00998645168764533,discard,0.559807
5649,5649,0.9433333333333334,0.00998645168764533,request_rescan,0.559905
5650,5650,0.9433333333333334,0.00998645168764533,discard,0.560001
5651,5651,0.9433333333333334,0.00998645168764533,request_rescan,0.560095
5652,5652,0.9433333333333334,0.00998645168764533,request_rescan,0.560187
5653,5653,0.9433333333333334,0.00998645168764533,request_rescan,0.56028
5654,5654,0.9433333333333334,0.00998645168764533,discard,0.560374
5655,5655,0.9433333333333334,0.00998645168764533,request_rescan,0.56047
5656,5656,0.9433333333333334,0.00998645168764533,discard,0.560564
5657,5657,0.9433333333333334,0.00998645168764533,discard,0.560658
5658,5658,0.9433333333333334,0.00998645168764533,request_rescan,0.560752
5659,5659,0.9433333333333334,0.00998645168764533,request_rescan,0.560847
5660,5660,0.9433333333333334,0.00998645168764533,discard,0.560943
5661,5661,0.9433333333333334,0.00998645168764533,discard,0.56105
5662,5662,0.9433333333333334,0.00998645168764533,request_rescan,0.561162
5663,5663,0.9433333333333334,0.00998645168764533,discard,0.561261
5664,5664,0.9433333333333334,0.00998645168764533,request_rescan,0.561355
5665,5665,0.9433333333333334,0.00998645168764533,request_rescan,0.561458
5666,5666,0.9433333333333334,0.00998645168764533,discard,0.561559
5667,5667,0.9433333333333334,0.00998645168764533,request_rescan,0.561658
5668,5668,0.9433333333333334,0.00998645168764533,request_rescan,0.561753
5669,5669,0.9433333333333334,0.00998645168764533,discard,0.56185
5670,5670,0.9433333333333334,0.00998645168764533,request_rescan,0.561944
5671,5671,0.9433333333333334,0.00998645168764533,discard,0.562059
5672,5672,0.9433333333333334,0.00998645168764533,discard,0.562157
5673,5673,0.9433333333333334,0.00998645168764533,discard,0.562255
5674,5674,0.9433333333333334,0.00998645168764533,request_rescan,0.562349
5675,5675,0.9433333333333334,0.00998645168764533,discard,0.562462
5676,5676,0.9433333333333334,0.00998645168764533,discard,0.562561
5677,5677,0.9433333333333334,0.00998645168764533,discard,0.56266
5678,5678,0.9433333333333334,0.00998645168764533,request_rescan,0.562768
5679,5679,0.9433333333333334,0.00998645168764533,discard,0.562863
5680,5680,0.9433333333333334,0.00998645168764533,discard,0.562954
5681,5681,0.9433333333333334,0.00998645168764533,request_rescan,0.563049
5682,5682,0.9433333333333334,0.00998645168764533,request_rescan,0.563143
5683,5683,0.9433333333333334,0.00998645168764533,request_rescan,0.563237
5684,5684,0.9433333333333334,0.00998645168764533,discard,0.563329
5685,5685,0.9433333333333334,0.00998645168764533,discard,0.563428
5686,5686,0.9433333333333334,0.00998645168764533,discard,0.563529
5687,5687,0.9433333333333334,0.00998645168764533,request_rescan,0.563628
5688,5688,0.9433333333333334,0.00998645168764533,discard,0.56372
5689,5689,0.9433333333333334,0.00998645168764533,request_rescan,0.563814
5690,5690,0.9433333333333334,0.00998645168764533,request_rescan,0.56391
5691,5691,0.9433333333333334,0.00998645168764533,request_rescan,0.564003
5692,5692,0.9433333333333334,0.00998645168764533,request_rescan,0.564099
5693,5693,0.9433333333333334,0.00998645168764533,request_rescan,0.564192
5694,5694,0.9433333333333334,0.00998645168764533,request_rescan,0.564286
5695,5695,0.9433333333333334,0.00998645168764533,discard,0.564385
5696,5696,0.9433333333333334,0.00998645168764533,request_rescan,0.564483
5697,5697,0.9433333333333334,0.00998645168764533,request_rescan,0.56458
5698,5698,0.9433333333333334,0.00998645168764533,discard,0.564679
5699,5699,0.9433333333333334,0.00998645168764533,discard,0.564775
5700,5700,0.9433333333333334,0.00998645168764533,discard,0.564869
5701,5701,0.9433333333333334,0.00998645168764533,request_rescan,0.564996
5702,5702,0.9433333333333334,0.00998645168764533,discard,0.565091
5703,5703,0.9433333333333334,0.00998645168764533,request_rescan,0.565187
5704,5704,0.9433333333333334,0.00998645168764533,discard,0.565309
5705,5705,0.9433333333333334,0.00998645168764533,discard,0.565414
5706,5706,0.9433333333333334,0.00998645168764533,discard,0.565518
5707,5707,0.9433333333333334,0.00998645168764533,request_rescan,0.565615
5708,5708,0.9433333333333334,0.00998645168764533,request_rescan,0.565712
5709,5709,0.9433333333333334,0.00998645168764533,request_rescan,0.565807
5710,5710,0.9433333333333334,0.00998645168764533,discard,0.565905
5711,5711,0.9433333333333334,0.00998645168764533,request_rescan,0.565999
5712,5712,0.9433333333333334,0.00998645168764533,request_rescan,0.566095
5713,5713,0.9433333333333334,0.00998645168764533,request_rescan,0.566189
5714,5714,0.9433333333333334,0.00998645168764533,request_rescan,0.566284
5715,5715,0.9433333333333334,0.00998645168764533,discard,0.566395
5716,5716,0.9433333333333334,0.00998645168764533,discard,0.566524
5717,5717,0.9433333333333334,0.00998645168764533,request_rescan,0.566622
5718,5718,0.9433333333333334,0.00998645168764533,discard,0.566718
5719,5719,0.9433333333333334,0.00998645168764533,request_rescan,0.566811
5720,5720,0.9433333333333334,0.00998645168764533,request_rescan,0.566906
5721,5721,0.9433333333333334,0.00998645168764533,discard,0.567
5722,5722,0.9433333333333334,0.00998645168764533,request_rescan,0.567095
5723,5723,0.9433333333333334,0.00998645168764533,request_rescan,0.567188
5724,5724,0.9433333333333334,0.00998645168764533,request_rescan,0.567285
5725,5725,0.9433333333333334,0.00998645168764533,request_rescan,0.567381
5726,5726,0.9433333333333334,0.00998645168764533,request_rescan,0.567477
5727,5727,0.9433333333333334,0.00998645168764533,discard,0.567574
5728,5728,0.9433333333333334,0.00998645168764533,discard,0.567669
5729,5729,0.9433333333333334,0.00998645168764533,request_rescan,0.567766
5730,5730,0.9433333333333334,0.00998645168764533,discard,0.567863
5731,5731,0.9433333333333334,0.00998645168764533,discard,0.567957
5732,5732,0.9433333333333334,0.00998645168764533,request_rescan,0.568053
5733,5733,0.9433333333333334,0.00998645168764533,request_rescan,0.568146
5734,5734,0.9433333333333334,0.00998645168764533,discard,0.568242
5735,5735,0.9433333333333334,0.00998645168764533,discard,0.568334
5736,5736,0.9433333333333334,0.00998645168764533,request_rescan,0.568427
5737,5737,0.9433333333333334,0.00998645168764533,discard,0.568531
5738,5738,0.9433333333333334,0.00998645168764533,discard,0.568628
5739,5739,0.9433333333333334,0.00998645168764533,request_rescan,0.568725
5740,5740,0.9433333333333334,0.00998645168764533,discard,0.568817
5741,5741,0.9433333333333334,0.00998645168764533,request_rescan,0.568912
5742,5742,0.9433333333333334,0.00998645168764533,discard,0.569003
5743,5743,0.9433333333333334,0.00998645168764533,discard,0.569098
5744,5744,0.9433333333333334,0.00998645168764533,request_rescan,0.569192
5745,5745,0.9433333333333334,0.00998645168764533,discard,0.569289
5746,5746,0.9433333333333334,0.00998645168764533,request_rescan,0.569384
5747,5747,0.9433333333333334,0.00998645168764533,discard,0.569484
5748,5748,0.9433333333333334,0.00998645168764533,request_rescan,0.569579
5749,5749,0.9433333333333334,0.00998645168764533,discard,0.569677
5750,5750,0.9433333333333334,0.00998645168764533,discard,0.569775
5751,5751,0.9433333333333334,0.00998645168764533,request_rescan,0.569871
5752,5752,0.9433333333333334,0.00998645168764533,discard,0.569965
5753,5753,0.9433333333333334,0.00998645168764533,request_rescan,0.570057
5754,5754,0.9433333333333334,0.00998645168764533,request_rescan,0.570151
5755,5755,0.9433333333333334,0.00998645168764533,request_rescan,0.570246
5756,5756,0.9433333333333334,0.00998645168764533,request_rescan,0.570342
5757,5757,0.9433333333333334,0.00998645168764533,request_rescan,0.570438
5758,5758,0.9433333333333334,0.00998645168764533,request_rescan,0.570534
5759,5759,0.9433333333333334,0.00998645168764533,discard,0.570626
5760,5760,0.9433333333333334,0.00998645168764533,request_rescan,0.570716
5761,5761,0.9433333333333334,0.00998645168764533,request_rescan,0.570809
5762,5762,0.9433333333333334,0.00998645168764533,request_rescan,0.570902
5763,5763,0.9433333333333334,0.00998645168764533,request_rescan,0.570996
5764,5764,0.9433333333333334,0.00998645168764533,discard,0.571103
5765,5765,0.9433333333333334,0.00998645168764533,request_rescan,0.571198
5766,5766,0.9433333333333334,0.00998645168764533,discard,0.571295
5767,5767,0.9433333333333334,0.00998645168764533,discard,0.57139
5768,5768,0.9433333333333334,0.00998645168764533,request_rescan,0.571488
5769,5769,0.9433333333333334,0.00998645168764533,request_rescan,0.571585
5770,5770,0.9433333333333334,0.00998645168764533,discard,0.571684
5771,5771,0.9433333333333334,0.00998645168764533,discard,0.571781
5772,5772,0.9433333333333334,0.00998645168764533,request_rescan,0.571876
5773,5773,0.9433333333333334,0.00998645168764533,discard,0.571972
5774,5774,0.9433333333333334,0.00998645168764533,discard,0.572069
5775,5775,0.9433333333333334,0.00998645168764533,request_rescan,0.572173
5776,5776,0.9433333333333334,0.00998645168764533,discard,0.572291
5777,5777,0.9433333333333334,0.00998645168764533,discard,0.572387
5778,5778,0.9433333333333334,0.00998645168764533,request_rescan,0.572486
5779,5779,0.9433333333333334,0.00998645168764533,request_rescan,0.572582
5780,5780,0.9433333333333334,0.00998645168764533,discard,0.57268
5781,5781,0.9433333333333334,0.00998645168764533,discard,0.572775
5782,5782,0.9433333333333334,0.00998645168764533,request_rescan,0.572869
5783,5783,0.9433333333333334,0.00998645168764533,request_rescan,0.572964
5784,5784,0.9433333333333334,0.00998645168764533,discard,0.57306
5785,5785,0.9433333333333334,0.00998645168764533,discard,0.573152
5786,5786,0.9433333333333334,0.00998645168764533,discard,0.573245
5787,5787,0.9433333333333334,0.00998645168764533,discard,0.573338
5788,5788,0.9433333333333334,0.00998645168764533,discard,0.573431
5789,5789,0.9433333333333334,0.00998645168764533,request_rescan,0.57353
5790,5790,0.9433333333333334,0.00998645168764533,request_rescan,0.573631
5791,5791,0.9433333333333334,0.00998645168764533,discard,0.573727
5792,5792,0.9433333333333334,0.00998645168764533,request_rescan,0.573821
5793,5793,0.9433333333333334,0.00998645168764533,discard,0.573915
5794,5794,0.9433333333333334,0.00998645168764533,request_rescan,0.574008
5795,5795,0.9433333333333334,0.00998645168764533,request_rescan,0.574099
5796,5796,0.9433333333333334,0.00998645168764533,discard,0.574197
5797,5797,0.9433333333333334,0.00998645168764533,request_rescan,0.574296
5798,5798,0.9433333333333334,0.00998645168764533,discard,0.574391
5799,5799,0.9433333333333334,0.00998645168764533,request_rescan,0.574525
5800,5800,0.9433333333333334,0.00998645168764533,discard,0.574618
5801,5801,0.9433333333333334,0.00998645168764533,request_rescan,0.574773
5802,5802,0.9433333333333334,0.00998645168764533,discard,0.574904
5803,5803,0.9433333333333334,0.00998645168764533,discard,0.575017
5804,5804,0.9433333333333334,0.00998645168764533,request_rescan,0.575114
5805,5805,0.9433333333333334,0.00998645168764533,request_rescan,0.575211
5806,5806,0.9433333333333334,0.00998645168764533,request_rescan,0.575306
5807,5807,0.9433333333333334,0.00998645168764533,discard,0.575406
5808,5808,0.9433333333333334,0.00998645168764533,request_rescan,0.575508
5809,5809,0.9433333333333334,0.00998645168764533,request_rescan,0.575607
5810,5810,0.9433333333333334,0.00998645168764533,discard,0.575707
5811,5811,0.9433333333333334,0.00998645168764533,discard,0.575802
5812,5812,0.9433333333333334,0.00998645168764533,request_rescan,0.575898
5813,5813,0.9433333333333334,0.00998645168764533,discard,0.575994
5814,5814,0.9433333333333334,0.00998645168764533,request_rescan,0.576088
5815,5815,0.9433333333333334,0.00998645168764533,discard,0.576186
5816,5816,0.9433333333333334,0.00998645168764533,discard,0.576286
5817,5817,0.9433333333333334,0.00998645168764533,request_rescan,0.576383
5818,5818,0.9433333333333334,0.00998645168764533,request_rescan,0.576494
5819,5819,0.9433333333333334,0.00998645168764533,request_rescan,0.576596
5820,5820,0.9433333333333334,0.00998645168764533,discard,0.576694
5821,5821,0.9433333333333334,0.00998645168764533,discard,0.57679
5822,5822,0.9433333333333334,0.00998645168764533,discard,0.576885
5823,5823,0.9433333333333334,0.00998645168764533,discard,0.576978
5824,5824,0.9433333333333334,0.00998645168764533,request_rescan,0.577071
5825,5825,0.9433333333333334,0.00998645168764533,discard,0.577164
5826,5826,0.9433333333333334,0.00998645168764533,discard,0.57726
5827,5827,0.9433333333333334,0.00998645168764533,request_rescan,0.577357
5828,5828,0.9433333333333334,0.00998645168764533,discard,0.577462
5829,5829,0.9433333333333334,0.00998645168764533,discard,0.577561
5830,5830,0.9433333333333334,0.00998645168764533,request_rescan,0.57766
5831,5831,0.9433333333333334,0.00998645168764533,request_rescan,0.577754
5832,5832,0.9433333333333334,0.00998645168764533,discard,0.57785
5833,5833,0.9433333333333334,0.00998645168764533,request_rescan,0.577944
5834,5834,0.9433333333333334,0.00998645168764533,discard,0.578038
5835,5835,0.9433333333333334,0.00998645168764533,request_rescan,0.578131
5836,5836,0.9433333333333334,0.00998645168764533,discard,0.578227
5837,5837,0.9433333333333334,0.00998645168764533,discard,0.578323
5838,5838,0.9433333333333334,0.00998645168764533,request_rescan,0.578417
5839,5839,0.9433333333333334,0.00998645168764533,discard,0.578517
5840,5840,0.9433333333333334,0.00998645168764533,discard,0.578611
5841,5841,0.9433333333333334,0.00998645168764533,discard,0.578707
5842,5842,0.9433333333333334,0.00998645168764533,discard,0.578803
5843,5843,0.9433333333333334,0.00998645168764533,request_rescan,0.57892
5844,5844,0.9433333333333334,0.00998645168764533,discard,0.579019
5845,5845,0.9433333333333334,0.00998645168764533,request_rescan,0.579117
5846,5846,0.9433333333333334,0.00998645168764533,request_rescan,0.579214
5847,5847,0.9433333333333334,0.00998645168764533,discard,0.579322
5848,5848,0.9433333333333334,0.00998645168764533,request_rescan,0.579419
5849,5849,0.9433333333333334,0.00998645168764533,discard,0.579514
5850,5850,0.9433333333333334,0.00998645168764533,request_rescan,0.579611
5851,5851,0.9433333333333334,0.00998645168764533,request_rescan,0.57971
5852,5852,0.9433333333333334,0.00998645168764533,discard,0.579821
5853,5853,0.9433333333333334,0.00998645168764533,request_rescan,0.579918
5854,5854,0.9433333333333334,0.00998645168764533,request_rescan,0.580014
5855,5855,0.9433333333333334,0.00998645168764533,request_rescan,0.580108
5856,5856,0.9433333333333334,0.00998645168764533,discard,0.580201
5857,5857,0.9433333333333334,0.00998645168764533,discard,0.580295
5858,5858,0.9433333333333334,0.00998645168764533,request_rescan,0.580388
5859,5859,0.9433333333333334,0.00998645168764533,discard,0.580487
5860,5860,0.9433333333333334,0.00998645168764533,request_rescan,0.580583
5861,5861,0.9433333333333334,0.00998645168764533,discard,0.580681
5862,5862,0.9433333333333334,0.00998645168764533,discard,0.580774
5863,5863,0.9433333333333334,0.00998645168764533,discard,0.580874
5864,5864,0.9433333333333334,0.00998645168764533,request_rescan,0.580974
5865,5865,0.9433333333333334,0.00998645168764533,discard,0.581072
5866,5866,0.9433333333333334,0.00998645168764533,request_rescan,0.581167
5867,5867,0.9433333333333334,0.00998645168764533,discard,0.581265
5868,5868,0.9433333333333334,0.00998645168764533,discard,0.581367
5869,5869,0.9433333333333334,0.00998645168764533,request_rescan,0.581466
5870,5870,0.9433333333333334,0.00998645168764533,request_rescan,0.581565
5871,5871,0.9433333333333334,0.00998645168764533,discard,0.581667
5872,5872,0.9433333333333334,0.00998645168764533,discard,0.581762
5873,5873,0.9433333333333334,0.00998645168764533,request_rescan,0.581855
5874,5874,0.9433333333333334,0.00998645168764533,request_rescan,0.581948
5875,5875,0.9433333333333334,0.00998645168764533,discard,0.582044
5876,5876,0.9433333333333334,0.00998645168764533,request_rescan,0.582138
5877,5877,0.9433333333333334,0.00998645168764533,discard,0.582239
5878,5878,0.9433333333333334,0.00998645168764533,request_rescan,0.582339
5879,5879,0.9433333333333334,0.00998645168764533,request_rescan,0.582432
5880,5880,0.9433333333333334,0.00998645168764533,request_rescan,0.582531
5881,5881,0.9433333333333334,0.00998645168764533,discard,0.582625
5882,5882,0.9433333333333334,0.00998645168764533,request_rescan,0.582717
5883,5883,0.9433333333333334,0.00998645168764533,discard,0.582824
5884,5884,0.9433333333333334,0.00998645168764533,request_rescan,0.582918
5885,5885,0.9433333333333334,0.00998645168764533,request_rescan,0.583015
5886,5886,0.9433333333333334,0.00998645168764533,request_rescan,0.583111
5887,5887,0.9433333333333334,0.00998645168764533,request_rescan,0.583205
5888,5888,0.9433333333333334,0.00998645168764533,request_rescan,0.583299
5889,5889,0.9433333333333334,0.00998645168764533,request_rescan,0.583398
5890,5890,0.9433333333333334,0.00998645168764533,discard,0.583499
5891,5891,0.9433333333333334,0.00998645168764533,discard,0.583592
5892,5892,0.9433333333333334,0.00998645168764533,discard,0.583683
5893,5893,0.9433333333333334,0.00998645168764533,discard,0.583776
5894,5894,0.9433333333333334,0.00998645168764533,request_rescan,0.58387
5895,5895,0.9433333333333334,0.00998645168764533,discard,0.583966
5896,5896,0.9433333333333334,0.00998645168764533,discard,0.584057
5897,5897,0.9433333333333334,0.00998645168764533,discard,0.584149
5898,5898,0.9433333333333334,0.00998645168764533,request_rescan,0.584244
5899,5899,0.9433333333333334,0.00998645168764533,request_rescan,0.584339
5900,5900,0.9433333333333334,0.00998645168764533,request_rescan,0.584432
5901,5901,0.9433333333333334,0.00998645168764533,request_rescan,0.584569
5902,5902,0.9433333333333334,0.00998645168764533,request_rescan,0.584669
5903,5903,0.9433333333333334,0.00998645168764533,request_rescan,0.584763
5904,5904,0.9433333333333334,0.00998645168764533,discard,0.584856
5905,5905,0.9433333333333334,0.00998645168764533,request_rescan,0.584952
5906,5906,0.9433333333333334,0.00998645168764533,discard,0.585051
5907,5907,0.9433333333333334,0.00998645168764533,request_rescan,0.585147
5908,5908,0.9433333333333334,0.00998645168764533,request_rescan,0.585242
5909,5909,0.9433333333333334,0.00998645168764533,discard,0.585347
5910,5910,0.9433333333333334,0.00998645168764533,request_rescan,0.585446
5911,5911,0.9433333333333334,0.00998645168764533,request_rescan,0.585547
5912,5912,0.9433333333333334,0.00998645168764533,discard,0.585645
5913,5913,0.9433333333333334,0.00998645168764533,request_rescan,0.585741
5914,5914,0.9433333333333334,0.00998645168764533,request_rescan,0.585836
5915,5915,0.9433333333333334,0.00998645168764533,discard,0.585931
5916,5916,0.9433333333333334,0.00998645168764533,request_rescan,0.586028
5917,5917,0.9433333333333334,0.00998645168764533,request_rescan,0.586127
5918,5918,0.9433333333333334,0.00998645168764533,request_rescan,0.586221
5919,5919,0.9433333333333334,0.00998645168764533,request_rescan,0.586314
5920,5920,0.9433333333333334,0.00998645168764533,discard,0.586409
5921,5921,0.9433333333333334,0.00998645168764533,discard,0.586507
5922,5922,0.9433333333333334,0.00998645168764533,discard,0.586603
5923,5923,0.9433333333333334,0.00998645168764533,discard,0.586701
5924,5924,0.9433333333333334,0.00998645168764533,discard,0.586796
5925,5925,0.9433333333333334,0.00998645168764533,request_rescan,0.586891
5926,5926,0.9433333333333334,0.00998645168764533,request_rescan,0.586991
5927,5927,0.9433333333333334,0.00998645168764533,request_rescan,0.587093
5928,5928,0.9433333333333334,0.00998645168764533,request_rescan,0.587191
5929,5929,0.9433333333333334,0.00998645168764533,request_rescan,0.587286
5930,5930,0.9433333333333334,0.00998645168764533,request_rescan,0.587381
5931,5931,0.9433333333333334,0.00998645168764533,request_rescan,0.587479
5932,5932,0.9433333333333334,0.00998645168764533,discard,0.587572
5933,5933,0.9433333333333334,0.00998645168764533,discard,0.587668
5934,5934,0.9433333333333334,0.00998645168764533,discard,0.587759
5935,5935,0.9433333333333334,0.00998645168764533,discard,0.587856
5936,5936,0.9433333333333334,0.00998645168764533,request_rescan,0.587949
5937,5937,0.9433333333333334,0.00998645168764533,request_rescan,0.588046
5938,5938,0.9433333333333334,0.00998645168764533,request_rescan,0.588143
5939,5939,0.9433333333333334,0.00998645168764533,request_rescan,0.588235
5940,5940,0.9433333333333334,0.00998645168764533,request_rescan,0.58833
5941,5941,0.9433333333333334,0.00998645168764533,request_rescan,0.588424
5942,5942,0.9433333333333334,0.00998645168764533,request_rescan,0.588518
5943,5943,0.9433333333333334,0.00998645168764533,discard,0.588615
5944,5944,0.9433333333333334,0.00998645168764533,discard,0.588711
5945,5945,0.9433333333333334,0.00998645168764533,discard,0.588809
5946,5946,0.9433333333333334,0.00998645168764533,discard,0.58891
5947,5947,0.9433333333333334,0.00998645168764533,request_rescan,0.589009
5948,5948,0.9433333333333334,0.00998645168764533,discard,0.589105
5949,5949,0.9433333333333334,0.00998645168764533,discard,0.589202
5950,5950,0.9433333333333334,0.00998645168764533,discard,0.589297
5951,5951,0.9433333333333334,0.00998645168764533,discard,0.589393
5952,5952,0.9433333333333334,0.00998645168764533,discard,0.589494
5953,5953,0.9433333333333334,0.00998645168764533,discard,0.589595
5954,5954,0.9433333333333334,0.00998645168764533,discard,0.589692
5955,5955,0.9433333333333334,0.00998645168764533,discard,0.589794
5956,5956,0.9433333333333334,0.00998645168764533,request_rescan,0.589892
5957,5957,0.9433333333333334,0.00998645168764533,request_rescan,0.589986
5958,5958,0.9433333333333334,0.00998645168764533,discard,0.590082
5959,5959,0.9433333333333334,0.00998645168764533,request_rescan,0.590182
5960,5960,0.9433333333333334,0.00998645168764533,request_rescan,0.590279
5961,5961,0.9433333333333334,0.00998645168764533,discard,0.590379
5962,5962,0.9433333333333334,0.00998645168764533,request_rescan,0.590478
5963,5963,0.9433333333333334,0.00998645168764533,request_rescan,0.590575
5964,5964,0.9433333333333334,0.00998645168764533,request_rescan,0.590674
5965,5965,0.9433333333333334,0.00998645168764533,discard,0.590778
5966,5966,0.9433333333333334,0.00998645168764533,discard,0.590877
5967,5967,0.9433333333333334,0.00998645168764533,discard,0.590971
5968,5968,0.9433333333333334,0.00998645168764533,request_rescan,0.591067
5969,5969,0.9433333333333334,0.00998645168764533,request_rescan,0.591196
5970,5970,0.9433333333333334,0.00998645168764533,discard,0.591295
5971,5971,0.9433333333333334,0.00998645168764533,request_rescan,0.591391
5972,5972,0.9433333333333334,0.00998645168764533,request_rescan,0.591488
5973,5973,0.9433333333333334,0.00998645168764533,request_rescan,0.59158
5974,5974,0.9433333333333334,0.00998645168764533,discard,0.591676
5975,5975,0.9433333333333334,0.00998645168764533,request_rescan,0.591775
5976,5976,0.9433333333333334,0.00998645168764533,request_rescan,0.591872
5977,5977,0.9433333333333334,0.00998645168764533,request_rescan,0.591965
5978,5978,0.9433333333333334,0.00998645168764533,request_rescan,0.592059
5979,5979,0.9433333333333334,0.00998645168764533,request_rescan,0.592154
5980,5980,0.9433333333333334,0.00998645168764533,request_rescan,0.592247
5981,5981,0.9433333333333334,0.00998645168764533,discard,0.592343
5982,5982,0.9433333333333334,0.00998645168764533,discard,0.59244
5983,5983,0.9433333333333334,0.00998645168764533,discard,0.592537
5984,5984,0.9433333333333334,0.00998645168764533,discard,0.592639
5985,5985,0.9433333333333334,0.00998645168764533,discard,0.592738
5986,5986,0.9433333333333334,0.00998645168764533,request_rescan,0.592836
5987,5987,0.9433333333333334,0.00998645168764533,request_rescan,0.592932
5988,5988,0.9433333333333334,0.00998645168764533,discard,0.593026
5989,5989,0.9433333333333334,0.00998645168764533,discard,0.593123
5990,5990,0.9433333333333334,0.00998645168764533,discard,0.593216
5991,5991,0.9433333333333334,0.00998645168764533,discard,0.593312
5992,5992,0.9433333333333334,0.00998645168764533,request_rescan,0.593408
5993,5993,0.9433333333333334,0.00998645168764533,request_rescan,0.59351
5994,5994,0.9433333333333334,0.00998645168764533,discard,0.59361
5995,5995,0.9433333333333334,0.00998645168764533,request_rescan,0.593708
5996,5996,0.9433333333333334,0.00998645168764533,discard,0.593804
5997,5997,0.9433333333333334,0.00998645168764533,request_rescan,0.593898
5998,5998,0.9433333333333334,0.00998645168764533,discard,0.593994
5999,5999,0.9433333333333334,0.00998645168764533,discard,0.594089
6000,6000,0.9433333333333334,0.00998645168764533,request_rescan,0.594186
6001,6001,0.9433333333333334,0.00998645168764533,request_rescan,0.594374
6002,6002,0.9433333333333334,0.00998645168764533,discard,0.594519
6003,6003,0.9433333333333334,0.00998645168764533,request_rescan,0.594644
6004,6004,0.9433333333333334,0.00998645168764533,discard,0.594745
6005,6005,0.9433333333333334,0.00998645168764533,discard,0.594846
6006,6006,0.9433333333333334,0.00998645168764533,request_rescan,0.594944
6007,6007,0.9433333333333334,0.00998645168764533,discard,0.595043
6008,6008,0.9433333333333334,0.00998645168764533,request_rescan,0.595143
6009,6009,0.9433333333333334,0.00998645168764533,request_rescan,0.595238
6010,6010,0.9433333333333334,0.00998645168764533,request_rescan,0.595333
6011,6011,0.9433333333333334,0.00998645168764533,discard,0.595452
6012,6012,0.9433333333333334,0.00998645168764533,discard,0.595564
6013,6013,0.9433333333333334,0.00998645168764533,request_rescan,0.595661
6014,6014,0.9433333333333334,0.00998645168764533,request_rescan,0.595755
6015,6015,0.9433333333333334,0.00998645168764533,discard,0.595856
6016,6016,0.9433333333333334,0.00998645168764533,request_rescan,0.595969
6017,6017,0.9433333333333334,0.00998645168764533,request_rescan,0.596074
6018,6018,0.9433333333333334,0.00998645168764533,request_rescan,0.596168
6019,6019,0.9433333333333334,0.00998645168764533,discard,0.596263
6020,6020,0.9433333333333334,0.00998645168764533,request_rescan,0.596356
6021,6021,0.9433333333333334,0.00998645168764533,discard,0.596466
6022,6022,0.9433333333333334,0.00998645168764533,discard,0.596566
6023,6023,0.9433333333333334,0.00998645168764533,request_rescan,0.596665
6024,6024,0.9433333333333334,0.00998645168764533,discard,0.596769
6025,6025,0.9433333333333334,0.00998645168764533,discard,0.596868
6026,6026,0.9433333333333334,0.00998645168764533,discard,0.596963
6027,6027,0.9433333333333334,0.00998645168764533,request_rescan,0.597059
6028,6028,0.9433333333333334,0.00998645168764533,request_rescan,0.597155
6029,6029,0.9433333333333334,0.00998645168764533,discard,0.597251
6030,6030,0.9433333333333334,0.00998645168764533,discard,0.597347
6031,6031,0.9433333333333334,0.00998645168764533,request_rescan,0.597442
6032,6032,0.9433333333333334,0.00998645168764533,discard,0.597542
6033,6033,0.9433333333333334,0.00998645168764533,discard,0.597643
6034,6034,0.9433333333333334,0.00998645168764533,discard,0.597742
6035,6035,0.9433333333333334,0.00998645168764533,request_rescan,0.59784
6036,6036,0.9433333333333334,0.00998645168764533,discard,0.597933
6037,6037,0.9433333333333334,0.00998645168764533,discard,0.598033
6038,6038,0.9433333333333334,0.00998645168764533,request_rescan,0.598129
6039,6039,0.9433333333333334,0.00998645168764533,request_rescan,0.598225
6040,6040,0.9433333333333334,0.00998645168764533,request_rescan,0.598323
6041,6041,0.9433333333333334,0.00998645168764533,discard,0.598427
6042,6042,0.9433333333333334,0.00998645168764533,request_rescan,0.598529
6043,6043,0.9433333333333334,0.00998645168764533,request_rescan,0.598627
6044,6044,0.9433333333333334,0.00998645168764533,discard,0.598726
6045,6045,0.9433333333333334,0.00998645168764533,request_rescan,0.598822
6046,6046,0.9433333333333334,0.00998645168764533,discard,0.598919
6047,6047,0.9433333333333334,0.00998645168764533,discard,0.59903
6048,6048,0.9433333333333334,0.00998645168764533,discard,0.599123
6049,6049,0.9433333333333334,0.00998645168764533,request_rescan,0.599216
6050,6050,0.9433333333333334,0.00998645168764533,request_rescan,0.59931
6051,6051,0.9433333333333334,0.00998645168764533,request_rescan,0.599404
6052,6052,0.9433333333333334,0.00998645168764533,request_rescan,0.599503
6053,6053,0.9433333333333334,0.00998645168764533,request_rescan,0.599603
6054,6054,0.9433333333333334,0.00998645168764533,discard,0.599697
6055,6055,0.9433333333333334,0.00998645168764533,discard,0.599795
6056,6056,0.9433333333333334,0.00998645168764533,request_rescan,0.599893
6057,6057,0.9433333333333334,0.00998645168764533,request_rescan,0.59999
6058,6058,0.9433333333333334,0.00998645168764533,request_rescan,0.600085
6059,6059,0.9433333333333334,0.00998645168764533,request_rescan,0.60018
6060,6060,0.9433333333333334,0.00998645168764533,request_rescan,0.600274
6061,6061,0.9433333333333334,0.00998645168764533,request_rescan,0.600368
6062,6062,0.9433333333333334,0.00998645168764533,request_rescan,0.600468
6063,6063,0.9433333333333334,0.00998645168764533,request_rescan,0.600564
6064,6064,0.9433333333333334,0.00998645168764533,request_rescan,0.600658
6065,6065,0.9433333333333334,0.00998645168764533,discard,0.600752
6066,6066,0.9433333333333334,0.00998645168764533,request_rescan,0.600845
6067,6067,0.9433333333333334,0.00998645168764533,discard,0.60094
6068,6068,0.9433333333333334,0.00998645168764533,discard,0.601039
6069,6069,0.9433333333333334,0.00998645168764533,discard,0.601135
6070,6070,0.9433333333333334,0.00998645168764533,request_rescan,0.60123
6071,6071,0.9433333333333334,0.00998645168764533,request_rescan,0.601325
6072,6072,0.9433333333333334,0.00998645168764533,request_rescan,0.601421
6073,6073,0.9433333333333334,0.00998645168764533,request_rescan,0.601517
6074,6074,0.9433333333333334,0.00998645168764533,request_rescan,0.601613
6075,6075,0.9433333333333334,0.00998645168764533,request_rescan,0.601706
6076,6076,0.9433333333333334,0.00998645168764533,discard,0.601808
6077,6077,0.9433333333333334,0.00998645168764533,request_rescan,0.601904
6078,6078,0.9433333333333334,0.00998645168764533,discard,0.602
6079,6079,0.9433333333333334,0.00998645168764533,request_rescan,0.602097
6080,6080,0.9433333333333334,0.00998645168764533,discard,0.602192
6081,6081,0.9433333333333334,0.00998645168764533,discard,0.602285
6082,6082,0.9433333333333334,0.00998645168764533,request_rescan,0.602392
6083,6083,0.9433333333333334,0.00998645168764533,request_rescan,0.60249
6084,6084,0.9433333333333334,0.00998645168764533,discard,0.602587
6085,6085,0.9433333333333334,0.00998645168764533,request_rescan,0.602681
6086,6086,0.9433333333333334,0.00998645168764533,discard,0.602775
6087,6087,0.9433333333333334,0.00998645168764533,request_rescan,0.602873
6088,6088,0.9433333333333334,0.00998645168764533,discard,0.602971
6089,6089,0.9433333333333334,0.00998645168764533,request_rescan,0.603065
6090,6090,0.9433333333333334,0.00998645168764533,discard,0.603159
6091,6091,0.9433333333333334,0.00998645168764533,discard,0.603253
6092,6092,0.9433333333333334,0.00998645168764533,discard,0.603351
6093,6093,0.9433333333333334,0.00998645168764533,discard,0.603445
6094,6094,0.9433333333333334,0.00998645168764533,request_rescan,0.603544
6095,6095,0.9433333333333334,0.00998645168764533,discard,0.603641
6096,6096,0.9433333333333334,0.00998645168764533,request_rescan,0.603737
6097,6097,0.9433333333333334,0.00998645168764533,discard,0.603829
6098,6098,0.9433333333333334,0.00998645168764533,request_rescan,0.603926
6099,6099,0.9433333333333334,0.00998645168764533,request_rescan,0.604035
6100,6100,0.9433333333333334,0.00998645168764533,request_rescan,0.604156
6101,6101,0.9433333333333334,0.00998645168764533,request_rescan,0.604309
6102,6102,0.9433333333333334,0.00998645168764533,request_rescan,0.604407
6103,6103,0.9433333333333334,0.00998645168764533,discard,0.604507
6104,6104,0.9433333333333334,0.00998645168764533,discard,0.60461
6105,6105,0.9433333333333334,0.00998645168764533,discard,0.604712
6106,6106,0.9433333333333334,0.00998645168764533,discard,0.604814
6107,6107,0.9433333333333334,0.00998645168764533,request_rescan,0.604913
6108,6108,0.9433333333333334,0.00998645168764533,request_rescan,0.605009
6109,6109,0.9433333333333334,0.00998645168764533,discard,0.605105
6110,6110,0.9433333333333334,0.00998645168764533,request_rescan,0.605199
6111,6111,0.9433333333333334,0.00998645168764533,discard,0.605296
6112,6112,0.9433333333333334,0.00998645168764533,request_rescan,0.605391
6113,6113,0.9433333333333334,0.00998645168764533,request_rescan,0.605485
6114,6114,0.9433333333333334,0.00998645168764533,request_rescan,0.605579
6115,6115,0.9433333333333334,0.00998645168764533,discard,0.60568
6116,6116,0.9433333333333334,0.00998645168764533,request_rescan,0.605779
6117,6117,0.9433333333333334,0.00998645168764533,discard,0.605873
6118,6118,0.9433333333333334,0.00998645168764533,request_rescan,0.605969
6119,6119,0.9433333333333334,0.00998645168764533,request_rescan,0.606063
6120,6120,0.9433333333333334,0.00998645168764533,request_rescan,0.606156
6121,6121,0.9433333333333334,0.00998645168764533,request_rescan,0.606251
6122,6122,0.9433333333333334,0.00998645168764533,request_rescan,0.606346
6123,6123,0.9433333333333334,0.00998645168764533,discard,0.606443
6124,6124,0.9433333333333334,0.00998645168764533,request_rescan,0.60654
6125,6125,0.9433333333333334,0.00998645168764533,discard,0.606644
6126,6126,0.9433333333333334,0.00998645168764533,discard,0.606753
6127,6127,0.9433333333333334,0.00998645168764533,request_rescan,0.606847
6128,6128,0.9433333333333334,0.00998645168764533,discard,0.606939
6129,6129,0.9433333333333334,0.00998645168764533,request_rescan,0.607033
6130,6130,0.9433333333333334,0.00998645168764533,discard,0.607127
6131,6131,0.9433333333333334,0.00998645168764533,discard,0.607218
6132,6132,0.9433333333333334,0.00998645168764533,request_rescan,0.607309
6133,6133,0.9433333333333334,0.00998645168764533,request_rescan,0.607402
6134,6134,0.9433333333333334,0.00998645168764533,request_rescan,0.607499
6135,6135,0.9433333333333334,0.00998645168764533,request_rescan,0.607591
6136,6136,0.9433333333333334,0.00998645168764533,request_rescan,0.607685
6137,6137,0.9433333333333334,0.00998645168764533,discard,0.607814
6138,6138,0.9433333333333334,0.00998645168764533,request_rescan,0.607917
6139,6139,0.9433333333333334,0.00998645168764533,request_rescan,0.608014
6140,6140,0.9433333333333334,0.00998645168764533,request_rescan,0.60811
6141,6141,0.9433333333333334,0.00998645168764533,discard,0.608212
6142,6142,0.9433333333333334,0.00998645168764533,request_rescan,0.608309
6143,6143,0.9433333333333334,0.00998645168764533,request_rescan,0.608403
6144,6144,0.9433333333333334,0.00998645168764533,discard,0.608502
6145,6145,0.9433333333333334,0.00998645168764533,discard,0.608599
6146,6146,0.9433333333333334,0.00998645168764533,request_rescan,0.608695
6147,6147,0.9433333333333334,0.00998645168764533,discard,0.608795
6148,6148,0.9433333333333334,0.00998645168764533,discard,0.608892
6149,6149,0.9433333333333334,0.00998645168764533,request_rescan,0.608987
6150,6150,0.9433333333333334,0.00998645168764533,discard,0.609083
6151,6151,0.9433333333333334,0.00998645168764533,discard,0.609178
6152,6152,0.9433333333333334,0.00998645168764533,request_rescan,0.609274
6153,6153,0.9433333333333334,0.00998645168764533,request_rescan,0.609373
6154,6154,0.9433333333333334,0.00998645168764533,discard,0.609478
6155,6155,0.9433333333333334,0.00998645168764533,request_rescan,0.609576
6156,6156,0.9433333333333334,0.00998645168764533,discard,0.609671
6157,6157,0.9433333333333334,0.00998645168764533,discard,0.609769
6158,6158,0.9433333333333334,0.00998645168764533,discard,0.609865
6159,6159,0.9433333333333334,0.00998645168764533,discard,0.609961
6160,6160,0.9433333333333334,0.00998645168764533,request_rescan,0.610058
6161,6161,0.9433333333333334,0.00998645168764533,request_rescan,0.610151
6162,6162,0.9433333333333334,0.00998645168764533,discard,0.610244
6163,6163,0.9433333333333334,0.00998645168764533,discard,0.610338
6164,6164,0.9433333333333334,0.00998645168764533,discard,0.610431
6165,6165,0.9433333333333334,0.00998645168764533,discard,0.610552
6166,6166,0.9433333333333334,0.00998645168764533,discard,0.610646
6167,6167,0.9433333333333334,0.00998645168764533,request_rescan,0.610741
6168,6168,0.9433333333333334,0.00998645168764533,request_rescan,0.610837
6169,6169,0.9433333333333334,0.00998645168764533,discard,0.610939
6170,6170,0.9433333333333334,0.00998645168764533,request_rescan,0.611035
6171,6171,0.9433333333333334,0.00998645168764533,discard,0.61113
6172,6172,0.9433333333333334,0.00998645168764533,discard,0.611225
6173,6173,0.9433333333333334,0.00998645168764533,discard,0.611321
6174,6174,0.9433333333333334,0.00998645168764533,request_rescan,0.611415
6175,6175,0.9433333333333334,0.00998645168764533,request_rescan,0.611517
6176,6176,0.9433333333333334,0.00998645168764533,request_rescan,0.611615
6177,6177,0.9433333333333334,0.00998645168764533,request_rescan,0.611709
6178,6178,0.9433333333333334,0.00998645168764533,request_rescan,0.611803
6179,6179,0.9433333333333334,0.00998645168764533,discard,0.611901
6180,6180,0.9433333333333334,0.00998645168764533,discard,0.612015
6181,6181,0.9433333333333334,0.00998645168764533,request_rescan,0.612151
6182,6182,0.9433333333333334,0.00998645168764533,discard,0.61225
6183,6183,0.9433333333333334,0.00998645168764533,request_rescan,0.612349
6184,6184,0.9433333333333334,0.00998645168764533,request_rescan,0.612445
6185,6185,0.9433333333333334,0.00998645168764533,discard,0.61257
6186,6186,0.9433333333333334,0.00998645168764533,request_rescan,0.612665
6187,6187,0.9433333333333334,0.00998645168764533,request_rescan,0.612758
6188,6188,0.9433333333333334,0.00998645168764533,request_rescan,0.612852
6189,6189,0.9433333333333334,0.00998645168764533,discard,0.612969
6190,6190,0.9433333333333334,0.00998645168764533,discard,0.61307
6191,6191,0.9433333333333334,0.00998645168764533,discard,0.61317
6192,6192,0.9433333333333334,0.00998645168764533,request_rescan,0.613265
6193,6193,0.9433333333333334,0.00998645168764533,request_rescan,0.613362
6194,6194,0.9433333333333334,0.00998645168764533,discard,0.61346
6195,6195,0.9433333333333334,0.00998645168764533,request_rescan,0.613556
6196,6196,0.9433333333333334,0.00998645168764533,discard,0.613652
6197,6197,0.9433333333333334,0.00998645168764533,request_rescan,0.613745
6198,6198,0.9433333333333334,0.00998645168764533,discard,0.613836
6199,6199,0.9433333333333334,0.00998645168764533,discard,0.613933
6200,6200,0.9433333333333334,0.00998645168764533,request_rescan,0.614033
6201,6201,0.9433333333333334,0.00998645168764533,discard,0.614167
6202,6202,0.9433333333333334,0.00998645168764533,request_rescan,0.614266
6203,6203,0.9433333333333334,0.00998645168764533,discard,0.614365
6204,6204,0.9433333333333334,0.00998645168764533,request_rescan,0.614464
6205,6205,0.9433333333333334,0.00998645168764533,request_rescan,0.614558
6206,6206,0.9433333333333334,0.00998645168764533,request_rescan,0.614651
6207,6207,0.9433333333333334,0.00998645168764533,request_rescan,0.614746
6208,6208,0.9433333333333334,0.00998645168764533,discard,0.614846
6209,6209,0.9433333333333334,0.00998645168764533,discard,0.614946
6210,6210,0.9433333333333334,0.00998645168764533,discard,0.615043
6211,6211,0.9433333333333334,0.00998645168764533,request_rescan,0.615142
6212,6212,0.9433333333333334,0.00998645168764533,discard,0.615257
6213,6213,0.9433333333333334,0.00998645168764533,discard,0.615353
6214,6214,0.9433333333333334,0.00998645168764533,request_rescan,0.61545
6215,6215,0.9433333333333334,0.00998645168764533,discard,0.615554
6216,6216,0.9433333333333334,0.00998645168764533,request_rescan,0.615652
6217,6217,0.9433333333333334,0.00998645168764533,discard,0.615746
6218,6218,0.9433333333333334,0.00998645168764533,discard,0.615842
6219,6219,0.9433333333333334,0.00998645168764533,discard,0.615942
6220,6220,0.9433333333333334,0.00998645168764533,request_rescan,0.616044
6221,6221,0.9433333333333334,0.00998645168764533,request_rescan,0.616143
6222,6222,0.9433333333333334,0.00998645168764533,request_rescan,0.616239
6223,6223,0.9433333333333334,0.00998645168764533,request_rescan,0.616334
6224,6224,0.9433333333333334,0.00998645168764533,request_rescan,0.616428
6225,6225,0.9433333333333334,0.00998645168764533,discard,0.616542
6226,6226,0.9433333333333334,0.00998645168764533,discard,0.616654
6227,6227,0.9433333333333334,0.00998645168764533,discard,0.616752
6228,6228,0.9433333333333334,0.00998645168764533,request_rescan,0.616853
6229,6229,0.9433333333333334,0.00998645168764533,request_rescan,0.616948
6230,6230,0.6633333333333333,0.00998645168764533,log_and_continue,0.617054
6231,6231,0.9433333333333334,0.00998645168764533,discard,0.617154
6232,6232,0.9433333333333334,0.00998645168764533,request_rescan,0.617253
6233,6233,0.9433333333333334,0.00998645168764533,request_rescan,0.61735
6234,6234,0.9433333333333334,0.00998645168764533,discard,0.617447
6235,6235,0.9433333333333334,0.00998645168764533,discard,0.617547
6236,6236,0.9433333333333334,0.00998645168764533,request_rescan,0.617643
6237,6237,0.9433333333333334,0.00998645168764533,discard,0.617735
6238,6238,0.9433333333333334,0.00998645168764533,discard,0.61783
6239,6239,0.9433333333333334,0.00998645168764533,discard,0.617931
6240,6240,0.9433333333333334,0.00998645168764533,discard,0.618024
6241,6241,0.9433333333333334,0.00998645168764533,discard,0.61812
6242,6242,0.9433333333333334,0.00998645168764533,discard,0.618212
6243,6243,0.9433333333333334,0.00998645168764533,request_rescan,0.618306
6244,6244,0.9433333333333334,0.00998645168764533,request_rescan,0.618402
6245,6245,0.9433333333333334,0.00998645168764533,discard,0.618503
6246,6246,0.9433333333333334,0.00998645168764533,request_rescan,0.618598
6247,6247,0.9433333333333334,0.00998645168764533,request_rescan,0.618694
6248,6248,0.9433333333333334,0.00998645168764533,discard,0.618793
6249,6249,0.9433333333333334,0.00998645168764533,request_rescan,0.618888
6250,6250,0.9433333333333334,0.00998645168764533,request_rescan,0.618981
6251,6251,0.9433333333333334,0.00998645168764533,discard,0.61908
6252,6252,0.9433333333333334,0.00998645168764533,request_rescan,0.619178
6253,6253,0.9433333333333334,0.00998645168764533,discard,0.619273
6254,6254,0.9433333333333334,0.00998645168764533,request_rescan,0.61937
6255,6255,0.9433333333333334,0.00998645168764533,discard,0.619465
6256,6256,0.9433333333333334,0.00998645168764533,request_rescan,0.619559
6257,6257,0.9433333333333334,0.00998645168764533,request_rescan,0.619656
6258,6258,0.9433333333333334,0.00998645168764533,discard,0.619754
6259,6259,0.9433333333333334,0.00998645168764533,discard,0.619851
6260,6260,0.9433333333333334,0.00998645168764533,request_rescan,0.619947
6261,6261,0.9433333333333334,0.00998645168764533,request_rescan,0.620041
6262,6262,0.9433333333333334,0.00998645168764533,request_rescan,0.620137
6263,6263,0.9433333333333334,0.00998645168764533,discard,0.620234
6264,6264,0.9433333333333334,0.00998645168764533,discard,0.62033
6265,6265,0.9433333333333334,0.00998645168764533,discard,0.620429
6266,6266,0.9433333333333334,0.00998645168764533,discard,0.620529
6267,6267,0.9433333333333334,0.00998645168764533,request_rescan,0.620629
6268,6268,0.9433333333333334,0.00998645168764533,discard,0.620728
6269,6269,0.9433333333333334,0.00998645168764533,request_rescan,0.620824
6270,6270,0.9433333333333334,0.00998645168764533,request_rescan,0.620918
6271,6271,0.9433333333333334,0.00998645168764533,discard,0.621015
6272,6272,0.9433333333333334,0.00998645168764533,discard,0.621108
6273,6273,0.9433333333333334,0.00998645168764533,discard,0.621203
6274,6274,0.9433333333333334,0.00998645168764533,request_rescan,0.621303
6275,6275,0.9433333333333334,0.00998645168764533,request_rescan,0.621398
6276,6276,0.9433333333333334,0.00998645168764533,discard,0.621498
6277,6277,0.9433333333333334,0.00998645168764533,discard,0.621598
6278,6278,0.9433333333333334,0.00998645168764533,request_rescan,0.621693
6279,6279,0.9433333333333334,0.00998645168764533,request_rescan,0.621788
6280,6280,0.9433333333333334,0.00998645168764533,discard,0.621881
6281,6281,0.9433333333333334,0.00998645168764533,request_rescan,0.621973
6282,6282,0.9433333333333334,0.00998645168764533,request_rescan,0.622066
6283,6283,0.9433333333333334,0.00998645168764533,request_rescan,0.622159
6284,6284,0.9433333333333334,0.00998645168764533,discard,0.622253
6285,6285,0.9433333333333334,0.00998645168764533,request_rescan,0.622346
6286,6286,0.9433333333333334,0.00998645168764533,request_rescan,0.622442
6287,6287,0.9433333333333334,0.00998645168764533,request_rescan,0.622538
6288,6288,0.9433333333333334,0.00998645168764533,discard,0.622635
6289,6289,0.9433333333333334,0.00998645168764533,request_rescan,0.622726
6290,6290,0.9433333333333334,0.00998645168764533,discard,0.622821
6291,6291,0.9433333333333334,0.00998645168764533,discard,0.622915
6292,6292,0.9433333333333334,0.00998645168764533,request_rescan,0.62301
6293,6293,0.9433333333333334,0.00998645168764533,discard,0.623109
6294,6294,0.9433333333333334,0.00998645168764533,request_rescan,0.623205
6295,6295,0.9433333333333334,0.00998645168764533,discard,0.6233
6296,6296,0.9433333333333334,0.00998645168764533,request_rescan,0.623425
6297,6297,0.9433333333333334,0.00998645168764533,request_rescan,0.623569
6298,6298,0.9433333333333334,0.00998645168764533,discard,0.623725
6299,6299,0.9433333333333334,0.00998645168764533,request_rescan,0.62383
6300,6300,0.9433333333333334,0.00998645168764533,discard,0.623933
6301,6301,0.9433333333333334,0.00998645168764533,request_rescan,0.624065
6302,6302,0.9433333333333334,0.00998645168764533,request_rescan,0.624162
6303,6303,0.9433333333333334,0.00998645168764533,request_rescan,0.62426
6304,6304,0.9433333333333334,0.00998645168764533,request_rescan,0.624363
6305,6305,0.9433333333333334,0.00998645168764533,request_rescan,0.624507
6306,6306,0.9433333333333334,0.00998645168764533,discard,0.624611
6307,6307,0.9433333333333334,0.00998645168764533,request_rescan,0.624707
6308,6308,0.9433333333333334,0.00998645168764533,request_rescan,0.624802
6309,6309,0.9433333333333334,0.00998645168764533,discard,0.624897
6310,6310,0.9433333333333334,0.00998645168764533,discard,0.624994
6311,6311,0.9433333333333334,0.00998645168764533,request_rescan,0.62509
6312,6312,0.9433333333333334,0.00998645168764533,discard,0.625184
6313,6313,0.9433333333333334,0.00998645168764533,request_rescan,0.625283
6314,6314,0.9433333333333334,0.00998645168764533,request_rescan,0.625377
6315,6315,0.9433333333333334,0.00998645168764533,request_rescan,0.625477
6316,6316,0.9433333333333334,0.00998645168764533,request_rescan,0.625573
6317,6317,0.9433333333333334,0.00998645168764533,request_rescan,0.625667
6318,6318,0.9433333333333334,0.00998645168764533,discard,0.625762
6319,6319,0.9433333333333334,0.00998645168764533,discard,0.625858
6320,6320,0.9433333333333334,0.00998645168764533,discard,0.625949
6321,6321,0.9433333333333334,0.00998645168764533,discard,0.626043
6322,6322,0.9433333333333334,0.00998645168764533,discard,0.62614
6323,6323,0.9433333333333334,0.00998645168764533,request_rescan,0.626234
6324,6324,0.9433333333333334,0.00998645168764533,request_rescan,0.626326
6325,6325,0.9433333333333334,0.00998645168764533,discard,0.626424
6326,6326,0.9433333333333334,0.00998645168764533,discard,0.626524
6327,6327,0.9433333333333334,0.00998645168764533,request_rescan,0.626618
6328,6328,0.9433333333333334,0.00998645168764533,discard,0.626715
6329,6329,0.9433333333333334,0.00998645168764533,discard,0.626812
6330,6330,0.9433333333333334,0.00998645168764533,discard,0.626907
6331,6331,0.9433333333333334,0.00998645168764533,request_rescan,0.627003
6332,6332,0.9433333333333334,0.00998645168764533,discard,0.627097
6333,6333,0.9433333333333334,0.00998645168764533,discard,0.627193
6334,6334,0.9433333333333334,0.00998645168764533,request_rescan,0.627289
6335,6335,0.9433333333333334,0.00998645168764533,discard,0.627387
6336,6336,0.9433333333333334,0.00998645168764533,discard,0.627491
6337,6337,0.9433333333333334,0.00998645168764533,request_rescan,0.627591
6338,6338,0.9433333333333334,0.00998645168764533,discard,0.627687
6339,6339,0.9433333333333334,0.00998645168764533,discard,0.627782
6340,6340,0.9433333333333334,0.00998645168764533,request_rescan,0.627879
6341,6341,0.9433333333333334,0.00998645168764533,discard,0.627977
6342,6342,0.9433333333333334,0.00998645168764533,discard,0.628083
6343,6343,0.9433333333333334,0.00998645168764533,discard,0.628199
6344,6344,0.9433333333333334,0.00998645168764533,discard,0.628298
6345,6345,0.9433333333333334,0.00998645168764533,request_rescan,0.628396
6346,6346,0.9433333333333334,0.00998645168764533,request_rescan,0.628496
6347,6347,0.9433333333333334,0.00998645168764533,discard,0.62859
6348,6348,0.9433333333333334,0.00998645168764533,discard,0.628682
6349,6349,0.9433333333333334,0.00998645168764533,request_rescan,0.628803
6350,6350,0.9433333333333334,0.00998645168764533,discard,0.628897
6351,6351,0.9433333333333334,0.00998645168764533,discard,0.628993
6352,6352,0.9433333333333334,0.00998645168764533,request_rescan,0.629087
6353,6353,0.9433333333333334,0.00998645168764533,discard,0.629198
6354,6354,0.9433333333333334,0.00998645168764533,request_rescan,0.629296
6355,6355,0.9433333333333334,0.00998645168764533,request_rescan,0.629394
6356,6356,0.9433333333333334,0.00998645168764533,request_rescan,0.629495
6357,6357,0.9433333333333334,0.00998645168764533,request_rescan,0.629608
6358,6358,0.9433333333333334,0.00998645168764533,request_rescan,0.629706
6359,6359,0.9433333333333334,0.00998645168764533,request_rescan,0.6298
6360,6360,0.9433333333333334,0.00998645168764533,request_rescan,0.629894
6361,6361,0.9433333333333334,0.00998645168764533,request_rescan,0.62999
6362,6362,0.9433333333333334,0.00998645168764533,discard,0.63009
6363,6363,0.6633333333333333,0.00998645168764533,log_and_continue,0.630205
6364,6364,0.9433333333333334,0.00998645168764533,request_rescan,0.630311
6365,6365,0.9433333333333334,0.00998645168764533,discard,0.630414
6366,6366,0.9433333333333334,0.00998645168764533,discard,0.630513
6367,6367,0.9433333333333334,0.00998645168764533,request_rescan,0.630607
6368,6368,0.9433333333333334,0.00998645168764533,discard,0.630703
6369,6369,0.9433333333333334,0.00998645168764533,request_rescan,0.630803
6370,6370,0.9433333333333334,0.00998645168764533,discard,0.630901
6371,6371,0.9433333333333334,0.00998645168764533,request_rescan,0.630998
6372,6372,0.9433333333333334,0.00998645168764533,request_rescan,0.631095
6373,6373,0.9433333333333334,0.00998645168764533,discard,0.631192
6374,6374,0.9433333333333334,0.00998645168764533,discard,0.631289
6375,6375,0.9433333333333334,0.00998645168764533,request_rescan,0.631387
6376,6376,0.9433333333333334,0.00998645168764533,discard,0.631504
6377,6377,0.9433333333333334,0.00998645168764533,discard,0.631608
6378,6378,0.9433333333333334,0.00998645168764533,request_rescan,0.631705
6379,6379,0.9433333333333334,0.00998645168764533,discard,0.631799
6380,6380,0.9433333333333334,0.00998645168764533,discard,0.631898
6381,6381,0.9433333333333334,0.00998645168764533,request_rescan,0.631995
6382,6382,0.9433333333333334,0.00998645168764533,request_rescan,0.632091
6383,6383,0.9433333333333334,0.00998645168764533,discard,0.632188
6384,6384,0.9433333333333334,0.00998645168764533,discard,0.632284
6385,6385,0.9433333333333334,0.00998645168764533,discard,0.632375
6386,6386,0.9433333333333334,0.00998645168764533,discard,0.632471
6387,6387,0.9433333333333334,0.00998645168764533,request_rescan,0.632569
6388,6388,0.9433333333333334,0.00998645168764533,discard,0.632662
6389,6389,0.9433333333333334,0.00998645168764533,discard,0.632753
6390,6390,0.9433333333333334,0.00998645168764533,request_rescan,0.632847
6391,6391,0.9433333333333334,0.00998645168764533,request_rescan,0.632941
6392,6392,0.9433333333333334,0.00998645168764533,discard,0.633036
6393,6393,0.9433333333333334,0.00998645168764533,request_rescan,0.633133
6394,6394,0.9433333333333334,0.00998645168764533,discard,0.633232
6395,6395,0.9433333333333334,0.00998645168764533,discard,0.63333
6396,6396,0.9433333333333334,0.00998645168764533,discard,0.633425
6397,6397,0.9433333333333334,0.00998645168764533,discard,0.633521
6398,6398,0.9433333333333334,0.00998645168764533,discard,0.633615
6399,6399,0.9433333333333334,0.00998645168764533,request_rescan,0.633708
6400,6400,0.9433333333333334,0.00998645168764533,discard,0.633804
6401,6401,0.9433333333333334,0.00998645168764533,discard,0.633951
6402,6402,0.9433333333333334,0.00998645168764533,request_rescan,0.634058
6403,6403,0.9433333333333334,0.00998645168764533,discard,0.634163
6404,6404,0.9433333333333334,0.00998645168764533,discard,0.634258
6405,6405,0.9433333333333334,0.00998645168764533,request_rescan,0.634353
6406,6406,0.9433333333333334,0.00998645168764533,request_rescan,0.634445
6407,6407,0.9433333333333334,0.00998645168764533,discard,0.634549
6408,6408,0.9433333333333334,0.00998645168764533,request_rescan,0.634645
6409,6409,0.9433333333333334,0.00998645168764533,discard,0.634747
6410,6410,0.9433333333333334,0.00998645168764533,request_rescan,0.634843
6411,6411,0.9433333333333334,0.00998645168764533,discard,0.634937
6412,6412,0.9433333333333334,0.00998645168764533,discard,0.63503
6413,6413,0.9433333333333334,0.00998645168764533,request_rescan,0.635127
6414,6414,0.9433333333333334,0.00998645168764533,request_rescan,0.635225
6415,6415,0.9433333333333334,0.00998645168764533,request_rescan,0.635322
6416,6416,0.9433333333333334,0.00998645168764533,request_rescan,0.635416
6417,6417,0.9433333333333334,0.00998645168764533,request_rescan,0.635524
6418,6418,0.9433333333333334,0.00998645168764533,discard,0.635626
6419,6419,0.9433333333333334,0.00998645168764533,discard,0.635721
6420,6420,0.9433333333333334,0.00998645168764533,request_rescan,0.635818
6421,6421,0.9433333333333334,0.00998645168764533,discard,0.635912
6422,6422,0.9433333333333334,0.00998645168764533,request_rescan,0.636006
6423,6423,0.9433333333333334,0.00998645168764533,request_rescan,0.636102
6424,6424,0.9433333333333334,0.00998645168764533,request_rescan,0.636195
6425,6425,0.9433333333333334,0.00998645168764533,request_rescan,0.636291
6426,6426,0.9433333333333334,0.00998645168764533,request_rescan,0.636388
6427,6427,0.9433333333333334,0.00998645168764533,request_rescan,0.636487
6428,6428,0.9433333333333334,0.00998645168764533,discard,0.636585
6429,6429,0.9433333333333334,0.00998645168764533,request_rescan,0.636681
6430,6430,0.9433333333333334,0.00998645168764533,request_rescan,0.636775
6431,6431,0.9433333333333334,0.00998645168764533,discard,0.636872
6432,6432,0.9433333333333334,0.00998645168764533,request_rescan,0.636967
6433,6433,0.9433333333333334,0.00998645168764533,request_rescan,0.637063
6434,6434,0.9433333333333334,0.00998645168764533,request_rescan,0.637158
6435,6435,0.9433333333333334,0.00998645168764533,discard,0.637255
6436,6436,0.9433333333333334,0.00998645168764533,discard,0.637352
6437,6437,0.9433333333333334,0.00998645168764533,request_rescan,0.637445
6438,6438,0.9433333333333334,0.00998645168764533,discard,0.637544
6439,6439,0.9433333333333334,0.00998645168764533,discard,0.637637
6440,6440,0.9433333333333334,0.00998645168764533,request_rescan,0.63773
6441,6441,0.9433333333333334,0.00998645168764533,discard,0.637823
6442,6442,0.9433333333333334,0.00998645168764533,request_rescan,0.63792
6443,6443,0.9433333333333334,0.00998645168764533,request_rescan,0.638013
6444,6444,0.9433333333333334,0.00998645168764533,discard,0.638114
6445,6445,0.9433333333333334,0.00998645168764533,request_rescan,0.638208
6446,6446,0.9433333333333334,0.00998645168764533,request_rescan,0.638303
6447,6447,0.9433333333333334,0.00998645168764533,request_rescan,0.638396
6448,6448,0.9433333333333334,0.00998645168764533,discard,0.638493
6449,6449,0.9433333333333334,0.00998645168764533,request_rescan,0.638592
6450,6450,0.9433333333333334,0.00998645168764533,request_rescan,0.63869
6451,6451,0.9433333333333334,0.00998645168764533,discard,0.638785
6452,6452,0.9433333333333334,0.00998645168764533,request_rescan,0.638882
6453,6453,0.9433333333333334,0.00998645168764533,discard,0.638981
6454,6454,0.9433333333333334,0.00998645168764533,request_rescan,0.639079
6455,6455,0.9433333333333334,0.00998645168764533,discard,0.639175
6456,6456,0.9433333333333334,0.00998645168764533,request_rescan,0.63927
6457,6457,0.9433333333333334,0.00998645168764533,request_rescan,0.639366
6458,6458,0.9433333333333334,0.00998645168764533,request_rescan,0.639465
6459,6459,0.9433333333333334,0.00998645168764533,discard,0.639562
6460,6460,0.9433333333333334,0.00998645168764533,request_rescan,0.639658
6461,6461,0.9433333333333334,0.00998645168764533,discard,0.639752
6462,6462,0.9433333333333334,0.00998645168764533,request_rescan,0.639846
6463,6463,0.9433333333333334,0.00998645168764533,discard,0.639941
6464,6464,0.9433333333333334,0.00998645168764533,discard,0.640036
6465,6465,0.9433333333333334,0.00998645168764533,request_rescan,0.640135
6466,6466,0.9433333333333334,0.00998645168764533,discard,0.64023
6467,6467,0.9433333333333334,0.00998645168764533,request_rescan,0.640326
6468,6468,0.9433333333333334,0.00998645168764533,request_rescan,0.640421
6469,6469,0.9433333333333334,0.00998645168764533,request_rescan,0.640517
6470,6470,0.9433333333333334,0.00998645168764533,discard,0.640612
6471,6471,0.9433333333333334,0.00998645168764533,discard,0.640712
6472,6472,0.9433333333333334,0.00998645168764533,discard,0.640813
6473,6473,0.9433333333333334,0.00998645168764533,discard,0.640913
6474,6474,0.9433333333333334,0.00998645168764533,request_rescan,0.64101
6475,6475,0.9433333333333334,0.00998645168764533,request_rescan,0.641142
6476,6476,0.9433333333333334,0.00998645168764533,request_rescan,0.641239
6477,6477,0.9433333333333334,0.00998645168764533,discard,0.641334
6478,6478,0.9433333333333334,0.00998645168764533,discard,0.641426
6479,6479,0.9433333333333334,0.00998645168764533,discard,0.641523
6480,6480,0.9433333333333334,0.00998645168764533,discard,0.64163
6481,6481,0.9433333333333334,0.00998645168764533,request_rescan,0.641755
6482,6482,0.9433333333333334,0.00998645168764533,discard,0.641853
6483,6483,0.9433333333333334,0.00998645168764533,discard,0.641952
6484,6484,0.9433333333333334,0.00998645168764533,discard,0.642046
6485,6485,0.9433333333333334,0.00998645168764533,request_rescan,0.64214
6486,6486,0.9433333333333334,0.00998645168764533,discard,0.642235
6487,6487,0.9433333333333334,0.00998645168764533,request_rescan,0.642334
6488,6488,0.9433333333333334,0.00998645168764533,discard,0.642431
6489,6489,0.9433333333333334,0.00998645168764533,discard,0.642533
6490,6490,0.9433333333333334,0.00998645168764533,discard,0.642627
6491,6491,0.9433333333333334,0.00998645168764533,discard,0.642726
6492,6492,0.9433333333333334,0.00998645168764533,request_rescan,0.642826
6493,6493,0.9433333333333334,0.00998645168764533,request_rescan,0.642928
6494,6494,0.9433333333333334,0.00998645168764533,discard,0.643026
6495,6495,0.9433333333333334,0.00998645168764533,discard,0.643122
6496,6496,0.9433333333333334,0.00998645168764533,discard,0.643213
6497,6497,0.9433333333333334,0.00998645168764533,request_rescan,0.643306
6498,6498,0.9433333333333334,0.00998645168764533,discard,0.6434
6499,6499,0.9433333333333334,0.00998645168764533,discard,0.643498
6500,6500,0.9433333333333334,0.00998645168764533,discard,0.643596
6501,6501,0.9433333333333334,0.00998645168764533,discard,0.643745
6502,6502,0.9433333333333334,0.00998645168764533,request_rescan,0.643843
6503,6503,0.9433333333333334,0.00998645168764533,request_rescan,0.643942
6504,6504,0.9433333333333334,0.00998645168764533,request_rescan,0.644039
6505,6505,0.9433333333333334,0.00998645168764533,request_rescan,0.644135
6506,6506,0.9433333333333334,0.00998645168764533,discard,0.644228
6507,6507,0.9433333333333334,0.00998645168764533,discard,0.644322
6508,6508,0.9433333333333334,0.00998645168764533,discard,0.644418
6509,6509,0.9433333333333334,0.00998645168764533,request_rescan,0.644522
6510,6510,0.9433333333333334,0.00998645168764533,request_rescan,0.644615
6511,6511,0.9433333333333334,0.00998645168764533,discard,0.644711
6512,6512,0.9433333333333334,0.00998645168764533,request_rescan,0.644804
6513,6513,0.9433333333333334,0.00998645168764533,discard,0.644898
6514,6514,0.9433333333333334,0.00998645168764533,request_rescan,0.644991
6515,6515,0.9433333333333334,0.00998645168764533,discard,0.645086
6516,6516,0.9433333333333334,0.00998645168764533,discard,0.64518
6517,6517,0.9433333333333334,0.00998645168764533,discard,0.645276
6518,6518,0.9433333333333334,0.00998645168764533,discard,0.645397
6519,6519,0.9433333333333334,0.00998645168764533,discard,0.645493
6520,6520,0.9433333333333334,0.00998645168764533,discard,0.645586
6521,6521,0.9433333333333334,0.00998645168764533,request_rescan,0.645681
6522,6522,0.9433333333333334,0.00998645168764533,discard,0.645775
6523,6523,0.9433333333333334,0.00998645168764533,discard,0.64589
6524,6524,0.9433333333333334,0.00998645168764533,discard,0.645987
6525,6525,0.9433333333333334,0.00998645168764533,discard,0.646093
6526,6526,0.9433333333333334,0.00998645168764533,request_rescan,0.646189
6527,6527,0.9433333333333334,0.00998645168764533,discard,0.646284
6528,6528,0.9433333333333334,0.00998645168764533,discard,0.646377
6529,6529,0.9433333333333334,0.00998645168764533,discard,0.646474
6530,6530,0.9433333333333334,0.00998645168764533,request_rescan,0.64657
6531,6531,0.9433333333333334,0.00998645168764533,request_rescan,0.646677
6532,6532,0.9433333333333334,0.00998645168764533,discard,0.64679
6533,6533,0.9433333333333334,0.00998645168764533,request_rescan,0.646888
6534,6534,0.9433333333333334,0.00998645168764533,request_rescan,0.646983
6535,6535,0.9433333333333334,0.00998645168764533,request_rescan,0.647078
6536,6536,0.9433333333333334,0.00998645168764533,discard,0.647173
6537,6537,0.9433333333333334,0.00998645168764533,discard,0.647269
6538,6538,0.9433333333333334,0.00998645168764533,discard,0.647362
6539,6539,0.9433333333333334,0.00998645168764533,discard,0.647461
6540,6540,0.9433333333333334,0.00998645168764533,request_rescan,0.647556
6541,6541,0.9433333333333334,0.00998645168764533,request_rescan,0.647652
6542,6542,0.9433333333333334,0.00998645168764533,discard,0.647748
6543,6543,0.9433333333333334,0.00998645168764533,discard,0.647858
6544,6544,0.9433333333333334,0.00998645168764533,request_rescan,0.647952
6545,6545,0.9433333333333334,0.00998645168764533,discard,0.648045
6546,6546,0.9433333333333334,0.00998645168764533,discard,0.648138
6547,6547,0.9433333333333334,0.00998645168764533,discard,0.648236
6548,6548,0.9433333333333334,0.00998645168764533,discard,0.64833
6549,6549,0.9433333333333334,0.00998645168764533,discard,0.648427
6550,6550,0.9433333333333334,0.00998645168764533,discard,0.648523
6551,6551,0.9433333333333334,0.00998645168764533,discard,0.648616
6552,6552,0.6633333333333333,0.00998645168764533,log_and_continue,0.648713
6553,6553,0.9433333333333334,0.00998645168764533,discard,0.648806
6554,6554,0.9433333333333334,0.00998645168764533,request_rescan,0.648903
6555,6555,0.9433333333333334,0.00998645168764533,request_rescan,0.648998
6556,6556,0.9433333333333334,0.00998645168764533,discard,0.64909
6557,6557,0.9433333333333334,0.00998645168764533,request_rescan,0.649184
6558,6558,0.9433333333333334,0.00998645168764533,request_rescan,0.649282
6559,6559,0.9433333333333334,0.00998645168764533,discard,0.649383
6560,6560,0.9433333333333334,0.00998645168764533,discard,0.649485
6561,6561,0.9433333333333334,0.00998645168764533,request_rescan,0.649583
6562,6562,0.9433333333333334,0.00998645168764533,request_rescan,0.649681
6563,6563,0.9433333333333334,0.00998645168764533,request_rescan,0.649775
6564,6564,0.9433333333333334,0.00998645168764533,discard,0.649871
6565,6565,0.9433333333333334,0.00998645168764533,request_rescan,0.649969
6566,6566,0.9433333333333334,0.00998645168764533,discard,0.650063
6567,6567,0.9433333333333334,0.00998645168764533,discard,0.650164
6568,6568,0.9433333333333334,0.00998645168764533,request_rescan,0.650261
6569,6569,0.9433333333333334,0.00998645168764533,request_rescan,0.650359
6570,6570,0.9433333333333334,0.00998645168764533,discard,0.650461
6571,6571,0.9433333333333334,0.00998645168764533,discard,0.650557
6572,6572,0.9433333333333334,0.00998645168764533,discard,0.65065
6573,6573,0.9433333333333334,0.00998645168764533,discard,0.650744
6574,6574,0.9433333333333334,0.00998645168764533,request_rescan,0.650838
6575,6575,0.9433333333333334,0.00998645168764533,request_rescan,0.650935
6576,6576,0.9433333333333334,0.00998645168764533,request_rescan,0.651031
6577,6577,0.9433333333333334,0.00998645168764533,request_rescan,0.651125
6578,6578,0.9433333333333334,0.00998645168764533,request_rescan,0.651219
6579,6579,0.9433333333333334,0.00998645168764533,discard,0.651316
6580,6580,0.9433333333333334,0.00998645168764533,discard,0.651411
6581,6581,0.9433333333333334,0.00998645168764533,discard,0.651508
6582,6582,0.9433333333333334,0.00998645168764533,request_rescan,0.651604
6583,6583,0.9433333333333334,0.00998645168764533,discard,0.651699
6584,6584,0.9433333333333334,0.00998645168764533,discard,0.651795
6585,6585,0.9433333333333334,0.00998645168764533,request_rescan,0.65189
6586,6586,0.9433333333333334,0.00998645168764533,request_rescan,0.651985
6587,6587,0.9433333333333334,0.00998645168764533,discard,0.652081
6588,6588,0.9433333333333334,0.00998645168764533,discard,0.652176
6589,6589,0.9433333333333334,0.00998645168764533,request_rescan,0.652274
6590,6590,0.9433333333333334,0.00998645168764533,discard,0.652373
6591,6591,0.9433333333333334,0.00998645168764533,discard,0.652473
6592,6592,0.9433333333333334,0.00998645168764533,request_rescan,0.652572
6593,6593,0.9433333333333334,0.00998645168764533,request_rescan,0.652665
6594,6594,0.9433333333333334,0.00998645168764533,request_rescan,0.652759
6595,6595,0.9433333333333334,0.00998645168764533,request_rescan,0.652855
6596,6596,0.9433333333333334,0.00998645168764533,request_rescan,0.652953
6597,6597,0.9433333333333334,0.00998645168764533,discard,0.653052
6598,6598,0.9433333333333334,0.00998645168764533,discard,0.653146
6599,6599,0.9433333333333334,0.00998645168764533,discard,0.653245
6600,6600,0.9433333333333334,0.00998645168764533,discard,0.653341
6601,6601,0.9433333333333334,0.00998645168764533,discard,0.65348
6602,6602,0.9433333333333334,0.00998645168764533,request_rescan,0.6536
6603,6603,0.9433333333333334,0.00998645168764533,discard,0.653698
6604,6604,0.9433333333333334,0.00998645168764533,request_rescan,0.653799
6605,6605,0.9433333333333334,0.00998645168764533,discard,0.653895
6606,6606,0.9433333333333334,0.00998645168764533,request_rescan,0.65399
6607,6607,0.9433333333333334,0.00998645168764533,request_rescan,0.654085
6608,6608,0.9433333333333334,0.00998645168764533,discard,0.65418
6609,6609,0.9433333333333334,0.00998645168764533,request_rescan,0.654278
6610,6610,0.9433333333333334,0.00998645168764533,discard,0.654378
6611,6611,0.9433333333333334,0.00998645168764533,discard,0.654481
6612,6612,0.9433333333333334,0.00998645168764533,discard,0.654575
6613,6613,0.9433333333333334,0.00998645168764533,request_rescan,0.654672
6614,6614,0.9433333333333334,0.00998645168764533,discard,0.65477
6615,6615,0.9433333333333334,0.00998645168764533,discard,0.654869
6616,6616,0.9433333333333334,0.00998645168764533,discard,0.654963
6617,6617,0.9433333333333334,0.00998645168764533,discard,0.655055
6618,6618,0.9433333333333334,0.00998645168764533,request_rescan,0.655148
6619,6619,0.9433333333333334,0.00998645168764533,request_rescan,0.655242
6620,6620,0.9433333333333334,0.00998645168764533,discard,0.655337
6621,6621,0.9433333333333334,0.00998645168764533,request_rescan,0.65543
6622,6622,0.9433333333333334,0.00998645168764533,request_rescan,0.655529
6623,6623,0.9433333333333334,0.00998645168764533,discard,0.655623
6624,6624,0.9433333333333334,0.00998645168764533,discard,0.655719
6625,6625,0.9433333333333334,0.00998645168764533,request_rescan,0.655815
6626,6626,0.9433333333333334,0.00998645168764533,request_rescan,0.655909
6627,6627,0.9433333333333334,0.00998645168764533,discard,0.656003
6628,6628,0.9433333333333334,0.00998645168764533,request_rescan,0.656098
6629,6629,0.9433333333333334,0.00998645168764533,request_rescan,0.656196
6630,6630,0.9433333333333334,0.00998645168764533,request_rescan,0.656295
6631,6631,0.9433333333333334,0.00998645168764533,request_rescan,0.656391
6632,6632,0.9433333333333334,0.00998645168764533,discard,0.656492
6633,6633,0.9433333333333334,0.00998645168764533,request_rescan,0.656588
6634,6634,0.9433333333333334,0.00998645168764533,discard,0.656684
6635,6635,0.9433333333333334,0.00998645168764533,discard,0.656778
6636,6636,0.9433333333333334,0.00998645168764533,request_rescan,0.656873
6637,6637,0.9433333333333334,0.00998645168764533,discard,0.65697
6638,6638,0.9433333333333334,0.00998645168764533,discard,0.657062
6639,6639,0.9433333333333334,0.00998645168764533,request_rescan,0.657157
6640,6640,0.9433333333333334,0.00998645168764533,request_rescan,0.657255
6641,6641,0.9433333333333334,0.00998645168764533,discard,0.657352
6642,6642,0.9433333333333334,0.00998645168764533,request_rescan,0.657448
6643,6643,0.9433333333333334,0.00998645168764533,request_rescan,0.657545
6644,6644,0.9433333333333334,0.00998645168764533,discard,0.657638
6645,6645,0.9433333333333334,0.00998645168764533,discard,0.657736
6646,6646,0.9433333333333334,0.00998645168764533,request_rescan,0.657873
6647,6647,0.9433333333333334,0.00998645168764533,request_rescan,0.657975
6648,6648,0.9433333333333334,0.00998645168764533,discard,0.658075
6649,6649,0.9433333333333334,0.00998645168764533,request_rescan,0.658174
6650,6650,0.9433333333333334,0.00998645168764533,discard,0.658266
6651,6651,0.9433333333333334,0.00998645168764533,discard,0.658359
6652,6652,0.9433333333333334,0.00998645168764533,discard,0.658449
6653,6653,0.9433333333333334,0.00998645168764533,discard,0.65855
6654,6654,0.9433333333333334,0.00998645168764533,request_rescan,0.658644
6655,6655,0.9433333333333334,0.00998645168764533,request_rescan,0.658741
6656,6656,0.9433333333333334,0.00998645168764533,request_rescan,0.658837
6657,6657,0.9433333333333334,0.00998645168764533,discard,0.65893
6658,6658,0.9433333333333334,0.00998645168764533,request_rescan,0.659023
6659,6659,0.9433333333333334,0.00998645168764533,request_rescan,0.659119
6660,6660,0.9433333333333334,0.00998645168764533,request_rescan,0.659214
6661,6661,0.9433333333333334,0.00998645168764533,request_rescan,0.659306
6662,6662,0.9433333333333334,0.00998645168764533,request_rescan,0.659401
6663,6663,0.9433333333333334,0.00998645168764533,discard,0.6595
6664,6664,0.9433333333333334,0.00998645168764533,discard,0.659596
6665,6665,0.9433333333333334,0.00998645168764533,discard,0.659693
6666,6666,0.9433333333333334,0.00998645168764533,discard,0.65979
6667,6667,0.76,0.00998645168764533,log_and_continue,0.659888
6668,6668,0.9433333333333334,0.00998645168764533,request_rescan,0.659981
6669,6669,0.9433333333333334,0.00998645168764533,discard,0.660076
6670,6670,0.9433333333333334,0.00998645168764533,request_rescan,0.660171
6671,6671,0.9433333333333334,0.00998645168764533,discard,0.660266
6672,6672,0.9433333333333334,0.00998645168764533,discard,0.660367
6673,6673,0.9433333333333334,0.00998645168764533,request_rescan,0.660467
6674,6674,0.9433333333333334,0.00998645168764533,request_rescan,0.66056
6675,6675,0.9433333333333334,0.00998645168764533,discard,0.660656
6676,6676,0.9433333333333334,0.00998645168764533,discard,0.660758
6677,6677,0.9433333333333334,0.00998645168764533,discard,0.660874
6678,6678,0.9433333333333334,0.00998645168764533,discard,0.660987
6679,6679,0.9433333333333334,0.00998645168764533,request_rescan,0.66108
6680,6680,0.9433333333333334,0.00998645168764533,request_rescan,0.661173
6681,6681,0.9433333333333334,0.00998645168764533,discard,0.661264
6682,6682,0.9433333333333334,0.00998645168764533,discard,0.661353
6683,6683,0.9433333333333334,0.00998645168764533,discard,0.66145
6684,6684,0.9433333333333334,0.00998645168764533,request_rescan,0.661551
6685,6685,0.9433333333333334,0.00998645168764533,discard,0.661647
6686,6686,0.9433333333333334,0.00998645168764533,request_rescan,0.661743
6687,6687,0.9433333333333334,0.00998645168764533,request_rescan,0.66184
6688,6688,0.9433333333333334,0.00998645168764533,discard,0.661937
6689,6689,0.9433333333333334,0.00998645168764533,request_rescan,0.662053
6690,6690,0.9433333333333334,0.00998645168764533,request_rescan,0.662147
6691,6691,0.9433333333333334,0.00998645168764533,discard,0.662239
6692,6692,0.9433333333333334,0.00998645168764533,discard,0.66233
6693,6693,0.9433333333333334,0.00998645168764533,request_rescan,0.662426
6694,6694,0.9433333333333334,0.00998645168764533,request_rescan,0.66254
6695,6695,0.9433333333333334,0.00998645168764533,discard,0.662633
6696,6696,0.9433333333333334,0.00998645168764533,request_rescan,0.662727
6697,6697,0.9433333333333334,0.00998645168764533,discard,0.662833
6698,6698,0.9433333333333334,0.00998645168764533,discard,0.662932
6699,6699,0.9433333333333334,0.00998645168764533,discard,0.663026
6700,6700,0.9433333333333334,0.00998645168764533,discard,0.663118
6701,6701,0.9433333333333334,0.00998645168764533,discard,0.663268
6702,6702,0.9433333333333334,0.00998645168764533,discard,0.6634
6703,6703,0.9433333333333334,0.00998645168764533,request_rescan,0.663517
6704,6704,0.9433333333333334,0.00998645168764533,discard,0.663614
6705,6705,0.9433333333333334,0.00998645168764533,request_rescan,0.663712
6706,6706,0.9433333333333334,0.00998645168764533,discard,0.663805
6707,6707,0.9433333333333334,0.00998645168764533,request_rescan,0.663904
6708,6708,0.9433333333333334,0.00998645168764533,request_rescan,0.664003
6709,6709,0.9433333333333334,0.00998645168764533,request_rescan,0.6641
6710,6710,0.9433333333333334,0.00998645168764533,request_rescan,0.664194
6711,6711,0.9433333333333334,0.00998645168764533,request_rescan,0.664288
6712,6712,0.9433333333333334,0.00998645168764533,discard,0.664388
6713,6713,0.9433333333333334,0.00998645168764533,request_rescan,0.664487
6714,6714,0.9433333333333334,0.00998645168764533,discard,0.664591
6715,6715,0.9433333333333334,0.00998645168764533,discard,0.664691
6716,6716,0.9433333333333334,0.00998645168764533,request_rescan,0.66479
6717,6717,0.9433333333333334,0.00998645168764533,request_rescan,0.664885
6718,6718,0.9433333333333334,0.00998645168764533,discard,0.66498
6719,6719,0.9433333333333334,0.00998645168764533,request_rescan,0.665098
6720,6720,0.9433333333333334,0.00998645168764533,request_rescan,0.6652
6721,6721,0.9433333333333334,0.00998645168764533,request_rescan,0.665295
6722,6722,0.9433333333333334,0.00998645168764533,request_rescan,0.665393
6723,6723,0.9433333333333334,0.00998645168764533,request_rescan,0.665493
6724,6724,0.9433333333333334,0.00998645168764533,discard,0.665594
6725,6725,0.9433333333333334,0.00998645168764533,discard,0.665691
6726,6726,0.9433333333333334,0.00998645168764533,discard,0.665795
6727,6727,0.9433333333333334,0.00998645168764533,request_rescan,0.665898
6728,6728,0.9433333333333334,0.00998645168764533,discard,0.665999
6729,6729,0.9433333333333334,0.00998645168764533,discard,0.666096
6730,6730,0.9433333333333334,0.00998645168764533,request_rescan,0.666193
6731,6731,0.9433333333333334,0.00998645168764533,discard,0.666291
6732,6732,0.9433333333333334,0.00998645168764533,discard,0.666392
6733,6733,0.9433333333333334,0.00998645168764533,request_rescan,0.666497
6734,6734,0.9433333333333334,0.00998645168764533,request_rescan,0.666593
6735,6735,0.9433333333333334,0.00998645168764533,request_rescan,0.66669
6736,6736,0.9433333333333334,0.00998645168764533,request_rescan,0.666786
6737,6737,0.9433333333333334,0.00998645168764533,discard,0.66688
6738,6738,0.9433333333333334,0.00998645168764533,request_rescan,0.666974
6739,6739,0.9433333333333334,0.00998645168764533,discard,0.667072
6740,6740,0.9433333333333334,0.00998645168764533,request_rescan,0.667167
6741,6741,0.9433333333333334,0.00998645168764533,discard,0.667263
6742,6742,0.9433333333333334,0.00998645168764533,discard,0.667357
6743,6743,0.9433333333333334,0.00998645168764533,discard,0.667457
6744,6744,0.9433333333333334,0.00998645168764533,discard,0.667554
6745,6745,0.9433333333333334,0.00998645168764533,request_rescan,0.667648
6746,6746,0.9433333333333334,0.00998645168764533,discard,0.667741
6747,6747,0.9433333333333334,0.00998645168764533,discard,0.667835
6748,6748,0.9433333333333334,0.00998645168764533,request_rescan,0.667931
6749,6749,0.9433333333333334,0.00998645168764533,request_rescan,0.668028
6750,6750,0.9433333333333334,0.00998645168764533,discard,0.668123
6751,6751,0.9433333333333334,0.00998645168764533,request_rescan,0.668219
6752,6752,0.9433333333333334,0.00998645168764533,discard,0.668315
6753,6753,0.9433333333333334,0.00998645168764533,discard,0.668414
6754,6754,0.9433333333333334,0.00998645168764533,request_rescan,0.668512
6755,6755,0.9433333333333334,0.00998645168764533,discard,0.668606
6756,6756,0.9433333333333334,0.00998645168764533,discard,0.668702
6757,6757,0.9433333333333334,0.00998645168764533,request_rescan,0.668797
6758,6758,0.9433333333333334,0.00998645168764533,discard,0.668891
6759,6759,0.9433333333333334,0.00998645168764533,request_rescan,0.668984
6760,6760,0.9433333333333334,0.00998645168764533,request_rescan,0.669077
6761,6761,0.9433333333333334,0.00998645168764533,discard,0.669173
6762,6762,0.9433333333333334,0.00998645168764533,discard,0.669267
6763,6763,0.9433333333333334,0.00998645168764533,discard,0.669362
6764,6764,0.9433333333333334,0.00998645168764533,request_rescan,0.669461
6765,6765,0.9433333333333334,0.00998645168764533,discard,0.669559
6766,6766,0.9433333333333334,0.00998645168764533,request_rescan,0.669655
6767,6767,0.9433333333333334,0.00998645168764533,discard,0.669752
6768,6768,0.9433333333333334,0.00998645168764533,request_rescan,0.669848
6769,6769,0.9433333333333334,0.00998645168764533,request_rescan,0.669944
6770,6770,0.9433333333333334,0.00998645168764533,request_rescan,0.670041
6771,6771,0.9433333333333334,0.00998645168764533,request_rescan,0.670137
6772,6772,0.9433333333333334,0.00998645168764533,request_rescan,0.670235
6773,6773,0.9433333333333334,0.00998645168764533,discard,0.670335
6774,6774,0.9433333333333334,0.00998645168764533,discard,0.670432
6775,6775,0.9433333333333334,0.00998645168764533,request_rescan,0.67053
6776,6776,0.9433333333333334,0.00998645168764533,discard,0.670624
6777,6777,0.9433333333333334,0.00998645168764533,request_rescan,0.670718
6778,6778,0.9433333333333334,0.00998645168764533,discard,0.670814
6779,6779,0.9433333333333334,0.00998645168764533,request_rescan,0.670908
6780,6780,0.9433333333333334,0.00998645168764533,request_rescan,0.671001
6781,6781,0.9433333333333334,0.00998645168764533,discard,0.6711
6782,6782,0.9433333333333334,0.00998645168764533,discard,0.671195
6783,6783,0.9433333333333334,0.00998645168764533,request_rescan,0.671288
6784,6784,0.9433333333333334,0.00998645168764533,request_rescan,0.671388
6785,6785,0.9433333333333334,0.00998645168764533,request_rescan,0.671484
6786,6786,0.9433333333333334,0.00998645168764533,request_rescan,0.671579
6787,6787,0.9433333333333334,0.00998645168764533,request_rescan,0.671674
6788,6788,0.9433333333333334,0.00998645168764533,discard,0.671768
6789,6789,0.9433333333333334,0.00998645168764533,request_rescan,0.671864
6790,6790,0.9433333333333334,0.00998645168764533,discard,0.671959
6791,6791,0.9433333333333334,0.00998645168764533,request_rescan,0.672054
6792,6792,0.9433333333333334,0.00998645168764533,request_rescan,0.672149
6793,6793,0.9433333333333334,0.00998645168764533,discard,0.672242
6794,6794,0.9433333333333334,0.00998645168764533,request_rescan,0.672337
6795,6795,0.9433333333333334,0.00998645168764533,request_rescan,0.672429
6796,6796,0.9433333333333334,0.00998645168764533,discard,0.672532
6797,6797,0.9433333333333334,0.00998645168764533,request_rescan,0.67263
6798,6798,0.9433333333333334,0.00998645168764533,discard,0.672729
6799,6799,0.9433333333333334,0.00998645168764533,request_rescan,0.672824
6800,6800,0.9433333333333334,0.00998645168764533,discard,0.67292
6801,6801,0.9433333333333334,0.00998645168764533,request_rescan,0.673041
6802,6802,0.9433333333333334,0.00998645168764533,request_rescan,0.673135
6803,6803,0.9433333333333334,0.00998645168764533,request_rescan,0.67323
6804,6804,0.9433333333333334,0.00998645168764533,request_rescan,0.673324
6805,6805,0.9433333333333334,0.00998645168764533,discard,0.673424
6806,6806,0.9433333333333334,0.00998645168764533,request_rescan,0.673524
6807,6807,0.9433333333333334,0.00998645168764533,discard,0.67362
6808,6808,0.9433333333333334,0.00998645168764533,request_rescan,0.673716
6809,6809,0.9433333333333334,0.00998645168764533,request_rescan,0.67381
6810,6810,0.9433333333333334,0.00998645168764533,discard,0.673904
6811,6811,0.9433333333333334,0.00998645168764533,discard,0.673998
6812,6812,0.9433333333333334,0.00998645168764533,discard,0.674095
6813,6813,0.9433333333333334,0.00998645168764533,discard,0.674188
6814,6814,0.9433333333333334,0.00998645168764533,discard,0.674279
6815,6815,0.9433333333333334,0.00998645168764533,request_rescan,0.674375
6816,6816,0.9433333333333334,0.00998645168764533,discard,0.674512
6817,6817,0.9433333333333334,0.00998645168764533,discard,0.674611
6818,6818,0.9433333333333334,0.00998645168764533,discard,0.674706
6819,6819,0.9433333333333334,0.00998645168764533,discard,0.674801
6820,6820,0.9433333333333334,0.00998645168764533,discard,0.674895
6821,6821,0.9433333333333334,0.00998645168764533,request_rescan,0.674989
6822,6822,0.9433333333333334,0.00998645168764533,request_rescan,0.675085
6823,6823,0.9433333333333334,0.00998645168764533,discard,0.675184
6824,6824,0.9433333333333334,0.00998645168764533,request_rescan,0.675279
6825,6825,0.9433333333333334,0.00998645168764533,request_rescan,0.675374
6826,6826,0.9433333333333334,0.00998645168764533,request_rescan,0.67547
6827,6827,0.9433333333333334,0.00998645168764533,discard,0.675567
6828,6828,0.9433333333333334,0.00998645168764533,request_rescan,0.675661
6829,6829,0.9433333333333334,0.00998645168764533,request_rescan,0.675755
6830,6830,0.9433333333333334,0.00998645168764533,discard,0.675855
6831,6831,0.9433333333333334,0.00998645168764533,request_rescan,0.675952
6832,6832,0.9433333333333334,0.00998645168764533,discard,0.676048
6833,6833,0.9433333333333334,0.00998645168764533,discard,0.676142
6834,6834,0.9433333333333334,0.00998645168764533,discard,0.676236
6835,6835,0.9433333333333334,0.00998645168764533,request_rescan,0.676332
6836,6836,0.9433333333333334,0.00998645168764533,request_rescan,0.676429
6837,6837,0.9433333333333334,0.00998645168764533,discard,0.676527
6838,6838,0.9433333333333334,0.00998645168764533,request_rescan,0.676622
6839,6839,0.9433333333333334,0.00998645168764533,request_rescan,0.676717
6840,6840,0.9433333333333334,0.00998645168764533,discard,0.676811
6841,6841,0.9433333333333334,0.00998645168764533,request_rescan,0.676904
6842,6842,0.9433333333333334,0.00998645168764533,discard,0.676998
6843,6843,0.9433333333333334,0.00998645168764533,request_rescan,0.677095
6844,6844,0.9433333333333334,0.00998645168764533,request_rescan,0.677191
6845,6845,0.9433333333333334,0.00998645168764533,discard,0.677294
6846,6846,0.9433333333333334,0.00998645168764533,request_rescan,0.677396
6847,6847,0.9433333333333334,0.00998645168764533,request_rescan,0.677495
6848,6848,0.9433333333333334,0.00998645168764533,request_rescan,0.677591
6849,6849,0.9433333333333334,0.00998645168764533,discard,0.677687
6850,6850,0.9433333333333334,0.00998645168764533,discard,0.677784
6851,6851,0.9433333333333334,0.00998645168764533,request_rescan,0.677881
6852,6852,0.9433333333333334,0.00998645168764533,request_rescan,0.677975
6853,6853,0.9433333333333334,0.00998645168764533,discard,0.678078
6854,6854,0.9433333333333334,0.00998645168764533,request_rescan,0.678176
6855,6855,0.9433333333333334,0.00998645168764533,discard,0.678274
6856,6856,0.9433333333333334,0.00998645168764533,request_rescan,0.67837
6857,6857,0.9433333333333334,0.00998645168764533,request_rescan,0.678468
6858,6858,0.9433333333333334,0.00998645168764533,discard,0.678564
6859,6859,0.9433333333333334,0.00998645168764533,discard,0.678658
6860,6860,0.9433333333333334,0.00998645168764533,discard,0.678775
6861,6861,0.9433333333333334,0.00998645168764533,request_rescan,0.678874
6862,6862,0.9433333333333334,0.00998645168764533,request_rescan,0.678993
6863,6863,0.9433333333333334,0.00998645168764533,discard,0.679178
6864,6864,0.9433333333333334,0.00998645168764533,discard,0.679344
6865,6865,0.9433333333333334,0.00998645168764533,discard,0.679541
6866,6866,0.9433333333333334,0.00998645168764533,discard,0.679818
6867,6867,0.9433333333333334,0.00998645168764533,request_rescan,0.680034
6868,6868,0.9433333333333334,0.00998645168764533,discard,0.680223
6869,6869,0.9433333333333334,0.00998645168764533,discard,0.68041
6870,6870,0.9433333333333334,0.00998645168764533,discard,0.6806
6871,6871,0.9433333333333334,0.00998645168764533,discard,0.680739
6872,6872,0.9433333333333334,0.00998645168764533,request_rescan,0.680872
6873,6873,0.9433333333333334,0.00998645168764533,request_rescan,0.681002
6874,6874,0.9433333333333334,0.00998645168764533,discard,0.681134
6875,6875,0.9433333333333334,0.00998645168764533,discard,0.681259
6876,6876,0.9433333333333334,0.00998645168764533,request_rescan,0.681383
6877,6877,0.9433333333333334,0.00998645168764533,discard,0.681516
6878,6878,0.9433333333333334,0.00998645168764533,discard,0.68164
6879,6879,0.9433333333333334,0.00998645168764533,request_rescan,0.681759
6880,6880,0.9433333333333334,0.00998645168764533,discard,0.681887
6881,6881,0.9433333333333334,0.00998645168764533,discard,0.682013
6882,6882,0.9433333333333334,0.00998645168764533,request_rescan,0.682144
6883,6883,0.9433333333333334,0.00998645168764533,request_rescan,0.682262
6884,6884,0.9433333333333334,0.00998645168764533,discard,0.682376
6885,6885,0.9433333333333334,0.00998645168764533,discard,0.682496
6886,6886,0.9433333333333334,0.00998645168764533,discard,0.682605
6887,6887,0.9433333333333334,0.00998645168764533,request_rescan,0.682715
6888,6888,0.9433333333333334,0.00998645168764533,request_rescan,0.682823
6889,6889,0.9433333333333334,0.00998645168764533,discard,0.682933
6890,6890,0.9433333333333334,0.00998645168764533,request_rescan,0.683049
6891,6891,0.9433333333333334,0.00998645168764533,request_rescan,0.68316
6892,6892,0.9433333333333334,0.00998645168764533,request_rescan,0.683268
6893,6893,0.9433333333333334,0.00998645168764533,discard,0.683381
6894,6894,0.9433333333333334,0.00998645168764533,discard,0.683495
6895,6895,0.9433333333333334,0.00998645168764533,discard,0.683598
6896,6896,0.9433333333333334,0.00998645168764533,request_rescan,0.683706
6897,6897,0.9433333333333334,0.00998645168764533,discard,0.68381
6898,6898,0.9433333333333334,0.00998645168764533,discard,0.68391
6899,6899,0.9433333333333334,0.00998645168764533,request_rescan,0.68401
6900,6900,0.9433333333333334,0.00998645168764533,discard,0.684118
6901,6901,0.9433333333333334,0.00998645168764533,request_rescan,0.684358
6902,6902,0.9433333333333334,0.00998645168764533,request_rescan,0.684494
6903,6903,0.9433333333333334,0.00998645168764533,discard,0.684609
6904,6904,0.9433333333333334,0.00998645168764533,discard,0.684718
6905,6905,0.9433333333333334,0.00998645168764533,request_rescan,0.684824
6906,6906,0.9433333333333334,0.00998645168764533,discard,0.684932
6907,6907,0.9433333333333334,0.00998645168764533,request_rescan,0.685039
6908,6908,0.9433333333333334,0.00998645168764533,request_rescan,0.68514
6909,6909,0.9433333333333334,0.00998645168764533,discard,0.685241
6910,6910,0.9433333333333334,0.00998645168764533,discard,0.685344
6911,6911,0.9433333333333334,0.00998645168764533,discard,0.685443
6912,6912,0.9433333333333334,0.00998645168764533,discard,0.685546
6913,6913,0.9433333333333334,0.00998645168764533,discard,0.68565
6914,6914,0.9433333333333334,0.00998645168764533,request_rescan,0.685756
6915,6915,0.9433333333333334,0.00998645168764533,request_rescan,0.685857
6916,6916,0.9433333333333334,0.00998645168764533,discard,0.685955
6917,6917,0.9433333333333334,0.00998645168764533,discard,0.686056
6918,6918,0.9433333333333334,0.00998645168764533,discard,0.686156
6919,6919,0.9433333333333334,0.00998645168764533,discard,0.686259
6920,6920,0.9433333333333334,0.00998645168764533,discard,0.686363
6921,6921,0.9433333333333334,0.00998645168764533,request_rescan,0.686471
6922,6922,0.9433333333333334,0.00998645168764533,discard,0.686576
6923,6923,0.9433333333333334,0.00998645168764533,discard,0.686677
6924,6924,0.9433333333333334,0.00998645168764533,discard,0.686777
6925,6925,0.9433333333333334,0.00998645168764533,discard,0.686876
6926,6926,0.9433333333333334,0.00998645168764533,discard,0.686976
6927,6927,0.9433333333333334,0.00998645168764533,request_rescan,0.687079
6928,6928,0.9433333333333334,0.00998645168764533,request_rescan,0.687179
6929,6929,0.9433333333333334,0.00998645168764533,discard,0.687277
6930,6930,0.9433333333333334,0.00998645168764533,discard,0.68738
6931,6931,0.9433333333333334,0.00998645168764533,request_rescan,0.68749
6932,6932,0.9433333333333334,0.00998645168764533,request_rescan,0.68759
6933,6933,0.9433333333333334,0.00998645168764533,discard,0.687691
6934,6934,0.9433333333333334,0.00998645168764533,discard,0.68779
6935,6935,0.9433333333333334,0.00998645168764533,request_rescan,0.68789
6936,6936,0.9433333333333334,0.00998645168764533,request_rescan,0.687992
6937,6937,0.9433333333333334,0.00998645168764533,request_rescan,0.688093
6938,6938,0.9433333333333334,0.00998645168764533,discard,0.688196
6939,6939,0.9433333333333334,0.00998645168764533,discard,0.688296
6940,6940,0.9433333333333334,0.00998645168764533,request_rescan,0.688396
6941,6941,0.9433333333333334,0.00998645168764533,discard,0.688498
6942,6942,0.9433333333333334,0.00998645168764533,discard,0.688603
6943,6943,0.9433333333333334,0.00998645168764533,discard,0.688711
6944,6944,0.9433333333333334,0.00998645168764533,discard,0.688811
6945,6945,0.9433333333333334,0.00998645168764533,discard,0.688913
6946,6946,0.9433333333333334,0.00998645168764533,discard,0.689011
6947,6947,0.9433333333333334,0.00998645168764533,request_rescan,0.689112
6948,6948,0.9433333333333334,0.00998645168764533,request_rescan,0.689227
6949,6949,0.9433333333333334,0.00998645168764533,discard,0.689358
6950,6950,0.9433333333333334,0.00998645168764533,discard,0.689531
6951,6951,0.9433333333333334,0.00998645168764533,discard,0.689689
6952,6952,0.9433333333333334,0.00998645168764533,request_rescan,0.689804
6953,6953,0.9433333333333334,0.00998645168764533,discard,0.689907
6954,6954,0.9433333333333334,0.00998645168764533,request_rescan,0.690011
6955,6955,0.9433333333333334,0.00998645168764533,discard,0.690109
6956,6956,0.9433333333333334,0.00998645168764533,discard,0.690221
6957,6957,0.9433333333333334,0.00998645168764533,discard,0.690327
6958,6958,0.9433333333333334,0.00998645168764533,discard,0.690428
6959,6959,0.9433333333333334,0.00998645168764533,request_rescan,0.69054
6960,6960,0.9433333333333334,0.00998645168764533,discard,0.690641
6961,6961,0.9433333333333334,0.00998645168764533,discard,0.690748
6962,6962,0.9433333333333334,0.00998645168764533,request_rescan,0.69085
6963,6963,0.9433333333333334,0.00998645168764533,discard,0.69095
6964,6964,0.9433333333333334,0.00998645168764533,discard,0.691058
6965,6965,0.9433333333333334,0.00998645168764533,request_rescan,0.691162
6966,6966,0.9433333333333334,0.00998645168764533,discard,0.691265
6967,6967,0.9433333333333334,0.00998645168764533,discard,0.691362
6968,6968,0.9433333333333334,0.00998645168764533,discard,0.691462
6969,6969,0.9433333333333334,0.00998645168764533,discard,0.691559
6970,6970,0.9433333333333334,0.00998645168764533,request_rescan,0.691659
6971,6971,0.9433333333333334,0.00998645168764533,request_rescan,0.691762
6972,6972,0.9433333333333334,0.00998645168764533,discard,0.691867
6973,6973,0.9433333333333334,0.00998645168764533,discard,0.691971
6974,6974,0.9433333333333334,0.00998645168764533,request_rescan,0.692075
6975,6975,0.9433333333333334,0.00998645168764533,discard,0.692179
6976,6976,0.9433333333333334,0.00998645168764533,discard,0.692279
6977,6977,0.9433333333333334,0.00998645168764533,discard,0.692382
6978,6978,0.9433333333333334,0.00998645168764533,discard,0.692489
6979,6979,0.9433333333333334,0.00998645168764533,discard,0.692592
6980,6980,0.9433333333333334,0.00998645168764533,request_rescan,0.692696
6981,6981,0.9433333333333334,0.00998645168764533,request_rescan,0.692797
6982,6982,0.9433333333333334,0.00998645168764533,request_rescan,0.692897
6983,6983,0.9433333333333334,0.00998645168764533,request_rescan,0.692995
6984,6984,0.9433333333333334,0.00998645168764533,discard,0.693094
6985,6985,0.9433333333333334,0.00998645168764533,request_rescan,0.693193
6986,6986,0.9433333333333334,0.00998645168764533,discard,0.693295
6987,6987,0.9433333333333334,0.00998645168764533,request_rescan,0.693394
6988,6988,0.9433333333333334,0.00998645168764533,discard,0.693505
6989,6989,0.9433333333333334,0.00998645168764533,discard,0.693605
6990,6990,0.9433333333333334,0.00998645168764533,request_rescan,0.693704
6991,6991,0.9433333333333334,0.00998645168764533,discard,0.693802
6992,6992,0.9433333333333334,0.00998645168764533,discard,0.693904
6993,6993,0.9433333333333334,0.00998645168764533,discard,0.694003
6994,6994,0.9433333333333334,0.00998645168764533,discard,0.694102
6995,6995,0.9433333333333334,0.00998645168764533,request_rescan,0.694202
6996,6996,0.9433333333333334,0.00998645168764533,request_rescan,0.694304
6997,6997,0.9433333333333334,0.00998645168764533,request_rescan,0.694401
6998,6998,0.9433333333333334,0.00998645168764533,discard,0.694504
6999,6999,0.9433333333333334,0.00998645168764533,request_rescan,0.69461
7000,7000,0.9433333333333334,0.00998645168764533,request_rescan,0.694713
7001,7001,0.9433333333333334,0.00998645168764533,discard,0.694978
7002,7002,0.9433333333333334,0.00998645168764533,request_rescan,0.695097
7003,7003,0.9433333333333334,0.00998645168764533,discard,0.695204
7004,7004,0.9433333333333334,0.00998645168764533,request_rescan,0.695307
7005,7005,0.9433333333333334,0.00998645168764533,discard,0.695411
7006,7006,0.9433333333333334,0.00998645168764533,discard,0.695519
7007,7007,0.9433333333333334,0.00998645168764533,discard,0.695623
7008,7008,0.9433333333333334,0.00998645168764533,discard,0.695731
7009,7009,0.9433333333333334,0.00998645168764533,request_rescan,0.695848
7010,7010,0.9433333333333334,0.00998645168764533,discard,0.695949
7011,7011,0.9433333333333334,0.00998645168764533,discard,0.696045
7012,7012,0.9433333333333334,0.00998645168764533,request_rescan,0.696151
7013,7013,0.9433333333333334,0.00998645168764533,discard,0.696271
7014,7014,0.9433333333333334,0.00998645168764533,request_rescan,0.696402
7015,7015,0.9433333333333334,0.00998645168764533,discard,0.696538
7016,7016,0.9433333333333334,0.00998645168764533,request_rescan,0.69664
7017,7017,0.9433333333333334,0.00998645168764533,discard,0.696739
7018,7018,0.9433333333333334,0.00998645168764533,discard,0.696839
7019,7019,0.9433333333333334,0.00998645168764533,discard,0.696941
7020,7020,0.9433333333333334,0.00998645168764533,discard,0.697043
7021,7021,0.9433333333333334,0.00998645168764533,discard,0.697144
7022,7022,0.9433333333333334,0.00998645168764533,request_rescan,0.697243
7023,7023,0.9433333333333334,0.00998645168764533,discard,0.697337
7024,7024,0.9433333333333334,0.00998645168764533,request_rescan,0.697436
7025,7025,0.9433333333333334,0.00998645168764533,discard,0.697548
7026,7026,0.9433333333333334,0.00998645168764533,request_rescan,0.697655
7027,7027,0.9433333333333334,0.00998645168764533,request_rescan,0.697757
7028,7028,0.9433333333333334,0.00998645168764533,request_rescan,0.697856
7029,7029,0.9433333333333334,0.00998645168764533,request_rescan,0.697956
7030,7030,0.9433333333333334,0.00998645168764533,request_rescan,0.698053
7031,7031,0.9433333333333334,0.00998645168764533,discard,0.698151
7032,7032,0.9433333333333334,0.00998645168764533,discard,0.698253
7033,7033,0.9433333333333334,0.00998645168764533,request_rescan,0.698352
7034,7034,0.9433333333333334,0.00998645168764533,discard,0.698456
7035,7035,0.9433333333333334,0.00998645168764533,discard,0.698564
7036,7036,0.9433333333333334,0.00998645168764533,request_rescan,0.698666
7037,7037,0.9433333333333334,0.00998645168764533,request_rescan,0.698765
7038,7038,0.9433333333333334,0.00998645168764533,request_rescan,0.698867
7039,7039,0.9433333333333334,0.00998645168764533,discard,0.698973
7040,7040,0.9433333333333334,0.00998645168764533,request_rescan,0.699074
7041,7041,0.9433333333333334,0.00998645168764533,discard,0.699175
7042,7042,0.9433333333333334,0.00998645168764533,discard,0.699278
7043,7043,0.9433333333333334,0.00998645168764533,discard,0.699379
7044,7044,0.9433333333333334,0.00998645168764533,discard,0.699487
7045,7045,0.9433333333333334,0.00998645168764533,discard,0.699589
7046,7046,0.9433333333333334,0.00998645168764533,request_rescan,0.699691
7047,7047,0.9433333333333334,0.00998645168764533,discard,0.699788
7048,7048,0.9433333333333334,0.00998645168764533,request_rescan,0.699888
7049,7049,0.9433333333333334,0.00998645168764533,request_rescan,0.699991
7050,7050,0.9433333333333334,0.00998645168764533,request_rescan,0.70013
7051,7051,0.9433333333333334,0.00998645168764533,request_rescan,0.700274
7052,7052,0.9433333333333334,0.00998645168764533,discard,0.700377
7053,7053,0.9433333333333334,0.00998645168764533,request_rescan,0.700483
7054,7054,0.9433333333333334,0.00998645168764533,request_rescan,0.700583
7055,7055,0.9433333333333334,0.00998645168764533,request_rescan,0.700682
7056,7056,0.9433333333333334,0.00998645168764533,discard,0.700784
7057,7057,0.9433333333333334,0.00998645168764533,discard,0.700882
7058,7058,0.9433333333333334,0.00998645168764533,request_rescan,0.700983
7059,7059,0.9433333333333334,0.00998645168764533,discard,0.701087
7060,7060,0.9433333333333334,0.00998645168764533,request_rescan,0.701188
7061,7061,0.9433333333333334,0.00998645168764533,request_rescan,0.701301
7062,7062,0.9433333333333334,0.00998645168764533,discard,0.701428
7063,7063,0.9433333333333334,0.00998645168764533,request_rescan,0.701538
7064,7064,0.9433333333333334,0.00998645168764533,discard,0.701641
7065,7065,0.9433333333333334,0.00998645168764533,request_rescan,0.701744
7066,7066,0.9433333333333334,0.00998645168764533,discard,0.701843
7067,7067,0.9433333333333334,0.00998645168764533,request_rescan,0.701942
7068,7068,0.9433333333333334,0.00998645168764533,request_rescan,0.702054
7069,7069,0.9433333333333334,0.00998645168764533,request_rescan,0.702182
7070,7070,0.9433333333333334,0.00998645168764533,request_rescan,0.702307
7071,7071,0.9433333333333334,0.00998645168764533,discard,0.702426
7072,7072,0.9433333333333334,0.00998645168764533,request_rescan,0.702539
7073,7073,0.9433333333333334,0.00998645168764533,discard,0.702648
7074,7074,0.9433333333333334,0.00998645168764533,request_rescan,0.70275
7075,7075,0.9433333333333334,0.00998645168764533,request_rescan,0.702852
7076,7076,0.9433333333333334,0.00998645168764533,request_rescan,0.702952
7077,7077,0.9433333333333334,0.00998645168764533,discard,0.703068
7078,7078,0.9433333333333334,0.00998645168764533,request_rescan,0.703171
7079,7079,0.9433333333333334,0.00998645168764533,discard,0.703269
7080,7080,0.9433333333333334,0.00998645168764533,request_rescan,0.703367
7081,7081,0.9433333333333334,0.00998645168764533,request_rescan,0.703473
7082,7082,0.9433333333333334,0.00998645168764533,request_rescan,0.703574
7083,7083,0.9433333333333334,0.00998645168764533,request_rescan,0.703675
7084,7084,0.9433333333333334,0.00998645168764533,request_rescan,0.703771
7085,7085,0.9433333333333334,0.00998645168764533,request_rescan,0.70387
7086,7086,0.9433333333333334,0.00998645168764533,request_rescan,0.703975
7087,7087,0.9433333333333334,0.00998645168764533,discard,0.704077
7088,7088,0.9433333333333334,0.00998645168764533,request_rescan,0.704179
7089,7089,0.9433333333333334,0.00998645168764533,request_rescan,0.704278
7090,7090,0.9433333333333334,0.00998645168764533,discard,0.704381
7091,7091,0.9433333333333334,0.00998645168764533,discard,0.704497
7092,7092,0.9433333333333334,0.00998645168764533,request_rescan,0.704603
7093,7093,0.9433333333333334,0.00998645168764533,request_rescan,0.704705
7094,7094,0.9433333333333334,0.00998645168764533,discard,0.704806
7095,7095,0.9433333333333334,0.00998645168764533,discard,0.70491
7096,7096,0.9433333333333334,0.00998645168764533,request_rescan,0.705014
7097,7097,0.9433333333333334,0.00998645168764533,discard,0.705124
7098,7098,0.9433333333333334,0.00998645168764533,discard,0.705227
7099,7099,0.9433333333333334,0.00998645168764533,request_rescan,0.705329
7100,7100,0.9433333333333334,0.00998645168764533,request_rescan,0.705428
7101,7101,0.9433333333333334,0.00998645168764533,request_rescan,0.70565
7102,7102,0.9433333333333334,0.00998645168764533,discard,0.705772
7103,7103,0.9433333333333334,0.00998645168764533,request_rescan,0.705882
7104,7104,0.9433333333333334,0.00998645168764533,request_rescan,0.705987
7105,7105,0.9433333333333334,0.00998645168764533,request_rescan,0.706088
7106,7106,0.9433333333333334,0.00998645168764533,discard,0.706188
7107,7107,0.9433333333333334,0.00998645168764533,discard,0.706287
7108,7108,0.9433333333333334,0.00998645168764533,discard,0.706386
7109,7109,0.9433333333333334,0.00998645168764533,discard,0.70649
7110,7110,0.9433333333333334,0.00998645168764533,discard,0.706587
7111,7111,0.9433333333333334,0.00998645168764533,discard,0.706699
7112,7112,0.9433333333333334,0.00998645168764533,request_rescan,0.706807
7113,7113,0.9433333333333334,0.00998645168764533,discard,0.70691
7114,7114,0.9433333333333334,0.00998645168764533,discard,0.707013
7115,7115,0.9433333333333334,0.00998645168764533,discard,0.707111
7116,7116,0.9433333333333334,0.00998645168764533,discard,0.707214
7117,7117,0.9433333333333334,0.00998645168764533,discard,0.707321
7118,7118,0.9433333333333334,0.00998645168764533,discard,0.707424
7119,7119,0.9433333333333334,0.00998645168764533,discard,0.707531
7120,7120,0.9433333333333334,0.00998645168764533,request_rescan,0.707633
7121,7121,0.9433333333333334,0.00998645168764533,request_rescan,0.707733
7122,7122,0.9433333333333334,0.00998645168764533,request_rescan,0.707832
7123,7123,0.9433333333333334,0.00998645168764533,request_rescan,0.707932
7124,7124,0.9433333333333334,0.00998645168764533,request_rescan,0.70804
7125,7125,0.9433333333333334,0.00998645168764533,discard,0.708152
7126,7126,0.9433333333333334,0.00998645168764533,request_rescan,0.708252
7127,7127,0.9433333333333334,0.00998645168764533,request_rescan,0.708349
7128,7128,0.9433333333333334,0.00998645168764533,request_rescan,0.708446
7129,7129,0.9433333333333334,0.00998645168764533,request_rescan,0.708549
7130,7130,0.9433333333333334,0.00998645168764533,discard,0.708651
7131,7131,0.9433333333333334,0.00998645168764533,discard,0.708748
7132,7132,0.9433333333333334,0.00998645168764533,request_rescan,0.708851
7133,7133,0.9433333333333334,0.00998645168764533,request_rescan,0.708952
7134,7134,0.9433333333333334,0.00998645168764533,discard,0.709052
7135,7135,0.9433333333333334,0.00998645168764533,request_rescan,0.709149
7136,7136,0.9433333333333334,0.00998645168764533,discard,0.709251
7137,7137,0.9433333333333334,0.00998645168764533,discard,0.709345
7138,7138,0.9433333333333334,0.00998645168764533,request_rescan,0.70944
7139,7139,0.9433333333333334,0.00998645168764533,request_rescan,0.709541
7140,7140,0.9433333333333334,0.00998645168764533,request_rescan,0.709636
7141,7141,0.9433333333333334,0.00998645168764533,discard,0.709735
7142,7142,0.9433333333333334,0.00998645168764533,discard,0.709829
7143,7143,0.9433333333333334,0.00998645168764533,discard,0.709923
7144,7144,0.9433333333333334,0.00998645168764533,discard,0.71002
7145,7145,0.9433333333333334,0.00998645168764533,request_rescan,0.710114
7146,7146,0.9433333333333334,0.00998645168764533,request_rescan,0.710208
7147,7147,0.9433333333333334,0.00998645168764533,discard,0.710305
7148,7148,0.9433333333333334,0.00998645168764533,discard,0.710401
7149,7149,0.9433333333333334,0.00998645168764533,request_rescan,0.710498
7150,7150,0.9433333333333334,0.00998645168764533,request_rescan,0.710593
7151,7151,0.9433333333333334,0.00998645168764533,request_rescan,0.71069
7152,7152,0.9433333333333334,0.00998645168764533,request_rescan,0.710833
7153,7153,0.9433333333333334,0.00998645168764533,discard,0.710954
7154,7154,0.9433333333333334,0.00998645168764533,discard,0.711064
7155,7155,0.9433333333333334,0.00998645168764533,request_rescan,0.711177
7156,7156,0.9433333333333334,0.00998645168764533,request_rescan,0.711278
7157,7157,0.9433333333333334,0.00998645168764533,discard,0.711374
7158,7158,0.9433333333333334,0.00998645168764533,discard,0.711483
7159,7159,0.9433333333333334,0.00998645168764533,discard,0.711591
7160,7160,0.9433333333333334,0.00998645168764533,request_rescan,0.711691
7161,7161,0.9433333333333334,0.00998645168764533,discard,0.71179
7162,7162,0.9433333333333334,0.00998645168764533,discard,0.711885
7163,7163,0.9433333333333334,0.00998645168764533,request_rescan,0.712005
7164,7164,0.9433333333333334,0.00998645168764533,discard,0.712104
7165,7165,0.9433333333333334,0.00998645168764533,request_rescan,0.712222
7166,7166,0.9433333333333334,0.00998645168764533,request_rescan,0.712349
7167,7167,0.9433333333333334,0.00998645168764533,discard,0.712459
7168,7168,0.9433333333333334,0.00998645168764533,request_rescan,0.712558
7169,7169,0.9433333333333334,0.00998645168764533,request_rescan,0.712657
7170,7170,0.9433333333333334,0.00998645168764533,request_rescan,0.712751
7171,7171,0.9433333333333334,0.00998645168764533,request_rescan,0.712844
7172,7172,0.9433333333333334,0.00998645168764533,request_rescan,0.712937
7173,7173,0.9433333333333334,0.00998645168764533,request_rescan,0.713032
7174,7174,0.9433333333333334,0.00998645168764533,request_rescan,0.71313
7175,7175,0.9433333333333334,0.00998645168764533,discard,0.713227
7176,7176,0.9433333333333334,0.00998645168764533,request_rescan,0.713324
7177,7177,0.9433333333333334,0.00998645168764533,discard,0.713426
7178,7178,0.76,0.00998645168764533,discard,0.713537
7179,7179,0.9433333333333334,0.00998645168764533,discard,0.713633
7180,7180,0.9433333333333334,0.00998645168764533,request_rescan,0.71373
7181,7181,0.9433333333333334,0.00998645168764533,discard,0.713828
7182,7182,0.9433333333333334,0.00998645168764533,request_rescan,0.713925
7183,7183,0.9433333333333334,0.00998645168764533,request_rescan,0.714018
7184,7184,0.9433333333333334,0.00998645168764533,discard,0.714116
7185,7185,0.9433333333333334,0.00998645168764533,discard,0.714212
7186,7186,0.9433333333333334,0.00998645168764533,request_rescan,0.714308
7187,7187,0.9433333333333334,0.00998645168764533,discard,0.714407
7188,7188,0.9433333333333334,0.00998645168764533,discard,0.714505
7189,7189,0.9433333333333334,0.00998645168764533,discard,0.714602
7190,7190,0.9433333333333334,0.00998645168764533,request_rescan,0.714698
7191,7191,0.9433333333333334,0.00998645168764533,discard,0.714792
7192,7192,0.9433333333333334,0.00998645168764533,request_rescan,0.714887
7193,7193,0.9433333333333334,0.00998645168764533,discard,0.714981
7194,7194,0.9433333333333334,0.00998645168764533,request_rescan,0.715085
7195,7195,0.9433333333333334,0.00998645168764533,request_rescan,0.715183
7196,7196,0.9433333333333334,0.00998645168764533,request_rescan,0.715277
7197,7197,0.9433333333333334,0.00998645168764533,discard,0.715373
7198,7198,0.9433333333333334,0.00998645168764533,discard,0.715471
7199,7199,0.9433333333333334,0.00998645168764533,discard,0.715562
7200,7200,0.9433333333333334,0.00998645168764533,request_rescan,0.715661
7201,7201,0.9433333333333334,0.00998645168764533,request_rescan,0.715856
7202,7202,0.9433333333333334,0.00998645168764533,discard,0.715968
7203,7203,0.9433333333333334,0.00998645168764533,request_rescan,0.716069
7204,7204,0.9433333333333334,0.00998645168764533,request_rescan,0.716172
7205,7205,0.9433333333333334,0.00998645168764533,request_rescan,0.716269
7206,7206,0.9433333333333334,0.00998645168764533,request_rescan,0.716364
7207,7207,0.9433333333333334,0.00998645168764533,request_rescan,0.716462
7208,7208,0.9433333333333334,0.00998645168764533,request_rescan,0.716563
7209,7209,0.9433333333333334,0.00998645168764533,request_rescan,0.716659
7210,7210,0.9433333333333334,0.00998645168764533,request_rescan,0.716753
7211,7211,0.9433333333333334,0.00998645168764533,request_rescan,0.716847
7212,7212,0.9433333333333334,0.00998645168764533,request_rescan,0.716943
7213,7213,0.9433333333333334,0.00998645168764533,discard,0.717038
7214,7214,0.9433333333333334,0.00998645168764533,discard,0.71713
7215,7215,0.9433333333333334,0.00998645168764533,discard,0.717225
7216,7216,0.9433333333333334,0.00998645168764533,discard,0.71732
7217,7217,0.9433333333333334,0.00998645168764533,discard,0.717417
7218,7218,0.9433333333333334,0.00998645168764533,discard,0.717517
7219,7219,0.9433333333333334,0.00998645168764533,discard,0.717614
7220,7220,0.9433333333333334,0.00998645168764533,request_rescan,0.717715
7221,7221,0.9433333333333334,0.00998645168764533,discard,0.717816
7222,7222,0.9433333333333334,0.00998645168764533,discard,0.717914
7223,7223,0.9433333333333334,0.00998645168764533,discard,0.718015
7224,7224,0.9433333333333334,0.00998645168764533,request_rescan,0.718116
7225,7225,0.9433333333333334,0.00998645168764533,discard,0.718221
7226,7226,0.9433333333333334,0.00998645168764533,discard,0.718316
7227,7227,0.9433333333333334,0.00998645168764533,discard,0.718409
7228,7228,0.9433333333333334,0.00998645168764533,request_rescan,0.718508
7229,7229,0.9433333333333334,0.00998645168764533,discard,0.718622
7230,7230,0.9433333333333334,0.00998645168764533,request_rescan,0.718751
7231,7231,0.9433333333333334,0.00998645168764533,discard,0.718853
7232,7232,0.9433333333333334,0.00998645168764533,discard,0.718951
7233,7233,0.9433333333333334,0.00998645168764533,discard,0.719048
7234,7234,0.9433333333333334,0.00998645168764533,discard,0.719144
7235,7235,0.9433333333333334,0.00998645168764533,discard,0.719247
7236,7236,0.9433333333333334,0.00998645168764533,request_rescan,0.719344
7237,7237,0.9433333333333334,0.00998645168764533,discard,0.719444
7238,7238,0.9433333333333334,0.00998645168764533,discard,0.719543
7239,7239,0.9433333333333334,0.00998645168764533,request_rescan,0.719642
7240,7240,0.9433333333333334,0.00998645168764533,discard,0.719739
7241,7241,0.9433333333333334,0.00998645168764533,request_rescan,0.719834
7242,7242,0.9433333333333334,0.00998645168764533,discard,0.719935
7243,7243,0.9433333333333334,0.00998645168764533,discard,0.720039
7244,7244,0.76,0.00998645168764533,log_and_continue,0.720145
7245,7245,0.9433333333333334,0.00998645168764533,discard,0.720248
7246,7246,0.9433333333333334,0.00998645168764533,request_rescan,0.72035
7247,7247,0.9433333333333334,0.00998645168764533,request_rescan,0.720449
7248,7248,0.9433333333333334,0.00998645168764533,discard,0.720547
7249,7249,0.9433333333333334,0.00998645168764533,discard,0.720643
7250,7250,0.9433333333333334,0.00998645168764533,discard,0.720742
7251,7251,0.9433333333333334,0.00998645168764533,discard,0.720838
7252,7252,0.9433333333333334,0.00998645168764533,discard,0.720959
7253,7253,0.9433333333333334,0.00998645168764533,request_rescan,0.7211
7254,7254,0.9433333333333334,0.00998645168764533,discard,0.721207
7255,7255,0.9433333333333334,0.00998645168764533,discard,0.721309
7256,7256,0.9433333333333334,0.00998645168764533,request_rescan,0.721412
7257,7257,0.9433333333333334,0.00998645168764533,request_rescan,0.721517
7258,7258,0.9433333333333334,0.00998645168764533,discard,0.721619
7259,7259,0.9433333333333334,0.00998645168764533,discard,0.721726
7260,7260,0.9433333333333334,0.00998645168764533,discard,0.721825
7261,7261,0.9433333333333334,0.00998645168764533,request_rescan,0.721927
7262,7262,0.9433333333333334,0.00998645168764533,discard,0.722027
7263,7263,0.9433333333333334,0.00998645168764533,request_rescan,0.722125
7264,7264,0.9433333333333334,0.00998645168764533,discard,0.722253
7265,7265,0.9433333333333334,0.00998645168764533,request_rescan,0.722365
7266,7266,0.9433333333333334,0.00998645168764533,request_rescan,0.722475
7267,7267,0.9433333333333334,0.00998645168764533,discard,0.72258
7268,7268,0.9433333333333334,0.00998645168764533,discard,0.722683
7269,7269,0.9433333333333334,0.00998645168764533,request_rescan,0.722793
7270,7270,0.9433333333333334,0.00998645168764533,request_rescan,0.722922
7271,7271,0.9433333333333334,0.00998645168764533,request_rescan,0.723053
7272,7272,0.9433333333333334,0.00998645168764533,request_rescan,0.723162
7273,7273,0.9433333333333334,0.00998645168764533,request_rescan,0.723272
7274,7274,0.9433333333333334,0.00998645168764533,discard,0.723372
7275,7275,0.9433333333333334,0.00998645168764533,request_rescan,0.723477
7276,7276,0.9433333333333334,0.00998645168764533,discard,0.72358
7277,7277,0.9433333333333334,0.00998645168764533,discard,0.723684
7278,7278,0.9433333333333334,0.00998645168764533,request_rescan,0.72379
7279,7279,0.9433333333333334,0.00998645168764533,request_rescan,0.723893
7280,7280,0.9433333333333334,0.00998645168764533,request_rescan,0.723994
7281,7281,0.9433333333333334,0.00998645168764533,request_rescan,0.724095
7282,7282,0.9433333333333334,0.00998645168764533,discard,0.724198
7283,7283,0.9433333333333334,0.00998645168764533,request_rescan,0.724299
7284,7284,0.9433333333333334,0.00998645168764533,discard,0.724398
7285,7285,0.9433333333333334,0.00998645168764533,discard,0.724508
7286,7286,0.9433333333333334,0.00998645168764533,request_rescan,0.724612
7287,7287,0.9433333333333334,0.00998645168764533,request_rescan,0.724711
7288,7288,0.9433333333333334,0.00998645168764533,discard,0.724814
7289,7289,0.9433333333333334,0.00998645168764533,discard,0.724915
7290,7290,0.9433333333333334,0.00998645168764533,discard,0.725013
7291,7291,0.9433333333333334,0.00998645168764533,request_rescan,0.725115
7292,7292,0.9433333333333334,0.00998645168764533,request_rescan,0.725215
7293,7293,0.9433333333333334,0.00998645168764533,discard,0.725314
7294,7294,0.9433333333333334,0.00998645168764533,discard,0.725415
7295,7295,0.9433333333333334,0.00998645168764533,request_rescan,0.725519
7296,7296,0.9433333333333334,0.00998645168764533,discard,0.725622
7297,7297,0.9433333333333334,0.00998645168764533,request_rescan,0.725722
7298,7298,0.9433333333333334,0.00998645168764533,request_rescan,0.72582
7299,7299,0.9433333333333334,0.00998645168764533,request_rescan,0.725921
7300,7300,0.9433333333333334,0.00998645168764533,discard,0.726019
7301,7301,0.9433333333333334,0.00998645168764533,request_rescan,0.726265
7302,7302,0.9433333333333334,0.00998645168764533,request_rescan,0.726421
7303,7303,0.9433333333333334,0.00998645168764533,discard,0.726549
7304,7304,0.9433333333333334,0.00998645168764533,request_rescan,0.726655
7305,7305,0.9433333333333334,0.00998645168764533,discard,0.726766
7306,7306,0.9433333333333334,0.00998645168764533,request_rescan,0.726875
7307,7307,0.9433333333333334,0.00998645168764533,request_rescan,0.726977
7308,7308,0.9433333333333334,0.00998645168764533,discard,0.727079
7309,7309,0.9433333333333334,0.00998645168764533,discard,0.727181
7310,7310,0.9433333333333334,0.00998645168764533,request_rescan,0.727282
7311,7311,0.9433333333333334,0.00998645168764533,request_rescan,0.727385
7312,7312,0.9433333333333334,0.00998645168764533,discard,0.727496
7313,7313,0.9433333333333334,0.00998645168764533,discard,0.727602
7314,7314,0.9433333333333334,0.00998645168764533,discard,0.727704
7315,7315,0.9433333333333334,0.00998645168764533,discard,0.727801
7316,7316,0.9433333333333334,0.00998645168764533,request_rescan,0.727901
7317,7317,0.9433333333333334,0.00998645168764533,discard,0.728001
7318,7318,0.9433333333333334,0.00998645168764533,discard,0.728099
7319,7319,0.9433333333333334,0.00998645168764533,request_rescan,0.728203
7320,7320,0.9433333333333334,0.00998645168764533,discard,0.728302
7321,7321,0.9433333333333334,0.00998645168764533,discard,0.728398
7322,7322,0.9433333333333334,0.00998645168764533,discard,0.728497
7323,7323,0.9433333333333334,0.00998645168764533,request_rescan,0.728597
7324,7324,0.9433333333333334,0.00998645168764533,discard,0.728693
7325,7325,0.9433333333333334,0.00998645168764533,request_rescan,0.72879
7326,7326,0.9433333333333334,0.00998645168764533,request_rescan,0.728902
7327,7327,0.9433333333333334,0.00998645168764533,discard,0.729017
7328,7328,0.9433333333333334,0.00998645168764533,request_rescan,0.729118
7329,7329,0.9433333333333334,0.00998645168764533,discard,0.729216
7330,7330,0.9433333333333334,0.00998645168764533,discard,0.729316
7331,7331,0.9433333333333334,0.00998645168764533,discard,0.729411
7332,7332,0.9433333333333334,0.00998645168764533,discard,0.729512
7333,7333,0.9433333333333334,0.00998645168764533,discard,0.729606
7334,7334,0.9433333333333334,0.00998645168764533,discard,0.729697
7335,7335,0.9433333333333334,0.00998645168764533,request_rescan,0.729802
7336,7336,0.9433333333333334,0.00998645168764533,discard,0.729899
7337,7337,0.6633333333333333,0.00998645168764533,log_and_continue,0.730007
7338,7338,0.9433333333333334,0.00998645168764533,discard,0.73011
7339,7339,0.9433333333333334,0.00998645168764533,discard,0.730207
7340,7340,0.9433333333333334,0.00998645168764533,request_rescan,0.730305
7341,7341,0.9433333333333334,0.00998645168764533,discard,0.7304
7342,7342,0.9433333333333334,0.00998645168764533,request_rescan,0.730499
7343,7343,0.9433333333333334,0.00998645168764533,discard,0.730593
7344,7344,0.9433333333333334,0.00998645168764533,discard,0.73069
7345,7345,0.9433333333333334,0.00998645168764533,request_rescan,0.730786
7346,7346,0.9433333333333334,0.00998645168764533,request_rescan,0.730884
7347,7347,0.9433333333333334,0.00998645168764533,discard,0.730982
7348,7348,0.9433333333333334,0.00998645168764533,request_rescan,0.731078
7349,7349,0.9433333333333334,0.00998645168764533,request_rescan,0.731173
7350,7350,0.9433333333333334,0.00998645168764533,discard,0.731274
7351,7351,0.9433333333333334,0.00998645168764533,discard,0.731402
7352,7352,0.9433333333333334,0.00998645168764533,discard,0.731557
7353,7353,0.9433333333333334,0.00998645168764533,request_rescan,0.73167
7354,7354,0.9433333333333334,0.00998645168764533,discard,0.731768
7355,7355,0.9433333333333334,0.00998645168764533,discard,0.731867
7356,7356,0.9433333333333334,0.00998645168764533,request_rescan,0.731969
7357,7357,0.9433333333333334,0.00998645168764533,discard,0.732072
7358,7358,0.9433333333333334,0.00998645168764533,request_rescan,0.732168
7359,7359,0.9433333333333334,0.00998645168764533,request_rescan,0.732264
7360,7360,0.9433333333333334,0.00998645168764533,request_rescan,0.732362
7361,7361,0.9433333333333334,0.00998645168764533,request_rescan,0.73246
7362,7362,0.9433333333333334,0.00998645168764533,request_rescan,0.732554
7363,7363,0.9433333333333334,0.00998645168764533,discard,0.73265
7364,7364,0.9433333333333334,0.00998645168764533,request_rescan,0.732751
7365,7365,0.9433333333333334,0.00998645168764533,request_rescan,0.732848
7366,7366,0.9433333333333334,0.00998645168764533,request_rescan,0.732943
7367,7367,0.9433333333333334,0.00998645168764533,discard,0.733041
7368,7368,0.9433333333333334,0.00998645168764533,request_rescan,0.733134
7369,7369,0.9433333333333334,0.00998645168764533,discard,0.733232
7370,7370,0.9433333333333334,0.00998645168764533,request_rescan,0.733328
7371,7371,0.9433333333333334,0.00998645168764533,discard,0.733424
7372,7372,0.9433333333333334,0.00998645168764533,discard,0.733529
7373,7373,0.9433333333333334,0.00998645168764533,request_rescan,0.733627
7374,7374,0.9433333333333334,0.00998645168764533,discard,0.733723
7375,7375,0.9433333333333334,0.00998645168764533,discard,0.733818
7376,7376,0.9433333333333334,0.00998645168764533,request_rescan,0.733913
7377,7377,0.9433333333333334,0.00998645168764533,discard,0.734009
7378,7378,0.9433333333333334,0.00998645168764533,request_rescan,0.734109
7379,7379,0.9433333333333334,0.00998645168764533,request_rescan,0.734209
7380,7380,0.9433333333333334,0.00998645168764533,discard,0.73431
7381,7381,0.9433333333333334,0.00998645168764533,request_rescan,0.734409
7382,7382,0.9433333333333334,0.00998645168764533,request_rescan,0.73451
7383,7383,0.9433333333333334,0.00998645168764533,discard,0.73461
7384,7384,0.9433333333333334,0.00998645168764533,discard,0.734707
7385,7385,0.9433333333333334,0.00998645168764533,discard,0.734804
7386,7386,0.9433333333333334,0.00998645168764533,request_rescan,0.734898
7387,7387,0.9433333333333334,0.00998645168764533,request_rescan,0.734992
7388,7388,0.9433333333333334,0.00998645168764533,request_rescan,0.735086
7389,7389,0.9433333333333334,0.00998645168764533,discard,0.735184
7390,7390,0.9433333333333334,0.00998645168764533,discard,0.735282
7391,7391,0.9433333333333334,0.00998645168764533,request_rescan,0.735377
7392,7392,0.9433333333333334,0.00998645168764533,request_rescan,0.735472
7393,7393,0.9433333333333334,0.00998645168764533,request_rescan,0.735567
7394,7394,0.9433333333333334,0.00998645168764533,discard,0.735662
7395,7395,0.9433333333333334,0.00998645168764533,request_rescan,0.735761
7396,7396,0.9433333333333334,0.00998645168764533,discard,0.735858
7397,7397,0.9433333333333334,0.00998645168764533,discard,0.735952
7398,7398,0.9433333333333334,0.00998645168764533,request_rescan,0.736046
7399,7399,0.9433333333333334,0.00998645168764533,request_rescan,0.736145
7400,7400,0.9433333333333334,0.00998645168764533,discard,0.736242
7401,7401,0.9433333333333334,0.00998645168764533,discard,0.736423
7402,7402,0.9433333333333334,0.00998645168764533,discard,0.736526
7403,7403,0.9433333333333334,0.00998645168764533,discard,0.736626
7404,7404,0.9433333333333334,0.00998645168764533,request_rescan,0.736721
7405,7405,0.9433333333333334,0.00998645168764533,discard,0.736814
7406,7406,0.9433333333333334,0.00998645168764533,discard,0.736905
7407,7407,0.9433333333333334,0.00998645168764533,request_rescan,0.736998
7408,7408,0.9433333333333334,0.00998645168764533,request_rescan,0.737097
7409,7409,0.9433333333333334,0.00998645168764533,request_rescan,0.737192
7410,7410,0.9433333333333334,0.00998645168764533,request_rescan,0.737286
7411,7411,0.9433333333333334,0.00998645168764533,request_rescan,0.737379
7412,7412,0.9433333333333334,0.00998645168764533,request_rescan,0.737485
7413,7413,0.9433333333333334,0.00998645168764533,discard,0.737587
7414,7414,0.9433333333333334,0.00998645168764533,discard,0.737685
7415,7415,0.9433333333333334,0.00998645168764533,discard,0.737783
7416,7416,0.9433333333333334,0.00998645168764533,request_rescan,0.73788
7417,7417,0.9433333333333334,0.00998645168764533,request_rescan,0.737975
7418,7418,0.9433333333333334,0.00998645168764533,discard,0.738069
7419,7419,0.9433333333333334,0.00998645168764533,discard,0.738162
7420,7420,0.9433333333333334,0.00998645168764533,discard,0.738253
7421,7421,0.9433333333333334,0.00998645168764533,discard,0.73835
7422,7422,0.9433333333333334,0.00998645168764533,request_rescan,0.738448
7423,7423,0.9433333333333334,0.00998645168764533,request_rescan,0.73861
7424,7424,0.9433333333333334,0.00998645168764533,request_rescan,0.738713
7425,7425,0.9433333333333334,0.00998645168764533,request_rescan,0.73881
7426,7426,0.9433333333333334,0.00998645168764533,request_rescan,0.738907
7427,7427,0.9433333333333334,0.00998645168764533,discard,0.739009
7428,7428,0.9433333333333334,0.00998645168764533,request_rescan,0.739114
7429,7429,0.9433333333333334,0.00998645168764533,discard,0.739217
7430,7430,0.9433333333333334,0.00998645168764533,request_rescan,0.739315
7431,7431,0.9433333333333334,0.00998645168764533,request_rescan,0.739412
7432,7432,0.9433333333333334,0.00998645168764533,discard,0.739512
7433,7433,0.9433333333333334,0.00998645168764533,request_rescan,0.739607
7434,7434,0.9433333333333334,0.00998645168764533,discard,0.739703
7435,7435,0.9433333333333334,0.00998645168764533,request_rescan,0.739801
7436,7436,0.9433333333333334,0.00998645168764533,request_rescan,0.739901
7437,7437,0.9433333333333334,0.00998645168764533,discard,0.74
7438,7438,0.9433333333333334,0.00998645168764533,request_rescan,0.740096
7439,7439,0.9433333333333334,0.00998645168764533,request_rescan,0.740191
7440,7440,0.9433333333333334,0.00998645168764533,request_rescan,0.740286
7441,7441,0.9433333333333334,0.00998645168764533,discard,0.740382
7442,7442,0.9433333333333334,0.00998645168764533,request_rescan,0.740481
7443,7443,0.9433333333333334,0.00998645168764533,discard,0.740576
7444,7444,0.9433333333333334,0.00998645168764533,request_rescan,0.740672
7445,7445,0.9433333333333334,0.00998645168764533,request_rescan,0.740766
7446,7446,0.9433333333333334,0.00998645168764533,discard,0.740858
7447,7447,0.9433333333333334,0.00998645168764533,request_rescan,0.740952
7448,7448,0.9433333333333334,0.00998645168764533,discard,0.741043
7449,7449,0.9433333333333334,0.00998645168764533,request_rescan,0.741138
7450,7450,0.9433333333333334,0.00998645168764533,request_rescan,0.741234
7451,7451,0.9433333333333334,0.00998645168764533,discard,0.741328
7452,7452,0.9433333333333334,0.00998645168764533,request_rescan,0.741423
7453,7453,0.9433333333333334,0.00998645168764533,discard,0.74152
7454,7454,0.9433333333333334,0.00998645168764533,discard,0.741612
7455,7455,0.9433333333333334,0.00998645168764533,request_rescan,0.741704
7456,7456,0.9433333333333334,0.00998645168764533,discard,0.741797
7457,7457,0.9433333333333334,0.00998645168764533,request_rescan,0.741896
7458,7458,0.9433333333333334,0.00998645168764533,request_rescan,0.742001
7459,7459,0.9433333333333334,0.00998645168764533,request_rescan,0.742121
7460,7460,0.9433333333333334,0.00998645168764533,discard,0.742225
7461,7461,0.9433333333333334,0.00998645168764533,discard,0.742321
7462,7462,0.9433333333333334,0.00998645168764533,discard,0.742421
7463,7463,0.9433333333333334,0.00998645168764533,request_rescan,0.74254
7464,7464,0.9433333333333334,0.00998645168764533,request_rescan,0.742647
7465,7465,0.9433333333333334,0.00998645168764533,discard,0.742746
7466,7466,0.9433333333333334,0.00998645168764533,request_rescan,0.742844
7467,7467,0.9433333333333334,0.00998645168764533,discard,0.742942
7468,7468,0.9433333333333334,0.00998645168764533,request_rescan,0.743042
7469,7469,0.9433333333333334,0.00998645168764533,request_rescan,0.743144
7470,7470,0.9433333333333334,0.00998645168764533,discard,0.743242
7471,7471,0.9433333333333334,0.00998645168764533,request_rescan,0.743337
7472,7472,0.9433333333333334,0.00998645168764533,discard,0.743434
7473,7473,0.9433333333333334,0.00998645168764533,discard,0.743534
7474,7474,0.9433333333333334,0.00998645168764533,request_rescan,0.743628
7475,7475,0.9433333333333334,0.00998645168764533,request_rescan,0.743722
7476,7476,0.9433333333333334,0.00998645168764533,discard,0.743814
7477,7477,0.9433333333333334,0.00998645168764533,request_rescan,0.743908
7478,7478,0.9433333333333334,0.00998645168764533,request_rescan,0.744007
7479,7479,0.9433333333333334,0.00998645168764533,request_rescan,0.744102
7480,7480,0.9433333333333334,0.00998645168764533,request_rescan,0.744196
7481,7481,0.9433333333333334,0.00998645168764533,discard,0.744289
7482,7482,0.9433333333333334,0.00998645168764533,request_rescan,0.744382
7483,7483,0.9433333333333334,0.00998645168764533,request_rescan,0.744479
7484,7484,0.9433333333333334,0.00998645168764533,discard,0.744801
7485,7485,0.9433333333333334,0.00998645168764533,discard,0.744943
7486,7486,0.9433333333333334,0.00998645168764533,discard,0.745056
7487,7487,0.9433333333333334,0.00998645168764533,discard,0.745162
7488,7488,0.9433333333333334,0.00998645168764533,discard,0.745266
7489,7489,0.9433333333333334,0.00998645168764533,request_rescan,0.745398
7490,7490,0.9433333333333334,0.00998645168764533,request_rescan,0.745507
7491,7491,0.9433333333333334,0.00998645168764533,request_rescan,0.745614
7492,7492,0.9433333333333334,0.00998645168764533,discard,0.745717
7493,7493,0.9433333333333334,0.00998645168764533,request_rescan,0.745834
7494,7494,0.9433333333333334,0.00998645168764533,request_rescan,0.745933
7495,7495,0.9433333333333334,0.00998645168764533,discard,0.746031
7496,7496,0.9433333333333334,0.00998645168764533,discard,0.746143
7497,7497,0.9433333333333334,0.00998645168764533,request_rescan,0.746248
7498,7498,0.9433333333333334,0.00998645168764533,discard,0.746345
7499,7499,0.9433333333333334,0.00998645168764533,discard,0.74644
7500,7500,0.9433333333333334,0.00998645168764533,request_rescan,0.746541
7501,7501,0.9433333333333334,0.00998645168764533,discard,0.746725
7502,7502,0.9433333333333334,0.00998645168764533,request_rescan,0.746834
7503,7503,0.9433333333333334,0.00998645168764533,discard,0.746936
7504,7504,0.9433333333333334,0.00998645168764533,request_rescan,0.747033
7505,7505,0.9433333333333334,0.00998645168764533,request_rescan,0.747131
7506,7506,0.9433333333333334,0.00998645168764533,discard,0.74723
7507,7507,0.76,0.00998645168764533,log_and_continue,0.747334
7508,7508,0.9433333333333334,0.00998645168764533,request_rescan,0.747435
7509,7509,0.9433333333333334,0.00998645168764533,request_rescan,0.74754
7510,7510,0.9433333333333334,0.00998645168764533,discard,0.747642
7511,7511,0.9433333333333334,0.00998645168764533,request_rescan,0.74774
7512,7512,0.9433333333333334,0.00998645168764533,discard,0.747837
7513,7513,0.9433333333333334,0.00998645168764533,discard,0.747933
7514,7514,0.9433333333333334,0.00998645168764533,discard,0.748027
7515,7515,0.9433333333333334,0.00998645168764533,request_rescan,0.748138
7516,7516,0.9433333333333334,0.00998645168764533,request_rescan,0.748244
7517,7517,0.9433333333333334,0.00998645168764533,request_rescan,0.74834
7518,7518,0.9433333333333334,0.00998645168764533,request_rescan,0.748435
7519,7519,0.9433333333333334,0.00998645168764533,request_rescan,0.748532
7520,7520,0.9433333333333334,0.00998645168764533,request_rescan,0.748628
7521,7521,0.9433333333333334,0.00998645168764533,request_rescan,0.748742
7522,7522,0.9433333333333334,0.00998645168764533,request_rescan,0.748836
7523,7523,0.9433333333333334,0.00998645168764533,request_rescan,0.74893
7524,7524,0.9433333333333334,0.00998645168764533,request_rescan,0.749026
7525,7525,0.9433333333333334,0.00998645168764533,request_rescan,0.749123
7526,7526,0.9433333333333334,0.00998645168764533,request_rescan,0.749219
7527,7527,0.9433333333333334,0.00998645168764533,request_rescan,0.749315
7528,7528,0.9433333333333334,0.00998645168764533,discard,0.749412
7529,7529,0.9433333333333334,0.00998645168764533,request_rescan,0.749507
7530,7530,0.9433333333333334,0.00998645168764533,discard,0.749604
7531,7531,0.9433333333333334,0.00998645168764533,request_rescan,0.749704
7532,7532,0.9433333333333334,0.00998645168764533,discard,0.7498
7533,7533,0.9433333333333334,0.00998645168764533,discard,0.749898
7534,7534,0.9433333333333334,0.00998645168764533,discard,0.749995
7535,7535,0.9433333333333334,0.00998645168764533,discard,0.750091
7536,7536,0.9433333333333334,0.00998645168764533,request_rescan,0.750186
7537,7537,0.9433333333333334,0.00998645168764533,discard,0.750286
7538,7538,0.9433333333333334,0.00998645168764533,request_rescan,0.750383
7539,7539,0.9433333333333334,0.00998645168764533,request_rescan,0.750482
7540,7540,0.9433333333333334,0.00998645168764533,discard,0.750578
7541,7541,0.9433333333333334,0.00998645168764533,request_rescan,0.750673
7542,7542,0.9433333333333334,0.00998645168764533,request_rescan,0.750769
7543,7543,0.9433333333333334,0.00998645168764533,request_rescan,0.750866
7544,7544,0.9433333333333334,0.00998645168764533,discard,0.75096
7545,7545,0.9433333333333334,0.00998645168764533,request_rescan,0.751059
7546,7546,0.9433333333333334,0.00998645168764533,request_rescan,0.751157
7547,7547,0.9433333333333334,0.00998645168764533,request_rescan,0.751251
7548,7548,0.9433333333333334,0.00998645168764533,discard,0.751347
7549,7549,0.9433333333333334,0.00998645168764533,request_rescan,0.751443
7550,7550,0.9433333333333334,0.00998645168764533,discard,0.751545
7551,7551,0.9433333333333334,0.00998645168764533,request_rescan,0.751642
7552,7552,0.9433333333333334,0.00998645168764533,discard,0.751737
7553,7553,0.9433333333333334,0.00998645168764533,discard,0.751834
7554,7554,0.9433333333333334,0.00998645168764533,discard,0.751929
7555,7555,0.9433333333333334,0.00998645168764533,discard,0.752024
7556,7556,0.9433333333333334,0.00998645168764533,request_rescan,0.752121
7557,7557,0.9433333333333334,0.00998645168764533,discard,0.752217
7558,7558,0.9433333333333334,0.00998645168764533,request_rescan,0.752314
7559,7559,0.9433333333333334,0.00998645168764533,request_rescan,0.752412
7560,7560,0.9433333333333334,0.00998645168764533,request_rescan,0.752507
7561,7561,0.9433333333333334,0.00998645168764533,request_rescan,0.752601
7562,7562,0.9433333333333334,0.00998645168764533,discard,0.752694
7563,7563,0.9433333333333334,0.00998645168764533,discard,0.752786
7564,7564,0.9433333333333334,0.00998645168764533,discard,0.752885
7565,7565,0.9433333333333334,0.00998645168764533,request_rescan,0.752983
7566,7566,0.9433333333333334,0.00998645168764533,discard,0.753079
7567,7567,0.9433333333333334,0.00998645168764533,request_rescan,0.753176
7568,7568,0.9433333333333334,0.00998645168764533,discard,0.753271
7569,7569,0.9433333333333334,0.00998645168764533,request_rescan,0.753365
7570,7570,0.9433333333333334,0.00998645168764533,discard,0.753467
7571,7571,0.9433333333333334,0.00998645168764533,request_rescan,0.753566
7572,7572,0.9433333333333334,0.00998645168764533,request_rescan,0.753661
7573,7573,0.9433333333333334,0.00998645168764533,discard,0.753754
7574,7574,0.9433333333333334,0.00998645168764533,discard,0.753851
7575,7575,0.9433333333333334,0.00998645168764533,request_rescan,0.753945
7576,7576,0.9433333333333334,0.00998645168764533,discard,0.754037
7577,7577,0.9433333333333334,0.00998645168764533,discard,0.754131
7578,7578,0.9433333333333334,0.00998645168764533,request_rescan,0.754223
7579,7579,0.9433333333333334,0.00998645168764533,request_rescan,0.754319
7580,7580,0.9433333333333334,0.00998645168764533,request_rescan,0.754418
7581,7581,0.9433333333333334,0.00998645168764533,discard,0.754522
7582,7582,0.9433333333333334,0.00998645168764533,discard,0.754618
7583,7583,0.9433333333333334,0.00998645168764533,request_rescan,0.754716
7584,7584,0.9433333333333334,0.00998645168764533,discard,0.754816
7585,7585,0.9433333333333334,0.00998645168764533,discard,0.754919
7586,7586,0.9433333333333334,0.00998645168764533,request_rescan,0.755021
7587,7587,0.9433333333333334,0.00998645168764533,request_rescan,0.755121
7588,7588,0.9433333333333334,0.00998645168764533,request_rescan,0.755218
7589,7589,0.9433333333333334,0.00998645168764533,request_rescan,0.755314
7590,7590,0.9433333333333334,0.00998645168764533,request_rescan,0.755409
7591,7591,0.9433333333333334,0.00998645168764533,discard,0.75551
7592,7592,0.9433333333333334,0.00998645168764533,discard,0.755609
7593,7593,0.9433333333333334,0.00998645168764533,request_rescan,0.755708
7594,7594,0.9433333333333334,0.00998645168764533,discard,0.755805
7595,7595,0.9433333333333334,0.00998645168764533,discard,0.755899
7596,7596,0.9433333333333334,0.00998645168764533,discard,0.755994
7597,7597,0.9433333333333334,0.00998645168764533,discard,0.756088
7598,7598,0.9433333333333334,0.00998645168764533,discard,0.756184
7599,7599,0.9433333333333334,0.00998645168764533,discard,0.756283
7600,7600,0.9433333333333334,0.00998645168764533,request_rescan,0.756382
7601,7601,0.9433333333333334,0.00998645168764533,request_rescan,0.75653
7602,7602,0.9433333333333334,0.00998645168764533,request_rescan,0.756649
7603,7603,0.9433333333333334,0.00998645168764533,discard,0.756747
7604,7604,0.9433333333333334,0.00998645168764533,discard,0.75684
7605,7605,0.9433333333333334,0.00998645168764533,discard,0.756937
7606,7606,0.9433333333333334,0.00998645168764533,request_rescan,0.757032
7607,7607,0.9433333333333334,0.00998645168764533,request_rescan,0.757131
7608,7608,0.9433333333333334,0.00998645168764533,discard,0.757228
7609,7609,0.9433333333333334,0.00998645168764533,request_rescan,0.757324
7610,7610,0.9433333333333334,0.00998645168764533,request_rescan,0.75742
7611,7611,0.9433333333333334,0.00998645168764533,request_rescan,0.757519
7612,7612,0.9433333333333334,0.00998645168764533,request_rescan,0.757614
7613,7613,0.9433333333333334,0.00998645168764533,discard,0.757713
7614,7614,0.9433333333333334,0.00998645168764533,discard,0.75785
7615,7615,0.9433333333333334,0.00998645168764533,request_rescan,0.757949
7616,7616,0.9433333333333334,0.00998645168764533,discard,0.758044
7617,7617,0.9433333333333334,0.00998645168764533,request_rescan,0.75814
7618,7618,0.9433333333333334,0.00998645168764533,discard,0.758232
7619,7619,0.9433333333333334,0.00998645168764533,request_rescan,0.758327
7620,7620,0.9433333333333334,0.00998645168764533,discard,0.758424
7621,7621,0.9433333333333334,0.00998645168764533,discard,0.758531
7622,7622,0.9433333333333334,0.00998645168764533,discard,0.758633
7623,7623,0.9433333333333334,0.00998645168764533,request_rescan,0.758732
7624,7624,0.9433333333333334,0.00998645168764533,discard,0.758829
7625,7625,0.9433333333333334,0.00998645168764533,request_rescan,0.758927
7626,7626,0.9433333333333334,0.00998645168764533,request_rescan,0.759022
7627,7627,0.9433333333333334,0.00998645168764533,request_rescan,0.75912
7628,7628,0.9433333333333334,0.00998645168764533,request_rescan,0.759219
7629,7629,0.9433333333333334,0.00998645168764533,request_rescan,0.759315
7630,7630,0.9433333333333334,0.00998645168764533,discard,0.759412
7631,7631,0.9433333333333334,0.00998645168764533,discard,0.759509
7632,7632,0.9433333333333334,0.00998645168764533,request_rescan,0.759608
7633,7633,0.9433333333333334,0.00998645168764533,request_rescan,0.759704
7634,7634,0.9433333333333334,0.00998645168764533,request_rescan,0.759799
7635,7635,0.9433333333333334,0.00998645168764533,discard,0.759898
7636,7636,0.9433333333333334,0.00998645168764533,discard,0.759996
7637,7637,0.9433333333333334,0.00998645168764533,request_rescan,0.760091
7638,7638,0.9433333333333334,0.00998645168764533,request_rescan,0.760187
7639,7639,0.9433333333333334,0.00998645168764533,request_rescan,0.760283
7640,7640,0.9433333333333334,0.00998645168764533,request_rescan,0.760376
7641,7641,0.9433333333333334,0.00998645168764533,request_rescan,0.760474
7642,7642,0.9433333333333334,0.00998645168764533,request_rescan,0.760574
7643,7643,0.9433333333333334,0.00998645168764533,discard,0.760671
7644,7644,0.9433333333333334,0.00998645168764533,request_rescan,0.760767
7645,7645,0.9433333333333334,0.00998645168764533,discard,0.760865
7646,7646,0.9433333333333334,0.00998645168764533,request_rescan,0.760959
7647,7647,0.9433333333333334,0.00998645168764533,request_rescan,0.761053
7648,7648,0.9433333333333334,0.00998645168764533,request_rescan,0.761146
7649,7649,0.9433333333333334,0.00998645168764533,request_rescan,0.761237
7650,7650,0.9433333333333334,0.00998645168764533,discard,0.761333
7651,7651,0.9433333333333334,0.00998645168764533,request_rescan,0.761427
7652,7652,0.9433333333333334,0.00998645168764533,request_rescan,0.761525
7653,7653,0.9433333333333334,0.00998645168764533,request_rescan,0.76162
7654,7654,0.9433333333333334,0.00998645168764533,request_rescan,0.761712
7655,7655,0.9433333333333334,0.00998645168764533,discard,0.76181
7656,7656,0.9433333333333334,0.00998645168764533,request_rescan,0.761902
7657,7657,0.9433333333333334,0.00998645168764533,discard,0.762018
7658,7658,0.9433333333333334,0.00998645168764533,discard,0.762122
7659,7659,0.9433333333333334,0.00998645168764533,request_rescan,0.762221
7660,7660,0.9433333333333334,0.00998645168764533,request_rescan,0.762316
7661,7661,0.9433333333333334,0.00998645168764533,discard,0.762425
7662,7662,0.9433333333333334,0.00998645168764533,request_rescan,0.762543
7663,7663,0.9433333333333334,0.00998645168764533,request_rescan,0.76264
7664,7664,0.9433333333333334,0.00998645168764533,request_rescan,0.762736
7665,7665,0.9433333333333334,0.00998645168764533,discard,0.762845
7666,7666,0.9433333333333334,0.00998645168764533,request_rescan,0.762946
7667,7667,0.9433333333333334,0.00998645168764533,discard,0.763045
7668,7668,0.9433333333333334,0.00998645168764533,discard,0.763141
7669,7669,0.9433333333333334,0.00998645168764533,request_rescan,0.763237
7670,7670,0.9433333333333334,0.00998645168764533,request_rescan,0.763331
7671,7671,0.9433333333333334,0.00998645168764533,request_rescan,0.763425
7672,7672,0.9433333333333334,0.00998645168764533,request_rescan,0.763526
7673,7673,0.9433333333333334,0.00998645168764533,request_rescan,0.763624
7674,7674,0.9433333333333334,0.00998645168764533,discard,0.763721
7675,7675,0.9433333333333334,0.00998645168764533,request_rescan,0.763816
7676,7676,0.9433333333333334,0.00998645168764533,discard,0.763908
7677,7677,0.9433333333333334,0.00998645168764533,discard,0.764001
7678,7678,0.9433333333333334,0.00998645168764533,discard,0.764093
7679,7679,0.9433333333333334,0.00998645168764533,discard,0.764183
7680,7680,0.9433333333333334,0.00998645168764533,discard,0.764282
7681,7681,0.9433333333333334,0.00998645168764533,discard,0.76438
7682,7682,0.9433333333333334,0.00998645168764533,request_rescan,0.764481
7683,7683,0.9433333333333334,0.00998645168764533,discard,0.764574
7684,7684,0.9433333333333334,0.00998645168764533,request_rescan,0.764668
7685,7685,0.9433333333333334,0.00998645168764533,discard,0.764762
7686,7686,0.9433333333333334,0.00998645168764533,discard,0.764868
7687,7687,0.9433333333333334,0.00998645168764533,request_rescan,0.764967
7688,7688,0.9433333333333334,0.00998645168764533,discard,0.765085
7689,7689,0.9433333333333334,0.00998645168764533,discard,0.765187
7690,7690,0.9433333333333334,0.00998645168764533,request_rescan,0.765288
7691,7691,0.9433333333333334,0.00998645168764533,discard,0.765385
7692,7692,0.9433333333333334,0.00998645168764533,discard,0.765489
7693,7693,0.9433333333333334,0.00998645168764533,request_rescan,0.765586
7694,7694,0.9433333333333334,0.00998645168764533,request_rescan,0.765684
7695,7695,0.9433333333333334,0.00998645168764533,request_rescan,0.765787
7696,7696,0.9433333333333334,0.00998645168764533,request_rescan,0.765885
7697,7697,0.9433333333333334,0.00998645168764533,request_rescan,0.765985
7698,7698,0.9433333333333334,0.00998645168764533,discard,0.76609
7699,7699,0.9433333333333334,0.00998645168764533,request_rescan,0.766184
7700,7700,0.9433333333333334,0.00998645168764533,request_rescan,0.766281
7701,7701,0.9433333333333334,0.00998645168764533,discard,0.766461
7702,7702,0.9433333333333334,0.00998645168764533,discard,0.766584
7703,7703,0.9433333333333334,0.00998645168764533,discard,0.766713
7704,7704,0.9433333333333334,0.00998645168764533,request_rescan,0.766844
7705,7705,0.9433333333333334,0.00998645168764533,discard,0.766954
7706,7706,0.9433333333333334,0.00998645168764533,discard,0.767058
7707,7707,0.9433333333333334,0.00998645168764533,discard,0.767162
7708,7708,0.9433333333333334,0.00998645168764533,discard,0.767263
7709,7709,0.9433333333333334,0.00998645168764533,request_rescan,0.767367
7710,7710,0.9433333333333334,0.00998645168764533,discard,0.767473
7711,7711,0.9433333333333334,0.00998645168764533,request_rescan,0.767574
7712,7712,0.9433333333333334,0.00998645168764533,request_rescan,0.767671
7713,7713,0.9433333333333334,0.00998645168764533,request_rescan,0.767765
7714,7714,0.9433333333333334,0.00998645168764533,discard,0.767864
7715,7715,0.9433333333333334,0.00998645168764533,discard,0.767964
7716,7716,0.9433333333333334,0.00998645168764533,discard,0.768063
7717,7717,0.9433333333333334,0.00998645168764533,discard,0.768161
7718,7718,0.9433333333333334,0.00998645168764533,request_rescan,0.768262
7719,7719,0.9433333333333334,0.00998645168764533,request_rescan,0.768365
7720,7720,0.9433333333333334,0.00998645168764533,request_rescan,0.768472
7721,7721,0.9433333333333334,0.00998645168764533,discard,0.768572
7722,7722,0.9433333333333334,0.00998645168764533,request_rescan,0.768673
7723,7723,0.9433333333333334,0.00998645168764533,discard,0.768775
7724,7724,0.9433333333333334,0.00998645168764533,discard,0.768873
7725,7725,0.9433333333333334,0.00998645168764533,request_rescan,0.768973
7726,7726,0.9433333333333334,0.00998645168764533,request_rescan,0.76907
7727,7727,0.9433333333333334,0.00998645168764533,request_rescan,0.769169
7728,7728,0.9433333333333334,0.00998645168764533,request_rescan,0.769264
7729,7729,0.9433333333333334,0.00998645168764533,discard,0.769362
7730,7730,0.9433333333333334,0.00998645168764533,discard,0.769461
7731,7731,0.9433333333333334,0.00998645168764533,discard,0.769553
7732,7732,0.9433333333333334,0.00998645168764533,discard,0.769649
7733,7733,0.9433333333333334,0.00998645168764533,request_rescan,0.769748
7734,7734,0.9433333333333334,0.00998645168764533,discard,0.769847
7735,7735,0.9433333333333334,0.00998645168764533,discard,0.769944
7736,7736,0.9433333333333334,0.00998645168764533,request_rescan,0.770042
7737,7737,0.9433333333333334,0.00998645168764533,discard,0.770145
7738,7738,0.9433333333333334,0.00998645168764533,discard,0.770243
7739,7739,0.9433333333333334,0.00998645168764533,request_rescan,0.770346
7740,7740,0.9433333333333334,0.00998645168764533,discard,0.770445
7741,7741,0.9433333333333334,0.00998645168764533,request_rescan,0.770547
7742,7742,0.9433333333333334,0.00998645168764533,discard,0.770643
7743,7743,0.9433333333333334,0.00998645168764533,request_rescan,0.770741
7744,7744,0.9433333333333334,0.00998645168764533,request_rescan,0.770843
7745,7745,0.9433333333333334,0.00998645168764533,discard,0.770944
7746,7746,0.9433333333333334,0.00998645168764533,discard,0.771041
7747,7747,0.9433333333333334,0.00998645168764533,request_rescan,0.771138
7748,7748,0.9433333333333334,0.00998645168764533,discard,0.771237
7749,7749,0.9433333333333334,0.00998645168764533,discard,0.771339
7750,7750,0.9433333333333334,0.00998645168764533,request_rescan,0.771433
7751,7751,0.9433333333333334,0.00998645168764533,discard,0.771533
7752,7752,0.9433333333333334,0.00998645168764533,request_rescan,0.771632
7753,7753,0.9433333333333334,0.00998645168764533,discard,0.771737
7754,7754,0.9433333333333334,0.00998645168764533,discard,0.771839
7755,7755,0.9433333333333334,0.00998645168764533,discard,0.771938
7756,7756,0.9433333333333334,0.00998645168764533,request_rescan,0.772035
7757,7757,0.9433333333333334,0.00998645168764533,discard,0.772133
7758,7758,0.9433333333333334,0.00998645168764533,request_rescan,0.772231
7759,7759,0.9433333333333334,0.00998645168764533,discard,0.77233
7760,7760,0.9433333333333334,0.00998645168764533,request_rescan,0.772431
7761,7761,0.9433333333333334,0.00998645168764533,request_rescan,0.772532
7762,7762,0.9433333333333334,0.00998645168764533,request_rescan,0.772628
7763,7763,0.9433333333333334,0.00998645168764533,request_rescan,0.772723
7764,7764,0.9433333333333334,0.00998645168764533,request_rescan,0.772816
7765,7765,0.9433333333333334,0.00998645168764533,request_rescan,0.772911
7766,7766,0.6633333333333333,0.00998645168764533,log_and_continue,0.773022
7767,7767,0.9433333333333334,0.00998645168764533,request_rescan,0.773123
7768,7768,0.9433333333333334,0.00998645168764533,request_rescan,0.773223
7769,7769,0.9433333333333334,0.00998645168764533,discard,0.773321
7770,7770,0.9433333333333334,0.00998645168764533,discard,0.773415
7771,7771,0.9433333333333334,0.00998645168764533,request_rescan,0.773512
7772,7772,0.9433333333333334,0.00998645168764533,request_rescan,0.773608
7773,7773,0.9433333333333334,0.00998645168764533,discard,0.773707
7774,7774,0.9433333333333334,0.00998645168764533,discard,0.773805
7775,7775,0.9433333333333334,0.00998645168764533,request_rescan,0.7739
7776,7776,0.9433333333333334,0.00998645168764533,request_rescan,0.773993
7777,7777,0.9433333333333334,0.00998645168764533,discard,0.774095
7778,7778,0.9433333333333334,0.00998645168764533,request_rescan,0.774195
7779,7779,0.9433333333333334,0.00998645168764533,request_rescan,0.774292
7780,7780,0.9433333333333334,0.00998645168764533,discard,0.77439
7781,7781,0.9433333333333334,0.00998645168764533,request_rescan,0.774526
7782,7782,0.9433333333333334,0.00998645168764533,discard,0.774619
7783,7783,0.9433333333333334,0.00998645168764533,discard,0.774714
7784,7784,0.9433333333333334,0.00998645168764533,request_rescan,0.774808
7785,7785,0.9433333333333334,0.00998645168764533,discard,0.774908
7786,7786,0.9433333333333334,0.00998645168764533,discard,0.775008
7787,7787,0.9433333333333334,0.00998645168764533,request_rescan,0.775103
7788,7788,0.9433333333333334,0.00998645168764533,request_rescan,0.775201
7789,7789,0.9433333333333334,0.00998645168764533,request_rescan,0.775298
7790,7790,0.9433333333333334,0.00998645168764533,request_rescan,0.7754
7791,7791,0.9433333333333334,0.00998645168764533,discard,0.775507
7792,7792,0.9433333333333334,0.00998645168764533,request_rescan,0.775605
7793,7793,0.9433333333333334,0.00998645168764533,request_rescan,0.775701
7794,7794,0.9433333333333334,0.00998645168764533,discard,0.775799
7795,7795,0.9433333333333334,0.00998645168764533,discard,0.775894
7796,7796,0.9433333333333334,0.00998645168764533,request_rescan,0.775989
7797,7797,0.9433333333333334,0.00998645168764533,request_rescan,0.776084
7798,7798,0.9433333333333334,0.00998645168764533,request_rescan,0.776181
7799,7799,0.9433333333333334,0.00998645168764533,discard,0.776279
7800,7800,0.9433333333333334,0.00998645168764533,discard,0.776378
7801,7801,0.9433333333333334,0.00998645168764533,request_rescan,0.776514
7802,7802,0.6633333333333333,0.00998645168764533,log_and_continue,0.776616
7803,7803,0.9433333333333334,0.00998645168764533,request_rescan,0.776716
7804,7804,0.9433333333333334,0.00998645168764533,discard,0.776823
7805,7805,0.9433333333333334,0.00998645168764533,discard,0.77692
7806,7806,0.9433333333333334,0.00998645168764533,discard,0.777018
7807,7807,0.9433333333333334,0.00998645168764533,discard,0.777123
7808,7808,0.9433333333333334,0.00998645168764533,discard,0.77722
7809,7809,0.9433333333333334,0.00998645168764533,request_rescan,0.777327
7810,7810,0.9433333333333334,0.00998645168764533,request_rescan,0.777447
7811,7811,0.9433333333333334,0.00998645168764533,request_rescan,0.777555
7812,7812,0.9433333333333334,0.00998645168764533,discard,0.777647
7813,7813,0.9433333333333334,0.00998645168764533,discard,0.777743
7814,7814,0.9433333333333334,0.00998645168764533,discard,0.777839
7815,7815,0.9433333333333334,0.00998645168764533,discard,0.777932
7816,7816,0.9433333333333334,0.00998645168764533,request_rescan,0.778029
7817,7817,0.9433333333333334,0.00998645168764533,request_rescan,0.778126
7818,7818,0.9433333333333334,0.00998645168764533,discard,0.778223
7819,7819,0.9433333333333334,0.00998645168764533,discard,0.778321
7820,7820,0.9433333333333334,0.00998645168764533,request_rescan,0.778414
7821,7821,0.9433333333333334,0.00998645168764533,request_rescan,0.778512
7822,7822,0.9433333333333334,0.00998645168764533,request_rescan,0.77861
7823,7823,0.9433333333333334,0.00998645168764533,discard,0.77873
7824,7824,0.9433333333333334,0.00998645168764533,discard,0.778835
7825,7825,0.9433333333333334,0.00998645168764533,discard,0.778933
7826,7826,0.9433333333333334,0.00998645168764533,discard,0.779031
7827,7827,0.9433333333333334,0.00998645168764533,discard,0.779143
7828,7828,0.9433333333333334,0.00998645168764533,request_rescan,0.779242
7829,7829,0.9433333333333334,0.00998645168764533,request_rescan,0.779341
7830,7830,0.9433333333333334,0.00998645168764533,discard,0.779437
7831,7831,0.9433333333333334,0.00998645168764533,discard,0.779557
7832,7832,0.9433333333333334,0.00998645168764533,discard,0.779659
7833,7833,0.9433333333333334,0.00998645168764533,request_rescan,0.779763
7834,7834,0.9433333333333334,0.00998645168764533,discard,0.77986
7835,7835,0.9433333333333334,0.00998645168764533,discard,0.779961
7836,7836,0.9433333333333334,0.00998645168764533,discard,0.780062
7837,7837,0.9433333333333334,0.00998645168764533,request_rescan,0.780169
7838,7838,0.9433333333333334,0.00998645168764533,request_rescan,0.78027
7839,7839,0.9433333333333334,0.00998645168764533,discard,0.780372
7840,7840,0.9433333333333334,0.00998645168764533,request_rescan,0.78047
7841,7841,0.9433333333333334,0.00998645168764533,request_rescan,0.780566
7842,7842,0.9433333333333334,0.00998645168764533,request_rescan,0.780662
7843,7843,0.9433333333333334,0.00998645168764533,request_rescan,0.780755
7844,7844,0.9433333333333334,0.00998645168764533,request_rescan,0.780848
7845,7845,0.9433333333333334,0.00998645168764533,request_rescan,0.780944
7846,7846,0.9433333333333334,0.00998645168764533,request_rescan,0.781042
7847,7847,0.9433333333333334,0.00998645168764533,request_rescan,0.781136
7848,7848,0.9433333333333334,0.00998645168764533,discard,0.781247
7849,7849,0.9433333333333334,0.00998645168764533,discard,0.78134
7850,7850,0.9433333333333334,0.00998645168764533,discard,0.781433
7851,7851,0.9433333333333334,0.00998645168764533,discard,0.781535
7852,7852,0.9433333333333334,0.00998645168764533,discard,0.781629
7853,7853,0.9433333333333334,0.00998645168764533,request_rescan,0.781724
7854,7854,0.9433333333333334,0.00998645168764533,discard,0.781823
7855,7855,0.9433333333333334,0.00998645168764533,request_rescan,0.781924
7856,7856,0.9433333333333334,0.00998645168764533,request_rescan,0.782024
7857,7857,0.9433333333333334,0.00998645168764533,discard,0.782121
7858,7858,0.9433333333333334,0.00998645168764533,request_rescan,0.782216
7859,7859,0.9433333333333334,0.00998645168764533,request_rescan,0.782308
7860,7860,0.9433333333333334,0.00998645168764533,discard,0.782407
7861,7861,0.9433333333333334,0.00998645168764533,discard,0.782529
7862,7862,0.9433333333333334,0.00998645168764533,request_rescan,0.782657
7863,7863,0.9433333333333334,0.00998645168764533,discard,0.782759
7864,7864,0.9433333333333334,0.00998645168764533,request_rescan,0.782854
7865,7865,0.9433333333333334,0.00998645168764533,discard,0.78295
7866,7866,0.9433333333333334,0.00998645168764533,request_rescan,0.783048
7867,7867,0.9433333333333334,0.00998645168764533,request_rescan,0.783142
7868,7868,0.9433333333333334,0.00998645168764533,discard,0.783245
7869,7869,0.9433333333333334,0.00998645168764533,request_rescan,0.783348
7870,7870,0.9433333333333334,0.00998645168764533,discard,0.783447
7871,7871,0.9433333333333334,0.00998645168764533,request_rescan,0.783548
7872,7872,0.9433333333333334,0.00998645168764533,request_rescan,0.783642
7873,7873,0.9433333333333334,0.00998645168764533,discard,0.78374
7874,7874,0.9433333333333334,0.00998645168764533,discard,0.783841
7875,7875,0.9433333333333334,0.00998645168764533,discard,0.783942
7876,7876,0.9433333333333334,0.00998645168764533,discard,0.78404
7877,7877,0.9433333333333334,0.00998645168764533,discard,0.784137
7878,7878,0.9433333333333334,0.00998645168764533,request_rescan,0.784233
7879,7879,0.9433333333333334,0.00998645168764533,request_rescan,0.784329
7880,7880,0.9433333333333334,0.00998645168764533,discard,0.784423
7881,7881,0.9433333333333334,0.00998645168764533,request_rescan,0.784525
7882,7882,0.9433333333333334,0.00998645168764533,discard,0.784622
7883,7883,0.6633333333333333,0.00998645168764533,log_and_continue,0.784725
7884,7884,0.9433333333333334,0.00998645168764533,request_rescan,0.784822
7885,7885,0.9433333333333334,0.00998645168764533,request_rescan,0.784919
7886,7886,0.9433333333333334,0.00998645168764533,request_rescan,0.78502
7887,7887,0.9433333333333334,0.00998645168764533,request_rescan,0.785117
7888,7888,0.9433333333333334,0.00998645168764533,discard,0.785214
7889,7889,0.9433333333333334,0.00998645168764533,discard,0.785311
7890,7890,0.9433333333333334,0.00998645168764533,request_rescan,0.785406
7891,7891,0.9433333333333334,0.00998645168764533,request_rescan,0.785503
7892,7892,0.9433333333333334,0.00998645168764533,request_rescan,0.785601
7893,7893,0.9433333333333334,0.00998645168764533,request_rescan,0.785701
7894,7894,0.9433333333333334,0.00998645168764533,discard,0.7858
7895,7895,0.9433333333333334,0.00998645168764533,discard,0.785896
7896,7896,0.9433333333333334,0.00998645168764533,request_rescan,0.785994
7897,7897,0.9433333333333334,0.00998645168764533,discard,0.786091
7898,7898,0.9433333333333334,0.00998645168764533,discard,0.786187
7899,7899,0.9433333333333334,0.00998645168764533,request_rescan,0.786287
7900,7900,0.9433333333333334,0.00998645168764533,request_rescan,0.786382
7901,7901,0.9433333333333334,0.00998645168764533,discard,0.786515
7902,7902,0.9433333333333334,0.00998645168764533,discard,0.786611
7903,7903,0.9433333333333334,0.00998645168764533,request_rescan,0.786704
7904,7904,0.9433333333333334,0.00998645168764533,request_rescan,0.786797
7905,7905,0.9433333333333334,0.00998645168764533,discard,0.786896
7906,7906,0.9433333333333334,0.00998645168764533,request_rescan,0.78699
7907,7907,0.9433333333333334,0.00998645168764533,request_rescan,0.787084
7908,7908,0.9433333333333334,0.00998645168764533,discard,0.787183
7909,7909,0.9433333333333334,0.00998645168764533,discard,0.787281
7910,7910,0.9433333333333334,0.00998645168764533,request_rescan,0.787375
7911,7911,0.9433333333333334,0.00998645168764533,discard,0.787474
7912,7912,0.9433333333333334,0.00998645168764533,discard,0.787568
7913,7913,0.9433333333333334,0.00998645168764533,request_rescan,0.787663
7914,7914,0.9433333333333334,0.00998645168764533,discard,0.787754
7915,7915,0.9433333333333334,0.00998645168764533,discard,0.78785
7916,7916,0.9433333333333334,0.00998645168764533,request_rescan,0.787942
7917,7917,0.9433333333333334,0.00998645168764533,request_rescan,0.788033
7918,7918,0.9433333333333334,0.00998645168764533,discard,0.788131
7919,7919,0.9433333333333334,0.00998645168764533,discard,0.788227
7920,7920,0.9433333333333334,0.00998645168764533,request_rescan,0.788322
7921,7921,0.9433333333333334,0.00998645168764533,request_rescan,0.788416
7922,7922,0.9433333333333334,0.00998645168764533,discard,0.78852
7923,7923,0.9433333333333334,0.00998645168764533,request_rescan,0.788614
7924,7924,0.9433333333333334,0.00998645168764533,discard,0.788707
7925,7925,0.9433333333333334,0.00998645168764533,request_rescan,0.788799
7926,7926,0.9433333333333334,0.00998645168764533,request_rescan,0.788894
7927,7927,0.9433333333333334,0.00998645168764533,request_rescan,0.788986
7928,7928,0.9433333333333334,0.00998645168764533,discard,0.789081
7929,7929,0.9433333333333334,0.00998645168764533,request_rescan,0.789178
7930,7930,0.9433333333333334,0.00998645168764533,request_rescan,0.789273
7931,7931,0.9433333333333334,0.00998645168764533,discard,0.789371
7932,7932,0.9433333333333334,0.00998645168764533,discard,0.789478
7933,7933,0.9433333333333334,0.00998645168764533,request_rescan,0.789575
7934,7934,0.9433333333333334,0.00998645168764533,discard,0.789673
7935,7935,0.9433333333333334,0.00998645168764533,discard,0.789768
7936,7936,0.9433333333333334,0.00998645168764533,request_rescan,0.789868
7937,7937,0.9433333333333334,0.00998645168764533,discard,0.789965
7938,7938,0.9433333333333334,0.00998645168764533,request_rescan,0.790061
7939,7939,0.9433333333333334,0.00998645168764533,discard,0.790158
7940,7940,0.9433333333333334,0.00998645168764533,request_rescan,0.790253
7941,7941,0.9433333333333334,0.00998645168764533,request_rescan,0.790349
7942,7942,0.9433333333333334,0.00998645168764533,discard,0.790446
7943,7943,0.9433333333333334,0.00998645168764533,discard,0.790543
7944,7944,0.9433333333333334,0.00998645168764533,discard,0.790645
7945,7945,0.9433333333333334,0.00998645168764533,discard,0.790743
7946,7946,0.9433333333333334,0.00998645168764533,discard,0.790835
7947,7947,0.9433333333333334,0.00998645168764533,discard,0.790927
7948,7948,0.9433333333333334,0.00998645168764533,discard,0.791023
7949,7949,0.9433333333333334,0.00998645168764533,discard,0.79115
7950,7950,0.9433333333333334,0.00998645168764533,discard,0.791246
7951,7951,0.9433333333333334,0.00998645168764533,request_rescan,0.791342
7952,7952,0.9433333333333334,0.00998645168764533,request_rescan,0.791437
7953,7953,0.9433333333333334,0.00998645168764533,request_rescan,0.791538
7954,7954,0.9433333333333334,0.00998645168764533,discard,0.791634
7955,7955,0.9433333333333334,0.00998645168764533,request_rescan,0.791728
7956,7956,0.9433333333333334,0.00998645168764533,discard,0.791826
7957,7957,0.9433333333333334,0.00998645168764533,discard,0.791924
7958,7958,0.9433333333333334,0.00998645168764533,request_rescan,0.792017
7959,7959,0.9433333333333334,0.00998645168764533,request_rescan,0.792111
7960,7960,0.9433333333333334,0.00998645168764533,discard,0.792205
7961,7961,0.9433333333333334,0.00998645168764533,discard,0.792299
7962,7962,0.9433333333333334,0.00998645168764533,discard,0.792397
7963,7963,0.9433333333333334,0.00998645168764533,request_rescan,0.792498
7964,7964,0.9433333333333334,0.00998645168764533,discard,0.792594
7965,7965,0.9433333333333334,0.00998645168764533,request_rescan,0.792689
7966,7966,0.9433333333333334,0.00998645168764533,request_rescan,0.792783
7967,7967,0.9433333333333334,0.00998645168764533,discard,0.792878
7968,7968,0.9433333333333334,0.00998645168764533,discard,0.792969
7969,7969,0.9433333333333334,0.00998645168764533,discard,0.793064
7970,7970,0.9433333333333334,0.00998645168764533,discard,0.793156
7971,7971,0.9433333333333334,0.00998645168764533,request_rescan,0.79325
7972,7972,0.9433333333333334,0.00998645168764533,discard,0.793346
7973,7973,0.9433333333333334,0.00998645168764533,request_rescan,0.793443
7974,7974,0.9433333333333334,0.00998645168764533,discard,0.793545
7975,7975,0.9433333333333334,0.00998645168764533,discard,0.793636
7976,7976,0.9433333333333334,0.00998645168764533,discard,0.793728
7977,7977,0.9433333333333334,0.00998645168764533,discard,0.793823
7978,7978,0.9433333333333334,0.00998645168764533,discard,0.793921
7979,7979,0.9433333333333334,0.00998645168764533,discard,0.794017
7980,7980,0.9433333333333334,0.00998645168764533,discard,0.794112
7981,7981,0.9433333333333334,0.00998645168764533,discard,0.794207
7982,7982,0.9433333333333334,0.00998645168764533,request_rescan,0.794302
7983,7983,0.9433333333333334,0.00998645168764533,discard,0.7944
7984,7984,0.9433333333333334,0.00998645168764533,request_rescan,0.794503
7985,7985,0.9433333333333334,0.00998645168764533,discard,0.7946
7986,7986,0.9433333333333334,0.00998645168764533,request_rescan,0.794696
7987,7987,0.9433333333333334,0.00998645168764533,discard,0.794791
7988,7988,0.9433333333333334,0.00998645168764533,request_rescan,0.794885
7989,7989,0.9433333333333334,0.00998645168764533,request_rescan,0.794983
7990,7990,0.9433333333333334,0.00998645168764533,discard,0.795082
7991,7991,0.9433333333333334,0.00998645168764533,request_rescan,0.795178
7992,7992,0.9433333333333334,0.00998645168764533,request_rescan,0.795275
7993,7993,0.9433333333333334,0.00998645168764533,request_rescan,0.795395
7994,7994,0.9433333333333334,0.00998645168764533,request_rescan,0.795496
7995,7995,0.9433333333333334,0.00998645168764533,request_rescan,0.7956
7996,7996,0.9433333333333334,0.00998645168764533,discard,0.795702
7997,7997,0.9433333333333334,0.00998645168764533,discard,0.795812
7998,7998,0.9433333333333334,0.00998645168764533,discard,0.795909
7999,7999,0.9433333333333334,0.00998645168764533,discard,0.796004
8000,8000,0.9433333333333334,0.00998645168764533,discard,0.796115
8001,8001,0.9433333333333334,0.00998645168764533,discard,0.796291
8002,8002,0.9433333333333334,0.00998645168764533,request_rescan,0.79641
8003,8003,0.9433333333333334,0.00998645168764533,request_rescan,0.796519
8004,8004,0.9433333333333334,0.00998645168764533,discard,0.796621
8005,8005,0.9433333333333334,0.00998645168764533,discard,0.796728
8006,8006,0.9433333333333334,0.00998645168764533,discard,0.796825
8007,8007,0.9433333333333334,0.00998645168764533,discard,0.796924
8008,8008,0.9433333333333334,0.00998645168764533,request_rescan,0.79702
8009,8009,0.9433333333333334,0.00998645168764533,discard,0.797135
8010,8010,0.9433333333333334,0.00998645168764533,request_rescan,0.797261
8011,8011,0.9433333333333334,0.00998645168764533,discard,0.797372
8012,8012,0.9433333333333334,0.00998645168764533,discard,0.797473
8013,8013,0.9433333333333334,0.00998645168764533,discard,0.797571
8014,8014,0.9433333333333334,0.00998645168764533,request_rescan,0.797668
8015,8015,0.9433333333333334,0.00998645168764533,discard,0.797772
8016,8016,0.9433333333333334,0.00998645168764533,request_rescan,0.797868
8017,8017,0.9433333333333334,0.00998645168764533,request_rescan,0.797964
8018,8018,0.9433333333333334,0.00998645168764533,request_rescan,0.798057
8019,8019,0.9433333333333334,0.00998645168764533,discard,0.798178
8020,8020,0.9433333333333334,0.00998645168764533,request_rescan,0.798281
8021,8021,0.9433333333333334,0.00998645168764533,discard,0.798389
8022,8022,0.9433333333333334,0.00998645168764533,discard,0.798488
8023,8023,0.9433333333333334,0.00998645168764533,discard,0.798581
8024,8024,0.9433333333333334,0.00998645168764533,request_rescan,0.798675
8025,8025,0.9433333333333334,0.00998645168764533,discard,0.798769
8026,8026,0.9433333333333334,0.00998645168764533,discard,0.798866
8027,8027,0.9433333333333334,0.00998645168764533,request_rescan,0.798963
8028,8028,0.9433333333333334,0.00998645168764533,discard,0.79906
8029,8029,0.9433333333333334,0.00998645168764533,discard,0.799155
8030,8030,0.9433333333333334,0.00998645168764533,request_rescan,0.799249
8031,8031,0.9433333333333334,0.00998645168764533,discard,0.799345
8032,8032,0.9433333333333334,0.00998645168764533,request_rescan,0.79944
8033,8033,0.9433333333333334,0.00998645168764533,request_rescan,0.799538
8034,8034,0.9433333333333334,0.00998645168764533,request_rescan,0.799633
8035,8035,0.9433333333333334,0.00998645168764533,discard,0.799733
8036,8036,0.9433333333333334,0.00998645168764533,discard,0.799832
8037,8037,0.9433333333333334,0.00998645168764533,request_rescan,0.799926
8038,8038,0.9433333333333334,0.00998645168764533,discard,0.800019
8039,8039,0.9433333333333334,0.00998645168764533,discard,0.800115
8040,8040,0.9433333333333334,0.00998645168764533,discard,0.80021
8041,8041,0.9433333333333334,0.00998645168764533,request_rescan,0.800307
8042,8042,0.9433333333333334,0.00998645168764533,request_rescan,0.800414
8043,8043,0.9433333333333334,0.00998645168764533,discard,0.800545
8044,8044,0.9433333333333334,0.00998645168764533,discard,0.800655
8045,8045,0.9433333333333334,0.00998645168764533,request_rescan,0.800752
8046,8046,0.9433333333333334,0.00998645168764533,request_rescan,0.800847
8047,8047,0.9433333333333334,0.00998645168764533,discard,0.800944
8048,8048,0.9433333333333334,0.00998645168764533,discard,0.801038
8049,8049,0.9433333333333334,0.00998645168764533,request_rescan,0.801135
8050,8050,0.6633333333333333,0.00998645168764533,log_and_continue,0.801233
8051,8051,0.9433333333333334,0.00998645168764533,request_rescan,0.801329
8052,8052,0.9433333333333334,0.00998645168764533,request_rescan,0.801432
8053,8053,0.9433333333333334,0.00998645168764533,request_rescan,0.801535
8054,8054,0.9433333333333334,0.00998645168764533,request_rescan,0.801631
8055,8055,0.9433333333333334,0.00998645168764533,discard,0.801727
8056,8056,0.9433333333333334,0.00998645168764533,request_rescan,0.801821
8057,8057,0.9433333333333334,0.00998645168764533,request_rescan,0.801915
8058,8058,0.9433333333333334,0.00998645168764533,discard,0.802012
8059,8059,0.9433333333333334,0.00998645168764533,discard,0.802106
8060,8060,0.9433333333333334,0.00998645168764533,request_rescan,0.802202
8061,8061,0.9433333333333334,0.00998645168764533,discard,0.802304
8062,8062,0.9433333333333334,0.00998645168764533,discard,0.802401
8063,8063,0.9433333333333334,0.00998645168764533,discard,0.802498
8064,8064,0.9433333333333334,0.00998645168764533,discard,0.802596
8065,8065,0.9433333333333334,0.00998645168764533,discard,0.802691
8066,8066,0.9433333333333334,0.00998645168764533,request_rescan,0.802786
8067,8067,0.9433333333333334,0.00998645168764533,discard,0.802881
8068,8068,0.9433333333333334,0.00998645168764533,request_rescan,0.802977
8069,8069,0.9433333333333334,0.00998645168764533,discard,0.803072
8070,8070,0.9433333333333334,0.00998645168764533,request_rescan,0.803166
8071,8071,0.9433333333333334,0.00998645168764533,discard,0.803263
8072,8072,0.9433333333333334,0.00998645168764533,discard,0.80336
8073,8073,0.9433333333333334,0.00998645168764533,discard,0.803453
8074,8074,0.9433333333333334,0.00998645168764533,discard,0.803563
8075,8075,0.9433333333333334,0.00998645168764533,discard,0.803655
8076,8076,0.9433333333333334,0.00998645168764533,request_rescan,0.80375
8077,8077,0.9433333333333334,0.00998645168764533,discard,0.803844
8078,8078,0.9433333333333334,0.00998645168764533,discard,0.803942
8079,8079,0.9433333333333334,0.00998645168764533,discard,0.804039
8080,8080,0.9433333333333334,0.00998645168764533,discard,0.804136
8081,8081,0.9433333333333334,0.00998645168764533,discard,0.804229
8082,8082,0.9433333333333334,0.00998645168764533,discard,0.804326
8083,8083,0.9433333333333334,0.00998645168764533,request_rescan,0.804422
8084,8084,0.9433333333333334,0.00998645168764533,discard,0.804524
8085,8085,0.9433333333333334,0.00998645168764533,request_rescan,0.804624
8086,8086,0.9433333333333334,0.00998645168764533,request_rescan,0.804719
8087,8087,0.9433333333333334,0.00998645168764533,request_rescan,0.804813
8088,8088,0.9433333333333334,0.00998645168764533,discard,0.80491
8089,8089,0.9433333333333334,0.00998645168764533,request_rescan,0.805005
8090,8090,0.9433333333333334,0.00998645168764533,discard,0.805104
8091,8091,0.76,0.00998645168764533,log_and_continue,0.805205
8092,8092,0.9433333333333334,0.00998645168764533,discard,0.805316
8093,8093,0.9433333333333334,0.00998645168764533,request_rescan,0.805416
8094,8094,0.9433333333333334,0.00998645168764533,request_rescan,0.805517
8095,8095,0.9433333333333334,0.00998645168764533,discard,0.805613
8096,8096,0.9433333333333334,0.00998645168764533,request_rescan,0.805705
8097,8097,0.9433333333333334,0.00998645168764533,request_rescan,0.805801
8098,8098,0.9433333333333334,0.00998645168764533,discard,0.805898
8099,8099,0.9433333333333334,0.00998645168764533,discard,0.805993
8100,8100,0.9433333333333334,0.00998645168764533,discard,0.806089
8101,8101,0.9433333333333334,0.00998645168764533,request_rescan,0.806247
8102,8102,0.9433333333333334,0.00998645168764533,discard,0.806383
8103,8103,0.9433333333333334,0.00998645168764533,request_rescan,0.806491
8104,8104,0.9433333333333334,0.00998645168764533,request_rescan,0.806587
8105,8105,0.9433333333333334,0.00998645168764533,discard,0.806685
8106,8106,0.9433333333333334,0.00998645168764533,request_rescan,0.806783
8107,8107,0.9433333333333334,0.00998645168764533,request_rescan,0.806876
8108,8108,0.9433333333333334,0.00998645168764533,request_rescan,0.806969
8109,8109,0.9433333333333334,0.00998645168764533,discard,0.807072
8110,8110,0.9433333333333334,0.00998645168764533,request_rescan,0.807175
8111,8111,0.9433333333333334,0.00998645168764533,request_rescan,0.807273
8112,8112,0.9433333333333334,0.00998645168764533,request_rescan,0.807368
8113,8113,0.9433333333333334,0.00998645168764533,discard,0.807468
8114,8114,0.9433333333333334,0.00998645168764533,request_rescan,0.807562
8115,8115,0.9433333333333334,0.00998645168764533,discard,0.807659
8116,8116,0.9433333333333334,0.00998645168764533,request_rescan,0.807752
8117,8117,0.9433333333333334,0.00998645168764533,request_rescan,0.807894
8118,8118,0.9433333333333334,0.00998645168764533,request_rescan,0.807993
8119,8119,0.9433333333333334,0.00998645168764533,request_rescan,0.808092
8120,8120,0.9433333333333334,0.00998645168764533,discard,0.808193
8121,8121,0.9433333333333334,0.00998645168764533,discard,0.808289
8122,8122,0.9433333333333334,0.00998645168764533,request_rescan,0.808385
8123,8123,0.9433333333333334,0.00998645168764533,request_rescan,0.808482
8124,8124,0.9433333333333334,0.00998645168764533,discard,0.808584
8125,8125,0.9433333333333334,0.00998645168764533,request_rescan,0.808681
8126,8126,0.9433333333333334,0.00998645168764533,request_rescan,0.808779
8127,8127,0.9433333333333334,0.00998645168764533,discard,0.808874
8128,8128,0.9433333333333334,0.00998645168764533,request_rescan,0.808968
8129,8129,0.9433333333333334,0.00998645168764533,discard,0.809064
8130,8130,0.9433333333333334,0.00998645168764533,discard,0.80916
8131,8131,0.9433333333333334,0.00998645168764533,discard,0.80926
8132,8132,0.9433333333333334,0.00998645168764533,discard,0.809358
8133,8133,0.9433333333333334,0.00998645168764533,request_rescan,0.809452
8134,8134,0.9433333333333334,0.00998645168764533,discard,0.809556
8135,8135,0.9433333333333334,0.00998645168764533,discard,0.809654
8136,8136,0.9433333333333334,0.00998645168764533,discard,0.80975
8137,8137,0.9433333333333334,0.00998645168764533,discard,0.809843
8138,8138,0.9433333333333334,0.00998645168764533,discard,0.80994
8139,8139,0.9433333333333334,0.00998645168764533,request_rescan,0.810037
8140,8140,0.9433333333333334,0.00998645168764533,request_rescan,0.810131
8141,8141,0.9433333333333334,0.00998645168764533,discard,0.810227
8142,8142,0.9433333333333334,0.00998645168764533,request_rescan,0.810322
8143,8143,0.9433333333333334,0.00998645168764533,request_rescan,0.810418
8144,8144,0.9433333333333334,0.00998645168764533,discard,0.810525
8145,8145,0.9433333333333334,0.00998645168764533,discard,0.810622
8146,8146,0.9433333333333334,0.00998645168764533,discard,0.81072
8147,8147,0.9433333333333334,0.00998645168764533,discard,0.810814
8148,8148,0.9433333333333334,0.00998645168764533,request_rescan,0.810909
8149,8149,0.9433333333333334,0.00998645168764533,discard,0.811011
8150,8150,0.9433333333333334,0.00998645168764533,request_rescan,0.811108
8151,8151,0.9433333333333334,0.00998645168764533,request_rescan,0.811202
8152,8152,0.9433333333333334,0.00998645168764533,discard,0.811301
8153,8153,0.9433333333333334,0.00998645168764533,request_rescan,0.811398
8154,8154,0.9433333333333334,0.00998645168764533,discard,0.811499
8155,8155,0.9433333333333334,0.00998645168764533,request_rescan,0.811595
8156,8156,0.9433333333333334,0.00998645168764533,discard,0.811693
8157,8157,0.9433333333333334,0.00998645168764533,discard,0.811789
8158,8158,0.9433333333333334,0.00998645168764533,discard,0.811885
8159,8159,0.9433333333333334,0.00998645168764533,discard,0.812001
8160,8160,0.9433333333333334,0.00998645168764533,discard,0.812099
8161,8161,0.9433333333333334,0.00998645168764533,request_rescan,0.8122
8162,8162,0.9433333333333334,0.00998645168764533,request_rescan,0.812297
8163,8163,0.9433333333333334,0.00998645168764533,discard,0.81239
8164,8164,0.9433333333333334,0.00998645168764533,discard,0.812499
8165,8165,0.9433333333333334,0.00998645168764533,request_rescan,0.812613
8166,8166,0.9433333333333334,0.00998645168764533,discard,0.812739
8167,8167,0.9433333333333334,0.00998645168764533,request_rescan,0.812862
8168,8168,0.9433333333333334,0.00998645168764533,request_rescan,0.812963
8169,8169,0.9433333333333334,0.00998645168764533,discard,0.813059
8170,8170,0.9433333333333334,0.00998645168764533,request_rescan,0.813157
8171,8171,0.9433333333333334,0.00998645168764533,discard,0.813251
8172,8172,0.9433333333333334,0.00998645168764533,discard,0.813346
8173,8173,0.9433333333333334,0.00998645168764533,discard,0.813439
8174,8174,0.9433333333333334,0.00998645168764533,discard,0.813537
8175,8175,0.9433333333333334,0.00998645168764533,request_rescan,0.813638
8176,8176,0.9433333333333334,0.00998645168764533,discard,0.813731
8177,8177,0.9433333333333334,0.00998645168764533,request_rescan,0.813826
8178,8178,0.9433333333333334,0.00998645168764533,request_rescan,0.81392
8179,8179,0.9433333333333334,0.00998645168764533,request_rescan,0.814016
8180,8180,0.9433333333333334,0.00998645168764533,request_rescan,0.814113
8181,8181,0.9433333333333334,0.00998645168764533,request_rescan,0.814211
8182,8182,0.9433333333333334,0.00998645168764533,discard,0.814311
8183,8183,0.9433333333333334,0.00998645168764533,request_rescan,0.814406
8184,8184,0.9433333333333334,0.00998645168764533,request_rescan,0.814503
8185,8185,0.9433333333333334,0.00998645168764533,request_rescan,0.814598
8186,8186,0.9433333333333334,0.00998645168764533,discard,0.814691
8187,8187,0.9433333333333334,0.00998645168764533,discard,0.814785
8188,8188,0.9433333333333334,0.00998645168764533,discard,0.814882
8189,8189,0.9433333333333334,0.00998645168764533,request_rescan,0.814976
8190,8190,0.9433333333333334,0.00998645168764533,request_rescan,0.81507
8191,8191,0.9433333333333334,0.00998645168764533,discard,0.815185
8192,8192,0.9433333333333334,0.00998645168764533,discard,0.815283
8193,8193,0.9433333333333334,0.00998645168764533,request_rescan,0.815382
8194,8194,0.9433333333333334,0.00998645168764533,discard,0.815483
8195,8195,0.9433333333333334,0.00998645168764533,request_rescan,0.815576
8196,8196,0.9433333333333334,0.00998645168764533,request_rescan,0.81567
8197,8197,0.76,0.00998645168764533,request_rescan,0.815776
8198,8198,0.9433333333333334,0.00998645168764533,request_rescan,0.815881
8199,8199,0.9433333333333334,0.00998645168764533,request_rescan,0.815983
8200,8200,0.9433333333333334,0.00998645168764533,discard,0.81608
8201,8201,0.9433333333333334,0.00998645168764533,request_rescan,0.816208
8202,8202,0.9433333333333334,0.00998645168764533,request_rescan,0.816303
8203,8203,0.9433333333333334,0.00998645168764533,request_rescan,0.816397
8204,8204,0.9433333333333334,0.00998645168764533,discard,0.816505
8205,8205,0.9433333333333334,0.00998645168764533,request_rescan,0.816609
8206,8206,0.9433333333333334,0.00998645168764533,discard,0.81671
8207,8207,0.9433333333333334,0.00998645168764533,request_rescan,0.816809
8208,8208,0.9433333333333334,0.00998645168764533,request_rescan,0.816907
8209,8209,0.9433333333333334,0.00998645168764533,request_rescan,0.817003
8210,8210,0.9433333333333334,0.00998645168764533,discard,0.817096
8211,8211,0.9433333333333334,0.00998645168764533,discard,0.817195
8212,8212,0.9433333333333334,0.00998645168764533,request_rescan,0.817289
8213,8213,0.9433333333333334,0.00998645168764533,request_rescan,0.817384
8214,8214,0.9433333333333334,0.00998645168764533,discard,0.817485
8215,8215,0.9433333333333334,0.00998645168764533,discard,0.81758
8216,8216,0.9433333333333334,0.00998645168764533,request_rescan,0.817676
8217,8217,0.9433333333333334,0.00998645168764533,discard,0.817773
8218,8218,0.9433333333333334,0.00998645168764533,request_rescan,0.817869
8219,8219,0.9433333333333334,0.00998645168764533,discard,0.817965
8220,8220,0.9433333333333334,0.00998645168764533,request_rescan,0.818063
8221,8221,0.9433333333333334,0.00998645168764533,request_rescan,0.818158
8222,8222,0.9433333333333334,0.00998645168764533,request_rescan,0.818252
8223,8223,0.9433333333333334,0.00998645168764533,request_rescan,0.818347
8224,8224,0.9433333333333334,0.00998645168764533,request_rescan,0.818438
8225,8225,0.9433333333333334,0.00998645168764533,request_rescan,0.818535
8226,8226,0.9433333333333334,0.00998645168764533,discard,0.818629
8227,8227,0.9433333333333334,0.00998645168764533,request_rescan,0.818728
8228,8228,0.9433333333333334,0.00998645168764533,discard,0.818829
8229,8229,0.9433333333333334,0.00998645168764533,discard,0.818926
8230,8230,0.9433333333333334,0.00998645168764533,discard,0.819021
8231,8231,0.9433333333333334,0.00998645168764533,discard,0.819116
8232,8232,0.9433333333333334,0.00998645168764533,request_rescan,0.81921
8233,8233,0.9433333333333334,0.00998645168764533,discard,0.819305
8234,8234,0.9433333333333334,0.00998645168764533,discard,0.819401
8235,8235,0.9433333333333334,0.00998645168764533,discard,0.819514
8236,8236,0.9433333333333334,0.00998645168764533,discard,0.819616
8237,8237,0.9433333333333334,0.00998645168764533,request_rescan,0.819714
8238,8238,0.9433333333333334,0.00998645168764533,discard,0.81981
8239,8239,0.9433333333333334,0.00998645168764533,discard,0.819907
8240,8240,0.9433333333333334,0.00998645168764533,discard,0.820001
8241,8241,0.9433333333333334,0.00998645168764533,request_rescan,0.820097
8242,8242,0.9433333333333334,0.00998645168764533,request_rescan,0.820191
8243,8243,0.9433333333333334,0.00998645168764533,discard,0.820285
8244,8244,0.9433333333333334,0.00998645168764533,discard,0.820381
8245,8245,0.9433333333333334,0.00998645168764533,discard,0.820484
8246,8246,0.9433333333333334,0.00998645168764533,request_rescan,0.820584
8247,8247,0.9433333333333334,0.00998645168764533,request_rescan,0.820683
8248,8248,0.9433333333333334,0.00998645168764533,discard,0.820785
8249,8249,0.9433333333333334,0.00998645168764533,discard,0.820879
8250,8250,0.9433333333333334,0.00998645168764533,request_rescan,0.820975
8251,8251,0.9433333333333334,0.00998645168764533,request_rescan,0.821074
8252,8252,0.9433333333333334,0.00998645168764533,request_rescan,0.821171
8253,8253,0.9433333333333334,0.00998645168764533,request_rescan,0.821266
8254,8254,0.9433333333333334,0.00998645168764533,request_rescan,0.821359
8255,8255,0.9433333333333334,0.00998645168764533,request_rescan,0.821458
8256,8256,0.9433333333333334,0.00998645168764533,request_rescan,0.821556
8257,8257,0.9433333333333334,0.00998645168764533,request_rescan,0.82165
8258,8258,0.9433333333333334,0.00998645168764533,discard,0.821744
8259,8259,0.9433333333333334,0.00998645168764533,discard,0.821836
8260,8260,0.9433333333333334,0.00998645168764533,discard,0.821929
8261,8261,0.9433333333333334,0.00998645168764533,discard,0.822028
8262,8262,0.9433333333333334,0.00998645168764533,request_rescan,0.822131
8263,8263,0.9433333333333334,0.00998645168764533,request_rescan,0.82223
8264,8264,0.9433333333333334,0.00998645168764533,request_rescan,0.822325
8265,8265,0.9433333333333334,0.00998645168764533,request_rescan,0.82242
8266,8266,0.9433333333333334,0.00998645168764533,discard,0.82252
8267,8267,0.9433333333333334,0.00998645168764533,request_rescan,0.822615
8268,8268,0.9433333333333334,0.00998645168764533,discard,0.822718
8269,8269,0.9433333333333334,0.00998645168764533,discard,0.822815
8270,8270,0.9433333333333334,0.00998645168764533,discard,0.822918
8271,8271,0.9433333333333334,0.00998645168764533,request_rescan,0.823039
8272,8272,0.9433333333333334,0.00998645168764533,discard,0.823152
8273,8273,0.9433333333333334,0.00998645168764533,discard,0.823244
8274,8274,0.9433333333333334,0.00998645168764533,request_rescan,0.823339
8275,8275,0.9433333333333334,0.00998645168764533,discard,0.823432
8276,8276,0.9433333333333334,0.00998645168764533,request_rescan,0.82353
8277,8277,0.9433333333333334,0.00998645168764533,discard,0.823633
8278,8278,0.9433333333333334,0.00998645168764533,request_rescan,0.823733
8279,8279,0.9433333333333334,0.00998645168764533,request_rescan,0.82383
8280,8280,0.9433333333333334,0.00998645168764533,discard,0.823924
8281,8281,0.9433333333333334,0.00998645168764533,discard,0.82402
8282,8282,0.9433333333333334,0.00998645168764533,request_rescan,0.824116
8283,8283,0.9433333333333334,0.00998645168764533,request_rescan,0.824209
8284,8284,0.9433333333333334,0.00998645168764533,discard,0.824304
8285,8285,0.9433333333333334,0.00998645168764533,request_rescan,0.824402
8286,8286,0.9433333333333334,0.00998645168764533,request_rescan,0.824544
8287,8287,0.9433333333333334,0.00998645168764533,request_rescan,0.824645
8288,8288,0.9433333333333334,0.00998645168764533,request_rescan,0.824741
8289,8289,0.9433333333333334,0.00998645168764533,request_rescan,0.824836
8290,8290,0.9433333333333334,0.00998645168764533,request_rescan,0.82493
8291,8291,0.9433333333333334,0.00998645168764533,request_rescan,0.825022
8292,8292,0.9433333333333334,0.00998645168764533,discard,0.825116
8293,8293,0.9433333333333334,0.00998645168764533,discard,0.825216
8294,8294,0.9433333333333334,0.00998645168764533,discard,0.825311
8295,8295,0.9433333333333334,0.00998645168764533,request_rescan,0.825408
8296,8296,0.9433333333333334,0.00998645168764533,request_rescan,0.825508
8297,8297,0.9433333333333334,0.00998645168764533,request_rescan,0.825603
8298,8298,0.9433333333333334,0.00998645168764533,discard,0.825702
8299,8299,0.9433333333333334,0.00998645168764533,discard,0.825799
8300,8300,0.9433333333333334,0.00998645168764533,discard,0.825892
8301,8301,0.9433333333333334,0.00998645168764533,discard,0.826055
8302,8302,0.9433333333333334,0.00998645168764533,request_rescan,0.826189
8303,8303,0.9433333333333334,0.00998645168764533,request_rescan,0.826299
8304,8304,0.9433333333333334,0.00998645168764533,discard,0.8264
8305,8305,0.9433333333333334,0.00998645168764533,discard,0.8265
8306,8306,0.9433333333333334,0.00998645168764533,discard,0.826597
8307,8307,0.9433333333333334,0.00998645168764533,discard,0.826695
8308,8308,0.9433333333333334,0.00998645168764533,discard,0.82679
8309,8309,0.9433333333333334,0.00998645168764533,request_rescan,0.826886
8310,8310,0.9433333333333334,0.00998645168764533,discard,0.826984
8311,8311,0.9433333333333334,0.00998645168764533,request_rescan,0.827082
8312,8312,0.9433333333333334,0.00998645168764533,discard,0.827181
8313,8313,0.9433333333333334,0.00998645168764533,request_rescan,0.827277
8314,8314,0.9433333333333334,0.00998645168764533,request_rescan,0.827373
8315,8315,0.9433333333333334,0.00998645168764533,discard,0.827472
8316,8316,0.9433333333333334,0.00998645168764533,discard,0.827571
8317,8317,0.9433333333333334,0.00998645168764533,discard,0.827669
8318,8318,0.9433333333333334,0.00998645168764533,discard,0.827764
8319,8319,0.9433333333333334,0.00998645168764533,request_rescan,0.827863
8320,8320,0.9433333333333334,0.00998645168764533,request_rescan,0.827959
8321,8321,0.6633333333333333,0.00998645168764533,log_and_continue,0.828057
8322,8322,0.9433333333333334,0.00998645168764533,discard,0.828152
8323,8323,0.9433333333333334,0.00998645168764533,discard,0.828251
8324,8324,0.9433333333333334,0.00998645168764533,request_rescan,0.82835
8325,8325,0.9433333333333334,0.00998645168764533,discard,0.828453
8326,8326,0.9433333333333334,0.00998645168764533,discard,0.828554
8327,8327,0.9433333333333334,0.00998645168764533,discard,0.828647
8328,8328,0.9433333333333334,0.00998645168764533,discard,0.828768
8329,8329,0.9433333333333334,0.00998645168764533,request_rescan,0.828866
8330,8330,0.9433333333333334,0.00998645168764533,request_rescan,0.828962
8331,8331,0.9433333333333334,0.00998645168764533,discard,0.829062
8332,8332,0.9433333333333334,0.00998645168764533,request_rescan,0.829176
8333,8333,0.9433333333333334,0.00998645168764533,discard,0.829272
8334,8334,0.9433333333333334,0.00998645168764533,discard,0.829369
8335,8335,0.9433333333333334,0.00998645168764533,discard,0.829472
8336,8336,0.9433333333333334,0.00998645168764533,discard,0.82959
8337,8337,0.9433333333333334,0.00998645168764533,request_rescan,0.829688
8338,8338,0.9433333333333334,0.00998645168764533,discard,0.829783
8339,8339,0.9433333333333334,0.00998645168764533,discard,0.829878
8340,8340,0.9433333333333334,0.00998645168764533,request_rescan,0.829972
8341,8341,0.9433333333333334,0.00998645168764533,discard,0.830064
8342,8342,0.9433333333333334,0.00998645168764533,request_rescan,0.830157
8343,8343,0.9433333333333334,0.00998645168764533,discard,0.830252
8344,8344,0.9433333333333334,0.00998645168764533,request_rescan,0.830352
8345,8345,0.9433333333333334,0.00998645168764533,discard,0.830448
8346,8346,0.9433333333333334,0.00998645168764533,request_rescan,0.830547
8347,8347,0.9433333333333334,0.00998645168764533,discard,0.830646
8348,8348,0.9433333333333334,0.00998645168764533,request_rescan,0.830741
8349,8349,0.9433333333333334,0.00998645168764533,request_rescan,0.830835
8350,8350,0.9433333333333334,0.00998645168764533,request_rescan,0.830928
8351,8351,0.9433333333333334,0.00998645168764533,discard,0.831024
8352,8352,0.9433333333333334,0.00998645168764533,discard,0.831139
8353,8353,0.9433333333333334,0.00998645168764533,request_rescan,0.831236
8354,8354,0.9433333333333334,0.00998645168764533,discard,0.831334
8355,8355,0.9433333333333334,0.00998645168764533,discard,0.831428
8356,8356,0.9433333333333334,0.00998645168764533,request_rescan,0.831528
8357,8357,0.9433333333333334,0.00998645168764533,discard,0.831622
8358,8358,0.9433333333333334,0.00998645168764533,discard,0.831717
8359,8359,0.9433333333333334,0.00998645168764533,request_rescan,0.831811
8360,8360,0.9433333333333334,0.00998645168764533,discard,0.831904
8361,8361,0.9433333333333334,0.00998645168764533,discard,0.832003
8362,8362,0.9433333333333334,0.00998645168764533,discard,0.832096
8363,8363,0.9433333333333334,0.00998645168764533,discard,0.832191
8364,8364,0.9433333333333334,0.00998645168764533,discard,0.832293
8365,8365,0.9433333333333334,0.00998645168764533,request_rescan,0.832395
8366,8366,0.9433333333333334,0.00998645168764533,discard,0.832495
8367,8367,0.9433333333333334,0.00998645168764533,discard,0.832592
8368,8368,0.9433333333333334,0.00998645168764533,request_rescan,0.832687
8369,8369,0.9433333333333334,0.00998645168764533,discard,0.832781
8370,8370,0.9433333333333334,0.00998645168764533,discard,0.832872
8371,8371,0.9433333333333334,0.00998645168764533,request_rescan,0.832968
8372,8372,0.9433333333333334,0.00998645168764533,discard,0.833067
8373,8373,0.9433333333333334,0.00998645168764533,discard,0.833162
8374,8374,0.9433333333333334,0.00998645168764533,discard,0.833259
8375,8375,0.9433333333333334,0.00998645168764533,discard,0.833355
8376,8376,0.9433333333333334,0.00998645168764533,request_rescan,0.833451
8377,8377,0.9433333333333334,0.00998645168764533,discard,0.833551
8378,8378,0.9433333333333334,0.00998645168764533,request_rescan,0.833644
8379,8379,0.9433333333333334,0.00998645168764533,request_rescan,0.833739
8380,8380,0.9433333333333334,0.00998645168764533,request_rescan,0.833835
8381,8381,0.9433333333333334,0.00998645168764533,request_rescan,0.833934
8382,8382,0.9433333333333334,0.00998645168764533,request_rescan,0.834029
8383,8383,0.9433333333333334,0.00998645168764533,discard,0.834127
8384,8384,0.9433333333333334,0.00998645168764533,discard,0.834223
8385,8385,0.9433333333333334,0.00998645168764533,request_rescan,0.83432
8386,8386,0.9433333333333334,0.00998645168764533,discard,0.834414
8387,8387,0.9433333333333334,0.00998645168764533,request_rescan,0.834513
8388,8388,0.9433333333333334,0.00998645168764533,discard,0.834609
8389,8389,0.9433333333333334,0.00998645168764533,request_rescan,0.834708
8390,8390,0.9433333333333334,0.00998645168764533,request_rescan,0.834803
8391,8391,0.9433333333333334,0.00998645168764533,discard,0.834901
8392,8392,0.9433333333333334,0.00998645168764533,discard,0.834995
8393,8393,0.9433333333333334,0.00998645168764533,request_rescan,0.83509
8394,8394,0.9433333333333334,0.00998645168764533,request_rescan,0.835185
8395,8395,0.9433333333333334,0.00998645168764533,request_rescan,0.835284
8396,8396,0.9433333333333334,0.00998645168764533,request_rescan,0.83538
8397,8397,0.9433333333333334,0.00998645168764533,request_rescan,0.835484
8398,8398,0.9433333333333334,0.00998645168764533,discard,0.835579
8399,8399,0.9433333333333334,0.00998645168764533,request_rescan,0.835674
8400,8400,0.9433333333333334,0.00998645168764533,discard,0.835773
8401,8401,0.9433333333333334,0.00998645168764533,discard,0.835917
8402,8402,0.9433333333333334,0.00998645168764533,discard,0.836041
8403,8403,0.9433333333333334,0.00998645168764533,request_rescan,0.836167
8404,8404,0.9433333333333334,0.00998645168764533,request_rescan,0.836267
8405,8405,0.9433333333333334,0.00998645168764533,request_rescan,0.836365
8406,8406,0.9433333333333334,0.00998645168764533,request_rescan,0.836462
8407,8407,0.9433333333333334,0.00998645168764533,discard,0.83656
8408,8408,0.9433333333333334,0.00998645168764533,discard,0.836661
8409,8409,0.9433333333333334,0.00998645168764533,request_rescan,0.836761
8410,8410,0.9433333333333334,0.00998645168764533,request_rescan,0.836856
8411,8411,0.9433333333333334,0.00998645168764533,request_rescan,0.83695
8412,8412,0.9433333333333334,0.00998645168764533,request_rescan,0.837046
8413,8413,0.9433333333333334,0.00998645168764533,request_rescan,0.837139
8414,8414,0.9433333333333334,0.00998645168764533,discard,0.837232
8415,8415,0.9433333333333334,0.00998645168764533,discard,0.837329
8416,8416,0.9433333333333334,0.00998645168764533,request_rescan,0.837423
8417,8417,0.9433333333333334,0.00998645168764533,request_rescan,0.837525
8418,8418,0.9433333333333334,0.00998645168764533,discard,0.837622
8419,8419,0.9433333333333334,0.00998645168764533,request_rescan,0.837719
8420,8420,0.9433333333333334,0.00998645168764533,discard,0.837817
8421,8421,0.9433333333333334,0.00998645168764533,discard,0.83791
8422,8422,0.9433333333333334,0.00998645168764533,discard,0.838003
8423,8423,0.9433333333333334,0.00998645168764533,discard,0.838095
8424,8424,0.9433333333333334,0.00998645168764533,discard,0.838197
8425,8425,0.9433333333333334,0.00998645168764533,request_rescan,0.838295
8426,8426,0.9433333333333334,0.00998645168764533,request_rescan,0.838391
8427,8427,0.9433333333333334,0.00998645168764533,request_rescan,0.838488
8428,8428,0.9433333333333334,0.00998645168764533,request_rescan,0.838581
8429,8429,0.9433333333333334,0.00998645168764533,request_rescan,0.838673
8430,8430,0.9433333333333334,0.00998645168764533,discard,0.838766
8431,8431,0.9433333333333334,0.00998645168764533,request_rescan,0.838862
8432,8432,0.9433333333333334,0.00998645168764533,discard,0.83896
8433,8433,0.9433333333333334,0.00998645168764533,discard,0.839074
8434,8434,0.9433333333333334,0.00998645168764533,discard,0.839197
8435,8435,0.9433333333333334,0.00998645168764533,discard,0.839297
8436,8436,0.9433333333333334,0.00998645168764533,request_rescan,0.839394
8437,8437,0.9433333333333334,0.00998645168764533,discard,0.839494
8438,8438,0.9433333333333334,0.00998645168764533,request_rescan,0.839592
8439,8439,0.9433333333333334,0.00998645168764533,request_rescan,0.839688
8440,8440,0.9433333333333334,0.00998645168764533,request_rescan,0.83978
8441,8441,0.9433333333333334,0.00998645168764533,discard,0.839876
8442,8442,0.9433333333333334,0.00998645168764533,discard,0.839973
8443,8443,0.9433333333333334,0.00998645168764533,request_rescan,0.840073
8444,8444,0.9433333333333334,0.00998645168764533,request_rescan,0.840167
8445,8445,0.9433333333333334,0.00998645168764533,request_rescan,0.84026
8446,8446,0.9433333333333334,0.00998645168764533,request_rescan,0.840359
8447,8447,0.9433333333333334,0.00998645168764533,discard,0.840458
8448,8448,0.9433333333333334,0.00998645168764533,request_rescan,0.840555
8449,8449,0.9433333333333334,0.00998645168764533,request_rescan,0.84065
8450,8450,0.9433333333333334,0.00998645168764533,request_rescan,0.840744
8451,8451,0.9433333333333334,0.00998645168764533,request_rescan,0.840837
8452,8452,0.9433333333333334,0.00998645168764533,discard,0.840932
8453,8453,0.9433333333333334,0.00998645168764533,request_rescan,0.841024
8454,8454,0.9433333333333334,0.00998645168764533,discard,0.841157
8455,8455,0.9433333333333334,0.00998645168764533,request_rescan,0.841257
8456,8456,0.9433333333333334,0.00998645168764533,discard,0.841354
8457,8457,0.9433333333333334,0.00998645168764533,request_rescan,0.841451
8458,8458,0.9433333333333334,0.00998645168764533,discard,0.841553
8459,8459,0.9433333333333334,0.00998645168764533,discard,0.841648
8460,8460,0.9433333333333334,0.00998645168764533,request_rescan,0.841744
8461,8461,0.9433333333333334,0.00998645168764533,request_rescan,0.841839
8462,8462,0.9433333333333334,0.00998645168764533,discard,0.841933
8463,8463,0.9433333333333334,0.00998645168764533,request_rescan,0.842026
8464,8464,0.9433333333333334,0.00998645168764533,discard,0.842125
8465,8465,0.9433333333333334,0.00998645168764533,discard,0.842222
8466,8466,0.9433333333333334,0.00998645168764533,request_rescan,0.842317
8467,8467,0.9433333333333334,0.00998645168764533,discard,0.842412
8468,8468,0.9433333333333334,0.00998645168764533,discard,0.84251
8469,8469,0.9433333333333334,0.00998645168764533,discard,0.842608
8470,8470,0.9433333333333334,0.00998645168764533,discard,0.842702
8471,8471,0.9433333333333334,0.00998645168764533,request_rescan,0.842797
8472,8472,0.9433333333333334,0.00998645168764533,request_rescan,0.842892
8473,8473,0.9433333333333334,0.00998645168764533,discard,0.842988
8474,8474,0.9433333333333334,0.00998645168764533,discard,0.843087
8475,8475,0.9433333333333334,0.00998645168764533,discard,0.843182
8476,8476,0.9433333333333334,0.00998645168764533,discard,0.843276
8477,8477,0.9433333333333334,0.00998645168764533,discard,0.843367
8478,8478,0.9433333333333334,0.00998645168764533,discard,0.843466
8479,8479,0.9433333333333334,0.00998645168764533,request_rescan,0.843563
8480,8480,0.9433333333333334,0.00998645168764533,request_rescan,0.843662
8481,8481,0.9433333333333334,0.00998645168764533,discard,0.843761
8482,8482,0.9433333333333334,0.00998645168764533,request_rescan,0.843859
8483,8483,0.9433333333333334,0.00998645168764533,request_rescan,0.843953
8484,8484,0.9433333333333334,0.00998645168764533,discard,0.844062
8485,8485,0.9433333333333334,0.00998645168764533,discard,0.844167
8486,8486,0.9433333333333334,0.00998645168764533,discard,0.844265
8487,8487,0.9433333333333334,0.00998645168764533,discard,0.844365
8488,8488,0.9433333333333334,0.00998645168764533,discard,0.844466
8489,8489,0.9433333333333334,0.00998645168764533,discard,0.844563
8490,8490,0.9433333333333334,0.00998645168764533,request_rescan,0.844661
8491,8491,0.9433333333333334,0.00998645168764533,request_rescan,0.844757
8492,8492,0.9433333333333334,0.00998645168764533,discard,0.84485
8493,8493,0.9433333333333334,0.00998645168764533,request_rescan,0.844944
8494,8494,0.9433333333333334,0.00998645168764533,discard,0.845042
8495,8495,0.9433333333333334,0.00998645168764533,discard,0.845136
8496,8496,0.9433333333333334,0.00998645168764533,request_rescan,0.845231
8497,8497,0.9433333333333334,0.00998645168764533,discard,0.845345
8498,8498,0.9433333333333334,0.00998645168764533,discard,0.845443
8499,8499,0.9433333333333334,0.00998645168764533,discard,0.845543
8500,8500,0.9433333333333334,0.00998645168764533,request_rescan,0.845645
8501,8501,0.9433333333333334,0.00998645168764533,discard,0.845823
8502,8502,0.9433333333333334,0.00998645168764533,request_rescan,0.845929
8503,8503,0.9433333333333334,0.00998645168764533,request_rescan,0.84603
8504,8504,0.9433333333333334,0.00998645168764533,discard,0.846131
8505,8505,0.9433333333333334,0.00998645168764533,discard,0.846227
8506,8506,0.9433333333333334,0.00998645168764533,request_rescan,0.846338
8507,8507,0.9433333333333334,0.00998645168764533,discard,0.846438
8508,8508,0.9433333333333334,0.00998645168764533,request_rescan,0.846543
8509,8509,0.9433333333333334,0.00998645168764533,request_rescan,0.846644
8510,8510,0.9433333333333334,0.00998645168764533,request_rescan,0.846739
8511,8511,0.9433333333333334,0.00998645168764533,request_rescan,0.846834
8512,8512,0.9433333333333334,0.00998645168764533,discard,0.846929
8513,8513,0.9433333333333334,0.00998645168764533,request_rescan,0.847023
8514,8514,0.9433333333333334,0.00998645168764533,discard,0.847117
8515,8515,0.9433333333333334,0.00998645168764533,discard,0.847214
8516,8516,0.9433333333333334,0.00998645168764533,discard,0.84731
8517,8517,0.9433333333333334,0.00998645168764533,discard,0.847407
8518,8518,0.9433333333333334,0.00998645168764533,request_rescan,0.847506
8519,8519,0.9433333333333334,0.00998645168764533,request_rescan,0.847605
8520,8520,0.9433333333333334,0.00998645168764533,discard,0.847705
8521,8521,0.9433333333333334,0.00998645168764533,request_rescan,0.847804
8522,8522,0.9433333333333334,0.00998645168764533,request_rescan,0.847897
8523,8523,0.9433333333333334,0.00998645168764533,discard,0.847996
8524,8524,0.9433333333333334,0.00998645168764533,request_rescan,0.848109
8525,8525,0.9433333333333334,0.00998645168764533,request_rescan,0.848204
8526,8526,0.9433333333333334,0.00998645168764533,request_rescan,0.848301
8527,8527,0.9433333333333334,0.00998645168764533,discard,0.848397
8528,8528,0.9433333333333334,0.00998645168764533,discard,0.848498
8529,8529,0.9433333333333334,0.00998645168764533,discard,0.848595
8530,8530,0.9433333333333334,0.00998645168764533,request_rescan,0.848693
8531,8531,0.9433333333333334,0.00998645168764533,request_rescan,0.848792
8532,8532,0.9433333333333334,0.00998645168764533,request_rescan,0.848888
8533,8533,0.9433333333333334,0.00998645168764533,request_rescan,0.848982
8534,8534,0.9433333333333334,0.00998645168764533,request_rescan,0.849078
8535,8535,0.9433333333333334,0.00998645168764533,request_rescan,0.849172
8536,8536,0.9433333333333334,0.00998645168764533,request_rescan,0.849267
8537,8537,0.9433333333333334,0.00998645168764533,discard,0.849364
8538,8538,0.9433333333333334,0.00998645168764533,discard,0.849463
8539,8539,0.9433333333333334,0.00998645168764533,discard,0.849562
8540,8540,0.9433333333333334,0.00998645168764533,request_rescan,0.849659
8541,8541,0.9433333333333334,0.00998645168764533,discard,0.849755
8542,8542,0.9433333333333334,0.00998645168764533,request_rescan,0.84985
8543,8543,0.9433333333333334,0.00998645168764533,discard,0.849947
8544,8544,0.9433333333333334,0.00998645168764533,request_rescan,0.850041
8545,8545,0.9433333333333334,0.00998645168764533,request_rescan,0.850138
8546,8546,0.9433333333333334,0.00998645168764533,discard,0.850238
8547,8547,0.9433333333333334,0.00998645168764533,discard,0.85034
8548,8548,0.9433333333333334,0.00998645168764533,discard,0.850439
8549,8549,0.9433333333333334,0.00998645168764533,discard,0.850537
8550,8550,0.9433333333333334,0.00998645168764533,request_rescan,0.850633
8551,8551,0.9433333333333334,0.00998645168764533,request_rescan,0.850728
8552,8552,0.9433333333333334,0.00998645168764533,request_rescan,0.850823
8553,8553,0.9433333333333334,0.00998645168764533,discard,0.850921
8554,8554,0.9433333333333334,0.00998645168764533,request_rescan,0.851017
8555,8555,0.76,0.00998645168764533,log_and_continue,0.851118
8556,8556,0.9433333333333334,0.00998645168764533,request_rescan,0.85123
8557,8557,0.9433333333333334,0.00998645168764533,request_rescan,0.851357
8558,8558,0.9433333333333334,0.00998645168764533,request_rescan,0.851474
8559,8559,0.9433333333333334,0.00998645168764533,request_rescan,0.851572
8560,8560,0.9433333333333334,0.00998645168764533,discard,0.851673
8561,8561,0.9433333333333334,0.00998645168764533,request_rescan,0.851772
8562,8562,0.9433333333333334,0.00998645168764533,discard,0.851873
8563,8563,0.9433333333333334,0.00998645168764533,discard,0.851969
8564,8564,0.9433333333333334,0.00998645168764533,request_rescan,0.852066
8565,8565,0.9433333333333334,0.00998645168764533,discard,0.852164
8566,8566,0.9433333333333334,0.00998645168764533,discard,0.852259
8567,8567,0.9433333333333334,0.00998645168764533,discard,0.852353
8568,8568,0.9433333333333334,0.00998645168764533,request_rescan,0.852446
8569,8569,0.9433333333333334,0.00998645168764533,discard,0.852548
8570,8570,0.9433333333333334,0.00998645168764533,discard,0.852646
8571,8571,0.9433333333333334,0.00998645168764533,discard,0.852741
8572,8572,0.9433333333333334,0.00998645168764533,discard,0.852834
8573,8573,0.9433333333333334,0.00998645168764533,discard,0.852929
8574,8574,0.9433333333333334,0.00998645168764533,discard,0.853022
8575,8575,0.9433333333333334,0.00998645168764533,discard,0.853114
8576,8576,0.9433333333333334,0.00998645168764533,request_rescan,0.85321
8577,8577,0.9433333333333334,0.00998645168764533,discard,0.853301
8578,8578,0.9433333333333334,0.00998645168764533,request_rescan,0.853398
8579,8579,0.9433333333333334,0.00998645168764533,discard,0.853502
8580,8580,0.9433333333333334,0.00998645168764533,discard,0.853599
8581,8581,0.9433333333333334,0.00998645168764533,discard,0.853692
8582,8582,0.9433333333333334,0.00998645168764533,discard,0.853784
8583,8583,0.76,0.00998645168764533,log_and_continue,0.853879
8584,8584,0.9433333333333334,0.00998645168764533,discard,0.853972
8585,8585,0.76,0.00998645168764533,discard,0.854067
8586,8586,0.9433333333333334,0.00998645168764533,request_rescan,0.854163
8587,8587,0.9433333333333334,0.00998645168764533,discard,0.854262
8588,8588,0.9433333333333334,0.00998645168764533,request_rescan,0.854357
8589,8589,0.9433333333333334,0.00998645168764533,discard,0.854461
8590,8590,0.9433333333333334,0.00998645168764533,discard,0.854558
8591,8591,0.9433333333333334,0.00998645168764533,discard,0.854652
8592,8592,0.9433333333333334,0.00998645168764533,request_rescan,0.854747
8593,8593,0.9433333333333334,0.00998645168764533,discard,0.854845
8594,8594,0.9433333333333334,0.00998645168764533,request_rescan,0.85494
8595,8595,0.9433333333333334,0.00998645168764533,discard,0.855035
8596,8596,0.9433333333333334,0.00998645168764533,request_rescan,0.85513
8597,8597,0.9433333333333334,0.00998645168764533,request_rescan,0.855229
8598,8598,0.9433333333333334,0.00998645168764533,request_rescan,0.855331
8599,8599,0.9433333333333334,0.00998645168764533,request_rescan,0.855432
8600,8600,0.9433333333333334,0.00998645168764533,discard,0.855532
8601,8601,0.9433333333333334,0.00998645168764533,discard,0.855661
8602,8602,0.9433333333333334,0.00998645168764533,discard,0.855757
8603,8603,0.9433333333333334,0.00998645168764533,discard,0.855851
8604,8604,0.9433333333333334,0.00998645168764533,discard,0.855945
8605,8605,0.9433333333333334,0.00998645168764533,discard,0.856044
8606,8606,0.9433333333333334,0.00998645168764533,request_rescan,0.856154
8607,8607,0.9433333333333334,0.00998645168764533,request_rescan,0.856279
8608,8608,0.9433333333333334,0.00998645168764533,request_rescan,0.856395
8609,8609,0.9433333333333334,0.00998645168764533,discard,0.856493
8610,8610,0.9433333333333334,0.00998645168764533,request_rescan,0.856587
8611,8611,0.9433333333333334,0.00998645168764533,request_rescan,0.856681
8612,8612,0.9433333333333334,0.00998645168764533,discard,0.856772
8613,8613,0.9433333333333334,0.00998645168764533,discard,0.856864
8614,8614,0.9433333333333334,0.00998645168764533,request_rescan,0.85696
8615,8615,0.9433333333333334,0.00998645168764533,discard,0.85706
8616,8616,0.9433333333333334,0.00998645168764533,discard,0.857159
8617,8617,0.9433333333333334,0.00998645168764533,request_rescan,0.857254
8618,8618,0.9433333333333334,0.00998645168764533,discard,0.857348
8619,8619,0.9433333333333334,0.00998645168764533,request_rescan,0.857442
8620,8620,0.9433333333333334,0.00998645168764533,request_rescan,0.857547
8621,8621,0.9433333333333334,0.00998645168764533,discard,0.857641
8622,8622,0.9433333333333334,0.00998645168764533,discard,0.857736
8623,8623,0.9433333333333334,0.00998645168764533,discard,0.857868
8624,8624,0.9433333333333334,0.00998645168764533,discard,0.857968
8625,8625,0.9433333333333334,0.00998645168764533,request_rescan,0.858064
8626,8626,0.9433333333333334,0.00998645168764533,request_rescan,0.858159
8627,8627,0.9433333333333334,0.00998645168764533,request_rescan,0.858253
8628,8628,0.9433333333333334,0.00998645168764533,request_rescan,0.858348
8629,8629,0.9433333333333334,0.00998645168764533,discard,0.858439
8630,8630,0.9433333333333334,0.00998645168764533,request_rescan,0.858537
8631,8631,0.9433333333333334,0.00998645168764533,discard,0.858637
8632,8632,0.9433333333333334,0.00998645168764533,request_rescan,0.858733
8633,8633,0.9433333333333334,0.00998645168764533,request_rescan,0.858827
8634,8634,0.9433333333333334,0.00998645168764533,request_rescan,0.858926
8635,8635,0.9433333333333334,0.00998645168764533,request_rescan,0.859023
8636,8636,0.9433333333333334,0.00998645168764533,discard,0.859124
8637,8637,0.9433333333333334,0.00998645168764533,discard,0.859225
8638,8638,0.9433333333333334,0.00998645168764533,request_rescan,0.85932
8639,8639,0.9433333333333334,0.00998645168764533,discard,0.859418
8640,8640,0.9433333333333334,0.00998645168764533,discard,0.859516
8641,8641,0.9433333333333334,0.00998645168764533,discard,0.859612
8642,8642,0.9433333333333334,0.00998645168764533,request_rescan,0.859708
8643,8643,0.9433333333333334,0.00998645168764533,discard,0.859806
8644,8644,0.9433333333333334,0.00998645168764533,discard,0.859902
8645,8645,0.9433333333333334,0.00998645168764533,request_rescan,0.859998
8646,8646,0.9433333333333334,0.00998645168764533,discard,0.860092
8647,8647,0.9433333333333334,0.00998645168764533,request_rescan,0.860187
8648,8648,0.9433333333333334,0.00998645168764533,request_rescan,0.860283
8649,8649,0.9433333333333334,0.00998645168764533,discard,0.860378
8650,8650,0.9433333333333334,0.00998645168764533,request_rescan,0.860478
8651,8651,0.9433333333333334,0.00998645168764533,request_rescan,0.860576
8652,8652,0.9433333333333334,0.00998645168764533,discard,0.860673
8653,8653,0.9433333333333334,0.00998645168764533,discard,0.860768
8654,8654,0.9433333333333334,0.00998645168764533,discard,0.86086
8655,8655,0.9433333333333334,0.00998645168764533,request_rescan,0.860953
8656,8656,0.9433333333333334,0.00998645168764533,discard,0.86105
8657,8657,0.9433333333333334,0.00998645168764533,request_rescan,0.861149
8658,8658,0.9433333333333334,0.00998645168764533,discard,0.861248
8659,8659,0.9433333333333334,0.00998645168764533,discard,0.861343
8660,8660,0.9433333333333334,0.00998645168764533,request_rescan,0.861436
8661,8661,0.9433333333333334,0.00998645168764533,request_rescan,0.861532
8662,8662,0.9433333333333334,0.00998645168764533,discard,0.861623
8663,8663,0.9433333333333334,0.00998645168764533,request_rescan,0.861715
8664,8664,0.9433333333333334,0.00998645168764533,request_rescan,0.861807
8665,8665,0.9433333333333334,0.00998645168764533,request_rescan,0.861898
8666,8666,0.9433333333333334,0.00998645168764533,discard,0.862009
8667,8667,0.9433333333333334,0.00998645168764533,request_rescan,0.862112
8668,8668,0.9433333333333334,0.00998645168764533,discard,0.862212
8669,8669,0.9433333333333334,0.00998645168764533,request_rescan,0.862309
8670,8670,0.9433333333333334,0.00998645168764533,request_rescan,0.862405
8671,8671,0.9433333333333334,0.00998645168764533,request_rescan,0.862517
8672,8672,0.9433333333333334,0.00998645168764533,discard,0.862611
8673,8673,0.9433333333333334,0.00998645168764533,discard,0.862703
8674,8674,0.9433333333333334,0.00998645168764533,request_rescan,0.862813
8675,8675,0.9433333333333334,0.00998645168764533,discard,0.862914
8676,8676,0.9433333333333334,0.00998645168764533,request_rescan,0.863019
8677,8677,0.9433333333333334,0.00998645168764533,request_rescan,0.863118
8678,8678,0.9433333333333334,0.00998645168764533,discard,0.863213
8679,8679,0.9433333333333334,0.00998645168764533,request_rescan,0.863309
8680,8680,0.9433333333333334,0.00998645168764533,request_rescan,0.863404
8681,8681,0.9433333333333334,0.00998645168764533,request_rescan,0.863501
8682,8682,0.9433333333333334,0.00998645168764533,discard,0.863596
8683,8683,0.9433333333333334,0.00998645168764533,discard,0.863706
8684,8684,0.9433333333333334,0.00998645168764533,request_rescan,0.863827
8685,8685,0.9433333333333334,0.00998645168764533,discard,0.863925
8686,8686,0.9433333333333334,0.00998645168764533,discard,0.86402
8687,8687,0.9433333333333334,0.00998645168764533,discard,0.864118
8688,8688,0.9433333333333334,0.00998645168764533,discard,0.864213
8689,8689,0.9433333333333334,0.00998645168764533,discard,0.864306
8690,8690,0.9433333333333334,0.00998645168764533,discard,0.864401
8691,8691,0.9433333333333334,0.00998645168764533,request_rescan,0.864503
8692,8692,0.9433333333333334,0.00998645168764533,request_rescan,0.864599
8693,8693,0.9433333333333334,0.00998645168764533,discard,0.864693
8694,8694,0.9433333333333334,0.00998645168764533,discard,0.864787
8695,8695,0.9433333333333334,0.00998645168764533,request_rescan,0.864883
8696,8696,0.9433333333333334,0.00998645168764533,discard,0.864977
8697,8697,0.9433333333333334,0.00998645168764533,discard,0.865092
8698,8698,0.9433333333333334,0.00998645168764533,discard,0.865187
8699,8699,0.9433333333333334,0.00998645168764533,request_rescan,0.865286
8700,8700,0.9433333333333334,0.00998645168764533,request_rescan,0.865381
8701,8701,0.9433333333333334,0.00998645168764533,discard,0.865508
8702,8702,0.9433333333333334,0.00998645168764533,discard,0.865607
8703,8703,0.9433333333333334,0.00998645168764533,discard,0.865703
8704,8704,0.9433333333333334,0.00998645168764533,discard,0.865801
8705,8705,0.9433333333333334,0.00998645168764533,request_rescan,0.865896
8706,8706,0.9433333333333334,0.00998645168764533,request_rescan,0.865989
8707,8707,0.9433333333333334,0.00998645168764533,request_rescan,0.866081
8708,8708,0.9433333333333334,0.00998645168764533,request_rescan,0.866174
8709,8709,0.9433333333333334,0.00998645168764533,discard,0.866274
8710,8710,0.9433333333333334,0.00998645168764533,request_rescan,0.86637
8711,8711,0.9433333333333334,0.00998645168764533,request_rescan,0.86647
8712,8712,0.9433333333333334,0.00998645168764533,discard,0.866568
8713,8713,0.9433333333333334,0.00998645168764533,discard,0.866662
8714,8714,0.9433333333333334,0.00998645168764533,request_rescan,0.866759
8715,8715,0.9433333333333334,0.00998645168764533,discard,0.866859
8716,8716,0.9433333333333334,0.00998645168764533,discard,0.866956
8717,8717,0.9433333333333334,0.00998645168764533,discard,0.867051
8718,8718,0.9433333333333334,0.00998645168764533,discard,0.867143
8719,8719,0.9433333333333334,0.00998645168764533,discard,0.867236
8720,8720,0.9433333333333334,0.00998645168764533,request_rescan,0.867328
8721,8721,0.9433333333333334,0.00998645168764533,request_rescan,0.867423
8722,8722,0.9433333333333334,0.00998645168764533,discard,0.867526
8723,8723,0.9433333333333334,0.00998645168764533,discard,0.867619
8724,8724,0.9433333333333334,0.00998645168764533,request_rescan,0.867714
8725,8725,0.9433333333333334,0.00998645168764533,discard,0.867806
8726,8726,0.9433333333333334,0.00998645168764533,request_rescan,0.867901
8727,8727,0.9433333333333334,0.00998645168764533,discard,0.867993
8728,8728,0.9433333333333334,0.00998645168764533,discard,0.868084
8729,8729,0.9433333333333334,0.00998645168764533,discard,0.868178
8730,8730,0.9433333333333334,0.00998645168764533,discard,0.868287
8731,8731,0.9433333333333334,0.00998645168764533,request_rescan,0.868399
8732,8732,0.9433333333333334,0.00998645168764533,request_rescan,0.868498
8733,8733,0.9433333333333334,0.00998645168764533,discard,0.86859
8734,8734,0.9433333333333334,0.00998645168764533,discard,0.868688
8735,8735,0.9433333333333334,0.00998645168764533,request_rescan,0.868785
8736,8736,0.9433333333333334,0.00998645168764533,request_rescan,0.86888
8737,8737,0.9433333333333334,0.00998645168764533,discard,0.868977
8738,8738,0.9433333333333334,0.00998645168764533,discard,0.86907
8739,8739,0.9433333333333334,0.00998645168764533,request_rescan,0.869164
8740,8740,0.9433333333333334,0.00998645168764533,discard,0.869258
8741,8741,0.9433333333333334,0.00998645168764533,request_rescan,0.869352
8742,8742,0.9433333333333334,0.00998645168764533,discard,0.869447
8743,8743,0.9433333333333334,0.00998645168764533,discard,0.869546
8744,8744,0.9433333333333334,0.00998645168764533,request_rescan,0.86964
8745,8745,0.9433333333333334,0.00998645168764533,request_rescan,0.869736
8746,8746,0.9433333333333334,0.00998645168764533,discard,0.869835
8747,8747,0.9433333333333334,0.00998645168764533,discard,0.869932
8748,8748,0.9433333333333334,0.00998645168764533,request_rescan,0.870028
8749,8749,0.9433333333333334,0.00998645168764533,discard,0.870122
8750,8750,0.9433333333333334,0.00998645168764533,discard,0.870215
8751,8751,0.9433333333333334,0.00998645168764533,request_rescan,0.87031
8752,8752,0.9433333333333334,0.00998645168764533,request_rescan,0.870402
8753,8753,0.9433333333333334,0.00998645168764533,request_rescan,0.870506
8754,8754,0.9433333333333334,0.00998645168764533,request_rescan,0.870603
8755,8755,0.9433333333333334,0.00998645168764533,discard,0.870704
8756,8756,0.9433333333333334,0.00998645168764533,discard,0.870797
8757,8757,0.9433333333333334,0.00998645168764533,discard,0.870898
8758,8758,0.9433333333333334,0.00998645168764533,request_rescan,0.870995
8759,8759,0.9433333333333334,0.00998645168764533,discard,0.871089
8760,8760,0.9433333333333334,0.00998645168764533,discard,0.871182
8761,8761,0.9433333333333334,0.00998645168764533,request_rescan,0.871279
8762,8762,0.9433333333333334,0.00998645168764533,discard,0.871378
8763,8763,0.9433333333333334,0.00998645168764533,discard,0.871479
8764,8764,0.9433333333333334,0.00998645168764533,discard,0.871576
8765,8765,0.9433333333333334,0.00998645168764533,discard,0.871668
8766,8766,0.9433333333333334,0.00998645168764533,request_rescan,0.871763
8767,8767,0.9433333333333334,0.00998645168764533,request_rescan,0.871857
8768,8768,0.9433333333333334,0.00998645168764533,discard,0.871948
8769,8769,0.9433333333333334,0.00998645168764533,request_rescan,0.872045
8770,8770,0.9433333333333334,0.00998645168764533,request_rescan,0.87214
8771,8771,0.9433333333333334,0.00998645168764533,request_rescan,0.872236
8772,8772,0.9433333333333334,0.00998645168764533,request_rescan,0.872333
8773,8773,0.9433333333333334,0.00998645168764533,discard,0.872432
8774,8774,0.9433333333333334,0.00998645168764533,request_rescan,0.872529
8775,8775,0.9433333333333334,0.00998645168764533,request_rescan,0.872623
8776,8776,0.9433333333333334,0.00998645168764533,request_rescan,0.872716
8777,8777,0.9433333333333334,0.00998645168764533,request_rescan,0.872809
8778,8778,0.9433333333333334,0.00998645168764533,request_rescan,0.872907
8779,8779,0.9433333333333334,0.00998645168764533,request_rescan,0.873004
8780,8780,0.9433333333333334,0.00998645168764533,request_rescan,0.873098
8781,8781,0.9433333333333334,0.00998645168764533,discard,0.873196
8782,8782,0.9433333333333334,0.00998645168764533,request_rescan,0.873294
8783,8783,0.9433333333333334,0.00998645168764533,request_rescan,0.873387
8784,8784,0.9433333333333334,0.00998645168764533,discard,0.873485
8785,8785,0.9433333333333334,0.00998645168764533,request_rescan,0.873585
8786,8786,0.9433333333333334,0.00998645168764533,discard,0.873687
8787,8787,0.9433333333333334,0.00998645168764533,request_rescan,0.873783
8788,8788,0.9433333333333334,0.00998645168764533,discard,0.873878
8789,8789,0.9433333333333334,0.00998645168764533,discard,0.873974
8790,8790,0.9433333333333334,0.00998645168764533,request_rescan,0.874073
8791,8791,0.9433333333333334,0.00998645168764533,request_rescan,0.874166
8792,8792,0.9433333333333334,0.00998645168764533,discard,0.87426
8793,8793,0.9433333333333334,0.00998645168764533,discard,0.874355
8794,8794,0.9433333333333334,0.00998645168764533,request_rescan,0.874486
8795,8795,0.9433333333333334,0.00998645168764533,request_rescan,0.874579
8796,8796,0.9433333333333334,0.00998645168764533,discard,0.874675
8797,8797,0.9433333333333334,0.00998645168764533,discard,0.874767
8798,8798,0.9433333333333334,0.00998645168764533,discard,0.874859
8799,8799,0.9433333333333334,0.00998645168764533,discard,0.874954
8800,8800,0.9433333333333334,0.00998645168764533,discard,0.875064
8801,8801,0.9433333333333334,0.00998645168764533,discard,0.875228
8802,8802,0.9433333333333334,0.00998645168764533,discard,0.875337
8803,8803,0.9433333333333334,0.00998645168764533,request_rescan,0.875433
8804,8804,0.9433333333333334,0.00998645168764533,request_rescan,0.87553
8805,8805,0.9433333333333334,0.00998645168764533,discard,0.87563
8806,8806,0.9433333333333334,0.00998645168764533,discard,0.87573
8807,8807,0.9433333333333334,0.00998645168764533,request_rescan,0.875826
8808,8808,0.9433333333333334,0.00998645168764533,discard,0.875923
8809,8809,0.9433333333333334,0.00998645168764533,request_rescan,0.876017
8810,8810,0.9433333333333334,0.00998645168764533,request_rescan,0.876113
8811,8811,0.9433333333333334,0.00998645168764533,discard,0.876205
8812,8812,0.9433333333333334,0.00998645168764533,request_rescan,0.8763
8813,8813,0.9433333333333334,0.00998645168764533,request_rescan,0.876395
8814,8814,0.9433333333333334,0.00998645168764533,discard,0.876497
8815,8815,0.9433333333333334,0.00998645168764533,discard,0.876591
8816,8816,0.9433333333333334,0.00998645168764533,discard,0.876683
8817,8817,0.9433333333333334,0.00998645168764533,request_rescan,0.876778
8818,8818,0.9433333333333334,0.00998645168764533,discard,0.876875
8819,8819,0.9433333333333334,0.00998645168764533,request_rescan,0.876969
8820,8820,0.9433333333333334,0.00998645168764533,request_rescan,0.877062
8821,8821,0.9433333333333334,0.00998645168764533,request_rescan,0.877157
8822,8822,0.9433333333333334,0.00998645168764533,discard,0.87725
8823,8823,0.9433333333333334,0.00998645168764533,discard,0.877341
8824,8824,0.9433333333333334,0.00998645168764533,discard,0.877445
8825,8825,0.9433333333333334,0.00998645168764533,request_rescan,0.877545
8826,8826,0.9433333333333334,0.00998645168764533,discard,0.877639
8827,8827,0.9433333333333334,0.00998645168764533,discard,0.877736
8828,8828,0.9433333333333334,0.00998645168764533,discard,0.877834
8829,8829,0.9433333333333334,0.00998645168764533,request_rescan,0.877931
8830,8830,0.9433333333333334,0.00998645168764533,request_rescan,0.878024
8831,8831,0.9433333333333334,0.00998645168764533,request_rescan,0.878124
8832,8832,0.9433333333333334,0.00998645168764533,discard,0.878224
8833,8833,0.9433333333333334,0.00998645168764533,request_rescan,0.878321
8834,8834,0.9433333333333334,0.00998645168764533,request_rescan,0.878417
8835,8835,0.9433333333333334,0.00998645168764533,request_rescan,0.878514
8836,8836,0.9433333333333334,0.00998645168764533,request_rescan,0.878609
8837,8837,0.9433333333333334,0.00998645168764533,request_rescan,0.878726
8838,8838,0.9433333333333334,0.00998645168764533,discard,0.878822
8839,8839,0.9433333333333334,0.00998645168764533,request_rescan,0.878917
8840,8840,0.9433333333333334,0.00998645168764533,discard,0.87901
8841,8841,0.9433333333333334,0.00998645168764533,discard,0.879103
8842,8842,0.9433333333333334,0.00998645168764533,request_rescan,0.879217
8843,8843,0.9433333333333334,0.00998645168764533,request_rescan,0.879312
8844,8844,0.9433333333333334,0.00998645168764533,request_rescan,0.879405
8845,8845,0.9433333333333334,0.00998645168764533,request_rescan,0.879515
8846,8846,0.9433333333333334,0.00998645168764533,discard,0.879612
8847,8847,0.9433333333333334,0.00998645168764533,request_rescan,0.879706
8848,8848,0.9433333333333334,0.00998645168764533,discard,0.879797
8849,8849,0.9433333333333334,0.00998645168764533,request_rescan,0.87989
8850,8850,0.9433333333333334,0.00998645168764533,request_rescan,0.879987
8851,8851,0.9433333333333334,0.00998645168764533,discard,0.880083
8852,8852,0.9433333333333334,0.00998645168764533,request_rescan,0.880179
8853,8853,0.9433333333333334,0.00998645168764533,request_rescan,0.880275
8854,8854,0.9433333333333334,0.00998645168764533,discard,0.880372
8855,8855,0.9433333333333334,0.00998645168764533,request_rescan,0.880471
8856,8856,0.9433333333333334,0.00998645168764533,request_rescan,0.880568
8857,8857,0.9433333333333334,0.00998645168764533,discard,0.880664
8858,8858,0.9433333333333334,0.00998645168764533,discard,0.880759
8859,8859,0.9433333333333334,0.00998645168764533,discard,0.880853
8860,8860,0.9433333333333334,0.00998645168764533,discard,0.880945
8861,8861,0.9433333333333334,0.00998645168764533,request_rescan,0.88104
8862,8862,0.9433333333333334,0.00998645168764533,discard,0.881133
8863,8863,0.9433333333333334,0.00998645168764533,discard,0.881245
8864,8864,0.9433333333333334,0.00998645168764533,request_rescan,0.881341
8865,8865,0.9433333333333334,0.00998645168764533,discard,0.881435
8866,8866,0.9433333333333334,0.00998645168764533,request_rescan,0.881531
8867,8867,0.9433333333333334,0.00998645168764533,discard,0.881622
8868,8868,0.9433333333333334,0.00998645168764533,discard,0.881713
8869,8869,0.9433333333333334,0.00998645168764533,request_rescan,0.881806
8870,8870,0.9433333333333334,0.00998645168764533,request_rescan,0.881902
8871,8871,0.9433333333333334,0.00998645168764533,request_rescan,0.882
8872,8872,0.9433333333333334,0.00998645168764533,request_rescan,0.882095
8873,8873,0.9433333333333334,0.00998645168764533,request_rescan,0.882191
8874,8874,0.9433333333333334,0.00998645168764533,request_rescan,0.882284
8875,8875,0.9433333333333334,0.00998645168764533,discard,0.882381
8876,8876,0.9433333333333334,0.00998645168764533,request_rescan,0.882477
8877,8877,0.9433333333333334,0.00998645168764533,request_rescan,0.88257
8878,8878,0.9433333333333334,0.00998645168764533,discard,0.882663
8879,8879,0.9433333333333334,0.00998645168764533,request_rescan,0.882755
8880,8880,0.9433333333333334,0.00998645168764533,discard,0.882848
8881,8881,0.9433333333333334,0.00998645168764533,request_rescan,0.882944
8882,8882,0.9433333333333334,0.00998645168764533,discard,0.883043
8883,8883,0.9433333333333334,0.00998645168764533,discard,0.883141
8884,8884,0.9433333333333334,0.00998645168764533,discard,0.883242
8885,8885,0.9433333333333334,0.00998645168764533,discard,0.883344
8886,8886,0.9433333333333334,0.00998645168764533,discard,0.883442
8887,8887,0.9433333333333334,0.00998645168764533,request_rescan,0.88354
8888,8888,0.9433333333333334,0.00998645168764533,request_rescan,0.883638
8889,8889,0.9433333333333334,0.00998645168764533,discard,0.883731
8890,8890,0.9433333333333334,0.00998645168764533,discard,0.883833
8891,8891,0.9433333333333334,0.00998645168764533,request_rescan,0.883931
8892,8892,0.9433333333333334,0.00998645168764533,request_rescan,0.884027
8893,8893,0.9433333333333334,0.00998645168764533,request_rescan,0.884121
8894,8894,0.9433333333333334,0.00998645168764533,request_rescan,0.884214
8895,8895,0.9433333333333334,0.00998645168764533,request_rescan,0.884306
8896,8896,0.9433333333333334,0.00998645168764533,request_rescan,0.884398
8897,8897,0.9433333333333334,0.00998645168764533,request_rescan,0.884496
8898,8898,0.9433333333333334,0.00998645168764533,discard,0.884593
8899,8899,0.9433333333333334,0.00998645168764533,discard,0.884688
8900,8900,0.9433333333333334,0.00998645168764533,discard,0.884785
8901,8901,0.9433333333333334,0.00998645168764533,discard,0.884912
8902,8902,0.9433333333333334,0.00998645168764533,discard,0.88501
8903,8903,0.9433333333333334,0.00998645168764533,discard,0.885104
8904,8904,0.9433333333333334,0.00998645168764533,request_rescan,0.885199
8905,8905,0.9433333333333334,0.00998645168764533,discard,0.885295
8906,8906,0.9433333333333334,0.00998645168764533,discard,0.885391
8907,8907,0.9433333333333334,0.00998645168764533,request_rescan,0.88549
8908,8908,0.9433333333333334,0.00998645168764533,request_rescan,0.885596
8909,8909,0.9433333333333334,0.00998645168764533,request_rescan,0.885719
8910,8910,0.9433333333333334,0.00998645168764533,discard,0.885817
8911,8911,0.9433333333333334,0.00998645168764533,discard,0.88591
8912,8912,0.9433333333333334,0.00998645168764533,discard,0.885999
8913,8913,0.9433333333333334,0.00998645168764533,request_rescan,0.886097
8914,8914,0.9433333333333334,0.00998645168764533,request_rescan,0.886196
8915,8915,0.9433333333333334,0.00998645168764533,request_rescan,0.886292
8916,8916,0.9433333333333334,0.00998645168764533,request_rescan,0.886383
8917,8917,0.9433333333333334,0.00998645168764533,discard,0.88648
8918,8918,0.9433333333333334,0.00998645168764533,request_rescan,0.886576
8919,8919,0.9433333333333334,0.00998645168764533,discard,0.886669
8920,8920,0.9433333333333334,0.00998645168764533,request_rescan,0.886767
8921,8921,0.9433333333333334,0.00998645168764533,discard,0.886868
8922,8922,0.9433333333333334,0.00998645168764533,request_rescan,0.886963
8923,8923,0.9433333333333334,0.00998645168764533,discard,0.887057
8924,8924,0.9433333333333334,0.00998645168764533,discard,0.887149
8925,8925,0.9433333333333334,0.00998645168764533,discard,0.887242
8926,8926,0.9433333333333334,0.00998645168764533,discard,0.887342
8927,8927,0.9433333333333334,0.00998645168764533,discard,0.887441
8928,8928,0.9433333333333334,0.00998645168764533,request_rescan,0.88754
8929,8929,0.9433333333333334,0.00998645168764533,request_rescan,0.887636
8930,8930,0.9433333333333334,0.00998645168764533,discard,0.887731
8931,8931,0.9433333333333334,0.00998645168764533,request_rescan,0.887824
8932,8932,0.9433333333333334,0.00998645168764533,request_rescan,0.887915
8933,8933,0.9433333333333334,0.00998645168764533,request_rescan,0.888009
8934,8934,0.9433333333333334,0.00998645168764533,request_rescan,0.888101
8935,8935,0.9433333333333334,0.00998645168764533,discard,0.888201
8936,8936,0.9433333333333334,0.00998645168764533,request_rescan,0.888297
8937,8937,0.9433333333333334,0.00998645168764533,discard,0.888393
8938,8938,0.9433333333333334,0.00998645168764533,discard,0.888491
8939,8939,0.9433333333333334,0.00998645168764533,discard,0.888583
8940,8940,0.9433333333333334,0.00998645168764533,request_rescan,0.888676
8941,8941,0.9433333333333334,0.00998645168764533,discard,0.888771
8942,8942,0.9433333333333334,0.00998645168764533,discard,0.888881
8943,8943,0.9433333333333334,0.00998645168764533,discard,0.889008
8944,8944,0.9433333333333334,0.00998645168764533,request_rescan,0.889106
8945,8945,0.9433333333333334,0.00998645168764533,request_rescan,0.8892
8946,8946,0.9433333333333334,0.00998645168764533,request_rescan,0.889294
8947,8947,0.9433333333333334,0.00998645168764533,request_rescan,0.88939
8948,8948,0.9433333333333334,0.00998645168764533,request_rescan,0.889489
8949,8949,0.9433333333333334,0.00998645168764533,request_rescan,0.889584
8950,8950,0.9433333333333334,0.00998645168764533,request_rescan,0.88968
8951,8951,0.9433333333333334,0.00998645168764533,request_rescan,0.889775
8952,8952,0.9433333333333334,0.00998645168764533,discard,0.889876
8953,8953,0.9433333333333334,0.00998645168764533,discard,0.889974
8954,8954,0.9433333333333334,0.00998645168764533,discard,0.890071
8955,8955,0.9433333333333334,0.00998645168764533,request_rescan,0.890167
8956,8956,0.9433333333333334,0.00998645168764533,request_rescan,0.890259
8957,8957,0.9433333333333334,0.00998645168764533,request_rescan,0.890354
8958,8958,0.9433333333333334,0.00998645168764533,discard,0.890453
8959,8959,0.9433333333333334,0.00998645168764533,request_rescan,0.890553
8960,8960,0.9433333333333334,0.00998645168764533,request_rescan,0.890647
8961,8961,0.9433333333333334,0.00998645168764533,request_rescan,0.890742
8962,8962,0.9433333333333334,0.00998645168764533,request_rescan,0.890836
8963,8963,0.9433333333333334,0.00998645168764533,request_rescan,0.890928
8964,8964,0.9433333333333334,0.00998645168764533,request_rescan,0.891022
8965,8965,0.9433333333333334,0.00998645168764533,discard,0.891156
8966,8966,0.9433333333333334,0.00998645168764533,discard,0.89126
8967,8967,0.9433333333333334,0.00998645168764533,discard,0.891351
8968,8968,0.9433333333333334,0.00998645168764533,request_rescan,0.891447
8969,8969,0.9433333333333334,0.00998645168764533,request_rescan,0.891543
8970,8970,0.9433333333333334,0.00998645168764533,discard,0.891635
8971,8971,0.9433333333333334,0.00998645168764533,request_rescan,0.891728
8972,8972,0.9433333333333334,0.00998645168764533,request_rescan,0.891821
8973,8973,0.9433333333333334,0.00998645168764533,discard,0.891915
8974,8974,0.9433333333333334,0.00998645168764533,request_rescan,0.892007
8975,8975,0.9433333333333334,0.00998645168764533,discard,0.892103
8976,8976,0.9433333333333334,0.00998645168764533,discard,0.892195
8977,8977,0.9433333333333334,0.00998645168764533,request_rescan,0.892291
8978,8978,0.9433333333333334,0.00998645168764533,request_rescan,0.892387
8979,8979,0.9433333333333334,0.00998645168764533,discard,0.89249
8980,8980,0.9433333333333334,0.00998645168764533,discard,0.892583
8981,8981,0.9433333333333334,0.00998645168764533,request_rescan,0.892678
8982,8982,0.9433333333333334,0.00998645168764533,request_rescan,0.892773
8983,8983,0.9433333333333334,0.00998645168764533,discard,0.892871
8984,8984,0.9433333333333334,0.00998645168764533,discard,0.892965
8985,8985,0.9433333333333334,0.00998645168764533,discard,0.893062
8986,8986,0.9433333333333334,0.00998645168764533,discard,0.893155
8987,8987,0.9433333333333334,0.00998645168764533,discard,0.893252
8988,8988,0.9433333333333334,0.00998645168764533,request_rescan,0.893349
8989,8989,0.9433333333333334,0.00998645168764533,request_rescan,0.893445
8990,8990,0.9433333333333334,0.00998645168764533,request_rescan,0.893546
8991,8991,0.9433333333333334,0.00998645168764533,request_rescan,0.89364
8992,8992,0.9433333333333334,0.00998645168764533,discard,0.893737
8993,8993,0.9433333333333334,0.00998645168764533,discard,0.893832
8994,8994,0.9433333333333334,0.00998645168764533,request_rescan,0.893927
8995,8995,0.9433333333333334,0.00998645168764533,request_rescan,0.894019
8996,8996,0.9433333333333334,0.00998645168764533,discard,0.894112
8997,8997,0.9433333333333334,0.00998645168764533,request_rescan,0.894208
8998,8998,0.9433333333333334,0.00998645168764533,request_rescan,0.894302
8999,8999,0.9433333333333334,0.00998645168764533,discard,0.894414
9000,9000,0.9433333333333334,0.00998645168764533,request_rescan,0.894541
9001,9001,0.9433333333333334,0.00998645168764533,discard,0.894711
9002,9002,0.9433333333333334,0.00998645168764533,discard,0.894809
9003,9003,0.9433333333333334,0.00998645168764533,request_rescan,0.894906
9004,9004,0.9433333333333334,0.00998645168764533,request_rescan,0.895001
9005,9005,0.9433333333333334,0.00998645168764533,discard,0.895096
9006,9006,0.9433333333333334,0.00998645168764533,discard,0.895189
9007,9007,0.9433333333333334,0.00998645168764533,request_rescan,0.895287
9008,9008,0.9433333333333334,0.00998645168764533,discard,0.895384
9009,9009,0.9433333333333334,0.00998645168764533,discard,0.895518
9010,9010,0.9433333333333334,0.00998645168764533,discard,0.895615
9011,9011,0.9433333333333334,0.00998645168764533,request_rescan,0.895713
9012,9012,0.9433333333333334,0.00998645168764533,discard,0.895812
9013,9013,0.9433333333333334,0.00998645168764533,discard,0.895928
9014,9014,0.9433333333333334,0.00998645168764533,request_rescan,0.89603
9015,9015,0.9433333333333334,0.00998645168764533,discard,0.896126
9016,9016,0.9433333333333334,0.00998645168764533,discard,0.896227
9017,9017,0.9433333333333334,0.00998645168764533,discard,0.896322
9018,9018,0.9433333333333334,0.00998645168764533,discard,0.896433
9019,9019,0.9433333333333334,0.00998645168764533,request_rescan,0.896538
9020,9020,0.9433333333333334,0.00998645168764533,discard,0.896634
9021,9021,0.9433333333333334,0.00998645168764533,discard,0.896728
9022,9022,0.9433333333333334,0.00998645168764533,request_rescan,0.896826
9023,9023,0.9433333333333334,0.00998645168764533,discard,0.896919
9024,9024,0.9433333333333334,0.00998645168764533,discard,0.897012
9025,9025,0.9433333333333334,0.00998645168764533,discard,0.897103
9026,9026,0.9433333333333334,0.00998645168764533,discard,0.897199
9027,9027,0.9433333333333334,0.00998645168764533,request_rescan,0.897297
9028,9028,0.9433333333333334,0.00998645168764533,discard,0.89739
9029,9029,0.9433333333333334,0.00998645168764533,request_rescan,0.897487
9030,9030,0.9433333333333334,0.00998645168764533,request_rescan,0.897583
9031,9031,0.9433333333333334,0.00998645168764533,request_rescan,0.897679
9032,9032,0.9433333333333334,0.00998645168764533,discard,0.897773
9033,9033,0.9433333333333334,0.00998645168764533,discard,0.897872
9034,9034,0.9433333333333334,0.00998645168764533,discard,0.897966
9035,9035,0.9433333333333334,0.00998645168764533,request_rescan,0.89806
9036,9036,0.9433333333333334,0.00998645168764533,request_rescan,0.898159
9037,9037,0.9433333333333334,0.00998645168764533,request_rescan,0.898255
9038,9038,0.9433333333333334,0.00998645168764533,request_rescan,0.89835
9039,9039,0.9433333333333334,0.00998645168764533,discard,0.898446
9040,9040,0.9433333333333334,0.00998645168764533,request_rescan,0.898544
9041,9041,0.9433333333333334,0.00998645168764533,discard,0.898644
9042,9042,0.9433333333333334,0.00998645168764533,request_rescan,0.89874
9043,9043,0.9433333333333334,0.00998645168764533,request_rescan,0.898849
9044,9044,0.9433333333333334,0.00998645168764533,request_rescan,0.898945
9045,9045,0.9433333333333334,0.00998645168764533,discard,0.89904
9046,9046,0.9433333333333334,0.00998645168764533,discard,0.899139
9047,9047,0.9433333333333334,0.00998645168764533,request_rescan,0.899233
9048,9048,0.9433333333333334,0.00998645168764533,discard,0.899326
9049,9049,0.9433333333333334,0.00998645168764533,discard,0.899421
9050,9050,0.9433333333333334,0.00998645168764533,request_rescan,0.899516
9051,9051,0.9433333333333334,0.00998645168764533,request_rescan,0.899609
9052,9052,0.9433333333333334,0.00998645168764533,request_rescan,0.899702
9053,9053,0.9433333333333334,0.00998645168764533,discard,0.899809
9054,9054,0.9433333333333334,0.00998645168764533,request_rescan,0.899929
9055,9055,0.9433333333333334,0.00998645168764533,request_rescan,0.900037
9056,9056,0.9433333333333334,0.00998645168764533,discard,0.900131
9057,9057,0.9433333333333334,0.00998645168764533,discard,0.900227
9058,9058,0.9433333333333334,0.00998645168764533,request_rescan,0.90032
9059,9059,0.9433333333333334,0.00998645168764533,discard,0.900416
9060,9060,0.9433333333333334,0.00998645168764533,request_rescan,0.900524
9061,9061,0.9433333333333334,0.00998645168764533,request_rescan,0.90062
9062,9062,0.9433333333333334,0.00998645168764533,discard,0.900714
9063,9063,0.9433333333333334,0.00998645168764533,discard,0.900813
9064,9064,0.9433333333333334,0.00998645168764533,request_rescan,0.90091
9065,9065,0.9433333333333334,0.00998645168764533,request_rescan,0.90101
9066,9066,0.9433333333333334,0.00998645168764533,discard,0.901111
9067,9067,0.9433333333333334,0.00998645168764533,request_rescan,0.901209
9068,9068,0.9433333333333334,0.00998645168764533,request_rescan,0.901304
9069,9069,0.9433333333333334,0.00998645168764533,discard,0.9014
9070,9070,0.9433333333333334,0.00998645168764533,request_rescan,0.901501
9071,9071,0.9433333333333334,0.00998645168764533,discard,0.901602
9072,9072,0.9433333333333334,0.00998645168764533,discard,0.9017
9073,9073,0.9433333333333334,0.00998645168764533,request_rescan,0.901795
9074,9074,0.9433333333333334,0.00998645168764533,discard,0.901889
9075,9075,0.9433333333333334,0.00998645168764533,discard,0.901982
9076,9076,0.9433333333333334,0.00998645168764533,discard,0.902078
9077,9077,0.9433333333333334,0.00998645168764533,request_rescan,0.902173
9078,9078,0.9433333333333334,0.00998645168764533,request_rescan,0.902268
9079,9079,0.9433333333333334,0.00998645168764533,request_rescan,0.902362
9080,9080,0.9433333333333334,0.00998645168764533,request_rescan,0.902459
9081,9081,0.9433333333333334,0.00998645168764533,discard,0.902552
9082,9082,0.9433333333333334,0.00998645168764533,discard,0.902653
9083,9083,0.9433333333333334,0.00998645168764533,discard,0.902747
9084,9084,0.9433333333333334,0.00998645168764533,discard,0.902845
9085,9085,0.9433333333333334,0.00998645168764533,discard,0.902939
9086,9086,0.9433333333333334,0.00998645168764533,request_rescan,0.903033
9087,9087,0.9433333333333334,0.00998645168764533,request_rescan,0.903127
9088,9088,0.9433333333333334,0.00998645168764533,discard,0.903227
9089,9089,0.9433333333333334,0.00998645168764533,request_rescan,0.903323
9090,9090,0.9433333333333334,0.00998645168764533,discard,0.903418
9091,9091,0.9433333333333334,0.00998645168764533,discard,0.903515
9092,9092,0.9433333333333334,0.00998645168764533,discard,0.903609
9093,9093,0.9433333333333334,0.00998645168764533,discard,0.903702
9094,9094,0.9433333333333334,0.00998645168764533,discard,0.903796
9095,9095,0.9433333333333334,0.00998645168764533,request_rescan,0.903889
9096,9096,0.9433333333333334,0.00998645168764533,discard,0.903982
9097,9097,0.9433333333333334,0.00998645168764533,request_rescan,0.90408
9098,9098,0.9433333333333334,0.00998645168764533,request_rescan,0.904175
9099,9099,0.9433333333333334,0.00998645168764533,discard,0.904269
9100,9100,0.9433333333333334,0.00998645168764533,discard,0.904367
9101,9101,0.9433333333333334,0.00998645168764533,request_rescan,0.904493
9102,9102,0.9433333333333334,0.00998645168764533,discard,0.904587
9103,9103,0.9433333333333334,0.00998645168764533,request_rescan,0.904683
9104,9104,0.9433333333333334,0.00998645168764533,discard,0.904779
9105,9105,0.9433333333333334,0.00998645168764533,request_rescan,0.904887
9106,9106,0.9433333333333334,0.00998645168764533,request_rescan,0.905017
9107,9107,0.9433333333333334,0.00998645168764533,discard,0.905139
9108,9108,0.9433333333333334,0.00998645168764533,request_rescan,0.905234
9109,9109,0.9433333333333334,0.00998645168764533,discard,0.905327
9110,9110,0.9433333333333334,0.00998645168764533,discard,0.905421
9111,9111,0.9433333333333334,0.00998645168764533,discard,0.905522
9112,9112,0.9433333333333334,0.00998645168764533,discard,0.905616
9113,9113,0.9433333333333334,0.00998645168764533,request_rescan,0.905708
9114,9114,0.9433333333333334,0.00998645168764533,discard,0.90581
9115,9115,0.9433333333333334,0.00998645168764533,request_rescan,0.905908
9116,9116,0.9433333333333334,0.00998645168764533,request_rescan,0.906003
9117,9117,0.9433333333333334,0.00998645168764533,request_rescan,0.906096
9118,9118,0.9433333333333334,0.00998645168764533,discard,0.906191
9119,9119,0.9433333333333334,0.00998645168764533,request_rescan,0.906286
9120,9120,0.9433333333333334,0.00998645168764533,discard,0.906383
9121,9121,0.9433333333333334,0.00998645168764533,discard,0.90648
9122,9122,0.9433333333333334,0.00998645168764533,discard,0.906575
9123,9123,0.9433333333333334,0.00998645168764533,request_rescan,0.906669
9124,9124,0.9433333333333334,0.00998645168764533,discard,0.906765
9125,9125,0.9433333333333334,0.00998645168764533,discard,0.906864
9126,9126,0.9433333333333334,0.00998645168764533,discard,0.906962
9127,9127,0.9433333333333334,0.00998645168764533,discard,0.907056
9128,9128,0.9433333333333334,0.00998645168764533,discard,0.907149
9129,9129,0.9433333333333334,0.00998645168764533,request_rescan,0.907244
9130,9130,0.9433333333333334,0.00998645168764533,request_rescan,0.907339
9131,9131,0.9433333333333334,0.00998645168764533,discard,0.907433
9132,9132,0.9433333333333334,0.00998645168764533,request_rescan,0.907529
9133,9133,0.9433333333333334,0.00998645168764533,discard,0.907623
9134,9134,0.9433333333333334,0.00998645168764533,discard,0.90772
9135,9135,0.9433333333333334,0.00998645168764533,request_rescan,0.90785
9136,9136,0.9433333333333334,0.00998645168764533,request_rescan,0.907944
9137,9137,0.9433333333333334,0.00998645168764533,request_rescan,0.908041
9138,9138,0.9433333333333334,0.00998645168764533,discard,0.908132
9139,9139,0.9433333333333334,0.00998645168764533,request_rescan,0.908224
9140,9140,0.9433333333333334,0.00998645168764533,request_rescan,0.908319
9141,9141,0.9433333333333334,0.00998645168764533,discard,0.908419
9142,9142,0.9433333333333334,0.00998645168764533,discard,0.908519
9143,9143,0.9433333333333334,0.00998645168764533,discard,0.90862
9144,9144,0.9433333333333334,0.00998645168764533,request_rescan,0.908722
9145,9145,0.9433333333333334,0.00998645168764533,request_rescan,0.90882
9146,9146,0.9433333333333334,0.00998645168764533,discard,0.908917
9147,9147,0.9433333333333334,0.00998645168764533,discard,0.909015
9148,9148,0.9433333333333334,0.00998645168764533,request_rescan,0.909114
9149,9149,0.9433333333333334,0.00998645168764533,request_rescan,0.909212
9150,9150,0.9433333333333334,0.00998645168764533,request_rescan,0.909308
9151,9151,0.9433333333333334,0.00998645168764533,request_rescan,0.909402
9152,9152,0.9433333333333334,0.00998645168764533,discard,0.909502
9153,9153,0.9433333333333334,0.00998645168764533,discard,0.909599
9154,9154,0.9433333333333334,0.00998645168764533,discard,0.909692
9155,9155,0.9433333333333334,0.00998645168764533,request_rescan,0.909789
9156,9156,0.9433333333333334,0.00998645168764533,discard,0.90989
9157,9157,0.9433333333333334,0.00998645168764533,discard,0.909987
9158,9158,0.9433333333333334,0.00998645168764533,request_rescan,0.910083
9159,9159,0.9433333333333334,0.00998645168764533,request_rescan,0.910177
9160,9160,0.9433333333333334,0.00998645168764533,discard,0.910271
9161,9161,0.9433333333333334,0.00998645168764533,discard,0.910366
9162,9162,0.9433333333333334,0.00998645168764533,request_rescan,0.910465
9163,9163,0.9433333333333334,0.00998645168764533,discard,0.910567
9164,9164,0.9433333333333334,0.00998645168764533,discard,0.910671
9165,9165,0.9433333333333334,0.00998645168764533,discard,0.910764
9166,9166,0.9433333333333334,0.00998645168764533,discard,0.91086
9167,9167,0.9433333333333334,0.00998645168764533,discard,0.910956
9168,9168,0.9433333333333334,0.00998645168764533,request_rescan,0.911053
9169,9169,0.9433333333333334,0.00998645168764533,request_rescan,0.911151
9170,9170,0.9433333333333334,0.00998645168764533,request_rescan,0.91125
9171,9171,0.9433333333333334,0.00998645168764533,request_rescan,0.911343
9172,9172,0.9433333333333334,0.00998645168764533,discard,0.911443
9173,9173,0.9433333333333334,0.00998645168764533,request_rescan,0.911542
9174,9174,0.9433333333333334,0.00998645168764533,discard,0.911638
9175,9175,0.9433333333333334,0.00998645168764533,request_rescan,0.911732
9176,9176,0.9433333333333334,0.00998645168764533,discard,0.911826
9177,9177,0.9433333333333334,0.00998645168764533,request_rescan,0.91192
9178,9178,0.9433333333333334,0.00998645168764533,discard,0.912052
9179,9179,0.9433333333333334,0.00998645168764533,request_rescan,0.912149
9180,9180,0.9433333333333334,0.00998645168764533,discard,0.912243
9181,9181,0.9433333333333334,0.00998645168764533,request_rescan,0.912338
9182,9182,0.9433333333333334,0.00998645168764533,request_rescan,0.912435
9183,9183,0.9433333333333334,0.00998645168764533,discard,0.912551
9184,9184,0.9433333333333334,0.00998645168764533,discard,0.912646
9185,9185,0.9433333333333334,0.00998645168764533,request_rescan,0.912742
9186,9186,0.9433333333333334,0.00998645168764533,request_rescan,0.912838
9187,9187,0.9433333333333334,0.00998645168764533,discard,0.912953
9188,9188,0.9433333333333334,0.00998645168764533,discard,0.913051
9189,9189,0.9433333333333334,0.00998645168764533,discard,0.913145
9190,9190,0.9433333333333334,0.00998645168764533,discard,0.913239
9191,9191,0.9433333333333334,0.00998645168764533,request_rescan,0.913334
9192,9192,0.9433333333333334,0.00998645168764533,request_rescan,0.913431
9193,9193,0.9433333333333334,0.00998645168764533,discard,0.913534
9194,9194,0.9433333333333334,0.00998645168764533,discard,0.913631
9195,9195,0.9433333333333334,0.00998645168764533,discard,0.913724
9196,9196,0.9433333333333334,0.00998645168764533,request_rescan,0.91382
9197,9197,0.9433333333333334,0.00998645168764533,request_rescan,0.913916
9198,9198,0.9433333333333334,0.00998645168764533,discard,0.91401
9199,9199,0.9433333333333334,0.00998645168764533,discard,0.914101
9200,9200,0.9433333333333334,0.00998645168764533,discard,0.9142
9201,9201,0.9433333333333334,0.00998645168764533,request_rescan,0.914362
9202,9202,0.9433333333333334,0.00998645168764533,request_rescan,0.914494
9203,9203,0.9433333333333334,0.00998645168764533,discard,0.914595
9204,9204,0.9433333333333334,0.00998645168764533,discard,0.914695
9205,9205,0.9433333333333334,0.00998645168764533,request_rescan,0.914791
9206,9206,0.9433333333333334,0.00998645168764533,request_rescan,0.914902
9207,9207,0.9433333333333334,0.00998645168764533,request_rescan,0.914999
9208,9208,0.9433333333333334,0.00998645168764533,request_rescan,0.915095
9209,9209,0.9433333333333334,0.00998645168764533,request_rescan,0.915189
9210,9210,0.9433333333333334,0.00998645168764533,request_rescan,0.915285
9211,9211,0.6633333333333333,0.00998645168764533,log_and_continue,0.915395
9212,9212,0.9433333333333334,0.00998645168764533,discard,0.915501
9213,9213,0.9433333333333334,0.00998645168764533,discard,0.915601
9214,9214,0.9433333333333334,0.00998645168764533,discard,0.915699
9215,9215,0.9433333333333334,0.00998645168764533,request_rescan,0.915794
9216,9216,0.9433333333333334,0.00998645168764533,discard,0.915887
9217,9217,0.9433333333333334,0.00998645168764533,discard,0.915986
9218,9218,0.9433333333333334,0.00998645168764533,discard,0.91609
9219,9219,0.9433333333333334,0.00998645168764533,request_rescan,0.916188
9220,9220,0.9433333333333334,0.00998645168764533,request_rescan,0.916283
9221,9221,0.9433333333333334,0.00998645168764533,discard,0.916379
9222,9222,0.9433333333333334,0.00998645168764533,request_rescan,0.91648
9223,9223,0.9433333333333334,0.00998645168764533,request_rescan,0.916577
9224,9224,0.9433333333333334,0.00998645168764533,discard,0.916673
9225,9225,0.9433333333333334,0.00998645168764533,request_rescan,0.916774
9226,9226,0.9433333333333334,0.00998645168764533,request_rescan,0.916871
9227,9227,0.9433333333333334,0.00998645168764533,request_rescan,0.916966
9228,9228,0.9433333333333334,0.00998645168764533,request_rescan,0.917059
9229,9229,0.9433333333333334,0.00998645168764533,request_rescan,0.91715
9230,9230,0.9433333333333334,0.00998645168764533,request_rescan,0.917243
9231,9231,0.9433333333333334,0.00998645168764533,request_rescan,0.917338
9232,9232,0.9433333333333334,0.00998645168764533,discard,0.917445
9233,9233,0.9433333333333334,0.00998645168764533,discard,0.917543
9234,9234,0.9433333333333334,0.00998645168764533,request_rescan,0.917641
9235,9235,0.9433333333333334,0.00998645168764533,request_rescan,0.917737
9236,9236,0.9433333333333334,0.00998645168764533,request_rescan,0.91783
9237,9237,0.9433333333333334,0.00998645168764533,discard,0.917926
9238,9238,0.9433333333333334,0.00998645168764533,discard,0.918021
9239,9239,0.9433333333333334,0.00998645168764533,discard,0.918117
9240,9240,0.9433333333333334,0.00998645168764533,discard,0.91822
9241,9241,0.9433333333333334,0.00998645168764533,discard,0.91832
9242,9242,0.9433333333333334,0.00998645168764533,discard,0.918417
9243,9243,0.9433333333333334,0.00998645168764533,request_rescan,0.918515
9244,9244,0.9433333333333334,0.00998645168764533,request_rescan,0.918609
9245,9245,0.9433333333333334,0.00998645168764533,discard,0.918704
9246,9246,0.9433333333333334,0.00998645168764533,request_rescan,0.918798
9247,9247,0.9433333333333334,0.00998645168764533,discard,0.918897
9248,9248,0.9433333333333334,0.00998645168764533,request_rescan,0.918998
9249,9249,0.9433333333333334,0.00998645168764533,request_rescan,0.919094
9250,9250,0.9433333333333334,0.00998645168764533,request_rescan,0.919191
9251,9251,0.9433333333333334,0.00998645168764533,discard,0.919287
9252,9252,0.9433333333333334,0.00998645168764533,discard,0.91938
9253,9253,0.9433333333333334,0.00998645168764533,request_rescan,0.919478
9254,9254,0.9433333333333334,0.00998645168764533,request_rescan,0.919571
9255,9255,0.9433333333333334,0.00998645168764533,request_rescan,0.919664
9256,9256,0.9433333333333334,0.00998645168764533,request_rescan,0.919759
9257,9257,0.9433333333333334,0.00998645168764533,discard,0.919855
9258,9258,0.9433333333333334,0.00998645168764533,request_rescan,0.91995
9259,9259,0.9433333333333334,0.00998645168764533,discard,0.920044
9260,9260,0.9433333333333334,0.00998645168764533,request_rescan,0.920141
9261,9261,0.9433333333333334,0.00998645168764533,discard,0.920246
9262,9262,0.9433333333333334,0.00998645168764533,request_rescan,0.920373
9263,9263,0.9433333333333334,0.00998645168764533,request_rescan,0.920498
9264,9264,0.9433333333333334,0.00998645168764533,discard,0.920594
9265,9265,0.9433333333333334,0.00998645168764533,request_rescan,0.920688
9266,9266,0.9433333333333334,0.00998645168764533,discard,0.920779
9267,9267,0.9433333333333334,0.00998645168764533,discard,0.920873
9268,9268,0.9433333333333334,0.00998645168764533,discard,0.920968
9269,9269,0.9433333333333334,0.00998645168764533,request_rescan,0.92107
9270,9270,0.9433333333333334,0.00998645168764533,discard,0.921166
9271,9271,0.9433333333333334,0.00998645168764533,discard,0.921266
9272,9272,0.9433333333333334,0.00998645168764533,request_rescan,0.921361
9273,9273,0.9433333333333334,0.00998645168764533,request_rescan,0.921457
9274,9274,0.9433333333333334,0.00998645168764533,request_rescan,0.921559
9275,9275,0.9433333333333334,0.00998645168764533,request_rescan,0.921657
9276,9276,0.9433333333333334,0.00998645168764533,discard,0.921752
9277,9277,0.9433333333333334,0.00998645168764533,request_rescan,0.92185
9278,9278,0.9433333333333334,0.00998645168764533,request_rescan,0.921946
9279,9279,0.9433333333333334,0.00998645168764533,discard,0.922045
9280,9280,0.9433333333333334,0.00998645168764533,request_rescan,0.922144
9281,9281,0.9433333333333334,0.00998645168764533,discard,0.92224
9282,9282,0.9433333333333334,0.00998645168764533,discard,0.922338
9283,9283,0.9433333333333334,0.00998645168764533,discard,0.922438
9284,9284,0.9433333333333334,0.00998645168764533,discard,0.922537
9285,9285,0.9433333333333334,0.00998645168764533,discard,0.922634
9286,9286,0.9433333333333334,0.00998645168764533,request_rescan,0.922731
9287,9287,0.9433333333333334,0.00998645168764533,request_rescan,0.922824
9288,9288,0.9433333333333334,0.00998645168764533,discard,0.92292
9289,9289,0.9433333333333334,0.00998645168764533,request_rescan,0.923015
9290,9290,0.9433333333333334,0.00998645168764533,discard,0.92311
9291,9291,0.9433333333333334,0.00998645168764533,discard,0.923206
9292,9292,0.9433333333333334,0.00998645168764533,request_rescan,0.923305
9293,9293,0.9433333333333334,0.00998645168764533,request_rescan,0.923405
9294,9294,0.9433333333333334,0.00998645168764533,discard,0.923506
9295,9295,0.9433333333333334,0.00998645168764533,request_rescan,0.923601
9296,9296,0.9433333333333334,0.00998645168764533,request_rescan,0.923697
9297,9297,0.9433333333333334,0.00998645168764533,request_rescan,0.923792
9298,9298,0.9433333333333334,0.00998645168764533,request_rescan,0.923885
9299,9299,0.9433333333333334,0.00998645168764533,request_rescan,0.92398
9300,9300,0.9433333333333334,0.00998645168764533,request_rescan,0.92408
9301,9301,0.9433333333333334,0.00998645168764533,request_rescan,0.924212
9302,9302,0.9433333333333334,0.00998645168764533,request_rescan,0.924311
9303,9303,0.76,0.00998645168764533,log_and_continue,0.924413
9304,9304,0.9433333333333334,0.00998645168764533,request_rescan,0.924548
9305,9305,0.9433333333333334,0.00998645168764533,discard,0.924648
9306,9306,0.9433333333333334,0.00998645168764533,discard,0.924744
9307,9307,0.9433333333333334,0.00998645168764533,discard,0.924838
9308,9308,0.9433333333333334,0.00998645168764533,request_rescan,0.924935
9309,9309,0.9433333333333334,0.00998645168764533,request_rescan,0.925031
9310,9310,0.9433333333333334,0.00998645168764533,discard,0.92513
9311,9311,0.9433333333333334,0.00998645168764533,discard,0.925224
9312,9312,0.9433333333333334,0.00998645168764533,discard,0.925319
9313,9313,0.9433333333333334,0.00998645168764533,request_rescan,0.925413
9314,9314,0.9433333333333334,0.00998645168764533,request_rescan,0.925512
9315,9315,0.9433333333333334,0.00998645168764533,discard,0.925607
9316,9316,0.9433333333333334,0.00998645168764533,request_rescan,0.925703
9317,9317,0.9433333333333334,0.00998645168764533,request_rescan,0.925799
9318,9318,0.9433333333333334,0.00998645168764533,request_rescan,0.925892
9319,9319,0.9433333333333334,0.00998645168764533,request_rescan,0.92599
9320,9320,0.9433333333333334,0.00998645168764533,discard,0.926085
9321,9321,0.9433333333333334,0.00998645168764533,request_rescan,0.926178
9322,9322,0.9433333333333334,0.00998645168764533,discard,0.92627
9323,9323,0.9433333333333334,0.00998645168764533,request_rescan,0.926362
9324,9324,0.9433333333333334,0.00998645168764533,request_rescan,0.926454
9325,9325,0.9433333333333334,0.00998645168764533,request_rescan,0.926559
9326,9326,0.76,0.00998645168764533,request_rescan,0.926664
9327,9327,0.9433333333333334,0.00998645168764533,discard,0.926765
9328,9328,0.9433333333333334,0.00998645168764533,discard,0.926862
9329,9329,0.9433333333333334,0.00998645168764533,discard,0.926956
9330,9330,0.9433333333333334,0.00998645168764533,request_rescan,0.927051
9331,9331,0.9433333333333334,0.00998645168764533,discard,0.927147
9332,9332,0.9433333333333334,0.00998645168764533,discard,0.927239
9333,9333,0.9433333333333334,0.00998645168764533,discard,0.927334
9334,9334,0.9433333333333334,0.00998645168764533,request_rescan,0.92743
9335,9335,0.9433333333333334,0.00998645168764533,request_rescan,0.92753
9336,9336,0.9433333333333334,0.00998645168764533,request_rescan,0.927624
9337,9337,0.9433333333333334,0.00998645168764533,request_rescan,0.927718
9338,9338,0.9433333333333334,0.00998645168764533,request_rescan,0.927814
9339,9339,0.9433333333333334,0.00998645168764533,discard,0.927927
9340,9340,0.9433333333333334,0.00998645168764533,request_rescan,0.928057
9341,9341,0.9433333333333334,0.00998645168764533,request_rescan,0.928158
9342,9342,0.9433333333333334,0.00998645168764533,discard,0.928257
9343,9343,0.9433333333333334,0.00998645168764533,request_rescan,0.92835
9344,9344,0.9433333333333334,0.00998645168764533,discard,0.928445
9345,9345,0.9433333333333334,0.00998645168764533,request_rescan,0.928555
9346,9346,0.9433333333333334,0.00998645168764533,discard,0.928676
9347,9347,0.9433333333333334,0.00998645168764533,discard,0.928775
9348,9348,0.9433333333333334,0.00998645168764533,discard,0.928873
9349,9349,0.9433333333333334,0.00998645168764533,discard,0.928968
9350,9350,0.9433333333333334,0.00998645168764533,discard,0.929063
9351,9351,0.9433333333333334,0.00998645168764533,request_rescan,0.929174
9352,9352,0.9433333333333334,0.00998645168764533,request_rescan,0.92927
9353,9353,0.9433333333333334,0.00998645168764533,discard,0.92937
9354,9354,0.9433333333333334,0.00998645168764533,discard,0.9295
9355,9355,0.9433333333333334,0.00998645168764533,request_rescan,0.929598
9356,9356,0.9433333333333334,0.00998645168764533,request_rescan,0.929693
9357,9357,0.9433333333333334,0.00998645168764533,discard,0.929785
9358,9358,0.9433333333333334,0.00998645168764533,request_rescan,0.929882
9359,9359,0.9433333333333334,0.00998645168764533,discard,0.929976
9360,9360,0.9433333333333334,0.00998645168764533,request_rescan,0.930074
9361,9361,0.9433333333333334,0.00998645168764533,request_rescan,0.930167
9362,9362,0.9433333333333334,0.00998645168764533,request_rescan,0.93026
9363,9363,0.9433333333333334,0.00998645168764533,request_rescan,0.930355
9364,9364,0.9433333333333334,0.00998645168764533,discard,0.930451
9365,9365,0.9433333333333334,0.00998645168764533,discard,0.930554
9366,9366,0.9433333333333334,0.00998645168764533,request_rescan,0.930652
9367,9367,0.9433333333333334,0.00998645168764533,discard,0.930763
9368,9368,0.9433333333333334,0.00998645168764533,discard,0.930862
9369,9369,0.9433333333333334,0.00998645168764533,request_rescan,0.930957
9370,9370,0.9433333333333334,0.00998645168764533,request_rescan,0.931051
9371,9371,0.9433333333333334,0.00998645168764533,request_rescan,0.931146
9372,9372,0.9433333333333334,0.00998645168764533,request_rescan,0.931238
9373,9373,0.9433333333333334,0.00998645168764533,request_rescan,0.931331
9374,9374,0.9433333333333334,0.00998645168764533,request_rescan,0.931424
9375,9375,0.9433333333333334,0.00998645168764533,discard,0.931528
9376,9376,0.9433333333333334,0.00998645168764533,discard,0.931627
9377,9377,0.9433333333333334,0.00998645168764533,request_rescan,0.931727
9378,9378,0.9433333333333334,0.00998645168764533,request_rescan,0.931824
9379,9379,0.9433333333333334,0.00998645168764533,discard,0.931923
9380,9380,0.9433333333333334,0.00998645168764533,request_rescan,0.932016
9381,9381,0.9433333333333334,0.00998645168764533,discard,0.932112
9382,9382,0.9433333333333334,0.00998645168764533,request_rescan,0.932207
9383,9383,0.9433333333333334,0.00998645168764533,discard,0.932306
9384,9384,0.9433333333333334,0.00998645168764533,request_rescan,0.932403
9385,9385,0.9433333333333334,0.00998645168764533,discard,0.932498
9386,9386,0.9433333333333334,0.00998645168764533,discard,0.932592
9387,9387,0.9433333333333334,0.00998645168764533,discard,0.932691
9388,9388,0.9433333333333334,0.00998645168764533,request_rescan,0.932784
9389,9389,0.9433333333333334,0.00998645168764533,discard,0.932879
9390,9390,0.9433333333333334,0.00998645168764533,discard,0.932972
9391,9391,0.9433333333333334,0.00998645168764533,discard,0.933072
9392,9392,0.9433333333333334,0.00998645168764533,request_rescan,0.933168
9393,9393,0.9433333333333334,0.00998645168764533,discard,0.933261
9394,9394,0.9433333333333334,0.00998645168764533,request_rescan,0.933355
9395,9395,0.9433333333333334,0.00998645168764533,request_rescan,0.933451
9396,9396,0.9433333333333334,0.00998645168764533,request_rescan,0.933549
9397,9397,0.9433333333333334,0.00998645168764533,discard,0.933646
9398,9398,0.9433333333333334,0.00998645168764533,discard,0.933743
9399,9399,0.9433333333333334,0.00998645168764533,discard,0.933842
9400,9400,0.9433333333333334,0.00998645168764533,request_rescan,0.933938
9401,9401,0.9433333333333334,0.00998645168764533,discard,0.934066
9402,9402,0.9433333333333334,0.00998645168764533,request_rescan,0.934163
9403,9403,0.9433333333333334,0.00998645168764533,discard,0.934275
9404,9404,0.9433333333333334,0.00998645168764533,discard,0.934385
9405,9405,0.9433333333333334,0.00998645168764533,discard,0.934508
9406,9406,0.9433333333333334,0.00998645168764533,request_rescan,0.934608
9407,9407,0.9433333333333334,0.00998645168764533,discard,0.934703
9408,9408,0.9433333333333334,0.00998645168764533,discard,0.934801
9409,9409,0.9433333333333334,0.00998645168764533,request_rescan,0.934897
9410,9410,0.9433333333333334,0.00998645168764533,request_rescan,0.934992
9411,9411,0.9433333333333334,0.00998645168764533,discard,0.935086
9412,9412,0.9433333333333334,0.00998645168764533,discard,0.935182
9413,9413,0.9433333333333334,0.00998645168764533,discard,0.935281
9414,9414,0.9433333333333334,0.00998645168764533,discard,0.935379
9415,9415,0.9433333333333334,0.00998645168764533,discard,0.935475
9416,9416,0.9433333333333334,0.00998645168764533,request_rescan,0.935576
9417,9417,0.9433333333333334,0.00998645168764533,request_rescan,0.935675
9418,9418,0.9433333333333334,0.00998645168764533,request_rescan,0.935774
9419,9419,0.9433333333333334,0.00998645168764533,request_rescan,0.935874
9420,9420,0.9433333333333334,0.00998645168764533,request_rescan,0.935973
9421,9421,0.9433333333333334,0.00998645168764533,request_rescan,0.93607
9422,9422,0.9433333333333334,0.00998645168764533,discard,0.936167
9423,9423,0.9433333333333334,0.00998645168764533,discard,0.936269
9424,9424,0.9433333333333334,0.00998645168764533,request_rescan,0.936364
9425,9425,0.9433333333333334,0.00998645168764533,discard,0.936463
9426,9426,0.9433333333333334,0.00998645168764533,request_rescan,0.936558
9427,9427,0.9433333333333334,0.00998645168764533,discard,0.936655
9428,9428,0.9433333333333334,0.00998645168764533,discard,0.936754
9429,9429,0.9433333333333334,0.00998645168764533,discard,0.936846
9430,9430,0.9433333333333334,0.00998645168764533,discard,0.936938
9431,9431,0.9433333333333334,0.00998645168764533,discard,0.937033
9432,9432,0.9433333333333334,0.00998645168764533,request_rescan,0.937128
9433,9433,0.9433333333333334,0.00998645168764533,discard,0.937238
9434,9434,0.9433333333333334,0.00998645168764533,request_rescan,0.937362
9435,9435,0.9433333333333334,0.00998645168764533,request_rescan,0.937459
9436,9436,0.9433333333333334,0.00998645168764533,request_rescan,0.937557
9437,9437,0.9433333333333334,0.00998645168764533,discard,0.937654
9438,9438,0.9433333333333334,0.00998645168764533,request_rescan,0.937749
9439,9439,0.9433333333333334,0.00998645168764533,request_rescan,0.937842
9440,9440,0.9433333333333334,0.00998645168764533,request_rescan,0.937935
9441,9441,0.9433333333333334,0.00998645168764533,discard,0.938028
9442,9442,0.9433333333333334,0.00998645168764533,request_rescan,0.938122
9443,9443,0.9433333333333334,0.00998645168764533,request_rescan,0.938217
9444,9444,0.9433333333333334,0.00998645168764533,request_rescan,0.938311
9445,9445,0.9433333333333334,0.00998645168764533,request_rescan,0.938406
9446,9446,0.9433333333333334,0.00998645168764533,request_rescan,0.938503
9447,9447,0.9433333333333334,0.00998645168764533,request_rescan,0.938597
9448,9448,0.9433333333333334,0.00998645168764533,request_rescan,0.938693
9449,9449,0.9433333333333334,0.00998645168764533,request_rescan,0.938786
9450,9450,0.9433333333333334,0.00998645168764533,request_rescan,0.938882
9451,9451,0.9433333333333334,0.00998645168764533,request_rescan,0.938975
9452,9452,0.9433333333333334,0.00998645168764533,discard,0.939075
9453,9453,0.9433333333333334,0.00998645168764533,request_rescan,0.939198
9454,9454,0.9433333333333334,0.00998645168764533,discard,0.939304
9455,9455,0.9433333333333334,0.00998645168764533,discard,0.939409
9456,9456,0.9433333333333334,0.00998645168764533,request_rescan,0.939513
9457,9457,0.9433333333333334,0.00998645168764533,discard,0.939611
9458,9458,0.9433333333333334,0.00998645168764533,discard,0.939705
9459,9459,0.9433333333333334,0.00998645168764533,request_rescan,0.939801
9460,9460,0.9433333333333334,0.00998645168764533,discard,0.939896
9461,9461,0.9433333333333334,0.00998645168764533,request_rescan,0.939992
9462,9462,0.9433333333333334,0.00998645168764533,request_rescan,0.940086
9463,9463,0.9433333333333334,0.00998645168764533,request_rescan,0.940182
9464,9464,0.9433333333333334,0.00998645168764533,discard,0.940278
9465,9465,0.9433333333333334,0.00998645168764533,request_rescan,0.940376
9466,9466,0.9433333333333334,0.00998645168764533,discard,0.940479
9467,9467,0.9433333333333334,0.00998645168764533,discard,0.940577
9468,9468,0.9433333333333334,0.00998645168764533,discard,0.940674
9469,9469,0.9433333333333334,0.00998645168764533,discard,0.940766
9470,9470,0.9433333333333334,0.00998645168764533,request_rescan,0.940861
9471,9471,0.9433333333333334,0.00998645168764533,discard,0.940955
9472,9472,0.9433333333333334,0.00998645168764533,discard,0.941053
9473,9473,0.9433333333333334,0.00998645168764533,discard,0.941183
9474,9474,0.9433333333333334,0.00998645168764533,request_rescan,0.941278
9475,9475,0.9433333333333334,0.00998645168764533,discard,0.941372
9476,9476,0.9433333333333334,0.00998645168764533,request_rescan,0.941473
9477,9477,0.9433333333333334,0.00998645168764533,discard,0.941569
9478,9478,0.9433333333333334,0.00998645168764533,request_rescan,0.941666
9479,9479,0.9433333333333334,0.00998645168764533,request_rescan,0.941762
9480,9480,0.9433333333333334,0.00998645168764533,discard,0.941856
9481,9481,0.9433333333333334,0.00998645168764533,request_rescan,0.941949
9482,9482,0.9433333333333334,0.00998645168764533,request_rescan,0.942042
9483,9483,0.9433333333333334,0.00998645168764533,discard,0.942134
9484,9484,0.9433333333333334,0.00998645168764533,request_rescan,0.942228
9485,9485,0.9433333333333334,0.00998645168764533,request_rescan,0.942322
9486,9486,0.9433333333333334,0.00998645168764533,request_rescan,0.942416
9487,9487,0.9433333333333334,0.00998645168764533,discard,0.942516
9488,9488,0.9433333333333334,0.00998645168764533,discard,0.942619
9489,9489,0.9433333333333334,0.00998645168764533,request_rescan,0.942715
9490,9490,0.9433333333333334,0.00998645168764533,discard,0.94281
9491,9491,0.9433333333333334,0.00998645168764533,discard,0.942902
9492,9492,0.9433333333333334,0.00998645168764533,discard,0.942995
9493,9493,0.76,0.00998645168764533,request_rescan,0.943093
9494,9494,0.9433333333333334,0.00998645168764533,request_rescan,0.943199
9495,9495,0.9433333333333334,0.00998645168764533,request_rescan,0.943302
9496,9496,0.9433333333333334,0.00998645168764533,request_rescan,0.9434
9497,9497,0.9433333333333334,0.00998645168764533,request_rescan,0.943501
9498,9498,0.9433333333333334,0.00998645168764533,request_rescan,0.943594
9499,9499,0.9433333333333334,0.00998645168764533,discard,0.943692
9500,9500,0.9433333333333334,0.00998645168764533,request_rescan,0.943787
9501,9501,0.9433333333333334,0.00998645168764533,discard,0.94397
9502,9502,0.76,0.00998645168764533,log_and_continue,0.944079
9503,9503,0.9433333333333334,0.00998645168764533,discard,0.94418
9504,9504,0.9433333333333334,0.00998645168764533,request_rescan,0.944289
9505,9505,0.9433333333333334,0.00998645168764533,discard,0.944391
9506,9506,0.9433333333333334,0.00998645168764533,discard,0.944491
9507,9507,0.9433333333333334,0.00998645168764533,discard,0.94459
9508,9508,0.9433333333333334,0.00998645168764533,discard,0.944699
9509,9509,0.9433333333333334,0.00998645168764533,request_rescan,0.944821
9510,9510,0.9433333333333334,0.00998645168764533,discard,0.944921
9511,9511,0.9433333333333334,0.00998645168764533,request_rescan,0.945018
9512,9512,0.9433333333333334,0.00998645168764533,request_rescan,0.945112
9513,9513,0.9433333333333334,0.00998645168764533,discard,0.945208
9514,9514,0.9433333333333334,0.00998645168764533,request_rescan,0.945302
9515,9515,0.9433333333333334,0.00998645168764533,discard,0.945426
9516,9516,0.9433333333333334,0.00998645168764533,request_rescan,0.945534
9517,9517,0.9433333333333334,0.00998645168764533,request_rescan,0.94563
9518,9518,0.9433333333333334,0.00998645168764533,discard,0.945728
9519,9519,0.9433333333333334,0.00998645168764533,request_rescan,0.945839
9520,9520,0.9433333333333334,0.00998645168764533,request_rescan,0.945935
9521,9521,0.9433333333333334,0.00998645168764533,discard,0.946027
9522,9522,0.9433333333333334,0.00998645168764533,request_rescan,0.946147
9523,9523,0.9433333333333334,0.00998645168764533,request_rescan,0.946249
9524,9524,0.9433333333333334,0.00998645168764533,request_rescan,0.946351
9525,9525,0.9433333333333334,0.00998645168764533,discard,0.946453
9526,9526,0.9433333333333334,0.00998645168764533,discard,0.946562
9527,9527,0.9433333333333334,0.00998645168764533,discard,0.946658
9528,9528,0.9433333333333334,0.00998645168764533,request_rescan,0.946757
9529,9529,0.9433333333333334,0.00998645168764533,request_rescan,0.946854
9530,9530,0.9433333333333334,0.00998645168764533,discard,0.946953
9531,9531,0.9433333333333334,0.00998645168764533,request_rescan,0.94705
9532,9532,0.9433333333333334,0.00998645168764533,discard,0.947148
9533,9533,0.9433333333333334,0.00998645168764533,request_rescan,0.947248
9534,9534,0.9433333333333334,0.00998645168764533,request_rescan,0.947345
9535,9535,0.9433333333333334,0.00998645168764533,request_rescan,0.947441
9536,9536,0.9433333333333334,0.00998645168764533,request_rescan,0.947542
9537,9537,0.9433333333333334,0.00998645168764533,request_rescan,0.947643
9538,9538,0.9433333333333334,0.00998645168764533,discard,0.947758
9539,9539,0.9433333333333334,0.00998645168764533,request_rescan,0.947858
9540,9540,0.9433333333333334,0.00998645168764533,discard,0.947952
9541,9541,0.9433333333333334,0.00998645168764533,request_rescan,0.948047
9542,9542,0.9433333333333334,0.00998645168764533,discard,0.948144
9543,9543,0.9433333333333334,0.00998645168764533,discard,0.948239
9544,9544,0.9433333333333334,0.00998645168764533,request_rescan,0.948338
9545,9545,0.9433333333333334,0.00998645168764533,discard,0.948443
9546,9546,0.9433333333333334,0.00998645168764533,discard,0.94857
9547,9547,0.9433333333333334,0.00998645168764533,discard,0.948668
9548,9548,0.9433333333333334,0.00998645168764533,request_rescan,0.948763
9549,9549,0.9433333333333334,0.00998645168764533,request_rescan,0.948857
9550,9550,0.9433333333333334,0.00998645168764533,discard,0.948952
9551,9551,0.9433333333333334,0.00998645168764533,request_rescan,0.949046
9552,9552,0.9433333333333334,0.00998645168764533,discard,0.94914
9553,9553,0.9433333333333334,0.00998645168764533,discard,0.949235
9554,9554,0.9433333333333334,0.00998645168764533,request_rescan,0.949329
9555,9555,0.9433333333333334,0.00998645168764533,request_rescan,0.949424
9556,9556,0.9433333333333334,0.00998645168764533,request_rescan,0.949518
9557,9557,0.9433333333333334,0.00998645168764533,request_rescan,0.949611
9558,9558,0.9433333333333334,0.00998645168764533,discard,0.949705
9559,9559,0.9433333333333334,0.00998645168764533,discard,0.9498
9560,9560,0.9433333333333334,0.00998645168764533,request_rescan,0.949894
9561,9561,0.9433333333333334,0.00998645168764533,discard,0.949994
9562,9562,0.9433333333333334,0.00998645168764533,request_rescan,0.950092
9563,9563,0.9433333333333334,0.00998645168764533,discard,0.950188
9564,9564,0.9433333333333334,0.00998645168764533,request_rescan,0.950283
9565,9565,0.9433333333333334,0.00998645168764533,request_rescan,0.950378
9566,9566,0.9433333333333334,0.00998645168764533,request_rescan,0.950477
9567,9567,0.9433333333333334,0.00998645168764533,discard,0.950571
9568,9568,0.9433333333333334,0.00998645168764533,request_rescan,0.950668
9569,9569,0.9433333333333334,0.00998645168764533,request_rescan,0.950764
9570,9570,0.9433333333333334,0.00998645168764533,request_rescan,0.950857
9571,9571,0.9433333333333334,0.00998645168764533,discard,0.950953
9572,9572,0.9433333333333334,0.00998645168764533,discard,0.951048
9573,9573,0.9433333333333334,0.00998645168764533,discard,0.95115
9574,9574,0.9433333333333334,0.00998645168764533,request_rescan,0.95125
9575,9575,0.9433333333333334,0.00998645168764533,discard,0.951344
9576,9576,0.9433333333333334,0.00998645168764533,discard,0.951443
9577,9577,0.9433333333333334,0.00998645168764533,request_rescan,0.951549
9578,9578,0.9433333333333334,0.00998645168764533,request_rescan,0.951648
9579,9579,0.9433333333333334,0.00998645168764533,request_rescan,0.951746
9580,9580,0.9433333333333334,0.00998645168764533,discard,0.951843
9581,9581,0.9433333333333334,0.00998645168764533,request_rescan,0.951937
9582,9582,0.9433333333333334,0.00998645168764533,request_rescan,0.952032
9583,9583,0.9433333333333334,0.00998645168764533,discard,0.952129
9584,9584,0.9433333333333334,0.00998645168764533,discard,0.952222
9585,9585,0.9433333333333334,0.00998645168764533,discard,0.952315
9586,9586,0.9433333333333334,0.00998645168764533,request_rescan,0.952407
9587,9587,0.9433333333333334,0.00998645168764533,request_rescan,0.952507
9588,9588,0.9433333333333334,0.00998645168764533,request_rescan,0.952608
9589,9589,0.9433333333333334,0.00998645168764533,discard,0.952704
9590,9590,0.9433333333333334,0.00998645168764533,discard,0.952802
9591,9591,0.9433333333333334,0.00998645168764533,discard,0.952896
9592,9592,0.9433333333333334,0.00998645168764533,discard,0.952991
9593,9593,0.9433333333333334,0.00998645168764533,request_rescan,0.953088
9594,9594,0.9433333333333334,0.00998645168764533,discard,0.953184
9595,9595,0.9433333333333334,0.00998645168764533,request_rescan,0.953279
9596,9596,0.9433333333333334,0.00998645168764533,request_rescan,0.953371
9597,9597,0.9433333333333334,0.00998645168764533,request_rescan,0.95348
9598,9598,0.9433333333333334,0.00998645168764533,discard,0.953576
9599,9599,0.9433333333333334,0.00998645168764533,request_rescan,0.953672
9600,9600,0.9433333333333334,0.00998645168764533,discard,0.953771
9601,9601,0.9433333333333334,0.00998645168764533,request_rescan,0.9539
9602,9602,0.9433333333333334,0.00998645168764533,discard,0.953999
9603,9603,0.9433333333333334,0.00998645168764533,request_rescan,0.954092
9604,9604,0.9433333333333334,0.00998645168764533,request_rescan,0.954185
9605,9605,0.9433333333333334,0.00998645168764533,discard,0.954282
9606,9606,0.9433333333333334,0.00998645168764533,discard,0.954378
9607,9607,0.9433333333333334,0.00998645168764533,request_rescan,0.954481
9608,9608,0.9433333333333334,0.00998645168764533,request_rescan,0.954578
9609,9609,0.9433333333333334,0.00998645168764533,discard,0.954672
9610,9610,0.9433333333333334,0.00998645168764533,request_rescan,0.954767
9611,9611,0.9433333333333334,0.00998645168764533,discard,0.954863
9612,9612,0.9433333333333334,0.00998645168764533,discard,0.954958
9613,9613,0.9433333333333334,0.00998645168764533,discard,0.955058
9614,9614,0.9433333333333334,0.00998645168764533,request_rescan,0.955157
9615,9615,0.9433333333333334,0.00998645168764533,discard,0.955253
9616,9616,0.9433333333333334,0.00998645168764533,request_rescan,0.955349
9617,9617,0.9433333333333334,0.00998645168764533,request_rescan,0.955445
9618,9618,0.9433333333333334,0.00998645168764533,discard,0.955546
9619,9619,0.9433333333333334,0.00998645168764533,request_rescan,0.95564
9620,9620,0.9433333333333334,0.00998645168764533,discard,0.955736
9621,9621,0.9433333333333334,0.00998645168764533,discard,0.955834
9622,9622,0.9433333333333334,0.00998645168764533,discard,0.95596
9623,9623,0.9433333333333334,0.00998645168764533,request_rescan,0.956063
9624,9624,0.9433333333333334,0.00998645168764533,request_rescan,0.956161
9625,9625,0.9433333333333334,0.00998645168764533,request_rescan,0.956258
9626,9626,0.9433333333333334,0.00998645168764533,request_rescan,0.956354
9627,9627,0.9433333333333334,0.00998645168764533,request_rescan,0.956445
9628,9628,0.9433333333333334,0.00998645168764533,discard,0.956548
9629,9629,0.9433333333333334,0.00998645168764533,discard,0.956643
9630,9630,0.9433333333333334,0.00998645168764533,discard,0.956734
9631,9631,0.9433333333333334,0.00998645168764533,request_rescan,0.956828
9632,9632,0.9433333333333334,0.00998645168764533,discard,0.956925
9633,9633,0.9433333333333334,0.00998645168764533,request_rescan,0.957018
9634,9634,0.9433333333333334,0.00998645168764533,discard,0.957116
9635,9635,0.9433333333333334,0.00998645168764533,request_rescan,0.957213
9636,9636,0.9433333333333334,0.00998645168764533,discard,0.957311
9637,9637,0.9433333333333334,0.00998645168764533,discard,0.957405
9638,9638,0.9433333333333334,0.00998645168764533,request_rescan,0.957501
9639,9639,0.9433333333333334,0.00998645168764533,request_rescan,0.957597
9640,9640,0.9433333333333334,0.00998645168764533,request_rescan,0.957692
9641,9641,0.9433333333333334,0.00998645168764533,discard,0.957827
9642,9642,0.9433333333333334,0.00998645168764533,discard,0.957926
9643,9643,0.9433333333333334,0.00998645168764533,discard,0.958022
9644,9644,0.9433333333333334,0.00998645168764533,request_rescan,0.958118
9645,9645,0.9433333333333334,0.00998645168764533,request_rescan,0.958212
9646,9646,0.9433333333333334,0.00998645168764533,request_rescan,0.958304
9647,9647,0.9433333333333334,0.00998645168764533,discard,0.958402
9648,9648,0.9433333333333334,0.00998645168764533,request_rescan,0.958504
9649,9649,0.9433333333333334,0.00998645168764533,discard,0.958606
9650,9650,0.9433333333333334,0.00998645168764533,discard,0.958707
9651,9651,0.9433333333333334,0.00998645168764533,request_rescan,0.958808
9652,9652,0.9433333333333334,0.00998645168764533,discard,0.958903
9653,9653,0.9433333333333334,0.00998645168764533,discard,0.958995
9654,9654,0.9433333333333334,0.00998645168764533,discard,0.959086
9655,9655,0.9433333333333334,0.00998645168764533,discard,0.959186
9656,9656,0.9433333333333334,0.00998645168764533,discard,0.959284
9657,9657,0.9433333333333334,0.00998645168764533,discard,0.95938
9658,9658,0.9433333333333334,0.00998645168764533,request_rescan,0.959479
9659,9659,0.9433333333333334,0.00998645168764533,request_rescan,0.959573
9660,9660,0.9433333333333334,0.00998645168764533,request_rescan,0.959668
9661,9661,0.9433333333333334,0.00998645168764533,request_rescan,0.959774
9662,9662,0.9433333333333334,0.00998645168764533,request_rescan,0.959884
9663,9663,0.9433333333333334,0.00998645168764533,discard,0.959983
9664,9664,0.9433333333333334,0.00998645168764533,discard,0.960083
9665,9665,0.9433333333333334,0.00998645168764533,discard,0.960186
9666,9666,0.9433333333333334,0.00998645168764533,request_rescan,0.960283
9667,9667,0.9433333333333334,0.00998645168764533,discard,0.960381
9668,9668,0.9433333333333334,0.00998645168764533,discard,0.960479
9669,9669,0.9433333333333334,0.00998645168764533,discard,0.960572
9670,9670,0.9433333333333334,0.00998645168764533,discard,0.96067
9671,9671,0.9433333333333334,0.00998645168764533,discard,0.960763
9672,9672,0.9433333333333334,0.00998645168764533,discard,0.960857
9673,9673,0.9433333333333334,0.00998645168764533,request_rescan,0.960953
9674,9674,0.9433333333333334,0.00998645168764533,request_rescan,0.961046
9675,9675,0.76,0.00998645168764533,discard,0.961145
9676,9676,0.9433333333333334,0.00998645168764533,request_rescan,0.961241
9677,9677,0.9433333333333334,0.00998645168764533,request_rescan,0.961335
9678,9678,0.9433333333333334,0.00998645168764533,request_rescan,0.96143
9679,9679,0.9433333333333334,0.00998645168764533,discard,0.961541
9680,9680,0.9433333333333334,0.00998645168764533,discard,0.961636
9681,9681,0.9433333333333334,0.00998645168764533,request_rescan,0.961733
9682,9682,0.9433333333333334,0.00998645168764533,discard,0.961826
9683,9683,0.9433333333333334,0.00998645168764533,discard,0.961924
9684,9684,0.9433333333333334,0.00998645168764533,discard,0.962047
9685,9685,0.9433333333333334,0.00998645168764533,discard,0.96215
9686,9686,0.9433333333333334,0.00998645168764533,request_rescan,0.962247
9687,9687,0.9433333333333334,0.00998645168764533,request_rescan,0.962343
9688,9688,0.9433333333333334,0.00998645168764533,discard,0.962437
9689,9689,0.9433333333333334,0.00998645168764533,discard,0.962555
9690,9690,0.9433333333333334,0.00998645168764533,request_rescan,0.962652
9691,9691,0.9433333333333334,0.00998645168764533,request_rescan,0.962749
9692,9692,0.9433333333333334,0.00998645168764533,discard,0.962859
9693,9693,0.9433333333333334,0.00998645168764533,discard,0.962954
9694,9694,0.9433333333333334,0.00998645168764533,request_rescan,0.963046
9695,9695,0.9433333333333334,0.00998645168764533,discard,0.963141
9696,9696,0.9433333333333334,0.00998645168764533,discard,0.963239
9697,9697,0.9433333333333334,0.00998645168764533,discard,0.963333
9698,9698,0.9433333333333334,0.00998645168764533,discard,0.963429
9699,9699,0.9433333333333334,0.00998645168764533,request_rescan,0.963528
9700,9700,0.9433333333333334,0.00998645168764533,request_rescan,0.963625
9701,9701,0.9433333333333334,0.00998645168764533,discard,0.963765
9702,9702,0.9433333333333334,0.00998645168764533,request_rescan,0.963871
9703,9703,0.9433333333333334,0.00998645168764533,discard,0.963967
9704,9704,0.9433333333333334,0.00998645168764533,request_rescan,0.964064
9705,9705,0.9433333333333334,0.00998645168764533,discard,0.964157
9706,9706,0.9433333333333334,0.00998645168764533,request_rescan,0.964255
9707,9707,0.9433333333333334,0.00998645168764533,discard,0.964354
9708,9708,0.9433333333333334,0.00998645168764533,discard,0.964458
9709,9709,0.9433333333333334,0.00998645168764533,request_rescan,0.964556
9710,9710,0.9433333333333334,0.00998645168764533,request_rescan,0.964668
9711,9711,0.9433333333333334,0.00998645168764533,request_rescan,0.964766
9712,9712,0.9433333333333334,0.00998645168764533,discard,0.964859
9713,9713,0.9433333333333334,0.00998645168764533,request_rescan,0.964953
9714,9714,0.9433333333333334,0.00998645168764533,discard,0.965053
9715,9715,0.9433333333333334,0.00998645168764533,discard,0.965151
9716,9716,0.9433333333333334,0.00998645168764533,discard,0.965248
9717,9717,0.9433333333333334,0.00998645168764533,discard,0.965344
9718,9718,0.9433333333333334,0.00998645168764533,discard,0.965442
9719,9719,0.9433333333333334,0.00998645168764533,discard,0.965542
9720,9720,0.9433333333333334,0.00998645168764533,request_rescan,0.965646
9721,9721,0.9433333333333334,0.00998645168764533,discard,0.965747
9722,9722,0.9433333333333334,0.00998645168764533,request_rescan,0.965846
9723,9723,0.9433333333333334,0.00998645168764533,discard,0.965941
9724,9724,0.9433333333333334,0.00998645168764533,request_rescan,0.966039
9725,9725,0.9433333333333334,0.00998645168764533,discard,0.966137
9726,9726,0.9433333333333334,0.00998645168764533,request_rescan,0.966231
9727,9727,0.9433333333333334,0.00998645168764533,discard,0.966329
9728,9728,0.9433333333333334,0.00998645168764533,request_rescan,0.966425
9729,9729,0.9433333333333334,0.00998645168764533,discard,0.966531
9730,9730,0.9433333333333334,0.00998645168764533,discard,0.966634
9731,9731,0.9433333333333334,0.00998645168764533,discard,0.966733
9732,9732,0.9433333333333334,0.00998645168764533,request_rescan,0.966831
9733,9733,0.9433333333333334,0.00998645168764533,request_rescan,0.966942
9734,9734,0.9433333333333334,0.00998645168764533,discard,0.96706
9735,9735,0.9433333333333334,0.00998645168764533,request_rescan,0.967159
9736,9736,0.9433333333333334,0.00998645168764533,discard,0.967253
9737,9737,0.9433333333333334,0.00998645168764533,request_rescan,0.967349
9738,9738,0.9433333333333334,0.00998645168764533,request_rescan,0.967444
9739,9739,0.9433333333333334,0.00998645168764533,request_rescan,0.967541
9740,9740,0.9433333333333334,0.00998645168764533,request_rescan,0.967636
9741,9741,0.9433333333333334,0.00998645168764533,discard,0.967728
9742,9742,0.9433333333333334,0.00998645168764533,request_rescan,0.967822
9743,9743,0.9433333333333334,0.00998645168764533,request_rescan,0.967921
9744,9744,0.9433333333333334,0.00998645168764533,request_rescan,0.968015
9745,9745,0.9433333333333334,0.00998645168764533,discard,0.968114
9746,9746,0.9433333333333334,0.00998645168764533,request_rescan,0.968208
9747,9747,0.9433333333333334,0.00998645168764533,request_rescan,0.968301
9748,9748,0.9433333333333334,0.00998645168764533,request_rescan,0.968395
9749,9749,0.9433333333333334,0.00998645168764533,request_rescan,0.968494
9750,9750,0.9433333333333334,0.00998645168764533,request_rescan,0.968594
9751,9751,0.9433333333333334,0.00998645168764533,request_rescan,0.968691
9752,9752,0.9433333333333334,0.00998645168764533,request_rescan,0.968784
9753,9753,0.9433333333333334,0.00998645168764533,request_rescan,0.96888
9754,9754,0.9433333333333334,0.00998645168764533,discard,0.968981
9755,9755,0.9433333333333334,0.00998645168764533,request_rescan,0.969076
9756,9756,0.9433333333333334,0.00998645168764533,request_rescan,0.969171
9757,9757,0.9433333333333334,0.00998645168764533,request_rescan,0.969269
9758,9758,0.9433333333333334,0.00998645168764533,discard,0.969366
9759,9759,0.76,0.00998645168764533,log_and_continue,0.969469
9760,9760,0.9433333333333334,0.00998645168764533,discard,0.969567
9761,9761,0.9433333333333334,0.00998645168764533,request_rescan,0.969662
9762,9762,0.9433333333333334,0.00998645168764533,request_rescan,0.969756
9763,9763,0.9433333333333334,0.00998645168764533,request_rescan,0.969851
9764,9764,0.9433333333333334,0.00998645168764533,discard,0.969945
9765,9765,0.9433333333333334,0.00998645168764533,request_rescan,0.97004
9766,9766,0.9433333333333334,0.00998645168764533,request_rescan,0.970135
9767,9767,0.9433333333333334,0.00998645168764533,request_rescan,0.970232
9768,9768,0.9433333333333334,0.00998645168764533,request_rescan,0.970328
9769,9769,0.9433333333333334,0.00998645168764533,request_rescan,0.970423
9770,9770,0.9433333333333334,0.00998645168764533,discard,0.970519
9771,9771,0.9433333333333334,0.00998645168764533,request_rescan,0.970613
9772,9772,0.9433333333333334,0.00998645168764533,discard,0.97071
9773,9773,0.9433333333333334,0.00998645168764533,discard,0.970805
9774,9774,0.9433333333333334,0.00998645168764533,request_rescan,0.970902
9775,9775,0.9433333333333334,0.00998645168764533,discard,0.970998
9776,9776,0.9433333333333334,0.00998645168764533,discard,0.971097
9777,9777,0.9433333333333334,0.00998645168764533,request_rescan,0.971195
9778,9778,0.9433333333333334,0.00998645168764533,discard,0.971289
9779,9779,0.9433333333333334,0.00998645168764533,request_rescan,0.971383
9780,9780,0.9433333333333334,0.00998645168764533,request_rescan,0.97148
9781,9781,0.9433333333333334,0.00998645168764533,discard,0.971579
9782,9782,0.9433333333333334,0.00998645168764533,request_rescan,0.971674
9783,9783,0.9433333333333334,0.00998645168764533,discard,0.971772
9784,9784,0.9433333333333334,0.00998645168764533,request_rescan,0.971866
9785,9785,0.9433333333333334,0.00998645168764533,request_rescan,0.97196
9786,9786,0.9433333333333334,0.00998645168764533,request_rescan,0.972054
9787,9787,0.9433333333333334,0.00998645168764533,request_rescan,0.972147
9788,9788,0.9433333333333334,0.00998645168764533,discard,0.972241
9789,9789,0.9433333333333334,0.00998645168764533,request_rescan,0.972338
9790,9790,0.9433333333333334,0.00998645168764533,discard,0.972434
9791,9791,0.9433333333333334,0.00998645168764533,request_rescan,0.972532
9792,9792,0.9433333333333334,0.00998645168764533,discard,0.972632
9793,9793,0.9433333333333334,0.00998645168764533,request_rescan,0.972731
9794,9794,0.9433333333333334,0.00998645168764533,request_rescan,0.972825
9795,9795,0.9433333333333334,0.00998645168764533,discard,0.972917
9796,9796,0.9433333333333334,0.00998645168764533,request_rescan,0.973011
9797,9797,0.9433333333333334,0.00998645168764533,discard,0.973104
9798,9798,0.9433333333333334,0.00998645168764533,request_rescan,0.973195
9799,9799,0.9433333333333334,0.00998645168764533,request_rescan,0.973291
9800,9800,0.9433333333333334,0.00998645168764533,request_rescan,0.973387
9801,9801,0.9433333333333334,0.00998645168764533,request_rescan,0.973513
9802,9802,0.9433333333333334,0.00998645168764533,discard,0.973606
9803,9803,0.9433333333333334,0.00998645168764533,discard,0.973703
9804,9804,0.9433333333333334,0.00998645168764533,request_rescan,0.973795
9805,9805,0.9433333333333334,0.00998645168764533,request_rescan,0.973886
9806,9806,0.9433333333333334,0.00998645168764533,discard,0.973988
9807,9807,0.9433333333333334,0.00998645168764533,discard,0.97409
9808,9808,0.9433333333333334,0.00998645168764533,discard,0.974184
9809,9809,0.9433333333333334,0.00998645168764533,discard,0.974285
9810,9810,0.9433333333333334,0.00998645168764533,discard,0.974379
9811,9811,0.9433333333333334,0.00998645168764533,request_rescan,0.974515
9812,9812,0.9433333333333334,0.00998645168764533,discard,0.974613
9813,9813,0.9433333333333334,0.00998645168764533,discard,0.974706
9814,9814,0.9433333333333334,0.00998645168764533,discard,0.974799
9815,9815,0.9433333333333334,0.00998645168764533,discard,0.974891
9816,9816,0.9433333333333334,0.00998645168764533,discard,0.974992
9817,9817,0.9433333333333334,0.00998645168764533,discard,0.975089
9818,9818,0.9433333333333334,0.00998645168764533,request_rescan,0.975185
9819,9819,0.9433333333333334,0.00998645168764533,request_rescan,0.975277
9820,9820,0.9433333333333334,0.00998645168764533,request_rescan,0.975372
9821,9821,0.9433333333333334,0.00998645168764533,request_rescan,0.97547
9822,9822,0.9433333333333334,0.00998645168764533,discard,0.975565
9823,9823,0.9433333333333334,0.00998645168764533,request_rescan,0.975668
9824,9824,0.9433333333333334,0.00998645168764533,discard,0.975768
9825,9825,0.9433333333333334,0.00998645168764533,discard,0.975864
9826,9826,0.9433333333333334,0.00998645168764533,request_rescan,0.975962
9827,9827,0.9433333333333334,0.00998645168764533,discard,0.976059
9828,9828,0.9433333333333334,0.00998645168764533,discard,0.976155
9829,9829,0.9433333333333334,0.00998645168764533,discard,0.976251
9830,9830,0.9433333333333334,0.00998645168764533,discard,0.976347
9831,9831,0.9433333333333334,0.00998645168764533,request_rescan,0.976445
9832,9832,0.9433333333333334,0.00998645168764533,request_rescan,0.976548
9833,9833,0.9433333333333334,0.00998645168764533,request_rescan,0.976644
9834,9834,0.9433333333333334,0.00998645168764533,request_rescan,0.976739
9835,9835,0.9433333333333334,0.00998645168764533,request_rescan,0.976834
9836,9836,0.9433333333333334,0.00998645168764533,request_rescan,0.976928
9837,9837,0.9433333333333334,0.00998645168764533,request_rescan,0.977023
9838,9838,0.9433333333333334,0.00998645168764533,discard,0.977119
9839,9839,0.9433333333333334,0.00998645168764533,request_rescan,0.977212
9840,9840,0.9433333333333334,0.00998645168764533,request_rescan,0.977307
9841,9841,0.9433333333333334,0.00998645168764533,discard,0.9774
9842,9842,0.9433333333333334,0.00998645168764533,discard,0.977499
9843,9843,0.9433333333333334,0.00998645168764533,request_rescan,0.977592
9844,9844,0.9433333333333334,0.00998645168764533,request_rescan,0.977697
9845,9845,0.9433333333333334,0.00998645168764533,discard,0.977801
9846,9846,0.9433333333333334,0.00998645168764533,discard,0.977904
9847,9847,0.9433333333333334,0.00998645168764533,discard,0.978005
9848,9848,0.9433333333333334,0.00998645168764533,request_rescan,0.978105
9849,9849,0.9433333333333334,0.00998645168764533,request_rescan,0.978203
9850,9850,0.9433333333333334,0.00998645168764533,discard,0.978299
9851,9851,0.9433333333333334,0.00998645168764533,discard,0.978398
9852,9852,0.9433333333333334,0.00998645168764533,discard,0.978496
9853,9853,0.9433333333333334,0.00998645168764533,discard,0.978591
9854,9854,0.9433333333333334,0.00998645168764533,discard,0.978704
9855,9855,0.9433333333333334,0.00998645168764533,request_rescan,0.978802
9856,9856,0.9433333333333334,0.00998645168764533,request_rescan,0.978897
9857,9857,0.9433333333333334,0.00998645168764533,discard,0.978991
9858,9858,0.9433333333333334,0.00998645168764533,request_rescan,0.979084
9859,9859,0.9433333333333334,0.00998645168764533,discard,0.979196
9860,9860,0.9433333333333334,0.00998645168764533,request_rescan,0.979295
9861,9861,0.9433333333333334,0.00998645168764533,discard,0.979391
9862,9862,0.9433333333333334,0.00998645168764533,request_rescan,0.979504
9863,9863,0.9433333333333334,0.00998645168764533,request_rescan,0.9796
9864,9864,0.9433333333333334,0.00998645168764533,request_rescan,0.979694
9865,9865,0.9433333333333334,0.00998645168764533,discard,0.97979
9866,9866,0.9433333333333334,0.00998645168764533,discard,0.979888
9867,9867,0.9433333333333334,0.00998645168764533,discard,0.979982
9868,9868,0.9433333333333334,0.00998645168764533,request_rescan,0.98008
9869,9869,0.9433333333333334,0.00998645168764533,request_rescan,0.980175
9870,9870,0.9433333333333334,0.00998645168764533,request_rescan,0.98027
9871,9871,0.9433333333333334,0.00998645168764533,discard,0.980366
9872,9872,0.9433333333333334,0.00998645168764533,request_rescan,0.980465
9873,9873,0.9433333333333334,0.00998645168764533,discard,0.980564
9874,9874,0.9433333333333334,0.00998645168764533,discard,0.980659
9875,9875,0.9433333333333334,0.00998645168764533,discard,0.980753
9876,9876,0.9433333333333334,0.00998645168764533,discard,0.980845
9877,9877,0.9433333333333334,0.00998645168764533,request_rescan,0.980945
9878,9878,0.9433333333333334,0.00998645168764533,discard,0.981043
9879,9879,0.9433333333333334,0.00998645168764533,request_rescan,0.98114
9880,9880,0.9433333333333334,0.00998645168764533,discard,0.981234
9881,9881,0.9433333333333334,0.00998645168764533,request_rescan,0.981329
9882,9882,0.9433333333333334,0.00998645168764533,request_rescan,0.981439
9883,9883,0.9433333333333334,0.00998645168764533,request_rescan,0.981534
9884,9884,0.9433333333333334,0.00998645168764533,discard,0.981632
9885,9885,0.9433333333333334,0.00998645168764533,request_rescan,0.981731
9886,9886,0.9433333333333334,0.00998645168764533,request_rescan,0.98183
9887,9887,0.9433333333333334,0.00998645168764533,discard,0.981924
9888,9888,0.9433333333333334,0.00998645168764533,discard,0.982023
9889,9889,0.9433333333333334,0.00998645168764533,request_rescan,0.982117
9890,9890,0.9433333333333334,0.00998645168764533,discard,0.98221
9891,9891,0.9433333333333334,0.00998645168764533,request_rescan,0.982305
9892,9892,0.9433333333333334,0.00998645168764533,request_rescan,0.982399
9893,9893,0.9433333333333334,0.00998645168764533,request_rescan,0.982508
9894,9894,0.9433333333333334,0.00998645168764533,discard,0.982637
9895,9895,0.9433333333333334,0.00998645168764533,request_rescan,0.982753
9896,9896,0.9433333333333334,0.00998645168764533,discard,0.982848
9897,9897,0.9433333333333334,0.00998645168764533,discard,0.982943
9898,9898,0.9433333333333334,0.00998645168764533,request_rescan,0.983037
9899,9899,0.9433333333333334,0.00998645168764533,discard,0.983134
9900,9900,0.9433333333333334,0.00998645168764533,request_rescan,0.983231
9901,9901,0.9433333333333334,0.00998645168764533,request_rescan,0.983361
9902,9902,0.9433333333333334,0.00998645168764533,discard,0.983464
9903,9903,0.9433333333333334,0.00998645168764533,request_rescan,0.98356
9904,9904,0.9433333333333334,0.00998645168764533,discard,0.983655
9905,9905,0.9433333333333334,0.00998645168764533,request_rescan,0.98375
9906,9906,0.9433333333333334,0.00998645168764533,discard,0.983849
9907,9907,0.9433333333333334,0.00998645168764533,discard,0.983946
9908,9908,0.9433333333333334,0.00998645168764533,discard,0.984043
9909,9909,0.9433333333333334,0.00998645168764533,request_rescan,0.984139
9910,9910,0.9433333333333334,0.00998645168764533,request_rescan,0.984234
9911,9911,0.9433333333333334,0.00998645168764533,request_rescan,0.984331
9912,9912,0.9433333333333334,0.00998645168764533,discard,0.984424
9913,9913,0.9433333333333334,0.00998645168764533,discard,0.984527
9914,9914,0.9433333333333334,0.00998645168764533,discard,0.984627
9915,9915,0.9433333333333334,0.00998645168764533,discard,0.984722
9916,9916,0.9433333333333334,0.00998645168764533,request_rescan,0.984818
9917,9917,0.9433333333333334,0.00998645168764533,request_rescan,0.984913
9918,9918,0.9433333333333334,0.00998645168764533,discard,0.98501
9919,9919,0.9433333333333334,0.00998645168764533,discard,0.985106
9920,9920,0.9433333333333334,0.00998645168764533,request_rescan,0.985201
9921,9921,0.9433333333333334,0.00998645168764533,request_rescan,0.985298
9922,9922,0.9433333333333334,0.00998645168764533,discard,0.985395
9923,9923,0.9433333333333334,0.00998645168764533,request_rescan,0.9855
9924,9924,0.9433333333333334,0.00998645168764533,request_rescan,0.985597
9925,9925,0.9433333333333334,0.00998645168764533,request_rescan,0.985694
9926,9926,0.9433333333333334,0.00998645168764533,discard,0.98579
9927,9927,0.9433333333333334,0.00998645168764533,request_rescan,0.985885
9928,9928,0.9433333333333334,0.00998645168764533,discard,0.985979
9929,9929,0.9433333333333334,0.00998645168764533,request_rescan,0.986071
9930,9930,0.9433333333333334,0.00998645168764533,discard,0.986169
9931,9931,0.9433333333333334,0.00998645168764533,discard,0.986263
9932,9932,0.9433333333333334,0.00998645168764533,discard,0.98636
9933,9933,0.9433333333333334,0.00998645168764533,discard,0.986461
9934,9934,0.9433333333333334,0.00998645168764533,request_rescan,0.986561
9935,9935,0.9433333333333334,0.00998645168764533,discard,0.986661
9936,9936,0.9433333333333334,0.00998645168764533,discard,0.986757
9937,9937,0.9433333333333334,0.00998645168764533,request_rescan,0.986851
9938,9938,0.9433333333333334,0.00998645168764533,discard,0.986945
9939,9939,0.9433333333333334,0.00998645168764533,request_rescan,0.987038
9940,9940,0.9433333333333334,0.00998645168764533,discard,0.987135
9941,9941,0.9433333333333334,0.00998645168764533,request_rescan,0.98723
9942,9942,0.9433333333333334,0.00998645168764533,discard,0.987323
9943,9943,0.9433333333333334,0.00998645168764533,request_rescan,0.98742
9944,9944,0.9433333333333334,0.00998645168764533,discard,0.987523
9945,9945,0.9433333333333334,0.00998645168764533,discard,0.987618
9946,9946,0.9433333333333334,0.00998645168764533,discard,0.987715
9947,9947,0.9433333333333334,0.00998645168764533,request_rescan,0.987812
9948,9948,0.9433333333333334,0.00998645168764533,discard,0.987906
9949,9949,0.9433333333333334,0.00998645168764533,discard,0.987997
9950,9950,0.9433333333333334,0.00998645168764533,request_rescan,0.988091
9951,9951,0.9433333333333334,0.00998645168764533,request_rescan,0.988186
9952,9952,0.9433333333333334,0.00998645168764533,request_rescan,0.988287
9953,9953,0.9433333333333334,0.00998645168764533,discard,0.988391
9954,9954,0.9433333333333334,0.00998645168764533,discard,0.988514
9955,9955,0.9433333333333334,0.00998645168764533,request_rescan,0.988609
9956,9956,0.9433333333333334,0.00998645168764533,discard,0.988701
9957,9957,0.9433333333333334,0.00998645168764533,request_rescan,0.988795
9958,9958,0.9433333333333334,0.00998645168764533,request_rescan,0.988891
9959,9959,0.9433333333333334,0.00998645168764533,discard,0.988991
9960,9960,0.9433333333333334,0.00998645168764533,request_rescan,0.98909
9961,9961,0.9433333333333334,0.00998645168764533,request_rescan,0.989187
9962,9962,0.9433333333333334,0.00998645168764533,discard,0.989293
9963,9963,0.9433333333333334,0.00998645168764533,request_rescan,0.989393
9964,9964,0.9433333333333334,0.00998645168764533,discard,0.98949
9965,9965,0.9433333333333334,0.00998645168764533,request_rescan,0.989586
9966,9966,0.9433333333333334,0.00998645168764533,request_rescan,0.98968
9967,9967,0.9433333333333334,0.00998645168764533,discard,0.989772
9968,9968,0.9433333333333334,0.00998645168764533,discard,0.989873
9969,9969,0.9433333333333334,0.00998645168764533,discard,0.989967
9970,9970,0.9433333333333334,0.00998645168764533,request_rescan,0.990063
9971,9971,0.9433333333333334,0.00998645168764533,discard,0.990158
9972,9972,0.9433333333333334,0.00998645168764533,discard,0.990251
9973,9973,0.9433333333333334,0.00998645168764533,request_rescan,0.990345
9974,9974,0.9433333333333334,0.00998645168764533,request_rescan,0.99044
9975,9975,0.9433333333333334,0.00998645168764533,discard,0.990532
9976,9976,0.9433333333333334,0.00998645168764533,request_rescan,0.990625
9977,9977,0.9433333333333334,0.00998645168764533,discard,0.990719
9978,9978,0.9433333333333334,0.00998645168764533,discard,0.990812
9979,9979,0.9433333333333334,0.00998645168764533,discard,0.990905
9980,9980,0.9433333333333334,0.00998645168764533,request_rescan,0.990999
9981,9981,0.9433333333333334,0.00998645168764533,discard,0.99113
9982,9982,0.9433333333333334,0.00998645168764533,request_rescan,0.991225
9983,9983,0.9433333333333334,0.00998645168764533,request_rescan,0.991319
9984,9984,0.9433333333333334,0.00998645168764533,discard,0.991414
9985,9985,0.9433333333333334,0.00998645168764533,request_rescan,0.991508
9986,9986,0.9433333333333334,0.00998645168764533,discard,0.991601
9987,9987,0.9433333333333334,0.00998645168764533,request_rescan,0.991693
9988,9988,0.9433333333333334,0.00998645168764533,discard,0.991783
9989,9989,0.9433333333333334,0.00998645168764533,discard,0.991874
9990,9990,0.9433333333333334,0.00998645168764533,request_rescan,0.99197
9991,9991,0.9433333333333334,0.00998645168764533,discard,0.99207
9992,9992,0.9433333333333334,0.00998645168764533,discard,0.992162
9993,9993,0.9433333333333334,0.00998645168764533,discard,0.992253
9994,9994,0.9433333333333334,0.00998645168764533,discard,0.992348
9995,9995,0.9433333333333334,0.00998645168764533,request_rescan,0.99244
9996,9996,0.9433333333333334,0.00998645168764533,request_rescan,0.992541
9997,9997,0.9433333333333334,0.00998645168764533,discard,0.992642
9998,9998,0.9433333333333334,0.00998645168764533,discard,0.992737
9999,9999,0.9433333333333334,0.00998645168764533,request_rescan,0.992832
10000,10000,0.9433333333333334,0.00998645168764533,discard,0.992926
