timestep,episode,reward,decision,elapsed_time
1,1,0.9433333333333334,discard,0.003117
2,2,0.9433333333333334,discard,0.003976
3,3,0.76,discard,0.004687
4,4,0.9433333333333334,discard,0.005878
5,5,0.9433333333333334,request_rescan,0.007088
6,6,0.76,log_and_continue,0.008275
7,7,0.9433333333333334,request_rescan,0.009432
8,8,0.9433333333333334,discard,0.010594
9,9,0.76,request_rescan,0.011713
10,10,0.6633333333333333,log_and_continue,0.012851
11,11,0.9433333333333334,discard,0.013599
12,12,0.9433333333333334,request_rescan,0.01419
13,13,0.6633333333333333,log_and_continue,0.014737
14,14,0.76,log_and_continue,0.015285
15,15,0.76,discard,0.01583
16,16,0.76,request_rescan,0.016376
17,17,0.76,discard,0.016929
18,18,0.9433333333333334,request_rescan,0.017469
19,19,0.9433333333333334,request_rescan,0.018011
20,20,0.76,log_and_continue,0.018563
21,21,0.76,log_and_continue,0.019098
22,22,0.76,request_rescan,0.019881
23,23,0.9433333333333334,discard,0.020838
24,24,0.76,log_and_continue,0.021443
25,25,0.76,log_and_continue,0.021965
26,26,0.9433333333333334,discard,0.022483
27,27,0.9433333333333334,request_rescan,0.023052
28,28,0.76,discard,0.023565
29,29,0.6633333333333333,log_and_continue,0.024102
30,30,0.9433333333333334,request_rescan,0.024619
31,31,0.9433333333333334,discard,0.025159
32,32,0.6633333333333333,log_and_continue,0.02568
33,33,0.6633333333333333,log_and_continue,0.026226
34,34,0.76,discard,0.026759
35,35,0.9433333333333334,discard,0.027282
36,36,0.76,log_and_continue,0.027803
37,37,0.9433333333333334,request_rescan,0.028365
38,38,0.76,request_rescan,0.028923
39,39,0.76,discard,0.029774
40,40,0.9433333333333334,request_rescan,0.030312
41,41,0.6633333333333333,log_and_continue,0.030863
42,42,0.6633333333333333,log_and_continue,0.031447
43,43,0.76,log_and_continue,0.032041
44,44,0.76,request_rescan,0.03258
45,45,0.9433333333333334,discard,0.033167
46,46,0.76,log_and_continue,0.033704
47,47,0.9433333333333334,request_rescan,0.034275
48,48,0.6633333333333333,log_and_continue,0.034814
49,49,0.9433333333333334,discard,0.035372
50,50,0.76,log_and_continue,0.036272
51,51,0.9433333333333334,discard,0.037048
52,52,0.9433333333333334,discard,0.037603
53,53,0.76,log_and_continue,0.038167
54,54,0.76,request_rescan,0.038724
55,55,0.76,discard,0.039273
56,56,0.9433333333333334,discard,0.039832
57,57,0.9433333333333334,discard,0.04039
58,58,0.9433333333333334,discard,0.040947
59,59,0.9433333333333334,discard,0.041512
60,60,0.76,log_and_continue,0.042052
61,61,0.76,request_rescan,0.042579
62,62,0.6633333333333333,log_and_continue,0.043133
63,63,0.9433333333333334,discard,0.043668
64,64,0.9433333333333334,request_rescan,0.044222
65,65,0.6633333333333333,log_and_continue,0.044781
66,66,0.9433333333333334,discard,0.04535
67,67,0.76,discard,0.045886
68,68,0.9433333333333334,discard,0.046432
69,69,0.9433333333333334,discard,0.046966
70,70,0.76,log_and_continue,0.047516
71,71,0.76,request_rescan,0.048054
72,72,0.76,log_and_continue,0.048613
73,73,0.76,request_rescan,0.049189
74,74,0.76,log_and_continue,0.049734
75,75,0.6633333333333333,log_and_continue,0.05028
76,76,0.9433333333333334,discard,0.050832
77,77,0.76,discard,0.051372
78,78,0.6633333333333333,log_and_continue,0.051916
79,79,0.76,log_and_continue,0.052456
80,80,0.9433333333333334,request_rescan,0.052989
81,81,0.76,log_and_continue,0.05355
82,82,0.9433333333333334,discard,0.054134
83,83,0.6633333333333333,log_and_continue,0.054683
84,84,0.76,log_and_continue,0.05524
85,85,0.6633333333333333,log_and_continue,0.055784
86,86,0.6633333333333333,log_and_continue,0.05634
87,87,0.9433333333333334,discard,0.056895
88,88,0.76,discard,0.057425
89,89,0.6633333333333333,log_and_continue,0.057981
90,90,0.76,discard,0.058513
91,91,0.76,log_and_continue,0.059057
92,92,0.9433333333333334,request_rescan,0.059603
93,93,0.6633333333333333,log_and_continue,0.060145
94,94,0.6633333333333333,log_and_continue,0.060687
95,95,0.9433333333333334,discard,0.061213
96,96,0.6633333333333333,log_and_continue,0.061783
97,97,0.76,request_rescan,0.062324
98,98,0.6633333333333333,log_and_continue,0.062873
99,99,0.9433333333333334,request_rescan,0.063419
100,100,0.6633333333333333,log_and_continue,0.06395
101,101,0.6633333333333333,log_and_continue,0.065486
102,102,0.9433333333333334,request_rescan,0.066074
103,103,0.6633333333333333,log_and_continue,0.066608
104,104,0.9433333333333334,discard,0.067184
105,105,0.9433333333333334,request_rescan,0.06771
106,106,0.76,discard,0.068287
107,107,0.76,log_and_continue,0.06882
108,108,0.76,log_and_continue,0.069361
109,109,0.76,request_rescan,0.069896
110,110,0.9433333333333334,request_rescan,0.070429
111,111,0.76,log_and_continue,0.071039
112,112,0.76,discard,0.071591
113,113,0.76,request_rescan,0.072153
114,114,0.76,discard,0.072726
115,115,0.76,request_rescan,0.073299
116,116,0.9433333333333334,discard,0.073851
117,117,0.76,request_rescan,0.074357
118,118,0.9433333333333334,discard,0.074879
119,119,0.6633333333333333,log_and_continue,0.075414
120,120,0.76,discard,0.075932
121,121,0.9433333333333334,request_rescan,0.076475
122,122,0.9433333333333334,discard,0.07702
123,123,0.9433333333333334,discard,0.077557
124,124,0.9433333333333334,discard,0.07812
125,125,0.9433333333333334,request_rescan,0.07868
126,126,0.6633333333333333,log_and_continue,0.079281
127,127,0.76,request_rescan,0.079851
128,128,0.76,request_rescan,0.080765
129,129,0.76,request_rescan,0.113719
130,130,0.76,log_and_continue,0.114385
131,131,0.76,request_rescan,0.114944
132,132,0.6633333333333333,log_and_continue,0.115501
133,133,0.9433333333333334,discard,0.116064
134,134,0.9433333333333334,discard,0.116618
135,135,0.76,discard,0.117162
136,136,0.76,log_and_continue,0.117713
137,137,0.9433333333333334,discard,0.118262
138,138,0.76,discard,0.1189
139,139,0.76,discard,0.119505
140,140,0.9433333333333334,discard,0.120063
141,141,0.9433333333333334,discard,0.120621
142,142,0.76,log_and_continue,0.121169
143,143,0.76,discard,0.121716
144,144,0.9433333333333334,discard,0.122273
145,145,0.9433333333333334,request_rescan,0.122835
146,146,0.76,log_and_continue,0.123392
147,147,0.76,request_rescan,0.123937
148,148,0.9433333333333334,request_rescan,0.124515
149,149,0.76,discard,0.125097
150,150,0.9433333333333334,discard,0.125665
151,151,0.76,discard,0.126211
152,152,0.76,log_and_continue,0.126759
153,153,0.9433333333333334,request_rescan,0.127309
154,154,0.9433333333333334,request_rescan,0.127862
155,155,0.76,request_rescan,0.128415
156,156,0.6633333333333333,log_and_continue,0.129474
157,157,0.9433333333333334,request_rescan,0.13044
158,158,0.9433333333333334,discard,0.130996
159,159,0.9433333333333334,discard,0.131542
160,160,0.6633333333333333,log_and_continue,0.132099
161,161,0.9433333333333334,discard,0.132654
162,162,0.9433333333333334,request_rescan,0.133198
163,163,0.6633333333333333,log_and_continue,0.133733
164,164,0.76,log_and_continue,0.13429
165,165,0.76,request_rescan,0.134845
166,166,0.9433333333333334,discard,0.135391
167,167,0.76,log_and_continue,0.135927
168,168,0.9433333333333334,request_rescan,0.13648
169,169,0.76,discard,0.137022
170,170,0.9433333333333334,request_rescan,0.13757
171,171,0.6633333333333333,log_and_continue,0.138125
172,172,0.9433333333333334,discard,0.138676
173,173,0.9433333333333334,discard,0.139236
174,174,0.76,request_rescan,0.1398
175,175,0.9433333333333334,request_rescan,0.140359
176,176,0.6633333333333333,log_and_continue,0.140898
177,177,0.9433333333333334,request_rescan,0.141443
178,178,0.9433333333333334,discard,0.141996
179,179,0.76,discard,0.142545
180,180,0.76,log_and_continue,0.143094
181,181,0.9433333333333334,request_rescan,0.143631
182,182,0.76,discard,0.144184
183,183,0.76,log_and_continue,0.144736
184,184,0.76,request_rescan,0.145293
185,185,0.9433333333333334,discard,0.145811
186,186,0.9433333333333334,request_rescan,0.146344
187,187,0.9433333333333334,request_rescan,0.14686
188,188,0.76,request_rescan,0.147386
189,189,0.76,discard,0.147896
190,190,0.76,log_and_continue,0.14842
191,191,0.76,log_and_continue,0.148932
192,192,0.76,discard,0.149452
193,193,0.9433333333333334,request_rescan,0.149968
194,194,0.76,discard,0.150487
195,195,0.76,request_rescan,0.151019
196,196,0.9433333333333334,request_rescan,0.151548
197,197,0.9433333333333334,request_rescan,0.152071
198,198,0.76,log_and_continue,0.152581
199,199,0.76,request_rescan,0.15312
200,200,0.9433333333333334,request_rescan,0.153645
201,201,0.9433333333333334,discard,0.155094
202,202,0.9433333333333334,request_rescan,0.15565
203,203,0.9433333333333334,request_rescan,0.15622
204,204,0.9433333333333334,discard,0.156748
205,205,0.76,request_rescan,0.157314
206,206,0.76,discard,0.157867
207,207,0.9433333333333334,request_rescan,0.158423
208,208,0.9433333333333334,request_rescan,0.158975
209,209,0.6633333333333333,log_and_continue,0.159508
210,210,0.9433333333333334,request_rescan,0.160087
211,211,0.76,log_and_continue,0.16063
212,212,0.6633333333333333,log_and_continue,0.161241
213,213,0.9433333333333334,request_rescan,0.161787
214,214,0.76,log_and_continue,0.162333
215,215,0.76,log_and_continue,0.16291
216,216,0.76,log_and_continue,0.163437
217,217,0.6633333333333333,log_and_continue,0.164021
218,218,0.76,discard,0.164554
219,219,0.9433333333333334,request_rescan,0.165132
220,220,0.76,request_rescan,0.165685
221,221,0.76,discard,0.166256
222,222,0.9433333333333334,discard,0.166831
223,223,0.76,discard,0.167382
224,224,0.9433333333333334,request_rescan,0.167925
225,225,0.76,discard,0.168473
226,226,0.76,request_rescan,0.169015
227,227,0.6633333333333333,log_and_continue,0.169559
228,228,0.9433333333333334,discard,0.170101
229,229,0.76,log_and_continue,0.170649
230,230,0.9433333333333334,request_rescan,0.1712
231,231,0.6633333333333333,log_and_continue,0.171738
232,232,0.9433333333333334,discard,0.172295
233,233,0.9433333333333334,request_rescan,0.172877
234,234,0.76,discard,0.173412
235,235,0.9433333333333334,discard,0.173973
236,236,0.9433333333333334,request_rescan,0.174509
237,237,0.9433333333333334,discard,0.175073
238,238,0.76,request_rescan,0.175622
239,239,0.9433333333333334,request_rescan,0.176176
240,240,0.76,discard,0.176721
241,241,0.9433333333333334,request_rescan,0.177271
242,242,0.9433333333333334,request_rescan,0.177822
243,243,0.9433333333333334,discard,0.178395
244,244,0.9433333333333334,request_rescan,0.179024
245,245,0.6633333333333333,log_and_continue,0.179598
246,246,0.6633333333333333,log_and_continue,0.180444
247,247,0.9433333333333334,discard,0.181289
248,248,0.9433333333333334,discard,0.18183
249,249,0.9433333333333334,discard,0.182382
250,250,0.9433333333333334,discard,0.182927
251,251,0.76,request_rescan,0.183468
252,252,0.9433333333333334,request_rescan,0.18403
253,253,0.9433333333333334,discard,0.184567
254,254,0.6633333333333333,log_and_continue,0.185122
255,255,0.9433333333333334,discard,0.185667
256,256,0.9433333333333334,discard,0.186227
257,257,0.9433333333333334,discard,0.219886
258,258,0.9433333333333334,request_rescan,0.220534
259,259,0.76,request_rescan,0.221115
260,260,0.9433333333333334,request_rescan,0.22172
261,261,0.9433333333333334,request_rescan,0.222298
262,262,0.9433333333333334,discard,0.222857
263,263,0.6633333333333333,log_and_continue,0.223395
264,264,0.6633333333333333,log_and_continue,0.223959
265,265,0.9433333333333334,request_rescan,0.224499
266,266,0.9433333333333334,discard,0.225053
267,267,0.6633333333333333,log_and_continue,0.2256
268,268,0.76,request_rescan,0.226158
269,269,0.76,discard,0.226695
270,270,0.9433333333333334,request_rescan,0.22726
271,271,0.76,discard,0.2278
272,272,0.9433333333333334,request_rescan,0.22835
273,273,0.9433333333333334,request_rescan,0.228913
274,274,0.9433333333333334,request_rescan,0.229822
275,275,0.76,discard,0.23038
276,276,0.9433333333333334,request_rescan,0.230938
277,277,0.9433333333333334,request_rescan,0.231489
278,278,0.76,log_and_continue,0.232075
279,279,0.76,request_rescan,0.232623
280,280,0.9433333333333334,request_rescan,0.233161
281,281,0.76,discard,0.233718
282,282,0.76,discard,0.234587
283,283,0.76,discard,0.235219
284,284,0.76,request_rescan,0.235773
285,285,0.9433333333333334,request_rescan,0.236318
286,286,0.76,discard,0.236863
287,287,0.9433333333333334,request_rescan,0.237419
288,288,0.76,discard,0.237967
289,289,0.76,request_rescan,0.238519
290,290,0.6633333333333333,log_and_continue,0.239083
291,291,0.9433333333333334,discard,0.239627
292,292,0.9433333333333334,request_rescan,0.240176
293,293,0.76,discard,0.24073
294,294,0.76,request_rescan,0.241273
295,295,0.9433333333333334,request_rescan,0.241831
296,296,0.9433333333333334,discard,0.242375
297,297,0.76,discard,0.242941
298,298,0.76,discard,0.243495
299,299,0.76,discard,0.244052
300,300,0.76,discard,0.244596
301,301,0.76,request_rescan,0.246016
302,302,0.76,discard,0.246581
303,303,0.76,request_rescan,0.24713
304,304,0.76,log_and_continue,0.247682
305,305,0.9433333333333334,request_rescan,0.248235
306,306,0.76,request_rescan,0.248792
307,307,0.9433333333333334,request_rescan,0.249338
308,308,0.9433333333333334,discard,0.249881
309,309,0.76,request_rescan,0.250442
310,310,0.76,request_rescan,0.251035
311,311,0.76,discard,0.251616
312,312,0.76,discard,0.252178
313,313,0.76,discard,0.252731
314,314,0.9433333333333334,request_rescan,0.25328
315,315,0.76,request_rescan,0.253842
316,316,0.6633333333333333,log_and_continue,0.254383
317,317,0.76,discard,0.25495
318,318,0.9433333333333334,request_rescan,0.255492
319,319,0.9433333333333334,discard,0.256058
320,320,0.76,request_rescan,0.256605
321,321,0.9433333333333334,request_rescan,0.257175
322,322,0.9433333333333334,request_rescan,0.25773
323,323,0.9433333333333334,request_rescan,0.258281
324,324,0.6633333333333333,log_and_continue,0.258847
325,325,0.76,discard,0.259385
326,326,0.76,request_rescan,0.259948
327,327,0.9433333333333334,discard,0.260499
328,328,0.6633333333333333,log_and_continue,0.261062
329,329,0.9433333333333334,request_rescan,0.261609
330,330,0.9433333333333334,discard,0.262192
331,331,0.9433333333333334,discard,0.262745
332,332,0.76,discard,0.263298
333,333,0.9433333333333334,request_rescan,0.263857
334,334,0.9433333333333334,request_rescan,0.264403
335,335,0.9433333333333334,discard,0.264967
336,336,0.9433333333333334,discard,0.265506
337,337,0.76,discard,0.266065
338,338,0.9433333333333334,request_rescan,0.266606
339,339,0.76,request_rescan,0.267181
340,340,0.9433333333333334,request_rescan,0.26773
341,341,0.76,request_rescan,0.268287
342,342,0.76,request_rescan,0.268839
343,343,0.76,log_and_continue,0.269385
344,344,0.9433333333333334,discard,0.269943
345,345,0.9433333333333334,discard,0.270482
346,346,0.9433333333333334,request_rescan,0.27104
347,347,0.9433333333333334,request_rescan,0.271576
348,348,0.9433333333333334,request_rescan,0.272138
349,349,0.76,request_rescan,0.272688
350,350,0.76,log_and_continue,0.273251
351,351,0.9433333333333334,request_rescan,0.273801
352,352,0.76,log_and_continue,0.274356
353,353,0.9433333333333334,discard,0.274902
354,354,0.76,request_rescan,0.275458
355,355,0.9433333333333334,request_rescan,0.276017
356,356,0.76,discard,0.276566
357,357,0.9433333333333334,discard,0.27713
358,358,0.76,discard,0.27768
359,359,0.76,request_rescan,0.278497
360,360,0.6633333333333333,log_and_continue,0.279357
361,361,0.9433333333333334,request_rescan,0.279968
362,362,0.9433333333333334,request_rescan,0.280521
363,363,0.76,discard,0.281069
364,364,0.9433333333333334,request_rescan,0.281623
365,365,0.76,discard,0.282192
366,366,0.76,request_rescan,0.282743
367,367,0.6633333333333333,log_and_continue,0.283297
368,368,0.9433333333333334,request_rescan,0.283855
369,369,0.9433333333333334,discard,0.284408
370,370,0.9433333333333334,request_rescan,0.284963
371,371,0.9433333333333334,request_rescan,0.285515
372,372,0.76,log_and_continue,0.286065
373,373,0.76,discard,0.286614
374,374,0.9433333333333334,discard,0.287163
375,375,0.76,request_rescan,0.287701
376,376,0.9433333333333334,request_rescan,0.288267
377,377,0.9433333333333334,request_rescan,0.288822
378,378,0.76,discard,0.289368
379,379,0.76,request_rescan,0.289916
380,380,0.76,discard,0.290472
381,381,0.9433333333333334,discard,0.291032
382,382,0.9433333333333334,request_rescan,0.291577
383,383,0.76,discard,0.29218
384,384,0.76,request_rescan,0.292722
385,385,0.9433333333333334,discard,0.327404
386,386,0.9433333333333334,discard,0.328024
387,387,0.76,request_rescan,0.328576
388,388,0.9433333333333334,discard,0.32915
389,389,0.9433333333333334,request_rescan,0.33004
390,390,0.76,discard,0.330601
391,391,0.9433333333333334,request_rescan,0.331339
392,392,0.9433333333333334,request_rescan,0.331903
393,393,0.76,discard,0.33246
394,394,0.76,discard,0.333024
395,395,0.6633333333333333,log_and_continue,0.333578
396,396,0.9433333333333334,discard,0.334133
397,397,0.9433333333333334,request_rescan,0.334694
398,398,0.9433333333333334,request_rescan,0.335241
399,399,0.76,request_rescan,0.335805
400,400,0.76,discard,0.336352
401,401,0.9433333333333334,request_rescan,0.337794
402,402,0.9433333333333334,discard,0.338364
403,403,0.76,request_rescan,0.339416
404,404,0.76,request_rescan,0.340051
405,405,0.76,request_rescan,0.340596
406,406,0.9433333333333334,request_rescan,0.341153
407,407,0.6633333333333333,log_and_continue,0.341703
408,408,0.6633333333333333,log_and_continue,0.342253
409,409,0.76,discard,0.342793
410,410,0.76,request_rescan,0.343363
411,411,0.9433333333333334,request_rescan,0.343912
412,412,0.9433333333333334,discard,0.34447
413,413,0.9433333333333334,discard,0.345039
414,414,0.9433333333333334,request_rescan,0.345589
415,415,0.6633333333333333,log_and_continue,0.346137
416,416,0.76,log_and_continue,0.346694
417,417,0.9433333333333334,request_rescan,0.347257
418,418,0.76,discard,0.347809
419,419,0.9433333333333334,request_rescan,0.348368
420,420,0.6633333333333333,log_and_continue,0.348915
421,421,0.9433333333333334,request_rescan,0.349475
422,422,0.9433333333333334,discard,0.350028
423,423,0.9433333333333334,request_rescan,0.350591
424,424,0.76,request_rescan,0.351154
425,425,0.76,discard,0.351697
426,426,0.76,request_rescan,0.352252
427,427,0.9433333333333334,request_rescan,0.352809
428,428,0.9433333333333334,discard,0.353352
429,429,0.76,discard,0.353913
430,430,0.6633333333333333,log_and_continue,0.354466
431,431,0.76,log_and_continue,0.355028
432,432,0.76,discard,0.355589
433,433,0.76,request_rescan,0.356153
434,434,0.76,request_rescan,0.356707
435,435,0.76,discard,0.357314
436,436,0.76,request_rescan,0.357882
437,437,0.9433333333333334,request_rescan,0.35842
438,438,0.9433333333333334,discard,0.358988
439,439,0.76,request_rescan,0.359527
440,440,0.9433333333333334,request_rescan,0.360093
441,441,0.76,discard,0.360635
442,442,0.76,log_and_continue,0.361194
443,443,0.76,request_rescan,0.361747
444,444,0.9433333333333334,request_rescan,0.36231
445,445,0.9433333333333334,request_rescan,0.362878
446,446,0.9433333333333334,request_rescan,0.36344
447,447,0.76,request_rescan,0.364004
448,448,0.9433333333333334,request_rescan,0.364549
449,449,0.9433333333333334,discard,0.36511
450,450,0.6633333333333333,log_and_continue,0.365659
451,451,0.9433333333333334,request_rescan,0.366223
452,452,0.9433333333333334,request_rescan,0.367047
453,453,0.76,discard,0.368026
454,454,0.9433333333333334,request_rescan,0.368573
455,455,0.76,request_rescan,0.369132
456,456,0.76,discard,0.369693
457,457,0.6633333333333333,log_and_continue,0.370251
458,458,0.9433333333333334,request_rescan,0.370814
459,459,0.9433333333333334,request_rescan,0.37138
460,460,0.9433333333333334,discard,0.371921
461,461,0.9433333333333334,discard,0.372484
462,462,0.9433333333333334,request_rescan,0.373036
463,463,0.9433333333333334,request_rescan,0.373595
464,464,0.6633333333333333,log_and_continue,0.374142
465,465,0.6633333333333333,log_and_continue,0.374704
466,466,0.76,discard,0.375264
467,467,0.76,request_rescan,0.375828
468,468,0.76,request_rescan,0.376404
469,469,0.76,discard,0.376981
470,470,0.76,request_rescan,0.377525
471,471,0.9433333333333334,discard,0.378087
472,472,0.9433333333333334,request_rescan,0.378635
473,473,0.9433333333333334,discard,0.3792
474,474,0.76,log_and_continue,0.380119
475,475,0.9433333333333334,discard,0.380674
476,476,0.76,request_rescan,0.381243
477,477,0.9433333333333334,discard,0.381793
478,478,0.76,request_rescan,0.382357
479,479,0.76,discard,0.382908
480,480,0.6633333333333333,log_and_continue,0.383451
481,481,0.9433333333333334,discard,0.38435
482,482,0.76,discard,0.385316
483,483,0.76,request_rescan,0.385875
484,484,0.76,request_rescan,0.386424
485,485,0.9433333333333334,request_rescan,0.386983
486,486,0.9433333333333334,request_rescan,0.387536
487,487,0.9433333333333334,request_rescan,0.388087
488,488,0.76,request_rescan,0.388639
489,489,0.9433333333333334,request_rescan,0.389194
490,490,0.76,request_rescan,0.389751
491,491,0.76,discard,0.3903
492,492,0.76,discard,0.390864
493,493,0.9433333333333334,request_rescan,0.391406
494,494,0.9433333333333334,request_rescan,0.39196
495,495,0.76,discard,0.392508
496,496,0.76,request_rescan,0.393059
497,497,0.76,discard,0.393624
498,498,0.9433333333333334,discard,0.394182
499,499,0.76,request_rescan,0.394732
500,500,0.76,log_and_continue,0.395297
501,501,0.76,request_rescan,0.39676
502,502,0.9433333333333334,request_rescan,0.397317
503,503,0.76,discard,0.397879
504,504,0.6633333333333333,log_and_continue,0.398428
505,505,0.76,discard,0.398975
506,506,0.76,request_rescan,0.399533
507,507,0.76,request_rescan,0.400077
508,508,0.9433333333333334,discard,0.400629
509,509,0.76,request_rescan,0.401191
510,510,0.76,request_rescan,0.401737
511,511,0.9433333333333334,discard,0.402309
512,512,0.9433333333333334,request_rescan,0.402867
513,513,0.9433333333333334,request_rescan,0.435741
514,514,0.9433333333333334,discard,0.436392
515,515,0.9433333333333334,discard,0.436994
516,516,0.9433333333333334,discard,0.43756
517,517,0.76,request_rescan,0.438179
518,518,0.76,request_rescan,0.438756
519,519,0.9433333333333334,request_rescan,0.43933
520,520,0.76,request_rescan,0.439897
521,521,0.9433333333333334,request_rescan,0.440457
522,522,0.76,discard,0.441034
523,523,0.76,request_rescan,0.441591
524,524,0.76,log_and_continue,0.442162
525,525,0.9433333333333334,discard,0.442708
526,526,0.9433333333333334,request_rescan,0.443278
527,527,0.9433333333333334,request_rescan,0.443825
528,528,0.9433333333333334,request_rescan,0.444403
529,529,0.9433333333333334,request_rescan,0.444977
530,530,0.9433333333333334,request_rescan,0.445847
531,531,0.76,request_rescan,0.446402
532,532,0.76,request_rescan,0.44697
533,533,0.76,discard,0.447535
534,534,0.9433333333333334,request_rescan,0.448099
535,535,0.76,request_rescan,0.44864
536,536,0.9433333333333334,request_rescan,0.449206
537,537,0.9433333333333334,discard,0.449743
538,538,0.9433333333333334,request_rescan,0.45031
539,539,0.9433333333333334,request_rescan,0.450855
540,540,0.9433333333333334,discard,0.451505
541,541,0.76,request_rescan,0.452417
542,542,0.76,request_rescan,0.452973
543,543,0.76,request_rescan,0.45353
544,544,0.9433333333333334,request_rescan,0.454092
545,545,0.76,request_rescan,0.454639
546,546,0.6633333333333333,log_and_continue,0.455198
547,547,0.76,request_rescan,0.455745
548,548,0.9433333333333334,request_rescan,0.456297
549,549,0.9433333333333334,request_rescan,0.456856
550,550,0.9433333333333334,discard,0.457399
551,551,0.76,request_rescan,0.457967
552,552,0.76,log_and_continue,0.458511
553,553,0.76,request_rescan,0.459072
554,554,0.9433333333333334,request_rescan,0.459615
555,555,0.76,discard,0.460184
556,556,0.9433333333333334,discard,0.460737
557,557,0.9433333333333334,request_rescan,0.461307
558,558,0.76,request_rescan,0.461857
559,559,0.9433333333333334,discard,0.46242
560,560,0.9433333333333334,request_rescan,0.462966
561,561,0.9433333333333334,request_rescan,0.463524
562,562,0.9433333333333334,request_rescan,0.464073
563,563,0.76,discard,0.464627
564,564,0.76,request_rescan,0.465186
565,565,0.76,request_rescan,0.465734
566,566,0.9433333333333334,request_rescan,0.466299
567,567,0.9433333333333334,request_rescan,0.466851
568,568,0.76,discard,0.467415
569,569,0.9433333333333334,discard,0.467968
570,570,0.76,discard,0.468521
571,571,0.76,discard,0.469083
572,572,0.9433333333333334,request_rescan,0.469629
573,573,0.76,discard,0.470188
574,574,0.76,request_rescan,0.470733
575,575,0.76,request_rescan,0.471281
576,576,0.76,request_rescan,0.471836
577,577,0.76,request_rescan,0.47239
578,578,0.6633333333333333,log_and_continue,0.47294
579,579,0.9433333333333334,request_rescan,0.473502
580,580,0.76,request_rescan,0.474049
581,581,0.76,request_rescan,0.47461
582,582,0.9433333333333334,request_rescan,0.475159
583,583,0.76,log_and_continue,0.475713
584,584,0.76,discard,0.476271
585,585,0.76,request_rescan,0.476825
586,586,0.9433333333333334,discard,0.477373
587,587,0.76,discard,0.477969
588,588,0.9433333333333334,request_rescan,0.47852
589,589,0.9433333333333334,request_rescan,0.479432
590,590,0.76,request_rescan,0.48047
591,591,0.9433333333333334,request_rescan,0.481018
592,592,0.9433333333333334,request_rescan,0.481561
593,593,0.76,discard,0.482127
594,594,0.76,request_rescan,0.482681
595,595,0.76,discard,0.483271
596,596,0.76,request_rescan,0.483822
597,597,0.9433333333333334,discard,0.484381
598,598,0.9433333333333334,request_rescan,0.484963
599,599,0.9433333333333334,request_rescan,0.485515
600,600,0.9433333333333334,discard,0.486065
601,601,0.9433333333333334,request_rescan,0.487488
602,602,0.9433333333333334,request_rescan,0.488046
603,603,0.76,request_rescan,0.488595
604,604,0.9433333333333334,request_rescan,0.489146
605,605,0.6633333333333333,log_and_continue,0.489705
606,606,0.76,request_rescan,0.490255
607,607,0.76,request_rescan,0.490819
608,608,0.76,discard,0.491367
609,609,0.9433333333333334,request_rescan,0.49193
610,610,0.76,request_rescan,0.492471
611,611,0.9433333333333334,discard,0.493039
612,612,0.76,request_rescan,0.493589
613,613,0.76,discard,0.494151
614,614,0.76,request_rescan,0.494693
615,615,0.9433333333333334,request_rescan,0.495257
616,616,0.9433333333333334,request_rescan,0.495816
617,617,0.76,request_rescan,0.496377
618,618,0.9433333333333334,discard,0.496926
619,619,0.76,request_rescan,0.497482
620,620,0.76,request_rescan,0.498044
621,621,0.9433333333333334,discard,0.498621
622,622,0.76,request_rescan,0.499187
623,623,0.76,request_rescan,0.499751
624,624,0.76,request_rescan,0.500303
625,625,0.9433333333333334,discard,0.500868
626,626,0.76,request_rescan,0.501411
627,627,0.76,discard,0.501981
628,628,0.76,request_rescan,0.502534
629,629,0.9433333333333334,discard,0.503091
630,630,0.9433333333333334,discard,0.503651
631,631,0.9433333333333334,request_rescan,0.504202
632,632,0.9433333333333334,discard,0.504761
633,633,0.76,discard,0.50533
634,634,0.9433333333333334,discard,0.506988
635,635,0.76,discard,0.50754
636,636,0.6633333333333333,log_and_continue,0.508123
637,637,0.9433333333333334,request_rescan,0.508666
638,638,0.9433333333333334,request_rescan,0.509211
639,639,0.76,discard,0.50975
640,640,0.9433333333333334,request_rescan,0.51029
641,641,0.9433333333333334,discard,0.540472
642,642,0.76,discard,0.541087
643,643,0.76,request_rescan,0.54164
644,644,0.76,request_rescan,0.542205
645,645,0.9433333333333334,discard,0.542748
646,646,0.9433333333333334,request_rescan,0.543302
647,647,0.76,request_rescan,0.543853
648,648,0.9433333333333334,request_rescan,0.544407
649,649,0.76,request_rescan,0.544956
650,650,0.76,request_rescan,0.545522
651,651,0.76,discard,0.546067
652,652,0.76,request_rescan,0.54661
653,653,0.76,discard,0.54716
654,654,0.9433333333333334,request_rescan,0.547696
655,655,0.9433333333333334,request_rescan,0.548263
656,656,0.76,request_rescan,0.54884
657,657,0.9433333333333334,request_rescan,0.549444
658,658,0.76,request_rescan,0.550052
659,659,0.9433333333333334,request_rescan,0.550627
660,660,0.76,request_rescan,0.551258
661,661,0.9433333333333334,request_rescan,0.551827
662,662,0.76,discard,0.552415
663,663,0.9433333333333334,discard,0.552986
664,664,0.9433333333333334,request_rescan,0.55353
665,665,0.76,discard,0.554092
666,666,0.9433333333333334,discard,0.55464
667,667,0.76,discard,0.555205
668,668,0.9433333333333334,discard,0.555753
669,669,0.9433333333333334,discard,0.556312
670,670,0.9433333333333334,discard,0.556856
671,671,0.76,discard,0.557405
672,672,0.76,request_rescan,0.557953
673,673,0.9433333333333334,request_rescan,0.558513
674,674,0.76,log_and_continue,0.559107
675,675,0.9433333333333334,request_rescan,0.559651
676,676,0.9433333333333334,request_rescan,0.560216
677,677,0.9433333333333334,request_rescan,0.560753
678,678,0.76,discard,0.56133
679,679,0.76,request_rescan,0.561878
680,680,0.76,discard,0.562458
681,681,0.9433333333333334,request_rescan,0.56302
682,682,0.9433333333333334,request_rescan,0.563596
683,683,0.9433333333333334,request_rescan,0.564163
684,684,0.76,discard,0.564726
685,685,0.9433333333333334,request_rescan,0.565283
686,686,0.76,request_rescan,0.566082
687,687,0.76,request_rescan,0.567361
688,688,0.9433333333333334,request_rescan,0.567928
689,689,0.6633333333333333,log_and_continue,0.568484
690,690,0.76,request_rescan,0.569062
691,691,0.76,request_rescan,0.569629
692,692,0.76,request_rescan,0.570187
693,693,0.76,discard,0.570785
694,694,0.76,request_rescan,0.571335
695,695,0.6633333333333333,log_and_continue,0.5719
696,696,0.76,discard,0.572447
697,697,0.76,discard,0.573011
698,698,0.9433333333333334,request_rescan,0.573555
699,699,0.76,request_rescan,0.574122
700,700,0.9433333333333334,request_rescan,0.574669
701,701,0.9433333333333334,discard,0.576139
702,702,0.9433333333333334,request_rescan,0.576698
703,703,0.6633333333333333,log_and_continue,0.577248
704,704,0.76,discard,0.577812
705,705,0.9433333333333334,request_rescan,0.578373
706,706,0.9433333333333334,request_rescan,0.579256
707,707,0.9433333333333334,request_rescan,0.579808
708,708,0.9433333333333334,request_rescan,0.580366
709,709,0.9433333333333334,discard,0.580932
710,710,0.9433333333333334,discard,0.581487
711,711,0.76,discard,0.582042
712,712,0.9433333333333334,request_rescan,0.582622
713,713,0.9433333333333334,request_rescan,0.583192
714,714,0.76,request_rescan,0.584267
715,715,0.9433333333333334,request_rescan,0.584895
716,716,0.76,request_rescan,0.585453
717,717,0.9433333333333334,discard,0.586011
718,718,0.9433333333333334,request_rescan,0.586585
719,719,0.76,discard,0.58714
720,720,0.9433333333333334,request_rescan,0.587724
721,721,0.76,request_rescan,0.588287
722,722,0.9433333333333334,request_rescan,0.588844
723,723,0.9433333333333334,request_rescan,0.589395
724,724,0.9433333333333334,request_rescan,0.589966
725,725,0.9433333333333334,request_rescan,0.590513
726,726,0.9433333333333334,discard,0.591065
727,727,0.6633333333333333,log_and_continue,0.591616
728,728,0.9433333333333334,request_rescan,0.592183
729,729,0.9433333333333334,discard,0.59273
730,730,0.76,request_rescan,0.593296
731,731,0.9433333333333334,request_rescan,0.593845
732,732,0.9433333333333334,request_rescan,0.594403
733,733,0.76,discard,0.594956
734,734,0.9433333333333334,discard,0.595526
735,735,0.76,request_rescan,0.59609
736,736,0.76,discard,0.59665
737,737,0.6633333333333333,log_and_continue,0.597195
738,738,0.9433333333333334,request_rescan,0.597753
739,739,0.76,request_rescan,0.59831
740,740,0.6633333333333333,log_and_continue,0.598897
741,741,0.76,request_rescan,0.599442
742,742,0.9433333333333334,request_rescan,0.600004
743,743,0.9433333333333334,discard,0.600551
744,744,0.76,request_rescan,0.601111
745,745,0.9433333333333334,request_rescan,0.60167
746,746,0.9433333333333334,discard,0.602222
747,747,0.76,discard,0.602789
748,748,0.9433333333333334,discard,0.603326
749,749,0.9433333333333334,request_rescan,0.603886
750,750,0.9433333333333334,discard,0.604425
751,751,0.9433333333333334,request_rescan,0.604986
752,752,0.76,discard,0.605551
753,753,0.9433333333333334,discard,0.606131
754,754,0.9433333333333334,discard,0.607644
755,755,0.76,discard,0.608251
756,756,0.9433333333333334,request_rescan,0.608807
757,757,0.76,request_rescan,0.609361
758,758,0.9433333333333334,request_rescan,0.609922
759,759,0.76,request_rescan,0.61046
760,760,0.76,discard,0.611001
761,761,0.76,request_rescan,0.611559
762,762,0.9433333333333334,request_rescan,0.612137
763,763,0.9433333333333334,request_rescan,0.612685
764,764,0.76,request_rescan,0.613262
765,765,0.76,request_rescan,0.613814
766,766,0.9433333333333334,request_rescan,0.614386
767,767,0.9433333333333334,request_rescan,0.614941
768,768,0.76,request_rescan,0.615522
769,769,0.9433333333333334,request_rescan,0.645835
770,770,0.9433333333333334,discard,0.646445
771,771,0.9433333333333334,discard,0.647035
772,772,0.76,request_rescan,0.647588
773,773,0.76,discard,0.648166
774,774,0.76,request_rescan,0.648712
775,775,0.76,request_rescan,0.649323
776,776,0.9433333333333334,request_rescan,0.649881
777,777,0.9433333333333334,request_rescan,0.650421
778,778,0.9433333333333334,request_rescan,0.650969
779,779,0.9433333333333334,discard,0.651517
780,780,0.9433333333333334,request_rescan,0.652075
781,781,0.76,discard,0.652614
782,782,0.9433333333333334,discard,0.653174
783,783,0.76,request_rescan,0.653725
784,784,0.76,request_rescan,0.654284
785,785,0.9433333333333334,discard,0.654831
786,786,0.9433333333333334,discard,0.65541
787,787,0.76,discard,0.65596
788,788,0.76,discard,0.65653
789,789,0.76,discard,0.65707
790,790,0.76,request_rescan,0.65762
791,791,0.9433333333333334,request_rescan,0.658162
792,792,0.9433333333333334,request_rescan,0.658713
793,793,0.9433333333333334,request_rescan,0.659254
794,794,0.76,request_rescan,0.659816
795,795,0.76,request_rescan,0.660371
796,796,0.76,request_rescan,0.660929
797,797,0.76,request_rescan,0.661492
798,798,0.9433333333333334,request_rescan,0.662048
799,799,0.9433333333333334,request_rescan,0.662581
800,800,0.9433333333333334,request_rescan,0.663132
801,801,0.76,request_rescan,0.664649
802,802,0.76,discard,0.665217
803,803,0.9433333333333334,request_rescan,0.66579
804,804,0.76,request_rescan,0.66634
805,805,0.9433333333333334,discard,0.666898
806,806,0.76,request_rescan,0.667443
807,807,0.76,request_rescan,0.668024
808,808,0.9433333333333334,request_rescan,0.668565
809,809,0.76,request_rescan,0.669157
810,810,0.76,request_rescan,0.669721
811,811,0.76,discard,0.670313
812,812,0.76,request_rescan,0.670891
813,813,0.9433333333333334,request_rescan,0.671455
814,814,0.9433333333333334,request_rescan,0.672051
815,815,0.9433333333333334,request_rescan,0.672607
816,816,0.9433333333333334,request_rescan,0.673197
817,817,0.9433333333333334,request_rescan,0.673739
818,818,0.76,request_rescan,0.674326
819,819,0.76,request_rescan,0.674885
820,820,0.76,request_rescan,0.675449
821,821,0.76,request_rescan,0.676003
822,822,0.9433333333333334,request_rescan,0.676563
823,823,0.9433333333333334,request_rescan,0.677143
824,824,0.76,discard,0.677713
825,825,0.76,request_rescan,0.678283
826,826,0.9433333333333334,request_rescan,0.678869
827,827,0.76,discard,0.679482
828,828,0.9433333333333334,request_rescan,0.680409
829,829,0.76,request_rescan,0.681332
830,830,0.9433333333333334,request_rescan,0.681923
831,831,0.9433333333333334,request_rescan,0.682474
832,832,0.76,request_rescan,0.683072
833,833,0.76,request_rescan,0.683615
834,834,0.9433333333333334,request_rescan,0.684205
835,835,0.76,request_rescan,0.684775
836,836,0.9433333333333334,request_rescan,0.685368
837,837,0.76,discard,0.685927
838,838,0.76,request_rescan,0.686469
839,839,0.76,request_rescan,0.687028
840,840,0.76,discard,0.687563
841,841,0.9433333333333334,request_rescan,0.688123
842,842,0.76,discard,0.688667
843,843,0.76,request_rescan,0.689239
844,844,0.76,request_rescan,0.689783
845,845,0.9433333333333334,request_rescan,0.690333
846,846,0.9433333333333334,discard,0.690875
847,847,0.9433333333333334,request_rescan,0.691425
848,848,0.9433333333333334,request_rescan,0.691965
849,849,0.9433333333333334,request_rescan,0.69251
850,850,0.76,request_rescan,0.69307
851,851,0.76,request_rescan,0.693611
852,852,0.9433333333333334,discard,0.694165
853,853,0.76,request_rescan,0.694706
854,854,0.9433333333333334,discard,0.695294
855,855,0.9433333333333334,request_rescan,0.695843
856,856,0.76,request_rescan,0.696402
857,857,0.9433333333333334,request_rescan,0.696941
858,858,0.9433333333333334,discard,0.697498
859,859,0.76,request_rescan,0.698038
860,860,0.9433333333333334,discard,0.698581
861,861,0.9433333333333334,request_rescan,0.699129
862,862,0.76,discard,0.699683
863,863,0.9433333333333334,discard,0.700248
864,864,0.76,request_rescan,0.700793
865,865,0.9433333333333334,request_rescan,0.701354
866,866,0.9433333333333334,request_rescan,0.701924
867,867,0.76,request_rescan,0.702457
868,868,0.9433333333333334,request_rescan,0.703011
869,869,0.76,request_rescan,0.703547
870,870,0.76,request_rescan,0.704092
871,871,0.9433333333333334,request_rescan,0.704638
872,872,0.9433333333333334,discard,0.705194
873,873,0.9433333333333334,request_rescan,0.705749
874,874,0.9433333333333334,request_rescan,0.706363
875,875,0.76,request_rescan,0.706902
876,876,0.9433333333333334,discard,0.707456
877,877,0.9433333333333334,request_rescan,0.709122
878,878,0.9433333333333334,request_rescan,0.709671
879,879,0.76,discard,0.71023
880,880,0.9433333333333334,request_rescan,0.710774
881,881,0.9433333333333334,request_rescan,0.711322
882,882,0.9433333333333334,request_rescan,0.711873
883,883,0.9433333333333334,request_rescan,0.712418
884,884,0.9433333333333334,discard,0.713
885,885,0.76,discard,0.713557
886,886,0.76,request_rescan,0.714161
887,887,0.9433333333333334,discard,0.714706
888,888,0.9433333333333334,request_rescan,0.715272
889,889,0.9433333333333334,request_rescan,0.716163
890,890,0.76,request_rescan,0.717032
891,891,0.9433333333333334,request_rescan,0.717594
892,892,0.76,request_rescan,0.718147
893,893,0.76,discard,0.718692
894,894,0.9433333333333334,discard,0.719254
895,895,0.9433333333333334,request_rescan,0.719812
896,896,0.9433333333333334,request_rescan,0.720363
897,897,0.9433333333333334,request_rescan,0.750426
898,898,0.76,request_rescan,0.751297
899,899,0.9433333333333334,request_rescan,0.751874
900,900,0.9433333333333334,request_rescan,0.752436
901,901,0.76,request_rescan,0.753892
902,902,0.6633333333333333,log_and_continue,0.754472
903,903,0.76,request_rescan,0.755076
904,904,0.76,request_rescan,0.755637
905,905,0.9433333333333334,request_rescan,0.756215
906,906,0.76,request_rescan,0.756775
907,907,0.76,request_rescan,0.757341
908,908,0.76,request_rescan,0.75789
909,909,0.9433333333333334,discard,0.758449
910,910,0.76,request_rescan,0.759003
911,911,0.9433333333333334,request_rescan,0.759581
912,912,0.76,request_rescan,0.760127
913,913,0.76,request_rescan,0.760682
914,914,0.76,request_rescan,0.761232
915,915,0.9433333333333334,request_rescan,0.761792
916,916,0.9433333333333334,request_rescan,0.762352
917,917,0.9433333333333334,request_rescan,0.762911
918,918,0.76,request_rescan,0.763468
919,919,0.76,request_rescan,0.764021
920,920,0.76,discard,0.764573
921,921,0.9433333333333334,discard,0.765143
922,922,0.9433333333333334,discard,0.765734
923,923,0.76,request_rescan,0.766295
924,924,0.76,request_rescan,0.766866
925,925,0.9433333333333334,request_rescan,0.767435
926,926,0.9433333333333334,request_rescan,0.767989
927,927,0.9433333333333334,discard,0.768551
928,928,0.9433333333333334,request_rescan,0.7691
929,929,0.76,discard,0.769657
930,930,0.76,request_rescan,0.770213
931,931,0.9433333333333334,request_rescan,0.770755
932,932,0.9433333333333334,request_rescan,0.771317
933,933,0.9433333333333334,request_rescan,0.771888
934,934,0.76,request_rescan,0.772433
935,935,0.9433333333333334,request_rescan,0.773007
936,936,0.76,request_rescan,0.773551
937,937,0.9433333333333334,request_rescan,0.774114
938,938,0.76,request_rescan,0.774653
939,939,0.76,request_rescan,0.775217
940,940,0.9433333333333334,request_rescan,0.775776
941,941,0.9433333333333334,request_rescan,0.776336
942,942,0.76,discard,0.776881
943,943,0.9433333333333334,request_rescan,0.777437
944,944,0.9433333333333334,discard,0.778003
945,945,0.76,discard,0.778581
946,946,0.9433333333333334,request_rescan,0.779366
947,947,0.76,log_and_continue,0.780329
948,948,0.76,request_rescan,0.780894
949,949,0.9433333333333334,discard,0.781441
950,950,0.9433333333333334,request_rescan,0.782016
951,951,0.76,request_rescan,0.782561
952,952,0.9433333333333334,request_rescan,0.783174
953,953,0.76,request_rescan,0.783728
954,954,0.9433333333333334,request_rescan,0.7843
955,955,0.76,request_rescan,0.78486
956,956,0.9433333333333334,request_rescan,0.785416
957,957,0.76,request_rescan,0.785979
958,958,0.76,request_rescan,0.786528
959,959,0.76,request_rescan,0.787073
960,960,0.76,request_rescan,0.787631
961,961,0.9433333333333334,request_rescan,0.788186
962,962,0.9433333333333334,request_rescan,0.788744
963,963,0.9433333333333334,request_rescan,0.789299
964,964,0.76,request_rescan,0.789863
965,965,0.9433333333333334,request_rescan,0.790413
966,966,0.9433333333333334,request_rescan,0.790974
967,967,0.9433333333333334,discard,0.791534
968,968,0.9433333333333334,request_rescan,0.792092
969,969,0.9433333333333334,request_rescan,0.792646
970,970,0.76,discard,0.793211
971,971,0.9433333333333334,request_rescan,0.793755
972,972,0.9433333333333334,discard,0.794309
973,973,0.9433333333333334,discard,0.794874
974,974,0.76,request_rescan,0.795426
975,975,0.9433333333333334,request_rescan,0.795996
976,976,0.76,request_rescan,0.796538
977,977,0.76,request_rescan,0.79712
978,978,0.9433333333333334,request_rescan,0.797654
979,979,0.9433333333333334,discard,0.798218
980,980,0.76,request_rescan,0.798762
981,981,0.76,request_rescan,0.799319
982,982,0.9433333333333334,request_rescan,0.799864
983,983,0.9433333333333334,request_rescan,0.800412
984,984,0.76,discard,0.800961
985,985,0.9433333333333334,request_rescan,0.801503
986,986,0.9433333333333334,request_rescan,0.802079
987,987,0.9433333333333334,discard,0.802611
988,988,0.9433333333333334,request_rescan,0.803162
989,989,0.9433333333333334,request_rescan,0.803693
990,990,0.76,request_rescan,0.804249
991,991,0.76,request_rescan,0.804793
992,992,0.9433333333333334,request_rescan,0.805344
993,993,0.9433333333333334,request_rescan,0.805924
994,994,0.76,request_rescan,0.806474
995,995,0.76,request_rescan,0.80704
996,996,0.9433333333333334,request_rescan,0.807576
997,997,0.76,request_rescan,0.808148
998,998,0.9433333333333334,discard,0.809571
999,999,0.9433333333333334,discard,0.810304
1000,1000,0.76,request_rescan,0.810867
1001,1001,0.9433333333333334,discard,0.812246
1002,1002,0.9433333333333334,request_rescan,0.813517
1003,1003,0.9433333333333334,request_rescan,0.814154
1004,1004,0.9433333333333334,discard,0.814708
1005,1005,0.76,request_rescan,0.815281
1006,1006,0.76,request_rescan,0.815842
1007,1007,0.76,request_rescan,0.816442
1008,1008,0.9433333333333334,discard,0.81704
1009,1009,0.76,request_rescan,0.817588
1010,1010,0.9433333333333334,request_rescan,0.818162
1011,1011,0.9433333333333334,request_rescan,0.818705
1012,1012,0.76,discard,0.819264
1013,1013,0.9433333333333334,discard,0.819817
1014,1014,0.76,request_rescan,0.820387
1015,1015,0.9433333333333334,discard,0.820933
1016,1016,0.76,request_rescan,0.821496
1017,1017,0.76,request_rescan,0.822047
1018,1018,0.9433333333333334,request_rescan,0.822614
1019,1019,0.76,discard,0.82317
1020,1020,0.9433333333333334,request_rescan,0.823728
1021,1021,0.76,request_rescan,0.824286
1022,1022,0.9433333333333334,request_rescan,0.824843
1023,1023,0.76,request_rescan,0.825386
1024,1024,0.76,request_rescan,0.825955
1025,1025,0.9433333333333334,request_rescan,0.856156
1026,1026,0.76,discard,0.856772
1027,1027,0.9433333333333334,request_rescan,0.85735
1028,1028,0.9433333333333334,request_rescan,0.857917
1029,1029,0.76,request_rescan,0.858475
1030,1030,0.9433333333333334,discard,0.859029
1031,1031,0.9433333333333334,request_rescan,0.859589
1032,1032,0.9433333333333334,discard,0.860145
1033,1033,0.9433333333333334,request_rescan,0.860699
1034,1034,0.9433333333333334,request_rescan,0.861256
1035,1035,0.76,request_rescan,0.861814
1036,1036,0.9433333333333334,request_rescan,0.862362
1037,1037,0.9433333333333334,request_rescan,0.862924
1038,1038,0.76,discard,0.863478
1039,1039,0.76,request_rescan,0.864041
1040,1040,0.76,request_rescan,0.864588
1041,1041,0.9433333333333334,request_rescan,0.865166
1042,1042,0.76,request_rescan,0.865738
1043,1043,0.9433333333333334,discard,0.866311
1044,1044,0.9433333333333334,discard,0.866862
1045,1045,0.9433333333333334,discard,0.867413
1046,1046,0.76,request_rescan,0.867971
1047,1047,0.9433333333333334,request_rescan,0.868532
1048,1048,0.76,discard,0.869095
1049,1049,0.9433333333333334,request_rescan,0.86964
1050,1050,0.76,request_rescan,0.87019
1051,1051,0.9433333333333334,discard,0.870748
1052,1052,0.76,discard,0.871301
1053,1053,0.9433333333333334,request_rescan,0.871863
1054,1054,0.76,discard,0.872416
1055,1055,0.9433333333333334,request_rescan,0.872975
1056,1056,0.76,request_rescan,0.873527
1057,1057,0.76,discard,0.874083
1058,1058,0.76,discard,0.874619
1059,1059,0.76,request_rescan,0.875187
1060,1060,0.76,discard,0.875734
1061,1061,0.9433333333333334,request_rescan,0.876296
1062,1062,0.9433333333333334,request_rescan,0.876851
1063,1063,0.9433333333333334,request_rescan,0.877403
1064,1064,0.76,request_rescan,0.877961
1065,1065,0.76,request_rescan,0.879289
1066,1066,0.9433333333333334,request_rescan,0.879839
1067,1067,0.9433333333333334,request_rescan,0.880403
1068,1068,0.76,discard,0.880954
1069,1069,0.76,request_rescan,0.881498
1070,1070,0.9433333333333334,request_rescan,0.882058
1071,1071,0.76,discard,0.882612
1072,1072,0.9433333333333334,request_rescan,0.883209
1073,1073,0.76,discard,0.883752
1074,1074,0.9433333333333334,request_rescan,0.884319
1075,1075,0.76,request_rescan,0.884889
1076,1076,0.76,request_rescan,0.885453
1077,1077,0.76,request_rescan,0.886003
1078,1078,0.76,request_rescan,0.88656
1079,1079,0.9433333333333334,discard,0.887114
1080,1080,0.9433333333333334,request_rescan,0.88767
1081,1081,0.76,request_rescan,0.888227
1082,1082,0.76,request_rescan,0.888783
1083,1083,0.76,discard,0.889321
1084,1084,0.9433333333333334,request_rescan,0.889887
1085,1085,0.9433333333333334,discard,0.890428
1086,1086,0.76,discard,0.890995
1087,1087,0.9433333333333334,request_rescan,0.891536
1088,1088,0.9433333333333334,request_rescan,0.892097
1089,1089,0.76,discard,0.892636
1090,1090,0.9433333333333334,request_rescan,0.893199
1091,1091,0.76,discard,0.893739
1092,1092,0.9433333333333334,discard,0.894287
1093,1093,0.9433333333333334,request_rescan,0.89485
1094,1094,0.9433333333333334,request_rescan,0.895406
1095,1095,0.9433333333333334,request_rescan,0.895959
1096,1096,0.76,request_rescan,0.896505
1097,1097,0.76,discard,0.897065
1098,1098,0.76,request_rescan,0.897608
1099,1099,0.76,request_rescan,0.898175
1100,1100,0.9433333333333334,discard,0.898717
1101,1101,0.76,discard,0.900198
1102,1102,0.9433333333333334,request_rescan,0.900753
1103,1103,0.76,request_rescan,0.901324
1104,1104,0.9433333333333334,request_rescan,0.901878
1105,1105,0.9433333333333334,request_rescan,0.902443
1106,1106,0.76,discard,0.903003
1107,1107,0.9433333333333334,request_rescan,0.903558
1108,1108,0.76,request_rescan,0.904111
1109,1109,0.76,discard,0.904667
1110,1110,0.9433333333333334,request_rescan,0.905224
1111,1111,0.9433333333333334,request_rescan,0.905794
1112,1112,0.9433333333333334,discard,0.906346
1113,1113,0.9433333333333334,request_rescan,0.906917
1114,1114,0.76,request_rescan,0.907474
1115,1115,0.76,request_rescan,0.908031
1116,1116,0.9433333333333334,request_rescan,0.908579
1117,1117,0.76,request_rescan,0.909136
1118,1118,0.9433333333333334,discard,0.910555
1119,1119,0.9433333333333334,request_rescan,0.911177
1120,1120,0.76,request_rescan,0.911729
1121,1121,0.9433333333333334,request_rescan,0.912304
1122,1122,0.76,request_rescan,0.912862
1123,1123,0.76,discard,0.913426
1124,1124,0.9433333333333334,request_rescan,0.913992
1125,1125,0.76,request_rescan,0.914541
1126,1126,0.9433333333333334,request_rescan,0.915104
1127,1127,0.9433333333333334,request_rescan,0.915641
1128,1128,0.76,request_rescan,0.916208
1129,1129,0.9433333333333334,request_rescan,0.916752
1130,1130,0.76,discard,0.917326
1131,1131,0.9433333333333334,request_rescan,0.918155
1132,1132,0.9433333333333334,request_rescan,0.919035
1133,1133,0.76,request_rescan,0.91957
1134,1134,0.76,request_rescan,0.920122
1135,1135,0.76,discard,0.920671
1136,1136,0.9433333333333334,request_rescan,0.921224
1137,1137,0.9433333333333334,request_rescan,0.921783
1138,1138,0.9433333333333334,request_rescan,0.922341
1139,1139,0.76,request_rescan,0.92289
1140,1140,0.76,discard,0.923451
1141,1141,0.9433333333333334,request_rescan,0.924
1142,1142,0.9433333333333334,request_rescan,0.924546
1143,1143,0.76,request_rescan,0.925099
1144,1144,0.9433333333333334,request_rescan,0.925639
1145,1145,0.9433333333333334,request_rescan,0.926202
1146,1146,0.9433333333333334,discard,0.926763
1147,1147,0.76,request_rescan,0.927326
1148,1148,0.9433333333333334,request_rescan,0.927945
1149,1149,0.76,request_rescan,0.928511
1150,1150,0.9433333333333334,request_rescan,0.929094
1151,1151,0.9433333333333334,discard,0.929649
1152,1152,0.76,request_rescan,0.930229
1153,1153,0.9433333333333334,request_rescan,0.96015
1154,1154,0.9433333333333334,discard,0.960757
1155,1155,0.9433333333333334,request_rescan,0.961334
1156,1156,0.76,request_rescan,0.961905
1157,1157,0.76,request_rescan,0.962478
1158,1158,0.9433333333333334,request_rescan,0.963037
1159,1159,0.76,request_rescan,0.963602
1160,1160,0.76,discard,0.964154
1161,1161,0.76,request_rescan,0.964714
1162,1162,0.76,discard,0.965268
1163,1163,0.76,request_rescan,0.965832
1164,1164,0.76,discard,0.966445
1165,1165,0.76,request_rescan,0.967017
1166,1166,0.76,discard,0.967563
1167,1167,0.76,request_rescan,0.968123
1168,1168,0.76,request_rescan,0.968672
1169,1169,0.76,request_rescan,0.969222
1170,1170,0.76,request_rescan,0.969788
1171,1171,0.9433333333333334,request_rescan,0.970338
1172,1172,0.9433333333333334,request_rescan,0.970902
1173,1173,0.9433333333333334,request_rescan,0.971451
1174,1174,0.9433333333333334,request_rescan,0.972014
1175,1175,0.9433333333333334,request_rescan,0.97256
1176,1176,0.9433333333333334,request_rescan,0.973123
1177,1177,0.76,request_rescan,0.973689
1178,1178,0.76,request_rescan,0.974239
1179,1179,0.76,request_rescan,0.974797
1180,1180,0.76,request_rescan,0.975338
1181,1181,0.9433333333333334,request_rescan,0.975896
1182,1182,0.76,request_rescan,0.976444
1183,1183,0.76,request_rescan,0.976992
1184,1184,0.76,request_rescan,0.97755
1185,1185,0.76,request_rescan,0.978112
1186,1186,0.9433333333333334,request_rescan,0.978684
1187,1187,0.76,request_rescan,0.97956
1188,1188,0.9433333333333334,request_rescan,0.980546
1189,1189,0.76,request_rescan,0.981114
1190,1190,0.9433333333333334,request_rescan,0.981665
1191,1191,0.9433333333333334,discard,0.982219
1192,1192,0.9433333333333334,request_rescan,0.982829
1193,1193,0.9433333333333334,discard,0.983401
1194,1194,0.76,request_rescan,0.983968
1195,1195,0.9433333333333334,request_rescan,0.984515
1196,1196,0.9433333333333334,request_rescan,0.985081
1197,1197,0.76,request_rescan,0.985627
1198,1198,0.9433333333333334,discard,0.98619
1199,1199,0.9433333333333334,discard,0.986731
1200,1200,0.9433333333333334,request_rescan,0.987293
1201,1201,0.9433333333333334,request_rescan,0.988812
1202,1202,0.9433333333333334,request_rescan,0.989373
1203,1203,0.76,discard,0.989941
1204,1204,0.76,request_rescan,0.990485
1205,1205,0.76,request_rescan,0.991046
1206,1206,0.76,request_rescan,0.991597
1207,1207,0.76,request_rescan,0.992165
1208,1208,0.9433333333333334,request_rescan,0.992709
1209,1209,0.9433333333333334,request_rescan,0.993264
1210,1210,0.76,request_rescan,0.993831
1211,1211,0.76,discard,0.994397
1212,1212,0.9433333333333334,request_rescan,0.994971
1213,1213,0.9433333333333334,request_rescan,0.995526
1214,1214,0.76,request_rescan,0.996093
1215,1215,0.9433333333333334,discard,0.996631
1216,1216,0.9433333333333334,request_rescan,0.997198
1217,1217,0.76,request_rescan,0.99774
1218,1218,0.76,request_rescan,0.998301
1219,1219,0.76,request_rescan,0.99885
1220,1220,0.9433333333333334,discard,0.999403
1221,1221,0.76,discard,0.999956
1222,1222,0.9433333333333334,request_rescan,1.000514
1223,1223,0.9433333333333334,discard,1.001083
1224,1224,0.9433333333333334,request_rescan,1.001642
1225,1225,0.76,request_rescan,1.002194
1226,1226,0.76,request_rescan,1.002745
1227,1227,0.9433333333333334,request_rescan,1.003304
1228,1228,0.76,request_rescan,1.00388
1229,1229,0.76,request_rescan,1.004505
1230,1230,0.76,request_rescan,1.005091
1231,1231,0.9433333333333334,request_rescan,1.005646
1232,1232,0.9433333333333334,request_rescan,1.006222
1233,1233,0.9433333333333334,discard,1.006789
1234,1234,0.76,discard,1.007352
1235,1235,0.9433333333333334,request_rescan,1.007909
1236,1236,0.76,request_rescan,1.008464
1237,1237,0.76,request_rescan,1.00902
1238,1238,0.76,request_rescan,1.009578
1239,1239,0.76,discard,1.010133
1240,1240,0.76,request_rescan,1.011541
1241,1241,0.76,request_rescan,1.012208
1242,1242,0.76,request_rescan,1.012785
1243,1243,0.76,request_rescan,1.013362
1244,1244,0.76,request_rescan,1.013917
1245,1245,0.9433333333333334,discard,1.014482
1246,1246,0.76,discard,1.015035
1247,1247,0.76,discard,1.015584
1248,1248,0.76,request_rescan,1.016142
1249,1249,0.9433333333333334,request_rescan,1.017054
1250,1250,0.76,request_rescan,1.018118
1251,1251,0.76,request_rescan,1.018677
1252,1252,0.76,request_rescan,1.019232
1253,1253,0.9433333333333334,discard,1.019789
1254,1254,0.9433333333333334,request_rescan,1.020337
1255,1255,0.76,request_rescan,1.020898
1256,1256,0.9433333333333334,request_rescan,1.021448
1257,1257,0.76,request_rescan,1.022014
1258,1258,0.9433333333333334,discard,1.022568
1259,1259,0.76,request_rescan,1.023136
1260,1260,0.76,request_rescan,1.023689
1261,1261,0.9433333333333334,request_rescan,1.024265
1262,1262,0.76,log_and_continue,1.024817
1263,1263,0.9433333333333334,discard,1.025389
1264,1264,0.9433333333333334,request_rescan,1.025963
1265,1265,0.76,discard,1.026513
1266,1266,0.9433333333333334,request_rescan,1.027141
1267,1267,0.9433333333333334,discard,1.027707
1268,1268,0.9433333333333334,request_rescan,1.028287
1269,1269,0.9433333333333334,request_rescan,1.028862
1270,1270,0.9433333333333334,request_rescan,1.029452
1271,1271,0.9433333333333334,request_rescan,1.030024
1272,1272,0.9433333333333334,request_rescan,1.030575
1273,1273,0.9433333333333334,request_rescan,1.03114
1274,1274,0.9433333333333334,request_rescan,1.031991
1275,1275,0.9433333333333334,request_rescan,1.032547
1276,1276,0.76,request_rescan,1.033108
1277,1277,0.9433333333333334,discard,1.033785
1278,1278,0.9433333333333334,request_rescan,1.034853
1279,1279,0.76,discard,1.035425
1280,1280,0.9433333333333334,discard,1.035991
1281,1281,0.76,discard,1.064958
1282,1282,0.9433333333333334,request_rescan,1.0656
1283,1283,0.9433333333333334,request_rescan,1.066201
1284,1284,0.76,discard,1.067349
1285,1285,0.9433333333333334,request_rescan,1.067989
1286,1286,0.76,request_rescan,1.068549
1287,1287,0.76,request_rescan,1.069107
1288,1288,0.9433333333333334,request_rescan,1.069663
1289,1289,0.9433333333333334,discard,1.070224
1290,1290,0.9433333333333334,request_rescan,1.070817
1291,1291,0.9433333333333334,request_rescan,1.071412
1292,1292,0.76,request_rescan,1.07198
1293,1293,0.76,discard,1.072539
1294,1294,0.9433333333333334,request_rescan,1.073103
1295,1295,0.9433333333333334,request_rescan,1.073663
1296,1296,0.76,request_rescan,1.074226
1297,1297,0.76,request_rescan,1.074788
1298,1298,0.76,request_rescan,1.07534
1299,1299,0.76,discard,1.075905
1300,1300,0.9433333333333334,discard,1.076457
1301,1301,0.76,discard,1.07797
1302,1302,0.76,request_rescan,1.078771
1303,1303,0.9433333333333334,request_rescan,1.079416
1304,1304,0.9433333333333334,request_rescan,1.079974
1305,1305,0.9433333333333334,discard,1.080541
1306,1306,0.9433333333333334,request_rescan,1.081096
1307,1307,0.76,request_rescan,1.081707
1308,1308,0.76,request_rescan,1.082278
1309,1309,0.9433333333333334,request_rescan,1.082844
1310,1310,0.76,discard,1.083552
1311,1311,0.6633333333333333,log_and_continue,1.084425
1312,1312,0.9433333333333334,discard,1.084995
1313,1313,0.9433333333333334,discard,1.085565
1314,1314,0.76,request_rescan,1.08612
1315,1315,0.9433333333333334,request_rescan,1.08668
1316,1316,0.9433333333333334,request_rescan,1.087237
1317,1317,0.9433333333333334,request_rescan,1.087801
1318,1318,0.9433333333333334,request_rescan,1.088362
1319,1319,0.9433333333333334,discard,1.08892
1320,1320,0.76,request_rescan,1.089472
1321,1321,0.76,request_rescan,1.090038
1322,1322,0.76,request_rescan,1.090584
1323,1323,0.76,request_rescan,1.091147
1324,1324,0.9433333333333334,request_rescan,1.091698
1325,1325,0.76,request_rescan,1.092262
1326,1326,0.76,discard,1.092824
1327,1327,0.76,request_rescan,1.093393
1328,1328,0.9433333333333334,discard,1.093991
1329,1329,0.76,discard,1.094578
1330,1330,0.9433333333333334,request_rescan,1.095147
1331,1331,0.76,request_rescan,1.095732
1332,1332,0.76,request_rescan,1.096305
1333,1333,0.76,request_rescan,1.096896
1334,1334,0.76,request_rescan,1.097466
1335,1335,0.76,discard,1.098026
1336,1336,0.76,request_rescan,1.098598
1337,1337,0.76,request_rescan,1.099165
1338,1338,0.76,discard,1.100081
1339,1339,0.76,request_rescan,1.101078
1340,1340,0.9433333333333334,request_rescan,1.101642
1341,1341,0.9433333333333334,request_rescan,1.102206
1342,1342,0.9433333333333334,request_rescan,1.102777
1343,1343,0.9433333333333334,request_rescan,1.103409
1344,1344,0.76,discard,1.103976
1345,1345,0.9433333333333334,request_rescan,1.104539
1346,1346,0.9433333333333334,request_rescan,1.105095
1347,1347,0.9433333333333334,discard,1.10566
1348,1348,0.76,discard,1.106226
1349,1349,0.9433333333333334,request_rescan,1.106782
1350,1350,0.76,request_rescan,1.10734
1351,1351,0.9433333333333334,request_rescan,1.107914
1352,1352,0.9433333333333334,discard,1.108464
1353,1353,0.9433333333333334,discard,1.109031
1354,1354,0.76,request_rescan,1.109578
1355,1355,0.9433333333333334,discard,1.110146
1356,1356,0.76,request_rescan,1.110696
1357,1357,0.76,request_rescan,1.111259
1358,1358,0.76,request_rescan,1.112794
1359,1359,0.9433333333333334,discard,1.113395
1360,1360,0.9433333333333334,request_rescan,1.113972
1361,1361,0.76,request_rescan,1.114557
1362,1362,0.9433333333333334,request_rescan,1.11513
1363,1363,0.9433333333333334,request_rescan,1.115684
1364,1364,0.9433333333333334,request_rescan,1.116248
1365,1365,0.76,request_rescan,1.116807
1366,1366,0.76,request_rescan,1.117368
1367,1367,0.9433333333333334,request_rescan,1.11794
1368,1368,0.9433333333333334,request_rescan,1.118569
1369,1369,0.76,request_rescan,1.119147
1370,1370,0.9433333333333334,request_rescan,1.119719
1371,1371,0.76,request_rescan,1.120272
1372,1372,0.9433333333333334,discard,1.120836
1373,1373,0.9433333333333334,request_rescan,1.12139
1374,1374,0.76,request_rescan,1.121955
1375,1375,0.9433333333333334,request_rescan,1.122505
1376,1376,0.9433333333333334,discard,1.123063
1377,1377,0.76,request_rescan,1.123602
1378,1378,0.76,request_rescan,1.12417
1379,1379,0.9433333333333334,discard,1.124714
1380,1380,0.76,request_rescan,1.125281
1381,1381,0.9433333333333334,request_rescan,1.125835
1382,1382,0.9433333333333334,request_rescan,1.126399
1383,1383,0.76,request_rescan,1.126953
1384,1384,0.9433333333333334,request_rescan,1.127512
1385,1385,0.9433333333333334,discard,1.128072
1386,1386,0.76,request_rescan,1.128714
1387,1387,0.76,request_rescan,1.129313
1388,1388,0.76,request_rescan,1.129886
1389,1389,0.76,request_rescan,1.130453
1390,1390,0.9433333333333334,request_rescan,1.131008
1391,1391,0.9433333333333334,request_rescan,1.131576
1392,1392,0.9433333333333334,discard,1.132896
1393,1393,0.9433333333333334,request_rescan,1.133465
1394,1394,0.76,request_rescan,1.134016
1395,1395,0.9433333333333334,request_rescan,1.134582
1396,1396,0.9433333333333334,discard,1.135185
1397,1397,0.9433333333333334,discard,1.135775
1398,1398,0.76,request_rescan,1.136337
1399,1399,0.9433333333333334,request_rescan,1.136907
1400,1400,0.6633333333333333,log_and_continue,1.137459
1401,1401,0.76,discard,1.138952
1402,1402,0.9433333333333334,request_rescan,1.139518
1403,1403,0.76,request_rescan,1.140082
1404,1404,0.9433333333333334,request_rescan,1.140632
1405,1405,0.76,request_rescan,1.141184
1406,1406,0.76,request_rescan,1.141743
1407,1407,0.9433333333333334,request_rescan,1.142306
1408,1408,0.76,request_rescan,1.142872
1409,1409,0.76,request_rescan,1.172508
1410,1410,0.76,discard,1.173126
1411,1411,0.9433333333333334,discard,1.173694
1412,1412,0.9433333333333334,discard,1.174252
1413,1413,0.9433333333333334,request_rescan,1.17482
1414,1414,0.76,request_rescan,1.175369
1415,1415,0.76,request_rescan,1.17594
1416,1416,0.76,discard,1.176484
1417,1417,0.76,discard,1.17705
1418,1418,0.9433333333333334,request_rescan,1.177598
1419,1419,0.9433333333333334,request_rescan,1.178167
1420,1420,0.9433333333333334,request_rescan,1.178731
1421,1421,0.9433333333333334,request_rescan,1.1795
1422,1422,0.76,request_rescan,1.180071
1423,1423,0.76,discard,1.180618
1424,1424,0.9433333333333334,discard,1.181181
1425,1425,0.76,request_rescan,1.181752
1426,1426,0.76,discard,1.182364
1427,1427,0.9433333333333334,request_rescan,1.18292
1428,1428,0.9433333333333334,request_rescan,1.18348
1429,1429,0.9433333333333334,request_rescan,1.184572
1430,1430,0.9433333333333334,discard,1.185157
1431,1431,0.76,request_rescan,1.185903
1432,1432,0.9433333333333334,request_rescan,1.186457
1433,1433,0.9433333333333334,request_rescan,1.187014
1434,1434,0.76,request_rescan,1.187563
1435,1435,0.76,request_rescan,1.188113
1436,1436,0.9433333333333334,discard,1.188669
1437,1437,0.76,request_rescan,1.189216
1438,1438,0.9433333333333334,request_rescan,1.189777
1439,1439,0.76,discard,1.190326
1440,1440,0.9433333333333334,request_rescan,1.190887
1441,1441,0.76,discard,1.191435
1442,1442,0.9433333333333334,request_rescan,1.191991
1443,1443,0.9433333333333334,request_rescan,1.192534
1444,1444,0.9433333333333334,discard,1.193094
1445,1445,0.76,request_rescan,1.193635
1446,1446,0.9433333333333334,discard,1.194195
1447,1447,0.76,request_rescan,1.194734
1448,1448,0.9433333333333334,request_rescan,1.195297
1449,1449,0.9433333333333334,discard,1.195846
1450,1450,0.76,request_rescan,1.196403
1451,1451,0.9433333333333334,discard,1.196948
1452,1452,0.76,request_rescan,1.197501
1453,1453,0.9433333333333334,request_rescan,1.198048
1454,1454,0.76,request_rescan,1.198602
1455,1455,0.76,request_rescan,1.199139
1456,1456,0.9433333333333334,discard,1.199695
1457,1457,0.9433333333333334,request_rescan,1.20024
1458,1458,0.9433333333333334,request_rescan,1.200795
1459,1459,0.9433333333333334,request_rescan,1.201333
1460,1460,0.76,request_rescan,1.201883
1461,1461,0.9433333333333334,request_rescan,1.202439
1462,1462,0.76,discard,1.202986
1463,1463,0.76,request_rescan,1.203539
1464,1464,0.76,request_rescan,1.204092
1465,1465,0.9433333333333334,request_rescan,1.204635
1466,1466,0.76,request_rescan,1.205184
1467,1467,0.9433333333333334,request_rescan,1.205739
1468,1468,0.9433333333333334,request_rescan,1.206288
1469,1469,0.9433333333333334,request_rescan,1.206851
1470,1470,0.9433333333333334,discard,1.207388
1471,1471,0.76,request_rescan,1.207953
1472,1472,0.76,discard,1.208492
1473,1473,0.9433333333333334,request_rescan,1.209052
1474,1474,0.76,request_rescan,1.209595
1475,1475,0.9433333333333334,request_rescan,1.210154
1476,1476,0.76,discard,1.210695
1477,1477,0.9433333333333334,discard,1.211258
1478,1478,0.76,request_rescan,1.211808
1479,1479,0.9433333333333334,request_rescan,1.212372
1480,1480,0.76,discard,1.21388
1481,1481,0.76,request_rescan,1.214488
1482,1482,0.9433333333333334,discard,1.215348
1483,1483,0.76,discard,1.21629
1484,1484,0.9433333333333334,request_rescan,1.21684
1485,1485,0.76,discard,1.217406
1486,1486,0.9433333333333334,request_rescan,1.217957
1487,1487,0.9433333333333334,request_rescan,1.218522
1488,1488,0.76,request_rescan,1.21913
1489,1489,0.76,request_rescan,1.219749
1490,1490,0.76,request_rescan,1.220339
1491,1491,0.76,request_rescan,1.220904
1492,1492,0.76,request_rescan,1.221475
1493,1493,0.76,request_rescan,1.222037
1494,1494,0.9433333333333334,discard,1.222599
1495,1495,0.76,request_rescan,1.223161
1496,1496,0.9433333333333334,request_rescan,1.223727
1497,1497,0.9433333333333334,request_rescan,1.224291
1498,1498,0.76,request_rescan,1.224844
1499,1499,0.9433333333333334,discard,1.225403
1500,1500,0.9433333333333334,discard,1.225962
1501,1501,0.76,discard,1.227398
1502,1502,0.76,request_rescan,1.227967
1503,1503,0.9433333333333334,request_rescan,1.228532
1504,1504,0.9433333333333334,request_rescan,1.229102
1505,1505,0.9433333333333334,request_rescan,1.229679
1506,1506,0.76,request_rescan,1.230316
1507,1507,0.76,request_rescan,1.23087
1508,1508,0.76,discard,1.231431
1509,1509,0.9433333333333334,discard,1.232673
1510,1510,0.9433333333333334,request_rescan,1.233306
1511,1511,0.9433333333333334,request_rescan,1.233855
1512,1512,0.9433333333333334,request_rescan,1.234402
1513,1513,0.76,request_rescan,1.234971
1514,1514,0.9433333333333334,discard,1.235531
1515,1515,0.9433333333333334,request_rescan,1.236083
1516,1516,0.9433333333333334,request_rescan,1.236624
1517,1517,0.76,request_rescan,1.23719
1518,1518,0.76,request_rescan,1.237738
1519,1519,0.76,request_rescan,1.2383
1520,1520,0.9433333333333334,request_rescan,1.238851
1521,1521,0.76,request_rescan,1.23941
1522,1522,0.76,discard,1.239971
1523,1523,0.9433333333333334,request_rescan,1.240522
1524,1524,0.9433333333333334,request_rescan,1.241094
1525,1525,0.76,request_rescan,1.241642
1526,1526,0.76,request_rescan,1.242247
1527,1527,0.9433333333333334,discard,1.242822
1528,1528,0.9433333333333334,discard,1.243376
1529,1529,0.9433333333333334,discard,1.24394
1530,1530,0.9433333333333334,discard,1.244504
1531,1531,0.9433333333333334,request_rescan,1.245074
1532,1532,0.76,request_rescan,1.24565
1533,1533,0.76,discard,1.246221
1534,1534,0.76,discard,1.246797
1535,1535,0.9433333333333334,request_rescan,1.247351
1536,1536,0.76,request_rescan,1.247918
1537,1537,0.9433333333333334,request_rescan,1.277973
1538,1538,0.9433333333333334,discard,1.278592
1539,1539,0.76,request_rescan,1.27949
1540,1540,0.9433333333333334,request_rescan,1.280048
1541,1541,0.76,request_rescan,1.28062
1542,1542,0.76,request_rescan,1.2812
1543,1543,0.76,discard,1.281808
1544,1544,0.9433333333333334,request_rescan,1.282805
1545,1545,0.9433333333333334,discard,1.283382
1546,1546,0.76,discard,1.283951
1547,1547,0.76,request_rescan,1.284505
1548,1548,0.9433333333333334,request_rescan,1.285061
1549,1549,0.76,request_rescan,1.285621
1550,1550,0.9433333333333334,request_rescan,1.286186
1551,1551,0.76,request_rescan,1.286734
1552,1552,0.76,discard,1.287303
1553,1553,0.76,discard,1.287857
1554,1554,0.9433333333333334,request_rescan,1.288421
1555,1555,0.76,request_rescan,1.288974
1556,1556,0.76,request_rescan,1.28953
1557,1557,0.76,request_rescan,1.290088
1558,1558,0.9433333333333334,request_rescan,1.290647
1559,1559,0.9433333333333334,discard,1.291203
1560,1560,0.76,request_rescan,1.291758
1561,1561,0.76,request_rescan,1.29232
1562,1562,0.9433333333333334,request_rescan,1.292875
1563,1563,0.76,request_rescan,1.293435
1564,1564,0.9433333333333334,discard,1.29398
1565,1565,0.76,request_rescan,1.294543
1566,1566,0.76,request_rescan,1.295097
1567,1567,0.76,request_rescan,1.295662
1568,1568,0.9433333333333334,discard,1.296212
1569,1569,0.9433333333333334,request_rescan,1.296763
1570,1570,0.9433333333333334,request_rescan,1.297315
1571,1571,0.9433333333333334,discard,1.297884
1572,1572,0.9433333333333334,request_rescan,1.29843
1573,1573,0.9433333333333334,request_rescan,1.298985
1574,1574,0.9433333333333334,request_rescan,1.29953
1575,1575,0.9433333333333334,request_rescan,1.300078
1576,1576,0.9433333333333334,request_rescan,1.300635
1577,1577,0.9433333333333334,discard,1.301187
1578,1578,0.76,discard,1.301744
1579,1579,0.9433333333333334,request_rescan,1.3023
1580,1580,0.76,request_rescan,1.302862
1581,1581,0.9433333333333334,request_rescan,1.303408
1582,1582,0.76,request_rescan,1.303979
1583,1583,0.9433333333333334,request_rescan,1.30453
1584,1584,0.76,request_rescan,1.305093
1585,1585,0.76,request_rescan,1.305657
1586,1586,0.76,discard,1.306216
1587,1587,0.76,discard,1.306779
1588,1588,0.9433333333333334,request_rescan,1.307325
1589,1589,0.76,request_rescan,1.307885
1590,1590,0.76,discard,1.308436
1591,1591,0.76,request_rescan,1.309
1592,1592,0.76,request_rescan,1.309548
1593,1593,0.9433333333333334,request_rescan,1.310124
1594,1594,0.76,request_rescan,1.310673
1595,1595,0.9433333333333334,request_rescan,1.311236
1596,1596,0.76,discard,1.311787
1597,1597,0.9433333333333334,discard,1.312345
1598,1598,0.76,request_rescan,1.312901
1599,1599,0.76,discard,1.313456
1600,1600,0.9433333333333334,request_rescan,1.314966
1601,1601,0.76,discard,1.316343
1602,1602,0.9433333333333334,request_rescan,1.316916
1603,1603,0.76,request_rescan,1.31748
1604,1604,0.9433333333333334,discard,1.318029
1605,1605,0.76,request_rescan,1.318571
1606,1606,0.76,discard,1.319133
1607,1607,0.76,request_rescan,1.319702
1608,1608,0.76,discard,1.320257
1609,1609,0.76,request_rescan,1.320828
1610,1610,0.76,request_rescan,1.321378
1611,1611,0.76,request_rescan,1.321934
1612,1612,0.76,request_rescan,1.322482
1613,1613,0.76,discard,1.32303
1614,1614,0.76,request_rescan,1.323593
1615,1615,0.9433333333333334,discard,1.324144
1616,1616,0.76,request_rescan,1.324698
1617,1617,0.76,request_rescan,1.325244
1618,1618,0.9433333333333334,discard,1.325801
1619,1619,0.9433333333333334,request_rescan,1.32635
1620,1620,0.76,request_rescan,1.326905
1621,1621,0.76,request_rescan,1.327466
1622,1622,0.9433333333333334,request_rescan,1.328023
1623,1623,0.9433333333333334,request_rescan,1.328572
1624,1624,0.76,request_rescan,1.32914
1625,1625,0.76,request_rescan,1.329701
1626,1626,0.76,discard,1.330271
1627,1627,0.9433333333333334,request_rescan,1.330824
1628,1628,0.9433333333333334,request_rescan,1.331383
1629,1629,0.9433333333333334,request_rescan,1.331947
1630,1630,0.76,request_rescan,1.332504
1631,1631,0.76,discard,1.333369
1632,1632,0.76,request_rescan,1.334426
1633,1633,0.9433333333333334,discard,1.334981
1634,1634,0.9433333333333334,request_rescan,1.335532
1635,1635,0.76,request_rescan,1.336082
1636,1636,0.76,discard,1.336644
1637,1637,0.9433333333333334,request_rescan,1.337222
1638,1638,0.76,discard,1.337834
1639,1639,0.76,request_rescan,1.338402
1640,1640,0.9433333333333334,request_rescan,1.338955
1641,1641,0.9433333333333334,discard,1.339515
1642,1642,0.76,discard,1.340073
1643,1643,0.9433333333333334,discard,1.340635
1644,1644,0.9433333333333334,request_rescan,1.341192
1645,1645,0.76,request_rescan,1.341756
1646,1646,0.76,request_rescan,1.342304
1647,1647,0.76,request_rescan,1.34287
1648,1648,0.76,discard,1.343423
1649,1649,0.9433333333333334,discard,1.343991
1650,1650,0.76,discard,1.34454
1651,1651,0.76,discard,1.34511
1652,1652,0.9433333333333334,request_rescan,1.345681
1653,1653,0.9433333333333334,request_rescan,1.346237
1654,1654,0.76,discard,1.346807
1655,1655,0.9433333333333334,request_rescan,1.347349
1656,1656,0.9433333333333334,request_rescan,1.347919
1657,1657,0.9433333333333334,request_rescan,1.348525
1658,1658,0.76,request_rescan,1.349096
1659,1659,0.76,discard,1.349641
1660,1660,0.76,request_rescan,1.350214
1661,1661,0.9433333333333334,request_rescan,1.350778
1662,1662,0.9433333333333334,discard,1.351332
1663,1663,0.76,request_rescan,1.351897
1664,1664,0.9433333333333334,request_rescan,1.352461
1665,1665,0.9433333333333334,request_rescan,1.381393
1666,1666,0.76,request_rescan,1.382062
1667,1667,0.9433333333333334,discard,1.382669
1668,1668,0.9433333333333334,discard,1.383259
1669,1669,0.9433333333333334,request_rescan,1.384562
1670,1670,0.9433333333333334,discard,1.385201
1671,1671,0.76,discard,1.385751
1672,1672,0.76,request_rescan,1.386317
1673,1673,0.9433333333333334,discard,1.386875
1674,1674,0.76,request_rescan,1.387439
1675,1675,0.76,discard,1.388059
1676,1676,0.9433333333333334,request_rescan,1.388646
1677,1677,0.76,discard,1.389235
1678,1678,0.9433333333333334,discard,1.389794
1679,1679,0.76,request_rescan,1.390361
1680,1680,0.9433333333333334,request_rescan,1.390914
1681,1681,0.76,discard,1.391476
1682,1682,0.9433333333333334,request_rescan,1.39204
1683,1683,0.76,discard,1.392592
1684,1684,0.76,discard,1.393151
1685,1685,0.9433333333333334,request_rescan,1.393698
1686,1686,0.9433333333333334,request_rescan,1.394267
1687,1687,0.9433333333333334,discard,1.394819
1688,1688,0.9433333333333334,request_rescan,1.3954
1689,1689,0.76,discard,1.395953
1690,1690,0.76,request_rescan,1.396517
1691,1691,0.76,request_rescan,1.397065
1692,1692,0.76,request_rescan,1.397628
1693,1693,0.9433333333333334,request_rescan,1.398199
1694,1694,0.9433333333333334,discard,1.398796
1695,1695,0.9433333333333334,discard,1.399342
1696,1696,0.76,request_rescan,1.399907
1697,1697,0.9433333333333334,request_rescan,1.400453
1698,1698,0.9433333333333334,request_rescan,1.401017
1699,1699,0.76,request_rescan,1.401563
1700,1700,0.9433333333333334,discard,1.402128
1701,1701,0.9433333333333334,request_rescan,1.403604
1702,1702,0.9433333333333334,request_rescan,1.404157
1703,1703,0.76,request_rescan,1.404702
1704,1704,0.76,request_rescan,1.405255
1705,1705,0.76,request_rescan,1.405819
1706,1706,0.76,request_rescan,1.406385
1707,1707,0.76,discard,1.406957
1708,1708,0.76,discard,1.407544
1709,1709,0.9433333333333334,request_rescan,1.408122
1710,1710,0.76,request_rescan,1.408663
1711,1711,0.9433333333333334,discard,1.409285
1712,1712,0.9433333333333334,request_rescan,1.409854
1713,1713,0.76,discard,1.410457
1714,1714,0.76,request_rescan,1.411012
1715,1715,0.76,discard,1.411598
1716,1716,0.76,request_rescan,1.412207
1717,1717,0.9433333333333334,request_rescan,1.412758
1718,1718,0.76,request_rescan,1.413315
1719,1719,0.76,discard,1.413888
1720,1720,0.9433333333333334,request_rescan,1.414462
1721,1721,0.9433333333333334,request_rescan,1.416129
1722,1722,0.9433333333333334,request_rescan,1.416681
1723,1723,0.9433333333333334,discard,1.417269
1724,1724,0.9433333333333334,request_rescan,1.417827
1725,1725,0.9433333333333334,request_rescan,1.418383
1726,1726,0.9433333333333334,request_rescan,1.418963
1727,1727,0.76,request_rescan,1.419504
1728,1728,0.76,request_rescan,1.420053
1729,1729,0.9433333333333334,request_rescan,1.420594
1730,1730,0.76,request_rescan,1.421162
1731,1731,0.76,request_rescan,1.421726
1732,1732,0.9433333333333334,discard,1.422287
1733,1733,0.9433333333333334,request_rescan,1.422853
1734,1734,0.9433333333333334,discard,1.423402
1735,1735,0.76,request_rescan,1.423967
1736,1736,0.9433333333333334,request_rescan,1.424517
1737,1737,0.9433333333333334,request_rescan,1.42508
1738,1738,0.76,request_rescan,1.425634
1739,1739,0.9433333333333334,request_rescan,1.426192
1740,1740,0.9433333333333334,request_rescan,1.426735
1741,1741,0.76,request_rescan,1.427301
1742,1742,0.76,discard,1.427857
1743,1743,0.76,discard,1.428412
1744,1744,0.76,request_rescan,1.428968
1745,1745,0.76,request_rescan,1.42953
1746,1746,0.76,discard,1.430091
1747,1747,0.9433333333333334,request_rescan,1.430639
1748,1748,0.9433333333333334,discard,1.43119
1749,1749,0.9433333333333334,discard,1.431737
1750,1750,0.9433333333333334,discard,1.432285
1751,1751,0.76,request_rescan,1.432855
1752,1752,0.9433333333333334,request_rescan,1.433427
1753,1753,0.9433333333333334,discard,1.434338
1754,1754,0.9433333333333334,request_rescan,1.435226
1755,1755,0.9433333333333334,request_rescan,1.435859
1756,1756,0.9433333333333334,discard,1.436431
1757,1757,0.76,request_rescan,1.437002
1758,1758,0.9433333333333334,request_rescan,1.437558
1759,1759,0.9433333333333334,request_rescan,1.438126
1760,1760,0.9433333333333334,request_rescan,1.438684
1761,1761,0.6633333333333333,log_and_continue,1.439328
1762,1762,0.9433333333333334,request_rescan,1.43989
1763,1763,0.76,discard,1.44046
1764,1764,0.76,request_rescan,1.441018
1765,1765,0.76,request_rescan,1.441579
1766,1766,0.9433333333333334,discard,1.442125
1767,1767,0.76,request_rescan,1.442692
1768,1768,0.76,request_rescan,1.443237
1769,1769,0.9433333333333334,request_rescan,1.443783
1770,1770,0.9433333333333334,discard,1.444338
1771,1771,0.9433333333333334,request_rescan,1.444892
1772,1772,0.9433333333333334,discard,1.445478
1773,1773,0.9433333333333334,request_rescan,1.446051
1774,1774,0.9433333333333334,request_rescan,1.446607
1775,1775,0.9433333333333334,request_rescan,1.447154
1776,1776,0.76,request_rescan,1.44771
1777,1777,0.76,request_rescan,1.448262
1778,1778,0.9433333333333334,request_rescan,1.448822
1779,1779,0.9433333333333334,request_rescan,1.449373
1780,1780,0.76,discard,1.449928
1781,1781,0.9433333333333334,request_rescan,1.45049
1782,1782,0.76,request_rescan,1.451033
1783,1783,0.76,request_rescan,1.451589
1784,1784,0.9433333333333334,request_rescan,1.452135
1785,1785,0.9433333333333334,request_rescan,1.452686
1786,1786,0.76,request_rescan,1.45323
1787,1787,0.76,request_rescan,1.453778
1788,1788,0.76,discard,1.45431
1789,1789,0.76,discard,1.45486
1790,1790,0.76,request_rescan,1.455389
1791,1791,0.9433333333333334,request_rescan,1.455937
1792,1792,0.9433333333333334,request_rescan,1.456483
1793,1793,0.9433333333333334,request_rescan,1.486003
1794,1794,0.76,request_rescan,1.486629
1795,1795,0.9433333333333334,request_rescan,1.487215
1796,1796,0.76,request_rescan,1.48779
1797,1797,0.9433333333333334,request_rescan,1.488345
1798,1798,0.9433333333333334,request_rescan,1.488952
1799,1799,0.76,discard,1.489571
1800,1800,0.9433333333333334,request_rescan,1.490155
1801,1801,0.76,request_rescan,1.491654
1802,1802,0.76,request_rescan,1.492233
1803,1803,0.76,request_rescan,1.492798
1804,1804,0.9433333333333334,discard,1.493364
1805,1805,0.76,request_rescan,1.493916
1806,1806,0.76,discard,1.494479
1807,1807,0.9433333333333334,discard,1.49504
1808,1808,0.9433333333333334,discard,1.495605
1809,1809,0.9433333333333334,request_rescan,1.496164
1810,1810,0.9433333333333334,request_rescan,1.496743
1811,1811,0.9433333333333334,request_rescan,1.497367
1812,1812,0.76,discard,1.497955
1813,1813,0.76,discard,1.498515
1814,1814,0.76,discard,1.4991
1815,1815,0.9433333333333334,request_rescan,1.499661
1816,1816,0.9433333333333334,request_rescan,1.500224
1817,1817,0.76,discard,1.500788
1818,1818,0.9433333333333334,request_rescan,1.501357
1819,1819,0.76,request_rescan,1.501932
1820,1820,0.76,request_rescan,1.502571
1821,1821,0.9433333333333334,request_rescan,1.503171
1822,1822,0.9433333333333334,discard,1.50372
1823,1823,0.76,request_rescan,1.504292
1824,1824,0.9433333333333334,request_rescan,1.504842
1825,1825,0.76,request_rescan,1.505433
1826,1826,0.76,request_rescan,1.505985
1827,1827,0.9433333333333334,discard,1.506543
1828,1828,0.9433333333333334,request_rescan,1.507092
1829,1829,0.9433333333333334,request_rescan,1.507656
1830,1830,0.76,request_rescan,1.508204
1831,1831,0.76,request_rescan,1.508756
1832,1832,0.76,request_rescan,1.50931
1833,1833,0.9433333333333334,request_rescan,1.50987
1834,1834,0.9433333333333334,request_rescan,1.510414
1835,1835,0.76,request_rescan,1.510962
1836,1836,0.9433333333333334,request_rescan,1.51152
1837,1837,0.9433333333333334,request_rescan,1.512082
1838,1838,0.76,request_rescan,1.512655
1839,1839,0.9433333333333334,discard,1.513221
1840,1840,0.9433333333333334,request_rescan,1.513776
1841,1841,0.76,discard,1.514322
1842,1842,0.9433333333333334,request_rescan,1.514895
1843,1843,0.9433333333333334,request_rescan,1.51638
1844,1844,0.9433333333333334,discard,1.517084
1845,1845,0.76,request_rescan,1.517617
1846,1846,0.9433333333333334,request_rescan,1.518164
1847,1847,0.9433333333333334,request_rescan,1.518685
1848,1848,0.9433333333333334,request_rescan,1.519237
1849,1849,0.9433333333333334,request_rescan,1.519773
1850,1850,0.9433333333333334,discard,1.520304
1851,1851,0.76,request_rescan,1.52085
1852,1852,0.76,request_rescan,1.521408
1853,1853,0.9433333333333334,request_rescan,1.521983
1854,1854,0.9433333333333334,request_rescan,1.522535
1855,1855,0.9433333333333334,request_rescan,1.523114
1856,1856,0.9433333333333334,request_rescan,1.523679
1857,1857,0.76,request_rescan,1.52425
1858,1858,0.9433333333333334,request_rescan,1.524785
1859,1859,0.9433333333333334,request_rescan,1.525351
1860,1860,0.9433333333333334,request_rescan,1.525912
1861,1861,0.9433333333333334,discard,1.526468
1862,1862,0.9433333333333334,discard,1.527023
1863,1863,0.76,discard,1.527564
1864,1864,0.9433333333333334,request_rescan,1.528145
1865,1865,0.9433333333333334,request_rescan,1.528688
1866,1866,0.9433333333333334,request_rescan,1.529277
1867,1867,0.9433333333333334,request_rescan,1.529846
1868,1868,0.76,request_rescan,1.530398
1869,1869,0.76,request_rescan,1.530959
1870,1870,0.76,request_rescan,1.531502
1871,1871,0.9433333333333334,request_rescan,1.532079
1872,1872,0.76,request_rescan,1.532674
1873,1873,0.76,request_rescan,1.533225
1874,1874,0.9433333333333334,request_rescan,1.533782
1875,1875,0.9433333333333334,discard,1.534574
1876,1876,0.9433333333333334,discard,1.535498
1877,1877,0.76,request_rescan,1.536072
1878,1878,0.76,request_rescan,1.536632
1879,1879,0.76,request_rescan,1.537214
1880,1880,0.9433333333333334,request_rescan,1.537837
1881,1881,0.76,request_rescan,1.538409
1882,1882,0.9433333333333334,request_rescan,1.538994
1883,1883,0.9433333333333334,discard,1.539547
1884,1884,0.9433333333333334,request_rescan,1.540114
1885,1885,0.9433333333333334,request_rescan,1.540655
1886,1886,0.9433333333333334,request_rescan,1.541219
1887,1887,0.76,discard,1.541772
1888,1888,0.76,request_rescan,1.542339
1889,1889,0.9433333333333334,request_rescan,1.542887
1890,1890,0.76,request_rescan,1.543443
1891,1891,0.76,request_rescan,1.543997
1892,1892,0.76,discard,1.54455
1893,1893,0.9433333333333334,discard,1.545132
1894,1894,0.76,request_rescan,1.545688
1895,1895,0.9433333333333334,request_rescan,1.546244
1896,1896,0.9433333333333334,discard,1.546793
1897,1897,0.9433333333333334,request_rescan,1.547355
1898,1898,0.76,discard,1.54791
1899,1899,0.9433333333333334,discard,1.548527
1900,1900,0.76,request_rescan,1.549078
1901,1901,0.9433333333333334,request_rescan,1.550556
1902,1902,0.9433333333333334,request_rescan,1.551124
1903,1903,0.76,request_rescan,1.551665
1904,1904,0.9433333333333334,request_rescan,1.552233
1905,1905,0.9433333333333334,discard,1.55279
1906,1906,0.9433333333333334,request_rescan,1.553343
1907,1907,0.9433333333333334,request_rescan,1.553902
1908,1908,0.76,request_rescan,1.554453
1909,1909,0.9433333333333334,request_rescan,1.555002
1910,1910,0.9433333333333334,request_rescan,1.555568
1911,1911,0.76,request_rescan,1.556121
1912,1912,0.9433333333333334,discard,1.556688
1913,1913,0.9433333333333334,request_rescan,1.557264
1914,1914,0.9433333333333334,request_rescan,1.557855
1915,1915,0.76,request_rescan,1.558423
1916,1916,0.9433333333333334,request_rescan,1.558979
1917,1917,0.76,discard,1.559533
1918,1918,0.9433333333333334,request_rescan,1.560091
1919,1919,0.9433333333333334,request_rescan,1.560647
1920,1920,0.76,request_rescan,1.561278
1921,1921,0.76,request_rescan,1.591113
1922,1922,0.9433333333333334,request_rescan,1.591714
1923,1923,0.9433333333333334,request_rescan,1.592281
1924,1924,0.9433333333333334,request_rescan,1.592838
1925,1925,0.9433333333333334,request_rescan,1.593387
1926,1926,0.9433333333333334,discard,1.593944
1927,1927,0.9433333333333334,request_rescan,1.594502
1928,1928,0.76,discard,1.595057
1929,1929,0.9433333333333334,request_rescan,1.595598
1930,1930,0.9433333333333334,discard,1.596151
1931,1931,0.9433333333333334,request_rescan,1.596692
1932,1932,0.76,request_rescan,1.597253
1933,1933,0.9433333333333334,request_rescan,1.597794
1934,1934,0.9433333333333334,discard,1.598357
1935,1935,0.9433333333333334,request_rescan,1.598915
1936,1936,0.9433333333333334,request_rescan,1.599467
1937,1937,0.9433333333333334,discard,1.600018
1938,1938,0.76,request_rescan,1.60057
1939,1939,0.9433333333333334,discard,1.601134
1940,1940,0.9433333333333334,request_rescan,1.601675
1941,1941,0.9433333333333334,request_rescan,1.602222
1942,1942,0.9433333333333334,request_rescan,1.602776
1943,1943,0.76,discard,1.603323
1944,1944,0.76,request_rescan,1.603879
1945,1945,0.76,request_rescan,1.604412
1946,1946,0.9433333333333334,request_rescan,1.604955
1947,1947,0.9433333333333334,request_rescan,1.605493
1948,1948,0.76,request_rescan,1.606065
1949,1949,0.9433333333333334,request_rescan,1.606578
1950,1950,0.76,request_rescan,1.607147
1951,1951,0.76,request_rescan,1.607654
1952,1952,0.9433333333333334,discard,1.608228
1953,1953,0.9433333333333334,discard,1.608741
1954,1954,0.76,request_rescan,1.609302
1955,1955,0.76,request_rescan,1.60982
1956,1956,0.9433333333333334,request_rescan,1.610353
1957,1957,0.9433333333333334,discard,1.610921
1958,1958,0.9433333333333334,discard,1.611459
1959,1959,0.76,request_rescan,1.612009
1960,1960,0.76,discard,1.612536
1961,1961,0.9433333333333334,request_rescan,1.613097
1962,1962,0.9433333333333334,request_rescan,1.613616
1963,1963,0.9433333333333334,discard,1.614175
1964,1964,0.9433333333333334,request_rescan,1.614703
1965,1965,0.9433333333333334,request_rescan,1.615225
1966,1966,0.9433333333333334,request_rescan,1.615756
1967,1967,0.9433333333333334,discard,1.616278
1968,1968,0.76,request_rescan,1.617742
1969,1969,0.76,request_rescan,1.618356
1970,1970,0.9433333333333334,request_rescan,1.618909
1971,1971,0.76,request_rescan,1.619534
1972,1972,0.9433333333333334,discard,1.62009
1973,1973,0.9433333333333334,request_rescan,1.62065
1974,1974,0.9433333333333334,discard,1.621312
1975,1975,0.9433333333333334,discard,1.621893
1976,1976,0.9433333333333334,request_rescan,1.622459
1977,1977,0.9433333333333334,request_rescan,1.623041
1978,1978,0.76,request_rescan,1.623614
1979,1979,0.76,request_rescan,1.624182
1980,1980,0.9433333333333334,request_rescan,1.624743
1981,1981,0.76,discard,1.625322
1982,1982,0.76,request_rescan,1.62591
1983,1983,0.76,request_rescan,1.626469
1984,1984,0.76,request_rescan,1.627032
1985,1985,0.76,request_rescan,1.627589
1986,1986,0.76,request_rescan,1.62816
1987,1987,0.76,request_rescan,1.628734
1988,1988,0.76,request_rescan,1.629621
1989,1989,0.76,request_rescan,1.630667
1990,1990,0.9433333333333334,request_rescan,1.631238
1991,1991,0.76,request_rescan,1.631787
1992,1992,0.9433333333333334,request_rescan,1.632342
1993,1993,0.76,request_rescan,1.632896
1994,1994,0.76,request_rescan,1.633449
1995,1995,0.9433333333333334,request_rescan,1.634082
1996,1996,0.9433333333333334,request_rescan,1.634648
1997,1997,0.76,request_rescan,1.635227
1998,1998,0.9433333333333334,request_rescan,1.635796
1999,1999,0.9433333333333334,request_rescan,1.636346
2000,2000,0.9433333333333334,request_rescan,1.636909
2001,2001,0.9433333333333334,request_rescan,1.638384
2002,2002,0.76,request_rescan,1.638948
2003,2003,0.76,request_rescan,1.639513
2004,2004,0.76,request_rescan,1.64007
2005,2005,0.9433333333333334,request_rescan,1.640627
2006,2006,0.9433333333333334,request_rescan,1.64118
2007,2007,0.76,request_rescan,1.64172
2008,2008,0.9433333333333334,request_rescan,1.642285
2009,2009,0.9433333333333334,request_rescan,1.642844
2010,2010,0.9433333333333334,request_rescan,1.643408
2011,2011,0.9433333333333334,request_rescan,1.643956
2012,2012,0.9433333333333334,request_rescan,1.644522
2013,2013,0.9433333333333334,discard,1.645081
2014,2014,0.9433333333333334,discard,1.645629
2015,2015,0.9433333333333334,discard,1.646186
2016,2016,0.9433333333333334,request_rescan,1.64673
2017,2017,0.76,discard,1.647302
2018,2018,0.76,request_rescan,1.647871
2019,2019,0.76,request_rescan,1.648489
2020,2020,0.9433333333333334,request_rescan,1.649058
2021,2021,0.9433333333333334,request_rescan,1.64962
2022,2022,0.76,request_rescan,1.650192
2023,2023,0.9433333333333334,request_rescan,1.650734
2024,2024,0.9433333333333334,discard,1.651294
2025,2025,0.76,discard,1.651848
2026,2026,0.9433333333333334,discard,1.652404
2027,2027,0.9433333333333334,discard,1.652954
2028,2028,0.9433333333333334,request_rescan,1.653498
2029,2029,0.9433333333333334,discard,1.654057
2030,2030,0.9433333333333334,discard,1.654604
2031,2031,0.9433333333333334,request_rescan,1.65517
2032,2032,0.76,request_rescan,1.655732
2033,2033,0.9433333333333334,request_rescan,1.656286
2034,2034,0.76,discard,1.656847
2035,2035,0.76,request_rescan,1.657393
2036,2036,0.9433333333333334,request_rescan,1.657958
2037,2037,0.76,request_rescan,1.658506
2038,2038,0.9433333333333334,request_rescan,1.659069
2039,2039,0.76,discard,1.659608
2040,2040,0.9433333333333334,request_rescan,1.660174
2041,2041,0.76,request_rescan,1.660722
2042,2042,0.76,request_rescan,1.661292
2043,2043,0.9433333333333334,request_rescan,1.661865
2044,2044,0.9433333333333334,request_rescan,1.662422
2045,2045,0.9433333333333334,request_rescan,1.662978
2046,2046,0.9433333333333334,request_rescan,1.663525
2047,2047,0.9433333333333334,request_rescan,1.664086
2048,2048,0.9433333333333334,request_rescan,1.664634
2049,2049,0.76,discard,1.694091
2050,2050,0.9433333333333334,discard,1.694717
2051,2051,0.9433333333333334,discard,1.695282
2052,2052,0.9433333333333334,request_rescan,1.695854
2053,2053,0.9433333333333334,request_rescan,1.696415
2054,2054,0.9433333333333334,request_rescan,1.696987
2055,2055,0.9433333333333334,discard,1.697543
2056,2056,0.9433333333333334,discard,1.698103
2057,2057,0.9433333333333334,discard,1.698654
2058,2058,0.76,request_rescan,1.699221
2059,2059,0.76,discard,1.699776
2060,2060,0.9433333333333334,request_rescan,1.700409
2061,2061,0.9433333333333334,discard,1.70096
2062,2062,0.9433333333333334,discard,1.701537
2063,2063,0.9433333333333334,discard,1.702088
2064,2064,0.76,request_rescan,1.702654
2065,2065,0.9433333333333334,discard,1.703202
2066,2066,0.76,request_rescan,1.703757
2067,2067,0.9433333333333334,request_rescan,1.704304
2068,2068,0.9433333333333334,discard,1.704865
2069,2069,0.9433333333333334,discard,1.705413
2070,2070,0.9433333333333334,request_rescan,1.705957
2071,2071,0.9433333333333334,discard,1.706513
2072,2072,0.9433333333333334,discard,1.707072
2073,2073,0.76,request_rescan,1.707627
2074,2074,0.9433333333333334,discard,1.708173
2075,2075,0.9433333333333334,request_rescan,1.708727
2076,2076,0.9433333333333334,discard,1.709282
2077,2077,0.76,request_rescan,1.709844
2078,2078,0.9433333333333334,request_rescan,1.710386
2079,2079,0.76,request_rescan,1.710955
2080,2080,0.9433333333333334,request_rescan,1.711506
2081,2081,0.76,request_rescan,1.712091
2082,2082,0.76,discard,1.712639
2083,2083,0.9433333333333334,request_rescan,1.713201
2084,2084,0.76,request_rescan,1.713758
2085,2085,0.9433333333333334,discard,1.714335
2086,2086,0.9433333333333334,discard,1.714906
2087,2087,0.9433333333333334,request_rescan,1.715457
2088,2088,0.76,request_rescan,1.716579
2089,2089,0.76,discard,1.717569
2090,2090,0.9433333333333334,discard,1.718957
2091,2091,0.76,request_rescan,1.719528
2092,2092,0.76,request_rescan,1.720084
2093,2093,0.76,discard,1.72064
2094,2094,0.9433333333333334,discard,1.721238
2095,2095,0.9433333333333334,request_rescan,1.721841
2096,2096,0.9433333333333334,discard,1.722427
2097,2097,0.9433333333333334,request_rescan,1.723012
2098,2098,0.76,request_rescan,1.723562
2099,2099,0.76,discard,1.724145
2100,2100,0.9433333333333334,request_rescan,1.724715
2101,2101,0.76,request_rescan,1.726184
2102,2102,0.9433333333333334,request_rescan,1.726744
2103,2103,0.9433333333333334,discard,1.727313
2104,2104,0.9433333333333334,request_rescan,1.727867
2105,2105,0.76,request_rescan,1.728432
2106,2106,0.9433333333333334,discard,1.729274
2107,2107,0.9433333333333334,discard,1.729838
2108,2108,0.9433333333333334,discard,1.730387
2109,2109,0.76,discard,1.730953
2110,2110,0.76,request_rescan,1.731513
2111,2111,0.9433333333333334,discard,1.732088
2112,2112,0.76,request_rescan,1.732652
2113,2113,0.9433333333333334,request_rescan,1.733319
2114,2114,0.9433333333333334,request_rescan,1.734257
2115,2115,0.76,request_rescan,1.734804
2116,2116,0.9433333333333334,discard,1.735362
2117,2117,0.9433333333333334,request_rescan,1.735906
2118,2118,0.9433333333333334,discard,1.73646
2119,2119,0.76,request_rescan,1.737025
2120,2120,0.76,discard,1.737586
2121,2121,0.76,discard,1.738147
2122,2122,0.9433333333333334,discard,1.738693
2123,2123,0.76,discard,1.739252
2124,2124,0.9433333333333334,discard,1.739796
2125,2125,0.9433333333333334,request_rescan,1.740377
2126,2126,0.9433333333333334,request_rescan,1.740925
2127,2127,0.76,discard,1.741477
2128,2128,0.9433333333333334,discard,1.742034
2129,2129,0.9433333333333334,discard,1.742579
2130,2130,0.76,request_rescan,1.743145
2131,2131,0.76,request_rescan,1.743684
2132,2132,0.76,request_rescan,1.744261
2133,2133,0.9433333333333334,request_rescan,1.744811
2134,2134,0.76,request_rescan,1.745424
2135,2135,0.76,discard,1.746051
2136,2136,0.76,request_rescan,1.746635
2137,2137,0.9433333333333334,discard,1.74721
2138,2138,0.76,request_rescan,1.747757
2139,2139,0.76,request_rescan,1.748314
2140,2140,0.9433333333333334,discard,1.749223
2141,2141,0.9433333333333334,request_rescan,1.749881
2142,2142,0.9433333333333334,request_rescan,1.750742
2143,2143,0.76,request_rescan,1.751307
2144,2144,0.9433333333333334,request_rescan,1.751869
2145,2145,0.76,request_rescan,1.752419
2146,2146,0.9433333333333334,request_rescan,1.752978
2147,2147,0.76,request_rescan,1.753548
2148,2148,0.9433333333333334,request_rescan,1.75416
2149,2149,0.9433333333333334,discard,1.754713
2150,2150,0.76,request_rescan,1.755286
2151,2151,0.9433333333333334,request_rescan,1.75585
2152,2152,0.9433333333333334,request_rescan,1.756418
2153,2153,0.76,request_rescan,1.756975
2154,2154,0.9433333333333334,discard,1.757533
2155,2155,0.9433333333333334,discard,1.758095
2156,2156,0.76,request_rescan,1.758651
2157,2157,0.76,discard,1.759202
2158,2158,0.76,request_rescan,1.759757
2159,2159,0.76,request_rescan,1.760303
2160,2160,0.9433333333333334,request_rescan,1.760873
2161,2161,0.76,request_rescan,1.761432
2162,2162,0.9433333333333334,request_rescan,1.762
2163,2163,0.76,discard,1.762547
2164,2164,0.76,request_rescan,1.763099
2165,2165,0.76,request_rescan,1.76365
2166,2166,0.76,discard,1.764198
2167,2167,0.9433333333333334,discard,1.764759
2168,2168,0.9433333333333334,request_rescan,1.765313
2169,2169,0.76,discard,1.765879
2170,2170,0.9433333333333334,request_rescan,1.766421
2171,2171,0.9433333333333334,discard,1.766992
2172,2172,0.76,request_rescan,1.767538
2173,2173,0.9433333333333334,discard,1.768104
2174,2174,0.76,discard,1.768646
2175,2175,0.9433333333333334,request_rescan,1.769206
2176,2176,0.9433333333333334,discard,1.769749
2177,2177,0.9433333333333334,discard,1.799726
2178,2178,0.9433333333333334,discard,1.801242
2179,2179,0.76,discard,1.801878
2180,2180,0.76,request_rescan,1.802459
2181,2181,0.76,discard,1.803046
2182,2182,0.9433333333333334,discard,1.803654
2183,2183,0.9433333333333334,discard,1.804226
2184,2184,0.9433333333333334,request_rescan,1.804794
2185,2185,0.76,request_rescan,1.805355
2186,2186,0.9433333333333334,request_rescan,1.805913
2187,2187,0.76,discard,1.80649
2188,2188,0.76,request_rescan,1.807061
2189,2189,0.9433333333333334,request_rescan,1.807614
2190,2190,0.76,discard,1.808176
2191,2191,0.76,discard,1.808734
2192,2192,0.76,discard,1.809287
2193,2193,0.9433333333333334,request_rescan,1.809846
2194,2194,0.9433333333333334,discard,1.810403
2195,2195,0.9433333333333334,discard,1.810963
2196,2196,0.9433333333333334,request_rescan,1.811515
2197,2197,0.76,discard,1.812079
2198,2198,0.9433333333333334,discard,1.812846
2199,2199,0.76,discard,1.813406
2200,2200,0.9433333333333334,request_rescan,1.813957
2201,2201,0.9433333333333334,request_rescan,1.815383
2202,2202,0.76,discard,1.815973
2203,2203,0.76,discard,1.816581
2204,2204,0.9433333333333334,discard,1.817251
2205,2205,0.9433333333333334,request_rescan,1.818157
2206,2206,0.76,request_rescan,1.819647
2207,2207,0.76,request_rescan,1.820226
2208,2208,0.76,request_rescan,1.82081
2209,2209,0.9433333333333334,request_rescan,1.821382
2210,2210,0.76,discard,1.821945
2211,2211,0.9433333333333334,discard,1.822538
2212,2212,0.76,request_rescan,1.823115
2213,2213,0.9433333333333334,discard,1.823661
2214,2214,0.76,request_rescan,1.824222
2215,2215,0.76,request_rescan,1.82478
2216,2216,0.9433333333333334,request_rescan,1.82533
2217,2217,0.76,request_rescan,1.825885
2218,2218,0.76,request_rescan,1.826439
2219,2219,0.9433333333333334,request_rescan,1.826987
2220,2220,0.9433333333333334,request_rescan,1.827544
2221,2221,0.9433333333333334,request_rescan,1.828094
2222,2222,0.9433333333333334,request_rescan,1.828652
2223,2223,0.76,discard,1.8292
2224,2224,0.76,discard,1.829762
2225,2225,0.76,request_rescan,1.83031
2226,2226,0.76,request_rescan,1.830867
2227,2227,0.9433333333333334,discard,1.831412
2228,2228,0.9433333333333334,discard,1.831974
2229,2229,0.9433333333333334,discard,1.83253
2230,2230,0.9433333333333334,discard,1.833089
2231,2231,0.9433333333333334,request_rescan,1.834123
2232,2232,0.76,request_rescan,1.834952
2233,2233,0.76,request_rescan,1.835499
2234,2234,0.9433333333333334,discard,1.836062
2235,2235,0.76,discard,1.836617
2236,2236,0.76,request_rescan,1.837196
2237,2237,0.76,discard,1.837827
2238,2238,0.9433333333333334,request_rescan,1.838385
2239,2239,0.76,request_rescan,1.838949
2240,2240,0.9433333333333334,request_rescan,1.839507
2241,2241,0.9433333333333334,request_rescan,1.840078
2242,2242,0.9433333333333334,discard,1.840636
2243,2243,0.76,request_rescan,1.841202
2244,2244,0.9433333333333334,discard,1.841745
2245,2245,0.9433333333333334,discard,1.842323
2246,2246,0.9433333333333334,request_rescan,1.84288
2247,2247,0.76,request_rescan,1.843454
2248,2248,0.76,request_rescan,1.844024
2249,2249,0.76,request_rescan,1.844583
2250,2250,0.76,request_rescan,1.845168
2251,2251,0.76,request_rescan,1.846099
2252,2252,0.9433333333333334,request_rescan,1.846646
2253,2253,0.9433333333333334,discard,1.847226
2254,2254,0.9433333333333334,discard,1.84777
2255,2255,0.76,discard,1.848364
2256,2256,0.9433333333333334,request_rescan,1.848962
2257,2257,0.9433333333333334,discard,1.84951
2258,2258,0.76,request_rescan,1.850073
2259,2259,0.9433333333333334,discard,1.850861
2260,2260,0.76,discard,1.851798
2261,2261,0.9433333333333334,request_rescan,1.852365
2262,2262,0.9433333333333334,discard,1.852934
2263,2263,0.9433333333333334,discard,1.8535
2264,2264,0.9433333333333334,request_rescan,1.854079
2265,2265,0.9433333333333334,request_rescan,1.854631
2266,2266,0.76,request_rescan,1.855213
2267,2267,0.9433333333333334,discard,1.855781
2268,2268,0.76,request_rescan,1.856352
2269,2269,0.9433333333333334,request_rescan,1.856913
2270,2270,0.76,discard,1.857466
2271,2271,0.9433333333333334,request_rescan,1.858037
2272,2272,0.76,discard,1.858581
2273,2273,0.9433333333333334,discard,1.85914
2274,2274,0.9433333333333334,request_rescan,1.859691
2275,2275,0.76,request_rescan,1.860247
2276,2276,0.76,discard,1.860807
2277,2277,0.76,discard,1.861353
2278,2278,0.76,request_rescan,1.861911
2279,2279,0.9433333333333334,request_rescan,1.862458
2280,2280,0.76,discard,1.863018
2281,2281,0.9433333333333334,request_rescan,1.863571
2282,2282,0.76,discard,1.86412
2283,2283,0.9433333333333334,discard,1.86466
2284,2284,0.9433333333333334,discard,1.865223
2285,2285,0.76,request_rescan,1.865764
2286,2286,0.76,discard,1.866333
2287,2287,0.9433333333333334,discard,1.866876
2288,2288,0.76,discard,1.867438
2289,2289,0.76,discard,1.867987
2290,2290,0.76,discard,1.868544
2291,2291,0.76,request_rescan,1.869084
2292,2292,0.76,discard,1.869636
2293,2293,0.76,discard,1.870186
2294,2294,0.76,discard,1.870747
2295,2295,0.76,discard,1.87131
2296,2296,0.76,request_rescan,1.871882
2297,2297,0.9433333333333334,request_rescan,1.872433
2298,2298,0.76,discard,1.873021
2299,2299,0.76,discard,1.873577
2300,2300,0.76,request_rescan,1.874143
2301,2301,0.9433333333333334,request_rescan,1.875594
2302,2302,0.76,discard,1.876158
2303,2303,0.76,request_rescan,1.876736
2304,2304,0.76,discard,1.877309
2305,2305,0.9433333333333334,request_rescan,1.907775
2306,2306,0.9433333333333334,request_rescan,1.908377
2307,2307,0.9433333333333334,discard,1.908951
2308,2308,0.9433333333333334,discard,1.909498
2309,2309,0.9433333333333334,request_rescan,1.910082
2310,2310,0.76,discard,1.910623
2311,2311,0.76,discard,1.911196
2312,2312,0.9433333333333334,request_rescan,1.911778
2313,2313,0.9433333333333334,discard,1.912349
2314,2314,0.9433333333333334,discard,1.912902
2315,2315,0.9433333333333334,request_rescan,1.913453
2316,2316,0.9433333333333334,discard,1.914017
2317,2317,0.9433333333333334,discard,1.914569
2318,2318,0.76,request_rescan,1.915199
2319,2319,0.76,request_rescan,1.915749
2320,2320,0.9433333333333334,discard,1.916324
2321,2321,0.76,request_rescan,1.916874
2322,2322,0.9433333333333334,discard,1.917438
2323,2323,0.76,request_rescan,1.917989
2324,2324,0.9433333333333334,discard,1.918551
2325,2325,0.76,request_rescan,1.919141
2326,2326,0.76,request_rescan,1.920674
2327,2327,0.9433333333333334,request_rescan,1.921254
2328,2328,0.76,request_rescan,1.921818
2329,2329,0.76,request_rescan,1.922361
2330,2330,0.9433333333333334,request_rescan,1.922927
2331,2331,0.76,discard,1.923464
2332,2332,0.9433333333333334,discard,1.924021
2333,2333,0.9433333333333334,discard,1.924563
2334,2334,0.9433333333333334,discard,1.925114
2335,2335,0.9433333333333334,discard,1.925655
2336,2336,0.9433333333333334,request_rescan,1.926256
2337,2337,0.9433333333333334,request_rescan,1.926861
2338,2338,0.9433333333333334,discard,1.927434
2339,2339,0.9433333333333334,request_rescan,1.928026
2340,2340,0.9433333333333334,discard,1.928592
2341,2341,0.9433333333333334,request_rescan,1.929507
2342,2342,0.9433333333333334,discard,1.930553
2343,2343,0.76,request_rescan,1.931138
2344,2344,0.76,request_rescan,1.931693
2345,2345,0.76,discard,1.932287
2346,2346,0.76,request_rescan,1.932834
2347,2347,0.76,discard,1.933396
2348,2348,0.9433333333333334,discard,1.933966
2349,2349,0.76,request_rescan,1.934537
2350,2350,0.76,discard,1.935106
2351,2351,0.76,request_rescan,1.935669
2352,2352,0.76,discard,1.936257
2353,2353,0.76,request_rescan,1.936817
2354,2354,0.76,discard,1.937396
2355,2355,0.76,request_rescan,1.93798
2356,2356,0.9433333333333334,discard,1.938573
2357,2357,0.76,request_rescan,1.939143
2358,2358,0.9433333333333334,request_rescan,1.939712
2359,2359,0.9433333333333334,discard,1.940273
2360,2360,0.76,request_rescan,1.940822
2361,2361,0.9433333333333334,request_rescan,1.941381
2362,2362,0.9433333333333334,request_rescan,1.941925
2363,2363,0.9433333333333334,discard,1.942478
2364,2364,0.9433333333333334,request_rescan,1.943017
2365,2365,0.9433333333333334,request_rescan,1.943575
2366,2366,0.76,discard,1.944137
2367,2367,0.76,request_rescan,1.944697
2368,2368,0.9433333333333334,discard,1.94526
2369,2369,0.76,discard,1.945882
2370,2370,0.9433333333333334,request_rescan,1.946453
2371,2371,0.9433333333333334,request_rescan,1.947042
2372,2372,0.76,request_rescan,1.947637
2373,2373,0.9433333333333334,discard,1.948217
2374,2374,0.76,discard,1.94925
2375,2375,0.9433333333333334,request_rescan,1.950237
2376,2376,0.9433333333333334,request_rescan,1.950807
2377,2377,0.9433333333333334,request_rescan,1.951365
2378,2378,0.76,discard,1.951972
2379,2379,0.76,request_rescan,1.95256
2380,2380,0.9433333333333334,request_rescan,1.953128
2381,2381,0.76,discard,1.953689
2382,2382,0.9433333333333334,discard,1.954252
2383,2383,0.9433333333333334,discard,1.954813
2384,2384,0.76,discard,1.955367
2385,2385,0.9433333333333334,request_rescan,1.955927
2386,2386,0.76,request_rescan,1.956499
2387,2387,0.9433333333333334,discard,1.957047
2388,2388,0.76,discard,1.957606
2389,2389,0.76,request_rescan,1.958187
2390,2390,0.9433333333333334,request_rescan,1.958772
2391,2391,0.9433333333333334,discard,1.959347
2392,2392,0.9433333333333334,request_rescan,1.959903
2393,2393,0.9433333333333334,discard,1.960454
2394,2394,0.9433333333333334,discard,1.961041
2395,2395,0.76,request_rescan,1.961627
2396,2396,0.9433333333333334,request_rescan,1.962229
2397,2397,0.9433333333333334,request_rescan,1.96279
2398,2398,0.76,discard,1.963338
2399,2399,0.9433333333333334,discard,1.963898
2400,2400,0.76,request_rescan,1.964455
2401,2401,0.9433333333333334,discard,1.965903
2402,2402,0.76,request_rescan,1.966459
2403,2403,0.76,discard,1.967101
2404,2404,0.9433333333333334,request_rescan,1.967656
2405,2405,0.9433333333333334,request_rescan,1.968221
2406,2406,0.76,request_rescan,1.968764
2407,2407,0.9433333333333334,request_rescan,1.969334
2408,2408,0.76,discard,1.969895
2409,2409,0.9433333333333334,request_rescan,1.970446
2410,2410,0.76,request_rescan,1.971037
2411,2411,0.76,request_rescan,1.971622
2412,2412,0.9433333333333334,discard,1.972218
2413,2413,0.9433333333333334,request_rescan,1.972782
2414,2414,0.9433333333333334,request_rescan,1.973381
2415,2415,0.9433333333333334,request_rescan,1.973944
2416,2416,0.9433333333333334,discard,1.974498
2417,2417,0.76,request_rescan,1.975067
2418,2418,0.76,request_rescan,1.975623
2419,2419,0.9433333333333334,request_rescan,1.976196
2420,2420,0.76,discard,1.976753
2421,2421,0.76,discard,1.977387
2422,2422,0.9433333333333334,discard,1.977976
2423,2423,0.76,request_rescan,1.97861
2424,2424,0.76,request_rescan,1.979184
2425,2425,0.9433333333333334,discard,1.980077
2426,2426,0.76,request_rescan,1.981251
2427,2427,0.9433333333333334,discard,1.981823
2428,2428,0.76,request_rescan,1.982382
2429,2429,0.76,discard,1.982954
2430,2430,0.76,request_rescan,1.983575
2431,2431,0.76,request_rescan,1.98415
2432,2432,0.9433333333333334,request_rescan,1.984711
2433,2433,0.9433333333333334,discard,2.014801
2434,2434,0.9433333333333334,discard,2.015434
2435,2435,0.9433333333333334,request_rescan,2.016029
2436,2436,0.9433333333333334,request_rescan,2.016676
2437,2437,0.76,discard,2.017257
2438,2438,0.76,request_rescan,2.017839
2439,2439,0.9433333333333334,discard,2.018415
2440,2440,0.76,discard,2.018976
2441,2441,0.9433333333333334,discard,2.019533
2442,2442,0.9433333333333334,discard,2.020087
2443,2443,0.9433333333333334,discard,2.021707
2444,2444,0.9433333333333334,request_rescan,2.022349
2445,2445,0.9433333333333334,discard,2.022906
2446,2446,0.9433333333333334,discard,2.023471
2447,2447,0.76,discard,2.024032
2448,2448,0.9433333333333334,request_rescan,2.024597
2449,2449,0.9433333333333334,discard,2.025145
2450,2450,0.9433333333333334,discard,2.025689
2451,2451,0.9433333333333334,discard,2.026244
2452,2452,0.9433333333333334,request_rescan,2.026833
2453,2453,0.76,request_rescan,2.027393
2454,2454,0.9433333333333334,request_rescan,2.027972
2455,2455,0.9433333333333334,request_rescan,2.028816
2456,2456,0.76,request_rescan,2.029371
2457,2457,0.76,request_rescan,2.02992
2458,2458,0.76,discard,2.030466
2459,2459,0.9433333333333334,request_rescan,2.031021
2460,2460,0.76,discard,2.031565
2461,2461,0.76,request_rescan,2.032122
2462,2462,0.9433333333333334,discard,2.032668
2463,2463,0.76,discard,2.03323
2464,2464,0.9433333333333334,request_rescan,2.033774
2465,2465,0.76,request_rescan,2.034353
2466,2466,0.9433333333333334,discard,2.034949
2467,2467,0.76,discard,2.035508
2468,2468,0.9433333333333334,discard,2.03606
2469,2469,0.9433333333333334,discard,2.036621
2470,2470,0.76,discard,2.037198
2471,2471,0.76,request_rescan,2.038015
2472,2472,0.76,request_rescan,2.03855
2473,2473,0.9433333333333334,request_rescan,2.039191
2474,2474,0.9433333333333334,request_rescan,2.039748
2475,2475,0.9433333333333334,request_rescan,2.040309
2476,2476,0.9433333333333334,discard,2.040866
2477,2477,0.76,request_rescan,2.04142
2478,2478,0.9433333333333334,request_rescan,2.041995
2479,2479,0.76,discard,2.042594
2480,2480,0.76,request_rescan,2.043154
2481,2481,0.76,discard,2.043702
2482,2482,0.9433333333333334,discard,2.044277
2483,2483,0.9433333333333334,request_rescan,2.044831
2484,2484,0.9433333333333334,discard,2.045433
2485,2485,0.76,request_rescan,2.045994
2486,2486,0.76,discard,2.04657
2487,2487,0.9433333333333334,request_rescan,2.047119
2488,2488,0.76,request_rescan,2.04768
2489,2489,0.9433333333333334,discard,2.048235
2490,2490,0.76,discard,2.049143
2491,2491,0.9433333333333334,request_rescan,2.049687
2492,2492,0.76,request_rescan,2.050254
2493,2493,0.9433333333333334,discard,2.050837
2494,2494,0.9433333333333334,request_rescan,2.051442
2495,2495,0.9433333333333334,request_rescan,2.051994
2496,2496,0.76,request_rescan,2.052558
2497,2497,0.9433333333333334,request_rescan,2.053107
2498,2498,0.76,discard,2.053674
2499,2499,0.76,discard,2.054681
2500,2500,0.76,discard,2.055276
2501,2501,0.9433333333333334,request_rescan,2.056856
2502,2502,0.76,discard,2.057415
2503,2503,0.9433333333333334,discard,2.057983
2504,2504,0.9433333333333334,discard,2.058533
2505,2505,0.76,discard,2.0591
2506,2506,0.9433333333333334,request_rescan,2.059645
2507,2507,0.76,discard,2.060192
2508,2508,0.9433333333333334,discard,2.060741
2509,2509,0.76,request_rescan,2.061316
2510,2510,0.9433333333333334,discard,2.061904
2511,2511,0.9433333333333334,request_rescan,2.062466
2512,2512,0.76,request_rescan,2.063054
2513,2513,0.76,discard,2.06362
2514,2514,0.76,discard,2.064202
2515,2515,0.76,request_rescan,2.064755
2516,2516,0.9433333333333334,request_rescan,2.065375
2517,2517,0.9433333333333334,discard,2.065953
2518,2518,0.76,request_rescan,2.066521
2519,2519,0.9433333333333334,discard,2.0671
2520,2520,0.76,discard,2.067688
2521,2521,0.76,request_rescan,2.06828
2522,2522,0.9433333333333334,request_rescan,2.068872
2523,2523,0.9433333333333334,request_rescan,2.069479
2524,2524,0.9433333333333334,discard,2.07006
2525,2525,0.9433333333333334,request_rescan,2.070626
2526,2526,0.9433333333333334,discard,2.071207
2527,2527,0.76,request_rescan,2.071772
2528,2528,0.76,discard,2.072324
2529,2529,0.9433333333333334,discard,2.07289
2530,2530,0.76,discard,2.073447
2531,2531,0.9433333333333334,discard,2.074012
2532,2532,0.9433333333333334,discard,2.074573
2533,2533,0.9433333333333334,request_rescan,2.075133
2534,2534,0.76,discard,2.0757
2535,2535,0.9433333333333334,discard,2.07625
2536,2536,0.9433333333333334,discard,2.076813
2537,2537,0.9433333333333334,discard,2.077364
2538,2538,0.76,discard,2.077931
2539,2539,0.76,request_rescan,2.078491
2540,2540,0.76,discard,2.079052
2541,2541,0.9433333333333334,discard,2.079598
2542,2542,0.9433333333333334,discard,2.080164
2543,2543,0.9433333333333334,discard,2.080708
2544,2544,0.76,discard,2.081274
2545,2545,0.6633333333333333,log_and_continue,2.081838
2546,2546,0.76,discard,2.082392
2547,2547,0.76,discard,2.082955
2548,2548,0.9433333333333334,request_rescan,2.083507
2549,2549,0.9433333333333334,request_rescan,2.084651
2550,2550,0.76,discard,2.08556
2551,2551,0.76,discard,2.08612
2552,2552,0.76,discard,2.086666
2553,2553,0.9433333333333334,discard,2.087222
2554,2554,0.9433333333333334,request_rescan,2.087773
2555,2555,0.9433333333333334,discard,2.088327
2556,2556,0.76,discard,2.08889
2557,2557,0.76,request_rescan,2.089453
2558,2558,0.76,discard,2.090005
2559,2559,0.9433333333333334,discard,2.090563
2560,2560,0.9433333333333334,discard,2.091107
2561,2561,0.9433333333333334,discard,2.120881
2562,2562,0.76,request_rescan,2.121649
2563,2563,0.9433333333333334,discard,2.123046
2564,2564,0.9433333333333334,request_rescan,2.123606
2565,2565,0.9433333333333334,discard,2.124167
2566,2566,0.6633333333333333,log_and_continue,2.124715
2567,2567,0.76,request_rescan,2.125287
2568,2568,0.76,discard,2.125839
2569,2569,0.9433333333333334,request_rescan,2.126399
2570,2570,0.76,request_rescan,2.126966
2571,2571,0.9433333333333334,request_rescan,2.127537
2572,2572,0.76,request_rescan,2.128092
2573,2573,0.76,request_rescan,2.12864
2574,2574,0.76,discard,2.129572
2575,2575,0.9433333333333334,discard,2.130137
2576,2576,0.76,request_rescan,2.13069
2577,2577,0.76,request_rescan,2.131261
2578,2578,0.9433333333333334,discard,2.131808
2579,2579,0.9433333333333334,discard,2.132351
2580,2580,0.9433333333333334,discard,2.132908
2581,2581,0.9433333333333334,discard,2.13353
2582,2582,0.9433333333333334,discard,2.134317
2583,2583,0.76,discard,2.134881
2584,2584,0.9433333333333334,request_rescan,2.135434
2585,2585,0.76,request_rescan,2.135997
2586,2586,0.9433333333333334,discard,2.136537
2587,2587,0.9433333333333334,discard,2.137086
2588,2588,0.76,request_rescan,2.137648
2589,2589,0.9433333333333334,discard,2.138212
2590,2590,0.9433333333333334,discard,2.138759
2591,2591,0.76,discard,2.139312
2592,2592,0.9433333333333334,discard,2.13986
2593,2593,0.9433333333333334,request_rescan,2.140413
2594,2594,0.76,request_rescan,2.14096
2595,2595,0.76,request_rescan,2.141512
2596,2596,0.76,request_rescan,2.142061
2597,2597,0.76,request_rescan,2.142614
2598,2598,0.9433333333333334,request_rescan,2.143162
2599,2599,0.9433333333333334,request_rescan,2.143711
2600,2600,0.9433333333333334,request_rescan,2.144267
2601,2601,0.9433333333333334,request_rescan,2.145721
2602,2602,0.9433333333333334,request_rescan,2.146276
2603,2603,0.76,discard,2.146836
2604,2604,0.76,discard,2.147389
2605,2605,0.76,discard,2.147956
2606,2606,0.9433333333333334,discard,2.148505
2607,2607,0.9433333333333334,request_rescan,2.14906
2608,2608,0.9433333333333334,discard,2.149619
2609,2609,0.9433333333333334,discard,2.150165
2610,2610,0.9433333333333334,discard,2.150735
2611,2611,0.9433333333333334,discard,2.151281
2612,2612,0.9433333333333334,discard,2.151836
2613,2613,0.9433333333333334,request_rescan,2.152385
2614,2614,0.9433333333333334,request_rescan,2.15294
2615,2615,0.9433333333333334,request_rescan,2.153503
2616,2616,0.9433333333333334,discard,2.154084
2617,2617,0.9433333333333334,request_rescan,2.154627
2618,2618,0.9433333333333334,discard,2.155195
2619,2619,0.76,discard,2.155744
2620,2620,0.76,discard,2.156292
2621,2621,0.76,discard,2.156863
2622,2622,0.9433333333333334,request_rescan,2.15742
2623,2623,0.9433333333333334,request_rescan,2.157975
2624,2624,0.76,discard,2.158528
2625,2625,0.9433333333333334,request_rescan,2.159086
2626,2626,0.9433333333333334,discard,2.159658
2627,2627,0.76,request_rescan,2.160219
2628,2628,0.9433333333333334,request_rescan,2.160772
2629,2629,0.9433333333333334,request_rescan,2.161348
2630,2630,0.9433333333333334,request_rescan,2.161908
2631,2631,0.9433333333333334,request_rescan,2.162456
2632,2632,0.76,request_rescan,2.163032
2633,2633,0.9433333333333334,discard,2.163575
2634,2634,0.76,discard,2.164159
2635,2635,0.76,request_rescan,2.16472
2636,2636,0.76,discard,2.165384
2637,2637,0.9433333333333334,discard,2.165987
2638,2638,0.9433333333333334,discard,2.166543
2639,2639,0.9433333333333334,request_rescan,2.167109
2640,2640,0.9433333333333334,request_rescan,2.167651
2641,2641,0.76,discard,2.168195
2642,2642,0.9433333333333334,discard,2.168749
2643,2643,0.9433333333333334,request_rescan,2.169326
2644,2644,0.76,discard,2.169876
2645,2645,0.76,request_rescan,2.170409
2646,2646,0.76,discard,2.170971
2647,2647,0.76,discard,2.171514
2648,2648,0.76,request_rescan,2.172087
2649,2649,0.76,discard,2.172622
2650,2650,0.9433333333333334,request_rescan,2.173199
2651,2651,0.9433333333333334,discard,2.173733
2652,2652,0.9433333333333334,discard,2.174298
2653,2653,0.76,discard,2.17485
2654,2654,0.9433333333333334,request_rescan,2.175394
2655,2655,0.76,discard,2.175958
2656,2656,0.76,discard,2.176514
2657,2657,0.76,request_rescan,2.177072
2658,2658,0.9433333333333334,request_rescan,2.177651
2659,2659,0.76,discard,2.178214
2660,2660,0.76,request_rescan,2.179186
2661,2661,0.76,request_rescan,2.180064
2662,2662,0.76,discard,2.180621
2663,2663,0.76,request_rescan,2.18118
2664,2664,0.76,request_rescan,2.181726
2665,2665,0.9433333333333334,request_rescan,2.182296
2666,2666,0.76,request_rescan,2.182856
2667,2667,0.9433333333333334,discard,2.183483
2668,2668,0.76,request_rescan,2.184039
2669,2669,0.76,request_rescan,2.184603
2670,2670,0.9433333333333334,request_rescan,2.185162
2671,2671,0.9433333333333334,discard,2.185719
2672,2672,0.76,request_rescan,2.186276
2673,2673,0.9433333333333334,request_rescan,2.186844
2674,2674,0.9433333333333334,discard,2.187407
2675,2675,0.76,request_rescan,2.187975
2676,2676,0.76,request_rescan,2.188515
2677,2677,0.9433333333333334,discard,2.189137
2678,2678,0.9433333333333334,request_rescan,2.189686
2679,2679,0.9433333333333334,request_rescan,2.190249
2680,2680,0.76,discard,2.190806
2681,2681,0.76,request_rescan,2.191348
2682,2682,0.76,discard,2.191901
2683,2683,0.9433333333333334,discard,2.192441
2684,2684,0.9433333333333334,discard,2.193008
2685,2685,0.9433333333333334,discard,2.19355
2686,2686,0.76,discard,2.194108
2687,2687,0.76,discard,2.194677
2688,2688,0.76,request_rescan,2.195291
2689,2689,0.9433333333333334,discard,2.226133
2690,2690,0.9433333333333334,request_rescan,2.226738
2691,2691,0.9433333333333334,request_rescan,2.227302
2692,2692,0.9433333333333334,request_rescan,2.227878
2693,2693,0.9433333333333334,request_rescan,2.228446
2694,2694,0.9433333333333334,discard,2.229014
2695,2695,0.76,request_rescan,2.229921
2696,2696,0.9433333333333334,request_rescan,2.230486
2697,2697,0.76,discard,2.231064
2698,2698,0.76,request_rescan,2.231619
2699,2699,0.9433333333333334,discard,2.23219
2700,2700,0.9433333333333334,discard,2.232738
2701,2701,0.76,request_rescan,2.234142
2702,2702,0.76,discard,2.234835
2703,2703,0.9433333333333334,request_rescan,2.235835
2704,2704,0.9433333333333334,request_rescan,2.236464
2705,2705,0.9433333333333334,discard,2.237029
2706,2706,0.9433333333333334,discard,2.237604
2707,2707,0.9433333333333334,request_rescan,2.238176
2708,2708,0.9433333333333334,discard,2.238801
2709,2709,0.9433333333333334,discard,2.239376
2710,2710,0.9433333333333334,request_rescan,2.239968
2711,2711,0.9433333333333334,request_rescan,2.240538
2712,2712,0.76,discard,2.241121
2713,2713,0.76,request_rescan,2.24167
2714,2714,0.9433333333333334,request_rescan,2.242239
2715,2715,0.9433333333333334,discard,2.242788
2716,2716,0.9433333333333334,request_rescan,2.243349
2717,2717,0.76,request_rescan,2.243907
2718,2718,0.76,request_rescan,2.244465
2719,2719,0.9433333333333334,request_rescan,2.245023
2720,2720,0.76,discard,2.245568
2721,2721,0.76,discard,2.246136
2722,2722,0.76,discard,2.246687
2723,2723,0.9433333333333334,discard,2.247253
2724,2724,0.9433333333333334,request_rescan,2.24782
2725,2725,0.9433333333333334,discard,2.248375
2726,2726,0.76,discard,2.248932
2727,2727,0.9433333333333334,discard,2.249497
2728,2728,0.9433333333333334,discard,2.250054
2729,2729,0.9433333333333334,discard,2.250612
2730,2730,0.76,request_rescan,2.251174
2731,2731,0.9433333333333334,request_rescan,2.252071
2732,2732,0.76,discard,2.252943
2733,2733,0.9433333333333334,discard,2.2535
2734,2734,0.9433333333333334,request_rescan,2.254055
2735,2735,0.9433333333333334,discard,2.254616
2736,2736,0.9433333333333334,discard,2.255171
2737,2737,0.76,request_rescan,2.255759
2738,2738,0.9433333333333334,discard,2.256367
2739,2739,0.9433333333333334,request_rescan,2.256934
2740,2740,0.9433333333333334,discard,2.257493
2741,2741,0.76,discard,2.258063
2742,2742,0.9433333333333334,discard,2.258613
2743,2743,0.9433333333333334,discard,2.259185
2744,2744,0.9433333333333334,request_rescan,2.259737
2745,2745,0.9433333333333334,discard,2.260305
2746,2746,0.9433333333333334,request_rescan,2.260853
2747,2747,0.76,discard,2.261421
2748,2748,0.76,discard,2.261988
2749,2749,0.9433333333333334,discard,2.262567
2750,2750,0.9433333333333334,discard,2.263129
2751,2751,0.76,request_rescan,2.263691
2752,2752,0.76,request_rescan,2.264254
2753,2753,0.9433333333333334,discard,2.264812
2754,2754,0.76,discard,2.265379
2755,2755,0.9433333333333334,request_rescan,2.26593
2756,2756,0.9433333333333334,request_rescan,2.266497
2757,2757,0.9433333333333334,request_rescan,2.26705
2758,2758,0.9433333333333334,request_rescan,2.267605
2759,2759,0.9433333333333334,discard,2.268158
2760,2760,0.9433333333333334,discard,2.268712
2761,2761,0.76,discard,2.26927
2762,2762,0.76,request_rescan,2.269835
2763,2763,0.76,discard,2.270383
2764,2764,0.9433333333333334,request_rescan,2.270936
2765,2765,0.76,discard,2.271494
2766,2766,0.76,request_rescan,2.272064
2767,2767,0.9433333333333334,request_rescan,2.272607
2768,2768,0.76,discard,2.273174
2769,2769,0.76,request_rescan,2.273718
2770,2770,0.9433333333333334,request_rescan,2.274274
2771,2771,0.76,discard,2.274836
2772,2772,0.9433333333333334,request_rescan,2.275387
2773,2773,0.76,discard,2.275952
2774,2774,0.76,request_rescan,2.276513
2775,2775,0.76,request_rescan,2.27707
2776,2776,0.9433333333333334,discard,2.277632
2777,2777,0.9433333333333334,discard,2.278185
2778,2778,0.9433333333333334,discard,2.278738
2779,2779,0.9433333333333334,request_rescan,2.279685
2780,2780,0.76,request_rescan,2.280569
2781,2781,0.9433333333333334,discard,2.281139
2782,2782,0.76,discard,2.281687
2783,2783,0.9433333333333334,request_rescan,2.282312
2784,2784,0.76,discard,2.282873
2785,2785,0.9433333333333334,discard,2.283439
2786,2786,0.76,discard,2.283993
2787,2787,0.76,request_rescan,2.284559
2788,2788,0.9433333333333334,request_rescan,2.28512
2789,2789,0.76,request_rescan,2.285681
2790,2790,0.9433333333333334,request_rescan,2.286238
2791,2791,0.9433333333333334,discard,2.286807
2792,2792,0.9433333333333334,request_rescan,2.287361
2793,2793,0.9433333333333334,request_rescan,2.287937
2794,2794,0.9433333333333334,discard,2.288503
2795,2795,0.76,request_rescan,2.289057
2796,2796,0.9433333333333334,request_rescan,2.289646
2797,2797,0.76,discard,2.290223
2798,2798,0.9433333333333334,discard,2.290789
2799,2799,0.9433333333333334,request_rescan,2.291354
2800,2800,0.9433333333333334,discard,2.291917
2801,2801,0.76,request_rescan,2.293457
2802,2802,0.76,request_rescan,2.294023
2803,2803,0.9433333333333334,request_rescan,2.294595
2804,2804,0.9433333333333334,discard,2.295163
2805,2805,0.9433333333333334,discard,2.295716
2806,2806,0.76,request_rescan,2.296276
2807,2807,0.9433333333333334,discard,2.29683
2808,2808,0.9433333333333334,discard,2.297396
2809,2809,0.76,request_rescan,2.29796
2810,2810,0.9433333333333334,request_rescan,2.298527
2811,2811,0.9433333333333334,discard,2.299101
2812,2812,0.9433333333333334,discard,2.299667
2813,2813,0.9433333333333334,request_rescan,2.300231
2814,2814,0.76,discard,2.300783
2815,2815,0.76,request_rescan,2.301344
2816,2816,0.9433333333333334,discard,2.301906
2817,2817,0.9433333333333334,discard,2.332622
2818,2818,0.9433333333333334,discard,2.333288
2819,2819,0.9433333333333334,discard,2.333876
2820,2820,0.6633333333333333,log_and_continue,2.334439
2821,2821,0.9433333333333334,request_rescan,2.335028
2822,2822,0.76,request_rescan,2.335672
2823,2823,0.9433333333333334,request_rescan,2.336259
2824,2824,0.9433333333333334,request_rescan,2.336831
2825,2825,0.76,discard,2.337383
2826,2826,0.9433333333333334,discard,2.337977
2827,2827,0.9433333333333334,discard,2.33853
2828,2828,0.9433333333333334,request_rescan,2.33952
2829,2829,0.9433333333333334,discard,2.340105
2830,2830,0.9433333333333334,request_rescan,2.340676
2831,2831,0.9433333333333334,discard,2.341245
2832,2832,0.9433333333333334,discard,2.34182
2833,2833,0.9433333333333334,discard,2.342385
2834,2834,0.9433333333333334,discard,2.342943
2835,2835,0.9433333333333334,discard,2.343492
2836,2836,0.9433333333333334,discard,2.344062
2837,2837,0.9433333333333334,request_rescan,2.34463
2838,2838,0.76,request_rescan,2.345209
2839,2839,0.9433333333333334,discard,2.34581
2840,2840,0.9433333333333334,discard,2.346367
2841,2841,0.9433333333333334,discard,2.346922
2842,2842,0.9433333333333334,discard,2.34748
2843,2843,0.9433333333333334,request_rescan,2.348078
2844,2844,0.9433333333333334,discard,2.348658
2845,2845,0.9433333333333334,discard,2.34923
2846,2846,0.76,discard,2.349791
2847,2847,0.76,request_rescan,2.350349
2848,2848,0.9433333333333334,discard,2.350903
2849,2849,0.76,discard,2.351469
2850,2850,0.76,request_rescan,2.352024
2851,2851,0.9433333333333334,discard,2.352653
2852,2852,0.76,request_rescan,2.353219
2853,2853,0.76,request_rescan,2.353776
2854,2854,0.9433333333333334,request_rescan,2.354333
2855,2855,0.76,discard,2.354933
2856,2856,0.9433333333333334,discard,2.355492
2857,2857,0.9433333333333334,request_rescan,2.35604
2858,2858,0.9433333333333334,request_rescan,2.356593
2859,2859,0.9433333333333334,discard,2.35714
2860,2860,0.9433333333333334,discard,2.35772
2861,2861,0.76,request_rescan,2.358265
2862,2862,0.9433333333333334,discard,2.358824
2863,2863,0.76,request_rescan,2.359378
2864,2864,0.76,discard,2.359948
2865,2865,0.76,discard,2.360511
2866,2866,0.76,request_rescan,2.361052
2867,2867,0.9433333333333334,discard,2.361618
2868,2868,0.76,request_rescan,2.36217
2869,2869,0.9433333333333334,request_rescan,2.362752
2870,2870,0.76,discard,2.363308
2871,2871,0.9433333333333334,request_rescan,2.363875
2872,2872,0.9433333333333334,discard,2.364419
2873,2873,0.9433333333333334,request_rescan,2.365017
2874,2874,0.9433333333333334,request_rescan,2.365549
2875,2875,0.9433333333333334,discard,2.366111
2876,2876,0.9433333333333334,request_rescan,2.366645
2877,2877,0.9433333333333334,request_rescan,2.367197
2878,2878,0.9433333333333334,request_rescan,2.367732
2879,2879,0.9433333333333334,request_rescan,2.368272
2880,2880,0.76,discard,2.368825
2881,2881,0.9433333333333334,discard,2.369371
2882,2882,0.76,request_rescan,2.369929
2883,2883,0.9433333333333334,discard,2.37047
2884,2884,0.76,discard,2.371027
2885,2885,0.9433333333333334,request_rescan,2.371566
2886,2886,0.9433333333333334,discard,2.372126
2887,2887,0.9433333333333334,request_rescan,2.372687
2888,2888,0.9433333333333334,discard,2.373239
2889,2889,0.9433333333333334,request_rescan,2.373784
2890,2890,0.76,discard,2.374332
2891,2891,0.9433333333333334,request_rescan,2.374879
2892,2892,0.9433333333333334,discard,2.375419
2893,2893,0.9433333333333334,discard,2.375973
2894,2894,0.76,discard,2.376515
2895,2895,0.76,request_rescan,2.377075
2896,2896,0.9433333333333334,discard,2.377624
2897,2897,0.9433333333333334,request_rescan,2.378198
2898,2898,0.9433333333333334,discard,2.378737
2899,2899,0.76,discard,2.379577
2900,2900,0.76,discard,2.380585
2901,2901,0.9433333333333334,request_rescan,2.382053
2902,2902,0.9433333333333334,request_rescan,2.382615
2903,2903,0.76,discard,2.3832
2904,2904,0.9433333333333334,discard,2.383751
2905,2905,0.9433333333333334,discard,2.384306
2906,2906,0.9433333333333334,request_rescan,2.384971
2907,2907,0.9433333333333334,request_rescan,2.385524
2908,2908,0.9433333333333334,discard,2.386118
2909,2909,0.9433333333333334,discard,2.38666
2910,2910,0.9433333333333334,discard,2.387278
2911,2911,0.9433333333333334,request_rescan,2.38786
2912,2912,0.9433333333333334,request_rescan,2.388446
2913,2913,0.9433333333333334,discard,2.389012
2914,2914,0.9433333333333334,discard,2.38958
2915,2915,0.9433333333333334,discard,2.390127
2916,2916,0.76,discard,2.390676
2917,2917,0.9433333333333334,discard,2.391224
2918,2918,0.9433333333333334,request_rescan,2.391784
2919,2919,0.9433333333333334,request_rescan,2.392346
2920,2920,0.9433333333333334,request_rescan,2.3929
2921,2921,0.9433333333333334,request_rescan,2.393444
2922,2922,0.9433333333333334,request_rescan,2.393987
2923,2923,0.76,request_rescan,2.394564
2924,2924,0.9433333333333334,discard,2.395123
2925,2925,0.76,request_rescan,2.395679
2926,2926,0.76,discard,2.396241
2927,2927,0.76,discard,2.396793
2928,2928,0.9433333333333334,discard,2.39734
2929,2929,0.76,discard,2.397887
2930,2930,0.9433333333333334,request_rescan,2.39844
2931,2931,0.76,discard,2.39902
2932,2932,0.76,request_rescan,2.39958
2933,2933,0.9433333333333334,request_rescan,2.400469
2934,2934,0.9433333333333334,discard,2.401498
2935,2935,0.9433333333333334,discard,2.40205
2936,2936,0.76,discard,2.402612
2937,2937,0.76,discard,2.403228
2938,2938,0.9433333333333334,discard,2.4038
2939,2939,0.9433333333333334,discard,2.404365
2940,2940,0.9433333333333334,request_rescan,2.404943
2941,2941,0.9433333333333334,request_rescan,2.405498
2942,2942,0.9433333333333334,discard,2.406074
2943,2943,0.76,discard,2.40662
2944,2944,0.9433333333333334,discard,2.407188
2945,2945,0.9433333333333334,discard,2.438079
2946,2946,0.9433333333333334,discard,2.438746
2947,2947,0.76,request_rescan,2.439361
2948,2948,0.9433333333333334,request_rescan,2.439962
2949,2949,0.9433333333333334,request_rescan,2.440529
2950,2950,0.9433333333333334,discard,2.441101
2951,2951,0.76,discard,2.441659
2952,2952,0.9433333333333334,request_rescan,2.442227
2953,2953,0.76,discard,2.442861
2954,2954,0.76,discard,2.443433
2955,2955,0.9433333333333334,discard,2.444001
2956,2956,0.9433333333333334,discard,2.444568
2957,2957,0.9433333333333334,discard,2.445166
2958,2958,0.9433333333333334,discard,2.445738
2959,2959,0.9433333333333334,request_rescan,2.446322
2960,2960,0.76,discard,2.44692
2961,2961,0.9433333333333334,request_rescan,2.447469
2962,2962,0.9433333333333334,request_rescan,2.448038
2963,2963,0.9433333333333334,request_rescan,2.448908
2964,2964,0.9433333333333334,discard,2.449469
2965,2965,0.76,request_rescan,2.450044
2966,2966,0.9433333333333334,request_rescan,2.450601
2967,2967,0.9433333333333334,discard,2.45139
2968,2968,0.9433333333333334,request_rescan,2.452021
2969,2969,0.76,discard,2.452651
2970,2970,0.9433333333333334,request_rescan,2.453214
2971,2971,0.9433333333333334,request_rescan,2.453788
2972,2972,0.76,request_rescan,2.454346
2973,2973,0.9433333333333334,discard,2.454903
2974,2974,0.9433333333333334,request_rescan,2.455455
2975,2975,0.9433333333333334,request_rescan,2.456005
2976,2976,0.9433333333333334,discard,2.456564
2977,2977,0.76,discard,2.457125
2978,2978,0.9433333333333334,discard,2.457684
2979,2979,0.76,request_rescan,2.458251
2980,2980,0.76,request_rescan,2.458806
2981,2981,0.9433333333333334,request_rescan,2.459362
2982,2982,0.76,request_rescan,2.459918
2983,2983,0.9433333333333334,request_rescan,2.460466
2984,2984,0.9433333333333334,discard,2.461029
2985,2985,0.9433333333333334,request_rescan,2.461586
2986,2986,0.9433333333333334,request_rescan,2.462173
2987,2987,0.9433333333333334,discard,2.462738
2988,2988,0.9433333333333334,discard,2.463294
2989,2989,0.9433333333333334,discard,2.463857
2990,2990,0.76,discard,2.46441
2991,2991,0.9433333333333334,request_rescan,2.464979
2992,2992,0.9433333333333334,discard,2.465589
2993,2993,0.9433333333333334,request_rescan,2.466141
2994,2994,0.9433333333333334,discard,2.466706
2995,2995,0.9433333333333334,discard,2.467265
2996,2996,0.76,discard,2.467847
2997,2997,0.9433333333333334,discard,2.46841
2998,2998,0.76,discard,2.468972
2999,2999,0.9433333333333334,request_rescan,2.469531
3000,3000,0.9433333333333334,request_rescan,2.470089
3001,3001,0.9433333333333334,discard,2.471588
3002,3002,0.9433333333333334,discard,2.472161
3003,3003,0.9433333333333334,request_rescan,2.472721
3004,3004,0.76,request_rescan,2.473304
3005,3005,0.9433333333333334,discard,2.473865
3006,3006,0.9433333333333334,request_rescan,2.474414
3007,3007,0.9433333333333334,request_rescan,2.47497
3008,3008,0.76,request_rescan,2.47552
3009,3009,0.76,discard,2.476083
3010,3010,0.9433333333333334,request_rescan,2.476633
3011,3011,0.9433333333333334,discard,2.477204
3012,3012,0.9433333333333334,discard,2.477762
3013,3013,0.76,discard,2.478333
3014,3014,0.76,request_rescan,2.478923
3015,3015,0.9433333333333334,discard,2.479687
3016,3016,0.76,discard,2.480533
3017,3017,0.76,discard,2.481088
3018,3018,0.9433333333333334,request_rescan,2.481643
3019,3019,0.9433333333333334,discard,2.482212
3020,3020,0.9433333333333334,request_rescan,2.482754
3021,3021,0.9433333333333334,discard,2.483304
3022,3022,0.9433333333333334,request_rescan,2.483863
3023,3023,0.76,request_rescan,2.484417
3024,3024,0.9433333333333334,discard,2.484992
3025,3025,0.9433333333333334,discard,2.48554
3026,3026,0.76,discard,2.486092
3027,3027,0.9433333333333334,request_rescan,2.486649
3028,3028,0.76,request_rescan,2.487224
3029,3029,0.9433333333333334,request_rescan,2.487804
3030,3030,0.9433333333333334,discard,2.488423
3031,3031,0.9433333333333334,discard,2.488976
3032,3032,0.9433333333333334,discard,2.489536
3033,3033,0.9433333333333334,discard,2.490072
3034,3034,0.76,request_rescan,2.490597
3035,3035,0.76,discard,2.491124
3036,3036,0.9433333333333334,discard,2.491653
3037,3037,0.9433333333333334,discard,2.492195
3038,3038,0.9433333333333334,request_rescan,2.492741
3039,3039,0.76,discard,2.493296
3040,3040,0.76,request_rescan,2.493855
3041,3041,0.76,request_rescan,2.494443
3042,3042,0.9433333333333334,discard,2.494991
3043,3043,0.9433333333333334,request_rescan,2.495559
3044,3044,0.9433333333333334,request_rescan,2.49612
3045,3045,0.9433333333333334,discard,2.496678
3046,3046,0.9433333333333334,request_rescan,2.497242
3047,3047,0.76,request_rescan,2.497787
3048,3048,0.76,request_rescan,2.498391
3049,3049,0.9433333333333334,discard,2.498982
3050,3050,0.9433333333333334,request_rescan,2.499581
3051,3051,0.9433333333333334,discard,2.500935
3052,3052,0.76,request_rescan,2.501559
3053,3053,0.9433333333333334,request_rescan,2.502112
3054,3054,0.9433333333333334,discard,2.502665
3055,3055,0.9433333333333334,request_rescan,2.50322
3056,3056,0.9433333333333334,discard,2.503854
3057,3057,0.9433333333333334,discard,2.50447
3058,3058,0.76,request_rescan,2.505018
3059,3059,0.76,request_rescan,2.505579
3060,3060,0.9433333333333334,discard,2.50615
3061,3061,0.76,discard,2.50671
3062,3062,0.76,discard,2.507277
3063,3063,0.76,request_rescan,2.507828
3064,3064,0.76,request_rescan,2.508412
3065,3065,0.76,request_rescan,2.508985
3066,3066,0.9433333333333334,discard,2.509534
3067,3067,0.9433333333333334,request_rescan,2.510116
3068,3068,0.76,request_rescan,2.510659
3069,3069,0.9433333333333334,discard,2.511219
3070,3070,0.9433333333333334,request_rescan,2.511798
3071,3071,0.9433333333333334,request_rescan,2.512361
3072,3072,0.76,request_rescan,2.512914
3073,3073,0.9433333333333334,discard,2.543606
3074,3074,0.9433333333333334,request_rescan,2.544247
3075,3075,0.9433333333333334,discard,2.544819
3076,3076,0.9433333333333334,request_rescan,2.545389
3077,3077,0.76,discard,2.545954
3078,3078,0.9433333333333334,request_rescan,2.546528
3079,3079,0.9433333333333334,request_rescan,2.547099
3080,3080,0.9433333333333334,request_rescan,2.547651
3081,3081,0.76,discard,2.548204
3082,3082,0.76,request_rescan,2.54878
3083,3083,0.9433333333333334,discard,2.549484
3084,3084,0.9433333333333334,discard,2.55006
3085,3085,0.9433333333333334,request_rescan,2.550632
3086,3086,0.9433333333333334,request_rescan,2.551186
3087,3087,0.76,discard,2.551862
3088,3088,0.9433333333333334,discard,2.552692
3089,3089,0.9433333333333334,request_rescan,2.553261
3090,3090,0.9433333333333334,request_rescan,2.553817
3091,3091,0.9433333333333334,request_rescan,2.554444
3092,3092,0.9433333333333334,request_rescan,2.555035
3093,3093,0.76,request_rescan,2.555606
3094,3094,0.9433333333333334,request_rescan,2.556178
3095,3095,0.9433333333333334,discard,2.556747
3096,3096,0.9433333333333334,request_rescan,2.557305
3097,3097,0.9433333333333334,request_rescan,2.557864
3098,3098,0.76,discard,2.558417
3099,3099,0.9433333333333334,request_rescan,2.558985
3100,3100,0.9433333333333334,discard,2.55953
3101,3101,0.76,discard,2.561027
3102,3102,0.9433333333333334,request_rescan,2.561605
3103,3103,0.9433333333333334,discard,2.56218
3104,3104,0.9433333333333334,discard,2.562748
3105,3105,0.76,discard,2.563308
3106,3106,0.76,discard,2.563878
3107,3107,0.9433333333333334,request_rescan,2.564449
3108,3108,0.9433333333333334,discard,2.565066
3109,3109,0.9433333333333334,discard,2.565624
3110,3110,0.76,discard,2.566212
3111,3111,0.9433333333333334,discard,2.566774
3112,3112,0.9433333333333334,discard,2.56735
3113,3113,0.76,request_rescan,2.567911
3114,3114,0.9433333333333334,discard,2.568476
3115,3115,0.9433333333333334,request_rescan,2.569032
3116,3116,0.9433333333333334,request_rescan,2.569596
3117,3117,0.76,request_rescan,2.570169
3118,3118,0.76,discard,2.570721
3119,3119,0.9433333333333334,request_rescan,2.57133
3120,3120,0.9433333333333334,discard,2.571932
3121,3121,0.76,discard,2.572506
3122,3122,0.9433333333333334,request_rescan,2.573068
3123,3123,0.9433333333333334,request_rescan,2.573638
3124,3124,0.9433333333333334,discard,2.574194
3125,3125,0.9433333333333334,request_rescan,2.574759
3126,3126,0.76,discard,2.575308
3127,3127,0.9433333333333334,discard,2.575873
3128,3128,0.9433333333333334,discard,2.576424
3129,3129,0.9433333333333334,discard,2.57699
3130,3130,0.9433333333333334,request_rescan,2.577553
3131,3131,0.9433333333333334,discard,2.578129
3132,3132,0.9433333333333334,request_rescan,2.578702
3133,3133,0.9433333333333334,discard,2.579271
3134,3134,0.9433333333333334,request_rescan,2.580294
3135,3135,0.9433333333333334,discard,2.581204
3136,3136,0.76,discard,2.581755
3137,3137,0.9433333333333334,discard,2.582326
3138,3138,0.9433333333333334,request_rescan,2.582891
3139,3139,0.76,request_rescan,2.58346
3140,3140,0.9433333333333334,request_rescan,2.584068
3141,3141,0.9433333333333334,request_rescan,2.584646
3142,3142,0.76,discard,2.585211
3143,3143,0.9433333333333334,discard,2.585781
3144,3144,0.9433333333333334,request_rescan,2.586332
3145,3145,0.76,discard,2.586887
3146,3146,0.9433333333333334,request_rescan,2.587443
3147,3147,0.9433333333333334,request_rescan,2.588016
3148,3148,0.76,discard,2.588576
3149,3149,0.9433333333333334,request_rescan,2.589129
3150,3150,0.9433333333333334,request_rescan,2.589676
3151,3151,0.9433333333333334,request_rescan,2.590243
3152,3152,0.9433333333333334,request_rescan,2.590795
3153,3153,0.9433333333333334,discard,2.591355
3154,3154,0.76,request_rescan,2.59191
3155,3155,0.76,discard,2.59247
3156,3156,0.76,discard,2.593022
3157,3157,0.9433333333333334,discard,2.593583
3158,3158,0.9433333333333334,discard,2.594135
3159,3159,0.9433333333333334,discard,2.594693
3160,3160,0.9433333333333334,discard,2.595264
3161,3161,0.9433333333333334,request_rescan,2.59584
3162,3162,0.9433333333333334,discard,2.59639
3163,3163,0.9433333333333334,discard,2.59695
3164,3164,0.9433333333333334,request_rescan,2.597502
3165,3165,0.9433333333333334,discard,2.598061
3166,3166,0.9433333333333334,discard,2.598619
3167,3167,0.9433333333333334,discard,2.599178
3168,3168,0.9433333333333334,discard,2.599742
3169,3169,0.9433333333333334,request_rescan,2.600313
3170,3170,0.9433333333333334,discard,2.600883
3171,3171,0.9433333333333334,discard,2.601424
3172,3172,0.9433333333333334,discard,2.601999
3173,3173,0.76,request_rescan,2.602546
3174,3174,0.76,request_rescan,2.603127
3175,3175,0.76,discard,2.603666
3176,3176,0.76,discard,2.604241
3177,3177,0.9433333333333334,request_rescan,2.604786
3178,3178,0.9433333333333334,request_rescan,2.605342
3179,3179,0.9433333333333334,discard,2.60591
3180,3180,0.76,request_rescan,2.606461
3181,3181,0.9433333333333334,discard,2.607038
3182,3182,0.76,discard,2.607585
3183,3183,0.9433333333333334,request_rescan,2.60815
3184,3184,0.9433333333333334,discard,2.608706
3185,3185,0.9433333333333334,discard,2.60929
3186,3186,0.76,discard,2.609828
3187,3187,0.9433333333333334,discard,2.610385
3188,3188,0.76,discard,2.610928
3189,3189,0.9433333333333334,request_rescan,2.611533
3190,3190,0.9433333333333334,discard,2.612091
3191,3191,0.76,discard,2.613031
3192,3192,0.9433333333333334,discard,2.613852
3193,3193,0.76,request_rescan,2.614414
3194,3194,0.9433333333333334,request_rescan,2.61496
3195,3195,0.9433333333333334,discard,2.615512
3196,3196,0.76,request_rescan,2.616073
3197,3197,0.9433333333333334,request_rescan,2.616676
3198,3198,0.76,discard,2.617272
3199,3199,0.76,request_rescan,2.617848
3200,3200,0.9433333333333334,discard,2.618406
3201,3201,0.9433333333333334,request_rescan,2.652219
3202,3202,0.9433333333333334,discard,2.652974
3203,3203,0.9433333333333334,discard,2.653588
3204,3204,0.9433333333333334,request_rescan,2.654184
3205,3205,0.9433333333333334,discard,2.654791
3206,3206,0.9433333333333334,discard,2.655369
3207,3207,0.9433333333333334,discard,2.655963
3208,3208,0.9433333333333334,request_rescan,2.656532
3209,3209,0.76,discard,2.657098
3210,3210,0.9433333333333334,request_rescan,2.657674
3211,3211,0.76,discard,2.658239
3212,3212,0.76,discard,2.658822
3213,3213,0.9433333333333334,request_rescan,2.659382
3214,3214,0.9433333333333334,request_rescan,2.659955
3215,3215,0.76,discard,2.660525
3216,3216,0.9433333333333334,discard,2.661105
3217,3217,0.76,discard,2.661672
3218,3218,0.9433333333333334,request_rescan,2.662262
3219,3219,0.9433333333333334,request_rescan,2.662822
3220,3220,0.9433333333333334,discard,2.663402
3221,3221,0.76,request_rescan,2.663962
3222,3222,0.9433333333333334,discard,2.664545
3223,3223,0.9433333333333334,request_rescan,2.66512
3224,3224,0.9433333333333334,discard,2.665694
3225,3225,0.9433333333333334,request_rescan,2.666277
3226,3226,0.9433333333333334,request_rescan,2.666835
3227,3227,0.9433333333333334,discard,2.667403
3228,3228,0.9433333333333334,discard,2.667954
3229,3229,0.9433333333333334,request_rescan,2.668513
3230,3230,0.9433333333333334,discard,2.669077
3231,3231,0.9433333333333334,request_rescan,2.669638
3232,3232,0.76,discard,2.6702
3233,3233,0.76,discard,2.670753
3234,3234,0.9433333333333334,request_rescan,2.671325
3235,3235,0.9433333333333334,discard,2.671897
3236,3236,0.6633333333333333,log_and_continue,2.67247
3237,3237,0.9433333333333334,discard,2.673049
3238,3238,0.9433333333333334,discard,2.67362
3239,3239,0.9433333333333334,discard,2.674196
3240,3240,0.9433333333333334,discard,2.67477
3241,3241,0.9433333333333334,request_rescan,2.675344
3242,3242,0.9433333333333334,discard,2.675906
3243,3243,0.9433333333333334,discard,2.676469
3244,3244,0.76,request_rescan,2.677031
3245,3245,0.9433333333333334,discard,2.6776
3246,3246,0.76,discard,2.678181
3247,3247,0.9433333333333334,discard,2.678732
3248,3248,0.9433333333333334,request_rescan,2.67949
3249,3249,0.9433333333333334,request_rescan,2.68035
3250,3250,0.9433333333333334,discard,2.681361
3251,3251,0.76,discard,2.681925
3252,3252,0.9433333333333334,discard,2.682493
3253,3253,0.9433333333333334,request_rescan,2.683056
3254,3254,0.9433333333333334,discard,2.68359
3255,3255,0.9433333333333334,request_rescan,2.684152
3256,3256,0.9433333333333334,discard,2.684692
3257,3257,0.9433333333333334,request_rescan,2.685484
3258,3258,0.9433333333333334,discard,2.686098
3259,3259,0.9433333333333334,discard,2.686668
3260,3260,0.76,request_rescan,2.687213
3261,3261,0.9433333333333334,request_rescan,2.687759
3262,3262,0.9433333333333334,discard,2.688323
3263,3263,0.76,discard,2.68888
3264,3264,0.9433333333333334,request_rescan,2.689417
3265,3265,0.76,discard,2.689968
3266,3266,0.9433333333333334,discard,2.690519
3267,3267,0.9433333333333334,discard,2.691195
3268,3268,0.76,discard,2.691745
3269,3269,0.9433333333333334,discard,2.692311
3270,3270,0.9433333333333334,request_rescan,2.692851
3271,3271,0.76,discard,2.693407
3272,3272,0.9433333333333334,request_rescan,2.693954
3273,3273,0.9433333333333334,discard,2.694508
3274,3274,0.9433333333333334,discard,2.695092
3275,3275,0.9433333333333334,request_rescan,2.695646
3276,3276,0.76,request_rescan,2.696185
3277,3277,0.9433333333333334,discard,2.696744
3278,3278,0.9433333333333334,discard,2.697293
3279,3279,0.9433333333333334,discard,2.697832
3280,3280,0.9433333333333334,discard,2.698361
3281,3281,0.9433333333333334,request_rescan,2.698889
3282,3282,0.9433333333333334,request_rescan,2.699428
3283,3283,0.9433333333333334,discard,2.699967
3284,3284,0.9433333333333334,request_rescan,2.700509
3285,3285,0.9433333333333334,discard,2.701053
3286,3286,0.76,discard,2.701582
3287,3287,0.9433333333333334,request_rescan,2.702122
3288,3288,0.9433333333333334,discard,2.702678
3289,3289,0.9433333333333334,request_rescan,2.703206
3290,3290,0.9433333333333334,request_rescan,2.703741
3291,3291,0.9433333333333334,discard,2.704268
3292,3292,0.76,request_rescan,2.704837
3293,3293,0.9433333333333334,request_rescan,2.705377
3294,3294,0.9433333333333334,discard,2.705924
3295,3295,0.9433333333333334,discard,2.706502
3296,3296,0.9433333333333334,discard,2.707048
3297,3297,0.9433333333333334,request_rescan,2.70758
3298,3298,0.76,discard,2.708116
3299,3299,0.9433333333333334,request_rescan,2.708673
3300,3300,0.76,discard,2.709253
3301,3301,0.9433333333333334,request_rescan,2.710802
3302,3302,0.9433333333333334,discard,2.711362
3303,3303,0.9433333333333334,request_rescan,2.711923
3304,3304,0.9433333333333334,discard,2.712476
3305,3305,0.9433333333333334,discard,2.713059
3306,3306,0.9433333333333334,discard,2.713625
3307,3307,0.76,request_rescan,2.714196
3308,3308,0.76,discard,2.714741
3309,3309,0.9433333333333334,discard,2.715299
3310,3310,0.76,request_rescan,2.716249
3311,3311,0.9433333333333334,discard,2.717217
3312,3312,0.9433333333333334,discard,2.717776
3313,3313,0.9433333333333334,discard,2.71834
3314,3314,0.9433333333333334,discard,2.718897
3315,3315,0.9433333333333334,request_rescan,2.719455
3316,3316,0.9433333333333334,request_rescan,2.72002
3317,3317,0.9433333333333334,discard,2.720589
3318,3318,0.76,discard,2.721149
3319,3319,0.76,request_rescan,2.721711
3320,3320,0.76,discard,2.722269
3321,3321,0.76,request_rescan,2.722842
3322,3322,0.9433333333333334,discard,2.723425
3323,3323,0.9433333333333334,request_rescan,2.723992
3324,3324,0.9433333333333334,discard,2.72455
3325,3325,0.9433333333333334,request_rescan,2.725125
3326,3326,0.9433333333333334,discard,2.725701
3327,3327,0.9433333333333334,request_rescan,2.726268
3328,3328,0.9433333333333334,discard,2.7269
3329,3329,0.76,discard,2.758696
3330,3330,0.9433333333333334,request_rescan,2.759315
3331,3331,0.9433333333333334,request_rescan,2.759894
3332,3332,0.9433333333333334,request_rescan,2.760484
3333,3333,0.76,request_rescan,2.761092
3334,3334,0.9433333333333334,request_rescan,2.761643
3335,3335,0.9433333333333334,request_rescan,2.762239
3336,3336,0.9433333333333334,request_rescan,2.762805
3337,3337,0.9433333333333334,request_rescan,2.763372
3338,3338,0.9433333333333334,discard,2.763945
3339,3339,0.76,request_rescan,2.764505
3340,3340,0.9433333333333334,request_rescan,2.765209
3341,3341,0.9433333333333334,discard,2.765775
3342,3342,0.9433333333333334,discard,2.766338
3343,3343,0.9433333333333334,request_rescan,2.766916
3344,3344,0.9433333333333334,request_rescan,2.76747
3345,3345,0.9433333333333334,request_rescan,2.768049
3346,3346,0.9433333333333334,discard,2.768605
3347,3347,0.76,request_rescan,2.769186
3348,3348,0.9433333333333334,discard,2.769761
3349,3349,0.9433333333333334,discard,2.770331
3350,3350,0.9433333333333334,discard,2.770906
3351,3351,0.9433333333333334,request_rescan,2.771473
3352,3352,0.9433333333333334,request_rescan,2.772048
3353,3353,0.76,discard,2.772606
3354,3354,0.9433333333333334,discard,2.773184
3355,3355,0.9433333333333334,request_rescan,2.773744
3356,3356,0.9433333333333334,request_rescan,2.774325
3357,3357,0.9433333333333334,request_rescan,2.774868
3358,3358,0.76,discard,2.775425
3359,3359,0.9433333333333334,discard,2.775982
3360,3360,0.76,request_rescan,2.776532
3361,3361,0.9433333333333334,discard,2.777096
3362,3362,0.9433333333333334,discard,2.777651
3363,3363,0.9433333333333334,discard,2.778219
3364,3364,0.9433333333333334,discard,2.778783
3365,3365,0.9433333333333334,discard,2.779668
3366,3366,0.9433333333333334,request_rescan,2.78072
3367,3367,0.9433333333333334,discard,2.781273
3368,3368,0.9433333333333334,discard,2.781839
3369,3369,0.9433333333333334,discard,2.7824
3370,3370,0.76,request_rescan,2.78297
3371,3371,0.9433333333333334,request_rescan,2.783622
3372,3372,0.9433333333333334,request_rescan,2.784215
3373,3373,0.76,request_rescan,2.784773
3374,3374,0.9433333333333334,discard,2.785342
3375,3375,0.76,request_rescan,2.785927
3376,3376,0.76,discard,2.786505
3377,3377,0.76,request_rescan,2.787084
3378,3378,0.76,discard,2.787635
3379,3379,0.76,discard,2.788205
3380,3380,0.9433333333333334,request_rescan,2.788755
3381,3381,0.9433333333333334,discard,2.789326
3382,3382,0.9433333333333334,request_rescan,2.789878
3383,3383,0.9433333333333334,discard,2.790438
3384,3384,0.9433333333333334,discard,2.790999
3385,3385,0.76,request_rescan,2.791554
3386,3386,0.9433333333333334,request_rescan,2.792122
3387,3387,0.9433333333333334,request_rescan,2.792668
3388,3388,0.9433333333333334,request_rescan,2.793235
3389,3389,0.9433333333333334,discard,2.793792
3390,3390,0.9433333333333334,discard,2.794356
3391,3391,0.9433333333333334,discard,2.794922
3392,3392,0.76,discard,2.795481
3393,3393,0.9433333333333334,discard,2.796048
3394,3394,0.9433333333333334,discard,2.796606
3395,3395,0.9433333333333334,discard,2.797174
3396,3396,0.76,request_rescan,2.797733
3397,3397,0.9433333333333334,discard,2.79831
3398,3398,0.9433333333333334,request_rescan,2.798864
3399,3399,0.9433333333333334,discard,2.799411
3400,3400,0.76,discard,2.799973
3401,3401,0.76,discard,2.801448
3402,3402,0.9433333333333334,discard,2.802012
3403,3403,0.9433333333333334,request_rescan,2.802573
3404,3404,0.76,request_rescan,2.803131
3405,3405,0.76,discard,2.80368
3406,3406,0.9433333333333334,discard,2.804245
3407,3407,0.9433333333333334,request_rescan,2.804807
3408,3408,0.9433333333333334,discard,2.805368
3409,3409,0.9433333333333334,request_rescan,2.805931
3410,3410,0.76,discard,2.806495
3411,3411,0.76,request_rescan,2.807077
3412,3412,0.9433333333333334,discard,2.807639
3413,3413,0.76,discard,2.808219
3414,3414,0.9433333333333334,discard,2.808804
3415,3415,0.9433333333333334,discard,2.809373
3416,3416,0.9433333333333334,discard,2.809933
3417,3417,0.9433333333333334,discard,2.810487
3418,3418,0.9433333333333334,request_rescan,2.811052
3419,3419,0.76,discard,2.811599
3420,3420,0.9433333333333334,request_rescan,2.812167
3421,3421,0.76,discard,2.812717
3422,3422,0.76,discard,2.813283
3423,3423,0.76,discard,2.813834
3424,3424,0.9433333333333334,request_rescan,2.814398
3425,3425,0.9433333333333334,discard,2.81495
3426,3426,0.9433333333333334,discard,2.81551
3427,3427,0.9433333333333334,request_rescan,2.816064
3428,3428,0.9433333333333334,request_rescan,2.81663
3429,3429,0.9433333333333334,discard,2.817185
3430,3430,0.9433333333333334,request_rescan,2.817751
3431,3431,0.9433333333333334,request_rescan,2.818324
3432,3432,0.9433333333333334,discard,2.818898
3433,3433,0.76,request_rescan,2.819703
3434,3434,0.76,request_rescan,2.820704
3435,3435,0.9433333333333334,discard,2.821489
3436,3436,0.9433333333333334,request_rescan,2.822052
3437,3437,0.9433333333333334,discard,2.822611
3438,3438,0.9433333333333334,discard,2.823183
3439,3439,0.9433333333333334,discard,2.823879
3440,3440,0.9433333333333334,discard,2.824475
3441,3441,0.9433333333333334,discard,2.825036
3442,3442,0.9433333333333334,discard,2.82559
3443,3443,0.9433333333333334,discard,2.826161
3444,3444,0.76,request_rescan,2.826732
3445,3445,0.76,request_rescan,2.82729
3446,3446,0.9433333333333334,discard,2.827853
3447,3447,0.9433333333333334,request_rescan,2.828427
3448,3448,0.76,discard,2.829005
3449,3449,0.9433333333333334,discard,2.830631
3450,3450,0.9433333333333334,discard,2.831273
3451,3451,0.9433333333333334,request_rescan,2.831848
3452,3452,0.9433333333333334,request_rescan,2.832487
3453,3453,0.9433333333333334,request_rescan,2.833104
3454,3454,0.9433333333333334,request_rescan,2.833664
3455,3455,0.9433333333333334,request_rescan,2.83424
3456,3456,0.9433333333333334,request_rescan,2.834801
3457,3457,0.76,discard,2.865192
3458,3458,0.76,request_rescan,2.865827
3459,3459,0.9433333333333334,request_rescan,2.866407
3460,3460,0.9433333333333334,request_rescan,2.86698
3461,3461,0.76,discard,2.867545
3462,3462,0.76,discard,2.868107
3463,3463,0.9433333333333334,request_rescan,2.868672
3464,3464,0.76,discard,2.869219
3465,3465,0.9433333333333334,discard,2.869779
3466,3466,0.9433333333333334,request_rescan,2.870333
3467,3467,0.9433333333333334,discard,2.8709
3468,3468,0.9433333333333334,discard,2.871448
3469,3469,0.9433333333333334,request_rescan,2.872014
3470,3470,0.76,discard,2.872596
3471,3471,0.9433333333333334,request_rescan,2.873155
3472,3472,0.76,request_rescan,2.873705
3473,3473,0.9433333333333334,discard,2.874278
3474,3474,0.9433333333333334,discard,2.874832
3475,3475,0.9433333333333334,discard,2.875392
3476,3476,0.9433333333333334,request_rescan,2.875953
3477,3477,0.9433333333333334,discard,2.876509
3478,3478,0.9433333333333334,discard,2.877075
3479,3479,0.76,discard,2.877635
3480,3480,0.9433333333333334,discard,2.878201
3481,3481,0.9433333333333334,request_rescan,2.878756
3482,3482,0.9433333333333334,request_rescan,2.87956
3483,3483,0.9433333333333334,request_rescan,2.880528
3484,3484,0.76,discard,2.881092
3485,3485,0.9433333333333334,request_rescan,2.88165
3486,3486,0.9433333333333334,discard,2.882209
3487,3487,0.9433333333333334,request_rescan,2.882783
3488,3488,0.9433333333333334,discard,2.88341
3489,3489,0.9433333333333334,request_rescan,2.883999
3490,3490,0.9433333333333334,request_rescan,2.884555
3491,3491,0.9433333333333334,discard,2.885122
3492,3492,0.76,request_rescan,2.885682
3493,3493,0.9433333333333334,request_rescan,2.886249
3494,3494,0.9433333333333334,request_rescan,2.8868
3495,3495,0.9433333333333334,request_rescan,2.887356
3496,3496,0.9433333333333334,request_rescan,2.887908
3497,3497,0.9433333333333334,request_rescan,2.888451
3498,3498,0.9433333333333334,request_rescan,2.889014
3499,3499,0.9433333333333334,discard,2.889553
3500,3500,0.9433333333333334,request_rescan,2.89013
3501,3501,0.9433333333333334,discard,2.891631
3502,3502,0.9433333333333334,request_rescan,2.892209
3503,3503,0.76,discard,2.892779
3504,3504,0.9433333333333334,request_rescan,2.893327
3505,3505,0.76,discard,2.893898
3506,3506,0.9433333333333334,request_rescan,2.894446
3507,3507,0.76,discard,2.895021
3508,3508,0.9433333333333334,discard,2.895571
3509,3509,0.9433333333333334,request_rescan,2.896129
3510,3510,0.9433333333333334,request_rescan,2.896694
3511,3511,0.9433333333333334,discard,2.897281
3512,3512,0.9433333333333334,request_rescan,2.897847
3513,3513,0.9433333333333334,discard,2.898417
3514,3514,0.76,discard,2.898981
3515,3515,0.9433333333333334,request_rescan,2.899555
3516,3516,0.76,discard,2.900143
3517,3517,0.9433333333333334,request_rescan,2.900705
3518,3518,0.9433333333333334,request_rescan,2.901253
3519,3519,0.76,discard,2.901817
3520,3520,0.9433333333333334,discard,2.902361
3521,3521,0.76,request_rescan,2.902919
3522,3522,0.76,discard,2.903459
3523,3523,0.76,discard,2.904021
3524,3524,0.9433333333333334,request_rescan,2.904594
3525,3525,0.9433333333333334,discard,2.905163
3526,3526,0.9433333333333334,discard,2.905709
3527,3527,0.9433333333333334,discard,2.906283
3528,3528,0.9433333333333334,request_rescan,2.90685
3529,3529,0.76,request_rescan,2.907461
3530,3530,0.76,discard,2.908096
3531,3531,0.76,discard,2.908684
3532,3532,0.9433333333333334,discard,2.909246
3533,3533,0.9433333333333334,discard,2.909801
3534,3534,0.9433333333333334,request_rescan,2.910376
3535,3535,0.76,request_rescan,2.910958
3536,3536,0.9433333333333334,discard,2.911527
3537,3537,0.76,request_rescan,2.912145
3538,3538,0.9433333333333334,request_rescan,2.912706
3539,3539,0.9433333333333334,request_rescan,2.913287
3540,3540,0.9433333333333334,request_rescan,2.913856
3541,3541,0.9433333333333334,request_rescan,2.914407
3542,3542,0.9433333333333334,discard,2.914996
3543,3543,0.9433333333333334,discard,2.915557
3544,3544,0.76,discard,2.916147
3545,3545,0.9433333333333334,request_rescan,2.916959
3546,3546,0.76,discard,2.917917
3547,3547,0.9433333333333334,request_rescan,2.91855
3548,3548,0.9433333333333334,discard,2.919113
3549,3549,0.9433333333333334,request_rescan,2.919674
3550,3550,0.9433333333333334,discard,2.920285
3551,3551,0.9433333333333334,request_rescan,2.920949
3552,3552,0.9433333333333334,request_rescan,2.921519
3553,3553,0.9433333333333334,discard,2.922097
3554,3554,0.9433333333333334,request_rescan,2.922653
3555,3555,0.9433333333333334,discard,2.923228
3556,3556,0.9433333333333334,discard,2.92379
3557,3557,0.9433333333333334,request_rescan,2.924357
3558,3558,0.76,discard,2.924926
3559,3559,0.76,request_rescan,2.925485
3560,3560,0.9433333333333334,request_rescan,2.926059
3561,3561,0.9433333333333334,discard,2.926609
3562,3562,0.76,request_rescan,2.927179
3563,3563,0.9433333333333334,request_rescan,2.927734
3564,3564,0.9433333333333334,request_rescan,2.928303
3565,3565,0.9433333333333334,discard,2.928884
3566,3566,0.9433333333333334,request_rescan,2.929698
3567,3567,0.9433333333333334,request_rescan,2.930263
3568,3568,0.76,discard,2.931726
3569,3569,0.9433333333333334,discard,2.932405
3570,3570,0.9433333333333334,discard,2.933142
3571,3571,0.9433333333333334,discard,2.933731
3572,3572,0.9433333333333334,request_rescan,2.9348
3573,3573,0.9433333333333334,request_rescan,2.935384
3574,3574,0.9433333333333334,request_rescan,2.935978
3575,3575,0.9433333333333334,discard,2.936527
3576,3576,0.9433333333333334,request_rescan,2.937109
3577,3577,0.9433333333333334,discard,2.937665
3578,3578,0.76,discard,2.938249
3579,3579,0.9433333333333334,request_rescan,2.938809
3580,3580,0.9433333333333334,discard,2.939381
3581,3581,0.9433333333333334,discard,2.939943
3582,3582,0.9433333333333334,request_rescan,2.940513
3583,3583,0.9433333333333334,request_rescan,2.941067
3584,3584,0.9433333333333334,discard,2.941628
3585,3585,0.9433333333333334,request_rescan,2.971955
3586,3586,0.9433333333333334,request_rescan,2.97267
3587,3587,0.9433333333333334,request_rescan,2.973253
3588,3588,0.9433333333333334,discard,2.973833
3589,3589,0.9433333333333334,request_rescan,2.974408
3590,3590,0.9433333333333334,request_rescan,2.974974
3591,3591,0.76,request_rescan,2.975541
3592,3592,0.9433333333333334,discard,2.976094
3593,3593,0.9433333333333334,discard,2.976654
3594,3594,0.9433333333333334,discard,2.977211
3595,3595,0.76,request_rescan,2.97778
3596,3596,0.76,discard,2.978336
3597,3597,0.9433333333333334,discard,2.978903
3598,3598,0.76,discard,2.979472
3599,3599,0.9433333333333334,request_rescan,2.980254
3600,3600,0.9433333333333334,request_rescan,2.980826
3601,3601,0.9433333333333334,discard,2.982274
3602,3602,0.9433333333333334,request_rescan,2.982972
3603,3603,0.9433333333333334,discard,2.983557
3604,3604,0.9433333333333334,discard,2.984229
3605,3605,0.9433333333333334,discard,2.985114
3606,3606,0.9433333333333334,request_rescan,2.985665
3607,3607,0.9433333333333334,request_rescan,2.986228
3608,3608,0.9433333333333334,request_rescan,2.986792
3609,3609,0.76,discard,2.987435
3610,3610,0.9433333333333334,request_rescan,2.988075
3611,3611,0.9433333333333334,discard,2.988657
3612,3612,0.9433333333333334,discard,2.989235
3613,3613,0.9433333333333334,discard,2.989802
3614,3614,0.9433333333333334,discard,2.990351
3615,3615,0.9433333333333334,discard,2.990912
3616,3616,0.9433333333333334,request_rescan,2.991465
3617,3617,0.9433333333333334,request_rescan,2.992025
3618,3618,0.76,request_rescan,2.992586
3619,3619,0.9433333333333334,request_rescan,2.993142
3620,3620,0.9433333333333334,discard,2.9937
3621,3621,0.9433333333333334,request_rescan,2.994257
3622,3622,0.76,discard,2.994825
3623,3623,0.9433333333333334,discard,2.995372
3624,3624,0.76,request_rescan,2.995923
3625,3625,0.76,discard,2.996476
3626,3626,0.9433333333333334,discard,2.99704
3627,3627,0.9433333333333334,discard,2.997596
3628,3628,0.76,discard,2.99818
3629,3629,0.9433333333333334,request_rescan,2.998776
3630,3630,0.9433333333333334,discard,2.999341
3631,3631,0.9433333333333334,discard,2.999907
3632,3632,0.76,request_rescan,3.000891
3633,3633,0.9433333333333334,discard,3.00191
3634,3634,0.76,discard,3.002457
3635,3635,0.76,discard,3.003025
3636,3636,0.76,request_rescan,3.003591
3637,3637,0.9433333333333334,discard,3.004231
3638,3638,0.9433333333333334,discard,3.004886
3639,3639,0.9433333333333334,request_rescan,3.005471
3640,3640,0.9433333333333334,request_rescan,3.006079
3641,3641,0.9433333333333334,discard,3.006626
3642,3642,0.9433333333333334,discard,3.007216
3643,3643,0.9433333333333334,discard,3.007762
3644,3644,0.9433333333333334,discard,3.008361
3645,3645,0.9433333333333334,request_rescan,3.008919
3646,3646,0.9433333333333334,request_rescan,3.009477
3647,3647,0.9433333333333334,request_rescan,3.010064
3648,3648,0.9433333333333334,discard,3.010615
3649,3649,0.9433333333333334,request_rescan,3.011195
3650,3650,0.76,request_rescan,3.011748
3651,3651,0.9433333333333334,request_rescan,3.012332
3652,3652,0.9433333333333334,discard,3.01291
3653,3653,0.9433333333333334,discard,3.013468
3654,3654,0.9433333333333334,request_rescan,3.014023
3655,3655,0.76,discard,3.014586
3656,3656,0.9433333333333334,discard,3.015142
3657,3657,0.76,request_rescan,3.01582
3658,3658,0.9433333333333334,discard,3.01639
3659,3659,0.9433333333333334,request_rescan,3.016954
3660,3660,0.9433333333333334,discard,3.017501
3661,3661,0.9433333333333334,request_rescan,3.018063
3662,3662,0.9433333333333334,request_rescan,3.018624
3663,3663,0.9433333333333334,discard,3.019183
3664,3664,0.76,discard,3.019733
3665,3665,0.9433333333333334,discard,3.020287
3666,3666,0.9433333333333334,request_rescan,3.020839
3667,3667,0.9433333333333334,discard,3.021406
3668,3668,0.9433333333333334,request_rescan,3.021959
3669,3669,0.76,discard,3.022517
3670,3670,0.9433333333333334,request_rescan,3.023081
3671,3671,0.9433333333333334,discard,3.023632
3672,3672,0.9433333333333334,request_rescan,3.024184
3673,3673,0.76,request_rescan,3.024736
3674,3674,0.9433333333333334,request_rescan,3.025298
3675,3675,0.9433333333333334,discard,3.02586
3676,3676,0.9433333333333334,request_rescan,3.026403
3677,3677,0.76,discard,3.026988
3678,3678,0.9433333333333334,discard,3.027527
3679,3679,0.9433333333333334,request_rescan,3.028107
3680,3680,0.9433333333333334,request_rescan,3.02892
3681,3681,0.9433333333333334,discard,3.029771
3682,3682,0.9433333333333334,discard,3.030326
3683,3683,0.76,request_rescan,3.030898
3684,3684,0.9433333333333334,discard,3.031459
3685,3685,0.9433333333333334,request_rescan,3.032048
3686,3686,0.9433333333333334,request_rescan,3.034846
3687,3687,0.76,discard,3.035907
3688,3688,0.9433333333333334,request_rescan,3.036625
3689,3689,0.9433333333333334,discard,3.0372
3690,3690,0.9433333333333334,request_rescan,3.037774
3691,3691,0.76,request_rescan,3.03836
3692,3692,0.9433333333333334,discard,3.038943
3693,3693,0.76,request_rescan,3.039504
3694,3694,0.76,discard,3.040086
3695,3695,0.9433333333333334,discard,3.040652
3696,3696,0.9433333333333334,discard,3.041228
3697,3697,0.76,request_rescan,3.041788
3698,3698,0.9433333333333334,discard,3.042352
3699,3699,0.9433333333333334,discard,3.042918
3700,3700,0.9433333333333334,request_rescan,3.043471
3701,3701,0.76,discard,3.044882
3702,3702,0.9433333333333334,discard,3.045437
3703,3703,0.9433333333333334,discard,3.046012
3704,3704,0.9433333333333334,request_rescan,3.046575
3705,3705,0.9433333333333334,request_rescan,3.047137
3706,3706,0.9433333333333334,discard,3.047697
3707,3707,0.9433333333333334,request_rescan,3.04827
3708,3708,0.9433333333333334,request_rescan,3.048831
3709,3709,0.9433333333333334,discard,3.049392
3710,3710,0.9433333333333334,discard,3.049955
3711,3711,0.9433333333333334,discard,3.05084
3712,3712,0.9433333333333334,discard,3.051856
3713,3713,0.9433333333333334,request_rescan,3.082199
3714,3714,0.76,discard,3.082817
3715,3715,0.9433333333333334,request_rescan,3.083398
3716,3716,0.9433333333333334,request_rescan,3.083972
3717,3717,0.9433333333333334,request_rescan,3.084885
3718,3718,0.9433333333333334,request_rescan,3.085454
3719,3719,0.9433333333333334,request_rescan,3.086012
3720,3720,0.9433333333333334,request_rescan,3.086573
3721,3721,0.9433333333333334,request_rescan,3.087124
3722,3722,0.9433333333333334,request_rescan,3.087685
3723,3723,0.9433333333333334,request_rescan,3.088242
3724,3724,0.9433333333333334,request_rescan,3.088895
3725,3725,0.9433333333333334,request_rescan,3.089441
3726,3726,0.9433333333333334,request_rescan,3.090014
3727,3727,0.9433333333333334,discard,3.090565
3728,3728,0.9433333333333334,discard,3.091128
3729,3729,0.9433333333333334,discard,3.091675
3730,3730,0.9433333333333334,discard,3.092241
3731,3731,0.9433333333333334,discard,3.092801
3732,3732,0.9433333333333334,request_rescan,3.09336
3733,3733,0.9433333333333334,discard,3.093914
3734,3734,0.76,discard,3.094474
3735,3735,0.9433333333333334,request_rescan,3.095031
3736,3736,0.9433333333333334,discard,3.095589
3737,3737,0.76,discard,3.096146
3738,3738,0.9433333333333334,request_rescan,3.096706
3739,3739,0.9433333333333334,discard,3.097278
3740,3740,0.9433333333333334,request_rescan,3.097838
3741,3741,0.9433333333333334,request_rescan,3.098391
3742,3742,0.9433333333333334,request_rescan,3.098942
3743,3743,0.9433333333333334,discard,3.099502
3744,3744,0.76,discard,3.10006
3745,3745,0.9433333333333334,request_rescan,3.100617
3746,3746,0.9433333333333334,request_rescan,3.101172
3747,3747,0.9433333333333334,discard,3.101726
3748,3748,0.9433333333333334,request_rescan,3.102288
3749,3749,0.9433333333333334,discard,3.102843
3750,3750,0.9433333333333334,request_rescan,3.103408
3751,3751,0.9433333333333334,discard,3.103961
3752,3752,0.76,discard,3.10452
3753,3753,0.9433333333333334,request_rescan,3.105073
3754,3754,0.76,discard,3.105622
3755,3755,0.9433333333333334,discard,3.106209
3756,3756,0.76,request_rescan,3.106747
3757,3757,0.76,request_rescan,3.107316
3758,3758,0.9433333333333334,discard,3.107866
3759,3759,0.76,request_rescan,3.108397
3760,3760,0.9433333333333334,discard,3.108962
3761,3761,0.9433333333333334,discard,3.109498
3762,3762,0.76,discard,3.110084
3763,3763,0.76,request_rescan,3.110652
3764,3764,0.76,discard,3.111246
3765,3765,0.9433333333333334,discard,3.111828
3766,3766,0.9433333333333334,discard,3.112376
3767,3767,0.9433333333333334,request_rescan,3.11293
3768,3768,0.9433333333333334,request_rescan,3.113477
3769,3769,0.9433333333333334,request_rescan,3.114063
3770,3770,0.9433333333333334,discard,3.114608
3771,3771,0.76,request_rescan,3.115157
3772,3772,0.76,request_rescan,3.115701
3773,3773,0.9433333333333334,request_rescan,3.116257
3774,3774,0.9433333333333334,request_rescan,3.116797
3775,3775,0.9433333333333334,request_rescan,3.117338
3776,3776,0.9433333333333334,discard,3.117883
3777,3777,0.9433333333333334,request_rescan,3.118438
3778,3778,0.76,request_rescan,3.118987
3779,3779,0.9433333333333334,discard,3.119522
3780,3780,0.76,request_rescan,3.120052
3781,3781,0.9433333333333334,discard,3.120576
3782,3782,0.9433333333333334,discard,3.121123
3783,3783,0.9433333333333334,request_rescan,3.121675
3784,3784,0.9433333333333334,request_rescan,3.122216
3785,3785,0.76,discard,3.122745
3786,3786,0.9433333333333334,request_rescan,3.12328
3787,3787,0.9433333333333334,discard,3.123832
3788,3788,0.9433333333333334,request_rescan,3.124354
3789,3789,0.9433333333333334,request_rescan,3.124895
3790,3790,0.9433333333333334,discard,3.125415
3791,3791,0.76,request_rescan,3.125965
3792,3792,0.9433333333333334,discard,3.126485
3793,3793,0.9433333333333334,request_rescan,3.127021
3794,3794,0.9433333333333334,discard,3.127571
3795,3795,0.9433333333333334,discard,3.128133
3796,3796,0.9433333333333334,discard,3.129045
3797,3797,0.9433333333333334,discard,3.129963
3798,3798,0.76,discard,3.13051
3799,3799,0.9433333333333334,request_rescan,3.131084
3800,3800,0.9433333333333334,discard,3.131625
3801,3801,0.9433333333333334,discard,3.133144
3802,3802,0.9433333333333334,discard,3.134953
3803,3803,0.9433333333333334,discard,3.135512
3804,3804,0.9433333333333334,discard,3.136095
3805,3805,0.9433333333333334,request_rescan,3.136638
3806,3806,0.9433333333333334,request_rescan,3.137218
3807,3807,0.9433333333333334,discard,3.137762
3808,3808,0.9433333333333334,discard,3.13832
3809,3809,0.9433333333333334,discard,3.138885
3810,3810,0.76,discard,3.139465
3811,3811,0.9433333333333334,discard,3.140039
3812,3812,0.9433333333333334,discard,3.140604
3813,3813,0.9433333333333334,discard,3.141174
3814,3814,0.9433333333333334,discard,3.141737
3815,3815,0.9433333333333334,request_rescan,3.142288
3816,3816,0.9433333333333334,discard,3.142835
3817,3817,0.9433333333333334,request_rescan,3.143399
3818,3818,0.76,request_rescan,3.143946
3819,3819,0.9433333333333334,discard,3.144509
3820,3820,0.9433333333333334,discard,3.145059
3821,3821,0.76,discard,3.145618
3822,3822,0.9433333333333334,discard,3.146169
3823,3823,0.76,discard,3.146741
3824,3824,0.9433333333333334,discard,3.147293
3825,3825,0.9433333333333334,request_rescan,3.147863
3826,3826,0.76,request_rescan,3.148424
3827,3827,0.9433333333333334,discard,3.14899
3828,3828,0.9433333333333334,request_rescan,3.149528
3829,3829,0.9433333333333334,discard,3.150087
3830,3830,0.9433333333333334,discard,3.150643
3831,3831,0.9433333333333334,request_rescan,3.151244
3832,3832,0.9433333333333334,discard,3.151838
3833,3833,0.76,discard,3.152836
3834,3834,0.9433333333333334,discard,3.153716
3835,3835,0.9433333333333334,discard,3.154344
3836,3836,0.9433333333333334,discard,3.154914
3837,3837,0.9433333333333334,request_rescan,3.155463
3838,3838,0.9433333333333334,discard,3.156035
3839,3839,0.9433333333333334,request_rescan,3.15658
3840,3840,0.9433333333333334,request_rescan,3.157151
3841,3841,0.76,discard,3.187286
3842,3842,0.9433333333333334,request_rescan,3.187933
3843,3843,0.9433333333333334,discard,3.18856
3844,3844,0.9433333333333334,discard,3.189248
3845,3845,0.76,request_rescan,3.189835
3846,3846,0.9433333333333334,request_rescan,3.190395
3847,3847,0.9433333333333334,request_rescan,3.190962
3848,3848,0.9433333333333334,request_rescan,3.191519
3849,3849,0.9433333333333334,discard,3.192088
3850,3850,0.76,discard,3.192644
3851,3851,0.9433333333333334,discard,3.193201
3852,3852,0.76,request_rescan,3.193756
3853,3853,0.9433333333333334,request_rescan,3.194335
3854,3854,0.9433333333333334,discard,3.194915
3855,3855,0.76,discard,3.195494
3856,3856,0.9433333333333334,request_rescan,3.196048
3857,3857,0.9433333333333334,request_rescan,3.196614
3858,3858,0.9433333333333334,request_rescan,3.197277
3859,3859,0.9433333333333334,request_rescan,3.19785
3860,3860,0.76,discard,3.198401
3861,3861,0.9433333333333334,request_rescan,3.198956
3862,3862,0.9433333333333334,discard,3.199518
3863,3863,0.9433333333333334,discard,3.200079
3864,3864,0.76,request_rescan,3.20063
3865,3865,0.9433333333333334,request_rescan,3.201184
3866,3866,0.9433333333333334,discard,3.201741
3867,3867,0.9433333333333334,discard,3.202293
3868,3868,0.9433333333333334,request_rescan,3.202857
3869,3869,0.76,request_rescan,3.203402
3870,3870,0.9433333333333334,discard,3.203966
3871,3871,0.9433333333333334,request_rescan,3.204518
3872,3872,0.9433333333333334,discard,3.205088
3873,3873,0.76,request_rescan,3.205644
3874,3874,0.9433333333333334,discard,3.20622
3875,3875,0.9433333333333334,request_rescan,3.206791
3876,3876,0.9433333333333334,request_rescan,3.207362
3877,3877,0.9433333333333334,request_rescan,3.2079
3878,3878,0.9433333333333334,request_rescan,3.208459
3879,3879,0.9433333333333334,discard,3.209006
3880,3880,0.9433333333333334,request_rescan,3.209579
3881,3881,0.9433333333333334,discard,3.210148
3882,3882,0.9433333333333334,request_rescan,3.210728
3883,3883,0.9433333333333334,discard,3.211296
3884,3884,0.9433333333333334,discard,3.211861
3885,3885,0.76,discard,3.2124
3886,3886,0.9433333333333334,discard,3.212951
3887,3887,0.9433333333333334,discard,3.213509
3888,3888,0.9433333333333334,discard,3.214089
3889,3889,0.9433333333333334,discard,3.21512
3890,3890,0.76,discard,3.216173
3891,3891,0.9433333333333334,discard,3.216728
3892,3892,0.9433333333333334,discard,3.217301
3893,3893,0.9433333333333334,request_rescan,3.217864
3894,3894,0.9433333333333334,discard,3.218418
3895,3895,0.76,request_rescan,3.218974
3896,3896,0.9433333333333334,request_rescan,3.21957
3897,3897,0.9433333333333334,request_rescan,3.220216
3898,3898,0.9433333333333334,request_rescan,3.220793
3899,3899,0.9433333333333334,request_rescan,3.221366
3900,3900,0.9433333333333334,request_rescan,3.221954
3901,3901,0.9433333333333334,discard,3.223514
3902,3902,0.9433333333333334,request_rescan,3.224095
3903,3903,0.9433333333333334,request_rescan,3.22466
3904,3904,0.9433333333333334,discard,3.225221
3905,3905,0.9433333333333334,request_rescan,3.22578
3906,3906,0.76,discard,3.226353
3907,3907,0.76,discard,3.226911
3908,3908,0.9433333333333334,request_rescan,3.227468
3909,3909,0.76,discard,3.228044
3910,3910,0.9433333333333334,discard,3.228876
3911,3911,0.9433333333333334,request_rescan,3.229443
3912,3912,0.9433333333333334,request_rescan,3.230018
3913,3913,0.9433333333333334,discard,3.23057
3914,3914,0.76,request_rescan,3.231138
3915,3915,0.9433333333333334,request_rescan,3.231821
3916,3916,0.9433333333333334,discard,3.232791
3917,3917,0.9433333333333334,discard,3.233354
3918,3918,0.9433333333333334,discard,3.233909
3919,3919,0.9433333333333334,discard,3.235366
3920,3920,0.9433333333333334,discard,3.235987
3921,3921,0.76,request_rescan,3.23654
3922,3922,0.9433333333333334,request_rescan,3.237092
3923,3923,0.76,discard,3.237654
3924,3924,0.9433333333333334,request_rescan,3.238226
3925,3925,0.9433333333333334,discard,3.238772
3926,3926,0.9433333333333334,discard,3.23933
3927,3927,0.9433333333333334,request_rescan,3.239884
3928,3928,0.9433333333333334,discard,3.240438
3929,3929,0.76,discard,3.24099
3930,3930,0.9433333333333334,request_rescan,3.241541
3931,3931,0.76,discard,3.242091
3932,3932,0.9433333333333334,discard,3.242648
3933,3933,0.9433333333333334,discard,3.2432
3934,3934,0.9433333333333334,request_rescan,3.243769
3935,3935,0.76,discard,3.244321
3936,3936,0.9433333333333334,discard,3.244883
3937,3937,0.76,discard,3.245439
3938,3938,0.9433333333333334,request_rescan,3.246013
3939,3939,0.76,request_rescan,3.246579
3940,3940,0.9433333333333334,discard,3.247134
3941,3941,0.9433333333333334,request_rescan,3.247688
3942,3942,0.9433333333333334,request_rescan,3.248247
3943,3943,0.76,request_rescan,3.24881
3944,3944,0.9433333333333334,discard,3.249361
3945,3945,0.9433333333333334,request_rescan,3.249918
3946,3946,0.9433333333333334,request_rescan,3.250471
3947,3947,0.76,discard,3.251039
3948,3948,0.9433333333333334,request_rescan,3.251584
3949,3949,0.9433333333333334,discard,3.252144
3950,3950,0.9433333333333334,discard,3.252691
3951,3951,0.9433333333333334,discard,3.253244
3952,3952,0.9433333333333334,discard,3.253815
3953,3953,0.9433333333333334,discard,3.254699
3954,3954,0.9433333333333334,request_rescan,3.255697
3955,3955,0.9433333333333334,request_rescan,3.256256
3956,3956,0.9433333333333334,request_rescan,3.256807
3957,3957,0.9433333333333334,discard,3.25736
3958,3958,0.9433333333333334,discard,3.257945
3959,3959,0.76,discard,3.258614
3960,3960,0.76,request_rescan,3.259195
3961,3961,0.9433333333333334,request_rescan,3.259774
3962,3962,0.9433333333333334,request_rescan,3.260344
3963,3963,0.9433333333333334,discard,3.260906
3964,3964,0.9433333333333334,request_rescan,3.261465
3965,3965,0.9433333333333334,request_rescan,3.262046
3966,3966,0.9433333333333334,request_rescan,3.262617
3967,3967,0.76,request_rescan,3.26319
3968,3968,0.9433333333333334,request_rescan,3.263749
3969,3969,0.76,request_rescan,3.293406
3970,3970,0.76,discard,3.294022
3971,3971,0.9433333333333334,discard,3.294591
3972,3972,0.9433333333333334,discard,3.295149
3973,3973,0.76,request_rescan,3.295726
3974,3974,0.9433333333333334,request_rescan,3.296602
3975,3975,0.9433333333333334,request_rescan,3.297177
3976,3976,0.9433333333333334,discard,3.297727
3977,3977,0.76,request_rescan,3.298298
3978,3978,0.9433333333333334,request_rescan,3.298855
3979,3979,0.9433333333333334,discard,3.299515
3980,3980,0.9433333333333334,request_rescan,3.30008
3981,3981,0.76,request_rescan,3.300641
3982,3982,0.9433333333333334,request_rescan,3.301705
3983,3983,0.9433333333333334,discard,3.302341
3984,3984,0.76,discard,3.302899
3985,3985,0.9433333333333334,request_rescan,3.303456
3986,3986,0.9433333333333334,discard,3.304023
3987,3987,0.9433333333333334,request_rescan,3.304579
3988,3988,0.76,request_rescan,3.305133
3989,3989,0.9433333333333334,request_rescan,3.305692
3990,3990,0.76,discard,3.306245
3991,3991,0.9433333333333334,request_rescan,3.306807
3992,3992,0.76,request_rescan,3.307365
3993,3993,0.9433333333333334,request_rescan,3.307923
3994,3994,0.76,request_rescan,3.308468
3995,3995,0.9433333333333334,request_rescan,3.309028
3996,3996,0.9433333333333334,discard,3.309569
3997,3997,0.9433333333333334,request_rescan,3.310139
3998,3998,0.76,request_rescan,3.310683
3999,3999,0.9433333333333334,request_rescan,3.311244
4000,4000,0.76,request_rescan,3.311813
4001,4001,0.9433333333333334,request_rescan,3.31328
4002,4002,0.9433333333333334,request_rescan,3.313835
4003,4003,0.9433333333333334,discard,3.314403
4004,4004,0.9433333333333334,request_rescan,3.314964
4005,4005,0.9433333333333334,discard,3.315514
4006,4006,0.9433333333333334,discard,3.316068
4007,4007,0.9433333333333334,request_rescan,3.316627
4008,4008,0.9433333333333334,request_rescan,3.317192
4009,4009,0.9433333333333334,discard,3.317774
4010,4010,0.9433333333333334,discard,3.318363
4011,4011,0.9433333333333334,request_rescan,3.31894
4012,4012,0.9433333333333334,discard,3.31952
4013,4013,0.9433333333333334,request_rescan,3.320086
4014,4014,0.9433333333333334,request_rescan,3.320641
4015,4015,0.9433333333333334,request_rescan,3.321203
4016,4016,0.76,request_rescan,3.321761
4017,4017,0.9433333333333334,discard,3.322318
4018,4018,0.9433333333333334,request_rescan,3.322886
4019,4019,0.9433333333333334,request_rescan,3.323432
4020,4020,0.76,request_rescan,3.323995
4021,4021,0.9433333333333334,request_rescan,3.324549
4022,4022,0.9433333333333334,request_rescan,3.325114
4023,4023,0.9433333333333334,request_rescan,3.325672
4024,4024,0.9433333333333334,request_rescan,3.326231
4025,4025,0.9433333333333334,discard,3.326791
4026,4026,0.9433333333333334,request_rescan,3.327343
4027,4027,0.9433333333333334,discard,3.327899
4028,4028,0.9433333333333334,request_rescan,3.328458
4029,4029,0.9433333333333334,request_rescan,3.329061
4030,4030,0.9433333333333334,discard,3.329719
4031,4031,0.76,discard,3.330289
4032,4032,0.9433333333333334,discard,3.33085
4033,4033,0.9433333333333334,request_rescan,3.331409
4034,4034,0.9433333333333334,discard,3.331996
4035,4035,0.9433333333333334,discard,3.332575
4036,4036,0.9433333333333334,discard,3.333135
4037,4037,0.9433333333333334,discard,3.334077
4038,4038,0.76,request_rescan,3.33495
4039,4039,0.9433333333333334,discard,3.336449
4040,4040,0.9433333333333334,discard,3.337079
4041,4041,0.76,discard,3.337641
4042,4042,0.9433333333333334,discard,3.338313
4043,4043,0.9433333333333334,discard,3.338887
4044,4044,0.9433333333333334,request_rescan,3.339469
4045,4045,0.9433333333333334,discard,3.340036
4046,4046,0.76,discard,3.340598
4047,4047,0.9433333333333334,request_rescan,3.341152
4048,4048,0.9433333333333334,request_rescan,3.3417
4049,4049,0.9433333333333334,request_rescan,3.342277
4050,4050,0.9433333333333334,request_rescan,3.342852
4051,4051,0.76,request_rescan,3.343437
4052,4052,0.9433333333333334,request_rescan,3.344008
4053,4053,0.76,discard,3.34456
4054,4054,0.9433333333333334,request_rescan,3.34513
4055,4055,0.9433333333333334,discard,3.345671
4056,4056,0.9433333333333334,discard,3.346217
4057,4057,0.76,request_rescan,3.346796
4058,4058,0.76,request_rescan,3.347348
4059,4059,0.9433333333333334,request_rescan,3.347915
4060,4060,0.9433333333333334,request_rescan,3.34848
4061,4061,0.9433333333333334,request_rescan,3.349033
4062,4062,0.76,discard,3.349588
4063,4063,0.9433333333333334,discard,3.350146
4064,4064,0.9433333333333334,discard,3.350695
4065,4065,0.9433333333333334,discard,3.351264
4066,4066,0.9433333333333334,discard,3.351813
4067,4067,0.9433333333333334,request_rescan,3.352382
4068,4068,0.9433333333333334,discard,3.353785
4069,4069,0.9433333333333334,discard,3.354342
4070,4070,0.9433333333333334,discard,3.3549
4071,4071,0.9433333333333334,discard,3.355464
4072,4072,0.9433333333333334,discard,3.356025
4073,4073,0.76,discard,3.35665
4074,4074,0.9433333333333334,discard,3.35725
4075,4075,0.9433333333333334,request_rescan,3.357818
4076,4076,0.9433333333333334,discard,3.358389
4077,4077,0.9433333333333334,discard,3.358951
4078,4078,0.9433333333333334,discard,3.359505
4079,4079,0.9433333333333334,request_rescan,3.360072
4080,4080,0.9433333333333334,request_rescan,3.360637
4081,4081,0.9433333333333334,request_rescan,3.361224
4082,4082,0.9433333333333334,request_rescan,3.36182
4083,4083,0.9433333333333334,discard,3.362369
4084,4084,0.9433333333333334,discard,3.362926
4085,4085,0.9433333333333334,request_rescan,3.36349
4086,4086,0.9433333333333334,request_rescan,3.364163
4087,4087,0.9433333333333334,discard,3.36475
4088,4088,0.76,request_rescan,3.365369
4089,4089,0.9433333333333334,discard,3.365942
4090,4090,0.9433333333333334,request_rescan,3.366491
4091,4091,0.9433333333333334,request_rescan,3.367061
4092,4092,0.9433333333333334,request_rescan,3.367616
4093,4093,0.9433333333333334,discard,3.368171
4094,4094,0.9433333333333334,discard,3.368725
4095,4095,0.9433333333333334,discard,3.369278
4096,4096,0.9433333333333334,discard,3.369842
4097,4097,0.9433333333333334,discard,3.399676
4098,4098,0.9433333333333334,discard,3.400651
4099,4099,0.76,discard,3.401313
4100,4100,0.9433333333333334,request_rescan,3.401875
4101,4101,0.76,discard,3.40338
4102,4102,0.9433333333333334,discard,3.404077
4103,4103,0.9433333333333334,request_rescan,3.404668
4104,4104,0.76,request_rescan,3.405248
4105,4105,0.9433333333333334,discard,3.405827
4106,4106,0.76,request_rescan,3.406398
4107,4107,0.9433333333333334,discard,3.406957
4108,4108,0.9433333333333334,discard,3.407511
4109,4109,0.9433333333333334,discard,3.408091
4110,4110,0.9433333333333334,request_rescan,3.408686
4111,4111,0.9433333333333334,request_rescan,3.409245
4112,4112,0.76,discard,3.409859
4113,4113,0.9433333333333334,discard,3.410414
4114,4114,0.9433333333333334,discard,3.411006
4115,4115,0.9433333333333334,request_rescan,3.411604
4116,4116,0.9433333333333334,request_rescan,3.412172
4117,4117,0.9433333333333334,request_rescan,3.41271
4118,4118,0.9433333333333334,discard,3.413271
4119,4119,0.9433333333333334,request_rescan,3.413814
4120,4120,0.9433333333333334,request_rescan,3.414367
4121,4121,0.76,request_rescan,3.414914
4122,4122,0.9433333333333334,discard,3.415465
4123,4123,0.9433333333333334,request_rescan,3.416014
4124,4124,0.9433333333333334,discard,3.416596
4125,4125,0.9433333333333334,request_rescan,3.417154
4126,4126,0.9433333333333334,discard,3.4177
4127,4127,0.9433333333333334,request_rescan,3.418248
4128,4128,0.9433333333333334,discard,3.418811
4129,4129,0.76,discard,3.4194
4130,4130,0.9433333333333334,request_rescan,3.420028
4131,4131,0.9433333333333334,discard,3.420598
4132,4132,0.9433333333333334,request_rescan,3.421172
4133,4133,0.9433333333333334,request_rescan,3.421739
4134,4134,0.9433333333333334,discard,3.422323
4135,4135,0.9433333333333334,discard,3.422885
4136,4136,0.9433333333333334,discard,3.423439
4137,4137,0.9433333333333334,discard,3.424012
4138,4138,0.9433333333333334,discard,3.424555
4139,4139,0.76,discard,3.425138
4140,4140,0.9433333333333334,discard,3.425692
4141,4141,0.9433333333333334,request_rescan,3.426262
4142,4142,0.76,request_rescan,3.426816
4143,4143,0.9433333333333334,discard,3.427383
4144,4144,0.9433333333333334,discard,3.427953
4145,4145,0.9433333333333334,discard,3.428528
4146,4146,0.9433333333333334,request_rescan,3.42912
4147,4147,0.9433333333333334,discard,3.429679
4148,4148,0.76,request_rescan,3.430242
4149,4149,0.9433333333333334,discard,3.430811
4150,4150,0.76,discard,3.431373
4151,4151,0.9433333333333334,request_rescan,3.431944
4152,4152,0.9433333333333334,discard,3.432545
4153,4153,0.9433333333333334,request_rescan,3.433528
4154,4154,0.9433333333333334,request_rescan,3.434549
4155,4155,0.9433333333333334,request_rescan,3.435127
4156,4156,0.9433333333333334,request_rescan,3.435684
4157,4157,0.9433333333333334,request_rescan,3.436268
4158,4158,0.9433333333333334,request_rescan,3.437895
4159,4159,0.76,request_rescan,3.438519
4160,4160,0.9433333333333334,request_rescan,3.439116
4161,4161,0.9433333333333334,discard,3.439667
4162,4162,0.9433333333333334,discard,3.440247
4163,4163,0.9433333333333334,discard,3.440799
4164,4164,0.9433333333333334,request_rescan,3.441365
4165,4165,0.9433333333333334,request_rescan,3.441919
4166,4166,0.76,discard,3.442476
4167,4167,0.76,discard,3.443049
4168,4168,0.9433333333333334,discard,3.443606
4169,4169,0.9433333333333334,discard,3.444163
4170,4170,0.9433333333333334,request_rescan,3.444712
4171,4171,0.9433333333333334,discard,3.445284
4172,4172,0.9433333333333334,discard,3.44584
4173,4173,0.9433333333333334,discard,3.446404
4174,4174,0.9433333333333334,discard,3.446968
4175,4175,0.9433333333333334,request_rescan,3.447763
4176,4176,0.9433333333333334,request_rescan,3.448317
4177,4177,0.9433333333333334,discard,3.448894
4178,4178,0.9433333333333334,discard,3.449445
4179,4179,0.9433333333333334,discard,3.450021
4180,4180,0.9433333333333334,discard,3.451104
4181,4181,0.9433333333333334,discard,3.45168
4182,4182,0.9433333333333334,discard,3.452254
4183,4183,0.76,request_rescan,3.452816
4184,4184,0.9433333333333334,discard,3.453373
4185,4185,0.9433333333333334,request_rescan,3.453942
4186,4186,0.9433333333333334,request_rescan,3.454502
4187,4187,0.9433333333333334,request_rescan,3.455062
4188,4188,0.9433333333333334,request_rescan,3.455616
4189,4189,0.9433333333333334,request_rescan,3.456174
4190,4190,0.76,discard,3.456732
4191,4191,0.76,discard,3.457286
4192,4192,0.9433333333333334,request_rescan,3.457858
4193,4193,0.9433333333333334,discard,3.458407
4194,4194,0.9433333333333334,discard,3.458954
4195,4195,0.9433333333333334,discard,3.459517
4196,4196,0.9433333333333334,discard,3.460088
4197,4197,0.9433333333333334,request_rescan,3.460632
4198,4198,0.9433333333333334,request_rescan,3.461209
4199,4199,0.9433333333333334,request_rescan,3.461774
4200,4200,0.9433333333333334,discard,3.462357
4201,4201,0.9433333333333334,request_rescan,3.463825
4202,4202,0.9433333333333334,request_rescan,3.464378
4203,4203,0.9433333333333334,request_rescan,3.464946
4204,4204,0.9433333333333334,request_rescan,3.465493
4205,4205,0.9433333333333334,request_rescan,3.466044
4206,4206,0.76,discard,3.4666
4207,4207,0.9433333333333334,discard,3.467167
4208,4208,0.9433333333333334,request_rescan,3.46772
4209,4209,0.9433333333333334,request_rescan,3.468286
4210,4210,0.76,request_rescan,3.468839
4211,4211,0.9433333333333334,request_rescan,3.469396
4212,4212,0.9433333333333334,discard,3.46996
4213,4213,0.9433333333333334,request_rescan,3.470531
4214,4214,0.9433333333333334,request_rescan,3.471087
4215,4215,0.9433333333333334,request_rescan,3.47165
4216,4216,0.9433333333333334,discard,3.472203
4217,4217,0.9433333333333334,discard,3.472778
4218,4218,0.9433333333333334,discard,3.473328
4219,4219,0.9433333333333334,request_rescan,3.473901
4220,4220,0.9433333333333334,discard,3.474451
4221,4221,0.9433333333333334,request_rescan,3.475012
4222,4222,0.9433333333333334,discard,3.475555
4223,4223,0.76,discard,3.476125
4224,4224,0.9433333333333334,discard,3.476671
4225,4225,0.9433333333333334,request_rescan,3.507845
4226,4226,0.9433333333333334,discard,3.508489
4227,4227,0.76,request_rescan,3.509067
4228,4228,0.9433333333333334,discard,3.509625
4229,4229,0.9433333333333334,discard,3.510189
4230,4230,0.9433333333333334,request_rescan,3.510765
4231,4231,0.9433333333333334,discard,3.511409
4232,4232,0.9433333333333334,request_rescan,3.51198
4233,4233,0.9433333333333334,request_rescan,3.512543
4234,4234,0.9433333333333334,request_rescan,3.513109
4235,4235,0.76,request_rescan,3.513687
4236,4236,0.9433333333333334,discard,3.514306
4237,4237,0.9433333333333334,request_rescan,3.514908
4238,4238,0.9433333333333334,request_rescan,3.515466
4239,4239,0.9433333333333334,request_rescan,3.516045
4240,4240,0.9433333333333334,request_rescan,3.516592
4241,4241,0.9433333333333334,request_rescan,3.517155
4242,4242,0.9433333333333334,discard,3.517731
4243,4243,0.9433333333333334,request_rescan,3.518587
4244,4244,0.9433333333333334,discard,3.519145
4245,4245,0.9433333333333334,discard,3.519708
4246,4246,0.76,request_rescan,3.520269
4247,4247,0.9433333333333334,request_rescan,3.520825
4248,4248,0.9433333333333334,discard,3.521389
4249,4249,0.9433333333333334,discard,3.521951
4250,4250,0.9433333333333334,discard,3.522508
4251,4251,0.9433333333333334,request_rescan,3.523076
4252,4252,0.9433333333333334,discard,3.523634
4253,4253,0.9433333333333334,discard,3.524211
4254,4254,0.76,discard,3.524756
4255,4255,0.9433333333333334,discard,3.525332
4256,4256,0.9433333333333334,request_rescan,3.525888
4257,4257,0.9433333333333334,request_rescan,3.526453
4258,4258,0.9433333333333334,request_rescan,3.527007
4259,4259,0.9433333333333334,discard,3.527572
4260,4260,0.9433333333333334,request_rescan,3.52814
4261,4261,0.9433333333333334,discard,3.529088
4262,4262,0.76,request_rescan,3.529655
4263,4263,0.9433333333333334,discard,3.530225
4264,4264,0.9433333333333334,discard,3.530789
4265,4265,0.9433333333333334,request_rescan,3.531359
4266,4266,0.76,discard,3.532032
4267,4267,0.76,request_rescan,3.532594
4268,4268,0.9433333333333334,discard,3.533164
4269,4269,0.9433333333333334,discard,3.533725
4270,4270,0.9433333333333334,request_rescan,3.534445
4271,4271,0.9433333333333334,discard,3.535363
4272,4272,0.9433333333333334,discard,3.535961
4273,4273,0.76,discard,3.536518
4274,4274,0.9433333333333334,request_rescan,3.537103
4275,4275,0.9433333333333334,discard,3.537659
4276,4276,0.76,discard,3.539316
4277,4277,0.9433333333333334,request_rescan,3.539874
4278,4278,0.76,discard,3.540433
4279,4279,0.9433333333333334,discard,3.54099
4280,4280,0.9433333333333334,request_rescan,3.541552
4281,4281,0.9433333333333334,discard,3.542106
4282,4282,0.9433333333333334,discard,3.542666
4283,4283,0.9433333333333334,request_rescan,3.543221
4284,4284,0.76,request_rescan,3.543778
4285,4285,0.9433333333333334,request_rescan,3.544343
4286,4286,0.76,discard,3.544896
4287,4287,0.76,request_rescan,3.545467
4288,4288,0.9433333333333334,request_rescan,3.546041
4289,4289,0.9433333333333334,discard,3.54659
4290,4290,0.9433333333333334,discard,3.547154
4291,4291,0.9433333333333334,discard,3.547707
4292,4292,0.9433333333333334,discard,3.548267
4293,4293,0.9433333333333334,request_rescan,3.548824
4294,4294,0.9433333333333334,discard,3.549364
4295,4295,0.9433333333333334,discard,3.549934
4296,4296,0.9433333333333334,discard,3.550487
4297,4297,0.9433333333333334,discard,3.551053
4298,4298,0.76,discard,3.5516
4299,4299,0.9433333333333334,discard,3.552167
4300,4300,0.9433333333333334,discard,3.552723
4301,4301,0.76,request_rescan,3.554191
4302,4302,0.9433333333333334,request_rescan,3.55476
4303,4303,0.9433333333333334,request_rescan,3.555352
4304,4304,0.9433333333333334,discard,3.555947
4305,4305,0.9433333333333334,discard,3.556628
4306,4306,0.9433333333333334,request_rescan,3.557217
4307,4307,0.76,request_rescan,3.557765
4308,4308,0.9433333333333334,discard,3.558347
4309,4309,0.9433333333333334,request_rescan,3.558891
4310,4310,0.9433333333333334,request_rescan,3.559464
4311,4311,0.9433333333333334,request_rescan,3.560037
4312,4312,0.76,request_rescan,3.560616
4313,4313,0.9433333333333334,discard,3.561188
4314,4314,0.76,discard,3.56174
4315,4315,0.9433333333333334,discard,3.562308
4316,4316,0.9433333333333334,request_rescan,3.562874
4317,4317,0.9433333333333334,request_rescan,3.563427
4318,4318,0.9433333333333334,discard,3.56398
4319,4319,0.9433333333333334,discard,3.564551
4320,4320,0.9433333333333334,discard,3.565131
4321,4321,0.9433333333333334,request_rescan,3.565685
4322,4322,0.9433333333333334,discard,3.566453
4323,4323,0.9433333333333334,discard,3.567437
4324,4324,0.9433333333333334,discard,3.568005
4325,4325,0.9433333333333334,request_rescan,3.56856
4326,4326,0.9433333333333334,request_rescan,3.569129
4327,4327,0.76,request_rescan,3.569686
4328,4328,0.9433333333333334,discard,3.570241
4329,4329,0.9433333333333334,request_rescan,3.570793
4330,4330,0.9433333333333334,request_rescan,3.571369
4331,4331,0.76,discard,3.571968
4332,4332,0.9433333333333334,request_rescan,3.572624
4333,4333,0.9433333333333334,request_rescan,3.573209
4334,4334,0.9433333333333334,discard,3.57378
4335,4335,0.9433333333333334,request_rescan,3.574347
4336,4336,0.9433333333333334,request_rescan,3.574915
4337,4337,0.9433333333333334,request_rescan,3.575465
4338,4338,0.9433333333333334,request_rescan,3.576016
4339,4339,0.9433333333333334,discard,3.576581
4340,4340,0.9433333333333334,request_rescan,3.577149
4341,4341,0.9433333333333334,discard,3.577715
4342,4342,0.76,request_rescan,3.578304
4343,4343,0.76,request_rescan,3.578884
4344,4344,0.9433333333333334,request_rescan,3.579462
4345,4345,0.9433333333333334,request_rescan,3.580038
4346,4346,0.9433333333333334,request_rescan,3.580607
4347,4347,0.9433333333333334,request_rescan,3.581167
4348,4348,0.9433333333333334,discard,3.581733
4349,4349,0.76,request_rescan,3.582291
4350,4350,0.9433333333333334,discard,3.582854
4351,4351,0.76,request_rescan,3.583666
4352,4352,0.9433333333333334,request_rescan,3.584507
4353,4353,0.9433333333333334,request_rescan,3.614731
4354,4354,0.76,discard,3.615369
4355,4355,0.9433333333333334,request_rescan,3.615934
4356,4356,0.76,discard,3.616501
4357,4357,0.9433333333333334,request_rescan,3.617069
4358,4358,0.76,request_rescan,3.617621
4359,4359,0.9433333333333334,request_rescan,3.618165
4360,4360,0.9433333333333334,request_rescan,3.618729
4361,4361,0.9433333333333334,discard,3.619282
4362,4362,0.76,discard,3.619865
4363,4363,0.9433333333333334,request_rescan,3.620414
4364,4364,0.9433333333333334,discard,3.620983
4365,4365,0.9433333333333334,request_rescan,3.621525
4366,4366,0.9433333333333334,request_rescan,3.622095
4367,4367,0.9433333333333334,request_rescan,3.622642
4368,4368,0.9433333333333334,request_rescan,3.62321
4369,4369,0.9433333333333334,request_rescan,3.623762
4370,4370,0.9433333333333334,request_rescan,3.624342
4371,4371,0.9433333333333334,discard,3.624899
4372,4372,0.9433333333333334,discard,3.625462
4373,4373,0.9433333333333334,discard,3.626033
4374,4374,0.9433333333333334,request_rescan,3.626589
4375,4375,0.9433333333333334,discard,3.627199
4376,4376,0.9433333333333334,request_rescan,3.627809
4377,4377,0.9433333333333334,request_rescan,3.628396
4378,4378,0.76,discard,3.629598
4379,4379,0.9433333333333334,request_rescan,3.630238
4380,4380,0.9433333333333334,discard,3.630793
4381,4381,0.9433333333333334,discard,3.631353
4382,4382,0.9433333333333334,request_rescan,3.631914
4383,4383,0.9433333333333334,request_rescan,3.632562
4384,4384,0.9433333333333334,request_rescan,3.633131
4385,4385,0.9433333333333334,request_rescan,3.633701
4386,4386,0.9433333333333334,discard,3.634261
4387,4387,0.9433333333333334,discard,3.634828
4388,4388,0.6633333333333333,log_and_continue,3.63539
4389,4389,0.9433333333333334,request_rescan,3.635948
4390,4390,0.9433333333333334,request_rescan,3.636498
4391,4391,0.9433333333333334,request_rescan,3.637065
4392,4392,0.9433333333333334,discard,3.63762
4393,4393,0.9433333333333334,discard,3.638184
4394,4394,0.9433333333333334,discard,3.639662
4395,4395,0.9433333333333334,request_rescan,3.640341
4396,4396,0.9433333333333334,request_rescan,3.640902
4397,4397,0.9433333333333334,discard,3.641464
4398,4398,0.9433333333333334,request_rescan,3.64202
4399,4399,0.9433333333333334,discard,3.64259
4400,4400,0.9433333333333334,discard,3.643153
4401,4401,0.9433333333333334,request_rescan,3.644542
4402,4402,0.9433333333333334,discard,3.645116
4403,4403,0.76,request_rescan,3.645692
4404,4404,0.76,request_rescan,3.646268
4405,4405,0.9433333333333334,discard,3.646839
4406,4406,0.9433333333333334,discard,3.647399
4407,4407,0.9433333333333334,request_rescan,3.64797
4408,4408,0.9433333333333334,discard,3.648522
4409,4409,0.9433333333333334,request_rescan,3.649087
4410,4410,0.76,discard,3.649639
4411,4411,0.9433333333333334,request_rescan,3.650199
4412,4412,0.9433333333333334,discard,3.650751
4413,4413,0.9433333333333334,discard,3.65131
4414,4414,0.9433333333333334,request_rescan,3.651865
4415,4415,0.9433333333333334,request_rescan,3.652427
4416,4416,0.9433333333333334,request_rescan,3.652984
4417,4417,0.9433333333333334,request_rescan,3.653542
4418,4418,0.9433333333333334,request_rescan,3.654093
4419,4419,0.9433333333333334,request_rescan,3.654636
4420,4420,0.9433333333333334,request_rescan,3.655213
4421,4421,0.76,request_rescan,3.655778
4422,4422,0.9433333333333334,discard,3.656427
4423,4423,0.9433333333333334,request_rescan,3.65699
4424,4424,0.9433333333333334,request_rescan,3.657555
4425,4425,0.9433333333333334,request_rescan,3.658123
4426,4426,0.9433333333333334,discard,3.658666
4427,4427,0.9433333333333334,discard,3.659236
4428,4428,0.76,request_rescan,3.659813
4429,4429,0.76,request_rescan,3.660392
4430,4430,0.9433333333333334,discard,3.660951
4431,4431,0.9433333333333334,discard,3.661523
4432,4432,0.9433333333333334,discard,3.6621
4433,4433,0.9433333333333334,request_rescan,3.662666
4434,4434,0.76,request_rescan,3.663238
4435,4435,0.9433333333333334,discard,3.663807
4436,4436,0.9433333333333334,discard,3.664361
4437,4437,0.9433333333333334,discard,3.664931
4438,4438,0.9433333333333334,request_rescan,3.665489
4439,4439,0.9433333333333334,request_rescan,3.666061
4440,4440,0.9433333333333334,request_rescan,3.666621
4441,4441,0.9433333333333334,request_rescan,3.667515
4442,4442,0.76,request_rescan,3.668524
4443,4443,0.9433333333333334,request_rescan,3.669086
4444,4444,0.9433333333333334,discard,3.66963
4445,4445,0.9433333333333334,request_rescan,3.670199
4446,4446,0.9433333333333334,request_rescan,3.670744
4447,4447,0.9433333333333334,discard,3.671415
4448,4448,0.9433333333333334,discard,3.671982
4449,4449,0.9433333333333334,request_rescan,3.67255
4450,4450,0.76,request_rescan,3.673104
4451,4451,0.9433333333333334,request_rescan,3.673657
4452,4452,0.76,request_rescan,3.674216
4453,4453,0.9433333333333334,request_rescan,3.67479
4454,4454,0.9433333333333334,discard,3.675339
4455,4455,0.9433333333333334,request_rescan,3.675905
4456,4456,0.9433333333333334,request_rescan,3.676455
4457,4457,0.9433333333333334,request_rescan,3.677022
4458,4458,0.9433333333333334,request_rescan,3.677562
4459,4459,0.9433333333333334,request_rescan,3.678144
4460,4460,0.9433333333333334,discard,3.678728
4461,4461,0.9433333333333334,request_rescan,3.679318
4462,4462,0.9433333333333334,request_rescan,3.68023
4463,4463,0.9433333333333334,request_rescan,3.68081
4464,4464,0.76,request_rescan,3.681373
4465,4465,0.76,discard,3.681935
4466,4466,0.9433333333333334,discard,3.682545
4467,4467,0.9433333333333334,discard,3.683137
4468,4468,0.9433333333333334,request_rescan,3.683711
4469,4469,0.9433333333333334,discard,3.684345
4470,4470,0.9433333333333334,request_rescan,3.68523
4471,4471,0.9433333333333334,discard,3.685792
4472,4472,0.9433333333333334,request_rescan,3.686356
4473,4473,0.9433333333333334,discard,3.686924
4474,4474,0.9433333333333334,request_rescan,3.687476
4475,4475,0.9433333333333334,discard,3.688044
4476,4476,0.9433333333333334,request_rescan,3.688596
4477,4477,0.76,request_rescan,3.689166
4478,4478,0.9433333333333334,request_rescan,3.689714
4479,4479,0.76,request_rescan,3.69029
4480,4480,0.9433333333333334,request_rescan,3.690848
4481,4481,0.76,discard,3.720623
4482,4482,0.9433333333333334,discard,3.721282
4483,4483,0.9433333333333334,request_rescan,3.721992
4484,4484,0.9433333333333334,discard,3.72257
4485,4485,0.9433333333333334,request_rescan,3.723141
4486,4486,0.9433333333333334,request_rescan,3.723707
4487,4487,0.76,request_rescan,3.724321
4488,4488,0.9433333333333334,discard,3.724913
4489,4489,0.9433333333333334,discard,3.725483
4490,4490,0.9433333333333334,request_rescan,3.72604
4491,4491,0.9433333333333334,request_rescan,3.726612
4492,4492,0.9433333333333334,discard,3.727207
4493,4493,0.9433333333333334,discard,3.727827
4494,4494,0.9433333333333334,discard,3.728395
4495,4495,0.9433333333333334,discard,3.729002
4496,4496,0.9433333333333334,request_rescan,3.729927
4497,4497,0.9433333333333334,discard,3.730496
4498,4498,0.9433333333333334,discard,3.731052
4499,4499,0.9433333333333334,request_rescan,3.73161
4500,4500,0.9433333333333334,request_rescan,3.732165
4501,4501,0.9433333333333334,discard,3.733673
4502,4502,0.9433333333333334,discard,3.734392
4503,4503,0.9433333333333334,request_rescan,3.73527
4504,4504,0.9433333333333334,request_rescan,3.735836
4505,4505,0.9433333333333334,request_rescan,3.736393
4506,4506,0.9433333333333334,discard,3.736961
4507,4507,0.9433333333333334,request_rescan,3.737513
4508,4508,0.9433333333333334,request_rescan,3.738079
4509,4509,0.9433333333333334,discard,3.738627
4510,4510,0.9433333333333334,request_rescan,3.739202
4511,4511,0.9433333333333334,discard,3.740646
4512,4512,0.9433333333333334,discard,3.741283
4513,4513,0.9433333333333334,request_rescan,3.741844
4514,4514,0.9433333333333334,discard,3.742398
4515,4515,0.76,request_rescan,3.742964
4516,4516,0.9433333333333334,discard,3.743523
4517,4517,0.9433333333333334,request_rescan,3.744083
4518,4518,0.9433333333333334,discard,3.744629
4519,4519,0.9433333333333334,discard,3.745195
4520,4520,0.9433333333333334,discard,3.745773
4521,4521,0.76,request_rescan,3.746333
4522,4522,0.76,request_rescan,3.746895
4523,4523,0.9433333333333334,request_rescan,3.747508
4524,4524,0.76,request_rescan,3.748157
4525,4525,0.76,request_rescan,3.748713
4526,4526,0.9433333333333334,discard,3.749287
4527,4527,0.9433333333333334,request_rescan,3.74985
4528,4528,0.9433333333333334,discard,3.750517
4529,4529,0.9433333333333334,discard,3.751113
4530,4530,0.9433333333333334,request_rescan,3.751678
4531,4531,0.9433333333333334,discard,3.752246
4532,4532,0.9433333333333334,request_rescan,3.752811
4533,4533,0.9433333333333334,request_rescan,3.753367
4534,4534,0.76,request_rescan,3.75393
4535,4535,0.9433333333333334,discard,3.754482
4536,4536,0.9433333333333334,request_rescan,3.755058
4537,4537,0.9433333333333334,request_rescan,3.755617
4538,4538,0.9433333333333334,request_rescan,3.756178
4539,4539,0.9433333333333334,discard,3.75674
4540,4540,0.9433333333333334,discard,3.757309
4541,4541,0.76,request_rescan,3.757869
4542,4542,0.9433333333333334,discard,3.75843
4543,4543,0.9433333333333334,discard,3.758987
4544,4544,0.9433333333333334,request_rescan,3.759529
4545,4545,0.9433333333333334,discard,3.760098
4546,4546,0.9433333333333334,discard,3.76064
4547,4547,0.9433333333333334,request_rescan,3.761223
4548,4548,0.9433333333333334,discard,3.761808
4549,4549,0.9433333333333334,discard,3.762379
4550,4550,0.9433333333333334,discard,3.762938
4551,4551,0.9433333333333334,request_rescan,3.7635
4552,4552,0.9433333333333334,request_rescan,3.764051
4553,4553,0.9433333333333334,request_rescan,3.764614
4554,4554,0.9433333333333334,request_rescan,3.76517
4555,4555,0.9433333333333334,discard,3.76574
4556,4556,0.76,discard,3.766398
4557,4557,0.9433333333333334,discard,3.766965
4558,4558,0.9433333333333334,discard,3.767525
4559,4559,0.9433333333333334,request_rescan,3.768099
4560,4560,0.9433333333333334,discard,3.768646
4561,4561,0.9433333333333334,request_rescan,3.769215
4562,4562,0.76,request_rescan,3.769757
4563,4563,0.9433333333333334,discard,3.770323
4564,4564,0.9433333333333334,request_rescan,3.770874
4565,4565,0.9433333333333334,request_rescan,3.771447
4566,4566,0.9433333333333334,discard,3.771998
4567,4567,0.9433333333333334,discard,3.77256
4568,4568,0.9433333333333334,request_rescan,3.773122
4569,4569,0.9433333333333334,discard,3.773686
4570,4570,0.9433333333333334,request_rescan,3.774232
4571,4571,0.9433333333333334,discard,3.774787
4572,4572,0.9433333333333334,discard,3.775341
4573,4573,0.9433333333333334,discard,3.77591
4574,4574,0.9433333333333334,discard,3.776458
4575,4575,0.9433333333333334,discard,3.777014
4576,4576,0.76,request_rescan,3.777562
4577,4577,0.9433333333333334,request_rescan,3.778136
4578,4578,0.9433333333333334,request_rescan,3.778693
4579,4579,0.9433333333333334,request_rescan,3.7796
4580,4580,0.76,request_rescan,3.780563
4581,4581,0.76,request_rescan,3.781135
4582,4582,0.9433333333333334,request_rescan,3.781677
4583,4583,0.9433333333333334,discard,3.782243
4584,4584,0.9433333333333334,discard,3.782805
4585,4585,0.76,request_rescan,3.783383
4586,4586,0.9433333333333334,discard,3.784043
4587,4587,0.9433333333333334,request_rescan,3.784618
4588,4588,0.9433333333333334,discard,3.785177
4589,4589,0.9433333333333334,discard,3.785731
4590,4590,0.9433333333333334,discard,3.786302
4591,4591,0.9433333333333334,discard,3.786865
4592,4592,0.9433333333333334,request_rescan,3.787424
4593,4593,0.9433333333333334,discard,3.787981
4594,4594,0.76,request_rescan,3.788544
4595,4595,0.9433333333333334,discard,3.789097
4596,4596,0.9433333333333334,request_rescan,3.789657
4597,4597,0.9433333333333334,request_rescan,3.790215
4598,4598,0.9433333333333334,request_rescan,3.790775
4599,4599,0.9433333333333334,discard,3.791319
4600,4600,0.9433333333333334,request_rescan,3.791864
4601,4601,0.9433333333333334,discard,3.793369
4602,4602,0.9433333333333334,request_rescan,3.793939
4603,4603,0.9433333333333334,request_rescan,3.79451
4604,4604,0.9433333333333334,request_rescan,3.795082
4605,4605,0.9433333333333334,discard,3.795637
4606,4606,0.76,discard,3.796198
4607,4607,0.9433333333333334,request_rescan,3.79676
4608,4608,0.9433333333333334,request_rescan,3.797316
4609,4609,0.9433333333333334,discard,3.827501
4610,4610,0.76,discard,3.828135
4611,4611,0.9433333333333334,request_rescan,3.828724
4612,4612,0.9433333333333334,request_rescan,3.829505
4613,4613,0.9433333333333334,discard,3.830081
4614,4614,0.9433333333333334,request_rescan,3.830629
4615,4615,0.9433333333333334,discard,3.831193
4616,4616,0.9433333333333334,discard,3.831747
4617,4617,0.9433333333333334,request_rescan,3.832311
4618,4618,0.9433333333333334,request_rescan,3.832867
4619,4619,0.9433333333333334,discard,3.833423
4620,4620,0.9433333333333334,request_rescan,3.83398
4621,4621,0.76,request_rescan,3.834548
4622,4622,0.9433333333333334,request_rescan,3.835479
4623,4623,0.76,discard,3.836114
4624,4624,0.76,discard,3.836667
4625,4625,0.9433333333333334,request_rescan,3.837235
4626,4626,0.9433333333333334,request_rescan,3.837782
4627,4627,0.76,discard,3.838349
4628,4628,0.9433333333333334,discard,3.838898
4629,4629,0.9433333333333334,request_rescan,3.839463
4630,4630,0.9433333333333334,discard,3.840022
4631,4631,0.76,request_rescan,3.840582
4632,4632,0.9433333333333334,request_rescan,3.842175
4633,4633,0.9433333333333334,request_rescan,3.842732
4634,4634,0.76,discard,3.843285
4635,4635,0.9433333333333334,request_rescan,3.843846
4636,4636,0.9433333333333334,discard,3.844394
4637,4637,0.9433333333333334,discard,3.844953
4638,4638,0.76,request_rescan,3.845501
4639,4639,0.9433333333333334,discard,3.846064
4640,4640,0.9433333333333334,discard,3.846615
4641,4641,0.9433333333333334,request_rescan,3.847167
4642,4642,0.9433333333333334,discard,3.847713
4643,4643,0.9433333333333334,discard,3.848271
4644,4644,0.9433333333333334,discard,3.84883
4645,4645,0.9433333333333334,discard,3.849407
4646,4646,0.9433333333333334,discard,3.849962
4647,4647,0.9433333333333334,discard,3.850526
4648,4648,0.9433333333333334,discard,3.851077
4649,4649,0.9433333333333334,discard,3.851634
4650,4650,0.9433333333333334,discard,3.852179
4651,4651,0.9433333333333334,discard,3.852733
4652,4652,0.9433333333333334,request_rescan,3.853283
4653,4653,0.9433333333333334,discard,3.853849
4654,4654,0.9433333333333334,request_rescan,3.854397
4655,4655,0.9433333333333334,discard,3.854948
4656,4656,0.9433333333333334,request_rescan,3.855527
4657,4657,0.9433333333333334,request_rescan,3.856081
4658,4658,0.9433333333333334,discard,3.856634
4659,4659,0.9433333333333334,request_rescan,3.857187
4660,4660,0.9433333333333334,request_rescan,3.857738
4661,4661,0.9433333333333334,request_rescan,3.858301
4662,4662,0.76,request_rescan,3.858862
4663,4663,0.9433333333333334,request_rescan,3.859443
4664,4664,0.9433333333333334,discard,3.860111
4665,4665,0.9433333333333334,discard,3.860656
4666,4666,0.9433333333333334,discard,3.861221
4667,4667,0.76,discard,3.861788
4668,4668,0.9433333333333334,request_rescan,3.862377
4669,4669,0.76,request_rescan,3.862982
4670,4670,0.9433333333333334,discard,3.863559
4671,4671,0.9433333333333334,request_rescan,3.864137
4672,4672,0.76,request_rescan,3.864724
4673,4673,0.9433333333333334,discard,3.865291
4674,4674,0.9433333333333334,request_rescan,3.865866
4675,4675,0.76,request_rescan,3.866582
4676,4676,0.76,request_rescan,3.867496
4677,4677,0.9433333333333334,discard,3.868057
4678,4678,0.9433333333333334,request_rescan,3.868603
4679,4679,0.9433333333333334,discard,3.869173
4680,4680,0.9433333333333334,request_rescan,3.869765
4681,4681,0.9433333333333334,discard,3.87041
4682,4682,0.9433333333333334,request_rescan,3.87099
4683,4683,0.9433333333333334,request_rescan,3.87154
4684,4684,0.9433333333333334,discard,3.87211
4685,4685,0.9433333333333334,discard,3.872658
4686,4686,0.9433333333333334,request_rescan,3.873252
4687,4687,0.9433333333333334,discard,3.873829
4688,4688,0.9433333333333334,discard,3.874388
4689,4689,0.9433333333333334,request_rescan,3.874954
4690,4690,0.9433333333333334,request_rescan,3.875513
4691,4691,0.9433333333333334,discard,3.876082
4692,4692,0.9433333333333334,request_rescan,3.876628
4693,4693,0.9433333333333334,request_rescan,3.877207
4694,4694,0.9433333333333334,discard,3.877774
4695,4695,0.9433333333333334,discard,3.87839
4696,4696,0.76,request_rescan,3.879001
4697,4697,0.9433333333333334,discard,3.87987
4698,4698,0.9433333333333334,discard,3.88043
4699,4699,0.9433333333333334,discard,3.88098
4700,4700,0.9433333333333334,request_rescan,3.88155
4701,4701,0.9433333333333334,discard,3.883116
4702,4702,0.76,request_rescan,3.884234
4703,4703,0.9433333333333334,discard,3.884805
4704,4704,0.9433333333333334,request_rescan,3.885353
4705,4705,0.9433333333333334,request_rescan,3.885911
4706,4706,0.9433333333333334,request_rescan,3.886456
4707,4707,0.9433333333333334,request_rescan,3.887006
4708,4708,0.9433333333333334,discard,3.887574
4709,4709,0.9433333333333334,request_rescan,3.888132
4710,4710,0.9433333333333334,request_rescan,3.888704
4711,4711,0.9433333333333334,discard,3.889266
4712,4712,0.76,discard,3.889821
4713,4713,0.9433333333333334,discard,3.890386
4714,4714,0.9433333333333334,request_rescan,3.890939
4715,4715,0.9433333333333334,request_rescan,3.891507
4716,4716,0.76,discard,3.892072
4717,4717,0.9433333333333334,request_rescan,3.892624
4718,4718,0.9433333333333334,discard,3.893189
4719,4719,0.9433333333333334,discard,3.893738
4720,4720,0.76,request_rescan,3.894311
4721,4721,0.9433333333333334,request_rescan,3.894864
4722,4722,0.9433333333333334,discard,3.895457
4723,4723,0.9433333333333334,request_rescan,3.896121
4724,4724,0.9433333333333334,request_rescan,3.896689
4725,4725,0.9433333333333334,request_rescan,3.897257
4726,4726,0.9433333333333334,discard,3.897813
4727,4727,0.9433333333333334,request_rescan,3.898386
4728,4728,0.76,request_rescan,3.899057
4729,4729,0.9433333333333334,request_rescan,3.899616
4730,4730,0.9433333333333334,request_rescan,3.900188
4731,4731,0.76,discard,3.90075
4732,4732,0.9433333333333334,discard,3.901324
4733,4733,0.9433333333333334,discard,3.901885
4734,4734,0.9433333333333334,discard,3.902445
4735,4735,0.9433333333333334,discard,3.903014
4736,4736,0.9433333333333334,request_rescan,3.903581
4737,4737,0.9433333333333334,request_rescan,3.932646
4738,4738,0.9433333333333334,request_rescan,3.933311
4739,4739,0.9433333333333334,request_rescan,3.933903
4740,4740,0.9433333333333334,request_rescan,3.934817
4741,4741,0.9433333333333334,request_rescan,3.936056
4742,4742,0.9433333333333334,discard,3.936684
4743,4743,0.9433333333333334,discard,3.937279
4744,4744,0.9433333333333334,request_rescan,3.937863
4745,4745,0.9433333333333334,discard,3.938424
4746,4746,0.9433333333333334,discard,3.939128
4747,4747,0.76,request_rescan,3.939713
4748,4748,0.9433333333333334,discard,3.940323
4749,4749,0.9433333333333334,discard,3.940891
4750,4750,0.9433333333333334,request_rescan,3.941444
4751,4751,0.9433333333333334,discard,3.943086
4752,4752,0.9433333333333334,discard,3.943704
4753,4753,0.9433333333333334,request_rescan,3.944253
4754,4754,0.76,request_rescan,3.944846
4755,4755,0.76,request_rescan,3.945409
4756,4756,0.9433333333333334,request_rescan,3.945957
4757,4757,0.9433333333333334,request_rescan,3.946493
4758,4758,0.9433333333333334,request_rescan,3.947049
4759,4759,0.9433333333333334,discard,3.947595
4760,4760,0.9433333333333334,discard,3.948153
4761,4761,0.9433333333333334,discard,3.948729
4762,4762,0.9433333333333334,discard,3.949329
4763,4763,0.9433333333333334,discard,3.94993
4764,4764,0.9433333333333334,discard,3.950529
4765,4765,0.76,discard,3.951097
4766,4766,0.9433333333333334,request_rescan,3.951676
4767,4767,0.9433333333333334,request_rescan,3.952244
4768,4768,0.9433333333333334,request_rescan,3.952791
4769,4769,0.76,request_rescan,3.953369
4770,4770,0.9433333333333334,discard,3.953916
4771,4771,0.9433333333333334,discard,3.954458
4772,4772,0.9433333333333334,request_rescan,3.955056
4773,4773,0.9433333333333334,discard,3.955591
4774,4774,0.9433333333333334,discard,3.956191
4775,4775,0.9433333333333334,request_rescan,3.956736
4776,4776,0.76,request_rescan,3.957314
4777,4777,0.76,discard,3.957851
4778,4778,0.9433333333333334,discard,3.958428
4779,4779,0.9433333333333334,discard,3.958974
4780,4780,0.9433333333333334,request_rescan,3.959514
4781,4781,0.9433333333333334,discard,3.960112
4782,4782,0.9433333333333334,request_rescan,3.960647
4783,4783,0.9433333333333334,discard,3.961285
4784,4784,0.9433333333333334,request_rescan,3.961901
4785,4785,0.9433333333333334,request_rescan,3.962516
4786,4786,0.9433333333333334,discard,3.963154
4787,4787,0.9433333333333334,request_rescan,3.963784
4788,4788,0.9433333333333334,request_rescan,3.964383
4789,4789,0.9433333333333334,discard,3.96497
4790,4790,0.9433333333333334,request_rescan,3.965529
4791,4791,0.9433333333333334,request_rescan,3.966498
4792,4792,0.9433333333333334,request_rescan,3.96743
4793,4793,0.9433333333333334,discard,3.968001
4794,4794,0.9433333333333334,discard,3.968544
4795,4795,0.9433333333333334,discard,3.969111
4796,4796,0.9433333333333334,discard,3.969662
4797,4797,0.9433333333333334,request_rescan,3.970221
4798,4798,0.9433333333333334,request_rescan,3.970803
4799,4799,0.9433333333333334,discard,3.971483
4800,4800,0.9433333333333334,request_rescan,3.972053
4801,4801,0.9433333333333334,request_rescan,3.973562
4802,4802,0.9433333333333334,request_rescan,3.974127
4803,4803,0.9433333333333334,discard,3.974694
4804,4804,0.9433333333333334,request_rescan,3.975242
4805,4805,0.9433333333333334,discard,3.975802
4806,4806,0.76,request_rescan,3.976351
4807,4807,0.9433333333333334,discard,3.97691
4808,4808,0.9433333333333334,request_rescan,3.977461
4809,4809,0.9433333333333334,discard,3.978021
4810,4810,0.9433333333333334,request_rescan,3.978588
4811,4811,0.9433333333333334,request_rescan,3.979185
4812,4812,0.76,discard,3.980117
4813,4813,0.9433333333333334,discard,3.980693
4814,4814,0.9433333333333334,discard,3.981256
4815,4815,0.9433333333333334,request_rescan,3.981825
4816,4816,0.76,request_rescan,3.982372
4817,4817,0.9433333333333334,discard,3.983029
4818,4818,0.9433333333333334,discard,3.983968
4819,4819,0.9433333333333334,discard,3.984533
4820,4820,0.9433333333333334,discard,3.985077
4821,4821,0.9433333333333334,discard,3.985636
4822,4822,0.9433333333333334,request_rescan,3.986191
4823,4823,0.9433333333333334,request_rescan,3.986743
4824,4824,0.76,discard,3.987331
4825,4825,0.9433333333333334,discard,3.987981
4826,4826,0.9433333333333334,request_rescan,3.988543
4827,4827,0.9433333333333334,discard,3.989116
4828,4828,0.9433333333333334,request_rescan,3.989668
4829,4829,0.9433333333333334,request_rescan,3.990233
4830,4830,0.9433333333333334,discard,3.990787
4831,4831,0.9433333333333334,discard,3.991336
4832,4832,0.9433333333333334,discard,3.9919
4833,4833,0.9433333333333334,discard,3.992455
4834,4834,0.76,discard,3.993015
4835,4835,0.9433333333333334,request_rescan,3.993571
4836,4836,0.9433333333333334,discard,3.994139
4837,4837,0.76,request_rescan,3.994687
4838,4838,0.9433333333333334,discard,3.995269
4839,4839,0.9433333333333334,discard,3.995838
4840,4840,0.9433333333333334,request_rescan,3.996398
4841,4841,0.9433333333333334,discard,3.996951
4842,4842,0.9433333333333334,request_rescan,3.997507
4843,4843,0.9433333333333334,discard,3.998066
4844,4844,0.76,request_rescan,3.998624
4845,4845,0.76,discard,3.999174
4846,4846,0.9433333333333334,discard,3.999738
4847,4847,0.9433333333333334,discard,4.000289
4848,4848,0.9433333333333334,request_rescan,4.000848
4849,4849,0.9433333333333334,request_rescan,4.001394
4850,4850,0.9433333333333334,request_rescan,4.001957
4851,4851,0.9433333333333334,request_rescan,4.002502
4852,4852,0.9433333333333334,discard,4.003069
4853,4853,0.9433333333333334,request_rescan,4.003613
4854,4854,0.9433333333333334,discard,4.004183
4855,4855,0.9433333333333334,request_rescan,4.004727
4856,4856,0.9433333333333334,discard,4.005277
4857,4857,0.9433333333333334,discard,4.005831
4858,4858,0.9433333333333334,request_rescan,4.006389
4859,4859,0.9433333333333334,discard,4.006942
4860,4860,0.9433333333333334,request_rescan,4.007493
4861,4861,0.9433333333333334,discard,4.008056
4862,4862,0.9433333333333334,discard,4.008607
4863,4863,0.9433333333333334,discard,4.009164
4864,4864,0.9433333333333334,discard,4.009708
4865,4865,0.9433333333333334,request_rescan,4.039484
4866,4866,0.9433333333333334,request_rescan,4.040108
4867,4867,0.9433333333333334,request_rescan,4.040656
4868,4868,0.9433333333333334,discard,4.041227
4869,4869,0.9433333333333334,request_rescan,4.041779
4870,4870,0.76,request_rescan,4.042343
4871,4871,0.9433333333333334,request_rescan,4.042896
4872,4872,0.9433333333333334,discard,4.04461
4873,4873,0.9433333333333334,request_rescan,4.0452
4874,4874,0.9433333333333334,discard,4.045749
4875,4875,0.76,request_rescan,4.046298
4876,4876,0.9433333333333334,discard,4.046861
4877,4877,0.9433333333333334,request_rescan,4.047413
4878,4878,0.9433333333333334,discard,4.047973
4879,4879,0.9433333333333334,discard,4.048514
4880,4880,0.9433333333333334,discard,4.049071
4881,4881,0.9433333333333334,discard,4.049617
4882,4882,0.9433333333333334,discard,4.050183
4883,4883,0.9433333333333334,request_rescan,4.050746
4884,4884,0.9433333333333334,request_rescan,4.051306
4885,4885,0.76,request_rescan,4.051876
4886,4886,0.9433333333333334,request_rescan,4.052422
4887,4887,0.9433333333333334,request_rescan,4.052973
4888,4888,0.9433333333333334,discard,4.053532
4889,4889,0.9433333333333334,discard,4.05409
4890,4890,0.76,request_rescan,4.054641
4891,4891,0.9433333333333334,request_rescan,4.0552
4892,4892,0.9433333333333334,discard,4.055749
4893,4893,0.9433333333333334,discard,4.056314
4894,4894,0.9433333333333334,discard,4.056868
4895,4895,0.9433333333333334,request_rescan,4.05743
4896,4896,0.9433333333333334,discard,4.057986
4897,4897,0.9433333333333334,discard,4.058544
4898,4898,0.9433333333333334,discard,4.059098
4899,4899,0.9433333333333334,discard,4.059653
4900,4900,0.9433333333333334,discard,4.060302
4901,4901,0.9433333333333334,discard,4.061812
4902,4902,0.76,request_rescan,4.062403
4903,4903,0.9433333333333334,request_rescan,4.062979
4904,4904,0.9433333333333334,request_rescan,4.063536
4905,4905,0.9433333333333334,discard,4.064104
4906,4906,0.9433333333333334,request_rescan,4.064691
4907,4907,0.9433333333333334,discard,4.065265
4908,4908,0.9433333333333334,request_rescan,4.066381
4909,4909,0.9433333333333334,discard,4.067024
4910,4910,0.9433333333333334,discard,4.067584
4911,4911,0.9433333333333334,discard,4.068157
4912,4912,0.9433333333333334,request_rescan,4.068715
4913,4913,0.76,discard,4.069275
4914,4914,0.76,request_rescan,4.069838
4915,4915,0.9433333333333334,request_rescan,4.070389
4916,4916,0.9433333333333334,request_rescan,4.070957
4917,4917,0.9433333333333334,discard,4.07151
4918,4918,0.9433333333333334,discard,4.07221
4919,4919,0.9433333333333334,request_rescan,4.072808
4920,4920,0.9433333333333334,discard,4.073385
4921,4921,0.9433333333333334,discard,4.073961
4922,4922,0.9433333333333334,discard,4.074513
4923,4923,0.9433333333333334,request_rescan,4.075091
4924,4924,0.9433333333333334,discard,4.075641
4925,4925,0.9433333333333334,request_rescan,4.076224
4926,4926,0.9433333333333334,request_rescan,4.076771
4927,4927,0.9433333333333334,request_rescan,4.077341
4928,4928,0.9433333333333334,discard,4.077914
4929,4929,0.9433333333333334,request_rescan,4.078499
4930,4930,0.9433333333333334,request_rescan,4.079077
4931,4931,0.9433333333333334,discard,4.079873
4932,4932,0.76,discard,4.080427
4933,4933,0.9433333333333334,request_rescan,4.080979
4934,4934,0.9433333333333334,request_rescan,4.081528
4935,4935,0.9433333333333334,discard,4.082088
4936,4936,0.9433333333333334,request_rescan,4.082975
4937,4937,0.9433333333333334,discard,4.083699
4938,4938,0.9433333333333334,discard,4.084277
4939,4939,0.9433333333333334,request_rescan,4.084825
4940,4940,0.9433333333333334,request_rescan,4.085396
4941,4941,0.9433333333333334,request_rescan,4.085954
4942,4942,0.9433333333333334,request_rescan,4.086503
4943,4943,0.9433333333333334,discard,4.087075
4944,4944,0.9433333333333334,discard,4.087626
4945,4945,0.9433333333333334,discard,4.088194
4946,4946,0.76,discard,4.088756
4947,4947,0.76,request_rescan,4.089313
4948,4948,0.9433333333333334,discard,4.089875
4949,4949,0.9433333333333334,request_rescan,4.090426
4950,4950,0.9433333333333334,request_rescan,4.090983
4951,4951,0.9433333333333334,request_rescan,4.091529
4952,4952,0.9433333333333334,request_rescan,4.092092
4953,4953,0.9433333333333334,request_rescan,4.092633
4954,4954,0.9433333333333334,discard,4.093193
4955,4955,0.9433333333333334,discard,4.093745
4956,4956,0.9433333333333334,discard,4.094299
4957,4957,0.9433333333333334,request_rescan,4.094865
4958,4958,0.9433333333333334,discard,4.095428
4959,4959,0.9433333333333334,request_rescan,4.095984
4960,4960,0.76,discard,4.096528
4961,4961,0.9433333333333334,request_rescan,4.097101
4962,4962,0.76,request_rescan,4.097661
4963,4963,0.76,request_rescan,4.098216
4964,4964,0.9433333333333334,request_rescan,4.098775
4965,4965,0.9433333333333334,discard,4.099327
4966,4966,0.76,discard,4.099881
4967,4967,0.9433333333333334,request_rescan,4.100419
4968,4968,0.9433333333333334,request_rescan,4.100982
4969,4969,0.9433333333333334,request_rescan,4.101524
4970,4970,0.76,request_rescan,4.102085
4971,4971,0.76,request_rescan,4.102626
4972,4972,0.9433333333333334,discard,4.103175
4973,4973,0.9433333333333334,request_rescan,4.103733
4974,4974,0.9433333333333334,request_rescan,4.104296
4975,4975,0.9433333333333334,discard,4.104853
4976,4976,0.9433333333333334,request_rescan,4.105394
4977,4977,0.9433333333333334,request_rescan,4.105975
4978,4978,0.76,request_rescan,4.10652
4979,4979,0.9433333333333334,discard,4.107109
4980,4980,0.76,request_rescan,4.107636
4981,4981,0.9433333333333334,discard,4.108219
4982,4982,0.9433333333333334,request_rescan,4.108775
4983,4983,0.9433333333333334,request_rescan,4.109358
4984,4984,0.9433333333333334,discard,4.109899
4985,4985,0.76,discard,4.110459
4986,4986,0.9433333333333334,request_rescan,4.111011
4987,4987,0.9433333333333334,request_rescan,4.11157
4988,4988,0.9433333333333334,request_rescan,4.112124
4989,4989,0.9433333333333334,discard,4.112681
4990,4990,0.9433333333333334,discard,4.11324
4991,4991,0.76,discard,4.113808
4992,4992,0.9433333333333334,discard,4.114377
4993,4993,0.9433333333333334,discard,4.145263
4994,4994,0.9433333333333334,request_rescan,4.146082
4995,4995,0.76,request_rescan,4.146646
4996,4996,0.9433333333333334,discard,4.147217
4997,4997,0.9433333333333334,request_rescan,4.147773
4998,4998,0.9433333333333334,discard,4.148343
4999,4999,0.9433333333333334,request_rescan,4.14891
5000,5000,0.76,request_rescan,4.149599
5001,5001,0.9433333333333334,request_rescan,4.151035
5002,5002,0.76,discard,4.151624
5003,5003,0.9433333333333334,discard,4.152425
5004,5004,0.9433333333333334,request_rescan,4.153055
5005,5005,0.9433333333333334,request_rescan,4.153614
5006,5006,0.9433333333333334,request_rescan,4.154171
5007,5007,0.9433333333333334,request_rescan,4.154735
5008,5008,0.9433333333333334,discard,4.155292
5009,5009,0.9433333333333334,discard,4.155859
5010,5010,0.9433333333333334,request_rescan,4.156416
5011,5011,0.9433333333333334,discard,4.156969
5012,5012,0.9433333333333334,request_rescan,4.15753
5013,5013,0.76,request_rescan,4.158084
5014,5014,0.9433333333333334,request_rescan,4.158652
5015,5015,0.9433333333333334,discard,4.159204
5016,5016,0.9433333333333334,request_rescan,4.159757
5017,5017,0.9433333333333334,request_rescan,4.160309
5018,5018,0.9433333333333334,discard,4.160869
5019,5019,0.9433333333333334,request_rescan,4.161425
5020,5020,0.9433333333333334,request_rescan,4.162039
5021,5021,0.9433333333333334,request_rescan,4.162694
5022,5022,0.9433333333333334,discard,4.16329
5023,5023,0.9433333333333334,request_rescan,4.163851
5024,5024,0.9433333333333334,discard,4.164425
5025,5025,0.9433333333333334,discard,4.164973
5026,5026,0.9433333333333334,discard,4.165545
5027,5027,0.9433333333333334,discard,4.166107
5028,5028,0.9433333333333334,request_rescan,4.166934
5029,5029,0.9433333333333334,request_rescan,4.167485
5030,5030,0.9433333333333334,request_rescan,4.168048
5031,5031,0.9433333333333334,request_rescan,4.168595
5032,5032,0.9433333333333334,request_rescan,4.169574
5033,5033,0.9433333333333334,request_rescan,4.170129
5034,5034,0.9433333333333334,discard,4.170694
5035,5035,0.9433333333333334,request_rescan,4.171242
5036,5036,0.9433333333333334,discard,4.171858
5037,5037,0.76,request_rescan,4.172478
5038,5038,0.9433333333333334,request_rescan,4.173053
5039,5039,0.9433333333333334,discard,4.173601
5040,5040,0.9433333333333334,request_rescan,4.174162
5041,5041,0.9433333333333334,discard,4.174714
5042,5042,0.9433333333333334,request_rescan,4.175267
5043,5043,0.9433333333333334,request_rescan,4.175827
5044,5044,0.9433333333333334,discard,4.176386
5045,5045,0.9433333333333334,discard,4.176944
5046,5046,0.9433333333333334,discard,4.177514
5047,5047,0.9433333333333334,discard,4.178109
5048,5048,0.9433333333333334,request_rescan,4.178963
5049,5049,0.9433333333333334,discard,4.179525
5050,5050,0.9433333333333334,request_rescan,4.180083
5051,5051,0.76,request_rescan,4.18065
5052,5052,0.9433333333333334,request_rescan,4.181228
5053,5053,0.76,request_rescan,4.18189
5054,5054,0.9433333333333334,discard,4.182456
5055,5055,0.9433333333333334,request_rescan,4.183024
5056,5056,0.9433333333333334,request_rescan,4.183576
5057,5057,0.9433333333333334,discard,4.184141
5058,5058,0.9433333333333334,request_rescan,4.184701
5059,5059,0.9433333333333334,request_rescan,4.185259
5060,5060,0.9433333333333334,request_rescan,4.186311
5061,5061,0.9433333333333334,discard,4.186887
5062,5062,0.9433333333333334,discard,4.187454
5063,5063,0.9433333333333334,discard,4.188009
5064,5064,0.9433333333333334,request_rescan,4.188566
5065,5065,0.9433333333333334,request_rescan,4.189121
5066,5066,0.9433333333333334,request_rescan,4.189682
5067,5067,0.9433333333333334,discard,4.190233
5068,5068,0.9433333333333334,request_rescan,4.19079
5069,5069,0.9433333333333334,request_rescan,4.191343
5070,5070,0.9433333333333334,discard,4.191901
5071,5071,0.9433333333333334,request_rescan,4.192457
5072,5072,0.9433333333333334,request_rescan,4.193011
5073,5073,0.9433333333333334,request_rescan,4.193574
5074,5074,0.9433333333333334,request_rescan,4.194144
5075,5075,0.9433333333333334,discard,4.194716
5076,5076,0.9433333333333334,request_rescan,4.195288
5077,5077,0.9433333333333334,request_rescan,4.195849
5078,5078,0.9433333333333334,discard,4.196415
5079,5079,0.9433333333333334,request_rescan,4.196966
5080,5080,0.9433333333333334,discard,4.197529
5081,5081,0.9433333333333334,discard,4.198076
5082,5082,0.9433333333333334,request_rescan,4.19864
5083,5083,0.9433333333333334,request_rescan,4.199198
5084,5084,0.76,request_rescan,4.199762
5085,5085,0.9433333333333334,request_rescan,4.200319
5086,5086,0.9433333333333334,request_rescan,4.200883
5087,5087,0.9433333333333334,request_rescan,4.201448
5088,5088,0.9433333333333334,discard,4.202009
5089,5089,0.9433333333333334,request_rescan,4.202572
5090,5090,0.9433333333333334,request_rescan,4.203123
5091,5091,0.9433333333333334,request_rescan,4.203681
5092,5092,0.9433333333333334,discard,4.204241
5093,5093,0.9433333333333334,request_rescan,4.204803
5094,5094,0.9433333333333334,request_rescan,4.205357
5095,5095,0.9433333333333334,discard,4.205922
5096,5096,0.9433333333333334,discard,4.206465
5097,5097,0.9433333333333334,request_rescan,4.207028
5098,5098,0.9433333333333334,request_rescan,4.207575
5099,5099,0.76,request_rescan,4.208127
5100,5100,0.9433333333333334,request_rescan,4.208689
5101,5101,0.76,discard,4.2102
5102,5102,0.9433333333333334,request_rescan,4.210778
5103,5103,0.9433333333333334,request_rescan,4.21138
5104,5104,0.9433333333333334,discard,4.211934
5105,5105,0.9433333333333334,discard,4.212495
5106,5106,0.76,request_rescan,4.213052
5107,5107,0.9433333333333334,request_rescan,4.213638
5108,5108,0.9433333333333334,request_rescan,4.214412
5109,5109,0.9433333333333334,discard,4.215447
5110,5110,0.9433333333333334,request_rescan,4.216006
5111,5111,0.9433333333333334,discard,4.216575
5112,5112,0.9433333333333334,discard,4.217126
5113,5113,0.9433333333333334,discard,4.217691
5114,5114,0.9433333333333334,request_rescan,4.218255
5115,5115,0.9433333333333334,discard,4.218879
5116,5116,0.9433333333333334,discard,4.219444
5117,5117,0.9433333333333334,discard,4.220011
5118,5118,0.9433333333333334,request_rescan,4.220602
5119,5119,0.9433333333333334,discard,4.221165
5120,5120,0.9433333333333334,discard,4.221714
5121,5121,0.9433333333333334,discard,4.253114
5122,5122,0.9433333333333334,request_rescan,4.254109
5123,5123,0.9433333333333334,request_rescan,4.254727
5124,5124,0.9433333333333334,discard,4.255324
5125,5125,0.9433333333333334,request_rescan,4.255888
5126,5126,0.9433333333333334,request_rescan,4.256473
5127,5127,0.76,discard,4.257042
5128,5128,0.9433333333333334,request_rescan,4.257646
5129,5129,0.9433333333333334,request_rescan,4.258347
5130,5130,0.9433333333333334,request_rescan,4.258943
5131,5131,0.9433333333333334,discard,4.259506
5132,5132,0.9433333333333334,discard,4.260086
5133,5133,0.76,request_rescan,4.260639
5134,5134,0.9433333333333334,request_rescan,4.261209
5135,5135,0.9433333333333334,discard,4.261772
5136,5136,0.76,request_rescan,4.262363
5137,5137,0.76,request_rescan,4.262944
5138,5138,0.76,discard,4.263503
5139,5139,0.9433333333333334,discard,4.264064
5140,5140,0.9433333333333334,request_rescan,4.264618
5141,5141,0.9433333333333334,discard,4.265177
5142,5142,0.9433333333333334,discard,4.265726
5143,5143,0.9433333333333334,discard,4.266292
5144,5144,0.9433333333333334,request_rescan,4.266848
5145,5145,0.9433333333333334,discard,4.267417
5146,5146,0.9433333333333334,discard,4.267972
5147,5147,0.9433333333333334,request_rescan,4.26854
5148,5148,0.9433333333333334,discard,4.26911
5149,5149,0.76,request_rescan,4.269666
5150,5150,0.9433333333333334,discard,4.270236
5151,5151,0.76,discard,4.270797
5152,5152,0.9433333333333334,request_rescan,4.271358
5153,5153,0.9433333333333334,discard,4.271929
5154,5154,0.9433333333333334,discard,4.272491
5155,5155,0.9433333333333334,request_rescan,4.273048
5156,5156,0.9433333333333334,discard,4.273617
5157,5157,0.9433333333333334,request_rescan,4.274174
5158,5158,0.9433333333333334,discard,4.274729
5159,5159,0.9433333333333334,request_rescan,4.275285
5160,5160,0.76,discard,4.275891
5161,5161,0.9433333333333334,request_rescan,4.276504
5162,5162,0.9433333333333334,request_rescan,4.277073
5163,5163,0.76,request_rescan,4.277628
5164,5164,0.76,request_rescan,4.278218
5165,5165,0.9433333333333334,request_rescan,4.279106
5166,5166,0.9433333333333334,request_rescan,4.280058
5167,5167,0.9433333333333334,request_rescan,4.280601
5168,5168,0.9433333333333334,discard,4.281158
5169,5169,0.9433333333333334,request_rescan,4.281707
5170,5170,0.9433333333333334,request_rescan,4.282277
5171,5171,0.9433333333333334,discard,4.28284
5172,5172,0.9433333333333334,request_rescan,4.283404
5173,5173,0.9433333333333334,discard,4.284085
5174,5174,0.9433333333333334,discard,4.284657
5175,5175,0.9433333333333334,request_rescan,4.28525
5176,5176,0.9433333333333334,discard,4.285813
5177,5177,0.9433333333333334,request_rescan,4.286378
5178,5178,0.9433333333333334,request_rescan,4.286945
5179,5179,0.9433333333333334,request_rescan,4.287503
5180,5180,0.9433333333333334,request_rescan,4.28808
5181,5181,0.9433333333333334,discard,4.288631
5182,5182,0.9433333333333334,request_rescan,4.2892
5183,5183,0.9433333333333334,request_rescan,4.289752
5184,5184,0.76,request_rescan,4.290307
5185,5185,0.76,discard,4.290865
5186,5186,0.9433333333333334,discard,4.291418
5187,5187,0.9433333333333334,discard,4.291975
5188,5188,0.9433333333333334,discard,4.292529
5189,5189,0.9433333333333334,discard,4.293097
5190,5190,0.9433333333333334,discard,4.293668
5191,5191,0.76,request_rescan,4.294228
5192,5192,0.9433333333333334,request_rescan,4.294803
5193,5193,0.9433333333333334,discard,4.295355
5194,5194,0.9433333333333334,request_rescan,4.295931
5195,5195,0.9433333333333334,discard,4.29648
5196,5196,0.9433333333333334,request_rescan,4.297055
5197,5197,0.9433333333333334,request_rescan,4.297602
5198,5198,0.9433333333333334,request_rescan,4.298168
5199,5199,0.76,discard,4.298721
5200,5200,0.9433333333333334,request_rescan,4.299285
5201,5201,0.9433333333333334,discard,4.300752
5202,5202,0.9433333333333334,discard,4.301318
5203,5203,0.9433333333333334,request_rescan,4.301885
5204,5204,0.9433333333333334,discard,4.302449
5205,5205,0.9433333333333334,request_rescan,4.303044
5206,5206,0.9433333333333334,discard,4.303611
5207,5207,0.9433333333333334,request_rescan,4.304174
5208,5208,0.9433333333333334,discard,4.304742
5209,5209,0.9433333333333334,discard,4.305296
5210,5210,0.9433333333333334,discard,4.305862
5211,5211,0.9433333333333334,discard,4.306427
5212,5212,0.9433333333333334,request_rescan,4.306997
5213,5213,0.9433333333333334,discard,4.307554
5214,5214,0.9433333333333334,request_rescan,4.308112
5215,5215,0.9433333333333334,discard,4.30866
5216,5216,0.9433333333333334,discard,4.309222
5217,5217,0.9433333333333334,discard,4.309784
5218,5218,0.9433333333333334,request_rescan,4.310337
5219,5219,0.9433333333333334,request_rescan,4.310893
5220,5220,0.76,request_rescan,4.311457
5221,5221,0.9433333333333334,request_rescan,4.312022
5222,5222,0.9433333333333334,request_rescan,4.31258
5223,5223,0.9433333333333334,discard,4.313144
5224,5224,0.9433333333333334,request_rescan,4.313708
5225,5225,0.9433333333333334,discard,4.314266
5226,5226,0.9433333333333334,discard,4.314836
5227,5227,0.9433333333333334,discard,4.315392
5228,5228,0.9433333333333334,request_rescan,4.315958
5229,5229,0.9433333333333334,request_rescan,4.316526
5230,5230,0.9433333333333334,discard,4.31711
5231,5231,0.9433333333333334,discard,4.317697
5232,5232,0.9433333333333334,request_rescan,4.318517
5233,5233,0.9433333333333334,discard,4.319442
5234,5234,0.9433333333333334,discard,4.320066
5235,5235,0.9433333333333334,request_rescan,4.320628
5236,5236,0.9433333333333334,request_rescan,4.321177
5237,5237,0.9433333333333334,discard,4.321739
5238,5238,0.9433333333333334,discard,4.322298
5239,5239,0.9433333333333334,discard,4.322859
5240,5240,0.9433333333333334,discard,4.323415
5241,5241,0.9433333333333334,request_rescan,4.324084
5242,5242,0.9433333333333334,discard,4.324664
5243,5243,0.76,request_rescan,4.325234
5244,5244,0.9433333333333334,request_rescan,4.325803
5245,5245,0.9433333333333334,request_rescan,4.326372
5246,5246,0.9433333333333334,discard,4.326933
5247,5247,0.9433333333333334,discard,4.327518
5248,5248,0.9433333333333334,request_rescan,4.328121
5249,5249,0.9433333333333334,discard,4.360037
5250,5250,0.9433333333333334,discard,4.360674
5251,5251,0.9433333333333334,discard,4.361252
5252,5252,0.9433333333333334,request_rescan,4.361812
5253,5253,0.9433333333333334,discard,4.362386
5254,5254,0.76,request_rescan,4.362956
5255,5255,0.9433333333333334,discard,4.363514
5256,5256,0.9433333333333334,request_rescan,4.364096
5257,5257,0.9433333333333334,discard,4.364652
5258,5258,0.9433333333333334,discard,4.36523
5259,5259,0.9433333333333334,request_rescan,4.36579
5260,5260,0.9433333333333334,request_rescan,4.366488
5261,5261,0.9433333333333334,discard,4.367058
5262,5262,0.9433333333333334,discard,4.367624
5263,5263,0.9433333333333334,discard,4.368181
5264,5264,0.9433333333333334,request_rescan,4.368747
5265,5265,0.9433333333333334,discard,4.369303
5266,5266,0.9433333333333334,request_rescan,4.36986
5267,5267,0.9433333333333334,request_rescan,4.370427
5268,5268,0.9433333333333334,request_rescan,4.370998
5269,5269,0.9433333333333334,request_rescan,4.371553
5270,5270,0.9433333333333334,request_rescan,4.372125
5271,5271,0.9433333333333334,discard,4.372675
5272,5272,0.9433333333333334,discard,4.373218
5273,5273,0.9433333333333334,discard,4.373789
5274,5274,0.76,discard,4.374343
5275,5275,0.9433333333333334,request_rescan,4.374912
5276,5276,0.9433333333333334,discard,4.375475
5277,5277,0.9433333333333334,discard,4.376035
5278,5278,0.9433333333333334,discard,4.376592
5279,5279,0.9433333333333334,discard,4.377165
5280,5280,0.9433333333333334,request_rescan,4.377742
5281,5281,0.76,discard,4.378565
5282,5282,0.9433333333333334,request_rescan,4.379516
5283,5283,0.9433333333333334,request_rescan,4.380146
5284,5284,0.9433333333333334,discard,4.380691
5285,5285,0.9433333333333334,discard,4.381261
5286,5286,0.76,discard,4.381837
5287,5287,0.9433333333333334,discard,4.38251
5288,5288,0.9433333333333334,discard,4.38307
5289,5289,0.76,discard,4.383624
5290,5290,0.9433333333333334,request_rescan,4.384179
5291,5291,0.9433333333333334,request_rescan,4.384738
5292,5292,0.9433333333333334,request_rescan,4.385287
5293,5293,0.76,discard,4.385849
5294,5294,0.9433333333333334,request_rescan,4.386393
5295,5295,0.9433333333333334,request_rescan,4.386954
5296,5296,0.9433333333333334,request_rescan,4.387499
5297,5297,0.9433333333333334,discard,4.388081
5298,5298,0.9433333333333334,discard,4.388629
5299,5299,0.9433333333333334,request_rescan,4.389196
5300,5300,0.9433333333333334,request_rescan,4.389749
5301,5301,0.9433333333333334,discard,4.391332
5302,5302,0.9433333333333334,discard,4.391901
5303,5303,0.9433333333333334,discard,4.392466
5304,5304,0.9433333333333334,discard,4.393028
5305,5305,0.9433333333333334,discard,4.393581
5306,5306,0.9433333333333334,discard,4.394145
5307,5307,0.9433333333333334,request_rescan,4.394693
5308,5308,0.9433333333333334,request_rescan,4.395258
5309,5309,0.9433333333333334,discard,4.395812
5310,5310,0.9433333333333334,discard,4.396361
5311,5311,0.9433333333333334,discard,4.396931
5312,5312,0.9433333333333334,request_rescan,4.39748
5313,5313,0.9433333333333334,request_rescan,4.398076
5314,5314,0.9433333333333334,discard,4.398645
5315,5315,0.9433333333333334,discard,4.399204
5316,5316,0.9433333333333334,request_rescan,4.399757
5317,5317,0.9433333333333334,request_rescan,4.400314
5318,5318,0.9433333333333334,request_rescan,4.400883
5319,5319,0.9433333333333334,request_rescan,4.401433
5320,5320,0.9433333333333334,discard,4.402043
5321,5321,0.9433333333333334,request_rescan,4.402704
5322,5322,0.9433333333333334,discard,4.403286
5323,5323,0.76,discard,4.403843
5324,5324,0.9433333333333334,discard,4.404402
5325,5325,0.9433333333333334,request_rescan,4.404949
5326,5326,0.9433333333333334,request_rescan,4.405513
5327,5327,0.9433333333333334,request_rescan,4.406065
5328,5328,0.9433333333333334,request_rescan,4.406627
5329,5329,0.76,discard,4.407179
5330,5330,0.76,discard,4.407739
5331,5331,0.9433333333333334,request_rescan,4.408292
5332,5332,0.9433333333333334,request_rescan,4.408854
5333,5333,0.9433333333333334,request_rescan,4.409407
5334,5334,0.9433333333333334,discard,4.409982
5335,5335,0.9433333333333334,discard,4.410531
5336,5336,0.9433333333333334,request_rescan,4.411104
5337,5337,0.9433333333333334,request_rescan,4.411708
5338,5338,0.9433333333333334,discard,4.412299
5339,5339,0.9433333333333334,discard,4.412865
5340,5340,0.9433333333333334,discard,4.413851
5341,5341,0.76,discard,4.414932
5342,5342,0.9433333333333334,request_rescan,4.415469
5343,5343,0.9433333333333334,discard,4.416052
5344,5344,0.9433333333333334,request_rescan,4.416602
5345,5345,0.9433333333333334,discard,4.417152
5346,5346,0.9433333333333334,discard,4.417712
5347,5347,0.9433333333333334,discard,4.418368
5348,5348,0.76,discard,4.418938
5349,5349,0.9433333333333334,discard,4.419504
5350,5350,0.9433333333333334,discard,4.420056
5351,5351,0.9433333333333334,request_rescan,4.4206
5352,5352,0.9433333333333334,discard,4.421166
5353,5353,0.9433333333333334,request_rescan,4.421712
5354,5354,0.9433333333333334,request_rescan,4.422282
5355,5355,0.76,discard,4.422853
5356,5356,0.76,request_rescan,4.423405
5357,5357,0.9433333333333334,request_rescan,4.423971
5358,5358,0.9433333333333334,request_rescan,4.424522
5359,5359,0.9433333333333334,discard,4.425098
5360,5360,0.9433333333333334,discard,4.425642
5361,5361,0.9433333333333334,discard,4.42621
5362,5362,0.9433333333333334,discard,4.426763
5363,5363,0.9433333333333334,request_rescan,4.427316
5364,5364,0.9433333333333334,discard,4.427872
5365,5365,0.9433333333333334,discard,4.42846
5366,5366,0.9433333333333334,request_rescan,4.429224
5367,5367,0.9433333333333334,discard,4.429781
5368,5368,0.9433333333333334,discard,4.430349
5369,5369,0.76,request_rescan,4.431395
5370,5370,0.9433333333333334,request_rescan,4.432059
5371,5371,0.9433333333333334,request_rescan,4.432625
5372,5372,0.9433333333333334,discard,4.433186
5373,5373,0.9433333333333334,request_rescan,4.433848
5374,5374,0.9433333333333334,request_rescan,4.434409
5375,5375,0.9433333333333334,discard,4.434974
5376,5376,0.9433333333333334,request_rescan,4.435523
5377,5377,0.76,request_rescan,4.465873
5378,5378,0.9433333333333334,request_rescan,4.466535
5379,5379,0.76,request_rescan,4.467559
5380,5380,0.9433333333333334,request_rescan,4.468613
5381,5381,0.9433333333333334,discard,4.469253
5382,5382,0.9433333333333334,request_rescan,4.469806
5383,5383,0.9433333333333334,request_rescan,4.470381
5384,5384,0.76,request_rescan,4.470951
5385,5385,0.9433333333333334,discard,4.471642
5386,5386,0.9433333333333334,request_rescan,4.472235
5387,5387,0.9433333333333334,request_rescan,4.472826
5388,5388,0.76,discard,4.473397
5389,5389,0.9433333333333334,discard,4.473973
5390,5390,0.9433333333333334,discard,4.474531
5391,5391,0.9433333333333334,discard,4.475108
5392,5392,0.76,request_rescan,4.475654
5393,5393,0.9433333333333334,request_rescan,4.476237
5394,5394,0.9433333333333334,discard,4.476804
5395,5395,0.76,request_rescan,4.477374
5396,5396,0.9433333333333334,request_rescan,4.47794
5397,5397,0.9433333333333334,request_rescan,4.478504
5398,5398,0.9433333333333334,discard,4.479095
5399,5399,0.9433333333333334,discard,4.479657
5400,5400,0.76,discard,4.480418
5401,5401,0.9433333333333334,discard,4.481876
5402,5402,0.9433333333333334,request_rescan,4.482428
5403,5403,0.9433333333333334,request_rescan,4.482994
5404,5404,0.9433333333333334,request_rescan,4.48355
5405,5405,0.9433333333333334,request_rescan,4.484139
5406,5406,0.9433333333333334,discard,4.4854
5407,5407,0.9433333333333334,discard,4.486041
5408,5408,0.9433333333333334,request_rescan,4.486578
5409,5409,0.9433333333333334,request_rescan,4.487161
5410,5410,0.9433333333333334,discard,4.487731
5411,5411,0.9433333333333334,request_rescan,4.488307
5412,5412,0.9433333333333334,request_rescan,4.489058
5413,5413,0.9433333333333334,request_rescan,4.489672
5414,5414,0.76,discard,4.490278
5415,5415,0.9433333333333334,request_rescan,4.490836
5416,5416,0.76,request_rescan,4.4914
5417,5417,0.9433333333333334,discard,4.491956
5418,5418,0.9433333333333334,request_rescan,4.492518
5419,5419,0.9433333333333334,request_rescan,4.493065
5420,5420,0.9433333333333334,discard,4.493628
5421,5421,0.9433333333333334,request_rescan,4.494183
5422,5422,0.9433333333333334,request_rescan,4.494747
5423,5423,0.9433333333333334,request_rescan,4.49531
5424,5424,0.9433333333333334,discard,4.495875
5425,5425,0.9433333333333334,request_rescan,4.496425
5426,5426,0.9433333333333334,discard,4.496989
5427,5427,0.9433333333333334,request_rescan,4.497541
5428,5428,0.9433333333333334,discard,4.498103
5429,5429,0.9433333333333334,discard,4.498649
5430,5430,0.9433333333333334,discard,4.499569
5431,5431,0.9433333333333334,request_rescan,4.500124
5432,5432,0.9433333333333334,discard,4.500686
5433,5433,0.9433333333333334,request_rescan,4.501695
5434,5434,0.9433333333333334,discard,4.502341
5435,5435,0.9433333333333334,request_rescan,4.503026
5436,5436,0.76,discard,4.5036
5437,5437,0.9433333333333334,request_rescan,4.504165
5438,5438,0.9433333333333334,discard,4.504738
5439,5439,0.9433333333333334,request_rescan,4.505304
5440,5440,0.9433333333333334,discard,4.505863
5441,5441,0.76,discard,4.506432
5442,5442,0.9433333333333334,discard,4.507004
5443,5443,0.9433333333333334,request_rescan,4.507565
5444,5444,0.9433333333333334,discard,4.508138
5445,5445,0.9433333333333334,request_rescan,4.508695
5446,5446,0.76,request_rescan,4.509263
5447,5447,0.9433333333333334,discard,4.509824
5448,5448,0.76,request_rescan,4.510375
5449,5449,0.9433333333333334,request_rescan,4.510925
5450,5450,0.9433333333333334,discard,4.511499
5451,5451,0.9433333333333334,discard,4.512068
5452,5452,0.9433333333333334,discard,4.512633
5453,5453,0.9433333333333334,discard,4.513192
5454,5454,0.76,request_rescan,4.513756
5455,5455,0.9433333333333334,request_rescan,4.514304
5456,5456,0.9433333333333334,discard,4.514915
5457,5457,0.9433333333333334,request_rescan,4.515524
5458,5458,0.9433333333333334,discard,4.516118
5459,5459,0.9433333333333334,discard,4.516675
5460,5460,0.9433333333333334,discard,4.517253
5461,5461,0.9433333333333334,request_rescan,4.517814
5462,5462,0.9433333333333334,discard,4.51838
5463,5463,0.9433333333333334,discard,4.518932
5464,5464,0.9433333333333334,discard,4.519488
5465,5465,0.9433333333333334,request_rescan,4.520045
5466,5466,0.9433333333333334,request_rescan,4.520605
5467,5467,0.9433333333333334,request_rescan,4.521177
5468,5468,0.9433333333333334,discard,4.521724
5469,5469,0.9433333333333334,discard,4.522305
5470,5470,0.9433333333333334,discard,4.522856
5471,5471,0.9433333333333334,request_rescan,4.52341
5472,5472,0.9433333333333334,request_rescan,4.523964
5473,5473,0.9433333333333334,request_rescan,4.524528
5474,5474,0.9433333333333334,request_rescan,4.525083
5475,5475,0.9433333333333334,discard,4.525654
5476,5476,0.9433333333333334,discard,4.526208
5477,5477,0.9433333333333334,discard,4.526769
5478,5478,0.9433333333333334,request_rescan,4.527332
5479,5479,0.9433333333333334,discard,4.527892
5480,5480,0.9433333333333334,request_rescan,4.528454
5481,5481,0.9433333333333334,discard,4.529671
5482,5482,0.9433333333333334,discard,4.530304
5483,5483,0.9433333333333334,discard,4.530865
5484,5484,0.9433333333333334,discard,4.531417
5485,5485,0.9433333333333334,discard,4.531984
5486,5486,0.9433333333333334,request_rescan,4.532545
5487,5487,0.9433333333333334,request_rescan,4.533105
5488,5488,0.9433333333333334,request_rescan,4.53377
5489,5489,0.9433333333333334,request_rescan,4.534332
5490,5490,0.9433333333333334,discard,4.534887
5491,5491,0.9433333333333334,discard,4.535437
5492,5492,0.9433333333333334,discard,4.536001
5493,5493,0.9433333333333334,request_rescan,4.53655
5494,5494,0.9433333333333334,request_rescan,4.537105
5495,5495,0.9433333333333334,request_rescan,4.537674
5496,5496,0.9433333333333334,request_rescan,4.538256
5497,5497,0.9433333333333334,request_rescan,4.538822
5498,5498,0.9433333333333334,request_rescan,4.539388
5499,5499,0.9433333333333334,request_rescan,4.539958
5500,5500,0.9433333333333334,request_rescan,4.540513
5501,5501,0.9433333333333334,request_rescan,4.542039
5502,5502,0.9433333333333334,discard,4.542596
5503,5503,0.9433333333333334,request_rescan,4.54315
5504,5504,0.9433333333333334,discard,4.543707
5505,5505,0.76,request_rescan,4.57464
5506,5506,0.9433333333333334,discard,4.575277
5507,5507,0.9433333333333334,request_rescan,4.575843
5508,5508,0.9433333333333334,request_rescan,4.576413
5509,5509,0.9433333333333334,discard,4.576969
5510,5510,0.76,discard,4.577531
5511,5511,0.9433333333333334,discard,4.578091
5512,5512,0.9433333333333334,request_rescan,4.578664
5513,5513,0.9433333333333334,discard,4.579411
5514,5514,0.9433333333333334,request_rescan,4.579982
5515,5515,0.9433333333333334,request_rescan,4.580542
5516,5516,0.9433333333333334,discard,4.58113
5517,5517,0.9433333333333334,request_rescan,4.581777
5518,5518,0.9433333333333334,request_rescan,4.582349
5519,5519,0.76,request_rescan,4.582902
5520,5520,0.9433333333333334,discard,4.583653
5521,5521,0.9433333333333334,request_rescan,4.58429
5522,5522,0.9433333333333334,discard,4.584852
5523,5523,0.9433333333333334,discard,4.585413
5524,5524,0.9433333333333334,request_rescan,4.585973
5525,5525,0.9433333333333334,discard,4.586529
5526,5526,0.9433333333333334,discard,4.587083
5527,5527,0.9433333333333334,discard,4.587621
5528,5528,0.9433333333333334,discard,4.588191
5529,5529,0.9433333333333334,request_rescan,4.588744
5530,5530,0.9433333333333334,discard,4.589311
5531,5531,0.76,discard,4.589867
5532,5532,0.9433333333333334,request_rescan,4.59043
5533,5533,0.9433333333333334,request_rescan,4.590989
5534,5534,0.9433333333333334,discard,4.591545
5535,5535,0.9433333333333334,request_rescan,4.592096
5536,5536,0.9433333333333334,request_rescan,4.592651
5537,5537,0.9433333333333334,discard,4.593204
5538,5538,0.9433333333333334,discard,4.593758
5539,5539,0.9433333333333334,request_rescan,4.594323
5540,5540,0.9433333333333334,discard,4.594881
5541,5541,0.9433333333333334,request_rescan,4.595445
5542,5542,0.9433333333333334,request_rescan,4.596003
5543,5543,0.9433333333333334,request_rescan,4.596555
5544,5544,0.9433333333333334,discard,4.59711
5545,5545,0.9433333333333334,discard,4.597666
5546,5546,0.9433333333333334,request_rescan,4.598227
5547,5547,0.9433333333333334,discard,4.598792
5548,5548,0.9433333333333334,request_rescan,4.599343
5549,5549,0.9433333333333334,request_rescan,4.599904
5550,5550,0.9433333333333334,discard,4.600447
5551,5551,0.9433333333333334,discard,4.601015
5552,5552,0.9433333333333334,discard,4.601561
5553,5553,0.9433333333333334,discard,4.602125
5554,5554,0.9433333333333334,request_rescan,4.602663
5555,5555,0.9433333333333334,discard,4.603223
5556,5556,0.9433333333333334,discard,4.603773
5557,5557,0.9433333333333334,discard,4.604321
5558,5558,0.9433333333333334,discard,4.604875
5559,5559,0.9433333333333334,request_rescan,4.605434
5560,5560,0.9433333333333334,discard,4.606037
5561,5561,0.9433333333333334,discard,4.606591
5562,5562,0.9433333333333334,discard,4.607193
5563,5563,0.9433333333333334,request_rescan,4.607746
5564,5564,0.9433333333333334,request_rescan,4.608322
5565,5565,0.9433333333333334,request_rescan,4.608857
5566,5566,0.9433333333333334,discard,4.609412
5567,5567,0.9433333333333334,discard,4.609965
5568,5568,0.9433333333333334,discard,4.610511
5569,5569,0.9433333333333334,request_rescan,4.611078
5570,5570,0.76,request_rescan,4.611644
5571,5571,0.9433333333333334,discard,4.612185
5572,5572,0.9433333333333334,request_rescan,4.612732
5573,5573,0.9433333333333334,discard,4.613276
5574,5574,0.9433333333333334,discard,4.613813
5575,5575,0.9433333333333334,discard,4.614363
5576,5576,0.9433333333333334,discard,4.614898
5577,5577,0.9433333333333334,request_rescan,4.615456
5578,5578,0.9433333333333334,discard,4.616005
5579,5579,0.9433333333333334,request_rescan,4.616555
5580,5580,0.9433333333333334,request_rescan,4.617097
5581,5581,0.76,request_rescan,4.617649
5582,5582,0.9433333333333334,discard,4.618198
5583,5583,0.9433333333333334,discard,4.61875
5584,5584,0.9433333333333334,request_rescan,4.619292
5585,5585,0.9433333333333334,discard,4.619847
5586,5586,0.9433333333333334,request_rescan,4.620385
5587,5587,0.9433333333333334,discard,4.620935
5588,5588,0.9433333333333334,request_rescan,4.621474
5589,5589,0.9433333333333334,request_rescan,4.622018
5590,5590,0.76,discard,4.622574
5591,5591,0.9433333333333334,request_rescan,4.623119
5592,5592,0.76,discard,4.623695
5593,5593,0.9433333333333334,discard,4.624255
5594,5594,0.9433333333333334,discard,4.624819
5595,5595,0.9433333333333334,discard,4.625373
5596,5596,0.9433333333333334,discard,4.625927
5597,5597,0.9433333333333334,request_rescan,4.626468
5598,5598,0.9433333333333334,discard,4.627054
5599,5599,0.9433333333333334,discard,4.627613
5600,5600,0.9433333333333334,discard,4.6282
5601,5601,0.9433333333333334,discard,4.630189
5602,5602,0.9433333333333334,discard,4.630736
5603,5603,0.9433333333333334,request_rescan,4.631325
5604,5604,0.9433333333333334,request_rescan,4.631875
5605,5605,0.9433333333333334,discard,4.632432
5606,5606,0.9433333333333334,request_rescan,4.633097
5607,5607,0.76,request_rescan,4.633644
5608,5608,0.9433333333333334,discard,4.634209
5609,5609,0.76,request_rescan,4.63478
5610,5610,0.9433333333333334,discard,4.635365
5611,5611,0.9433333333333334,discard,4.635939
5612,5612,0.9433333333333334,request_rescan,4.636599
5613,5613,0.9433333333333334,request_rescan,4.637169
5614,5614,0.9433333333333334,request_rescan,4.63771
5615,5615,0.9433333333333334,discard,4.638255
5616,5616,0.9433333333333334,discard,4.63884
5617,5617,0.9433333333333334,request_rescan,4.639401
5618,5618,0.9433333333333334,discard,4.63995
5619,5619,0.76,discard,4.6405
5620,5620,0.9433333333333334,request_rescan,4.641049
5621,5621,0.9433333333333334,request_rescan,4.641599
5622,5622,0.9433333333333334,discard,4.642153
5623,5623,0.9433333333333334,discard,4.642706
5624,5624,0.9433333333333334,discard,4.643264
5625,5625,0.9433333333333334,discard,4.643803
5626,5626,0.9433333333333334,discard,4.644348
5627,5627,0.9433333333333334,discard,4.644912
5628,5628,0.9433333333333334,discard,4.645589
5629,5629,0.76,request_rescan,4.646213
5630,5630,0.9433333333333334,request_rescan,4.646801
5631,5631,0.9433333333333334,request_rescan,4.647352
5632,5632,0.9433333333333334,request_rescan,4.647905
5633,5633,0.9433333333333334,discard,4.680091
5634,5634,0.9433333333333334,request_rescan,4.680712
5635,5635,0.9433333333333334,discard,4.681295
5636,5636,0.9433333333333334,request_rescan,4.681875
5637,5637,0.76,discard,4.682443
5638,5638,0.9433333333333334,discard,4.683143
5639,5639,0.9433333333333334,request_rescan,4.683711
5640,5640,0.9433333333333334,request_rescan,4.684288
5641,5641,0.9433333333333334,discard,4.68494
5642,5642,0.9433333333333334,request_rescan,4.685781
5643,5643,0.9433333333333334,discard,4.686345
5644,5644,0.9433333333333334,request_rescan,4.686905
5645,5645,0.9433333333333334,request_rescan,4.687473
5646,5646,0.9433333333333334,discard,4.68803
5647,5647,0.9433333333333334,discard,4.688579
5648,5648,0.9433333333333334,discard,4.689137
5649,5649,0.9433333333333334,request_rescan,4.68968
5650,5650,0.9433333333333334,request_rescan,4.690257
5651,5651,0.9433333333333334,request_rescan,4.690811
5652,5652,0.9433333333333334,request_rescan,4.691368
5653,5653,0.9433333333333334,request_rescan,4.691914
5654,5654,0.9433333333333334,discard,4.692469
5655,5655,0.9433333333333334,discard,4.693016
5656,5656,0.76,request_rescan,4.693578
5657,5657,0.9433333333333334,discard,4.69413
5658,5658,0.9433333333333334,request_rescan,4.694689
5659,5659,0.9433333333333334,discard,4.695253
5660,5660,0.76,request_rescan,4.695812
5661,5661,0.76,request_rescan,4.696359
5662,5662,0.76,discard,4.696924
5663,5663,0.9433333333333334,request_rescan,4.697469
5664,5664,0.9433333333333334,request_rescan,4.698031
5665,5665,0.9433333333333334,request_rescan,4.698571
5666,5666,0.9433333333333334,discard,4.699132
5667,5667,0.9433333333333334,discard,4.699675
5668,5668,0.76,discard,4.700245
5669,5669,0.9433333333333334,request_rescan,4.700787
5670,5670,0.9433333333333334,discard,4.70135
5671,5671,0.9433333333333334,request_rescan,4.701897
5672,5672,0.9433333333333334,discard,4.702453
5673,5673,0.9433333333333334,request_rescan,4.703001
5674,5674,0.9433333333333334,request_rescan,4.703554
5675,5675,0.9433333333333334,discard,4.704105
5676,5676,0.9433333333333334,request_rescan,4.70466
5677,5677,0.9433333333333334,discard,4.705184
5678,5678,0.9433333333333334,request_rescan,4.705719
5679,5679,0.9433333333333334,request_rescan,4.706289
5680,5680,0.9433333333333334,discard,4.706837
5681,5681,0.76,discard,4.707367
5682,5682,0.76,request_rescan,4.707923
5683,5683,0.9433333333333334,discard,4.708447
5684,5684,0.9433333333333334,request_rescan,4.708999
5685,5685,0.9433333333333334,request_rescan,4.709535
5686,5686,0.9433333333333334,discard,4.710089
5687,5687,0.9433333333333334,discard,4.710609
5688,5688,0.76,discard,4.711178
5689,5689,0.9433333333333334,discard,4.711746
5690,5690,0.9433333333333334,discard,4.712334
5691,5691,0.9433333333333334,discard,4.712895
5692,5692,0.9433333333333334,request_rescan,4.713442
5693,5693,0.9433333333333334,request_rescan,4.714028
5694,5694,0.9433333333333334,discard,4.714621
5695,5695,0.9433333333333334,request_rescan,4.715442
5696,5696,0.9433333333333334,discard,4.71635
5697,5697,0.9433333333333334,discard,4.716975
5698,5698,0.9433333333333334,request_rescan,4.717505
5699,5699,0.9433333333333334,discard,4.718045
5700,5700,0.9433333333333334,discard,4.718561
5701,5701,0.9433333333333334,discard,4.720028
5702,5702,0.9433333333333334,discard,4.720685
5703,5703,0.9433333333333334,request_rescan,4.721261
5704,5704,0.9433333333333334,request_rescan,4.721807
5705,5705,0.9433333333333334,request_rescan,4.722364
5706,5706,0.9433333333333334,request_rescan,4.722926
5707,5707,0.9433333333333334,discard,4.723494
5708,5708,0.9433333333333334,request_rescan,4.724066
5709,5709,0.9433333333333334,request_rescan,4.724657
5710,5710,0.9433333333333334,discard,4.725231
5711,5711,0.9433333333333334,request_rescan,4.72582
5712,5712,0.9433333333333334,request_rescan,4.726374
5713,5713,0.9433333333333334,request_rescan,4.726924
5714,5714,0.9433333333333334,request_rescan,4.727468
5715,5715,0.9433333333333334,request_rescan,4.728042
5716,5716,0.9433333333333334,discard,4.728864
5717,5717,0.9433333333333334,discard,4.72942
5718,5718,0.9433333333333334,request_rescan,4.729971
5719,5719,0.9433333333333334,discard,4.730533
5720,5720,0.9433333333333334,discard,4.731105
5721,5721,0.9433333333333334,discard,4.731677
5722,5722,0.9433333333333334,request_rescan,4.732252
5723,5723,0.9433333333333334,request_rescan,4.733182
5724,5724,0.9433333333333334,discard,4.733833
5725,5725,0.9433333333333334,request_rescan,4.734378
5726,5726,0.9433333333333334,request_rescan,4.734936
5727,5727,0.9433333333333334,request_rescan,4.735503
5728,5728,0.76,request_rescan,4.736084
5729,5729,0.9433333333333334,request_rescan,4.736765
5730,5730,0.9433333333333334,discard,4.737342
5731,5731,0.9433333333333334,discard,4.737925
5732,5732,0.9433333333333334,request_rescan,4.738475
5733,5733,0.76,discard,4.739056
5734,5734,0.9433333333333334,request_rescan,4.739605
5735,5735,0.9433333333333334,discard,4.740179
5736,5736,0.9433333333333334,discard,4.740724
5737,5737,0.9433333333333334,request_rescan,4.7413
5738,5738,0.9433333333333334,discard,4.741864
5739,5739,0.9433333333333334,request_rescan,4.742409
5740,5740,0.9433333333333334,request_rescan,4.742981
5741,5741,0.9433333333333334,request_rescan,4.743538
5742,5742,0.9433333333333334,request_rescan,4.744101
5743,5743,0.9433333333333334,discard,4.744644
5744,5744,0.9433333333333334,request_rescan,4.74523
5745,5745,0.9433333333333334,request_rescan,4.745802
5746,5746,0.9433333333333334,discard,4.746376
5747,5747,0.9433333333333334,request_rescan,4.746967
5748,5748,0.9433333333333334,request_rescan,4.747527
5749,5749,0.9433333333333334,request_rescan,4.748089
5750,5750,0.9433333333333334,request_rescan,4.748673
5751,5751,0.9433333333333334,request_rescan,4.749238
5752,5752,0.9433333333333334,request_rescan,4.749836
5753,5753,0.9433333333333334,discard,4.751652
5754,5754,0.9433333333333334,request_rescan,4.752359
5755,5755,0.9433333333333334,request_rescan,4.752941
5756,5756,0.9433333333333334,request_rescan,4.753503
5757,5757,0.9433333333333334,request_rescan,4.754074
5758,5758,0.9433333333333334,discard,4.754646
5759,5759,0.9433333333333334,discard,4.755231
5760,5760,0.9433333333333334,request_rescan,4.755915
5761,5761,0.9433333333333334,discard,4.785961
5762,5762,0.76,request_rescan,4.786606
5763,5763,0.9433333333333334,request_rescan,4.787185
5764,5764,0.9433333333333334,request_rescan,4.787801
5765,5765,0.9433333333333334,request_rescan,4.788476
5766,5766,0.9433333333333334,discard,4.78905
5767,5767,0.76,request_rescan,4.789635
5768,5768,0.9433333333333334,discard,4.79021
5769,5769,0.9433333333333334,request_rescan,4.790761
5770,5770,0.9433333333333334,discard,4.79132
5771,5771,0.9433333333333334,request_rescan,4.791885
5772,5772,0.76,request_rescan,4.792447
5773,5773,0.9433333333333334,request_rescan,4.793005
5774,5774,0.9433333333333334,request_rescan,4.793566
5775,5775,0.76,request_rescan,4.794118
5776,5776,0.9433333333333334,request_rescan,4.794672
5777,5777,0.9433333333333334,discard,4.795244
5778,5778,0.9433333333333334,request_rescan,4.796126
5779,5779,0.9433333333333334,discard,4.796677
5780,5780,0.76,request_rescan,4.797237
5781,5781,0.9433333333333334,request_rescan,4.797796
5782,5782,0.9433333333333334,request_rescan,4.798355
5783,5783,0.9433333333333334,request_rescan,4.79903
5784,5784,0.9433333333333334,request_rescan,4.7996
5785,5785,0.9433333333333334,request_rescan,4.800161
5786,5786,0.9433333333333334,discard,4.801184
5787,5787,0.9433333333333334,discard,4.801807
5788,5788,0.9433333333333334,request_rescan,4.802368
5789,5789,0.9433333333333334,request_rescan,4.802916
5790,5790,0.9433333333333334,request_rescan,4.803482
5791,5791,0.9433333333333334,request_rescan,4.804031
5792,5792,0.9433333333333334,request_rescan,4.804591
5793,5793,0.9433333333333334,discard,4.805139
5794,5794,0.9433333333333334,request_rescan,4.805696
5795,5795,0.9433333333333334,discard,4.806259
5796,5796,0.9433333333333334,request_rescan,4.806817
5797,5797,0.76,request_rescan,4.807369
5798,5798,0.9433333333333334,discard,4.807913
5799,5799,0.9433333333333334,discard,4.80847
5800,5800,0.9433333333333334,discard,4.809018
5801,5801,0.9433333333333334,request_rescan,4.810553
5802,5802,0.9433333333333334,request_rescan,4.811112
5803,5803,0.9433333333333334,request_rescan,4.811673
5804,5804,0.9433333333333334,discard,4.812226
5805,5805,0.9433333333333334,request_rescan,4.812789
5806,5806,0.9433333333333334,request_rescan,4.813354
5807,5807,0.9433333333333334,request_rescan,4.813909
5808,5808,0.9433333333333334,discard,4.814462
5809,5809,0.9433333333333334,discard,4.815018
5810,5810,0.76,discard,4.81558
5811,5811,0.76,request_rescan,4.816142
5812,5812,0.9433333333333334,discard,4.81671
5813,5813,0.9433333333333334,discard,4.817287
5814,5814,0.9433333333333334,discard,4.817852
5815,5815,0.9433333333333334,discard,4.818405
5816,5816,0.9433333333333334,request_rescan,4.818965
5817,5817,0.9433333333333334,request_rescan,4.819512
5818,5818,0.9433333333333334,request_rescan,4.820074
5819,5819,0.9433333333333334,discard,4.820626
5820,5820,0.9433333333333334,request_rescan,4.821235
5821,5821,0.76,request_rescan,4.821909
5822,5822,0.9433333333333334,discard,4.822511
5823,5823,0.9433333333333334,request_rescan,4.823085
5824,5824,0.9433333333333334,discard,4.823628
5825,5825,0.9433333333333334,discard,4.824193
5826,5826,0.9433333333333334,request_rescan,4.824754
5827,5827,0.9433333333333334,request_rescan,4.825305
5828,5828,0.9433333333333334,discard,4.82586
5829,5829,0.9433333333333334,request_rescan,4.826414
5830,5830,0.9433333333333334,discard,4.826966
5831,5831,0.9433333333333334,discard,4.827535
5832,5832,0.9433333333333334,request_rescan,4.828103
5833,5833,0.9433333333333334,discard,4.828707
5834,5834,0.9433333333333334,discard,4.829486
5835,5835,0.9433333333333334,discard,4.830384
5836,5836,0.9433333333333334,request_rescan,4.831005
5837,5837,0.9433333333333334,request_rescan,4.83156
5838,5838,0.9433333333333334,discard,4.832114
5839,5839,0.9433333333333334,request_rescan,4.832678
5840,5840,0.9433333333333334,request_rescan,4.833237
5841,5841,0.9433333333333334,request_rescan,4.833913
5842,5842,0.9433333333333334,discard,4.834485
5843,5843,0.9433333333333334,request_rescan,4.83504
5844,5844,0.9433333333333334,request_rescan,4.83559
5845,5845,0.76,discard,4.836168
5846,5846,0.9433333333333334,request_rescan,4.836708
5847,5847,0.9433333333333334,discard,4.837268
5848,5848,0.9433333333333334,request_rescan,4.837853
5849,5849,0.9433333333333334,request_rescan,4.838406
5850,5850,0.9433333333333334,discard,4.838966
5851,5851,0.9433333333333334,request_rescan,4.839524
5852,5852,0.9433333333333334,request_rescan,4.840078
5853,5853,0.9433333333333334,discard,4.840625
5854,5854,0.9433333333333334,discard,4.841176
5855,5855,0.9433333333333334,request_rescan,4.841736
5856,5856,0.9433333333333334,request_rescan,4.842297
5857,5857,0.9433333333333334,discard,4.842847
5858,5858,0.9433333333333334,discard,4.843388
5859,5859,0.9433333333333334,discard,4.843981
5860,5860,0.9433333333333334,discard,4.844558
5861,5861,0.9433333333333334,request_rescan,4.845103
5862,5862,0.9433333333333334,discard,4.845651
5863,5863,0.9433333333333334,discard,4.846207
5864,5864,0.9433333333333334,discard,4.846755
5865,5865,0.9433333333333334,discard,4.847314
5866,5866,0.9433333333333334,request_rescan,4.847871
5867,5867,0.9433333333333334,discard,4.84842
5868,5868,0.9433333333333334,request_rescan,4.848975
5869,5869,0.9433333333333334,request_rescan,4.849529
5870,5870,0.76,request_rescan,4.850087
5871,5871,0.9433333333333334,request_rescan,4.850637
5872,5872,0.9433333333333334,request_rescan,4.851199
5873,5873,0.76,discard,4.851739
5874,5874,0.9433333333333334,request_rescan,4.85334
5875,5875,0.9433333333333334,discard,4.853909
5876,5876,0.9433333333333334,discard,4.854473
5877,5877,0.9433333333333334,discard,4.855035
5878,5878,0.9433333333333334,discard,4.855575
5879,5879,0.9433333333333334,request_rescan,4.856126
5880,5880,0.9433333333333334,discard,4.856669
5881,5881,0.9433333333333334,request_rescan,4.857225
5882,5882,0.9433333333333334,request_rescan,4.857772
5883,5883,0.9433333333333334,request_rescan,4.858325
5884,5884,0.9433333333333334,request_rescan,4.858901
5885,5885,0.9433333333333334,request_rescan,4.859451
5886,5886,0.76,request_rescan,4.860045
5887,5887,0.9433333333333334,request_rescan,4.860624
5888,5888,0.9433333333333334,discard,4.861187
5889,5889,0.9433333333333334,request_rescan,4.899198
5890,5890,0.9433333333333334,request_rescan,4.899828
5891,5891,0.9433333333333334,discard,4.900391
5892,5892,0.9433333333333334,request_rescan,4.900965
5893,5893,0.9433333333333334,request_rescan,4.901514
5894,5894,0.9433333333333334,request_rescan,4.90208
5895,5895,0.9433333333333334,request_rescan,4.902621
5896,5896,0.9433333333333334,request_rescan,4.903192
5897,5897,0.9433333333333334,discard,4.903741
5898,5898,0.9433333333333334,request_rescan,4.904307
5899,5899,0.9433333333333334,request_rescan,4.904878
5900,5900,0.9433333333333334,discard,4.905441
5901,5901,0.9433333333333334,request_rescan,4.906873
5902,5902,0.9433333333333334,discard,4.907428
5903,5903,0.9433333333333334,request_rescan,4.908025
5904,5904,0.76,request_rescan,4.908566
5905,5905,0.9433333333333334,request_rescan,4.90913
5906,5906,0.9433333333333334,discard,4.909682
5907,5907,0.9433333333333334,discard,4.91026
5908,5908,0.9433333333333334,discard,4.910818
5909,5909,0.9433333333333334,discard,4.9114
5910,5910,0.9433333333333334,request_rescan,4.911968
5911,5911,0.9433333333333334,request_rescan,4.912543
5912,5912,0.9433333333333334,discard,4.913106
5913,5913,0.9433333333333334,discard,4.913666
5914,5914,0.9433333333333334,discard,4.91422
5915,5915,0.76,discard,4.914783
5916,5916,0.9433333333333334,request_rescan,4.915335
5917,5917,0.9433333333333334,request_rescan,4.915889
5918,5918,0.76,request_rescan,4.916449
5919,5919,0.9433333333333334,request_rescan,4.916994
5920,5920,0.9433333333333334,request_rescan,4.917541
5921,5921,0.9433333333333334,discard,4.918118
5922,5922,0.76,request_rescan,4.918659
5923,5923,0.9433333333333334,discard,4.919222
5924,5924,0.9433333333333334,request_rescan,4.919781
5925,5925,0.9433333333333334,discard,4.920314
5926,5926,0.9433333333333334,discard,4.920836
5927,5927,0.9433333333333334,request_rescan,4.92138
5928,5928,0.76,request_rescan,4.92191
5929,5929,0.9433333333333334,discard,4.922481
5930,5930,0.9433333333333334,discard,4.923066
5931,5931,0.9433333333333334,discard,4.923604
5932,5932,0.9433333333333334,request_rescan,4.924163
5933,5933,0.9433333333333334,request_rescan,4.924689
5934,5934,0.9433333333333334,discard,4.925224
5935,5935,0.76,discard,4.925755
5936,5936,0.76,request_rescan,4.926298
5937,5937,0.9433333333333334,discard,4.926831
5938,5938,0.76,request_rescan,4.92739
5939,5939,0.9433333333333334,discard,4.92794
5940,5940,0.76,request_rescan,4.928517
5941,5941,0.9433333333333334,request_rescan,4.929104
5942,5942,0.9433333333333334,discard,4.929676
5943,5943,0.9433333333333334,discard,4.93024
5944,5944,0.9433333333333334,discard,4.930795
5945,5945,0.9433333333333334,request_rescan,4.931369
5946,5946,0.9433333333333334,discard,4.932023
5947,5947,0.76,request_rescan,4.932626
5948,5948,0.9433333333333334,request_rescan,4.933443
5949,5949,0.9433333333333334,discard,4.934441
5950,5950,0.9433333333333334,request_rescan,4.935092
5951,5951,0.9433333333333334,discard,4.935633
5952,5952,0.9433333333333334,discard,4.936208
5953,5953,0.9433333333333334,discard,4.936756
5954,5954,0.9433333333333334,request_rescan,4.93732
5955,5955,0.9433333333333334,discard,4.937897
5956,5956,0.9433333333333334,discard,4.938521
5957,5957,0.9433333333333334,discard,4.939097
5958,5958,0.9433333333333334,request_rescan,4.939639
5959,5959,0.9433333333333334,request_rescan,4.940223
5960,5960,0.9433333333333334,discard,4.940769
5961,5961,0.9433333333333334,discard,4.941351
5962,5962,0.9433333333333334,request_rescan,4.941901
5963,5963,0.9433333333333334,discard,4.942463
5964,5964,0.9433333333333334,discard,4.943027
5965,5965,0.9433333333333334,request_rescan,4.943579
5966,5966,0.9433333333333334,discard,4.944189
5967,5967,0.9433333333333334,discard,4.94477
5968,5968,0.9433333333333334,request_rescan,4.945342
5969,5969,0.9433333333333334,request_rescan,4.946258
5970,5970,0.76,request_rescan,4.946813
5971,5971,0.9433333333333334,request_rescan,4.947375
5972,5972,0.9433333333333334,request_rescan,4.947928
5973,5973,0.9433333333333334,discard,4.948555
5974,5974,0.9433333333333334,discard,4.949118
5975,5975,0.9433333333333334,discard,4.949689
5976,5976,0.9433333333333334,request_rescan,4.950245
5977,5977,0.76,request_rescan,4.951144
5978,5978,0.9433333333333334,discard,4.951774
5979,5979,0.9433333333333334,discard,4.952337
5980,5980,0.9433333333333334,discard,4.953821
5981,5981,0.9433333333333334,request_rescan,4.954458
5982,5982,0.9433333333333334,request_rescan,4.955025
5983,5983,0.9433333333333334,request_rescan,4.955593
5984,5984,0.9433333333333334,request_rescan,4.956167
5985,5985,0.9433333333333334,discard,4.956731
5986,5986,0.9433333333333334,discard,4.957297
5987,5987,0.9433333333333334,discard,4.957885
5988,5988,0.9433333333333334,discard,4.958436
5989,5989,0.9433333333333334,request_rescan,4.959017
5990,5990,0.9433333333333334,discard,4.959593
5991,5991,0.9433333333333334,discard,4.960185
5992,5992,0.9433333333333334,discard,4.960772
5993,5993,0.9433333333333334,request_rescan,4.961336
5994,5994,0.9433333333333334,request_rescan,4.961884
5995,5995,0.9433333333333334,discard,4.96244
5996,5996,0.9433333333333334,discard,4.96302
5997,5997,0.9433333333333334,request_rescan,4.963561
5998,5998,0.9433333333333334,request_rescan,4.96415
5999,5999,0.76,discard,4.964707
6000,6000,0.9433333333333334,discard,4.96529
6001,6001,0.9433333333333334,discard,4.966781
6002,6002,0.9433333333333334,request_rescan,4.967336
6003,6003,0.9433333333333334,request_rescan,4.967911
6004,6004,0.76,request_rescan,4.968476
6005,6005,0.9433333333333334,discard,4.969027
6006,6006,0.9433333333333334,request_rescan,4.969597
6007,6007,0.9433333333333334,discard,4.97016
6008,6008,0.9433333333333334,discard,4.970734
6009,6009,0.9433333333333334,request_rescan,4.971362
6010,6010,0.9433333333333334,request_rescan,4.971942
6011,6011,0.76,request_rescan,4.972518
6012,6012,0.9433333333333334,discard,4.973085
6013,6013,0.76,discard,4.973656
6014,6014,0.9433333333333334,discard,4.974232
6015,6015,0.9433333333333334,discard,4.974788
6016,6016,0.9433333333333334,request_rescan,4.975349
6017,6017,0.76,discard,5.00619
6018,6018,0.9433333333333334,discard,5.006851
6019,6019,0.9433333333333334,request_rescan,5.007441
6020,6020,0.9433333333333334,request_rescan,5.008095
6021,6021,0.9433333333333334,request_rescan,5.008658
6022,6022,0.9433333333333334,request_rescan,5.009228
6023,6023,0.9433333333333334,request_rescan,5.009807
6024,6024,0.9433333333333334,discard,5.010369
6025,6025,0.9433333333333334,discard,5.010938
6026,6026,0.9433333333333334,request_rescan,5.011487
6027,6027,0.9433333333333334,request_rescan,5.012092
6028,6028,0.9433333333333334,request_rescan,5.012886
6029,6029,0.9433333333333334,discard,5.013527
6030,6030,0.9433333333333334,request_rescan,5.014091
6031,6031,0.76,discard,5.014653
6032,6032,0.9433333333333334,discard,5.015228
6033,6033,0.9433333333333334,discard,5.015832
6034,6034,0.9433333333333334,request_rescan,5.016852
6035,6035,0.9433333333333334,discard,5.017475
6036,6036,0.9433333333333334,request_rescan,5.018032
6037,6037,0.9433333333333334,request_rescan,5.018588
6038,6038,0.9433333333333334,request_rescan,5.019132
6039,6039,0.9433333333333334,discard,5.019692
6040,6040,0.9433333333333334,discard,5.020242
6041,6041,0.9433333333333334,discard,5.020807
6042,6042,0.9433333333333334,request_rescan,5.021365
6043,6043,0.9433333333333334,discard,5.02193
6044,6044,0.9433333333333334,request_rescan,5.022497
6045,6045,0.9433333333333334,request_rescan,5.023054
6046,6046,0.76,request_rescan,5.023617
6047,6047,0.9433333333333334,discard,5.024178
6048,6048,0.9433333333333334,discard,5.024722
6049,6049,0.9433333333333334,discard,5.025286
6050,6050,0.9433333333333334,request_rescan,5.025838
6051,6051,0.9433333333333334,request_rescan,5.026393
6052,6052,0.9433333333333334,request_rescan,5.026963
6053,6053,0.9433333333333334,request_rescan,5.027504
6054,6054,0.9433333333333334,discard,5.028085
6055,6055,0.9433333333333334,discard,5.028647
6056,6056,0.9433333333333334,discard,5.029393
6057,6057,0.9433333333333334,discard,5.029962
6058,6058,0.9433333333333334,request_rescan,5.030507
6059,6059,0.9433333333333334,request_rescan,5.031086
6060,6060,0.9433333333333334,request_rescan,5.031634
6061,6061,0.9433333333333334,request_rescan,5.032223
6062,6062,0.9433333333333334,request_rescan,5.03296
6063,6063,0.9433333333333334,discard,5.033883
6064,6064,0.9433333333333334,discard,5.034458
6065,6065,0.9433333333333334,request_rescan,5.03501
6066,6066,0.9433333333333334,discard,5.035568
6067,6067,0.9433333333333334,request_rescan,5.036123
6068,6068,0.9433333333333334,discard,5.03677
6069,6069,0.9433333333333334,discard,5.037323
6070,6070,0.9433333333333334,request_rescan,5.037907
6071,6071,0.9433333333333334,discard,5.038463
6072,6072,0.9433333333333334,discard,5.039045
6073,6073,0.9433333333333334,request_rescan,5.039598
6074,6074,0.9433333333333334,discard,5.040152
6075,6075,0.9433333333333334,discard,5.040708
6076,6076,0.9433333333333334,discard,5.041258
6077,6077,0.9433333333333334,discard,5.041816
6078,6078,0.9433333333333334,request_rescan,5.042363
6079,6079,0.9433333333333334,discard,5.042916
6080,6080,0.76,discard,5.043465
6081,6081,0.76,request_rescan,5.044052
6082,6082,0.9433333333333334,request_rescan,5.044597
6083,6083,0.9433333333333334,discard,5.045167
6084,6084,0.9433333333333334,request_rescan,5.045716
6085,6085,0.9433333333333334,request_rescan,5.046282
6086,6086,0.9433333333333334,discard,5.046842
6087,6087,0.9433333333333334,discard,5.04741
6088,6088,0.9433333333333334,request_rescan,5.047958
6089,6089,0.9433333333333334,request_rescan,5.048498
6090,6090,0.9433333333333334,request_rescan,5.049052
6091,6091,0.76,discard,5.049602
6092,6092,0.9433333333333334,request_rescan,5.05015
6093,6093,0.9433333333333334,discard,5.050706
6094,6094,0.9433333333333334,request_rescan,5.051244
6095,6095,0.9433333333333334,discard,5.051799
6096,6096,0.9433333333333334,request_rescan,5.052338
6097,6097,0.76,request_rescan,5.052881
6098,6098,0.9433333333333334,request_rescan,5.053427
6099,6099,0.9433333333333334,discard,5.054873
6100,6100,0.9433333333333334,request_rescan,5.055542
6101,6101,0.9433333333333334,request_rescan,5.056943
6102,6102,0.9433333333333334,request_rescan,5.057498
6103,6103,0.9433333333333334,discard,5.05807
6104,6104,0.9433333333333334,discard,5.058618
6105,6105,0.9433333333333334,request_rescan,5.059193
6106,6106,0.9433333333333334,discard,5.05975
6107,6107,0.76,request_rescan,5.060346
6108,6108,0.9433333333333334,request_rescan,5.06091
6109,6109,0.9433333333333334,request_rescan,5.061501
6110,6110,0.9433333333333334,discard,5.062087
6111,6111,0.9433333333333334,request_rescan,5.062658
6112,6112,0.9433333333333334,discard,5.063241
6113,6113,0.9433333333333334,discard,5.063828
6114,6114,0.76,discard,5.064398
6115,6115,0.76,request_rescan,5.064965
6116,6116,0.9433333333333334,discard,5.065528
6117,6117,0.9433333333333334,discard,5.066098
6118,6118,0.9433333333333334,request_rescan,5.066656
6119,6119,0.9433333333333334,discard,5.067206
6120,6120,0.76,request_rescan,5.067763
6121,6121,0.9433333333333334,discard,5.068307
6122,6122,0.9433333333333334,request_rescan,5.068863
6123,6123,0.9433333333333334,discard,5.06941
6124,6124,0.9433333333333334,discard,5.069957
6125,6125,0.9433333333333334,discard,5.070508
6126,6126,0.9433333333333334,request_rescan,5.071074
6127,6127,0.9433333333333334,request_rescan,5.071619
6128,6128,0.9433333333333334,discard,5.072186
6129,6129,0.9433333333333334,request_rescan,5.072821
6130,6130,0.9433333333333334,request_rescan,5.073375
6131,6131,0.76,request_rescan,5.073935
6132,6132,0.9433333333333334,request_rescan,5.074489
6133,6133,0.9433333333333334,request_rescan,5.075039
6134,6134,0.9433333333333334,request_rescan,5.075578
6135,6135,0.9433333333333334,discard,5.076133
6136,6136,0.9433333333333334,discard,5.076691
6137,6137,0.9433333333333334,request_rescan,5.077239
6138,6138,0.9433333333333334,request_rescan,5.077823
6139,6139,0.9433333333333334,request_rescan,5.078374
6140,6140,0.9433333333333334,discard,5.078986
6141,6141,0.9433333333333334,request_rescan,5.079548
6142,6142,0.9433333333333334,request_rescan,5.080145
6143,6143,0.9433333333333334,request_rescan,5.080689
6144,6144,0.9433333333333334,discard,5.081255
6145,6145,0.9433333333333334,discard,5.111776
6146,6146,0.9433333333333334,discard,5.112387
6147,6147,0.9433333333333334,discard,5.112955
6148,6148,0.9433333333333334,request_rescan,5.113507
6149,6149,0.9433333333333334,discard,5.114077
6150,6150,0.9433333333333334,request_rescan,5.114621
6151,6151,0.9433333333333334,discard,5.115188
6152,6152,0.9433333333333334,request_rescan,5.11573
6153,6153,0.9433333333333334,request_rescan,5.116284
6154,6154,0.9433333333333334,discard,5.116835
6155,6155,0.9433333333333334,discard,5.11738
6156,6156,0.9433333333333334,discard,5.117945
6157,6157,0.76,request_rescan,5.118535
6158,6158,0.9433333333333334,request_rescan,5.119109
6159,6159,0.9433333333333334,request_rescan,5.119659
6160,6160,0.9433333333333334,discard,5.120245
6161,6161,0.9433333333333334,request_rescan,5.120811
6162,6162,0.9433333333333334,discard,5.121373
6163,6163,0.9433333333333334,request_rescan,5.121949
6164,6164,0.76,discard,5.122514
6165,6165,0.9433333333333334,request_rescan,5.123075
6166,6166,0.9433333333333334,discard,5.123624
6167,6167,0.9433333333333334,request_rescan,5.124205
6168,6168,0.9433333333333334,discard,5.124753
6169,6169,0.9433333333333334,discard,5.125342
6170,6170,0.9433333333333334,discard,5.125894
6171,6171,0.9433333333333334,request_rescan,5.126455
6172,6172,0.9433333333333334,discard,5.127005
6173,6173,0.9433333333333334,discard,5.127562
6174,6174,0.9433333333333334,request_rescan,5.12815
6175,6175,0.9433333333333334,discard,5.128729
6176,6176,0.9433333333333334,request_rescan,5.129743
6177,6177,0.9433333333333334,request_rescan,5.130373
6178,6178,0.9433333333333334,discard,5.130924
6179,6179,0.9433333333333334,request_rescan,5.131469
6180,6180,0.9433333333333334,request_rescan,5.13205
6181,6181,0.9433333333333334,request_rescan,5.132623
6182,6182,0.9433333333333334,discard,5.133235
6183,6183,0.9433333333333334,request_rescan,5.133787
6184,6184,0.9433333333333334,request_rescan,5.134359
6185,6185,0.9433333333333334,request_rescan,5.134938
6186,6186,0.9433333333333334,discard,5.135492
6187,6187,0.9433333333333334,request_rescan,5.136058
6188,6188,0.9433333333333334,discard,5.136615
6189,6189,0.9433333333333334,discard,5.137186
6190,6190,0.9433333333333334,request_rescan,5.137726
6191,6191,0.9433333333333334,request_rescan,5.13828
6192,6192,0.9433333333333334,discard,5.138829
6193,6193,0.9433333333333334,request_rescan,5.139403
6194,6194,0.9433333333333334,discard,5.13998
6195,6195,0.9433333333333334,request_rescan,5.140535
6196,6196,0.9433333333333334,request_rescan,5.141099
6197,6197,0.9433333333333334,discard,5.141651
6198,6198,0.76,discard,5.142221
6199,6199,0.9433333333333334,discard,5.142778
6200,6200,0.9433333333333334,request_rescan,5.143353
6201,6201,0.9433333333333334,discard,5.144895
6202,6202,0.9433333333333334,request_rescan,5.145452
6203,6203,0.9433333333333334,request_rescan,5.146026
6204,6204,0.9433333333333334,discard,5.14658
6205,6205,0.9433333333333334,discard,5.147138
6206,6206,0.9433333333333334,discard,5.147764
6207,6207,0.9433333333333334,discard,5.148352
6208,6208,0.9433333333333334,request_rescan,5.148904
6209,6209,0.9433333333333334,request_rescan,5.149464
6210,6210,0.9433333333333334,discard,5.150024
6211,6211,0.9433333333333334,request_rescan,5.150605
6212,6212,0.9433333333333334,discard,5.151179
6213,6213,0.9433333333333334,discard,5.151757
6214,6214,0.9433333333333334,discard,5.152314
6215,6215,0.9433333333333334,discard,5.152881
6216,6216,0.9433333333333334,discard,5.153426
6217,6217,0.9433333333333334,request_rescan,5.153985
6218,6218,0.9433333333333334,discard,5.154532
6219,6219,0.9433333333333334,discard,5.155936
6220,6220,0.9433333333333334,request_rescan,5.156549
6221,6221,0.9433333333333334,discard,5.157118
6222,6222,0.9433333333333334,request_rescan,5.15769
6223,6223,0.9433333333333334,discard,5.15827
6224,6224,0.9433333333333334,discard,5.15883
6225,6225,0.9433333333333334,request_rescan,5.159379
6226,6226,0.9433333333333334,request_rescan,5.159947
6227,6227,0.9433333333333334,discard,5.160493
6228,6228,0.9433333333333334,discard,5.161057
6229,6229,0.9433333333333334,discard,5.161596
6230,6230,0.9433333333333334,discard,5.162164
6231,6231,0.9433333333333334,request_rescan,5.162713
6232,6232,0.9433333333333334,discard,5.163279
6233,6233,0.9433333333333334,discard,5.163833
6234,6234,0.9433333333333334,request_rescan,5.164395
6235,6235,0.9433333333333334,discard,5.164952
6236,6236,0.9433333333333334,discard,5.16551
6237,6237,0.9433333333333334,request_rescan,5.166069
6238,6238,0.9433333333333334,discard,5.166623
6239,6239,0.9433333333333334,discard,5.167192
6240,6240,0.76,request_rescan,5.167743
6241,6241,0.9433333333333334,request_rescan,5.168324
6242,6242,0.9433333333333334,discard,5.169197
6243,6243,0.9433333333333334,discard,5.170201
6244,6244,0.9433333333333334,request_rescan,5.170749
6245,6245,0.9433333333333334,request_rescan,5.171304
6246,6246,0.76,request_rescan,5.171874
6247,6247,0.9433333333333334,request_rescan,5.172437
6248,6248,0.9433333333333334,discard,5.173
6249,6249,0.9433333333333334,request_rescan,5.173554
6250,6250,0.9433333333333334,discard,5.174111
6251,6251,0.9433333333333334,discard,5.174674
6252,6252,0.9433333333333334,discard,5.175226
6253,6253,0.9433333333333334,discard,5.175776
6254,6254,0.9433333333333334,request_rescan,5.176335
6255,6255,0.9433333333333334,request_rescan,5.176895
6256,6256,0.9433333333333334,discard,5.177462
6257,6257,0.9433333333333334,request_rescan,5.178039
6258,6258,0.9433333333333334,discard,5.178698
6259,6259,0.9433333333333334,request_rescan,5.179323
6260,6260,0.9433333333333334,discard,5.179896
6261,6261,0.9433333333333334,discard,5.180469
6262,6262,0.9433333333333334,discard,5.181035
6263,6263,0.9433333333333334,discard,5.181899
6264,6264,0.9433333333333334,discard,5.182462
6265,6265,0.9433333333333334,discard,5.183021
6266,6266,0.9433333333333334,discard,5.183577
6267,6267,0.9433333333333334,request_rescan,5.184137
6268,6268,0.9433333333333334,discard,5.184762
6269,6269,0.9433333333333334,discard,5.185342
6270,6270,0.9433333333333334,request_rescan,5.185973
6271,6271,0.9433333333333334,discard,5.186964
6272,6272,0.9433333333333334,discard,5.18753
6273,6273,0.9433333333333334,request_rescan,5.217803
6274,6274,0.9433333333333334,request_rescan,5.218507
6275,6275,0.9433333333333334,request_rescan,5.219079
6276,6276,0.9433333333333334,discard,5.219646
6277,6277,0.9433333333333334,discard,5.22022
6278,6278,0.9433333333333334,discard,5.220863
6279,6279,0.9433333333333334,request_rescan,5.221428
6280,6280,0.9433333333333334,discard,5.221997
6281,6281,0.9433333333333334,discard,5.222558
6282,6282,0.9433333333333334,request_rescan,5.223122
6283,6283,0.9433333333333334,discard,5.223683
6284,6284,0.9433333333333334,discard,5.224241
6285,6285,0.9433333333333334,discard,5.22481
6286,6286,0.76,request_rescan,5.225358
6287,6287,0.9433333333333334,request_rescan,5.225926
6288,6288,0.9433333333333334,request_rescan,5.226472
6289,6289,0.9433333333333334,request_rescan,5.22704
6290,6290,0.9433333333333334,request_rescan,5.227588
6291,6291,0.9433333333333334,discard,5.228177
6292,6292,0.9433333333333334,request_rescan,5.228962
6293,6293,0.9433333333333334,request_rescan,5.229547
6294,6294,0.76,request_rescan,5.2301
6295,6295,0.9433333333333334,discard,5.230664
6296,6296,0.9433333333333334,request_rescan,5.231221
6297,6297,0.9433333333333334,request_rescan,5.231816
6298,6298,0.9433333333333334,request_rescan,5.232407
6299,6299,0.9433333333333334,discard,5.232971
6300,6300,0.9433333333333334,request_rescan,5.233528
6301,6301,0.9433333333333334,request_rescan,5.235082
6302,6302,0.9433333333333334,request_rescan,5.235642
6303,6303,0.9433333333333334,discard,5.236215
6304,6304,0.9433333333333334,discard,5.236763
6305,6305,0.9433333333333334,request_rescan,5.237339
6306,6306,0.9433333333333334,request_rescan,5.237895
6307,6307,0.76,request_rescan,5.238466
6308,6308,0.9433333333333334,discard,5.23902
6309,6309,0.9433333333333334,request_rescan,5.239574
6310,6310,0.9433333333333334,request_rescan,5.240139
6311,6311,0.9433333333333334,discard,5.24071
6312,6312,0.9433333333333334,discard,5.241283
6313,6313,0.9433333333333334,discard,5.241843
6314,6314,0.9433333333333334,discard,5.242412
6315,6315,0.9433333333333334,request_rescan,5.242969
6316,6316,0.9433333333333334,discard,5.243528
6317,6317,0.9433333333333334,request_rescan,5.244092
6318,6318,0.9433333333333334,discard,5.244647
6319,6319,0.9433333333333334,discard,5.245211
6320,6320,0.9433333333333334,discard,5.245762
6321,6321,0.9433333333333334,discard,5.246313
6322,6322,0.9433333333333334,discard,5.246884
6323,6323,0.9433333333333334,request_rescan,5.247441
6324,6324,0.9433333333333334,discard,5.248012
6325,6325,0.9433333333333334,request_rescan,5.248581
6326,6326,0.9433333333333334,discard,5.24914
6327,6327,0.9433333333333334,request_rescan,5.24971
6328,6328,0.9433333333333334,discard,5.250265
6329,6329,0.9433333333333334,discard,5.250836
6330,6330,0.9433333333333334,discard,5.25141
6331,6331,0.9433333333333334,discard,5.252324
6332,6332,0.9433333333333334,request_rescan,5.253359
6333,6333,0.9433333333333334,request_rescan,5.253913
6334,6334,0.9433333333333334,discard,5.254468
6335,6335,0.9433333333333334,request_rescan,5.255027
6336,6336,0.9433333333333334,request_rescan,5.255591
6337,6337,0.9433333333333334,request_rescan,5.257052
6338,6338,0.9433333333333334,discard,5.25771
6339,6339,0.9433333333333334,discard,5.258326
6340,6340,0.9433333333333334,discard,5.258902
6341,6341,0.9433333333333334,discard,5.259467
6342,6342,0.9433333333333334,request_rescan,5.260046
6343,6343,0.9433333333333334,discard,5.260616
6344,6344,0.9433333333333334,request_rescan,5.261173
6345,6345,0.9433333333333334,request_rescan,5.261743
6346,6346,0.9433333333333334,request_rescan,5.262306
6347,6347,0.9433333333333334,discard,5.262869
6348,6348,0.9433333333333334,discard,5.263426
6349,6349,0.9433333333333334,request_rescan,5.263984
6350,6350,0.9433333333333334,discard,5.264541
6351,6351,0.9433333333333334,request_rescan,5.265105
6352,6352,0.76,discard,5.265652
6353,6353,0.9433333333333334,request_rescan,5.266221
6354,6354,0.9433333333333334,request_rescan,5.266784
6355,6355,0.9433333333333334,request_rescan,5.267331
6356,6356,0.9433333333333334,discard,5.267893
6357,6357,0.76,request_rescan,5.268462
6358,6358,0.9433333333333334,request_rescan,5.269035
6359,6359,0.9433333333333334,request_rescan,5.269589
6360,6360,0.9433333333333334,discard,5.270207
6361,6361,0.9433333333333334,request_rescan,5.270794
6362,6362,0.9433333333333334,request_rescan,5.271366
6363,6363,0.9433333333333334,discard,5.271927
6364,6364,0.9433333333333334,discard,5.272499
6365,6365,0.9433333333333334,request_rescan,5.273061
6366,6366,0.9433333333333334,discard,5.273615
6367,6367,0.9433333333333334,discard,5.274176
6368,6368,0.9433333333333334,discard,5.274727
6369,6369,0.9433333333333334,request_rescan,5.275286
6370,6370,0.76,discard,5.27584
6371,6371,0.9433333333333334,request_rescan,5.276396
6372,6372,0.9433333333333334,request_rescan,5.276947
6373,6373,0.9433333333333334,request_rescan,5.277504
6374,6374,0.9433333333333334,discard,5.278096
6375,6375,0.9433333333333334,discard,5.278681
6376,6376,0.9433333333333334,discard,5.279691
6377,6377,0.9433333333333334,request_rescan,5.280563
6378,6378,0.9433333333333334,request_rescan,5.281142
6379,6379,0.9433333333333334,request_rescan,5.281711
6380,6380,0.9433333333333334,discard,5.282273
6381,6381,0.9433333333333334,discard,5.28285
6382,6382,0.9433333333333334,discard,5.283468
6383,6383,0.9433333333333334,discard,5.284048
6384,6384,0.9433333333333334,request_rescan,5.284599
6385,6385,0.9433333333333334,discard,5.285161
6386,6386,0.9433333333333334,discard,5.285706
6387,6387,0.9433333333333334,request_rescan,5.286258
6388,6388,0.76,discard,5.286832
6389,6389,0.9433333333333334,discard,5.287386
6390,6390,0.9433333333333334,request_rescan,5.287952
6391,6391,0.9433333333333334,discard,5.288513
6392,6392,0.9433333333333334,request_rescan,5.289086
6393,6393,0.9433333333333334,request_rescan,5.289645
6394,6394,0.9433333333333334,discard,5.290211
6395,6395,0.9433333333333334,discard,5.290759
6396,6396,0.9433333333333334,discard,5.291335
6397,6397,0.9433333333333334,request_rescan,5.2919
6398,6398,0.9433333333333334,request_rescan,5.292466
6399,6399,0.9433333333333334,discard,5.293023
6400,6400,0.9433333333333334,request_rescan,5.293585
6401,6401,0.9433333333333334,discard,5.325287
6402,6402,0.9433333333333334,request_rescan,5.325893
6403,6403,0.9433333333333334,request_rescan,5.326443
6404,6404,0.76,discard,5.327016
6405,6405,0.9433333333333334,request_rescan,5.327567
6406,6406,0.9433333333333334,request_rescan,5.328138
6407,6407,0.9433333333333334,request_rescan,5.328693
6408,6408,0.76,discard,5.32955
6409,6409,0.9433333333333334,discard,5.330109
6410,6410,0.9433333333333334,request_rescan,5.330667
6411,6411,0.9433333333333334,request_rescan,5.331228
6412,6412,0.76,request_rescan,5.331787
6413,6413,0.9433333333333334,discard,5.332337
6414,6414,0.9433333333333334,request_rescan,5.332901
6415,6415,0.9433333333333334,discard,5.334002
6416,6416,0.9433333333333334,discard,5.334663
6417,6417,0.9433333333333334,discard,5.335237
6418,6418,0.76,request_rescan,5.3358
6419,6419,0.9433333333333334,request_rescan,5.336368
6420,6420,0.9433333333333334,discard,5.336934
6421,6421,0.9433333333333334,request_rescan,5.337561
6422,6422,0.76,request_rescan,5.338122
6423,6423,0.9433333333333334,discard,5.338669
6424,6424,0.9433333333333334,request_rescan,5.339241
6425,6425,0.9433333333333334,request_rescan,5.3398
6426,6426,0.9433333333333334,discard,5.340361
6427,6427,0.9433333333333334,discard,5.340918
6428,6428,0.9433333333333334,request_rescan,5.34148
6429,6429,0.76,request_rescan,5.342032
6430,6430,0.9433333333333334,request_rescan,5.342587
6431,6431,0.9433333333333334,request_rescan,5.343155
6432,6432,0.9433333333333334,discard,5.343699
6433,6433,0.9433333333333334,discard,5.344274
6434,6434,0.9433333333333334,request_rescan,5.344826
6435,6435,0.9433333333333334,request_rescan,5.345393
6436,6436,0.9433333333333334,discard,5.345946
6437,6437,0.9433333333333334,request_rescan,5.346514
6438,6438,0.9433333333333334,discard,5.347063
6439,6439,0.76,discard,5.347623
6440,6440,0.76,request_rescan,5.348168
6441,6441,0.9433333333333334,discard,5.348724
6442,6442,0.9433333333333334,discard,5.349277
6443,6443,0.9433333333333334,discard,5.349847
6444,6444,0.9433333333333334,request_rescan,5.350406
6445,6445,0.9433333333333334,discard,5.350975
6446,6446,0.9433333333333334,request_rescan,5.351521
6447,6447,0.9433333333333334,request_rescan,5.352084
6448,6448,0.9433333333333334,discard,5.352624
6449,6449,0.9433333333333334,request_rescan,5.35319
6450,6450,0.9433333333333334,request_rescan,5.353731
6451,6451,0.9433333333333334,request_rescan,5.354302
6452,6452,0.76,discard,5.354851
6453,6453,0.9433333333333334,request_rescan,5.355415
6454,6454,0.9433333333333334,discard,5.355971
6455,6455,0.9433333333333334,request_rescan,5.356529
6456,6456,0.9433333333333334,request_rescan,5.357085
6457,6457,0.9433333333333334,discard,5.358591
6458,6458,0.9433333333333334,request_rescan,5.359157
6459,6459,0.9433333333333334,request_rescan,5.359716
6460,6460,0.9433333333333334,discard,5.360263
6461,6461,0.9433333333333334,discard,5.360811
6462,6462,0.9433333333333334,discard,5.361368
6463,6463,0.9433333333333334,request_rescan,5.361924
6464,6464,0.9433333333333334,request_rescan,5.362479
6465,6465,0.9433333333333334,discard,5.363041
6466,6466,0.9433333333333334,request_rescan,5.363587
6467,6467,0.9433333333333334,request_rescan,5.364155
6468,6468,0.9433333333333334,request_rescan,5.364699
6469,6469,0.9433333333333334,request_rescan,5.365278
6470,6470,0.9433333333333334,request_rescan,5.365831
6471,6471,0.9433333333333334,request_rescan,5.366408
6472,6472,0.9433333333333334,discard,5.366957
6473,6473,0.9433333333333334,request_rescan,5.367516
6474,6474,0.9433333333333334,request_rescan,5.368069
6475,6475,0.9433333333333334,request_rescan,5.368636
6476,6476,0.9433333333333334,request_rescan,5.369201
6477,6477,0.9433333333333334,discard,5.369747
6478,6478,0.9433333333333334,request_rescan,5.370304
6479,6479,0.9433333333333334,discard,5.370858
6480,6480,0.9433333333333334,discard,5.371427
6481,6481,0.9433333333333334,request_rescan,5.371984
6482,6482,0.9433333333333334,request_rescan,5.372546
6483,6483,0.9433333333333334,discard,5.373098
6484,6484,0.9433333333333334,request_rescan,5.373644
6485,6485,0.9433333333333334,discard,5.374212
6486,6486,0.9433333333333334,request_rescan,5.37478
6487,6487,0.9433333333333334,discard,5.375336
6488,6488,0.9433333333333334,request_rescan,5.375977
6489,6489,0.9433333333333334,request_rescan,5.376538
6490,6490,0.9433333333333334,discard,5.377117
6491,6491,0.9433333333333334,discard,5.377691
6492,6492,0.9433333333333334,discard,5.378289
6493,6493,0.9433333333333334,request_rescan,5.378871
6494,6494,0.9433333333333334,discard,5.379444
6495,6495,0.9433333333333334,discard,5.380018
6496,6496,0.9433333333333334,request_rescan,5.380575
6497,6497,0.9433333333333334,discard,5.381554
6498,6498,0.9433333333333334,discard,5.382546
6499,6499,0.9433333333333334,discard,5.383119
6500,6500,0.76,request_rescan,5.383673
6501,6501,0.9433333333333334,request_rescan,5.385181
6502,6502,0.9433333333333334,request_rescan,5.385743
6503,6503,0.9433333333333334,request_rescan,5.386309
6504,6504,0.9433333333333334,discard,5.386869
6505,6505,0.9433333333333334,discard,5.387437
6506,6506,0.9433333333333334,discard,5.387992
6507,6507,0.9433333333333334,request_rescan,5.388552
6508,6508,0.9433333333333334,discard,5.389104
6509,6509,0.76,discard,5.389671
6510,6510,0.9433333333333334,request_rescan,5.390228
6511,6511,0.9433333333333334,discard,5.390801
6512,6512,0.9433333333333334,request_rescan,5.391355
6513,6513,0.9433333333333334,discard,5.391915
6514,6514,0.9433333333333334,discard,5.39249
6515,6515,0.9433333333333334,request_rescan,5.393046
6516,6516,0.9433333333333334,request_rescan,5.3936
6517,6517,0.9433333333333334,request_rescan,5.394154
6518,6518,0.9433333333333334,discard,5.394712
6519,6519,0.9433333333333334,request_rescan,5.395263
6520,6520,0.9433333333333334,discard,5.39582
6521,6521,0.9433333333333334,discard,5.396369
6522,6522,0.9433333333333334,request_rescan,5.396935
6523,6523,0.9433333333333334,request_rescan,5.397482
6524,6524,0.9433333333333334,request_rescan,5.398056
6525,6525,0.9433333333333334,request_rescan,5.3986
6526,6526,0.9433333333333334,request_rescan,5.399173
6527,6527,0.9433333333333334,discard,5.399723
6528,6528,0.9433333333333334,request_rescan,5.400296
6529,6529,0.9433333333333334,discard,5.430707
6530,6530,0.9433333333333334,request_rescan,5.43135
6531,6531,0.9433333333333334,discard,5.431959
6532,6532,0.9433333333333334,discard,5.432589
6533,6533,0.9433333333333334,request_rescan,5.43317
6534,6534,0.9433333333333334,discard,5.433733
6535,6535,0.76,discard,5.434304
6536,6536,0.9433333333333334,request_rescan,5.43487
6537,6537,0.9433333333333334,request_rescan,5.435424
6538,6538,0.9433333333333334,discard,5.435993
6539,6539,0.9433333333333334,request_rescan,5.43664
6540,6540,0.9433333333333334,discard,5.437538
6541,6541,0.9433333333333334,request_rescan,5.438099
6542,6542,0.9433333333333334,request_rescan,5.438663
6543,6543,0.9433333333333334,request_rescan,5.439225
6544,6544,0.9433333333333334,discard,5.439794
6545,6545,0.9433333333333334,discard,5.440356
6546,6546,0.9433333333333334,discard,5.440911
6547,6547,0.9433333333333334,discard,5.441473
6548,6548,0.9433333333333334,request_rescan,5.44203
6549,6549,0.9433333333333334,request_rescan,5.442595
6550,6550,0.9433333333333334,request_rescan,5.443147
6551,6551,0.9433333333333334,request_rescan,5.443712
6552,6552,0.9433333333333334,request_rescan,5.444269
6553,6553,0.9433333333333334,request_rescan,5.444848
6554,6554,0.9433333333333334,discard,5.445411
6555,6555,0.9433333333333334,request_rescan,5.445973
6556,6556,0.76,request_rescan,5.44653
6557,6557,0.76,request_rescan,5.447093
6558,6558,0.9433333333333334,request_rescan,5.447655
6559,6559,0.9433333333333334,request_rescan,5.44821
6560,6560,0.9433333333333334,request_rescan,5.448775
6561,6561,0.9433333333333334,discard,5.449336
6562,6562,0.9433333333333334,request_rescan,5.449893
6563,6563,0.9433333333333334,request_rescan,5.45046
6564,6564,0.9433333333333334,discard,5.451014
6565,6565,0.9433333333333334,request_rescan,5.45158
6566,6566,0.9433333333333334,discard,5.452132
6567,6567,0.9433333333333334,discard,5.452691
6568,6568,0.9433333333333334,request_rescan,5.453244
6569,6569,0.9433333333333334,discard,5.453809
6570,6570,0.76,discard,5.454361
6571,6571,0.9433333333333334,request_rescan,5.454929
6572,6572,0.9433333333333334,request_rescan,5.455482
6573,6573,0.9433333333333334,discard,5.456047
6574,6574,0.9433333333333334,request_rescan,5.456599
6575,6575,0.9433333333333334,request_rescan,5.457164
6576,6576,0.9433333333333334,discard,5.457724
6577,6577,0.76,discard,5.459229
6578,6578,0.9433333333333334,request_rescan,5.459824
6579,6579,0.9433333333333334,discard,5.460393
6580,6580,0.9433333333333334,discard,5.46096
6581,6581,0.9433333333333334,request_rescan,5.46152
6582,6582,0.76,discard,5.462094
6583,6583,0.9433333333333334,request_rescan,5.462635
6584,6584,0.9433333333333334,discard,5.463211
6585,6585,0.9433333333333334,request_rescan,5.463769
6586,6586,0.9433333333333334,discard,5.46433
6587,6587,0.9433333333333334,request_rescan,5.4649
6588,6588,0.9433333333333334,discard,5.465478
6589,6589,0.9433333333333334,discard,5.466045
6590,6590,0.9433333333333334,request_rescan,5.466594
6591,6591,0.9433333333333334,request_rescan,5.467158
6592,6592,0.9433333333333334,discard,5.467712
6593,6593,0.9433333333333334,discard,5.468276
6594,6594,0.9433333333333334,request_rescan,5.468829
6595,6595,0.9433333333333334,discard,5.469387
6596,6596,0.9433333333333334,request_rescan,5.46994
6597,6597,0.9433333333333334,discard,5.47051
6598,6598,0.9433333333333334,request_rescan,5.471057
6599,6599,0.9433333333333334,request_rescan,5.471612
6600,6600,0.9433333333333334,request_rescan,5.472176
6601,6601,0.9433333333333334,request_rescan,5.473616
6602,6602,0.9433333333333334,request_rescan,5.474177
6603,6603,0.9433333333333334,request_rescan,5.474733
6604,6604,0.9433333333333334,discard,5.475297
6605,6605,0.9433333333333334,discard,5.475861
6606,6606,0.9433333333333334,discard,5.476482
6607,6607,0.9433333333333334,discard,5.477067
6608,6608,0.9433333333333334,discard,5.477628
6609,6609,0.9433333333333334,request_rescan,5.478216
6610,6610,0.76,discard,5.478809
6611,6611,0.9433333333333334,request_rescan,5.479408
6612,6612,0.9433333333333334,request_rescan,5.480005
6613,6613,0.9433333333333334,request_rescan,5.480577
6614,6614,0.9433333333333334,request_rescan,5.481163
6615,6615,0.76,request_rescan,5.482106
6616,6616,0.9433333333333334,discard,5.48314
6617,6617,0.9433333333333334,request_rescan,5.483708
6618,6618,0.9433333333333334,discard,5.484267
6619,6619,0.9433333333333334,request_rescan,5.484841
6620,6620,0.9433333333333334,request_rescan,5.48541
6621,6621,0.9433333333333334,discard,5.485972
6622,6622,0.9433333333333334,request_rescan,5.486534
6623,6623,0.9433333333333334,request_rescan,5.487101
6624,6624,0.9433333333333334,discard,5.487655
6625,6625,0.76,discard,5.48824
6626,6626,0.9433333333333334,discard,5.488798
6627,6627,0.9433333333333334,request_rescan,5.489366
6628,6628,0.76,discard,5.489941
6629,6629,0.76,discard,5.490602
6630,6630,0.9433333333333334,request_rescan,5.49118
6631,6631,0.9433333333333334,discard,5.491745
6632,6632,0.9433333333333334,discard,5.492311
6633,6633,0.9433333333333334,discard,5.492877
6634,6634,0.9433333333333334,request_rescan,5.493433
6635,6635,0.9433333333333334,discard,5.494
6636,6636,0.9433333333333334,discard,5.494554
6637,6637,0.9433333333333334,discard,5.495129
6638,6638,0.9433333333333334,request_rescan,5.495707
6639,6639,0.9433333333333334,discard,5.496271
6640,6640,0.9433333333333334,request_rescan,5.496848
6641,6641,0.9433333333333334,discard,5.497393
6642,6642,0.9433333333333334,request_rescan,5.497962
6643,6643,0.9433333333333334,request_rescan,5.49851
6644,6644,0.9433333333333334,discard,5.499108
6645,6645,0.9433333333333334,discard,5.499969
6646,6646,0.9433333333333334,discard,5.500947
6647,6647,0.9433333333333334,request_rescan,5.501497
6648,6648,0.9433333333333334,request_rescan,5.502058
6649,6649,0.9433333333333334,discard,5.50262
6650,6650,0.9433333333333334,discard,5.503174
6651,6651,0.9433333333333334,request_rescan,5.503734
6652,6652,0.9433333333333334,request_rescan,5.504289
6653,6653,0.9433333333333334,request_rescan,5.504844
6654,6654,0.9433333333333334,discard,5.505402
6655,6655,0.9433333333333334,request_rescan,5.50596
6656,6656,0.9433333333333334,discard,5.506532
6657,6657,0.9433333333333334,discard,5.537249
6658,6658,0.9433333333333334,request_rescan,5.537866
6659,6659,0.9433333333333334,discard,5.538427
6660,6660,0.9433333333333334,request_rescan,5.539
6661,6661,0.9433333333333334,discard,5.539562
6662,6662,0.9433333333333334,discard,5.540114
6663,6663,0.9433333333333334,discard,5.540676
6664,6664,0.9433333333333334,discard,5.541235
6665,6665,0.9433333333333334,discard,5.541799
6666,6666,0.9433333333333334,request_rescan,5.542348
6667,6667,0.9433333333333334,discard,5.542908
6668,6668,0.9433333333333334,request_rescan,5.543456
6669,6669,0.9433333333333334,discard,5.544019
6670,6670,0.9433333333333334,request_rescan,5.54457
6671,6671,0.9433333333333334,request_rescan,5.545149
6672,6672,0.9433333333333334,discard,5.545852
6673,6673,0.9433333333333334,request_rescan,5.546415
6674,6674,0.76,request_rescan,5.546965
6675,6675,0.9433333333333334,discard,5.547515
6676,6676,0.9433333333333334,discard,5.548131
6677,6677,0.9433333333333334,request_rescan,5.548716
6678,6678,0.9433333333333334,discard,5.549385
6679,6679,0.9433333333333334,request_rescan,5.550402
6680,6680,0.76,request_rescan,5.550968
6681,6681,0.9433333333333334,request_rescan,5.551515
6682,6682,0.9433333333333334,request_rescan,5.552082
6683,6683,0.9433333333333334,request_rescan,5.552628
6684,6684,0.9433333333333334,request_rescan,5.553188
6685,6685,0.9433333333333334,discard,5.553732
6686,6686,0.9433333333333334,discard,5.554297
6687,6687,0.9433333333333334,discard,5.554868
6688,6688,0.9433333333333334,discard,5.555419
6689,6689,0.9433333333333334,discard,5.555981
6690,6690,0.9433333333333334,discard,5.556533
6691,6691,0.9433333333333334,discard,5.557092
6692,6692,0.9433333333333334,request_rescan,5.557643
6693,6693,0.9433333333333334,discard,5.558192
6694,6694,0.9433333333333334,discard,5.558747
6695,6695,0.9433333333333334,discard,5.560257
6696,6696,0.9433333333333334,request_rescan,5.560853
6697,6697,0.9433333333333334,discard,5.561412
6698,6698,0.9433333333333334,request_rescan,5.561988
6699,6699,0.9433333333333334,discard,5.56253
6700,6700,0.9433333333333334,request_rescan,5.5631
6701,6701,0.9433333333333334,request_rescan,5.564526
6702,6702,0.76,discard,5.565087
6703,6703,0.9433333333333334,discard,5.565665
6704,6704,0.9433333333333334,request_rescan,5.566243
6705,6705,0.76,request_rescan,5.566811
6706,6706,0.9433333333333334,request_rescan,5.56737
6707,6707,0.9433333333333334,discard,5.567941
6708,6708,0.9433333333333334,discard,5.568502
6709,6709,0.9433333333333334,discard,5.569062
6710,6710,0.9433333333333334,discard,5.569627
6711,6711,0.9433333333333334,request_rescan,5.570176
6712,6712,0.9433333333333334,request_rescan,5.570727
6713,6713,0.9433333333333334,discard,5.571284
6714,6714,0.9433333333333334,discard,5.571832
6715,6715,0.9433333333333334,discard,5.572394
6716,6716,0.9433333333333334,discard,5.572959
6717,6717,0.9433333333333334,discard,5.573532
6718,6718,0.9433333333333334,discard,5.574094
6719,6719,0.9433333333333334,discard,5.57465
6720,6720,0.9433333333333334,request_rescan,5.57522
6721,6721,0.76,request_rescan,5.575807
6722,6722,0.9433333333333334,discard,5.576404
6723,6723,0.9433333333333334,discard,5.576968
6724,6724,0.9433333333333334,request_rescan,5.577518
6725,6725,0.9433333333333334,discard,5.578102
6726,6726,0.9433333333333334,discard,5.578677
6727,6727,0.9433333333333334,discard,5.579261
6728,6728,0.9433333333333334,request_rescan,5.579835
6729,6729,0.9433333333333334,discard,5.580387
6730,6730,0.9433333333333334,discard,5.580943
6731,6731,0.9433333333333334,request_rescan,5.581514
6732,6732,0.9433333333333334,request_rescan,5.582123
6733,6733,0.9433333333333334,discard,5.58295
6734,6734,0.9433333333333334,request_rescan,5.583943
6735,6735,0.9433333333333334,request_rescan,5.584496
6736,6736,0.9433333333333334,discard,5.585068
6737,6737,0.9433333333333334,request_rescan,5.585624
6738,6738,0.9433333333333334,request_rescan,5.586237
6739,6739,0.9433333333333334,request_rescan,5.586839
6740,6740,0.9433333333333334,discard,5.587403
6741,6741,0.9433333333333334,request_rescan,5.587969
6742,6742,0.9433333333333334,request_rescan,5.588519
6743,6743,0.9433333333333334,discard,5.589081
6744,6744,0.9433333333333334,discard,5.589646
6745,6745,0.9433333333333334,discard,5.59021
6746,6746,0.76,discard,5.590784
6747,6747,0.9433333333333334,request_rescan,5.591337
6748,6748,0.9433333333333334,request_rescan,5.591906
6749,6749,0.9433333333333334,request_rescan,5.592462
6750,6750,0.9433333333333334,request_rescan,5.593022
6751,6751,0.9433333333333334,request_rescan,5.593569
6752,6752,0.9433333333333334,discard,5.594133
6753,6753,0.9433333333333334,request_rescan,5.594697
6754,6754,0.9433333333333334,request_rescan,5.595269
6755,6755,0.76,discard,5.595839
6756,6756,0.9433333333333334,discard,5.596392
6757,6757,0.9433333333333334,request_rescan,5.596963
6758,6758,0.9433333333333334,discard,5.597511
6759,6759,0.9433333333333334,discard,5.59808
6760,6760,0.9433333333333334,request_rescan,5.598621
6761,6761,0.9433333333333334,discard,5.599188
6762,6762,0.9433333333333334,request_rescan,5.599734
6763,6763,0.9433333333333334,request_rescan,5.600298
6764,6764,0.9433333333333334,request_rescan,5.60085
6765,6765,0.9433333333333334,discard,5.601411
6766,6766,0.9433333333333334,request_rescan,5.601969
6767,6767,0.9433333333333334,discard,5.602525
6768,6768,0.9433333333333334,request_rescan,5.603095
6769,6769,0.76,discard,5.603646
6770,6770,0.76,discard,5.604224
6771,6771,0.9433333333333334,discard,5.604781
6772,6772,0.76,discard,5.605346
6773,6773,0.9433333333333334,request_rescan,5.605898
6774,6774,0.9433333333333334,request_rescan,5.606463
6775,6775,0.9433333333333334,request_rescan,5.60701
6776,6776,0.9433333333333334,discard,5.607572
6777,6777,0.9433333333333334,request_rescan,5.608126
6778,6778,0.9433333333333334,request_rescan,5.608684
6779,6779,0.9433333333333334,discard,5.60923
6780,6780,0.9433333333333334,discard,5.609796
6781,6781,0.9433333333333334,discard,5.610341
6782,6782,0.9433333333333334,request_rescan,5.610904
6783,6783,0.9433333333333334,request_rescan,5.61146
6784,6784,0.9433333333333334,request_rescan,5.612295
6785,6785,0.9433333333333334,request_rescan,5.643534
6786,6786,0.9433333333333334,request_rescan,5.644164
6787,6787,0.9433333333333334,discard,5.644754
6788,6788,0.9433333333333334,request_rescan,5.645575
6789,6789,0.9433333333333334,discard,5.64631
6790,6790,0.9433333333333334,discard,5.646892
6791,6791,0.9433333333333334,discard,5.647458
6792,6792,0.9433333333333334,discard,5.648023
6793,6793,0.9433333333333334,discard,5.648589
6794,6794,0.9433333333333334,discard,5.64915
6795,6795,0.9433333333333334,discard,5.649721
6796,6796,0.9433333333333334,discard,5.650461
6797,6797,0.9433333333333334,request_rescan,5.6511
6798,6798,0.9433333333333334,request_rescan,5.651653
6799,6799,0.9433333333333334,discard,5.652222
6800,6800,0.9433333333333334,request_rescan,5.652773
6801,6801,0.9433333333333334,discard,5.654222
6802,6802,0.9433333333333334,request_rescan,5.654799
6803,6803,0.76,request_rescan,5.655353
6804,6804,0.9433333333333334,request_rescan,5.655909
6805,6805,0.9433333333333334,discard,5.656476
6806,6806,0.9433333333333334,discard,5.657028
6807,6807,0.9433333333333334,request_rescan,5.657594
6808,6808,0.9433333333333334,discard,5.658155
6809,6809,0.9433333333333334,discard,5.658722
6810,6810,0.9433333333333334,discard,5.659285
6811,6811,0.9433333333333334,discard,5.659861
6812,6812,0.9433333333333334,discard,5.661307
6813,6813,0.9433333333333334,request_rescan,5.661868
6814,6814,0.76,discard,5.66242
6815,6815,0.9433333333333334,request_rescan,5.66298
6816,6816,0.9433333333333334,discard,5.663531
6817,6817,0.9433333333333334,discard,5.664088
6818,6818,0.9433333333333334,discard,5.664646
6819,6819,0.9433333333333334,request_rescan,5.665205
6820,6820,0.9433333333333334,discard,5.665774
6821,6821,0.76,request_rescan,5.666325
6822,6822,0.9433333333333334,request_rescan,5.666879
6823,6823,0.9433333333333334,request_rescan,5.667439
6824,6824,0.9433333333333334,discard,5.66799
6825,6825,0.9433333333333334,discard,5.668551
6826,6826,0.9433333333333334,discard,5.669121
6827,6827,0.9433333333333334,discard,5.669677
6828,6828,0.9433333333333334,request_rescan,5.670241
6829,6829,0.9433333333333334,discard,5.670801
6830,6830,0.9433333333333334,discard,5.671351
6831,6831,0.9433333333333334,request_rescan,5.671922
6832,6832,0.9433333333333334,request_rescan,5.67247
6833,6833,0.9433333333333334,discard,5.67303
6834,6834,0.9433333333333334,discard,5.673576
6835,6835,0.9433333333333334,discard,5.674127
6836,6836,0.9433333333333334,request_rescan,5.674684
6837,6837,0.9433333333333334,request_rescan,5.675242
6838,6838,0.9433333333333334,discard,5.675803
6839,6839,0.9433333333333334,request_rescan,5.676361
6840,6840,0.9433333333333334,discard,5.676916
6841,6841,0.9433333333333334,discard,5.67747
6842,6842,0.9433333333333334,request_rescan,5.678053
6843,6843,0.9433333333333334,discard,5.678603
6844,6844,0.9433333333333334,request_rescan,5.679186
6845,6845,0.9433333333333334,discard,5.67973
6846,6846,0.9433333333333334,request_rescan,5.680304
6847,6847,0.9433333333333334,request_rescan,5.680863
6848,6848,0.9433333333333334,discard,5.681434
6849,6849,0.9433333333333334,discard,5.682265
6850,6850,0.9433333333333334,discard,5.683164
6851,6851,0.9433333333333334,discard,5.683707
6852,6852,0.9433333333333334,request_rescan,5.684254
6853,6853,0.9433333333333334,request_rescan,5.68482
6854,6854,0.9433333333333334,request_rescan,5.685378
6855,6855,0.76,request_rescan,5.685942
6856,6856,0.76,discard,5.686503
6857,6857,0.9433333333333334,request_rescan,5.687061
6858,6858,0.9433333333333334,discard,5.6876
6859,6859,0.9433333333333334,discard,5.688165
6860,6860,0.9433333333333334,discard,5.688711
6861,6861,0.9433333333333334,discard,5.689274
6862,6862,0.9433333333333334,request_rescan,5.689815
6863,6863,0.9433333333333334,request_rescan,5.69037
6864,6864,0.9433333333333334,discard,5.690924
6865,6865,0.9433333333333334,discard,5.69148
6866,6866,0.9433333333333334,discard,5.692039
6867,6867,0.9433333333333334,request_rescan,5.692597
6868,6868,0.9433333333333334,request_rescan,5.693151
6869,6869,0.76,discard,5.693689
6870,6870,0.9433333333333334,request_rescan,5.694262
6871,6871,0.9433333333333334,request_rescan,5.694812
6872,6872,0.9433333333333334,request_rescan,5.695375
6873,6873,0.9433333333333334,request_rescan,5.695924
6874,6874,0.9433333333333334,discard,5.696486
6875,6875,0.9433333333333334,discard,5.697038
6876,6876,0.9433333333333334,request_rescan,5.697594
6877,6877,0.9433333333333334,discard,5.698161
6878,6878,0.9433333333333334,discard,5.698704
6879,6879,0.9433333333333334,request_rescan,5.699256
6880,6880,0.9433333333333334,discard,5.69981
6881,6881,0.9433333333333334,request_rescan,5.700355
6882,6882,0.76,request_rescan,5.700917
6883,6883,0.9433333333333334,request_rescan,5.701475
6884,6884,0.9433333333333334,request_rescan,5.702031
6885,6885,0.9433333333333334,discard,5.702585
6886,6886,0.9433333333333334,request_rescan,5.703145
6887,6887,0.9433333333333334,request_rescan,5.7037
6888,6888,0.9433333333333334,request_rescan,5.704252
6889,6889,0.9433333333333334,discard,5.704807
6890,6890,0.9433333333333334,discard,5.705351
6891,6891,0.9433333333333334,discard,5.705906
6892,6892,0.9433333333333334,discard,5.706457
6893,6893,0.9433333333333334,discard,5.707017
6894,6894,0.9433333333333334,discard,5.707579
6895,6895,0.9433333333333334,request_rescan,5.708123
6896,6896,0.9433333333333334,discard,5.708669
6897,6897,0.9433333333333334,request_rescan,5.709229
6898,6898,0.9433333333333334,request_rescan,5.709788
6899,6899,0.9433333333333334,discard,5.710341
6900,6900,0.9433333333333334,discard,5.710897
6901,6901,0.9433333333333334,request_rescan,5.712401
6902,6902,0.9433333333333334,request_rescan,5.712959
6903,6903,0.9433333333333334,discard,5.713518
6904,6904,0.9433333333333334,request_rescan,5.714077
6905,6905,0.9433333333333334,request_rescan,5.714844
6906,6906,0.9433333333333334,request_rescan,5.715847
6907,6907,0.9433333333333334,discard,5.716409
6908,6908,0.9433333333333334,request_rescan,5.716958
6909,6909,0.9433333333333334,request_rescan,5.71752
6910,6910,0.9433333333333334,request_rescan,5.718096
6911,6911,0.9433333333333334,request_rescan,5.718665
6912,6912,0.9433333333333334,discard,5.719225
6913,6913,0.76,request_rescan,5.750427
6914,6914,0.9433333333333334,discard,5.751073
6915,6915,0.9433333333333334,discard,5.751647
6916,6916,0.9433333333333334,discard,5.752214
6917,6917,0.9433333333333334,request_rescan,5.752772
6918,6918,0.9433333333333334,request_rescan,5.753366
6919,6919,0.9433333333333334,discard,5.753934
6920,6920,0.76,discard,5.754488
6921,6921,0.76,request_rescan,5.755049
6922,6922,0.9433333333333334,request_rescan,5.755597
6923,6923,0.9433333333333334,request_rescan,5.756147
6924,6924,0.9433333333333334,discard,5.756712
6925,6925,0.9433333333333334,request_rescan,5.757263
6926,6926,0.9433333333333334,request_rescan,5.757825
6927,6927,0.9433333333333334,discard,5.758369
6928,6928,0.9433333333333334,discard,5.758933
6929,6929,0.9433333333333334,request_rescan,5.759493
6930,6930,0.9433333333333334,discard,5.760048
6931,6931,0.9433333333333334,discard,5.760589
6932,6932,0.9433333333333334,request_rescan,5.762261
6933,6933,0.9433333333333334,request_rescan,5.762845
6934,6934,0.76,discard,5.763403
6935,6935,0.9433333333333334,request_rescan,5.763967
6936,6936,0.9433333333333334,request_rescan,5.764503
6937,6937,0.9433333333333334,discard,5.76507
6938,6938,0.9433333333333334,discard,5.765619
6939,6939,0.9433333333333334,request_rescan,5.766188
6940,6940,0.9433333333333334,discard,5.766735
6941,6941,0.9433333333333334,discard,5.767283
6942,6942,0.9433333333333334,discard,5.767849
6943,6943,0.9433333333333334,request_rescan,5.768399
6944,6944,0.9433333333333334,request_rescan,5.768979
6945,6945,0.9433333333333334,request_rescan,5.769523
6946,6946,0.9433333333333334,discard,5.770095
6947,6947,0.9433333333333334,request_rescan,5.77064
6948,6948,0.9433333333333334,request_rescan,5.771205
6949,6949,0.9433333333333334,request_rescan,5.771748
6950,6950,0.9433333333333334,discard,5.772312
6951,6951,0.9433333333333334,discard,5.772875
6952,6952,0.76,request_rescan,5.773439
6953,6953,0.76,request_rescan,5.774021
6954,6954,0.9433333333333334,discard,5.774574
6955,6955,0.9433333333333334,discard,5.775127
6956,6956,0.9433333333333334,discard,5.775677
6957,6957,0.9433333333333334,discard,5.776224
6958,6958,0.9433333333333334,request_rescan,5.776784
6959,6959,0.9433333333333334,request_rescan,5.777334
6960,6960,0.9433333333333334,discard,5.777897
6961,6961,0.9433333333333334,request_rescan,5.778462
6962,6962,0.9433333333333334,request_rescan,5.77904
6963,6963,0.9433333333333334,request_rescan,5.780142
6964,6964,0.9433333333333334,discard,5.780773
6965,6965,0.9433333333333334,discard,5.78132
6966,6966,0.9433333333333334,request_rescan,5.781881
6967,6967,0.9433333333333334,discard,5.782422
6968,6968,0.9433333333333334,discard,5.782983
6969,6969,0.9433333333333334,discard,5.783534
6970,6970,0.9433333333333334,discard,5.784107
6971,6971,0.9433333333333334,request_rescan,5.784664
6972,6972,0.9433333333333334,discard,5.785242
6973,6973,0.9433333333333334,discard,5.785799
6974,6974,0.9433333333333334,discard,5.786346
6975,6975,0.9433333333333334,request_rescan,5.786891
6976,6976,0.76,discard,5.787451
6977,6977,0.9433333333333334,discard,5.788007
6978,6978,0.9433333333333334,discard,5.78857
6979,6979,0.9433333333333334,request_rescan,5.789119
6980,6980,0.76,discard,5.789675
6981,6981,0.9433333333333334,discard,5.79024
6982,6982,0.9433333333333334,request_rescan,5.790792
6983,6983,0.9433333333333334,discard,5.791337
6984,6984,0.9433333333333334,discard,5.791891
6985,6985,0.9433333333333334,discard,5.792435
6986,6986,0.9433333333333334,discard,5.79299
6987,6987,0.9433333333333334,discard,5.793547
6988,6988,0.76,request_rescan,5.794094
6989,6989,0.9433333333333334,request_rescan,5.794635
6990,6990,0.9433333333333334,request_rescan,5.795199
6991,6991,0.9433333333333334,request_rescan,5.795756
6992,6992,0.76,request_rescan,5.796331
6993,6993,0.9433333333333334,request_rescan,5.796893
6994,6994,0.9433333333333334,discard,5.797441
6995,6995,0.9433333333333334,discard,5.798007
6996,6996,0.9433333333333334,request_rescan,5.798547
6997,6997,0.9433333333333334,request_rescan,5.799101
6998,6998,0.9433333333333334,request_rescan,5.799646
6999,6999,0.9433333333333334,discard,5.800198
7000,7000,0.76,request_rescan,5.800755
7001,7001,0.76,request_rescan,5.802178
7002,7002,0.9433333333333334,discard,5.80273
7003,7003,0.9433333333333334,request_rescan,5.803297
7004,7004,0.9433333333333334,request_rescan,5.803842
7005,7005,0.9433333333333334,discard,5.804394
7006,7006,0.76,request_rescan,5.804947
7007,7007,0.9433333333333334,request_rescan,5.8055
7008,7008,0.9433333333333334,discard,5.806052
7009,7009,0.9433333333333334,request_rescan,5.806595
7010,7010,0.9433333333333334,request_rescan,5.807154
7011,7011,0.9433333333333334,discard,5.807715
7012,7012,0.9433333333333334,request_rescan,5.808274
7013,7013,0.9433333333333334,request_rescan,5.808838
7014,7014,0.9433333333333334,request_rescan,5.809393
7015,7015,0.9433333333333334,discard,5.809955
7016,7016,0.9433333333333334,request_rescan,5.810499
7017,7017,0.9433333333333334,request_rescan,5.811059
7018,7018,0.9433333333333334,request_rescan,5.811597
7019,7019,0.9433333333333334,request_rescan,5.812144
7020,7020,0.9433333333333334,discard,5.812699
7021,7021,0.9433333333333334,discard,5.813256
7022,7022,0.9433333333333334,request_rescan,5.813822
7023,7023,0.9433333333333334,discard,5.814384
7024,7024,0.9433333333333334,request_rescan,5.814939
7025,7025,0.9433333333333334,discard,5.815484
7026,7026,0.9433333333333334,discard,5.81605
7027,7027,0.9433333333333334,discard,5.816601
7028,7028,0.9433333333333334,request_rescan,5.817182
7029,7029,0.9433333333333334,discard,5.817745
7030,7030,0.9433333333333334,request_rescan,5.818474
7031,7031,0.9433333333333334,discard,5.81943
7032,7032,0.9433333333333334,discard,5.819989
7033,7033,0.9433333333333334,request_rescan,5.820557
7034,7034,0.9433333333333334,discard,5.821104
7035,7035,0.9433333333333334,discard,5.821657
7036,7036,0.9433333333333334,request_rescan,5.822232
7037,7037,0.9433333333333334,discard,5.822792
7038,7038,0.9433333333333334,request_rescan,5.823356
7039,7039,0.9433333333333334,discard,5.823911
7040,7040,0.76,discard,5.824472
7041,7041,0.9433333333333334,discard,5.878055
7042,7042,0.9433333333333334,discard,5.878795
7043,7043,0.9433333333333334,discard,5.879807
7044,7044,0.9433333333333334,request_rescan,5.880833
7045,7045,0.9433333333333334,request_rescan,5.881467
7046,7046,0.9433333333333334,request_rescan,5.882049
7047,7047,0.9433333333333334,discard,5.88262
7048,7048,0.9433333333333334,request_rescan,5.883189
7049,7049,0.9433333333333334,discard,5.883753
7050,7050,0.9433333333333334,discard,5.884314
7051,7051,0.9433333333333334,discard,5.884891
7052,7052,0.9433333333333334,request_rescan,5.885447
7053,7053,0.9433333333333334,discard,5.886014
7054,7054,0.9433333333333334,discard,5.886566
7055,7055,0.9433333333333334,discard,5.887126
7056,7056,0.9433333333333334,discard,5.887674
7057,7057,0.9433333333333334,discard,5.888243
7058,7058,0.9433333333333334,request_rescan,5.888975
7059,7059,0.9433333333333334,request_rescan,5.889588
7060,7060,0.9433333333333334,discard,5.890177
7061,7061,0.9433333333333334,discard,5.890746
7062,7062,0.9433333333333334,request_rescan,5.891317
7063,7063,0.9433333333333334,discard,5.891909
7064,7064,0.9433333333333334,request_rescan,5.892458
7065,7065,0.9433333333333334,discard,5.893048
7066,7066,0.9433333333333334,discard,5.893593
7067,7067,0.9433333333333334,discard,5.894169
7068,7068,0.9433333333333334,request_rescan,5.894724
7069,7069,0.9433333333333334,discard,5.895555
7070,7070,0.9433333333333334,discard,5.896108
7071,7071,0.9433333333333334,discard,5.896655
7072,7072,0.9433333333333334,discard,5.897217
7073,7073,0.9433333333333334,discard,5.897777
7074,7074,0.9433333333333334,request_rescan,5.898334
7075,7075,0.9433333333333334,discard,5.898906
7076,7076,0.9433333333333334,request_rescan,5.899451
7077,7077,0.9433333333333334,request_rescan,5.900004
7078,7078,0.9433333333333334,discard,5.900545
7079,7079,0.9433333333333334,request_rescan,5.901088
7080,7080,0.9433333333333334,discard,5.901642
7081,7081,0.9433333333333334,request_rescan,5.902195
7082,7082,0.9433333333333334,discard,5.902736
7083,7083,0.9433333333333334,discard,5.903268
7084,7084,0.9433333333333334,request_rescan,5.9038
7085,7085,0.9433333333333334,request_rescan,5.904312
7086,7086,0.9433333333333334,request_rescan,5.904889
7087,7087,0.9433333333333334,request_rescan,5.905409
7088,7088,0.9433333333333334,request_rescan,5.905978
7089,7089,0.9433333333333334,discard,5.906515
7090,7090,0.9433333333333334,request_rescan,5.907081
7091,7091,0.9433333333333334,discard,5.907606
7092,7092,0.9433333333333334,discard,5.908162
7093,7093,0.9433333333333334,request_rescan,5.908691
7094,7094,0.9433333333333334,request_rescan,5.909219
7095,7095,0.9433333333333334,discard,5.909744
7096,7096,0.9433333333333334,discard,5.910304
7097,7097,0.9433333333333334,discard,5.910875
7098,7098,0.9433333333333334,request_rescan,5.911454
7099,7099,0.9433333333333334,discard,5.912021
7100,7100,0.9433333333333334,request_rescan,5.912553
7101,7101,0.9433333333333334,discard,5.914001
7102,7102,0.9433333333333334,discard,5.914542
7103,7103,0.9433333333333334,request_rescan,5.915092
7104,7104,0.9433333333333334,discard,5.915617
7105,7105,0.9433333333333334,request_rescan,5.916163
7106,7106,0.76,discard,5.91669
7107,7107,0.9433333333333334,discard,5.91723
7108,7108,0.9433333333333334,discard,5.917753
7109,7109,0.9433333333333334,request_rescan,5.918316
7110,7110,0.9433333333333334,discard,5.918888
7111,7111,0.9433333333333334,discard,5.919437
7112,7112,0.9433333333333334,request_rescan,5.920022
7113,7113,0.9433333333333334,request_rescan,5.920559
7114,7114,0.9433333333333334,request_rescan,5.921113
7115,7115,0.9433333333333334,discard,5.92166
7116,7116,0.9433333333333334,discard,5.922242
7117,7117,0.9433333333333334,request_rescan,5.922787
7118,7118,0.9433333333333334,discard,5.923348
7119,7119,0.9433333333333334,request_rescan,5.92391
7120,7120,0.9433333333333334,discard,5.924452
7121,7121,0.9433333333333334,request_rescan,5.925024
7122,7122,0.9433333333333334,request_rescan,5.925569
7123,7123,0.9433333333333334,discard,5.926157
7124,7124,0.9433333333333334,discard,5.926687
7125,7125,0.9433333333333334,discard,5.927284
7126,7126,0.9433333333333334,discard,5.92783
7127,7127,0.9433333333333334,request_rescan,5.928387
7128,7128,0.9433333333333334,request_rescan,5.928931
7129,7129,0.9433333333333334,request_rescan,5.929485
7130,7130,0.9433333333333334,request_rescan,5.930058
7131,7131,0.9433333333333334,request_rescan,5.930648
7132,7132,0.9433333333333334,request_rescan,5.931479
7133,7133,0.9433333333333334,request_rescan,5.932579
7134,7134,0.76,request_rescan,5.93321
7135,7135,0.9433333333333334,request_rescan,5.933753
7136,7136,0.9433333333333334,request_rescan,5.934315
7137,7137,0.9433333333333334,request_rescan,5.934874
7138,7138,0.9433333333333334,request_rescan,5.935451
7139,7139,0.9433333333333334,request_rescan,5.936002
7140,7140,0.9433333333333334,discard,5.936573
7141,7141,0.9433333333333334,discard,5.937137
7142,7142,0.9433333333333334,discard,5.9377
7143,7143,0.9433333333333334,discard,5.938261
7144,7144,0.9433333333333334,request_rescan,5.938826
7145,7145,0.9433333333333334,request_rescan,5.939387
7146,7146,0.9433333333333334,discard,5.939957
7147,7147,0.9433333333333334,discard,5.940511
7148,7148,0.9433333333333334,discard,5.941071
7149,7149,0.9433333333333334,request_rescan,5.941629
7150,7150,0.9433333333333334,request_rescan,5.942185
7151,7151,0.9433333333333334,discard,5.942748
7152,7152,0.9433333333333334,discard,5.943306
7153,7153,0.9433333333333334,request_rescan,5.943875
7154,7154,0.9433333333333334,discard,5.944451
7155,7155,0.9433333333333334,discard,5.945097
7156,7156,0.9433333333333334,discard,5.945655
7157,7157,0.9433333333333334,request_rescan,5.946232
7158,7158,0.9433333333333334,request_rescan,5.946789
7159,7159,0.9433333333333334,request_rescan,5.947349
7160,7160,0.9433333333333334,request_rescan,5.947907
7161,7161,0.9433333333333334,discard,5.948451
7162,7162,0.9433333333333334,request_rescan,5.949029
7163,7163,0.9433333333333334,request_rescan,5.949565
7164,7164,0.9433333333333334,request_rescan,5.950146
7165,7165,0.9433333333333334,discard,5.950683
7166,7166,0.9433333333333334,discard,5.951238
7167,7167,0.9433333333333334,request_rescan,5.951787
7168,7168,0.9433333333333334,request_rescan,5.952341
7169,7169,0.9433333333333334,request_rescan,5.986007
7170,7170,0.9433333333333334,request_rescan,5.98667
7171,7171,0.9433333333333334,request_rescan,5.987266
7172,7172,0.9433333333333334,discard,5.98791
7173,7173,0.9433333333333334,request_rescan,5.988501
7174,7174,0.9433333333333334,request_rescan,5.989104
7175,7175,0.9433333333333334,discard,5.989684
7176,7176,0.9433333333333334,discard,5.99046
7177,7177,0.9433333333333334,request_rescan,5.991033
7178,7178,0.9433333333333334,request_rescan,5.991573
7179,7179,0.9433333333333334,request_rescan,5.992144
7180,7180,0.9433333333333334,discard,5.992696
7181,7181,0.9433333333333334,request_rescan,5.993265
7182,7182,0.9433333333333334,discard,5.993816
7183,7183,0.9433333333333334,request_rescan,5.994373
7184,7184,0.9433333333333334,discard,5.994927
7185,7185,0.9433333333333334,discard,5.995491
7186,7186,0.9433333333333334,request_rescan,5.996045
7187,7187,0.9433333333333334,discard,5.996597
7188,7188,0.9433333333333334,request_rescan,5.997153
7189,7189,0.9433333333333334,request_rescan,5.997701
7190,7190,0.9433333333333334,discard,5.998253
7191,7191,0.9433333333333334,discard,5.998803
7192,7192,0.9433333333333334,discard,5.999344
7193,7193,0.9433333333333334,discard,5.999901
7194,7194,0.9433333333333334,discard,6.000439
7195,7195,0.9433333333333334,request_rescan,6.001002
7196,7196,0.9433333333333334,discard,6.001544
7197,7197,0.76,request_rescan,6.002091
7198,7198,0.9433333333333334,discard,6.002645
7199,7199,0.9433333333333334,discard,6.003212
7200,7200,0.9433333333333334,discard,6.003753
7201,7201,0.9433333333333334,request_rescan,6.005192
7202,7202,0.9433333333333334,request_rescan,6.005739
7203,7203,0.9433333333333334,discard,6.006305
7204,7204,0.76,discard,6.006854
7205,7205,0.9433333333333334,discard,6.007414
7206,7206,0.76,request_rescan,6.007961
7207,7207,0.9433333333333334,discard,6.008523
7208,7208,0.9433333333333334,discard,6.009072
7209,7209,0.9433333333333334,request_rescan,6.009625
7210,7210,0.9433333333333334,request_rescan,6.010175
7211,7211,0.9433333333333334,discard,6.010735
7212,7212,0.9433333333333334,request_rescan,6.011283
7213,7213,0.9433333333333334,request_rescan,6.011848
7214,7214,0.9433333333333334,request_rescan,6.012402
7215,7215,0.9433333333333334,request_rescan,6.012966
7216,7216,0.9433333333333334,request_rescan,6.013509
7217,7217,0.76,request_rescan,6.014075
7218,7218,0.9433333333333334,discard,6.014618
7219,7219,0.9433333333333334,request_rescan,6.015166
7220,7220,0.9433333333333334,request_rescan,6.015724
7221,7221,0.9433333333333334,request_rescan,6.016266
7222,7222,0.9433333333333334,request_rescan,6.016836
7223,7223,0.9433333333333334,request_rescan,6.017389
7224,7224,0.9433333333333334,request_rescan,6.017952
7225,7225,0.9433333333333334,discard,6.01849
7226,7226,0.9433333333333334,discard,6.019045
7227,7227,0.9433333333333334,discard,6.019581
7228,7228,0.9433333333333334,discard,6.02016
7229,7229,0.9433333333333334,discard,6.020699
7230,7230,0.9433333333333334,request_rescan,6.021274
7231,7231,0.9433333333333334,request_rescan,6.021819
7232,7232,0.9433333333333334,request_rescan,6.022374
7233,7233,0.9433333333333334,request_rescan,6.022939
7234,7234,0.9433333333333334,discard,6.023484
7235,7235,0.9433333333333334,request_rescan,6.024016
7236,7236,0.76,discard,6.024572
7237,7237,0.9433333333333334,discard,6.025113
7238,7238,0.9433333333333334,discard,6.025661
7239,7239,0.9433333333333334,request_rescan,6.026235
7240,7240,0.9433333333333334,discard,6.026774
7241,7241,0.9433333333333334,request_rescan,6.027342
7242,7242,0.9433333333333334,discard,6.027909
7243,7243,0.9433333333333334,request_rescan,6.028485
7244,7244,0.9433333333333334,request_rescan,6.029043
7245,7245,0.9433333333333334,request_rescan,6.029592
7246,7246,0.9433333333333334,request_rescan,6.030168
7247,7247,0.9433333333333334,request_rescan,6.030722
7248,7248,0.9433333333333334,discard,6.03129
7249,7249,0.9433333333333334,request_rescan,6.031866
7250,7250,0.9433333333333334,discard,6.032464
7251,7251,0.9433333333333334,request_rescan,6.033799
7252,7252,0.9433333333333334,discard,6.034427
7253,7253,0.9433333333333334,discard,6.03499
7254,7254,0.9433333333333334,request_rescan,6.035545
7255,7255,0.9433333333333334,request_rescan,6.036107
7256,7256,0.9433333333333334,discard,6.036657
7257,7257,0.9433333333333334,discard,6.037221
7258,7258,0.9433333333333334,request_rescan,6.037792
7259,7259,0.9433333333333334,request_rescan,6.038359
7260,7260,0.9433333333333334,request_rescan,6.038934
7261,7261,0.9433333333333334,request_rescan,6.039484
7262,7262,0.9433333333333334,discard,6.04006
7263,7263,0.9433333333333334,discard,6.040604
7264,7264,0.9433333333333334,discard,6.041163
7265,7265,0.9433333333333334,discard,6.041715
7266,7266,0.9433333333333334,request_rescan,6.042274
7267,7267,0.9433333333333334,request_rescan,6.042829
7268,7268,0.76,discard,6.043372
7269,7269,0.76,log_and_continue,6.043918
7270,7270,0.9433333333333334,discard,6.044458
7271,7271,0.9433333333333334,request_rescan,6.045018
7272,7272,0.9433333333333334,discard,6.045633
7273,7273,0.9433333333333334,request_rescan,6.046213
7274,7274,0.9433333333333334,discard,6.046752
7275,7275,0.9433333333333334,request_rescan,6.047304
7276,7276,0.9433333333333334,discard,6.047852
7277,7277,0.9433333333333334,request_rescan,6.048396
7278,7278,0.76,request_rescan,6.048945
7279,7279,0.9433333333333334,discard,6.049483
7280,7280,0.9433333333333334,discard,6.050027
7281,7281,0.9433333333333334,request_rescan,6.050569
7282,7282,0.9433333333333334,discard,6.051115
7283,7283,0.9433333333333334,discard,6.051663
7284,7284,0.9433333333333334,request_rescan,6.052295
7285,7285,0.9433333333333334,discard,6.052841
7286,7286,0.9433333333333334,request_rescan,6.053378
7287,7287,0.9433333333333334,discard,6.053931
7288,7288,0.9433333333333334,request_rescan,6.054465
7289,7289,0.9433333333333334,discard,6.055025
7290,7290,0.9433333333333334,discard,6.055566
7291,7291,0.9433333333333334,request_rescan,6.056119
7292,7292,0.9433333333333334,discard,6.056654
7293,7293,0.9433333333333334,request_rescan,6.057216
7294,7294,0.9433333333333334,discard,6.057757
7295,7295,0.9433333333333334,discard,6.058319
7296,7296,0.9433333333333334,discard,6.058862
7297,7297,0.9433333333333334,discard,6.090025
7298,7298,0.76,discard,6.090637
7299,7299,0.9433333333333334,discard,6.09123
7300,7300,0.9433333333333334,discard,6.091804
7301,7301,0.9433333333333334,request_rescan,6.093255
7302,7302,0.76,discard,6.093817
7303,7303,0.9433333333333334,discard,6.094389
7304,7304,0.9433333333333334,discard,6.094952
7305,7305,0.9433333333333334,request_rescan,6.095518
7306,7306,0.9433333333333334,discard,6.096077
7307,7307,0.9433333333333334,request_rescan,6.096653
7308,7308,0.76,discard,6.097213
7309,7309,0.76,discard,6.097785
7310,7310,0.9433333333333334,request_rescan,6.098341
7311,7311,0.9433333333333334,discard,6.098916
7312,7312,0.76,discard,6.099481
7313,7313,0.9433333333333334,discard,6.100048
7314,7314,0.9433333333333334,discard,6.100621
7315,7315,0.9433333333333334,discard,6.101179
7316,7316,0.9433333333333334,request_rescan,6.101747
7317,7317,0.9433333333333334,discard,6.102305
7318,7318,0.9433333333333334,discard,6.102865
7319,7319,0.9433333333333334,discard,6.103424
7320,7320,0.9433333333333334,discard,6.103977
7321,7321,0.9433333333333334,request_rescan,6.104541
7322,7322,0.9433333333333334,request_rescan,6.105108
7323,7323,0.9433333333333334,request_rescan,6.105682
7324,7324,0.9433333333333334,request_rescan,6.106265
7325,7325,0.9433333333333334,discard,6.10683
7326,7326,0.9433333333333334,request_rescan,6.107391
7327,7327,0.9433333333333334,request_rescan,6.107962
7328,7328,0.9433333333333334,discard,6.108527
7329,7329,0.9433333333333334,discard,6.109097
7330,7330,0.9433333333333334,request_rescan,6.10967
7331,7331,0.9433333333333334,discard,6.110233
7332,7332,0.9433333333333334,discard,6.110804
7333,7333,0.9433333333333334,request_rescan,6.111412
7334,7334,0.9433333333333334,discard,6.112021
7335,7335,0.9433333333333334,request_rescan,6.112592
7336,7336,0.9433333333333334,request_rescan,6.11318
7337,7337,0.9433333333333334,discard,6.113734
7338,7338,0.9433333333333334,request_rescan,6.11431
7339,7339,0.9433333333333334,request_rescan,6.115147
7340,7340,0.9433333333333334,request_rescan,6.116188
7341,7341,0.9433333333333334,discard,6.116742
7342,7342,0.9433333333333334,discard,6.117332
7343,7343,0.9433333333333334,request_rescan,6.117901
7344,7344,0.9433333333333334,discard,6.118469
7345,7345,0.9433333333333334,request_rescan,6.119057
7346,7346,0.76,discard,6.119635
7347,7347,0.9433333333333334,request_rescan,6.120202
7348,7348,0.9433333333333334,discard,6.120787
7349,7349,0.9433333333333334,discard,6.12136
7350,7350,0.9433333333333334,request_rescan,6.121923
7351,7351,0.9433333333333334,request_rescan,6.122496
7352,7352,0.9433333333333334,discard,6.123068
7353,7353,0.9433333333333334,discard,6.123649
7354,7354,0.9433333333333334,discard,6.124223
7355,7355,0.9433333333333334,discard,6.124797
7356,7356,0.9433333333333334,discard,6.12535
7357,7357,0.9433333333333334,request_rescan,6.125919
7358,7358,0.9433333333333334,request_rescan,6.126475
7359,7359,0.9433333333333334,request_rescan,6.127048
7360,7360,0.9433333333333334,discard,6.127602
7361,7361,0.76,discard,6.128189
7362,7362,0.9433333333333334,discard,6.12876
7363,7363,0.9433333333333334,request_rescan,6.129629
7364,7364,0.76,request_rescan,6.130194
7365,7365,0.9433333333333334,discard,6.130764
7366,7366,0.9433333333333334,discard,6.131344
7367,7367,0.9433333333333334,request_rescan,6.131932
7368,7368,0.9433333333333334,discard,6.132901
7369,7369,0.9433333333333334,request_rescan,6.133471
7370,7370,0.9433333333333334,discard,6.134026
7371,7371,0.9433333333333334,request_rescan,6.134573
7372,7372,0.9433333333333334,request_rescan,6.13515
7373,7373,0.9433333333333334,request_rescan,6.135705
7374,7374,0.9433333333333334,discard,6.136278
7375,7375,0.9433333333333334,discard,6.13684
7376,7376,0.9433333333333334,discard,6.137407
7377,7377,0.9433333333333334,request_rescan,6.137962
7378,7378,0.9433333333333334,request_rescan,6.138532
7379,7379,0.9433333333333334,request_rescan,6.139093
7380,7380,0.9433333333333334,discard,6.139659
7381,7381,0.9433333333333334,request_rescan,6.140215
7382,7382,0.9433333333333334,discard,6.140781
7383,7383,0.9433333333333334,discard,6.141339
7384,7384,0.9433333333333334,request_rescan,6.14191
7385,7385,0.9433333333333334,request_rescan,6.142465
7386,7386,0.9433333333333334,request_rescan,6.143037
7387,7387,0.9433333333333334,discard,6.14359
7388,7388,0.9433333333333334,request_rescan,6.144165
7389,7389,0.9433333333333334,request_rescan,6.144732
7390,7390,0.9433333333333334,discard,6.145295
7391,7391,0.9433333333333334,discard,6.145863
7392,7392,0.9433333333333334,request_rescan,6.146426
7393,7393,0.9433333333333334,discard,6.146997
7394,7394,0.9433333333333334,request_rescan,6.147553
7395,7395,0.76,discard,6.148126
7396,7396,0.9433333333333334,request_rescan,6.148675
7397,7397,0.76,discard,6.149249
7398,7398,0.9433333333333334,discard,6.149807
7399,7399,0.9433333333333334,discard,6.150365
7400,7400,0.9433333333333334,discard,6.150923
7401,7401,0.9433333333333334,discard,6.152388
7402,7402,0.9433333333333334,request_rescan,6.152967
7403,7403,0.9433333333333334,discard,6.153523
7404,7404,0.9433333333333334,discard,6.154081
7405,7405,0.9433333333333334,discard,6.154651
7406,7406,0.9433333333333334,request_rescan,6.155227
7407,7407,0.9433333333333334,request_rescan,6.155787
7408,7408,0.9433333333333334,request_rescan,6.156352
7409,7409,0.9433333333333334,discard,6.156908
7410,7410,0.9433333333333334,discard,6.157479
7411,7411,0.9433333333333334,request_rescan,6.158039
7412,7412,0.9433333333333334,request_rescan,6.158591
7413,7413,0.9433333333333334,request_rescan,6.159162
7414,7414,0.9433333333333334,request_rescan,6.159719
7415,7415,0.9433333333333334,request_rescan,6.160289
7416,7416,0.9433333333333334,request_rescan,6.160838
7417,7417,0.9433333333333334,request_rescan,6.161407
7418,7418,0.9433333333333334,discard,6.161975
7419,7419,0.9433333333333334,request_rescan,6.162531
7420,7420,0.9433333333333334,discard,6.163099
7421,7421,0.9433333333333334,request_rescan,6.163654
7422,7422,0.9433333333333334,request_rescan,6.164233
7423,7423,0.9433333333333334,discard,6.164798
7424,7424,0.9433333333333334,request_rescan,6.165381
7425,7425,0.9433333333333334,request_rescan,6.198615
7426,7426,0.9433333333333334,discard,6.19928
7427,7427,0.76,discard,6.199871
7428,7428,0.9433333333333334,discard,6.200429
7429,7429,0.9433333333333334,request_rescan,6.201004
7430,7430,0.9433333333333334,request_rescan,6.201553
7431,7431,0.9433333333333334,request_rescan,6.202118
7432,7432,0.9433333333333334,discard,6.202679
7433,7433,0.9433333333333334,discard,6.203251
7434,7434,0.9433333333333334,request_rescan,6.203815
7435,7435,0.9433333333333334,discard,6.204377
7436,7436,0.9433333333333334,discard,6.204936
7437,7437,0.9433333333333334,request_rescan,6.205496
7438,7438,0.9433333333333334,discard,6.206056
7439,7439,0.9433333333333334,request_rescan,6.206622
7440,7440,0.9433333333333334,discard,6.207182
7441,7441,0.9433333333333334,request_rescan,6.207732
7442,7442,0.9433333333333334,request_rescan,6.208301
7443,7443,0.9433333333333334,discard,6.208866
7444,7444,0.9433333333333334,discard,6.209426
7445,7445,0.9433333333333334,discard,6.209996
7446,7446,0.9433333333333334,request_rescan,6.210554
7447,7447,0.9433333333333334,request_rescan,6.211125
7448,7448,0.9433333333333334,request_rescan,6.211696
7449,7449,0.9433333333333334,discard,6.212264
7450,7450,0.9433333333333334,request_rescan,6.212848
7451,7451,0.9433333333333334,discard,6.213408
7452,7452,0.9433333333333334,request_rescan,6.213979
7453,7453,0.9433333333333334,request_rescan,6.214882
7454,7454,0.9433333333333334,discard,6.21591
7455,7455,0.9433333333333334,discard,6.216468
7456,7456,0.9433333333333334,request_rescan,6.21704
7457,7457,0.9433333333333334,request_rescan,6.217598
7458,7458,0.9433333333333334,discard,6.218169
7459,7459,0.9433333333333334,request_rescan,6.218727
7460,7460,0.9433333333333334,discard,6.219299
7461,7461,0.9433333333333334,discard,6.219875
7462,7462,0.9433333333333334,discard,6.220446
7463,7463,0.9433333333333334,request_rescan,6.221008
7464,7464,0.9433333333333334,request_rescan,6.221578
7465,7465,0.9433333333333334,discard,6.222135
7466,7466,0.9433333333333334,request_rescan,6.222708
7467,7467,0.9433333333333334,request_rescan,6.223272
7468,7468,0.9433333333333334,request_rescan,6.223833
7469,7469,0.9433333333333334,discard,6.22439
7470,7470,0.9433333333333334,discard,6.224951
7471,7471,0.9433333333333334,discard,6.22552
7472,7472,0.9433333333333334,discard,6.226096
7473,7473,0.9433333333333334,discard,6.226656
7474,7474,0.9433333333333334,request_rescan,6.22721
7475,7475,0.9433333333333334,request_rescan,6.228032
7476,7476,0.9433333333333334,request_rescan,6.228661
7477,7477,0.9433333333333334,discard,6.229238
7478,7478,0.76,request_rescan,6.229797
7479,7479,0.9433333333333334,request_rescan,6.230364
7480,7480,0.9433333333333334,discard,6.230933
7481,7481,0.9433333333333334,request_rescan,6.231583
7482,7482,0.9433333333333334,request_rescan,6.232566
7483,7483,0.9433333333333334,discard,6.233146
7484,7484,0.9433333333333334,request_rescan,6.233711
7485,7485,0.9433333333333334,discard,6.234273
7486,7486,0.9433333333333334,request_rescan,6.234849
7487,7487,0.9433333333333334,request_rescan,6.235406
7488,7488,0.9433333333333334,request_rescan,6.235979
7489,7489,0.76,discard,6.236529
7490,7490,0.9433333333333334,discard,6.237107
7491,7491,0.9433333333333334,discard,6.23766
7492,7492,0.9433333333333334,discard,6.238216
7493,7493,0.9433333333333334,request_rescan,6.238782
7494,7494,0.9433333333333334,discard,6.239345
7495,7495,0.9433333333333334,request_rescan,6.239916
7496,7496,0.9433333333333334,discard,6.240475
7497,7497,0.9433333333333334,request_rescan,6.241041
7498,7498,0.9433333333333334,discard,6.241604
7499,7499,0.9433333333333334,request_rescan,6.242165
7500,7500,0.9433333333333334,request_rescan,6.242738
7501,7501,0.9433333333333334,discard,6.244246
7502,7502,0.9433333333333334,request_rescan,6.244813
7503,7503,0.9433333333333334,request_rescan,6.24538
7504,7504,0.9433333333333334,discard,6.245944
7505,7505,0.9433333333333334,discard,6.246509
7506,7506,0.9433333333333334,discard,6.24707
7507,7507,0.9433333333333334,request_rescan,6.24764
7508,7508,0.9433333333333334,discard,6.248193
7509,7509,0.9433333333333334,request_rescan,6.248763
7510,7510,0.9433333333333334,discard,6.249326
7511,7511,0.9433333333333334,discard,6.249889
7512,7512,0.9433333333333334,discard,6.250469
7513,7513,0.9433333333333334,discard,6.251035
7514,7514,0.9433333333333334,request_rescan,6.251597
7515,7515,0.9433333333333334,discard,6.252157
7516,7516,0.9433333333333334,request_rescan,6.252724
7517,7517,0.9433333333333334,discard,6.253288
7518,7518,0.9433333333333334,request_rescan,6.253859
7519,7519,0.9433333333333334,discard,6.254432
7520,7520,0.76,request_rescan,6.254998
7521,7521,0.9433333333333334,request_rescan,6.255569
7522,7522,0.9433333333333334,request_rescan,6.256136
7523,7523,0.9433333333333334,request_rescan,6.256692
7524,7524,0.9433333333333334,request_rescan,6.257265
7525,7525,0.9433333333333334,request_rescan,6.257826
7526,7526,0.9433333333333334,request_rescan,6.258394
7527,7527,0.9433333333333334,discard,6.258967
7528,7528,0.9433333333333334,request_rescan,6.259549
7529,7529,0.9433333333333334,discard,6.260128
7530,7530,0.9433333333333334,discard,6.260688
7531,7531,0.9433333333333334,discard,6.261243
7532,7532,0.9433333333333334,request_rescan,6.261827
7533,7533,0.9433333333333334,discard,6.262414
7534,7534,0.9433333333333334,discard,6.262988
7535,7535,0.9433333333333334,request_rescan,6.263568
7536,7536,0.9433333333333334,discard,6.264131
7537,7537,0.9433333333333334,discard,6.264699
7538,7538,0.9433333333333334,discard,6.265266
7539,7539,0.9433333333333334,discard,6.265857
7540,7540,0.9433333333333334,request_rescan,6.267869
7541,7541,0.9433333333333334,request_rescan,6.268433
7542,7542,0.9433333333333334,request_rescan,6.268999
7543,7543,0.9433333333333334,discard,6.269547
7544,7544,0.9433333333333334,request_rescan,6.270114
7545,7545,0.9433333333333334,request_rescan,6.270657
7546,7546,0.9433333333333334,discard,6.27123
7547,7547,0.9433333333333334,discard,6.271794
7548,7548,0.9433333333333334,request_rescan,6.272353
7549,7549,0.9433333333333334,request_rescan,6.272927
7550,7550,0.9433333333333334,discard,6.273502
7551,7551,0.9433333333333334,request_rescan,6.274069
7552,7552,0.9433333333333334,request_rescan,6.274631
7553,7553,0.9433333333333334,request_rescan,6.304872
7554,7554,0.9433333333333334,request_rescan,6.305482
7555,7555,0.9433333333333334,discard,6.306029
7556,7556,0.9433333333333334,request_rescan,6.306592
7557,7557,0.9433333333333334,discard,6.30714
7558,7558,0.9433333333333334,discard,6.307704
7559,7559,0.9433333333333334,discard,6.308252
7560,7560,0.9433333333333334,request_rescan,6.308819
7561,7561,0.9433333333333334,discard,6.309367
7562,7562,0.9433333333333334,request_rescan,6.309931
7563,7563,0.9433333333333334,request_rescan,6.31049
7564,7564,0.9433333333333334,request_rescan,6.311048
7565,7565,0.9433333333333334,discard,6.311922
7566,7566,0.9433333333333334,discard,6.31247
7567,7567,0.9433333333333334,request_rescan,6.313037
7568,7568,0.9433333333333334,discard,6.31358
7569,7569,0.9433333333333334,request_rescan,6.31413
7570,7570,0.9433333333333334,request_rescan,6.314696
7571,7571,0.9433333333333334,request_rescan,6.31528
7572,7572,0.9433333333333334,request_rescan,6.315834
7573,7573,0.9433333333333334,request_rescan,6.316514
7574,7574,0.9433333333333334,discard,6.317474
7575,7575,0.9433333333333334,discard,6.318046
7576,7576,0.9433333333333334,discard,6.318602
7577,7577,0.9433333333333334,request_rescan,6.319155
7578,7578,0.9433333333333334,request_rescan,6.3197
7579,7579,0.9433333333333334,request_rescan,6.320262
7580,7580,0.9433333333333334,request_rescan,6.320819
7581,7581,0.9433333333333334,request_rescan,6.321373
7582,7582,0.9433333333333334,request_rescan,6.321937
7583,7583,0.9433333333333334,discard,6.322486
7584,7584,0.9433333333333334,request_rescan,6.323058
7585,7585,0.9433333333333334,request_rescan,6.323599
7586,7586,0.9433333333333334,discard,6.324146
7587,7587,0.9433333333333334,request_rescan,6.324706
7588,7588,0.9433333333333334,discard,6.325272
7589,7589,0.9433333333333334,request_rescan,6.325826
7590,7590,0.9433333333333334,discard,6.326385
7591,7591,0.9433333333333334,discard,6.326939
7592,7592,0.9433333333333334,request_rescan,6.32751
7593,7593,0.9433333333333334,request_rescan,6.328427
7594,7594,0.9433333333333334,request_rescan,6.328996
7595,7595,0.9433333333333334,request_rescan,6.329539
7596,7596,0.9433333333333334,discard,6.330104
7597,7597,0.9433333333333334,request_rescan,6.330646
7598,7598,0.9433333333333334,discard,6.331213
7599,7599,0.9433333333333334,request_rescan,6.331764
7600,7600,0.9433333333333334,discard,6.33234
7601,7601,0.9433333333333334,discard,6.334237
7602,7602,0.9433333333333334,request_rescan,6.334798
7603,7603,0.9433333333333334,request_rescan,6.335366
7604,7604,0.76,request_rescan,6.335917
7605,7605,0.9433333333333334,request_rescan,6.336478
7606,7606,0.9433333333333334,request_rescan,6.337031
7607,7607,0.9433333333333334,discard,6.337593
7608,7608,0.9433333333333334,request_rescan,6.338145
7609,7609,0.9433333333333334,discard,6.3387
7610,7610,0.9433333333333334,discard,6.339252
7611,7611,0.9433333333333334,request_rescan,6.339809
7612,7612,0.76,discard,6.340363
7613,7613,0.9433333333333334,request_rescan,6.340926
7614,7614,0.9433333333333334,discard,6.341478
7615,7615,0.9433333333333334,request_rescan,6.342031
7616,7616,0.9433333333333334,discard,6.34259
7617,7617,0.9433333333333334,discard,6.343144
7618,7618,0.9433333333333334,request_rescan,6.343702
7619,7619,0.9433333333333334,discard,6.344262
7620,7620,0.9433333333333334,request_rescan,6.344822
7621,7621,0.9433333333333334,request_rescan,6.345369
7622,7622,0.9433333333333334,request_rescan,6.345938
7623,7623,0.9433333333333334,request_rescan,6.346488
7624,7624,0.9433333333333334,request_rescan,6.347054
7625,7625,0.9433333333333334,request_rescan,6.347617
7626,7626,0.9433333333333334,request_rescan,6.348175
7627,7627,0.9433333333333334,request_rescan,6.348726
7628,7628,0.9433333333333334,request_rescan,6.34928
7629,7629,0.9433333333333334,request_rescan,6.349848
7630,7630,0.9433333333333334,request_rescan,6.350409
7631,7631,0.9433333333333334,request_rescan,6.351262
7632,7632,0.9433333333333334,discard,6.352209
7633,7633,0.9433333333333334,discard,6.352758
7634,7634,0.9433333333333334,request_rescan,6.353327
7635,7635,0.9433333333333334,request_rescan,6.353894
7636,7636,0.9433333333333334,request_rescan,6.354447
7637,7637,0.9433333333333334,discard,6.355
7638,7638,0.9433333333333334,discard,6.355575
7639,7639,0.9433333333333334,request_rescan,6.356147
7640,7640,0.9433333333333334,discard,6.3567
7641,7641,0.9433333333333334,request_rescan,6.35727
7642,7642,0.9433333333333334,discard,6.357827
7643,7643,0.9433333333333334,request_rescan,6.358395
7644,7644,0.9433333333333334,request_rescan,6.358963
7645,7645,0.9433333333333334,discard,6.359512
7646,7646,0.9433333333333334,discard,6.36007
7647,7647,0.9433333333333334,discard,6.360628
7648,7648,0.9433333333333334,request_rescan,6.361218
7649,7649,0.9433333333333334,discard,6.361797
7650,7650,0.9433333333333334,request_rescan,6.362518
7651,7651,0.9433333333333334,request_rescan,6.363069
7652,7652,0.9433333333333334,discard,6.36363
7653,7653,0.9433333333333334,request_rescan,6.364183
7654,7654,0.9433333333333334,discard,6.36476
7655,7655,0.9433333333333334,discard,6.365324
7656,7656,0.9433333333333334,request_rescan,6.365886
7657,7657,0.9433333333333334,discard,6.366538
7658,7658,0.9433333333333334,request_rescan,6.368486
7659,7659,0.9433333333333334,request_rescan,6.369181
7660,7660,0.9433333333333334,request_rescan,6.369761
7661,7661,0.9433333333333334,request_rescan,6.370337
7662,7662,0.9433333333333334,request_rescan,6.370911
7663,7663,0.9433333333333334,request_rescan,6.371473
7664,7664,0.9433333333333334,request_rescan,6.372036
7665,7665,0.9433333333333334,discard,6.372605
7666,7666,0.9433333333333334,discard,6.373174
7667,7667,0.9433333333333334,request_rescan,6.373773
7668,7668,0.9433333333333334,discard,6.374357
7669,7669,0.9433333333333334,discard,6.37493
7670,7670,0.9433333333333334,discard,6.37549
7671,7671,0.9433333333333334,request_rescan,6.376064
7672,7672,0.9433333333333334,request_rescan,6.376633
7673,7673,0.9433333333333334,discard,6.377199
7674,7674,0.9433333333333334,request_rescan,6.377762
7675,7675,0.9433333333333334,discard,6.378345
7676,7676,0.9433333333333334,discard,6.378938
7677,7677,0.9433333333333334,discard,6.379862
7678,7678,0.9433333333333334,request_rescan,6.380479
7679,7679,0.9433333333333334,request_rescan,6.381053
7680,7680,0.9433333333333334,discard,6.381629
7681,7681,0.9433333333333334,discard,6.411553
7682,7682,0.9433333333333334,discard,6.412185
7683,7683,0.9433333333333334,request_rescan,6.412753
7684,7684,0.9433333333333334,request_rescan,6.413333
7685,7685,0.9433333333333334,request_rescan,6.413893
7686,7686,0.9433333333333334,request_rescan,6.414458
7687,7687,0.9433333333333334,discard,6.415026
7688,7688,0.9433333333333334,discard,6.415592
7689,7689,0.9433333333333334,discard,6.416153
7690,7690,0.9433333333333334,discard,6.416718
7691,7691,0.9433333333333334,request_rescan,6.417281
7692,7692,0.9433333333333334,request_rescan,6.417838
7693,7693,0.9433333333333334,request_rescan,6.418407
7694,7694,0.9433333333333334,request_rescan,6.418969
7695,7695,0.9433333333333334,request_rescan,6.419536
7696,7696,0.9433333333333334,request_rescan,6.420105
7697,7697,0.9433333333333334,request_rescan,6.420665
7698,7698,0.9433333333333334,request_rescan,6.421227
7699,7699,0.9433333333333334,request_rescan,6.4218
7700,7700,0.76,request_rescan,6.422371
7701,7701,0.9433333333333334,request_rescan,6.423823
7702,7702,0.9433333333333334,discard,6.42439
7703,7703,0.9433333333333334,discard,6.424973
7704,7704,0.9433333333333334,request_rescan,6.425536
7705,7705,0.9433333333333334,discard,6.426112
7706,7706,0.9433333333333334,request_rescan,6.426667
7707,7707,0.9433333333333334,request_rescan,6.42724
7708,7708,0.9433333333333334,request_rescan,6.427816
7709,7709,0.9433333333333334,discard,6.428696
7710,7710,0.9433333333333334,request_rescan,6.429747
7711,7711,0.76,request_rescan,6.430392
7712,7712,0.9433333333333334,request_rescan,6.430955
7713,7713,0.9433333333333334,request_rescan,6.431528
7714,7714,0.9433333333333334,request_rescan,6.432217
7715,7715,0.9433333333333334,discard,6.432784
7716,7716,0.9433333333333334,request_rescan,6.433335
7717,7717,0.9433333333333334,request_rescan,6.433901
7718,7718,0.9433333333333334,request_rescan,6.434448
7719,7719,0.9433333333333334,discard,6.435011
7720,7720,0.9433333333333334,request_rescan,6.435562
7721,7721,0.9433333333333334,request_rescan,6.436151
7722,7722,0.9433333333333334,discard,6.436691
7723,7723,0.9433333333333334,discard,6.437277
7724,7724,0.9433333333333334,request_rescan,6.437833
7725,7725,0.9433333333333334,discard,6.438391
7726,7726,0.9433333333333334,discard,6.438943
7727,7727,0.9433333333333334,discard,6.439499
7728,7728,0.9433333333333334,discard,6.440065
7729,7729,0.9433333333333334,discard,6.440636
7730,7730,0.9433333333333334,discard,6.441196
7731,7731,0.9433333333333334,request_rescan,6.441752
7732,7732,0.9433333333333334,request_rescan,6.442302
7733,7733,0.76,discard,6.442853
7734,7734,0.9433333333333334,discard,6.443413
7735,7735,0.9433333333333334,request_rescan,6.44398
7736,7736,0.9433333333333334,request_rescan,6.444548
7737,7737,0.9433333333333334,request_rescan,6.445117
7738,7738,0.9433333333333334,discard,6.445679
7739,7739,0.9433333333333334,discard,6.446247
7740,7740,0.9433333333333334,discard,6.446807
7741,7741,0.9433333333333334,request_rescan,6.447394
7742,7742,0.9433333333333334,discard,6.447963
7743,7743,0.9433333333333334,request_rescan,6.4488
7744,7744,0.9433333333333334,discard,6.450002
7745,7745,0.9433333333333334,request_rescan,6.450553
7746,7746,0.9433333333333334,discard,6.451112
7747,7747,0.9433333333333334,discard,6.451673
7748,7748,0.9433333333333334,request_rescan,6.452232
7749,7749,0.9433333333333334,discard,6.452808
7750,7750,0.9433333333333334,discard,6.453368
7751,7751,0.9433333333333334,discard,6.453953
7752,7752,0.9433333333333334,request_rescan,6.454516
7753,7753,0.9433333333333334,request_rescan,6.45507
7754,7754,0.9433333333333334,request_rescan,6.455613
7755,7755,0.9433333333333334,request_rescan,6.456181
7756,7756,0.9433333333333334,discard,6.456735
7757,7757,0.76,request_rescan,6.457293
7758,7758,0.9433333333333334,request_rescan,6.457857
7759,7759,0.9433333333333334,request_rescan,6.458406
7760,7760,0.9433333333333334,discard,6.458956
7761,7761,0.9433333333333334,request_rescan,6.459509
7762,7762,0.9433333333333334,discard,6.460078
7763,7763,0.9433333333333334,discard,6.460628
7764,7764,0.9433333333333334,request_rescan,6.461188
7765,7765,0.9433333333333334,discard,6.461749
7766,7766,0.9433333333333334,request_rescan,6.462314
7767,7767,0.9433333333333334,discard,6.462874
7768,7768,0.9433333333333334,discard,6.463435
7769,7769,0.9433333333333334,discard,6.463987
7770,7770,0.9433333333333334,request_rescan,6.464547
7771,7771,0.9433333333333334,discard,6.465099
7772,7772,0.9433333333333334,request_rescan,6.465671
7773,7773,0.9433333333333334,discard,6.466228
7774,7774,0.9433333333333334,discard,6.466793
7775,7775,0.9433333333333334,request_rescan,6.467345
7776,7776,0.9433333333333334,discard,6.467907
7777,7777,0.9433333333333334,discard,6.468457
7778,7778,0.9433333333333334,discard,6.47018
7779,7779,0.9433333333333334,request_rescan,6.470751
7780,7780,0.9433333333333334,request_rescan,6.471364
7781,7781,0.9433333333333334,discard,6.471923
7782,7782,0.9433333333333334,discard,6.472507
7783,7783,0.76,request_rescan,6.473066
7784,7784,0.9433333333333334,discard,6.473611
7785,7785,0.9433333333333334,request_rescan,6.474175
7786,7786,0.9433333333333334,discard,6.474722
7787,7787,0.9433333333333334,request_rescan,6.475288
7788,7788,0.9433333333333334,discard,6.475853
7789,7789,0.9433333333333334,request_rescan,6.476428
7790,7790,0.9433333333333334,discard,6.477
7791,7791,0.9433333333333334,discard,6.477565
7792,7792,0.9433333333333334,discard,6.478544
7793,7793,0.9433333333333334,discard,6.479411
7794,7794,0.9433333333333334,discard,6.480054
7795,7795,0.9433333333333334,discard,6.480605
7796,7796,0.9433333333333334,request_rescan,6.481162
7797,7797,0.9433333333333334,request_rescan,6.481724
7798,7798,0.9433333333333334,discard,6.482294
7799,7799,0.9433333333333334,discard,6.482865
7800,7800,0.9433333333333334,discard,6.483448
7801,7801,0.9433333333333334,request_rescan,6.484879
7802,7802,0.9433333333333334,discard,6.485448
7803,7803,0.9433333333333334,request_rescan,6.486029
7804,7804,0.9433333333333334,discard,6.486591
7805,7805,0.9433333333333334,request_rescan,6.487172
7806,7806,0.9433333333333334,request_rescan,6.487784
7807,7807,0.9433333333333334,request_rescan,6.488364
7808,7808,0.9433333333333334,discard,6.488935
7809,7809,0.9433333333333334,request_rescan,6.519382
7810,7810,0.9433333333333334,request_rescan,6.520095
7811,7811,0.9433333333333334,discard,6.520659
7812,7812,0.9433333333333334,discard,6.521238
7813,7813,0.9433333333333334,request_rescan,6.521796
7814,7814,0.9433333333333334,request_rescan,6.522357
7815,7815,0.9433333333333334,discard,6.522955
7816,7816,0.9433333333333334,request_rescan,6.523518
7817,7817,0.9433333333333334,request_rescan,6.524086
7818,7818,0.9433333333333334,request_rescan,6.524635
7819,7819,0.9433333333333334,request_rescan,6.5252
7820,7820,0.9433333333333334,request_rescan,6.52574
7821,7821,0.9433333333333334,request_rescan,6.526299
7822,7822,0.76,discard,6.526852
7823,7823,0.9433333333333334,request_rescan,6.527407
7824,7824,0.9433333333333334,request_rescan,6.527979
7825,7825,0.9433333333333334,request_rescan,6.528545
7826,7826,0.9433333333333334,request_rescan,6.529327
7827,7827,0.9433333333333334,discard,6.529882
7828,7828,0.9433333333333334,request_rescan,6.530433
7829,7829,0.9433333333333334,request_rescan,6.530993
7830,7830,0.9433333333333334,discard,6.531535
7831,7831,0.9433333333333334,discard,6.532086
7832,7832,0.9433333333333334,discard,6.532657
7833,7833,0.9433333333333334,request_rescan,6.533225
7834,7834,0.9433333333333334,request_rescan,6.533781
7835,7835,0.9433333333333334,request_rescan,6.534331
7836,7836,0.9433333333333334,request_rescan,6.534968
7837,7837,0.9433333333333334,request_rescan,6.535887
7838,7838,0.9433333333333334,request_rescan,6.536434
7839,7839,0.9433333333333334,discard,6.536981
7840,7840,0.9433333333333334,discard,6.537532
7841,7841,0.9433333333333334,request_rescan,6.538098
7842,7842,0.9433333333333334,discard,6.538652
7843,7843,0.9433333333333334,request_rescan,6.539201
7844,7844,0.9433333333333334,request_rescan,6.539755
7845,7845,0.9433333333333334,discard,6.54031
7846,7846,0.9433333333333334,discard,6.540863
7847,7847,0.9433333333333334,request_rescan,6.54142
7848,7848,0.9433333333333334,discard,6.541969
7849,7849,0.9433333333333334,request_rescan,6.54253
7850,7850,0.9433333333333334,request_rescan,6.543076
7851,7851,0.9433333333333334,request_rescan,6.543635
7852,7852,0.9433333333333334,request_rescan,6.544187
7853,7853,0.9433333333333334,request_rescan,6.544742
7854,7854,0.9433333333333334,request_rescan,6.545303
7855,7855,0.9433333333333334,discard,6.545861
7856,7856,0.9433333333333334,request_rescan,6.546422
7857,7857,0.9433333333333334,discard,6.546969
7858,7858,0.9433333333333334,request_rescan,6.547529
7859,7859,0.9433333333333334,request_rescan,6.548076
7860,7860,0.9433333333333334,request_rescan,6.548633
7861,7861,0.9433333333333334,request_rescan,6.549196
7862,7862,0.9433333333333334,discard,6.549745
7863,7863,0.9433333333333334,discard,6.550314
7864,7864,0.9433333333333334,discard,6.550876
7865,7865,0.9433333333333334,request_rescan,6.551421
7866,7866,0.9433333333333334,discard,6.551988
7867,7867,0.9433333333333334,request_rescan,6.552532
7868,7868,0.9433333333333334,discard,6.553094
7869,7869,0.9433333333333334,discard,6.553634
7870,7870,0.9433333333333334,discard,6.554202
7871,7871,0.9433333333333334,request_rescan,6.55477
7872,7872,0.9433333333333334,request_rescan,6.555321
7873,7873,0.76,discard,6.555908
7874,7874,0.9433333333333334,discard,6.556454
7875,7875,0.9433333333333334,request_rescan,6.557011
7876,7876,0.9433333333333334,discard,6.557572
7877,7877,0.9433333333333334,discard,6.55812
7878,7878,0.9433333333333334,request_rescan,6.558675
7879,7879,0.9433333333333334,discard,6.559226
7880,7880,0.76,request_rescan,6.559784
7881,7881,0.9433333333333334,request_rescan,6.560323
7882,7882,0.9433333333333334,request_rescan,6.560877
7883,7883,0.9433333333333334,request_rescan,6.56145
7884,7884,0.9433333333333334,discard,6.562018
7885,7885,0.9433333333333334,request_rescan,6.562564
7886,7886,0.9433333333333334,discard,6.56312
7887,7887,0.9433333333333334,discard,6.563674
7888,7888,0.9433333333333334,discard,6.564229
7889,7889,0.9433333333333334,request_rescan,6.564786
7890,7890,0.9433333333333334,request_rescan,6.565339
7891,7891,0.9433333333333334,request_rescan,6.565893
7892,7892,0.9433333333333334,request_rescan,6.566437
7893,7893,0.9433333333333334,discard,6.566994
7894,7894,0.9433333333333334,request_rescan,6.567534
7895,7895,0.9433333333333334,discard,6.568094
7896,7896,0.9433333333333334,request_rescan,6.56867
7897,7897,0.9433333333333334,request_rescan,6.569234
7898,7898,0.9433333333333334,request_rescan,6.56981
7899,7899,0.9433333333333334,request_rescan,6.571333
7900,7900,0.9433333333333334,discard,6.571894
7901,7901,0.9433333333333334,discard,6.573249
7902,7902,0.9433333333333334,discard,6.573807
7903,7903,0.9433333333333334,request_rescan,6.574374
7904,7904,0.9433333333333334,discard,6.574927
7905,7905,0.9433333333333334,request_rescan,6.575486
7906,7906,0.9433333333333334,discard,6.57604
7907,7907,0.9433333333333334,discard,6.576605
7908,7908,0.9433333333333334,request_rescan,6.577181
7909,7909,0.9433333333333334,request_rescan,6.577733
7910,7910,0.9433333333333334,discard,6.578522
7911,7911,0.9433333333333334,discard,6.579304
7912,7912,0.9433333333333334,request_rescan,6.579949
7913,7913,0.9433333333333334,discard,6.580521
7914,7914,0.9433333333333334,discard,6.581077
7915,7915,0.9433333333333334,discard,6.581634
7916,7916,0.9433333333333334,discard,6.582188
7917,7917,0.9433333333333334,request_rescan,6.582738
7918,7918,0.9433333333333334,discard,6.583296
7919,7919,0.9433333333333334,discard,6.583847
7920,7920,0.9433333333333334,discard,6.584403
7921,7921,0.9433333333333334,discard,6.584977
7922,7922,0.9433333333333334,request_rescan,6.585539
7923,7923,0.9433333333333334,discard,6.586092
7924,7924,0.76,request_rescan,6.586651
7925,7925,0.9433333333333334,request_rescan,6.587215
7926,7926,0.9433333333333334,discard,6.587776
7927,7927,0.9433333333333334,request_rescan,6.588338
7928,7928,0.9433333333333334,discard,6.588912
7929,7929,0.76,discard,6.589462
7930,7930,0.9433333333333334,request_rescan,6.590009
7931,7931,0.9433333333333334,request_rescan,6.590565
7932,7932,0.9433333333333334,request_rescan,6.591112
7933,7933,0.9433333333333334,discard,6.591675
7934,7934,0.9433333333333334,request_rescan,6.592226
7935,7935,0.9433333333333334,discard,6.592779
7936,7936,0.9433333333333334,discard,6.593326
7937,7937,0.9433333333333334,discard,6.625945
7938,7938,0.9433333333333334,request_rescan,6.626582
7939,7939,0.9433333333333334,discard,6.627148
7940,7940,0.9433333333333334,discard,6.627717
7941,7941,0.9433333333333334,request_rescan,6.628273
7942,7942,0.9433333333333334,discard,6.629183
7943,7943,0.9433333333333334,discard,6.629725
7944,7944,0.9433333333333334,discard,6.630473
7945,7945,0.9433333333333334,discard,6.631055
7946,7946,0.9433333333333334,request_rescan,6.631622
7947,7947,0.9433333333333334,request_rescan,6.632177
7948,7948,0.9433333333333334,request_rescan,6.632733
7949,7949,0.9433333333333334,discard,6.633299
7950,7950,0.9433333333333334,request_rescan,6.634302
7951,7951,0.9433333333333334,discard,6.634927
7952,7952,0.9433333333333334,discard,6.635482
7953,7953,0.9433333333333334,request_rescan,6.636057
7954,7954,0.9433333333333334,request_rescan,6.636611
7955,7955,0.76,request_rescan,6.637175
7956,7956,0.9433333333333334,discard,6.637741
7957,7957,0.9433333333333334,discard,6.638306
7958,7958,0.9433333333333334,discard,6.63888
7959,7959,0.9433333333333334,discard,6.63943
7960,7960,0.9433333333333334,discard,6.639999
7961,7961,0.9433333333333334,request_rescan,6.640566
7962,7962,0.9433333333333334,discard,6.641125
7963,7963,0.9433333333333334,discard,6.641683
7964,7964,0.9433333333333334,discard,6.642243
7965,7965,0.9433333333333334,discard,6.642814
7966,7966,0.76,request_rescan,6.643369
7967,7967,0.9433333333333334,discard,6.643938
7968,7968,0.9433333333333334,request_rescan,6.644489
7969,7969,0.9433333333333334,discard,6.645056
7970,7970,0.9433333333333334,discard,6.645618
7971,7971,0.9433333333333334,request_rescan,6.646173
7972,7972,0.9433333333333334,discard,6.646732
7973,7973,0.9433333333333334,discard,6.647287
7974,7974,0.9433333333333334,request_rescan,6.647856
7975,7975,0.9433333333333334,request_rescan,6.648408
7976,7976,0.76,request_rescan,6.648976
7977,7977,0.9433333333333334,request_rescan,6.649521
7978,7978,0.9433333333333334,request_rescan,6.650074
7979,7979,0.9433333333333334,discard,6.650637
7980,7980,0.9433333333333334,request_rescan,6.651197
7981,7981,0.9433333333333334,request_rescan,6.651745
7982,7982,0.9433333333333334,request_rescan,6.652288
7983,7983,0.9433333333333334,discard,6.652831
7984,7984,0.9433333333333334,request_rescan,6.653372
7985,7985,0.9433333333333334,request_rescan,6.653915
7986,7986,0.9433333333333334,discard,6.654453
7987,7987,0.9433333333333334,request_rescan,6.654994
7988,7988,0.9433333333333334,discard,6.655526
7989,7989,0.9433333333333334,discard,6.656077
7990,7990,0.9433333333333334,discard,6.656616
7991,7991,0.9433333333333334,request_rescan,6.657167
7992,7992,0.9433333333333334,discard,6.657686
7993,7993,0.9433333333333334,discard,6.658255
7994,7994,0.9433333333333334,discard,6.658801
7995,7995,0.9433333333333334,request_rescan,6.65934
7996,7996,0.9433333333333334,discard,6.659881
7997,7997,0.9433333333333334,discard,6.660418
7998,7998,0.9433333333333334,request_rescan,6.660967
7999,7999,0.9433333333333334,discard,6.661524
8000,8000,0.9433333333333334,request_rescan,6.662103
8001,8001,0.9433333333333334,discard,6.663539
8002,8002,0.9433333333333334,discard,6.664097
8003,8003,0.9433333333333334,request_rescan,6.664652
8004,8004,0.9433333333333334,request_rescan,6.665209
8005,8005,0.9433333333333334,request_rescan,6.665752
8006,8006,0.9433333333333334,request_rescan,6.666314
8007,8007,0.9433333333333334,request_rescan,6.666863
8008,8008,0.9433333333333334,discard,6.667418
8009,8009,0.9433333333333334,discard,6.66798
8010,8010,0.9433333333333334,discard,6.668531
8011,8011,0.9433333333333334,request_rescan,6.669092
8012,8012,0.9433333333333334,request_rescan,6.669656
8013,8013,0.9433333333333334,discard,6.670233
8014,8014,0.9433333333333334,request_rescan,6.670788
8015,8015,0.9433333333333334,discard,6.672321
8016,8016,0.9433333333333334,discard,6.67288
8017,8017,0.9433333333333334,request_rescan,6.673436
8018,8018,0.9433333333333334,request_rescan,6.673984
8019,8019,0.9433333333333334,request_rescan,6.674534
8020,8020,0.9433333333333334,discard,6.675071
8021,8021,0.9433333333333334,discard,6.675623
8022,8022,0.9433333333333334,discard,6.67618
8023,8023,0.9433333333333334,request_rescan,6.676762
8024,8024,0.9433333333333334,discard,6.677333
8025,8025,0.9433333333333334,discard,6.677897
8026,8026,0.9433333333333334,discard,6.678455
8027,8027,0.9433333333333334,discard,6.679029
8028,8028,0.9433333333333334,discard,6.679579
8029,8029,0.9433333333333334,discard,6.68018
8030,8030,0.9433333333333334,discard,6.68073
8031,8031,0.9433333333333334,discard,6.681293
8032,8032,0.9433333333333334,discard,6.681852
8033,8033,0.9433333333333334,request_rescan,6.682395
8034,8034,0.9433333333333334,discard,6.683017
8035,8035,0.9433333333333334,discard,6.683599
8036,8036,0.9433333333333334,request_rescan,6.684164
8037,8037,0.9433333333333334,discard,6.685072
8038,8038,0.9433333333333334,discard,6.68597
8039,8039,0.9433333333333334,request_rescan,6.68659
8040,8040,0.9433333333333334,discard,6.687153
8041,8041,0.9433333333333334,discard,6.687712
8042,8042,0.9433333333333334,discard,6.688272
8043,8043,0.9433333333333334,request_rescan,6.688836
8044,8044,0.9433333333333334,request_rescan,6.689419
8045,8045,0.9433333333333334,discard,6.690005
8046,8046,0.9433333333333334,request_rescan,6.690556
8047,8047,0.9433333333333334,request_rescan,6.691144
8048,8048,0.9433333333333334,discard,6.691709
8049,8049,0.9433333333333334,discard,6.692264
8050,8050,0.9433333333333334,request_rescan,6.692816
8051,8051,0.9433333333333334,request_rescan,6.693374
8052,8052,0.9433333333333334,request_rescan,6.693928
8053,8053,0.9433333333333334,discard,6.694486
8054,8054,0.9433333333333334,discard,6.695061
8055,8055,0.9433333333333334,request_rescan,6.695616
8056,8056,0.9433333333333334,request_rescan,6.696176
8057,8057,0.9433333333333334,request_rescan,6.696724
8058,8058,0.9433333333333334,discard,6.697281
8059,8059,0.9433333333333334,discard,6.697838
8060,8060,0.9433333333333334,request_rescan,6.698385
8061,8061,0.9433333333333334,request_rescan,6.698939
8062,8062,0.9433333333333334,request_rescan,6.699492
8063,8063,0.9433333333333334,request_rescan,6.700048
8064,8064,0.9433333333333334,discard,6.700604
8065,8065,0.9433333333333334,request_rescan,6.731773
8066,8066,0.9433333333333334,request_rescan,6.732425
8067,8067,0.9433333333333334,discard,6.733002
8068,8068,0.9433333333333334,discard,6.733555
8069,8069,0.9433333333333334,discard,6.734127
8070,8070,0.9433333333333334,request_rescan,6.734678
8071,8071,0.9433333333333334,request_rescan,6.735248
8072,8072,0.9433333333333334,request_rescan,6.735799
8073,8073,0.9433333333333334,discard,6.736358
8074,8074,0.9433333333333334,discard,6.736921
8075,8075,0.9433333333333334,discard,6.737488
8076,8076,0.9433333333333334,discard,6.738195
8077,8077,0.9433333333333334,discard,6.739206
8078,8078,0.9433333333333334,discard,6.739761
8079,8079,0.9433333333333334,discard,6.74033
8080,8080,0.9433333333333334,discard,6.740889
8081,8081,0.9433333333333334,request_rescan,6.741452
8082,8082,0.9433333333333334,request_rescan,6.74203
8083,8083,0.9433333333333334,request_rescan,6.742582
8084,8084,0.76,request_rescan,6.743148
8085,8085,0.9433333333333334,request_rescan,6.743693
8086,8086,0.9433333333333334,request_rescan,6.744263
8087,8087,0.9433333333333334,request_rescan,6.744824
8088,8088,0.9433333333333334,discard,6.745381
8089,8089,0.9433333333333334,request_rescan,6.745936
8090,8090,0.9433333333333334,discard,6.746483
8091,8091,0.9433333333333334,discard,6.747051
8092,8092,0.9433333333333334,request_rescan,6.747605
8093,8093,0.9433333333333334,request_rescan,6.748191
8094,8094,0.9433333333333334,request_rescan,6.748756
8095,8095,0.9433333333333334,request_rescan,6.749321
8096,8096,0.9433333333333334,request_rescan,6.749883
8097,8097,0.9433333333333334,request_rescan,6.750439
8098,8098,0.9433333333333334,request_rescan,6.751011
8099,8099,0.9433333333333334,discard,6.751562
8100,8100,0.9433333333333334,request_rescan,6.752131
8101,8101,0.9433333333333334,discard,6.753592
8102,8102,0.9433333333333334,request_rescan,6.754163
8103,8103,0.9433333333333334,request_rescan,6.754764
8104,8104,0.9433333333333334,request_rescan,6.75533
8105,8105,0.9433333333333334,discard,6.755889
8106,8106,0.9433333333333334,request_rescan,6.756451
8107,8107,0.9433333333333334,request_rescan,6.757037
8108,8108,0.9433333333333334,discard,6.757592
8109,8109,0.9433333333333334,request_rescan,6.758166
8110,8110,0.9433333333333334,discard,6.758734
8111,8111,0.9433333333333334,request_rescan,6.759352
8112,8112,0.9433333333333334,discard,6.759938
8113,8113,0.9433333333333334,discard,6.760549
8114,8114,0.9433333333333334,request_rescan,6.761099
8115,8115,0.9433333333333334,discard,6.761676
8116,8116,0.9433333333333334,request_rescan,6.762234
8117,8117,0.9433333333333334,discard,6.762807
8118,8118,0.9433333333333334,request_rescan,6.763374
8119,8119,0.9433333333333334,discard,6.763942
8120,8120,0.9433333333333334,request_rescan,6.764497
8121,8121,0.9433333333333334,request_rescan,6.765083
8122,8122,0.9433333333333334,discard,6.765637
8123,8123,0.76,discard,6.766205
8124,8124,0.9433333333333334,request_rescan,6.766779
8125,8125,0.9433333333333334,discard,6.76736
8126,8126,0.9433333333333334,discard,6.767924
8127,8127,0.9433333333333334,discard,6.768481
8128,8128,0.9433333333333334,discard,6.769047
8129,8129,0.9433333333333334,discard,6.769609
8130,8130,0.9433333333333334,request_rescan,6.77017
8131,8131,0.9433333333333334,request_rescan,6.770714
8132,8132,0.9433333333333334,request_rescan,6.771322
8133,8133,0.9433333333333334,request_rescan,6.771892
8134,8134,0.9433333333333334,discard,6.77343
8135,8135,0.9433333333333334,request_rescan,6.773987
8136,8136,0.9433333333333334,discard,6.774533
8137,8137,0.9433333333333334,request_rescan,6.775102
8138,8138,0.9433333333333334,request_rescan,6.775672
8139,8139,0.9433333333333334,discard,6.776247
8140,8140,0.9433333333333334,discard,6.77679
8141,8141,0.9433333333333334,discard,6.777372
8142,8142,0.9433333333333334,discard,6.777946
8143,8143,0.9433333333333334,discard,6.77851
8144,8144,0.9433333333333334,request_rescan,6.779072
8145,8145,0.9433333333333334,discard,6.779639
8146,8146,0.76,discard,6.780202
8147,8147,0.9433333333333334,request_rescan,6.780751
8148,8148,0.9433333333333334,request_rescan,6.781301
8149,8149,0.9433333333333334,request_rescan,6.78186
8150,8150,0.9433333333333334,request_rescan,6.782414
8151,8151,0.9433333333333334,discard,6.782983
8152,8152,0.9433333333333334,request_rescan,6.783546
8153,8153,0.9433333333333334,request_rescan,6.784519
8154,8154,0.9433333333333334,discard,6.785645
8155,8155,0.9433333333333334,request_rescan,6.786214
8156,8156,0.9433333333333334,request_rescan,6.786763
8157,8157,0.9433333333333334,discard,6.787328
8158,8158,0.9433333333333334,request_rescan,6.78796
8159,8159,0.9433333333333334,request_rescan,6.788542
8160,8160,0.9433333333333334,request_rescan,6.789093
8161,8161,0.9433333333333334,discard,6.789654
8162,8162,0.9433333333333334,request_rescan,6.790219
8163,8163,0.9433333333333334,request_rescan,6.79079
8164,8164,0.9433333333333334,request_rescan,6.791346
8165,8165,0.9433333333333334,request_rescan,6.791907
8166,8166,0.9433333333333334,request_rescan,6.792455
8167,8167,0.9433333333333334,discard,6.793022
8168,8168,0.9433333333333334,discard,6.793565
8169,8169,0.9433333333333334,discard,6.794129
8170,8170,0.9433333333333334,discard,6.794689
8171,8171,0.9433333333333334,request_rescan,6.79526
8172,8172,0.9433333333333334,request_rescan,6.795814
8173,8173,0.9433333333333334,request_rescan,6.796378
8174,8174,0.9433333333333334,request_rescan,6.796931
8175,8175,0.9433333333333334,request_rescan,6.797488
8176,8176,0.9433333333333334,discard,6.798048
8177,8177,0.9433333333333334,discard,6.798605
8178,8178,0.9433333333333334,discard,6.799153
8179,8179,0.9433333333333334,discard,6.799712
8180,8180,0.9433333333333334,discard,6.800266
8181,8181,0.9433333333333334,discard,6.800831
8182,8182,0.9433333333333334,discard,6.80138
8183,8183,0.9433333333333334,request_rescan,6.80194
8184,8184,0.9433333333333334,request_rescan,6.8025
8185,8185,0.9433333333333334,discard,6.803054
8186,8186,0.9433333333333334,request_rescan,6.803595
8187,8187,0.9433333333333334,request_rescan,6.804157
8188,8188,0.9433333333333334,request_rescan,6.804759
8189,8189,0.9433333333333334,request_rescan,6.805318
8190,8190,0.9433333333333334,request_rescan,6.805877
8191,8191,0.9433333333333334,discard,6.806433
8192,8192,0.9433333333333334,discard,6.806992
8193,8193,0.9433333333333334,discard,6.836575
8194,8194,0.9433333333333334,discard,6.837218
8195,8195,0.9433333333333334,discard,6.837813
8196,8196,0.9433333333333334,discard,6.838391
8197,8197,0.9433333333333334,request_rescan,6.838975
8198,8198,0.9433333333333334,request_rescan,6.839532
8199,8199,0.9433333333333334,request_rescan,6.840101
8200,8200,0.9433333333333334,request_rescan,6.840655
8201,8201,0.9433333333333334,discard,6.842125
8202,8202,0.9433333333333334,discard,6.842677
8203,8203,0.9433333333333334,request_rescan,6.843241
8204,8204,0.9433333333333334,request_rescan,6.843797
8205,8205,0.76,discard,6.844341
8206,8206,0.9433333333333334,discard,6.844906
8207,8207,0.9433333333333334,request_rescan,6.845462
8208,8208,0.9433333333333334,discard,6.846049
8209,8209,0.9433333333333334,discard,6.84658
8210,8210,0.9433333333333334,request_rescan,6.847173
8211,8211,0.9433333333333334,request_rescan,6.847725
8212,8212,0.9433333333333334,discard,6.848331
8213,8213,0.9433333333333334,discard,6.848905
8214,8214,0.9433333333333334,request_rescan,6.849471
8215,8215,0.9433333333333334,request_rescan,6.850035
8216,8216,0.9433333333333334,request_rescan,6.850592
8217,8217,0.9433333333333334,request_rescan,6.851147
8218,8218,0.9433333333333334,request_rescan,6.851703
8219,8219,0.9433333333333334,request_rescan,6.852255
8220,8220,0.9433333333333334,request_rescan,6.852822
8221,8221,0.9433333333333334,request_rescan,6.853367
8222,8222,0.9433333333333334,discard,6.85391
8223,8223,0.9433333333333334,discard,6.854485
8224,8224,0.9433333333333334,request_rescan,6.855035
8225,8225,0.9433333333333334,request_rescan,6.855591
8226,8226,0.9433333333333334,request_rescan,6.856156
8227,8227,0.9433333333333334,request_rescan,6.856715
8228,8228,0.9433333333333334,request_rescan,6.857321
8229,8229,0.9433333333333334,request_rescan,6.857885
8230,8230,0.9433333333333334,request_rescan,6.858445
8231,8231,0.9433333333333334,request_rescan,6.859025
8232,8232,0.9433333333333334,discard,6.859568
8233,8233,0.9433333333333334,request_rescan,6.860153
8234,8234,0.9433333333333334,discard,6.860726
8235,8235,0.9433333333333334,discard,6.861323
8236,8236,0.9433333333333334,request_rescan,6.861915
8237,8237,0.9433333333333334,request_rescan,6.862483
8238,8238,0.9433333333333334,discard,6.863038
8239,8239,0.9433333333333334,discard,6.863628
8240,8240,0.9433333333333334,request_rescan,6.864201
8241,8241,0.9433333333333334,discard,6.864773
8242,8242,0.9433333333333334,discard,6.86567
8243,8243,0.9433333333333334,discard,6.866615
8244,8244,0.9433333333333334,request_rescan,6.867159
8245,8245,0.9433333333333334,discard,6.867712
8246,8246,0.9433333333333334,discard,6.868268
8247,8247,0.9433333333333334,request_rescan,6.86882
8248,8248,0.9433333333333334,request_rescan,6.869389
8249,8249,0.9433333333333334,discard,6.869956
8250,8250,0.9433333333333334,discard,6.87051
8251,8251,0.9433333333333334,discard,6.871097
8252,8252,0.9433333333333334,request_rescan,6.871651
8253,8253,0.9433333333333334,request_rescan,6.87223
8254,8254,0.9433333333333334,request_rescan,6.872785
8255,8255,0.9433333333333334,request_rescan,6.874312
8256,8256,0.9433333333333334,request_rescan,6.874873
8257,8257,0.9433333333333334,discard,6.875429
8258,8258,0.9433333333333334,request_rescan,6.875992
8259,8259,0.9433333333333334,request_rescan,6.876534
8260,8260,0.9433333333333334,discard,6.877097
8261,8261,0.9433333333333334,request_rescan,6.877649
8262,8262,0.9433333333333334,discard,6.878203
8263,8263,0.9433333333333334,request_rescan,6.878745
8264,8264,0.9433333333333334,discard,6.879313
8265,8265,0.9433333333333334,request_rescan,6.880039
8266,8266,0.9433333333333334,request_rescan,6.880596
8267,8267,0.9433333333333334,discard,6.881167
8268,8268,0.9433333333333334,request_rescan,6.881722
8269,8269,0.9433333333333334,discard,6.882398
8270,8270,0.9433333333333334,request_rescan,6.883198
8271,8271,0.9433333333333334,request_rescan,6.883752
8272,8272,0.9433333333333334,discard,6.884306
8273,8273,0.9433333333333334,discard,6.884846
8274,8274,0.9433333333333334,request_rescan,6.885425
8275,8275,0.9433333333333334,request_rescan,6.885987
8276,8276,0.9433333333333334,discard,6.886551
8277,8277,0.9433333333333334,request_rescan,6.887151
8278,8278,0.9433333333333334,discard,6.887726
8279,8279,0.9433333333333334,request_rescan,6.888299
8280,8280,0.9433333333333334,request_rescan,6.888878
8281,8281,0.9433333333333334,request_rescan,6.889442
8282,8282,0.9433333333333334,request_rescan,6.890024
8283,8283,0.9433333333333334,discard,6.89057
8284,8284,0.9433333333333334,request_rescan,6.891141
8285,8285,0.9433333333333334,request_rescan,6.891698
8286,8286,0.9433333333333334,request_rescan,6.892259
8287,8287,0.9433333333333334,request_rescan,6.892831
8288,8288,0.9433333333333334,discard,6.893378
8289,8289,0.9433333333333334,discard,6.893941
8290,8290,0.9433333333333334,request_rescan,6.894491
8291,8291,0.9433333333333334,discard,6.895069
8292,8292,0.9433333333333334,request_rescan,6.895624
8293,8293,0.9433333333333334,request_rescan,6.896205
8294,8294,0.9433333333333334,discard,6.896749
8295,8295,0.9433333333333334,discard,6.897346
8296,8296,0.9433333333333334,discard,6.897898
8297,8297,0.9433333333333334,discard,6.898467
8298,8298,0.9433333333333334,discard,6.899033
8299,8299,0.9433333333333334,request_rescan,6.899583
8300,8300,0.9433333333333334,request_rescan,6.900151
8301,8301,0.9433333333333334,request_rescan,6.901631
8302,8302,0.9433333333333334,request_rescan,6.902206
8303,8303,0.9433333333333334,request_rescan,6.902771
8304,8304,0.9433333333333334,discard,6.90333
8305,8305,0.9433333333333334,discard,6.903883
8306,8306,0.9433333333333334,discard,6.904438
8307,8307,0.9433333333333334,discard,6.90499
8308,8308,0.76,discard,6.905567
8309,8309,0.9433333333333334,discard,6.906118
8310,8310,0.9433333333333334,discard,6.906686
8311,8311,0.9433333333333334,discard,6.907247
8312,8312,0.9433333333333334,discard,6.907822
8313,8313,0.9433333333333334,discard,6.90841
8314,8314,0.9433333333333334,discard,6.908975
8315,8315,0.9433333333333334,discard,6.909529
8316,8316,0.9433333333333334,request_rescan,6.910088
8317,8317,0.9433333333333334,discard,6.91064
8318,8318,0.9433333333333334,discard,6.911203
8319,8319,0.9433333333333334,request_rescan,6.911758
8320,8320,0.9433333333333334,request_rescan,6.912326
8321,8321,0.9433333333333334,discard,6.945013
8322,8322,0.9433333333333334,request_rescan,6.945644
8323,8323,0.9433333333333334,discard,6.946205
8324,8324,0.9433333333333334,request_rescan,6.946778
8325,8325,0.9433333333333334,request_rescan,6.947329
8326,8326,0.9433333333333334,request_rescan,6.94796
8327,8327,0.9433333333333334,request_rescan,6.948532
8328,8328,0.9433333333333334,request_rescan,6.949107
8329,8329,0.9433333333333334,request_rescan,6.949663
8330,8330,0.9433333333333334,discard,6.950239
8331,8331,0.9433333333333334,discard,6.950811
8332,8332,0.9433333333333334,request_rescan,6.951359
8333,8333,0.9433333333333334,request_rescan,6.95192
8334,8334,0.9433333333333334,request_rescan,6.952462
8335,8335,0.9433333333333334,request_rescan,6.953012
8336,8336,0.9433333333333334,discard,6.953562
8337,8337,0.9433333333333334,discard,6.954111
8338,8338,0.9433333333333334,discard,6.954681
8339,8339,0.9433333333333334,request_rescan,6.955246
8340,8340,0.9433333333333334,discard,6.955821
8341,8341,0.9433333333333334,request_rescan,6.956377
8342,8342,0.9433333333333334,discard,6.956929
8343,8343,0.9433333333333334,request_rescan,6.957472
8344,8344,0.9433333333333334,request_rescan,6.95804
8345,8345,0.9433333333333334,discard,6.958594
8346,8346,0.9433333333333334,request_rescan,6.959144
8347,8347,0.9433333333333334,request_rescan,6.959709
8348,8348,0.9433333333333334,request_rescan,6.960256
8349,8349,0.9433333333333334,discard,6.960822
8350,8350,0.9433333333333334,request_rescan,6.961368
8351,8351,0.9433333333333334,request_rescan,6.961932
8352,8352,0.9433333333333334,discard,6.962474
8353,8353,0.9433333333333334,request_rescan,6.963028
8354,8354,0.9433333333333334,request_rescan,6.963575
8355,8355,0.9433333333333334,discard,6.964124
8356,8356,0.9433333333333334,discard,6.964674
8357,8357,0.9433333333333334,request_rescan,6.965235
8358,8358,0.9433333333333334,discard,6.965785
8359,8359,0.9433333333333334,discard,6.966342
8360,8360,0.9433333333333334,request_rescan,6.966892
8361,8361,0.9433333333333334,discard,6.967443
8362,8362,0.9433333333333334,discard,6.967992
8363,8363,0.76,discard,6.968535
8364,8364,0.9433333333333334,request_rescan,6.969097
8365,8365,0.9433333333333334,discard,6.969654
8366,8366,0.9433333333333334,discard,6.97021
8367,8367,0.9433333333333334,request_rescan,6.970749
8368,8368,0.9433333333333334,discard,6.971294
8369,8369,0.9433333333333334,request_rescan,6.971839
8370,8370,0.9433333333333334,request_rescan,6.972373
8371,8371,0.9433333333333334,request_rescan,6.972924
8372,8372,0.9433333333333334,discard,6.973452
8373,8373,0.9433333333333334,discard,6.974008
8374,8374,0.9433333333333334,discard,6.975816
8375,8375,0.9433333333333334,discard,6.976364
8376,8376,0.9433333333333334,discard,6.97692
8377,8377,0.9433333333333334,request_rescan,6.977452
8378,8378,0.9433333333333334,discard,6.977995
8379,8379,0.9433333333333334,request_rescan,6.978537
8380,8380,0.9433333333333334,request_rescan,6.979418
8381,8381,0.9433333333333334,discard,6.980347
8382,8382,0.9433333333333334,discard,6.980957
8383,8383,0.9433333333333334,discard,6.981525
8384,8384,0.9433333333333334,request_rescan,6.982119
8385,8385,0.9433333333333334,discard,6.982675
8386,8386,0.9433333333333334,request_rescan,6.983287
8387,8387,0.9433333333333334,request_rescan,6.983848
8388,8388,0.9433333333333334,discard,6.984423
8389,8389,0.9433333333333334,discard,6.984985
8390,8390,0.9433333333333334,request_rescan,6.985548
8391,8391,0.9433333333333334,request_rescan,6.98612
8392,8392,0.9433333333333334,request_rescan,6.986698
8393,8393,0.9433333333333334,request_rescan,6.987301
8394,8394,0.9433333333333334,discard,6.987906
8395,8395,0.9433333333333334,discard,6.988481
8396,8396,0.9433333333333334,discard,6.989043
8397,8397,0.9433333333333334,request_rescan,6.989612
8398,8398,0.9433333333333334,request_rescan,6.990198
8399,8399,0.9433333333333334,request_rescan,6.990748
8400,8400,0.9433333333333334,discard,6.991337
8401,8401,0.9433333333333334,discard,6.992783
8402,8402,0.9433333333333334,request_rescan,6.993357
8403,8403,0.9433333333333334,discard,6.993935
8404,8404,0.9433333333333334,discard,6.994503
8405,8405,0.9433333333333334,request_rescan,6.995089
8406,8406,0.9433333333333334,discard,6.995657
8407,8407,0.9433333333333334,request_rescan,6.996225
8408,8408,0.9433333333333334,request_rescan,6.996788
8409,8409,0.9433333333333334,discard,6.997345
8410,8410,0.9433333333333334,request_rescan,6.997916
8411,8411,0.9433333333333334,request_rescan,6.998483
8412,8412,0.9433333333333334,discard,6.999065
8413,8413,0.9433333333333334,request_rescan,6.99963
8414,8414,0.9433333333333334,request_rescan,7.000201
8415,8415,0.9433333333333334,request_rescan,7.000762
8416,8416,0.9433333333333334,request_rescan,7.001333
8417,8417,0.9433333333333334,discard,7.001903
8418,8418,0.9433333333333334,request_rescan,7.002455
8419,8419,0.9433333333333334,request_rescan,7.003025
8420,8420,0.9433333333333334,discard,7.003579
8421,8421,0.9433333333333334,request_rescan,7.004148
8422,8422,0.9433333333333334,discard,7.004782
8423,8423,0.9433333333333334,discard,7.005362
8424,8424,0.9433333333333334,discard,7.00592
8425,8425,0.9433333333333334,request_rescan,7.006487
8426,8426,0.9433333333333334,request_rescan,7.00706
8427,8427,0.9433333333333334,discard,7.007619
8428,8428,0.9433333333333334,request_rescan,7.008182
8429,8429,0.9433333333333334,request_rescan,7.008749
8430,8430,0.9433333333333334,request_rescan,7.009312
8431,8431,0.9433333333333334,discard,7.009883
8432,8432,0.9433333333333334,discard,7.010444
8433,8433,0.9433333333333334,request_rescan,7.01101
8434,8434,0.9433333333333334,discard,7.011568
8435,8435,0.9433333333333334,discard,7.012154
8436,8436,0.9433333333333334,discard,7.012725
8437,8437,0.9433333333333334,request_rescan,7.013311
8438,8438,0.9433333333333334,request_rescan,7.013884
8439,8439,0.9433333333333334,request_rescan,7.014433
8440,8440,0.9433333333333334,request_rescan,7.015011
8441,8441,0.9433333333333334,discard,7.016053
8442,8442,0.9433333333333334,discard,7.016957
8443,8443,0.9433333333333334,request_rescan,7.017489
8444,8444,0.9433333333333334,request_rescan,7.018039
8445,8445,0.9433333333333334,request_rescan,7.018574
8446,8446,0.9433333333333334,discard,7.019127
8447,8447,0.9433333333333334,request_rescan,7.019662
8448,8448,0.76,request_rescan,7.020221
8449,8449,0.9433333333333334,discard,7.052594
8450,8450,0.9433333333333334,request_rescan,7.053248
8451,8451,0.9433333333333334,discard,7.053828
8452,8452,0.9433333333333334,request_rescan,7.054475
8453,8453,0.9433333333333334,request_rescan,7.055066
8454,8454,0.9433333333333334,discard,7.055619
8455,8455,0.9433333333333334,discard,7.056195
8456,8456,0.9433333333333334,request_rescan,7.056739
8457,8457,0.9433333333333334,request_rescan,7.057306
8458,8458,0.9433333333333334,request_rescan,7.057855
8459,8459,0.9433333333333334,request_rescan,7.058416
8460,8460,0.9433333333333334,request_rescan,7.058966
8461,8461,0.9433333333333334,discard,7.059521
8462,8462,0.9433333333333334,discard,7.06008
8463,8463,0.9433333333333334,request_rescan,7.060632
8464,8464,0.9433333333333334,discard,7.061227
8465,8465,0.9433333333333334,request_rescan,7.061785
8466,8466,0.9433333333333334,request_rescan,7.062366
8467,8467,0.9433333333333334,discard,7.06292
8468,8468,0.9433333333333334,discard,7.063468
8469,8469,0.9433333333333334,request_rescan,7.064031
8470,8470,0.9433333333333334,discard,7.064588
8471,8471,0.9433333333333334,request_rescan,7.065145
8472,8472,0.9433333333333334,request_rescan,7.065716
8473,8473,0.9433333333333334,request_rescan,7.066276
8474,8474,0.9433333333333334,discard,7.066842
8475,8475,0.9433333333333334,discard,7.067408
8476,8476,0.9433333333333334,request_rescan,7.067975
8477,8477,0.9433333333333334,discard,7.068515
8478,8478,0.9433333333333334,discard,7.069078
8479,8479,0.9433333333333334,request_rescan,7.069635
8480,8480,0.9433333333333334,request_rescan,7.070186
8481,8481,0.9433333333333334,discard,7.070742
8482,8482,0.9433333333333334,discard,7.071412
8483,8483,0.9433333333333334,request_rescan,7.072035
8484,8484,0.9433333333333334,request_rescan,7.072632
8485,8485,0.9433333333333334,discard,7.073198
8486,8486,0.9433333333333334,request_rescan,7.073746
8487,8487,0.9433333333333334,discard,7.074314
8488,8488,0.9433333333333334,discard,7.07488
8489,8489,0.9433333333333334,request_rescan,7.076404
8490,8490,0.9433333333333334,request_rescan,7.076987
8491,8491,0.9433333333333334,request_rescan,7.077538
8492,8492,0.9433333333333334,discard,7.078143
8493,8493,0.9433333333333334,request_rescan,7.079306
8494,8494,0.9433333333333334,request_rescan,7.079959
8495,8495,0.9433333333333334,discard,7.080501
8496,8496,0.9433333333333334,request_rescan,7.081078
8497,8497,0.9433333333333334,discard,7.081632
8498,8498,0.9433333333333334,discard,7.082199
8499,8499,0.9433333333333334,discard,7.082772
8500,8500,0.9433333333333334,request_rescan,7.083348
8501,8501,0.9433333333333334,request_rescan,7.084781
8502,8502,0.9433333333333334,discard,7.085338
8503,8503,0.9433333333333334,discard,7.085907
8504,8504,0.9433333333333334,discard,7.086461
8505,8505,0.9433333333333334,discard,7.087043
8506,8506,0.9433333333333334,discard,7.087606
8507,8507,0.9433333333333334,request_rescan,7.088231
8508,8508,0.9433333333333334,discard,7.088805
8509,8509,0.9433333333333334,request_rescan,7.089364
8510,8510,0.9433333333333334,discard,7.089954
8511,8511,0.9433333333333334,discard,7.090512
8512,8512,0.9433333333333334,discard,7.091088
8513,8513,0.9433333333333334,discard,7.09164
8514,8514,0.9433333333333334,request_rescan,7.092218
8515,8515,0.9433333333333334,discard,7.092778
8516,8516,0.9433333333333334,discard,7.093332
8517,8517,0.9433333333333334,request_rescan,7.093887
8518,8518,0.9433333333333334,discard,7.094434
8519,8519,0.9433333333333334,discard,7.094999
8520,8520,0.9433333333333334,request_rescan,7.095555
8521,8521,0.9433333333333334,discard,7.096118
8522,8522,0.9433333333333334,request_rescan,7.096679
8523,8523,0.9433333333333334,request_rescan,7.097243
8524,8524,0.76,discard,7.097802
8525,8525,0.9433333333333334,request_rescan,7.098366
8526,8526,0.9433333333333334,request_rescan,7.098928
8527,8527,0.9433333333333334,discard,7.099503
8528,8528,0.9433333333333334,discard,7.100068
8529,8529,0.9433333333333334,discard,7.101099
8530,8530,0.9433333333333334,discard,7.102233
8531,8531,0.9433333333333334,request_rescan,7.102794
8532,8532,0.9433333333333334,request_rescan,7.103346
8533,8533,0.9433333333333334,discard,7.103912
8534,8534,0.9433333333333334,discard,7.104503
8535,8535,0.9433333333333334,request_rescan,7.105091
8536,8536,0.9433333333333334,discard,7.105636
8537,8537,0.9433333333333334,discard,7.106208
8538,8538,0.9433333333333334,discard,7.106758
8539,8539,0.76,discard,7.107339
8540,8540,0.9433333333333334,discard,7.107894
8541,8541,0.9433333333333334,request_rescan,7.108442
8542,8542,0.9433333333333334,discard,7.109009
8543,8543,0.9433333333333334,request_rescan,7.109566
8544,8544,0.9433333333333334,request_rescan,7.110131
8545,8545,0.9433333333333334,discard,7.11067
8546,8546,0.9433333333333334,request_rescan,7.111261
8547,8547,0.9433333333333334,discard,7.111826
8548,8548,0.9433333333333334,request_rescan,7.112391
8549,8549,0.9433333333333334,request_rescan,7.112947
8550,8550,0.9433333333333334,discard,7.113516
8551,8551,0.9433333333333334,discard,7.114081
8552,8552,0.9433333333333334,discard,7.114647
8553,8553,0.9433333333333334,discard,7.115222
8554,8554,0.9433333333333334,request_rescan,7.115779
8555,8555,0.9433333333333334,request_rescan,7.116332
8556,8556,0.9433333333333334,request_rescan,7.116901
8557,8557,0.9433333333333334,request_rescan,7.117443
8558,8558,0.9433333333333334,request_rescan,7.118011
8559,8559,0.9433333333333334,request_rescan,7.118575
8560,8560,0.9433333333333334,request_rescan,7.119138
8561,8561,0.9433333333333334,request_rescan,7.119688
8562,8562,0.9433333333333334,request_rescan,7.120248
8563,8563,0.9433333333333334,request_rescan,7.120809
8564,8564,0.9433333333333334,request_rescan,7.121407
8565,8565,0.9433333333333334,request_rescan,7.121969
8566,8566,0.9433333333333334,discard,7.122532
8567,8567,0.9433333333333334,discard,7.123088
8568,8568,0.9433333333333334,request_rescan,7.12365
8569,8569,0.9433333333333334,request_rescan,7.124207
8570,8570,0.9433333333333334,request_rescan,7.124775
8571,8571,0.9433333333333334,discard,7.125334
8572,8572,0.9433333333333334,request_rescan,7.1259
8573,8573,0.9433333333333334,request_rescan,7.126454
8574,8574,0.9433333333333334,discard,7.127021
8575,8575,0.9433333333333334,discard,7.127591
8576,8576,0.9433333333333334,discard,7.128174
8577,8577,0.9433333333333334,discard,7.157931
8578,8578,0.9433333333333334,request_rescan,7.158533
8579,8579,0.9433333333333334,request_rescan,7.159118
8580,8580,0.9433333333333334,discard,7.159689
8581,8581,0.9433333333333334,request_rescan,7.160261
8582,8582,0.9433333333333334,request_rescan,7.160827
8583,8583,0.9433333333333334,request_rescan,7.161404
8584,8584,0.9433333333333334,request_rescan,7.16198
8585,8585,0.9433333333333334,request_rescan,7.162556
8586,8586,0.9433333333333334,request_rescan,7.163112
8587,8587,0.9433333333333334,discard,7.163686
8588,8588,0.9433333333333334,request_rescan,7.164249
8589,8589,0.9433333333333334,request_rescan,7.16483
8590,8590,0.9433333333333334,request_rescan,7.165392
8591,8591,0.9433333333333334,discard,7.165947
8592,8592,0.9433333333333334,request_rescan,7.166514
8593,8593,0.9433333333333334,discard,7.16709
8594,8594,0.9433333333333334,request_rescan,7.167648
8595,8595,0.9433333333333334,request_rescan,7.168221
8596,8596,0.9433333333333334,request_rescan,7.16878
8597,8597,0.9433333333333334,request_rescan,7.169351
8598,8598,0.9433333333333334,discard,7.169911
8599,8599,0.9433333333333334,request_rescan,7.170474
8600,8600,0.9433333333333334,request_rescan,7.171037
8601,8601,0.9433333333333334,discard,7.172486
8602,8602,0.9433333333333334,discard,7.173061
8603,8603,0.9433333333333334,request_rescan,7.173636
8604,8604,0.9433333333333334,request_rescan,7.174194
8605,8605,0.9433333333333334,discard,7.174756
8606,8606,0.9433333333333334,request_rescan,7.175325
8607,8607,0.9433333333333334,request_rescan,7.175891
8608,8608,0.9433333333333334,discard,7.177461
8609,8609,0.9433333333333334,discard,7.178046
8610,8610,0.9433333333333334,request_rescan,7.178607
8611,8611,0.9433333333333334,discard,7.179506
8612,8612,0.9433333333333334,request_rescan,7.180377
8613,8613,0.9433333333333334,discard,7.180934
8614,8614,0.9433333333333334,request_rescan,7.181498
8615,8615,0.9433333333333334,discard,7.182054
8616,8616,0.9433333333333334,discard,7.182612
8617,8617,0.9433333333333334,discard,7.183165
8618,8618,0.9433333333333334,discard,7.183725
8619,8619,0.9433333333333334,discard,7.184298
8620,8620,0.76,discard,7.184861
8621,8621,0.9433333333333334,request_rescan,7.185439
8622,8622,0.9433333333333334,request_rescan,7.185998
8623,8623,0.9433333333333334,discard,7.186558
8624,8624,0.9433333333333334,request_rescan,7.187106
8625,8625,0.9433333333333334,request_rescan,7.187663
8626,8626,0.9433333333333334,discard,7.188216
8627,8627,0.9433333333333334,request_rescan,7.188785
8628,8628,0.9433333333333334,discard,7.189333
8629,8629,0.9433333333333334,request_rescan,7.189898
8630,8630,0.9433333333333334,discard,7.190444
8631,8631,0.9433333333333334,request_rescan,7.191016
8632,8632,0.9433333333333334,request_rescan,7.191568
8633,8633,0.9433333333333334,discard,7.192151
8634,8634,0.9433333333333334,request_rescan,7.192703
8635,8635,0.9433333333333334,discard,7.193267
8636,8636,0.9433333333333334,request_rescan,7.193816
8637,8637,0.9433333333333334,request_rescan,7.194386
8638,8638,0.9433333333333334,request_rescan,7.194952
8639,8639,0.9433333333333334,discard,7.195534
8640,8640,0.9433333333333334,discard,7.196101
8641,8641,0.9433333333333334,discard,7.196657
8642,8642,0.9433333333333334,request_rescan,7.197237
8643,8643,0.9433333333333334,request_rescan,7.197821
8644,8644,0.9433333333333334,request_rescan,7.198393
8645,8645,0.9433333333333334,discard,7.199637
8646,8646,0.9433333333333334,request_rescan,7.200247
8647,8647,0.9433333333333334,discard,7.200814
8648,8648,0.9433333333333334,discard,7.201369
8649,8649,0.9433333333333334,request_rescan,7.201937
8650,8650,0.9433333333333334,request_rescan,7.202503
8651,8651,0.9433333333333334,discard,7.20308
8652,8652,0.76,discard,7.203638
8653,8653,0.9433333333333334,discard,7.204193
8654,8654,0.9433333333333334,request_rescan,7.204755
8655,8655,0.9433333333333334,request_rescan,7.205313
8656,8656,0.9433333333333334,discard,7.205908
8657,8657,0.9433333333333334,request_rescan,7.206475
8658,8658,0.9433333333333334,discard,7.207027
8659,8659,0.9433333333333334,discard,7.207588
8660,8660,0.9433333333333334,request_rescan,7.208143
8661,8661,0.9433333333333334,discard,7.208695
8662,8662,0.9433333333333334,request_rescan,7.209336
8663,8663,0.9433333333333334,request_rescan,7.209915
8664,8664,0.9433333333333334,request_rescan,7.21048
8665,8665,0.9433333333333334,discard,7.211107
8666,8666,0.9433333333333334,discard,7.211684
8667,8667,0.9433333333333334,request_rescan,7.212251
8668,8668,0.9433333333333334,request_rescan,7.212819
8669,8669,0.9433333333333334,request_rescan,7.21337
8670,8670,0.9433333333333334,request_rescan,7.213924
8671,8671,0.9433333333333334,discard,7.215129
8672,8672,0.9433333333333334,request_rescan,7.215749
8673,8673,0.9433333333333334,discard,7.216335
8674,8674,0.9433333333333334,discard,7.21689
8675,8675,0.9433333333333334,request_rescan,7.217455
8676,8676,0.9433333333333334,discard,7.218011
8677,8677,0.9433333333333334,discard,7.218566
8678,8678,0.9433333333333334,request_rescan,7.219143
8679,8679,0.9433333333333334,discard,7.219703
8680,8680,0.9433333333333334,discard,7.220274
8681,8681,0.9433333333333334,request_rescan,7.220835
8682,8682,0.9433333333333334,request_rescan,7.221391
8683,8683,0.9433333333333334,request_rescan,7.221965
8684,8684,0.9433333333333334,discard,7.222515
8685,8685,0.9433333333333334,request_rescan,7.223097
8686,8686,0.9433333333333334,request_rescan,7.223647
8687,8687,0.9433333333333334,request_rescan,7.224232
8688,8688,0.9433333333333334,discard,7.224789
8689,8689,0.9433333333333334,discard,7.225355
8690,8690,0.76,request_rescan,7.225916
8691,8691,0.9433333333333334,request_rescan,7.22647
8692,8692,0.9433333333333334,request_rescan,7.227041
8693,8693,0.9433333333333334,discard,7.227609
8694,8694,0.9433333333333334,discard,7.228443
8695,8695,0.9433333333333334,discard,7.229005
8696,8696,0.9433333333333334,request_rescan,7.230059
8697,8697,0.9433333333333334,discard,7.230672
8698,8698,0.9433333333333334,request_rescan,7.231241
8699,8699,0.9433333333333334,discard,7.231879
8700,8700,0.9433333333333334,request_rescan,7.232546
8701,8701,0.9433333333333334,discard,7.234064
8702,8702,0.9433333333333334,discard,7.234627
8703,8703,0.9433333333333334,request_rescan,7.235194
8704,8704,0.9433333333333334,discard,7.235753
8705,8705,0.9433333333333334,discard,7.265469
8706,8706,0.76,discard,7.266097
8707,8707,0.9433333333333334,discard,7.266662
8708,8708,0.9433333333333334,discard,7.26724
8709,8709,0.9433333333333334,discard,7.2678
8710,8710,0.9433333333333334,discard,7.268368
8711,8711,0.9433333333333334,discard,7.26894
8712,8712,0.9433333333333334,discard,7.2695
8713,8713,0.9433333333333334,request_rescan,7.270067
8714,8714,0.9433333333333334,request_rescan,7.270631
8715,8715,0.9433333333333334,request_rescan,7.271234
8716,8716,0.9433333333333334,discard,7.2718
8717,8717,0.9433333333333334,discard,7.272381
8718,8718,0.9433333333333334,request_rescan,7.272953
8719,8719,0.9433333333333334,discard,7.273525
8720,8720,0.9433333333333334,request_rescan,7.274082
8721,8721,0.9433333333333334,request_rescan,7.274643
8722,8722,0.9433333333333334,request_rescan,7.275203
8723,8723,0.9433333333333334,request_rescan,7.27576
8724,8724,0.9433333333333334,discard,7.276326
8725,8725,0.9433333333333334,request_rescan,7.276888
8726,8726,0.9433333333333334,request_rescan,7.278585
8727,8727,0.9433333333333334,request_rescan,7.279603
8728,8728,0.9433333333333334,request_rescan,7.280178
8729,8729,0.9433333333333334,discard,7.280761
8730,8730,0.76,request_rescan,7.281377
8731,8731,0.9433333333333334,request_rescan,7.281956
8732,8732,0.9433333333333334,discard,7.282527
8733,8733,0.9433333333333334,discard,7.283127
8734,8734,0.9433333333333334,discard,7.283686
8735,8735,0.9433333333333334,discard,7.284277
8736,8736,0.9433333333333334,request_rescan,7.284857
8737,8737,0.9433333333333334,request_rescan,7.285431
8738,8738,0.9433333333333334,discard,7.286006
8739,8739,0.9433333333333334,discard,7.286561
8740,8740,0.9433333333333334,discard,7.287134
8741,8741,0.9433333333333334,discard,7.28774
8742,8742,0.9433333333333334,request_rescan,7.288334
8743,8743,0.9433333333333334,discard,7.288894
8744,8744,0.9433333333333334,request_rescan,7.289473
8745,8745,0.9433333333333334,request_rescan,7.290059
8746,8746,0.9433333333333334,request_rescan,7.290626
8747,8747,0.9433333333333334,request_rescan,7.291197
8748,8748,0.9433333333333334,discard,7.291777
8749,8749,0.9433333333333334,discard,7.292336
8750,8750,0.9433333333333334,request_rescan,7.292934
8751,8751,0.9433333333333334,discard,7.293485
8752,8752,0.9433333333333334,discard,7.294049
8753,8753,0.9433333333333334,request_rescan,7.294596
8754,8754,0.9433333333333334,discard,7.295176
8755,8755,0.9433333333333334,discard,7.295747
8756,8756,0.9433333333333334,request_rescan,7.296338
8757,8757,0.9433333333333334,request_rescan,7.296909
8758,8758,0.9433333333333334,discard,7.297472
8759,8759,0.9433333333333334,discard,7.298048
8760,8760,0.9433333333333334,request_rescan,7.298645
8761,8761,0.9433333333333334,discard,7.299232
8762,8762,0.9433333333333334,request_rescan,7.299835
8763,8763,0.9433333333333334,request_rescan,7.300387
8764,8764,0.9433333333333334,discard,7.30095
8765,8765,0.9433333333333334,request_rescan,7.301499
8766,8766,0.9433333333333334,discard,7.302069
8767,8767,0.9433333333333334,discard,7.302622
8768,8768,0.9433333333333334,discard,7.303184
8769,8769,0.9433333333333334,request_rescan,7.30374
8770,8770,0.9433333333333334,discard,7.304322
8771,8771,0.9433333333333334,request_rescan,7.304896
8772,8772,0.9433333333333334,request_rescan,7.305449
8773,8773,0.9433333333333334,request_rescan,7.306021
8774,8774,0.9433333333333334,request_rescan,7.306576
8775,8775,0.9433333333333334,request_rescan,7.307144
8776,8776,0.9433333333333334,request_rescan,7.307697
8777,8777,0.9433333333333334,request_rescan,7.308262
8778,8778,0.9433333333333334,discard,7.308826
8779,8779,0.9433333333333334,request_rescan,7.309384
8780,8780,0.9433333333333334,discard,7.309927
8781,8781,0.9433333333333334,request_rescan,7.310502
8782,8782,0.9433333333333334,request_rescan,7.311069
8783,8783,0.9433333333333334,request_rescan,7.311627
8784,8784,0.9433333333333334,discard,7.31222
8785,8785,0.9433333333333334,discard,7.312788
8786,8786,0.76,request_rescan,7.31336
8787,8787,0.9433333333333334,request_rescan,7.313931
8788,8788,0.9433333333333334,discard,7.314501
8789,8789,0.9433333333333334,request_rescan,7.31507
8790,8790,0.9433333333333334,discard,7.31563
8791,8791,0.9433333333333334,discard,7.316185
8792,8792,0.9433333333333334,request_rescan,7.316737
8793,8793,0.9433333333333334,discard,7.317312
8794,8794,0.9433333333333334,discard,7.31788
8795,8795,0.9433333333333334,discard,7.318433
8796,8796,0.9433333333333334,discard,7.319
8797,8797,0.9433333333333334,discard,7.319564
8798,8798,0.9433333333333334,discard,7.32012
8799,8799,0.9433333333333334,discard,7.320676
8800,8800,0.9433333333333334,discard,7.321284
8801,8801,0.9433333333333334,request_rescan,7.322808
8802,8802,0.9433333333333334,discard,7.323365
8803,8803,0.9433333333333334,request_rescan,7.323933
8804,8804,0.9433333333333334,discard,7.3245
8805,8805,0.9433333333333334,request_rescan,7.325077
8806,8806,0.9433333333333334,discard,7.325632
8807,8807,0.9433333333333334,discard,7.326199
8808,8808,0.9433333333333334,request_rescan,7.326773
8809,8809,0.9433333333333334,request_rescan,7.327334
8810,8810,0.9433333333333334,request_rescan,7.327915
8811,8811,0.9433333333333334,discard,7.329272
8812,8812,0.9433333333333334,request_rescan,7.32995
8813,8813,0.9433333333333334,request_rescan,7.330529
8814,8814,0.9433333333333334,request_rescan,7.331103
8815,8815,0.9433333333333334,request_rescan,7.331668
8816,8816,0.9433333333333334,request_rescan,7.332237
8817,8817,0.9433333333333334,request_rescan,7.332799
8818,8818,0.9433333333333334,discard,7.333368
8819,8819,0.9433333333333334,discard,7.333941
8820,8820,0.9433333333333334,request_rescan,7.334505
8821,8821,0.9433333333333334,discard,7.335088
8822,8822,0.9433333333333334,discard,7.335665
8823,8823,0.9433333333333334,discard,7.336259
8824,8824,0.9433333333333334,discard,7.336818
8825,8825,0.9433333333333334,request_rescan,7.337384
8826,8826,0.9433333333333334,request_rescan,7.338014
8827,8827,0.9433333333333334,discard,7.338566
8828,8828,0.9433333333333334,request_rescan,7.339149
8829,8829,0.9433333333333334,discard,7.339695
8830,8830,0.9433333333333334,request_rescan,7.340294
8831,8831,0.9433333333333334,discard,7.340858
8832,8832,0.9433333333333334,request_rescan,7.341441
8833,8833,0.9433333333333334,discard,7.372556
8834,8834,0.9433333333333334,discard,7.373161
8835,8835,0.9433333333333334,request_rescan,7.373731
8836,8836,0.9433333333333334,discard,7.37429
8837,8837,0.9433333333333334,discard,7.374854
8838,8838,0.9433333333333334,request_rescan,7.375416
8839,8839,0.9433333333333334,request_rescan,7.375968
8840,8840,0.9433333333333334,request_rescan,7.376515
8841,8841,0.9433333333333334,request_rescan,7.377077
8842,8842,0.9433333333333334,request_rescan,7.377623
8843,8843,0.9433333333333334,discard,7.379084
8844,8844,0.9433333333333334,discard,7.379797
8845,8845,0.9433333333333334,request_rescan,7.380355
8846,8846,0.9433333333333334,request_rescan,7.380914
8847,8847,0.9433333333333334,discard,7.381485
8848,8848,0.9433333333333334,request_rescan,7.382048
8849,8849,0.9433333333333334,discard,7.382609
8850,8850,0.9433333333333334,request_rescan,7.383196
8851,8851,0.9433333333333334,request_rescan,7.383874
8852,8852,0.9433333333333334,discard,7.384918
8853,8853,0.9433333333333334,discard,7.385485
8854,8854,0.76,request_rescan,7.386072
8855,8855,0.9433333333333334,discard,7.386633
8856,8856,0.9433333333333334,request_rescan,7.387213
8857,8857,0.9433333333333334,request_rescan,7.38777
8858,8858,0.9433333333333334,request_rescan,7.388335
8859,8859,0.9433333333333334,discard,7.388885
8860,8860,0.9433333333333334,discard,7.389437
8861,8861,0.9433333333333334,request_rescan,7.389997
8862,8862,0.9433333333333334,request_rescan,7.390562
8863,8863,0.9433333333333334,discard,7.391121
8864,8864,0.9433333333333334,discard,7.391694
8865,8865,0.9433333333333334,request_rescan,7.392258
8866,8866,0.9433333333333334,discard,7.392829
8867,8867,0.9433333333333334,request_rescan,7.393385
8868,8868,0.9433333333333334,request_rescan,7.393955
8869,8869,0.9433333333333334,request_rescan,7.394525
8870,8870,0.9433333333333334,request_rescan,7.395094
8871,8871,0.9433333333333334,discard,7.395693
8872,8872,0.9433333333333334,request_rescan,7.396264
8873,8873,0.9433333333333334,discard,7.396823
8874,8874,0.9433333333333334,request_rescan,7.397392
8875,8875,0.9433333333333334,discard,7.397961
8876,8876,0.9433333333333334,request_rescan,7.398845
8877,8877,0.9433333333333334,discard,7.399397
8878,8878,0.9433333333333334,discard,7.399961
8879,8879,0.9433333333333334,discard,7.400608
8880,8880,0.9433333333333334,discard,7.401479
8881,8881,0.9433333333333334,discard,7.402059
8882,8882,0.9433333333333334,discard,7.402616
8883,8883,0.9433333333333334,discard,7.403246
8884,8884,0.9433333333333334,request_rescan,7.403812
8885,8885,0.9433333333333334,discard,7.404381
8886,8886,0.9433333333333334,request_rescan,7.404934
8887,8887,0.9433333333333334,request_rescan,7.405497
8888,8888,0.9433333333333334,discard,7.406054
8889,8889,0.9433333333333334,discard,7.406621
8890,8890,0.9433333333333334,discard,7.407188
8891,8891,0.9433333333333334,discard,7.407736
8892,8892,0.9433333333333334,request_rescan,7.408286
8893,8893,0.9433333333333334,request_rescan,7.40885
8894,8894,0.9433333333333334,discard,7.40941
8895,8895,0.9433333333333334,discard,7.409966
8896,8896,0.9433333333333334,request_rescan,7.410525
8897,8897,0.9433333333333334,request_rescan,7.411086
8898,8898,0.9433333333333334,request_rescan,7.411999
8899,8899,0.9433333333333334,request_rescan,7.412557
8900,8900,0.9433333333333334,discard,7.413268
8901,8901,0.9433333333333334,request_rescan,7.414732
8902,8902,0.9433333333333334,discard,7.41531
8903,8903,0.9433333333333334,discard,7.415876
8904,8904,0.9433333333333334,discard,7.416448
8905,8905,0.9433333333333334,request_rescan,7.417067
8906,8906,0.9433333333333334,discard,7.418006
8907,8907,0.9433333333333334,request_rescan,7.418648
8908,8908,0.9433333333333334,request_rescan,7.419214
8909,8909,0.9433333333333334,discard,7.419794
8910,8910,0.9433333333333334,discard,7.420372
8911,8911,0.9433333333333334,discard,7.420948
8912,8912,0.9433333333333334,discard,7.421553
8913,8913,0.9433333333333334,discard,7.422141
8914,8914,0.9433333333333334,request_rescan,7.422708
8915,8915,0.9433333333333334,discard,7.423274
8916,8916,0.9433333333333334,request_rescan,7.423835
8917,8917,0.9433333333333334,discard,7.424405
8918,8918,0.9433333333333334,request_rescan,7.424973
8919,8919,0.9433333333333334,request_rescan,7.425535
8920,8920,0.9433333333333334,discard,7.426107
8921,8921,0.9433333333333334,request_rescan,7.426682
8922,8922,0.9433333333333334,request_rescan,7.427263
8923,8923,0.9433333333333334,discard,7.427823
8924,8924,0.9433333333333334,discard,7.428407
8925,8925,0.9433333333333334,request_rescan,7.428969
8926,8926,0.9433333333333334,request_rescan,7.429545
8927,8927,0.9433333333333334,request_rescan,7.430108
8928,8928,0.9433333333333334,request_rescan,7.43068
8929,8929,0.9433333333333334,request_rescan,7.431245
8930,8930,0.9433333333333334,request_rescan,7.431823
8931,8931,0.9433333333333334,discard,7.432413
8932,8932,0.9433333333333334,request_rescan,7.432985
8933,8933,0.9433333333333334,discard,7.433557
8934,8934,0.9433333333333334,request_rescan,7.434654
8935,8935,0.9433333333333334,discard,7.435493
8936,8936,0.9433333333333334,request_rescan,7.436075
8937,8937,0.9433333333333334,discard,7.436653
8938,8938,0.9433333333333334,discard,7.43723
8939,8939,0.9433333333333334,discard,7.437855
8940,8940,0.9433333333333334,request_rescan,7.438422
8941,8941,0.9433333333333334,discard,7.438997
8942,8942,0.9433333333333334,discard,7.439576
8943,8943,0.9433333333333334,discard,7.440156
8944,8944,0.9433333333333334,request_rescan,7.440708
8945,8945,0.9433333333333334,request_rescan,7.441281
8946,8946,0.9433333333333334,request_rescan,7.441844
8947,8947,0.9433333333333334,request_rescan,7.442416
8948,8948,0.9433333333333334,discard,7.442979
8949,8949,0.9433333333333334,discard,7.443545
8950,8950,0.9433333333333334,discard,7.444118
8951,8951,0.9433333333333334,request_rescan,7.44469
8952,8952,0.9433333333333334,discard,7.445259
8953,8953,0.9433333333333334,request_rescan,7.445833
8954,8954,0.9433333333333334,discard,7.446399
8955,8955,0.9433333333333334,request_rescan,7.446958
8956,8956,0.9433333333333334,request_rescan,7.447532
8957,8957,0.9433333333333334,discard,7.448126
8958,8958,0.9433333333333334,request_rescan,7.448744
8959,8959,0.9433333333333334,request_rescan,7.449313
8960,8960,0.9433333333333334,discard,7.449884
8961,8961,0.9433333333333334,discard,7.481327
8962,8962,0.9433333333333334,request_rescan,7.481998
8963,8963,0.9433333333333334,request_rescan,7.482877
8964,8964,0.9433333333333334,request_rescan,7.483819
8965,8965,0.9433333333333334,discard,7.484434
8966,8966,0.9433333333333334,request_rescan,7.485002
8967,8967,0.9433333333333334,request_rescan,7.48557
8968,8968,0.9433333333333334,request_rescan,7.486128
8969,8969,0.9433333333333334,discard,7.486695
8970,8970,0.9433333333333334,discard,7.487274
8971,8971,0.9433333333333334,request_rescan,7.487883
8972,8972,0.9433333333333334,discard,7.488435
8973,8973,0.9433333333333334,request_rescan,7.489013
8974,8974,0.9433333333333334,discard,7.489555
8975,8975,0.9433333333333334,request_rescan,7.490128
8976,8976,0.9433333333333334,request_rescan,7.490673
8977,8977,0.9433333333333334,request_rescan,7.491268
8978,8978,0.9433333333333334,request_rescan,7.491866
8979,8979,0.9433333333333334,discard,7.492437
8980,8980,0.9433333333333334,request_rescan,7.492998
8981,8981,0.9433333333333334,discard,7.49355
8982,8982,0.9433333333333334,request_rescan,7.494115
8983,8983,0.9433333333333334,request_rescan,7.494673
8984,8984,0.9433333333333334,request_rescan,7.495278
8985,8985,0.9433333333333334,discard,7.495847
8986,8986,0.9433333333333334,discard,7.496404
8987,8987,0.9433333333333334,request_rescan,7.496971
8988,8988,0.9433333333333334,discard,7.49752
8989,8989,0.9433333333333334,discard,7.498078
8990,8990,0.9433333333333334,request_rescan,7.498643
8991,8991,0.9433333333333334,request_rescan,7.499219
8992,8992,0.9433333333333334,request_rescan,7.499773
8993,8993,0.9433333333333334,request_rescan,7.500341
8994,8994,0.9433333333333334,request_rescan,7.500915
8995,8995,0.9433333333333334,discard,7.501486
8996,8996,0.9433333333333334,request_rescan,7.502035
8997,8997,0.9433333333333334,discard,7.502589
8998,8998,0.9433333333333334,discard,7.503137
8999,8999,0.9433333333333334,discard,7.503686
9000,9000,0.9433333333333334,discard,7.504228
9001,9001,0.9433333333333334,discard,7.505759
9002,9002,0.9433333333333334,discard,7.506388
9003,9003,0.9433333333333334,request_rescan,7.506968
9004,9004,0.9433333333333334,discard,7.507525
9005,9005,0.9433333333333334,discard,7.508105
9006,9006,0.76,discard,7.508665
9007,9007,0.9433333333333334,request_rescan,7.509241
9008,9008,0.9433333333333334,request_rescan,7.509803
9009,9009,0.9433333333333334,request_rescan,7.510357
9010,9010,0.9433333333333334,discard,7.510921
9011,9011,0.9433333333333334,discard,7.511477
9012,9012,0.9433333333333334,discard,7.512058
9013,9013,0.9433333333333334,discard,7.512624
9014,9014,0.9433333333333334,discard,7.513196
9015,9015,0.9433333333333334,request_rescan,7.513759
9016,9016,0.9433333333333334,discard,7.514314
9017,9017,0.9433333333333334,request_rescan,7.514881
9018,9018,0.9433333333333334,request_rescan,7.515426
9019,9019,0.9433333333333334,discard,7.516001
9020,9020,0.9433333333333334,request_rescan,7.516544
9021,9021,0.9433333333333334,request_rescan,7.517133
9022,9022,0.9433333333333334,discard,7.517676
9023,9023,0.9433333333333334,discard,7.518286
9024,9024,0.9433333333333334,request_rescan,7.518834
9025,9025,0.9433333333333334,discard,7.519418
9026,9026,0.9433333333333334,discard,7.519969
9027,9027,0.9433333333333334,discard,7.520524
9028,9028,0.9433333333333334,request_rescan,7.521108
9029,9029,0.9433333333333334,request_rescan,7.521688
9030,9030,0.9433333333333334,discard,7.522277
9031,9031,0.9433333333333334,request_rescan,7.522836
9032,9032,0.9433333333333334,discard,7.523384
9033,9033,0.76,request_rescan,7.523981
9034,9034,0.9433333333333334,discard,7.524535
9035,9035,0.9433333333333334,discard,7.525093
9036,9036,0.9433333333333334,request_rescan,7.525641
9037,9037,0.9433333333333334,discard,7.526195
9038,9038,0.9433333333333334,discard,7.526749
9039,9039,0.9433333333333334,discard,7.527301
9040,9040,0.9433333333333334,request_rescan,7.527879
9041,9041,0.9433333333333334,discard,7.528436
9042,9042,0.9433333333333334,request_rescan,7.529034
9043,9043,0.9433333333333334,request_rescan,7.529584
9044,9044,0.9433333333333334,request_rescan,7.530166
9045,9045,0.9433333333333334,discard,7.530741
9046,9046,0.9433333333333334,request_rescan,7.53133
9047,9047,0.9433333333333334,discard,7.531887
9048,9048,0.9433333333333334,request_rescan,7.532682
9049,9049,0.9433333333333334,discard,7.5335
9050,9050,0.9433333333333334,request_rescan,7.534287
9051,9051,0.9433333333333334,request_rescan,7.534853
9052,9052,0.9433333333333334,discard,7.535422
9053,9053,0.9433333333333334,discard,7.535976
9054,9054,0.9433333333333334,request_rescan,7.53653
9055,9055,0.9433333333333334,discard,7.537088
9056,9056,0.9433333333333334,discard,7.537692
9057,9057,0.9433333333333334,request_rescan,7.538266
9058,9058,0.9433333333333334,request_rescan,7.538837
9059,9059,0.9433333333333334,discard,7.539421
9060,9060,0.9433333333333334,discard,7.539986
9061,9061,0.9433333333333334,request_rescan,7.540532
9062,9062,0.9433333333333334,discard,7.541105
9063,9063,0.9433333333333334,request_rescan,7.541652
9064,9064,0.9433333333333334,discard,7.542213
9065,9065,0.9433333333333334,request_rescan,7.54276
9066,9066,0.9433333333333334,request_rescan,7.54332
9067,9067,0.9433333333333334,discard,7.543873
9068,9068,0.9433333333333334,request_rescan,7.544417
9069,9069,0.9433333333333334,discard,7.544988
9070,9070,0.9433333333333334,request_rescan,7.545565
9071,9071,0.9433333333333334,discard,7.546138
9072,9072,0.9433333333333334,request_rescan,7.546688
9073,9073,0.9433333333333334,request_rescan,7.547237
9074,9074,0.9433333333333334,discard,7.547783
9075,9075,0.9433333333333334,discard,7.548345
9076,9076,0.9433333333333334,request_rescan,7.548929
9077,9077,0.9433333333333334,discard,7.549484
9078,9078,0.9433333333333334,discard,7.550041
9079,9079,0.9433333333333334,discard,7.550605
9080,9080,0.9433333333333334,discard,7.55116
9081,9081,0.9433333333333334,discard,7.551723
9082,9082,0.9433333333333334,discard,7.552267
9083,9083,0.9433333333333334,request_rescan,7.55283
9084,9084,0.9433333333333334,discard,7.553375
9085,9085,0.9433333333333334,request_rescan,7.553931
9086,9086,0.9433333333333334,discard,7.554568
9087,9087,0.9433333333333334,discard,7.555138
9088,9088,0.9433333333333334,request_rescan,7.55575
9089,9089,0.9433333333333334,discard,7.588339
9090,9090,0.9433333333333334,discard,7.58895
9091,9091,0.9433333333333334,request_rescan,7.589515
9092,9092,0.9433333333333334,discard,7.590081
9093,9093,0.9433333333333334,discard,7.590642
9094,9094,0.9433333333333334,discard,7.591213
9095,9095,0.9433333333333334,discard,7.591777
9096,9096,0.9433333333333334,discard,7.59238
9097,9097,0.9433333333333334,request_rescan,7.59298
9098,9098,0.9433333333333334,discard,7.593527
9099,9099,0.9433333333333334,discard,7.59409
9100,9100,0.9433333333333334,request_rescan,7.594644
9101,9101,0.9433333333333334,discard,7.596052
9102,9102,0.9433333333333334,discard,7.596607
9103,9103,0.9433333333333334,discard,7.597191
9104,9104,0.9433333333333334,discard,7.597739
9105,9105,0.9433333333333334,request_rescan,7.598319
9106,9106,0.9433333333333334,discard,7.598868
9107,9107,0.9433333333333334,request_rescan,7.599413
9108,9108,0.9433333333333334,discard,7.599983
9109,9109,0.9433333333333334,discard,7.600546
9110,9110,0.9433333333333334,request_rescan,7.601106
9111,9111,0.9433333333333334,discard,7.601675
9112,9112,0.9433333333333334,discard,7.602233
9113,9113,0.9433333333333334,request_rescan,7.602815
9114,9114,0.9433333333333334,request_rescan,7.603366
9115,9115,0.9433333333333334,discard,7.603946
9116,9116,0.9433333333333334,discard,7.604542
9117,9117,0.9433333333333334,discard,7.605119
9118,9118,0.9433333333333334,discard,7.605684
9119,9119,0.9433333333333334,discard,7.606246
9120,9120,0.9433333333333334,discard,7.606792
9121,9121,0.9433333333333334,request_rescan,7.607377
9122,9122,0.9433333333333334,discard,7.607956
9123,9123,0.9433333333333334,discard,7.608496
9124,9124,0.9433333333333334,request_rescan,7.60903
9125,9125,0.9433333333333334,discard,7.609563
9126,9126,0.9433333333333334,request_rescan,7.610109
9127,9127,0.9433333333333334,discard,7.610646
9128,9128,0.9433333333333334,request_rescan,7.611234
9129,9129,0.9433333333333334,discard,7.6118
9130,9130,0.9433333333333334,discard,7.612393
9131,9131,0.9433333333333334,request_rescan,7.612992
9132,9132,0.9433333333333334,discard,7.613568
9133,9133,0.9433333333333334,request_rescan,7.61414
9134,9134,0.9433333333333334,request_rescan,7.614709
9135,9135,0.9433333333333334,discard,7.615261
9136,9136,0.9433333333333334,discard,7.616488
9137,9137,0.9433333333333334,request_rescan,7.617095
9138,9138,0.9433333333333334,request_rescan,7.617619
9139,9139,0.9433333333333334,discard,7.618177
9140,9140,0.9433333333333334,discard,7.618702
9141,9141,0.9433333333333334,discard,7.619276
9142,9142,0.9433333333333334,discard,7.619826
9143,9143,0.9433333333333334,discard,7.620383
9144,9144,0.9433333333333334,request_rescan,7.620938
9145,9145,0.9433333333333334,request_rescan,7.621543
9146,9146,0.9433333333333334,discard,7.622126
9147,9147,0.9433333333333334,request_rescan,7.622691
9148,9148,0.9433333333333334,request_rescan,7.623248
9149,9149,0.9433333333333334,discard,7.623814
9150,9150,0.9433333333333334,request_rescan,7.62438
9151,9151,0.9433333333333334,discard,7.624934
9152,9152,0.9433333333333334,request_rescan,7.625493
9153,9153,0.9433333333333334,discard,7.62606
9154,9154,0.9433333333333334,request_rescan,7.626652
9155,9155,0.9433333333333334,discard,7.627214
9156,9156,0.9433333333333334,request_rescan,7.62779
9157,9157,0.9433333333333334,discard,7.628353
9158,9158,0.9433333333333334,request_rescan,7.628918
9159,9159,0.9433333333333334,request_rescan,7.629731
9160,9160,0.9433333333333334,discard,7.630294
9161,9161,0.9433333333333334,request_rescan,7.630847
9162,9162,0.9433333333333334,request_rescan,7.631394
9163,9163,0.9433333333333334,discard,7.631958
9164,9164,0.9433333333333334,request_rescan,7.632638
9165,9165,0.9433333333333334,discard,7.633525
9166,9166,0.9433333333333334,discard,7.634089
9167,9167,0.9433333333333334,request_rescan,7.634645
9168,9168,0.9433333333333334,request_rescan,7.635201
9169,9169,0.9433333333333334,request_rescan,7.635771
9170,9170,0.9433333333333334,request_rescan,7.636323
9171,9171,0.9433333333333334,discard,7.636888
9172,9172,0.9433333333333334,request_rescan,7.637438
9173,9173,0.9433333333333334,request_rescan,7.638046
9174,9174,0.9433333333333334,discard,7.638605
9175,9175,0.9433333333333334,discard,7.639174
9176,9176,0.9433333333333334,request_rescan,7.63972
9177,9177,0.9433333333333334,discard,7.640287
9178,9178,0.9433333333333334,request_rescan,7.640834
9179,9179,0.9433333333333334,request_rescan,7.6414
9180,9180,0.9433333333333334,discard,7.641942
9181,9181,0.9433333333333334,discard,7.642506
9182,9182,0.9433333333333334,request_rescan,7.643055
9183,9183,0.9433333333333334,request_rescan,7.643604
9184,9184,0.9433333333333334,discard,7.644164
9185,9185,0.9433333333333334,discard,7.644731
9186,9186,0.9433333333333334,discard,7.645293
9187,9187,0.9433333333333334,request_rescan,7.645857
9188,9188,0.9433333333333334,request_rescan,7.646409
9189,9189,0.9433333333333334,discard,7.646977
9190,9190,0.9433333333333334,request_rescan,7.64752
9191,9191,0.9433333333333334,discard,7.648089
9192,9192,0.9433333333333334,discard,7.648637
9193,9193,0.9433333333333334,request_rescan,7.649205
9194,9194,0.9433333333333334,discard,7.649756
9195,9195,0.9433333333333334,discard,7.650328
9196,9196,0.9433333333333334,discard,7.650898
9197,9197,0.9433333333333334,discard,7.651503
9198,9198,0.9433333333333334,discard,7.652077
9199,9199,0.9433333333333334,discard,7.652605
9200,9200,0.9433333333333334,discard,7.653179
9201,9201,0.9433333333333334,request_rescan,7.654674
9202,9202,0.9433333333333334,discard,7.65522
9203,9203,0.9433333333333334,request_rescan,7.655756
9204,9204,0.9433333333333334,discard,7.656307
9205,9205,0.9433333333333334,discard,7.656872
9206,9206,0.9433333333333334,request_rescan,7.657403
9207,9207,0.9433333333333334,discard,7.657931
9208,9208,0.9433333333333334,request_rescan,7.658461
9209,9209,0.9433333333333334,discard,7.658982
9210,9210,0.9433333333333334,discard,7.659519
9211,9211,0.9433333333333334,discard,7.660072
9212,9212,0.9433333333333334,request_rescan,7.660635
9213,9213,0.9433333333333334,discard,7.661192
9214,9214,0.9433333333333334,discard,7.661784
9215,9215,0.9433333333333334,discard,7.662338
9216,9216,0.9433333333333334,discard,7.662906
9217,9217,0.9433333333333334,discard,7.696476
9218,9218,0.9433333333333334,request_rescan,7.697161
9219,9219,0.9433333333333334,discard,7.697735
9220,9220,0.9433333333333334,discard,7.698326
9221,9221,0.9433333333333334,request_rescan,7.698913
9222,9222,0.9433333333333334,request_rescan,7.699465
9223,9223,0.9433333333333334,discard,7.700104
9224,9224,0.9433333333333334,request_rescan,7.700653
9225,9225,0.9433333333333334,request_rescan,7.701239
9226,9226,0.76,request_rescan,7.701788
9227,9227,0.9433333333333334,discard,7.702363
9228,9228,0.9433333333333334,request_rescan,7.702921
9229,9229,0.9433333333333334,request_rescan,7.703464
9230,9230,0.9433333333333334,request_rescan,7.704052
9231,9231,0.76,discard,7.704608
9232,9232,0.9433333333333334,request_rescan,7.705176
9233,9233,0.9433333333333334,discard,7.705734
9234,9234,0.9433333333333334,discard,7.706295
9235,9235,0.9433333333333334,discard,7.706849
9236,9236,0.9433333333333334,discard,7.707403
9237,9237,0.9433333333333334,discard,7.707955
9238,9238,0.9433333333333334,request_rescan,7.708508
9239,9239,0.9433333333333334,discard,7.709066
9240,9240,0.9433333333333334,request_rescan,7.709624
9241,9241,0.9433333333333334,discard,7.710175
9242,9242,0.9433333333333334,request_rescan,7.71073
9243,9243,0.9433333333333334,discard,7.711296
9244,9244,0.9433333333333334,discard,7.711863
9245,9245,0.9433333333333334,discard,7.712413
9246,9246,0.9433333333333334,request_rescan,7.712981
9247,9247,0.9433333333333334,request_rescan,7.713517
9248,9248,0.9433333333333334,discard,7.714087
9249,9249,0.9433333333333334,request_rescan,7.714988
9250,9250,0.9433333333333334,discard,7.715948
9251,9251,0.9433333333333334,request_rescan,7.716495
9252,9252,0.9433333333333334,request_rescan,7.717056
9253,9253,0.9433333333333334,request_rescan,7.717597
9254,9254,0.9433333333333334,discard,7.718164
9255,9255,0.9433333333333334,request_rescan,7.71874
9256,9256,0.9433333333333334,request_rescan,7.719307
9257,9257,0.9433333333333334,request_rescan,7.719868
9258,9258,0.9433333333333334,discard,7.72042
9259,9259,0.9433333333333334,discard,7.720978
9260,9260,0.9433333333333334,discard,7.721526
9261,9261,0.9433333333333334,request_rescan,7.722074
9262,9262,0.9433333333333334,request_rescan,7.722631
9263,9263,0.9433333333333334,discard,7.723184
9264,9264,0.9433333333333334,discard,7.723745
9265,9265,0.9433333333333334,request_rescan,7.724292
9266,9266,0.9433333333333334,discard,7.724857
9267,9267,0.9433333333333334,discard,7.725401
9268,9268,0.9433333333333334,discard,7.725956
9269,9269,0.9433333333333334,request_rescan,7.726501
9270,9270,0.9433333333333334,discard,7.727049
9271,9271,0.9433333333333334,request_rescan,7.727616
9272,9272,0.9433333333333334,discard,7.728396
9273,9273,0.9433333333333334,discard,7.728949
9274,9274,0.9433333333333334,discard,7.729501
9275,9275,0.9433333333333334,request_rescan,7.730058
9276,9276,0.9433333333333334,discard,7.730615
9277,9277,0.9433333333333334,request_rescan,7.731185
9278,9278,0.9433333333333334,discard,7.731912
9279,9279,0.9433333333333334,discard,7.732535
9280,9280,0.9433333333333334,request_rescan,7.733103
9281,9281,0.9433333333333334,discard,7.733649
9282,9282,0.9433333333333334,discard,7.734193
9283,9283,0.9433333333333334,request_rescan,7.734749
9284,9284,0.9433333333333334,request_rescan,7.7353
9285,9285,0.9433333333333334,request_rescan,7.735859
9286,9286,0.9433333333333334,request_rescan,7.736399
9287,9287,0.9433333333333334,request_rescan,7.736959
9288,9288,0.9433333333333334,request_rescan,7.737502
9289,9289,0.9433333333333334,request_rescan,7.738046
9290,9290,0.9433333333333334,request_rescan,7.738604
9291,9291,0.9433333333333334,discard,7.739156
9292,9292,0.9433333333333334,request_rescan,7.73971
9293,9293,0.9433333333333334,request_rescan,7.740254
9294,9294,0.9433333333333334,request_rescan,7.740811
9295,9295,0.9433333333333334,request_rescan,7.741363
9296,9296,0.9433333333333334,discard,7.741925
9297,9297,0.9433333333333334,discard,7.742477
9298,9298,0.9433333333333334,discard,7.743018
9299,9299,0.9433333333333334,request_rescan,7.743578
9300,9300,0.9433333333333334,discard,7.744133
9301,9301,0.9433333333333334,discard,7.745601
9302,9302,0.9433333333333334,discard,7.746172
9303,9303,0.9433333333333334,request_rescan,7.74673
9304,9304,0.9433333333333334,request_rescan,7.747293
9305,9305,0.9433333333333334,request_rescan,7.747839
9306,9306,0.9433333333333334,discard,7.7484
9307,9307,0.9433333333333334,discard,7.74895
9308,9308,0.9433333333333334,discard,7.749507
9309,9309,0.9433333333333334,discard,7.750051
9310,9310,0.9433333333333334,discard,7.750603
9311,9311,0.9433333333333334,request_rescan,7.751153
9312,9312,0.9433333333333334,discard,7.751696
9313,9313,0.9433333333333334,discard,7.752256
9314,9314,0.9433333333333334,discard,7.752809
9315,9315,0.9433333333333334,discard,7.753367
9316,9316,0.9433333333333334,request_rescan,7.753908
9317,9317,0.9433333333333334,request_rescan,7.754456
9318,9318,0.9433333333333334,discard,7.755013
9319,9319,0.9433333333333334,discard,7.755562
9320,9320,0.9433333333333334,discard,7.756134
9321,9321,0.9433333333333334,request_rescan,7.756691
9322,9322,0.9433333333333334,discard,7.757247
9323,9323,0.9433333333333334,request_rescan,7.757805
9324,9324,0.9433333333333334,discard,7.758377
9325,9325,0.9433333333333334,request_rescan,7.758945
9326,9326,0.9433333333333334,request_rescan,7.759489
9327,9327,0.9433333333333334,request_rescan,7.760058
9328,9328,0.9433333333333334,discard,7.76061
9329,9329,0.9433333333333334,discard,7.761174
9330,9330,0.9433333333333334,request_rescan,7.761736
9331,9331,0.9433333333333334,request_rescan,7.76235
9332,9332,0.9433333333333334,discard,7.762934
9333,9333,0.9433333333333334,request_rescan,7.763494
9334,9334,0.9433333333333334,request_rescan,7.764066
9335,9335,0.9433333333333334,request_rescan,7.764609
9336,9336,0.9433333333333334,request_rescan,7.765156
9337,9337,0.9433333333333334,request_rescan,7.765723
9338,9338,0.9433333333333334,request_rescan,7.766647
9339,9339,0.9433333333333334,request_rescan,7.767686
9340,9340,0.9433333333333334,discard,7.768243
9341,9341,0.9433333333333334,request_rescan,7.768796
9342,9342,0.9433333333333334,discard,7.769338
9343,9343,0.9433333333333334,request_rescan,7.769906
9344,9344,0.9433333333333334,discard,7.77045
9345,9345,0.9433333333333334,discard,7.805526
9346,9346,0.9433333333333334,discard,7.806148
9347,9347,0.9433333333333334,discard,7.806705
9348,9348,0.76,request_rescan,7.807274
9349,9349,0.9433333333333334,request_rescan,7.807837
9350,9350,0.9433333333333334,discard,7.808391
9351,9351,0.9433333333333334,request_rescan,7.80895
9352,9352,0.9433333333333334,request_rescan,7.809494
9353,9353,0.9433333333333334,discard,7.810056
9354,9354,0.9433333333333334,request_rescan,7.810597
9355,9355,0.9433333333333334,request_rescan,7.81116
9356,9356,0.9433333333333334,request_rescan,7.811705
9357,9357,0.9433333333333334,request_rescan,7.812272
9358,9358,0.9433333333333334,request_rescan,7.813133
9359,9359,0.9433333333333334,discard,7.813691
9360,9360,0.9433333333333334,discard,7.814245
9361,9361,0.9433333333333334,request_rescan,7.814808
9362,9362,0.9433333333333334,discard,7.815368
9363,9363,0.9433333333333334,discard,7.81595
9364,9364,0.9433333333333334,request_rescan,7.816512
9365,9365,0.9433333333333334,discard,7.817569
9366,9366,0.9433333333333334,discard,7.81814
9367,9367,0.9433333333333334,request_rescan,7.818688
9368,9368,0.9433333333333334,request_rescan,7.819248
9369,9369,0.9433333333333334,request_rescan,7.819793
9370,9370,0.9433333333333334,request_rescan,7.820482
9371,9371,0.9433333333333334,request_rescan,7.821057
9372,9372,0.9433333333333334,discard,7.821616
9373,9373,0.9433333333333334,discard,7.822188
9374,9374,0.9433333333333334,discard,7.822774
9375,9375,0.9433333333333334,request_rescan,7.823335
9376,9376,0.9433333333333334,discard,7.82389
9377,9377,0.9433333333333334,discard,7.824458
9378,9378,0.9433333333333334,request_rescan,7.825015
9379,9379,0.9433333333333334,discard,7.825586
9380,9380,0.9433333333333334,discard,7.826145
9381,9381,0.9433333333333334,request_rescan,7.826712
9382,9382,0.9433333333333334,discard,7.827269
9383,9383,0.9433333333333334,request_rescan,7.827833
9384,9384,0.9433333333333334,discard,7.828753
9385,9385,0.9433333333333334,discard,7.829318
9386,9386,0.9433333333333334,request_rescan,7.829892
9387,9387,0.9433333333333334,request_rescan,7.830447
9388,9388,0.9433333333333334,request_rescan,7.83102
9389,9389,0.9433333333333334,discard,7.831577
9390,9390,0.9433333333333334,discard,7.832139
9391,9391,0.9433333333333334,discard,7.832692
9392,9392,0.9433333333333334,request_rescan,7.833265
9393,9393,0.9433333333333334,discard,7.834152
9394,9394,0.9433333333333334,request_rescan,7.83478
9395,9395,0.9433333333333334,request_rescan,7.835343
9396,9396,0.9433333333333334,request_rescan,7.835903
9397,9397,0.9433333333333334,request_rescan,7.836461
9398,9398,0.9433333333333334,discard,7.837035
9399,9399,0.9433333333333334,request_rescan,7.837602
9400,9400,0.9433333333333334,discard,7.838167
9401,9401,0.9433333333333334,request_rescan,7.839612
9402,9402,0.9433333333333334,request_rescan,7.840178
9403,9403,0.9433333333333334,request_rescan,7.840742
9404,9404,0.9433333333333334,request_rescan,7.841309
9405,9405,0.9433333333333334,request_rescan,7.84189
9406,9406,0.9433333333333334,discard,7.842448
9407,9407,0.9433333333333334,discard,7.843015
9408,9408,0.9433333333333334,discard,7.843579
9409,9409,0.9433333333333334,discard,7.84418
9410,9410,0.9433333333333334,discard,7.844741
9411,9411,0.9433333333333334,request_rescan,7.845328
9412,9412,0.9433333333333334,request_rescan,7.845909
9413,9413,0.9433333333333334,discard,7.846477
9414,9414,0.9433333333333334,discard,7.847044
9415,9415,0.9433333333333334,discard,7.847611
9416,9416,0.9433333333333334,request_rescan,7.848176
9417,9417,0.9433333333333334,request_rescan,7.848744
9418,9418,0.9433333333333334,request_rescan,7.849307
9419,9419,0.9433333333333334,request_rescan,7.849881
9420,9420,0.9433333333333334,request_rescan,7.850457
9421,9421,0.9433333333333334,discard,7.851026
9422,9422,0.9433333333333334,discard,7.851579
9423,9423,0.9433333333333334,request_rescan,7.852157
9424,9424,0.9433333333333334,discard,7.852715
9425,9425,0.9433333333333334,request_rescan,7.853288
9426,9426,0.9433333333333334,request_rescan,7.853845
9427,9427,0.9433333333333334,request_rescan,7.854411
9428,9428,0.9433333333333334,discard,7.854975
9429,9429,0.9433333333333334,discard,7.855543
9430,9430,0.9433333333333334,request_rescan,7.856115
9431,9431,0.9433333333333334,discard,7.856676
9432,9432,0.9433333333333334,discard,7.857249
9433,9433,0.9433333333333334,discard,7.857808
9434,9434,0.9433333333333334,discard,7.858376
9435,9435,0.9433333333333334,request_rescan,7.858939
9436,9436,0.9433333333333334,discard,7.859511
9437,9437,0.9433333333333334,discard,7.860079
9438,9438,0.9433333333333334,discard,7.860655
9439,9439,0.9433333333333334,discard,7.861256
9440,9440,0.9433333333333334,discard,7.861835
9441,9441,0.9433333333333334,request_rescan,7.862399
9442,9442,0.9433333333333334,discard,7.862983
9443,9443,0.9433333333333334,discard,7.863541
9444,9444,0.9433333333333334,discard,7.864117
9445,9445,0.9433333333333334,request_rescan,7.864679
9446,9446,0.9433333333333334,discard,7.865627
9447,9447,0.9433333333333334,discard,7.866488
9448,9448,0.9433333333333334,request_rescan,7.867063
9449,9449,0.9433333333333334,discard,7.867622
9450,9450,0.9433333333333334,discard,7.8682
9451,9451,0.9433333333333334,request_rescan,7.868763
9452,9452,0.9433333333333334,request_rescan,7.869348
9453,9453,0.9433333333333334,request_rescan,7.869931
9454,9454,0.9433333333333334,discard,7.87052
9455,9455,0.9433333333333334,discard,7.871093
9456,9456,0.9433333333333334,request_rescan,7.871664
9457,9457,0.9433333333333334,request_rescan,7.872242
9458,9458,0.9433333333333334,request_rescan,7.872812
9459,9459,0.9433333333333334,request_rescan,7.873394
9460,9460,0.9433333333333334,discard,7.873959
9461,9461,0.9433333333333334,discard,7.874524
9462,9462,0.9433333333333334,discard,7.875087
9463,9463,0.9433333333333334,request_rescan,7.875655
9464,9464,0.9433333333333334,request_rescan,7.876217
9465,9465,0.9433333333333334,request_rescan,7.876775
9466,9466,0.9433333333333334,discard,7.87734
9467,9467,0.9433333333333334,discard,7.877931
9468,9468,0.9433333333333334,request_rescan,7.87871
9469,9469,0.9433333333333334,discard,7.879281
9470,9470,0.9433333333333334,discard,7.879842
9471,9471,0.9433333333333334,discard,7.880406
9472,9472,0.9433333333333334,discard,7.880977
9473,9473,0.9433333333333334,discard,7.91186
9474,9474,0.9433333333333334,discard,7.912467
9475,9475,0.9433333333333334,discard,7.913033
9476,9476,0.9433333333333334,discard,7.913583
9477,9477,0.9433333333333334,request_rescan,7.914154
9478,9478,0.9433333333333334,discard,7.9147
9479,9479,0.9433333333333334,request_rescan,7.915268
9480,9480,0.9433333333333334,request_rescan,7.915815
9481,9481,0.9433333333333334,request_rescan,7.916367
9482,9482,0.9433333333333334,request_rescan,7.916921
9483,9483,0.9433333333333334,request_rescan,7.917467
9484,9484,0.9433333333333334,request_rescan,7.918033
9485,9485,0.9433333333333334,discard,7.918575
9486,9486,0.9433333333333334,discard,7.919139
9487,9487,0.9433333333333334,discard,7.919675
9488,9488,0.9433333333333334,request_rescan,7.920243
9489,9489,0.9433333333333334,request_rescan,7.92079
9490,9490,0.9433333333333334,request_rescan,7.921348
9491,9491,0.9433333333333334,request_rescan,7.921894
9492,9492,0.9433333333333334,request_rescan,7.922453
9493,9493,0.9433333333333334,request_rescan,7.922998
9494,9494,0.9433333333333334,request_rescan,7.923559
9495,9495,0.9433333333333334,request_rescan,7.924105
9496,9496,0.9433333333333334,discard,7.924663
9497,9497,0.9433333333333334,request_rescan,7.925215
9498,9498,0.9433333333333334,discard,7.925783
9499,9499,0.9433333333333334,discard,7.926329
9500,9500,0.9433333333333334,discard,7.926892
9501,9501,0.9433333333333334,request_rescan,7.928309
9502,9502,0.9433333333333334,request_rescan,7.929164
9503,9503,0.9433333333333334,request_rescan,7.93015
9504,9504,0.9433333333333334,discard,7.930702
9505,9505,0.9433333333333334,discard,7.931268
9506,9506,0.76,discard,7.931824
9507,9507,0.9433333333333334,request_rescan,7.932373
9508,9508,0.9433333333333334,request_rescan,7.932962
9509,9509,0.9433333333333334,request_rescan,7.933528
9510,9510,0.9433333333333334,discard,7.934104
9511,9511,0.9433333333333334,request_rescan,7.934677
9512,9512,0.9433333333333334,request_rescan,7.935242
9513,9513,0.9433333333333334,request_rescan,7.935809
9514,9514,0.9433333333333334,request_rescan,7.93637
9515,9515,0.9433333333333334,request_rescan,7.936923
9516,9516,0.9433333333333334,request_rescan,7.937471
9517,9517,0.9433333333333334,request_rescan,7.938035
9518,9518,0.9433333333333334,request_rescan,7.938577
9519,9519,0.9433333333333334,request_rescan,7.939139
9520,9520,0.9433333333333334,request_rescan,7.939678
9521,9521,0.9433333333333334,request_rescan,7.940251
9522,9522,0.9433333333333334,request_rescan,7.940808
9523,9523,0.9433333333333334,discard,7.941368
9524,9524,0.9433333333333334,discard,7.941909
9525,9525,0.9433333333333334,discard,7.942472
9526,9526,0.9433333333333334,discard,7.94303
9527,9527,0.9433333333333334,discard,7.943586
9528,9528,0.9433333333333334,request_rescan,7.944174
9529,9529,0.9433333333333334,request_rescan,7.944764
9530,9530,0.9433333333333334,discard,7.945364
9531,9531,0.9433333333333334,discard,7.945932
9532,9532,0.9433333333333334,request_rescan,7.946497
9533,9533,0.9433333333333334,request_rescan,7.94706
9534,9534,0.9433333333333334,discard,7.947993
9535,9535,0.9433333333333334,request_rescan,7.949005
9536,9536,0.9433333333333334,request_rescan,7.949557
9537,9537,0.76,request_rescan,7.950121
9538,9538,0.9433333333333334,discard,7.95069
9539,9539,0.9433333333333334,discard,7.951245
9540,9540,0.9433333333333334,request_rescan,7.951836
9541,9541,0.9433333333333334,discard,7.9524
9542,9542,0.9433333333333334,request_rescan,7.952974
9543,9543,0.9433333333333334,request_rescan,7.953517
9544,9544,0.9433333333333334,discard,7.954073
9545,9545,0.9433333333333334,discard,7.95462
9546,9546,0.9433333333333334,discard,7.955167
9547,9547,0.9433333333333334,request_rescan,7.955723
9548,9548,0.9433333333333334,discard,7.956276
9549,9549,0.9433333333333334,discard,7.956848
9550,9550,0.9433333333333334,request_rescan,7.957407
9551,9551,0.9433333333333334,request_rescan,7.957964
9552,9552,0.9433333333333334,request_rescan,7.958506
9553,9553,0.9433333333333334,discard,7.959064
9554,9554,0.9433333333333334,discard,7.959618
9555,9555,0.9433333333333334,request_rescan,7.960171
9556,9556,0.9433333333333334,discard,7.960742
9557,9557,0.9433333333333334,request_rescan,7.961318
9558,9558,0.76,request_rescan,7.961882
9559,9559,0.9433333333333334,discard,7.962433
9560,9560,0.9433333333333334,request_rescan,7.962984
9561,9561,0.9433333333333334,request_rescan,7.963532
9562,9562,0.9433333333333334,discard,7.964102
9563,9563,0.9433333333333334,request_rescan,7.964647
9564,9564,0.9433333333333334,discard,7.965203
9565,9565,0.9433333333333334,request_rescan,7.965746
9566,9566,0.9433333333333334,discard,7.966305
9567,9567,0.9433333333333334,request_rescan,7.966855
9568,9568,0.9433333333333334,request_rescan,7.967413
9569,9569,0.9433333333333334,discard,7.967958
9570,9570,0.9433333333333334,discard,7.9685
9571,9571,0.9433333333333334,discard,7.969064
9572,9572,0.9433333333333334,request_rescan,7.96961
9573,9573,0.9433333333333334,request_rescan,7.970179
9574,9574,0.9433333333333334,discard,7.970729
9575,9575,0.9433333333333334,request_rescan,7.971292
9576,9576,0.9433333333333334,discard,7.971861
9577,9577,0.9433333333333334,request_rescan,7.972415
9578,9578,0.9433333333333334,request_rescan,7.973007
9579,9579,0.9433333333333334,request_rescan,7.973583
9580,9580,0.9433333333333334,discard,7.974165
9581,9581,0.9433333333333334,request_rescan,7.974723
9582,9582,0.9433333333333334,discard,7.975304
9583,9583,0.9433333333333334,discard,7.975861
9584,9584,0.9433333333333334,request_rescan,7.976427
9585,9585,0.9433333333333334,discard,7.976981
9586,9586,0.9433333333333334,request_rescan,7.977547
9587,9587,0.9433333333333334,discard,7.978479
9588,9588,0.9433333333333334,discard,7.97945
9589,9589,0.9433333333333334,discard,7.980027
9590,9590,0.9433333333333334,discard,7.980585
9591,9591,0.9433333333333334,request_rescan,7.98116
9592,9592,0.9433333333333334,request_rescan,7.981711
9593,9593,0.9433333333333334,discard,7.982272
9594,9594,0.9433333333333334,request_rescan,7.982834
9595,9595,0.9433333333333334,discard,7.983395
9596,9596,0.9433333333333334,request_rescan,7.983966
9597,9597,0.9433333333333334,request_rescan,7.985644
9598,9598,0.9433333333333334,request_rescan,7.986231
9599,9599,0.9433333333333334,request_rescan,7.986786
9600,9600,0.9433333333333334,request_rescan,7.987347
9601,9601,0.9433333333333334,discard,8.01791
9602,9602,0.9433333333333334,request_rescan,8.018519
9603,9603,0.9433333333333334,discard,8.019569
9604,9604,0.9433333333333334,request_rescan,8.02014
9605,9605,0.9433333333333334,discard,8.020701
9606,9606,0.9433333333333334,discard,8.021268
9607,9607,0.9433333333333334,discard,8.021827
9608,9608,0.9433333333333334,request_rescan,8.022394
9609,9609,0.76,request_rescan,8.022952
9610,9610,0.9433333333333334,discard,8.023508
9611,9611,0.9433333333333334,request_rescan,8.024061
9612,9612,0.9433333333333334,discard,8.024616
9613,9613,0.9433333333333334,request_rescan,8.025173
9614,9614,0.9433333333333334,discard,8.025718
9615,9615,0.9433333333333334,discard,8.026286
9616,9616,0.9433333333333334,discard,8.026855
9617,9617,0.9433333333333334,discard,8.027399
9618,9618,0.9433333333333334,discard,8.027958
9619,9619,0.9433333333333334,discard,8.028786
9620,9620,0.9433333333333334,discard,8.029343
9621,9621,0.9433333333333334,discard,8.029907
9622,9622,0.9433333333333334,discard,8.030448
9623,9623,0.9433333333333334,discard,8.031022
9624,9624,0.9433333333333334,request_rescan,8.031597
9625,9625,0.9433333333333334,discard,8.03218
9626,9626,0.9433333333333334,request_rescan,8.032726
9627,9627,0.9433333333333334,discard,8.033298
9628,9628,0.9433333333333334,request_rescan,8.033847
9629,9629,0.9433333333333334,discard,8.034395
9630,9630,0.9433333333333334,request_rescan,8.034953
9631,9631,0.9433333333333334,request_rescan,8.035611
9632,9632,0.9433333333333334,discard,8.036445
9633,9633,0.9433333333333334,request_rescan,8.037013
9634,9634,0.9433333333333334,request_rescan,8.037568
9635,9635,0.9433333333333334,discard,8.038134
9636,9636,0.9433333333333334,request_rescan,8.03868
9637,9637,0.9433333333333334,discard,8.039252
9638,9638,0.9433333333333334,request_rescan,8.039809
9639,9639,0.9433333333333334,discard,8.040377
9640,9640,0.9433333333333334,discard,8.040941
9641,9641,0.9433333333333334,discard,8.041492
9642,9642,0.9433333333333334,discard,8.042058
9643,9643,0.9433333333333334,request_rescan,8.0426
9644,9644,0.9433333333333334,request_rescan,8.04316
9645,9645,0.9433333333333334,request_rescan,8.043705
9646,9646,0.9433333333333334,discard,8.044255
9647,9647,0.9433333333333334,request_rescan,8.044823
9648,9648,0.9433333333333334,request_rescan,8.045373
9649,9649,0.9433333333333334,request_rescan,8.045933
9650,9650,0.9433333333333334,discard,8.04648
9651,9651,0.9433333333333334,discard,8.047046
9652,9652,0.9433333333333334,request_rescan,8.047585
9653,9653,0.9433333333333334,discard,8.048157
9654,9654,0.9433333333333334,discard,8.048707
9655,9655,0.9433333333333334,discard,8.049276
9656,9656,0.9433333333333334,request_rescan,8.049828
9657,9657,0.9433333333333334,discard,8.050383
9658,9658,0.9433333333333334,discard,8.050928
9659,9659,0.9433333333333334,request_rescan,8.051482
9660,9660,0.9433333333333334,discard,8.052037
9661,9661,0.9433333333333334,discard,8.052596
9662,9662,0.9433333333333334,discard,8.053143
9663,9663,0.9433333333333334,request_rescan,8.053702
9664,9664,0.9433333333333334,discard,8.054249
9665,9665,0.9433333333333334,discard,8.054797
9666,9666,0.9433333333333334,request_rescan,8.055358
9667,9667,0.9433333333333334,discard,8.055909
9668,9668,0.9433333333333334,request_rescan,8.056469
9669,9669,0.9433333333333334,discard,8.057036
9670,9670,0.9433333333333334,request_rescan,8.057581
9671,9671,0.9433333333333334,request_rescan,8.058146
9672,9672,0.9433333333333334,request_rescan,8.058686
9673,9673,0.9433333333333334,discard,8.059252
9674,9674,0.9433333333333334,discard,8.059813
9675,9675,0.9433333333333334,request_rescan,8.060363
9676,9676,0.9433333333333334,request_rescan,8.060934
9677,9677,0.9433333333333334,request_rescan,8.061487
9678,9678,0.9433333333333334,discard,8.062059
9679,9679,0.9433333333333334,discard,8.062607
9680,9680,0.9433333333333334,request_rescan,8.063171
9681,9681,0.9433333333333334,request_rescan,8.063716
9682,9682,0.9433333333333334,discard,8.06428
9683,9683,0.9433333333333334,request_rescan,8.064835
9684,9684,0.9433333333333334,discard,8.065393
9685,9685,0.9433333333333334,request_rescan,8.065959
9686,9686,0.9433333333333334,discard,8.066511
9687,9687,0.9433333333333334,request_rescan,8.067076
9688,9688,0.9433333333333334,discard,8.067646
9689,9689,0.9433333333333334,request_rescan,8.068211
9690,9690,0.9433333333333334,discard,8.068775
9691,9691,0.9433333333333334,request_rescan,8.06933
9692,9692,0.9433333333333334,discard,8.069893
9693,9693,0.9433333333333334,discard,8.070447
9694,9694,0.9433333333333334,request_rescan,8.07101
9695,9695,0.9433333333333334,discard,8.071553
9696,9696,0.9433333333333334,discard,8.072121
9697,9697,0.9433333333333334,discard,8.072671
9698,9698,0.9433333333333334,request_rescan,8.073213
9699,9699,0.9433333333333334,discard,8.07376
9700,9700,0.9433333333333334,discard,8.074307
9701,9701,0.9433333333333334,request_rescan,8.075851
9702,9702,0.9433333333333334,request_rescan,8.076418
9703,9703,0.9433333333333334,discard,8.076973
9704,9704,0.9433333333333334,request_rescan,8.077526
9705,9705,0.9433333333333334,discard,8.078096
9706,9706,0.9433333333333334,request_rescan,8.078671
9707,9707,0.9433333333333334,request_rescan,8.079626
9708,9708,0.9433333333333334,discard,8.080256
9709,9709,0.9433333333333334,request_rescan,8.080808
9710,9710,0.9433333333333334,discard,8.08137
9711,9711,0.9433333333333334,discard,8.081928
9712,9712,0.9433333333333334,request_rescan,8.082525
9713,9713,0.9433333333333334,discard,8.083109
9714,9714,0.9433333333333334,request_rescan,8.083666
9715,9715,0.9433333333333334,discard,8.084225
9716,9716,0.9433333333333334,discard,8.084779
9717,9717,0.9433333333333334,request_rescan,8.085451
9718,9718,0.9433333333333334,request_rescan,8.086842
9719,9719,0.9433333333333334,discard,8.0874
9720,9720,0.9433333333333334,request_rescan,8.087962
9721,9721,0.9433333333333334,discard,8.088516
9722,9722,0.9433333333333334,request_rescan,8.089066
9723,9723,0.9433333333333334,discard,8.089623
9724,9724,0.9433333333333334,discard,8.090182
9725,9725,0.9433333333333334,discard,8.090773
9726,9726,0.9433333333333334,request_rescan,8.091336
9727,9727,0.9433333333333334,discard,8.091914
9728,9728,0.9433333333333334,discard,8.09249
9729,9729,0.9433333333333334,request_rescan,8.124783
9730,9730,0.9433333333333334,request_rescan,8.125399
9731,9731,0.9433333333333334,request_rescan,8.125987
9732,9732,0.9433333333333334,discard,8.126569
9733,9733,0.9433333333333334,discard,8.127151
9734,9734,0.9433333333333334,request_rescan,8.127731
9735,9735,0.9433333333333334,discard,8.128323
9736,9736,0.9433333333333334,discard,8.129154
9737,9737,0.9433333333333334,discard,8.130194
9738,9738,0.9433333333333334,request_rescan,8.130786
9739,9739,0.9433333333333334,request_rescan,8.131363
9740,9740,0.9433333333333334,request_rescan,8.131952
9741,9741,0.9433333333333334,discard,8.132521
9742,9742,0.9433333333333334,discard,8.133122
9743,9743,0.76,discard,8.1337
9744,9744,0.9433333333333334,request_rescan,8.134293
9745,9745,0.9433333333333334,discard,8.134865
9746,9746,0.76,discard,8.135443
9747,9747,0.9433333333333334,discard,8.136021
9748,9748,0.9433333333333334,request_rescan,8.1366
9749,9749,0.9433333333333334,discard,8.137181
9750,9750,0.9433333333333334,request_rescan,8.137759
9751,9751,0.9433333333333334,request_rescan,8.138364
9752,9752,0.9433333333333334,discard,8.138941
9753,9753,0.9433333333333334,request_rescan,8.1395
9754,9754,0.9433333333333334,request_rescan,8.140098
9755,9755,0.9433333333333334,request_rescan,8.140666
9756,9756,0.9433333333333334,discard,8.141261
9757,9757,0.9433333333333334,request_rescan,8.141844
9758,9758,0.9433333333333334,request_rescan,8.142417
9759,9759,0.9433333333333334,discard,8.142995
9760,9760,0.9433333333333334,request_rescan,8.143567
9761,9761,0.9433333333333334,discard,8.144143
9762,9762,0.9433333333333334,discard,8.14472
9763,9763,0.9433333333333334,request_rescan,8.145315
9764,9764,0.9433333333333334,discard,8.145956
9765,9765,0.9433333333333334,discard,8.146592
9766,9766,0.9433333333333334,request_rescan,8.147167
9767,9767,0.9433333333333334,request_rescan,8.147715
9768,9768,0.9433333333333334,discard,8.148289
9769,9769,0.9433333333333334,request_rescan,8.148853
9770,9770,0.9433333333333334,discard,8.149406
9771,9771,0.9433333333333334,discard,8.150017
9772,9772,0.9433333333333334,request_rescan,8.150564
9773,9773,0.9433333333333334,discard,8.15111
9774,9774,0.9433333333333334,request_rescan,8.15166
9775,9775,0.9433333333333334,discard,8.152194
9776,9776,0.9433333333333334,discard,8.152733
9777,9777,0.9433333333333334,request_rescan,8.153264
9778,9778,0.9433333333333334,request_rescan,8.1538
9779,9779,0.9433333333333334,request_rescan,8.15438
9780,9780,0.9433333333333334,request_rescan,8.15497
9781,9781,0.9433333333333334,discard,8.15552
9782,9782,0.9433333333333334,request_rescan,8.156067
9783,9783,0.9433333333333334,request_rescan,8.156596
9784,9784,0.9433333333333334,discard,8.157115
9785,9785,0.9433333333333334,discard,8.157653
9786,9786,0.9433333333333334,discard,8.158182
9787,9787,0.9433333333333334,request_rescan,8.158713
9788,9788,0.9433333333333334,request_rescan,8.159244
9789,9789,0.9433333333333334,request_rescan,8.159765
9790,9790,0.9433333333333334,discard,8.16034
9791,9791,0.9433333333333334,discard,8.160898
9792,9792,0.76,request_rescan,8.161433
9793,9793,0.9433333333333334,request_rescan,8.162015
9794,9794,0.9433333333333334,discard,8.162537
9795,9795,0.9433333333333334,request_rescan,8.163136
9796,9796,0.9433333333333334,request_rescan,8.1637
9797,9797,0.9433333333333334,discard,8.164275
9798,9798,0.9433333333333334,discard,8.164804
9799,9799,0.9433333333333334,request_rescan,8.165342
9800,9800,0.9433333333333334,request_rescan,8.165875
9801,9801,0.9433333333333334,discard,8.167313
9802,9802,0.9433333333333334,request_rescan,8.167885
9803,9803,0.9433333333333334,request_rescan,8.16844
9804,9804,0.9433333333333334,request_rescan,8.168976
9805,9805,0.9433333333333334,discard,8.169514
9806,9806,0.9433333333333334,request_rescan,8.170063
9807,9807,0.9433333333333334,discard,8.170626
9808,9808,0.9433333333333334,request_rescan,8.171229
9809,9809,0.9433333333333334,discard,8.171776
9810,9810,0.9433333333333334,request_rescan,8.172334
9811,9811,0.9433333333333334,request_rescan,8.172899
9812,9812,0.9433333333333334,request_rescan,8.173481
9813,9813,0.9433333333333334,request_rescan,8.174047
9814,9814,0.9433333333333334,request_rescan,8.17463
9815,9815,0.9433333333333334,discard,8.1752
9816,9816,0.9433333333333334,discard,8.17575
9817,9817,0.9433333333333334,request_rescan,8.176303
9818,9818,0.9433333333333334,request_rescan,8.176868
9819,9819,0.9433333333333334,discard,8.177429
9820,9820,0.9433333333333334,discard,8.178001
9821,9821,0.9433333333333334,request_rescan,8.178544
9822,9822,0.9433333333333334,discard,8.17912
9823,9823,0.9433333333333334,request_rescan,8.17967
9824,9824,0.9433333333333334,discard,8.180239
9825,9825,0.9433333333333334,request_rescan,8.180791
9826,9826,0.9433333333333334,request_rescan,8.181354
9827,9827,0.9433333333333334,request_rescan,8.181972
9828,9828,0.9433333333333334,request_rescan,8.182528
9829,9829,0.9433333333333334,discard,8.18311
9830,9830,0.76,request_rescan,8.18367
9831,9831,0.9433333333333334,discard,8.184232
9832,9832,0.9433333333333334,request_rescan,8.184839
9833,9833,0.9433333333333334,request_rescan,8.185472
9834,9834,0.9433333333333334,discard,8.187271
9835,9835,0.9433333333333334,discard,8.188285
9836,9836,0.9433333333333334,request_rescan,8.188841
9837,9837,0.76,request_rescan,8.189399
9838,9838,0.9433333333333334,discard,8.189989
9839,9839,0.9433333333333334,discard,8.19054
9840,9840,0.9433333333333334,discard,8.191123
9841,9841,0.9433333333333334,discard,8.191665
9842,9842,0.9433333333333334,discard,8.192246
9843,9843,0.9433333333333334,request_rescan,8.192823
9844,9844,0.9433333333333334,request_rescan,8.193386
9845,9845,0.9433333333333334,request_rescan,8.193987
9846,9846,0.9433333333333334,request_rescan,8.194532
9847,9847,0.9433333333333334,discard,8.195099
9848,9848,0.9433333333333334,request_rescan,8.195641
9849,9849,0.9433333333333334,request_rescan,8.19621
9850,9850,0.9433333333333334,request_rescan,8.196759
9851,9851,0.9433333333333334,discard,8.197629
9852,9852,0.9433333333333334,discard,8.19819
9853,9853,0.9433333333333334,discard,8.198742
9854,9854,0.9433333333333334,discard,8.199296
9855,9855,0.9433333333333334,request_rescan,8.199842
9856,9856,0.9433333333333334,request_rescan,8.200403
9857,9857,0.9433333333333334,request_rescan,8.230874
9858,9858,0.9433333333333334,request_rescan,8.231515
9859,9859,0.9433333333333334,discard,8.232076
9860,9860,0.9433333333333334,request_rescan,8.232636
9861,9861,0.9433333333333334,discard,8.233191
9862,9862,0.9433333333333334,discard,8.233748
9863,9863,0.9433333333333334,request_rescan,8.234295
9864,9864,0.9433333333333334,discard,8.234867
9865,9865,0.9433333333333334,discard,8.235413
9866,9866,0.9433333333333334,request_rescan,8.235979
9867,9867,0.9433333333333334,discard,8.236516
9868,9868,0.9433333333333334,request_rescan,8.237318
9869,9869,0.9433333333333334,request_rescan,8.237943
9870,9870,0.9433333333333334,discard,8.238501
9871,9871,0.9433333333333334,discard,8.239192
9872,9872,0.9433333333333334,request_rescan,8.239752
9873,9873,0.9433333333333334,discard,8.240304
9874,9874,0.9433333333333334,discard,8.240874
9875,9875,0.9433333333333334,discard,8.241441
9876,9876,0.9433333333333334,request_rescan,8.242014
9877,9877,0.9433333333333334,request_rescan,8.242558
9878,9878,0.9433333333333334,discard,8.243127
9879,9879,0.9433333333333334,discard,8.243675
9880,9880,0.9433333333333334,request_rescan,8.244239
9881,9881,0.9433333333333334,request_rescan,8.24481
9882,9882,0.9433333333333334,discard,8.245371
9883,9883,0.9433333333333334,discard,8.245929
9884,9884,0.9433333333333334,discard,8.246495
9885,9885,0.9433333333333334,discard,8.247056
9886,9886,0.9433333333333334,discard,8.247612
9887,9887,0.9433333333333334,request_rescan,8.248179
9888,9888,0.9433333333333334,discard,8.24873
9889,9889,0.9433333333333334,request_rescan,8.249515
9890,9890,0.9433333333333334,discard,8.250094
9891,9891,0.9433333333333334,discard,8.250665
9892,9892,0.9433333333333334,discard,8.251234
9893,9893,0.9433333333333334,discard,8.251804
9894,9894,0.9433333333333334,request_rescan,8.252374
9895,9895,0.9433333333333334,discard,8.252945
9896,9896,0.9433333333333334,request_rescan,8.253501
9897,9897,0.9433333333333334,request_rescan,8.254084
9898,9898,0.9433333333333334,request_rescan,8.254633
9899,9899,0.9433333333333334,request_rescan,8.255218
9900,9900,0.9433333333333334,discard,8.255776
9901,9901,0.9433333333333334,discard,8.257249
9902,9902,0.9433333333333334,discard,8.257814
9903,9903,0.9433333333333334,discard,8.258398
9904,9904,0.9433333333333334,request_rescan,8.258956
9905,9905,0.9433333333333334,discard,8.259532
9906,9906,0.9433333333333334,discard,8.260101
9907,9907,0.9433333333333334,request_rescan,8.260682
9908,9908,0.9433333333333334,discard,8.261251
9909,9909,0.9433333333333334,discard,8.261812
9910,9910,0.9433333333333334,request_rescan,8.262384
9911,9911,0.9433333333333334,discard,8.262946
9912,9912,0.9433333333333334,request_rescan,8.263509
9913,9913,0.9433333333333334,discard,8.264085
9914,9914,0.9433333333333334,discard,8.264639
9915,9915,0.9433333333333334,discard,8.265225
9916,9916,0.9433333333333334,request_rescan,8.265789
9917,9917,0.9433333333333334,request_rescan,8.26633
9918,9918,0.9433333333333334,request_rescan,8.26693
9919,9919,0.9433333333333334,discard,8.267475
9920,9920,0.9433333333333334,request_rescan,8.268027
9921,9921,0.9433333333333334,discard,8.268581
9922,9922,0.9433333333333334,discard,8.269144
9923,9923,0.9433333333333334,discard,8.269688
9924,9924,0.9433333333333334,discard,8.270285
9925,9925,0.9433333333333334,discard,8.270869
9926,9926,0.9433333333333334,request_rescan,8.271429
9927,9927,0.9433333333333334,discard,8.272027
9928,9928,0.9433333333333334,discard,8.272577
9929,9929,0.9433333333333334,discard,8.273145
9930,9930,0.9433333333333334,request_rescan,8.273692
9931,9931,0.9433333333333334,request_rescan,8.274261
9932,9932,0.9433333333333334,discard,8.274808
9933,9933,0.9433333333333334,request_rescan,8.275356
9934,9934,0.9433333333333334,request_rescan,8.275922
9935,9935,0.9433333333333334,discard,8.276482
9936,9936,0.9433333333333334,request_rescan,8.277057
9937,9937,0.9433333333333334,discard,8.277631
9938,9938,0.9433333333333334,request_rescan,8.278217
9939,9939,0.9433333333333334,discard,8.278828
9940,9940,0.9433333333333334,discard,8.279396
9941,9941,0.9433333333333334,discard,8.279968
9942,9942,0.9433333333333334,request_rescan,8.280528
9943,9943,0.9433333333333334,discard,8.281116
9944,9944,0.9433333333333334,discard,8.281724
9945,9945,0.9433333333333334,request_rescan,8.282296
9946,9946,0.9433333333333334,request_rescan,8.282876
9947,9947,0.9433333333333334,request_rescan,8.283787
9948,9948,0.9433333333333334,discard,8.284867
9949,9949,0.9433333333333334,discard,8.285489
9950,9950,0.9433333333333334,discard,8.28606
9951,9951,0.9433333333333334,discard,8.286616
9952,9952,0.9433333333333334,request_rescan,8.287192
9953,9953,0.9433333333333334,request_rescan,8.288903
9954,9954,0.9433333333333334,request_rescan,8.28952
9955,9955,0.9433333333333334,discard,8.290094
9956,9956,0.9433333333333334,request_rescan,8.290653
9957,9957,0.9433333333333334,discard,8.291228
9958,9958,0.9433333333333334,request_rescan,8.291789
9959,9959,0.9433333333333334,discard,8.292363
9960,9960,0.9433333333333334,request_rescan,8.292921
9961,9961,0.9433333333333334,discard,8.293492
9962,9962,0.9433333333333334,discard,8.294102
9963,9963,0.9433333333333334,discard,8.294687
9964,9964,0.9433333333333334,discard,8.295256
9965,9965,0.9433333333333334,request_rescan,8.295824
9966,9966,0.9433333333333334,discard,8.296408
9967,9967,0.9433333333333334,request_rescan,8.296964
9968,9968,0.9433333333333334,request_rescan,8.297517
9969,9969,0.9433333333333334,discard,8.29806
9970,9970,0.9433333333333334,discard,8.298612
9971,9971,0.9433333333333334,request_rescan,8.299156
9972,9972,0.9433333333333334,discard,8.29971
9973,9973,0.9433333333333334,discard,8.300251
9974,9974,0.9433333333333334,discard,8.300805
9975,9975,0.9433333333333334,request_rescan,8.301349
9976,9976,0.9433333333333334,discard,8.301947
9977,9977,0.9433333333333334,discard,8.30251
9978,9978,0.9433333333333334,discard,8.303053
9979,9979,0.9433333333333334,request_rescan,8.303608
9980,9980,0.9433333333333334,discard,8.304191
9981,9981,0.9433333333333334,discard,8.304802
9982,9982,0.9433333333333334,discard,8.305347
9983,9983,0.9433333333333334,request_rescan,8.305907
9984,9984,0.9433333333333334,request_rescan,8.30647
9985,9985,0.9433333333333334,discard,8.340357
9986,9986,0.9433333333333334,discard,8.340989
9987,9987,0.9433333333333334,request_rescan,8.341543
9988,9988,0.9433333333333334,request_rescan,8.342122
9989,9989,0.9433333333333334,discard,8.342672
9990,9990,0.9433333333333334,request_rescan,8.34324
9991,9991,0.9433333333333334,discard,8.343799
9992,9992,0.9433333333333334,request_rescan,8.344364
9993,9993,0.9433333333333334,request_rescan,8.344923
9994,9994,0.9433333333333334,discard,8.345473
9995,9995,0.9433333333333334,request_rescan,8.346032
9996,9996,0.9433333333333334,request_rescan,8.34658
9997,9997,0.9433333333333334,discard,8.347144
9998,9998,0.9433333333333334,discard,8.347716
9999,9999,0.9433333333333334,request_rescan,8.348269
10000,10000,0.9433333333333334,request_rescan,8.348826
10001,10001,0.9433333333333334,request_rescan,8.350286
10002,10002,0.9433333333333334,discard,8.350844
10003,10003,0.9433333333333334,discard,8.35141
10004,10004,0.9433333333333334,discard,8.352124
10005,10005,0.9433333333333334,request_rescan,8.352732
10006,10006,0.9433333333333334,discard,8.3533
10007,10007,0.9433333333333334,request_rescan,8.353872
10008,10008,0.9433333333333334,discard,8.354436
10009,10009,0.9433333333333334,discard,8.355014
10010,10010,0.76,request_rescan,8.355592
10011,10011,0.9433333333333334,request_rescan,8.356167
10012,10012,0.9433333333333334,request_rescan,8.356722
10013,10013,0.9433333333333334,request_rescan,8.357292
10014,10014,0.9433333333333334,request_rescan,8.357861
10015,10015,0.9433333333333334,request_rescan,8.35842
10016,10016,0.9433333333333334,request_rescan,8.358986
10017,10017,0.9433333333333334,request_rescan,8.35954
10018,10018,0.9433333333333334,request_rescan,8.360096
10019,10019,0.9433333333333334,discard,8.360665
10020,10020,0.9433333333333334,discard,8.361233
10021,10021,0.9433333333333334,discard,8.361792
10022,10022,0.9433333333333334,request_rescan,8.362362
10023,10023,0.9433333333333334,request_rescan,8.362919
10024,10024,0.9433333333333334,discard,8.363487
10025,10025,0.9433333333333334,discard,8.36405
10026,10026,0.9433333333333334,request_rescan,8.36462
10027,10027,0.9433333333333334,request_rescan,8.365177
10028,10028,0.9433333333333334,discard,8.365743
10029,10029,0.9433333333333334,request_rescan,8.3663
10030,10030,0.9433333333333334,request_rescan,8.366897
10031,10031,0.76,request_rescan,8.367473
10032,10032,0.9433333333333334,discard,8.368444
10033,10033,0.9433333333333334,request_rescan,8.369403
10034,10034,0.9433333333333334,discard,8.36998
10035,10035,0.9433333333333334,discard,8.370543
10036,10036,0.9433333333333334,request_rescan,8.37113
10037,10037,0.9433333333333334,request_rescan,8.371688
10038,10038,0.9433333333333334,request_rescan,8.372261
10039,10039,0.9433333333333334,discard,8.37283
10040,10040,0.9433333333333334,discard,8.373398
10041,10041,0.9433333333333334,request_rescan,8.37396
10042,10042,0.9433333333333334,request_rescan,8.374516
10043,10043,0.9433333333333334,discard,8.375103
10044,10044,0.9433333333333334,request_rescan,8.375669
10045,10045,0.9433333333333334,request_rescan,8.376233
10046,10046,0.9433333333333334,request_rescan,8.376795
10047,10047,0.9433333333333334,discard,8.377347
10048,10048,0.9433333333333334,request_rescan,8.377914
10049,10049,0.9433333333333334,request_rescan,8.378485
10050,10050,0.9433333333333334,request_rescan,8.379058
10051,10051,0.9433333333333334,discard,8.379841
10052,10052,0.9433333333333334,discard,8.380405
10053,10053,0.9433333333333334,request_rescan,8.38096
10054,10054,0.9433333333333334,discard,8.381525
10055,10055,0.9433333333333334,discard,8.382084
10056,10056,0.9433333333333334,discard,8.382654
10057,10057,0.9433333333333334,request_rescan,8.383214
10058,10058,0.9433333333333334,request_rescan,8.383789
10059,10059,0.9433333333333334,request_rescan,8.384345
10060,10060,0.9433333333333334,request_rescan,8.384913
10061,10061,0.9433333333333334,request_rescan,8.385869
10062,10062,0.9433333333333334,discard,8.386491
10063,10063,0.9433333333333334,request_rescan,8.387059
10064,10064,0.9433333333333334,discard,8.387615
10065,10065,0.9433333333333334,request_rescan,8.388167
10066,10066,0.9433333333333334,request_rescan,8.389772
10067,10067,0.9433333333333334,discard,8.390409
10068,10068,0.9433333333333334,discard,8.390967
10069,10069,0.9433333333333334,request_rescan,8.391513
10070,10070,0.9433333333333334,request_rescan,8.392061
10071,10071,0.9433333333333334,request_rescan,8.392602
10072,10072,0.9433333333333334,request_rescan,8.393148
10073,10073,0.9433333333333334,request_rescan,8.393684
10074,10074,0.9433333333333334,discard,8.394232
10075,10075,0.9433333333333334,request_rescan,8.394777
10076,10076,0.9433333333333334,discard,8.395358
10077,10077,0.9433333333333334,request_rescan,8.39591
10078,10078,0.9433333333333334,request_rescan,8.39649
10079,10079,0.9433333333333334,discard,8.397066
10080,10080,0.9433333333333334,discard,8.397638
10081,10081,0.9433333333333334,discard,8.398201
10082,10082,0.9433333333333334,discard,8.398747
10083,10083,0.9433333333333334,discard,8.399286
10084,10084,0.9433333333333334,request_rescan,8.399849
10085,10085,0.9433333333333334,discard,8.400412
10086,10086,0.9433333333333334,request_rescan,8.400994
10087,10087,0.9433333333333334,discard,8.401532
10088,10088,0.9433333333333334,discard,8.402085
10089,10089,0.9433333333333334,discard,8.402621
10090,10090,0.9433333333333334,request_rescan,8.403177
10091,10091,0.9433333333333334,request_rescan,8.40371
10092,10092,0.9433333333333334,request_rescan,8.404265
10093,10093,0.9433333333333334,request_rescan,8.404861
10094,10094,0.9433333333333334,discard,8.405404
10095,10095,0.9433333333333334,request_rescan,8.40597
10096,10096,0.9433333333333334,discard,8.406514
10097,10097,0.9433333333333334,request_rescan,8.40706
10098,10098,0.9433333333333334,discard,8.407596
10099,10099,0.9433333333333334,request_rescan,8.40814
10100,10100,0.9433333333333334,discard,8.408686
10101,10101,0.9433333333333334,discard,8.410086
10102,10102,0.9433333333333334,discard,8.410647
10103,10103,0.9433333333333334,discard,8.411235
10104,10104,0.9433333333333334,discard,8.411829
10105,10105,0.9433333333333334,request_rescan,8.412382
10106,10106,0.9433333333333334,discard,8.41294
10107,10107,0.9433333333333334,request_rescan,8.413484
10108,10108,0.9433333333333334,discard,8.414032
10109,10109,0.9433333333333334,request_rescan,8.414579
10110,10110,0.9433333333333334,request_rescan,8.415174
10111,10111,0.9433333333333334,request_rescan,8.415762
10112,10112,0.9433333333333334,request_rescan,8.416382
