timestep,episode,reward,decision,elapsed_time
1,1,0.76,log_and_continue,0.000596
2,2,0.76,discard,0.000757
3,3,0.9433333333333334,request_rescan,0.000901
4,4,0.9433333333333334,discard,0.001039
5,5,0.6633333333333333,log_and_continue,0.001304
6,6,0.9433333333333334,request_rescan,0.001445
7,7,0.76,log_and_continue,0.001583
8,8,0.76,request_rescan,0.001712
9,9,0.76,discard,0.001933
10,10,0.9433333333333334,request_rescan,0.002075
11,11,0.6633333333333333,log_and_continue,0.002217
12,12,0.76,discard,0.002346
13,13,0.76,log_and_continue,0.002595
14,14,0.76,discard,0.002741
15,15,0.9433333333333334,discard,0.002878
16,16,0.9433333333333334,request_rescan,0.003011
17,17,0.9433333333333334,request_rescan,0.003255
18,18,0.76,log_and_continue,0.003396
19,19,0.6633333333333333,log_and_continue,0.003529
20,20,0.76,discard,0.003658
21,21,0.6633333333333333,log_and_continue,0.003892
22,22,0.9433333333333334,discard,0.004033
23,23,0.9433333333333334,request_rescan,0.004171
24,24,0.76,log_and_continue,0.004299
25,25,0.6633333333333333,log_and_continue,0.004532
26,26,0.76,request_rescan,0.004675
27,27,0.9433333333333334,discard,0.004812
28,28,0.76,discard,0.004943
29,29,0.6633333333333333,log_and_continue,0.005175
30,30,0.76,request_rescan,0.005318
31,31,0.9433333333333334,discard,0.005453
32,32,0.76,discard,0.005587
33,33,0.76,request_rescan,0.005817
34,34,0.76,log_and_continue,0.00596
35,35,0.9433333333333334,request_rescan,0.0061
36,36,0.76,discard,0.006232
37,37,0.9433333333333334,request_rescan,0.006447
38,38,0.76,log_and_continue,0.006588
39,39,0.76,discard,0.006724
40,40,0.9433333333333334,discard,0.006853
41,41,0.76,log_and_continue,0.007086
42,42,0.6633333333333333,log_and_continue,0.007234
43,43,0.76,discard,0.007368
44,44,0.9433333333333334,discard,0.007497
45,45,0.9433333333333334,discard,0.007718
46,46,0.6633333333333333,log_and_continue,0.007862
47,47,0.76,request_rescan,0.007997
48,48,0.76,discard,0.008132
49,49,0.76,discard,0.008343
50,50,0.76,log_and_continue,0.008472
51,51,0.9433333333333334,discard,0.008609
52,52,0.9433333333333334,discard,0.00874
53,53,0.9433333333333334,request_rescan,0.008948
54,54,0.9433333333333334,discard,0.009086
55,55,0.9433333333333334,discard,0.009219
56,56,0.9433333333333334,request_rescan,0.009346
57,57,0.76,request_rescan,0.009572
58,58,0.9433333333333334,discard,0.00971
59,59,0.76,request_rescan,0.009845
60,60,0.76,log_and_continue,0.009974
61,61,0.9433333333333334,discard,0.010203
62,62,0.76,request_rescan,0.01034
63,63,0.6633333333333333,log_and_continue,0.010472
64,64,0.76,request_rescan,0.010598
65,65,0.9433333333333334,discard,0.010823
66,66,0.9433333333333334,discard,0.010957
67,67,0.6633333333333333,log_and_continue,0.011084
68,68,0.6633333333333333,log_and_continue,0.011269
69,69,0.9433333333333334,discard,0.011511
70,70,0.76,log_and_continue,0.011652
71,71,0.9433333333333334,request_rescan,0.011784
72,72,0.9433333333333334,request_rescan,0.011911
73,73,0.76,log_and_continue,0.012147
74,74,0.76,discard,0.012292
75,75,0.6633333333333333,log_and_continue,0.012425
76,76,0.76,log_and_continue,0.012551
77,77,0.76,request_rescan,0.012754
78,78,0.76,request_rescan,0.012886
79,79,0.9433333333333334,discard,0.013021
80,80,0.6633333333333333,log_and_continue,0.013154
81,81,0.9433333333333334,request_rescan,0.013364
82,82,0.76,log_and_continue,0.013493
83,83,0.9433333333333334,discard,0.013615
84,84,0.76,log_and_continue,0.013746
85,85,0.9433333333333334,request_rescan,0.01396
86,86,0.76,request_rescan,0.014086
87,87,0.76,log_and_continue,0.014215
88,88,0.6633333333333333,log_and_continue,0.01434
89,89,0.9433333333333334,discard,0.01455
90,90,0.9433333333333334,request_rescan,0.014674
91,91,0.9433333333333334,discard,0.014794
92,92,0.76,log_and_continue,0.014913
93,93,0.76,discard,0.015141
94,94,0.76,request_rescan,0.015285
95,95,0.9433333333333334,discard,0.015418
96,96,0.6633333333333333,log_and_continue,0.015547
97,97,0.9433333333333334,request_rescan,0.015769
98,98,0.76,request_rescan,0.015912
99,99,0.76,request_rescan,0.016041
100,100,0.76,log_and_continue,0.016168
101,101,0.76,request_rescan,0.016418
102,102,0.76,request_rescan,0.016561
103,103,0.6633333333333333,log_and_continue,0.01669
104,104,0.76,request_rescan,0.016815
105,105,0.76,log_and_continue,0.017043
106,106,0.76,request_rescan,0.017187
107,107,0.76,log_and_continue,0.017316
108,108,0.76,request_rescan,0.017442
109,109,0.76,log_and_continue,0.017674
110,110,0.6633333333333333,log_and_continue,0.017812
111,111,0.9433333333333334,request_rescan,0.017945
112,112,0.76,log_and_continue,0.018075
113,113,0.76,request_rescan,0.018308
114,114,0.9433333333333334,discard,0.01845
115,115,0.76,discard,0.018588
116,116,0.6633333333333333,log_and_continue,0.018717
117,117,0.76,log_and_continue,0.018929
118,118,0.9433333333333334,discard,0.01907
119,119,0.6633333333333333,log_and_continue,0.019208
120,120,0.6633333333333333,log_and_continue,0.01934
121,121,0.76,log_and_continue,0.01957
122,122,0.9433333333333334,discard,0.019712
123,123,0.9433333333333334,request_rescan,0.019847
124,124,0.6633333333333333,log_and_continue,0.019978
125,125,0.76,request_rescan,0.020218
126,126,0.76,request_rescan,0.020367
127,127,0.9433333333333334,discard,0.020501
128,128,0.76,log_and_continue,0.020631
129,129,0.9433333333333334,request_rescan,0.020864
130,130,0.9433333333333334,discard,0.021006
131,131,0.6633333333333333,log_and_continue,0.021143
132,132,0.76,discard,0.021278
133,133,0.9433333333333334,discard,0.02151
134,134,0.9433333333333334,discard,0.021653
135,135,0.76,discard,0.021788
136,136,0.6633333333333333,log_and_continue,0.021921
137,137,0.76,discard,0.022191
138,138,0.76,log_and_continue,0.022341
139,139,0.9433333333333334,request_rescan,0.022479
140,140,0.9433333333333334,discard,0.02261
141,141,0.6633333333333333,log_and_continue,0.022834
142,142,0.9433333333333334,request_rescan,0.022971
143,143,0.9433333333333334,discard,0.023103
144,144,0.76,request_rescan,0.023233
145,145,0.76,request_rescan,0.023462
146,146,0.6633333333333333,log_and_continue,0.023605
147,147,0.9433333333333334,discard,0.023741
148,148,0.76,log_and_continue,0.023869
149,149,0.9433333333333334,request_rescan,0.024116
150,150,0.9433333333333334,discard,0.024264
151,151,0.9433333333333334,request_rescan,0.024403
152,152,0.6633333333333333,log_and_continue,0.024536
153,153,0.9433333333333334,discard,0.024763
154,154,0.9433333333333334,request_rescan,0.024905
155,155,0.9433333333333334,discard,0.025036
156,156,0.76,log_and_continue,0.025167
157,157,0.76,discard,0.025392
158,158,0.9433333333333334,request_rescan,0.025528
159,159,0.76,log_and_continue,0.02566
160,160,0.9433333333333334,discard,0.025786
161,161,0.76,request_rescan,0.026023
162,162,0.76,request_rescan,0.026173
163,163,0.76,request_rescan,0.026309
164,164,0.6633333333333333,log_and_continue,0.026438
165,165,0.76,discard,0.02667
166,166,0.9433333333333334,request_rescan,0.026819
167,167,0.9433333333333334,discard,0.026956
168,168,0.6633333333333333,log_and_continue,0.027085
169,169,0.9433333333333334,discard,0.027315
170,170,0.76,request_rescan,0.027452
171,171,0.9433333333333334,discard,0.027587
172,172,0.9433333333333334,discard,0.027714
173,173,0.9433333333333334,request_rescan,0.027938
174,174,0.9433333333333334,discard,0.028077
175,175,0.76,discard,0.02821
176,176,0.76,discard,0.028336
177,177,0.76,log_and_continue,0.02857
178,178,0.9433333333333334,discard,0.028713
179,179,0.76,discard,0.028844
180,180,0.9433333333333334,discard,0.028973
181,181,0.9433333333333334,discard,0.029194
182,182,0.6633333333333333,log_and_continue,0.029335
183,183,0.9433333333333334,request_rescan,0.029469
184,184,0.76,request_rescan,0.029596
185,185,0.76,discard,0.029828
186,186,0.6633333333333333,log_and_continue,0.029969
187,187,0.9433333333333334,request_rescan,0.030102
188,188,0.6633333333333333,log_and_continue,0.030229
189,189,0.76,discard,0.030466
190,190,0.9433333333333334,discard,0.030613
191,191,0.9433333333333334,request_rescan,0.030749
192,192,0.76,log_and_continue,0.030886
193,193,0.9433333333333334,discard,0.031111
194,194,0.76,discard,0.031252
195,195,0.76,request_rescan,0.031386
196,196,0.6633333333333333,log_and_continue,0.031514
197,197,0.76,request_rescan,0.031723
198,198,0.9433333333333334,request_rescan,0.031853
199,199,0.9433333333333334,discard,0.031988
200,200,0.76,discard,0.032118
201,201,0.76,request_rescan,0.032346
202,202,0.9433333333333334,request_rescan,0.032475
203,203,0.9433333333333334,request_rescan,0.032606
204,204,0.76,log_and_continue,0.03273
205,205,0.76,discard,0.032963
206,206,0.76,discard,0.033107
207,207,0.76,discard,0.03324
208,208,0.76,request_rescan,0.03337
209,209,0.76,request_rescan,0.033593
210,210,0.9433333333333334,discard,0.03373
211,211,0.9433333333333334,discard,0.033861
212,212,0.76,discard,0.033987
213,213,0.9433333333333334,request_rescan,0.034223
214,214,0.6633333333333333,log_and_continue,0.034366
215,215,0.6633333333333333,log_and_continue,0.034497
216,216,0.9433333333333334,discard,0.034626
217,217,0.9433333333333334,request_rescan,0.034861
218,218,0.76,log_and_continue,0.035004
219,219,0.6633333333333333,log_and_continue,0.035141
220,220,0.6633333333333333,log_and_continue,0.035276
221,221,0.76,request_rescan,0.03551
222,222,0.9433333333333334,discard,0.035656
223,223,0.9433333333333334,request_rescan,0.035792
224,224,0.76,discard,0.035925
225,225,0.9433333333333334,discard,0.036133
226,226,0.9433333333333334,request_rescan,0.036273
227,227,0.6633333333333333,log_and_continue,0.036402
228,228,0.6633333333333333,log_and_continue,0.036529
229,229,0.76,request_rescan,0.036738
230,230,0.76,discard,0.036878
231,231,0.76,discard,0.037008
232,232,0.76,request_rescan,0.037135
233,233,0.76,log_and_continue,0.037358
234,234,0.76,log_and_continue,0.037497
235,235,0.76,log_and_continue,0.037627
236,236,0.76,log_and_continue,0.037749
237,237,0.76,discard,0.037983
238,238,0.6633333333333333,log_and_continue,0.038131
239,239,0.76,discard,0.03827
240,240,0.76,request_rescan,0.0384
241,241,0.9433333333333334,discard,0.038605
242,242,0.6633333333333333,log_and_continue,0.038741
243,243,0.6633333333333333,log_and_continue,0.038874
244,244,0.76,request_rescan,0.039
245,245,0.9433333333333334,discard,0.03921
246,246,0.6633333333333333,log_and_continue,0.039338
247,247,0.9433333333333334,request_rescan,0.039464
248,248,0.9433333333333334,discard,0.039597
249,249,0.76,discard,0.03981
250,250,0.9433333333333334,request_rescan,0.039937
251,251,0.9433333333333334,request_rescan,0.040059
252,252,0.76,log_and_continue,0.040192
253,253,0.6633333333333333,log_and_continue,0.040409
254,254,0.9433333333333334,discard,0.040543
255,255,0.76,discard,0.040669
256,256,0.9433333333333334,discard,0.040794
257,257,0.9433333333333334,request_rescan,0.041021
258,258,0.76,log_and_continue,0.041162
259,259,0.9433333333333334,discard,0.041292
260,260,0.9433333333333334,request_rescan,0.041418
261,261,0.76,discard,0.041648
262,262,0.76,request_rescan,0.041786
263,263,0.76,discard,0.041916
264,264,0.9433333333333334,request_rescan,0.042045
265,265,0.9433333333333334,discard,0.042272
266,266,0.9433333333333334,discard,0.042416
267,267,0.76,log_and_continue,0.042546
268,268,0.9433333333333334,discard,0.042673
269,269,0.9433333333333334,request_rescan,0.042885
270,270,0.9433333333333334,discard,0.043024
271,271,0.6633333333333333,log_and_continue,0.043158
272,272,0.9433333333333334,request_rescan,0.043283
273,273,0.9433333333333334,discard,0.043507
274,274,0.76,request_rescan,0.043644
275,275,0.9433333333333334,request_rescan,0.043772
276,276,0.9433333333333334,request_rescan,0.043898
277,277,0.76,log_and_continue,0.044135
278,278,0.9433333333333334,discard,0.044277
279,279,0.76,request_rescan,0.044414
280,280,0.76,request_rescan,0.044545
281,281,0.9433333333333334,discard,0.044775
282,282,0.76,request_rescan,0.044915
283,283,0.76,request_rescan,0.045047
284,284,0.9433333333333334,discard,0.045178
285,285,0.9433333333333334,request_rescan,0.045384
286,286,0.9433333333333334,request_rescan,0.045517
287,287,0.76,discard,0.04565
288,288,0.76,discard,0.045777
289,289,0.76,request_rescan,0.045987
290,290,0.76,log_and_continue,0.046126
291,291,0.9433333333333334,discard,0.046261
292,292,0.76,discard,0.046388
293,293,0.76,discard,0.046609
294,294,0.6633333333333333,log_and_continue,0.04674
295,295,0.6633333333333333,log_and_continue,0.046865
296,296,0.9433333333333334,discard,0.046989
297,297,0.76,request_rescan,0.047213
298,298,0.76,request_rescan,0.047353
299,299,0.76,log_and_continue,0.047482
300,300,0.6633333333333333,log_and_continue,0.047614
301,301,0.76,request_rescan,0.047869
302,302,0.6633333333333333,log_and_continue,0.048014
303,303,0.9433333333333334,request_rescan,0.048156
304,304,0.6633333333333333,log_and_continue,0.04829
305,305,0.76,request_rescan,0.048515
306,306,0.76,log_and_continue,0.04865
307,307,0.6633333333333333,log_and_continue,0.048779
308,308,0.76,log_and_continue,0.048904
309,309,0.6633333333333333,log_and_continue,0.04914
310,310,0.9433333333333334,request_rescan,0.049283
311,311,0.9433333333333334,discard,0.049416
312,312,0.9433333333333334,request_rescan,0.049547
313,313,0.9433333333333334,discard,0.049776
314,314,0.76,request_rescan,0.049917
315,315,0.76,log_and_continue,0.050049
316,316,0.76,discard,0.050183
317,317,0.6633333333333333,log_and_continue,0.050412
318,318,0.76,discard,0.050553
319,319,0.76,log_and_continue,0.050687
320,320,0.9433333333333334,discard,0.050815
321,321,0.9433333333333334,request_rescan,0.051021
322,322,0.9433333333333334,discard,0.051158
323,323,0.9433333333333334,discard,0.051295
324,324,0.76,log_and_continue,0.051424
325,325,0.9433333333333334,discard,0.051634
326,326,0.76,discard,0.051765
327,327,0.9433333333333334,discard,0.051902
328,328,0.9433333333333334,request_rescan,0.052032
329,329,0.76,log_and_continue,0.05225
330,330,0.6633333333333333,log_and_continue,0.052383
331,331,0.9433333333333334,discard,0.052519
332,332,0.76,discard,0.052646
333,333,0.76,log_and_continue,0.05286
334,334,0.76,log_and_continue,0.052986
335,335,0.9433333333333334,discard,0.053124
336,336,0.9433333333333334,request_rescan,0.053253
337,337,0.6633333333333333,log_and_continue,0.053464
338,338,0.9433333333333334,discard,0.053593
339,339,0.9433333333333334,request_rescan,0.053729
340,340,0.9433333333333334,discard,0.053858
341,341,0.9433333333333334,discard,0.05407
342,342,0.76,discard,0.0542
343,343,0.76,discard,0.054318
344,344,0.76,request_rescan,0.05444
345,345,0.76,request_rescan,0.054653
346,346,0.76,log_and_continue,0.054783
347,347,0.6633333333333333,log_and_continue,0.054905
348,348,0.76,discard,0.055023
349,349,0.9433333333333334,discard,0.055254
350,350,0.76,discard,0.055398
351,351,0.9433333333333334,request_rescan,0.055532
352,352,0.9433333333333334,request_rescan,0.055663
353,353,0.9433333333333334,discard,0.055892
354,354,0.6633333333333333,log_and_continue,0.056033
355,355,0.9433333333333334,discard,0.056167
356,356,0.9433333333333334,request_rescan,0.056296
357,357,0.6633333333333333,log_and_continue,0.056518
358,358,0.76,log_and_continue,0.05666
359,359,0.9433333333333334,discard,0.056791
360,360,0.9433333333333334,discard,0.056917
361,361,0.76,discard,0.057157
362,362,0.6633333333333333,log_and_continue,0.057298
363,363,0.76,request_rescan,0.057431
364,364,0.76,discard,0.057557
365,365,0.76,discard,0.057787
366,366,0.9433333333333334,request_rescan,0.057931
367,367,0.76,discard,0.058067
368,368,0.76,discard,0.058199
369,369,0.9433333333333334,request_rescan,0.058428
370,370,0.76,log_and_continue,0.058568
371,371,0.76,log_and_continue,0.058704
372,372,0.76,request_rescan,0.058832
373,373,0.76,discard,0.059062
374,374,0.76,discard,0.059206
375,375,0.9433333333333334,discard,0.059344
376,376,0.9433333333333334,discard,0.059473
377,377,0.76,request_rescan,0.059702
378,378,0.76,log_and_continue,0.059848
379,379,0.76,request_rescan,0.059984
380,380,0.9433333333333334,request_rescan,0.060116
381,381,0.9433333333333334,request_rescan,0.060351
382,382,0.76,request_rescan,0.060492
383,383,0.76,log_and_continue,0.060625
384,384,0.76,discard,0.060752
385,385,0.6633333333333333,log_and_continue,0.06098
386,386,0.76,request_rescan,0.061124
387,387,0.76,discard,0.061258
388,388,0.6633333333333333,log_and_continue,0.061384
389,389,0.6633333333333333,log_and_continue,0.061606
390,390,0.6633333333333333,log_and_continue,0.061747
391,391,0.9433333333333334,request_rescan,0.061887
392,392,0.9433333333333334,discard,0.062016
393,393,0.76,request_rescan,0.062226
394,394,0.9433333333333334,request_rescan,0.062368
395,395,0.76,discard,0.062503
396,396,0.76,request_rescan,0.062633
397,397,0.76,discard,0.062856
398,398,0.76,discard,0.062994
399,399,0.9433333333333334,request_rescan,0.063125
400,400,0.9433333333333334,discard,0.063248
401,401,0.9433333333333334,discard,0.063504
402,402,0.76,discard,0.06365
403,403,0.76,discard,0.063787
404,404,0.9433333333333334,request_rescan,0.063918
405,405,0.76,discard,0.064141
406,406,0.9433333333333334,request_rescan,0.064285
407,407,0.9433333333333334,request_rescan,0.064423
408,408,0.9433333333333334,discard,0.064552
409,409,0.9433333333333334,request_rescan,0.064764
410,410,0.9433333333333334,request_rescan,0.064902
411,411,0.76,log_and_continue,0.065034
412,412,0.9433333333333334,request_rescan,0.065162
413,413,0.9433333333333334,discard,0.065385
414,414,0.9433333333333334,discard,0.065523
415,415,0.76,discard,0.065647
416,416,0.76,discard,0.065768
417,417,0.76,log_and_continue,0.065997
418,418,0.76,log_and_continue,0.066141
419,419,0.76,discard,0.066274
420,420,0.76,discard,0.066405
421,421,0.76,request_rescan,0.066632
422,422,0.9433333333333334,request_rescan,0.066771
423,423,0.9433333333333334,request_rescan,0.066899
424,424,0.76,request_rescan,0.067025
425,425,0.76,discard,0.067256
426,426,0.76,log_and_continue,0.067396
427,427,0.9433333333333334,request_rescan,0.067526
428,428,0.76,log_and_continue,0.06765
429,429,0.9433333333333334,request_rescan,0.067874
430,430,0.9433333333333334,request_rescan,0.068015
431,431,0.9433333333333334,discard,0.068152
432,432,0.9433333333333334,discard,0.068279
433,433,0.76,request_rescan,0.068512
434,434,0.9433333333333334,request_rescan,0.068655
435,435,0.76,log_and_continue,0.068787
436,436,0.76,request_rescan,0.068915
437,437,0.6633333333333333,log_and_continue,0.069136
438,438,0.9433333333333334,discard,0.069281
439,439,0.76,request_rescan,0.069414
440,440,0.76,discard,0.069539
441,441,0.9433333333333334,request_rescan,0.069762
442,442,0.76,request_rescan,0.069902
443,443,0.9433333333333334,discard,0.070034
444,444,0.76,request_rescan,0.070162
445,445,0.6633333333333333,log_and_continue,0.070391
446,446,0.6633333333333333,log_and_continue,0.070534
447,447,0.76,discard,0.070667
448,448,0.76,discard,0.070793
449,449,0.76,log_and_continue,0.070997
450,450,0.76,log_and_continue,0.071127
451,451,0.76,request_rescan,0.071256
452,452,0.76,request_rescan,0.071383
453,453,0.6633333333333333,log_and_continue,0.071609
454,454,0.76,request_rescan,0.071748
455,455,0.9433333333333334,request_rescan,0.071878
456,456,0.9433333333333334,discard,0.072002
457,457,0.76,request_rescan,0.072235
458,458,0.76,log_and_continue,0.072374
459,459,0.76,log_and_continue,0.072503
460,460,0.76,discard,0.072626
461,461,0.76,request_rescan,0.072845
462,462,0.9433333333333334,discard,0.072982
463,463,0.6633333333333333,log_and_continue,0.073113
464,464,0.6633333333333333,log_and_continue,0.073238
465,465,0.76,log_and_continue,0.073473
466,466,0.76,log_and_continue,0.073622
467,467,0.76,log_and_continue,0.073762
468,468,0.76,request_rescan,0.073895
469,469,0.76,discard,0.074133
470,470,0.9433333333333334,request_rescan,0.07428
471,471,0.76,log_and_continue,0.074415
472,472,0.76,discard,0.074543
473,473,0.76,request_rescan,0.074773
474,474,0.76,log_and_continue,0.074914
475,475,0.9433333333333334,discard,0.075044
476,476,0.76,discard,0.075173
477,477,0.76,request_rescan,0.0754
478,478,0.76,log_and_continue,0.075541
479,479,0.76,discard,0.075671
480,480,0.76,log_and_continue,0.075794
481,481,0.9433333333333334,request_rescan,0.076022
482,482,0.9433333333333334,request_rescan,0.076163
483,483,0.9433333333333334,discard,0.076295
484,484,0.6633333333333333,log_and_continue,0.076421
485,485,0.9433333333333334,discard,0.076655
486,486,0.9433333333333334,request_rescan,0.076802
487,487,0.6633333333333333,log_and_continue,0.076938
488,488,0.6633333333333333,log_and_continue,0.077067
489,489,0.76,log_and_continue,0.077285
490,490,0.76,log_and_continue,0.077421
491,491,0.9433333333333334,request_rescan,0.077549
492,492,0.76,request_rescan,0.077675
493,493,0.9433333333333334,request_rescan,0.077906
494,494,0.9433333333333334,discard,0.078046
495,495,0.76,discard,0.078182
496,496,0.6633333333333333,log_and_continue,0.07831
497,497,0.76,discard,0.078549
498,498,0.9433333333333334,request_rescan,0.078694
499,499,0.9433333333333334,discard,0.07883
500,500,0.9433333333333334,request_rescan,0.078962
501,501,0.9433333333333334,request_rescan,0.079217
502,502,0.9433333333333334,discard,0.079362
503,503,0.6633333333333333,log_and_continue,0.079497
504,504,0.76,log_and_continue,0.079625
505,505,0.6633333333333333,log_and_continue,0.079848
506,506,0.76,request_rescan,0.07999
507,507,0.76,request_rescan,0.080128
508,508,0.76,discard,0.080256
509,509,0.76,discard,0.080489
510,510,0.76,log_and_continue,0.080634
511,511,0.76,log_and_continue,0.080772
512,512,0.76,log_and_continue,0.080901
513,513,0.76,discard,0.081141
514,514,0.76,request_rescan,0.081288
515,515,0.76,discard,0.081423
516,516,0.6633333333333333,log_and_continue,0.081557
517,517,0.9433333333333334,request_rescan,0.081788
518,518,0.9433333333333334,request_rescan,0.08193
519,519,0.6633333333333333,log_and_continue,0.082065
520,520,0.9433333333333334,discard,0.082194
521,521,0.9433333333333334,request_rescan,0.08243
522,522,0.76,request_rescan,0.082577
523,523,0.76,discard,0.082713
524,524,0.76,log_and_continue,0.082843
525,525,0.9433333333333334,discard,0.083076
526,526,0.76,discard,0.083222
527,527,0.76,request_rescan,0.083356
528,528,0.9433333333333334,request_rescan,0.083483
529,529,0.76,discard,0.083701
530,530,0.76,log_and_continue,0.08384
531,531,0.9433333333333334,discard,0.083971
532,532,0.76,request_rescan,0.084102
533,533,0.9433333333333334,request_rescan,0.084338
534,534,0.76,log_and_continue,0.084481
535,535,0.76,log_and_continue,0.084615
536,536,0.6633333333333333,log_and_continue,0.084744
537,537,0.9433333333333334,discard,0.084971
538,538,0.9433333333333334,request_rescan,0.085116
539,539,0.9433333333333334,request_rescan,0.085247
540,540,0.6633333333333333,log_and_continue,0.08538
541,541,0.9433333333333334,discard,0.085601
542,542,0.76,log_and_continue,0.085741
543,543,0.9433333333333334,request_rescan,0.085872
544,544,0.9433333333333334,request_rescan,0.086002
545,545,0.6633333333333333,log_and_continue,0.08624
546,546,0.9433333333333334,discard,0.086385
547,547,0.9433333333333334,request_rescan,0.086519
548,548,0.76,discard,0.086648
549,549,0.9433333333333334,request_rescan,0.086881
550,550,0.9433333333333334,discard,0.087023
551,551,0.9433333333333334,request_rescan,0.087161
552,552,0.76,log_and_continue,0.08729
553,553,0.6633333333333333,log_and_continue,0.087506
554,554,0.6633333333333333,log_and_continue,0.08764
555,555,0.6633333333333333,log_and_continue,0.087767
556,556,0.9433333333333334,request_rescan,0.087887
557,557,0.6633333333333333,log_and_continue,0.088126
558,558,0.6633333333333333,log_and_continue,0.088273
559,559,0.76,discard,0.088407
560,560,0.76,request_rescan,0.088533
561,561,0.9433333333333334,request_rescan,0.088764
562,562,0.9433333333333334,request_rescan,0.088904
563,563,0.76,discard,0.089034
564,564,0.76,request_rescan,0.089166
565,565,0.76,request_rescan,0.089392
566,566,0.9433333333333334,request_rescan,0.089532
567,567,0.9433333333333334,discard,0.089669
568,568,0.6633333333333333,log_and_continue,0.089801
569,569,0.76,log_and_continue,0.090014
570,570,0.9433333333333334,request_rescan,0.090162
571,571,0.9433333333333334,request_rescan,0.090298
572,572,0.9433333333333334,discard,0.090427
573,573,0.76,log_and_continue,0.090642
574,574,0.6633333333333333,log_and_continue,0.090769
575,575,0.76,log_and_continue,0.090905
576,576,0.76,request_rescan,0.091031
577,577,0.76,log_and_continue,0.091243
578,578,0.76,discard,0.091374
579,579,0.76,log_and_continue,0.091498
580,580,0.76,request_rescan,0.091629
581,581,0.6633333333333333,log_and_continue,0.091845
582,582,0.76,discard,0.091977
583,583,0.9433333333333334,discard,0.0921
584,584,0.76,discard,0.09222
585,585,0.9433333333333334,request_rescan,0.09244
586,586,0.9433333333333334,request_rescan,0.092574
587,587,0.76,request_rescan,0.092701
588,588,0.9433333333333334,discard,0.092829
589,589,0.76,log_and_continue,0.093039
590,590,0.76,discard,0.093168
591,591,0.76,log_and_continue,0.093303
592,592,0.9433333333333334,discard,0.093432
593,593,0.76,discard,0.093644
594,594,0.76,discard,0.093777
595,595,0.9433333333333334,request_rescan,0.093907
596,596,0.76,request_rescan,0.09403
597,597,0.9433333333333334,discard,0.094259
598,598,0.76,request_rescan,0.0944
599,599,0.9433333333333334,discard,0.094528
600,600,0.76,discard,0.094654
601,601,0.9433333333333334,discard,0.094906
602,602,0.9433333333333334,request_rescan,0.095058
603,603,0.6633333333333333,log_and_continue,0.095197
604,604,0.9433333333333334,request_rescan,0.095334
605,605,0.9433333333333334,discard,0.095561
606,606,0.9433333333333334,discard,0.095702
607,607,0.6633333333333333,log_and_continue,0.095838
608,608,0.76,log_and_continue,0.095982
609,609,0.9433333333333334,request_rescan,0.096234
610,610,0.6633333333333333,log_and_continue,0.09638
611,611,0.9433333333333334,request_rescan,0.096517
612,612,0.9433333333333334,discard,0.09665
613,613,0.9433333333333334,request_rescan,0.096864
614,614,0.9433333333333334,discard,0.096991
615,615,0.76,discard,0.097131
616,616,0.76,discard,0.097264
617,617,0.9433333333333334,discard,0.097479
618,618,0.76,request_rescan,0.097607
619,619,0.76,discard,0.097732
620,620,0.9433333333333334,discard,0.097862
621,621,0.76,log_and_continue,0.098071
622,622,0.9433333333333334,request_rescan,0.098206
623,623,0.9433333333333334,discard,0.098343
624,624,0.76,log_and_continue,0.098469
625,625,0.76,log_and_continue,0.098692
626,626,0.6633333333333333,log_and_continue,0.09883
627,627,0.9433333333333334,request_rescan,0.098964
628,628,0.6633333333333333,log_and_continue,0.099095
629,629,0.76,discard,0.099327
630,630,0.76,request_rescan,0.099472
631,631,0.76,log_and_continue,0.099604
632,632,0.76,request_rescan,0.09973
633,633,0.76,request_rescan,0.099954
634,634,0.76,discard,0.100095
635,635,0.9433333333333334,discard,0.100224
636,636,0.76,log_and_continue,0.100355
637,637,0.9433333333333334,discard,0.100579
638,638,0.9433333333333334,discard,0.100718
639,639,0.6633333333333333,log_and_continue,0.100852
640,640,0.9433333333333334,discard,0.100978
641,641,0.76,request_rescan,0.101208
642,642,0.6633333333333333,log_and_continue,0.101347
643,643,0.9433333333333334,discard,0.101478
644,644,0.76,log_and_continue,0.101607
645,645,0.9433333333333334,discard,0.101839
646,646,0.76,discard,0.101983
647,647,0.76,request_rescan,0.102122
648,648,0.76,log_and_continue,0.102252
649,649,0.6633333333333333,log_and_continue,0.102488
650,650,0.76,log_and_continue,0.102631
651,651,0.9433333333333334,request_rescan,0.102766
652,652,0.9433333333333334,discard,0.102891
653,653,0.76,log_and_continue,0.103118
654,654,0.6633333333333333,log_and_continue,0.103257
655,655,0.6633333333333333,log_and_continue,0.103394
656,656,0.76,request_rescan,0.103525
657,657,0.9433333333333334,request_rescan,0.103761
658,658,0.9433333333333334,request_rescan,0.103906
659,659,0.76,log_and_continue,0.104041
660,660,0.9433333333333334,request_rescan,0.10417
661,661,0.76,log_and_continue,0.104398
662,662,0.9433333333333334,request_rescan,0.104543
663,663,0.6633333333333333,log_and_continue,0.104675
664,664,0.9433333333333334,request_rescan,0.104804
665,665,0.9433333333333334,discard,0.105033
666,666,0.9433333333333334,discard,0.105175
667,667,0.76,discard,0.105307
668,668,0.9433333333333334,request_rescan,0.105433
669,669,0.76,request_rescan,0.105659
670,670,0.6633333333333333,log_and_continue,0.1058
671,671,0.76,request_rescan,0.105926
672,672,0.76,request_rescan,0.10605
673,673,0.76,discard,0.106282
674,674,0.9433333333333334,request_rescan,0.106423
675,675,0.6633333333333333,log_and_continue,0.106554
676,676,0.76,request_rescan,0.10668
677,677,0.76,log_and_continue,0.106889
678,678,0.76,discard,0.10703
679,679,0.9433333333333334,request_rescan,0.107162
680,680,0.76,discard,0.107287
681,681,0.9433333333333334,discard,0.107524
682,682,0.76,discard,0.107669
683,683,0.9433333333333334,request_rescan,0.107806
684,684,0.9433333333333334,request_rescan,0.107936
685,685,0.9433333333333334,request_rescan,0.108164
686,686,0.9433333333333334,request_rescan,0.108304
687,687,0.9433333333333334,discard,0.108432
688,688,0.76,discard,0.108557
689,689,0.76,request_rescan,0.108793
690,690,0.9433333333333334,discard,0.108934
691,691,0.9433333333333334,request_rescan,0.109066
692,692,0.76,log_and_continue,0.109195
693,693,0.76,log_and_continue,0.10942
694,694,0.76,discard,0.109562
695,695,0.9433333333333334,discard,0.109694
696,696,0.76,discard,0.109818
697,697,0.6633333333333333,log_and_continue,0.110048
698,698,0.9433333333333334,discard,0.11019
699,699,0.9433333333333334,request_rescan,0.110319
700,700,0.9433333333333334,request_rescan,0.110443
701,701,0.76,discard,0.110692
702,702,0.76,request_rescan,0.110834
703,703,0.9433333333333334,request_rescan,0.110962
704,704,0.6633333333333333,log_and_continue,0.111096
705,705,0.9433333333333334,discard,0.111305
706,706,0.76,request_rescan,0.111437
707,707,0.6633333333333333,log_and_continue,0.111575
708,708,0.9433333333333334,request_rescan,0.111709
709,709,0.76,discard,0.111924
710,710,0.76,request_rescan,0.112051
711,711,0.6633333333333333,log_and_continue,0.112184
712,712,0.9433333333333334,discard,0.112314
713,713,0.76,request_rescan,0.112529
714,714,0.9433333333333334,request_rescan,0.112659
715,715,0.76,request_rescan,0.112781
716,716,0.9433333333333334,discard,0.1129
717,717,0.76,request_rescan,0.113124
718,718,0.6633333333333333,log_and_continue,0.113259
719,719,0.6633333333333333,log_and_continue,0.113384
720,720,0.9433333333333334,discard,0.113506
721,721,0.76,discard,0.113731
722,722,0.76,discard,0.113871
723,723,0.9433333333333334,request_rescan,0.113999
724,724,0.9433333333333334,request_rescan,0.11413
725,725,0.6633333333333333,log_and_continue,0.114358
726,726,0.76,request_rescan,0.114501
727,727,0.9433333333333334,request_rescan,0.114634
728,728,0.76,request_rescan,0.114764
729,729,0.9433333333333334,request_rescan,0.115
730,730,0.76,request_rescan,0.115147
731,731,0.6633333333333333,log_and_continue,0.115289
732,732,0.76,log_and_continue,0.115419
733,733,0.76,request_rescan,0.11564
734,734,0.9433333333333334,request_rescan,0.115781
735,735,0.6633333333333333,log_and_continue,0.11591
736,736,0.9433333333333334,discard,0.116033
737,737,0.76,log_and_continue,0.116261
738,738,0.9433333333333334,discard,0.116405
739,739,0.6633333333333333,log_and_continue,0.116538
740,740,0.76,log_and_continue,0.116666
741,741,0.9433333333333334,request_rescan,0.116899
742,742,0.76,request_rescan,0.117043
743,743,0.6633333333333333,log_and_continue,0.117176
744,744,0.76,request_rescan,0.1173
745,745,0.76,request_rescan,0.11753
746,746,0.9433333333333334,request_rescan,0.117673
747,747,0.76,request_rescan,0.117803
748,748,0.76,log_and_continue,0.117929
749,749,0.9433333333333334,request_rescan,0.118142
750,750,0.6633333333333333,log_and_continue,0.118281
751,751,0.9433333333333334,discard,0.118416
752,752,0.76,log_and_continue,0.118545
753,753,0.76,log_and_continue,0.118783
754,754,0.76,log_and_continue,0.118928
755,755,0.9433333333333334,request_rescan,0.119065
756,756,0.9433333333333334,request_rescan,0.119202
757,757,0.6633333333333333,log_and_continue,0.119434
758,758,0.76,log_and_continue,0.119582
759,759,0.76,request_rescan,0.119719
760,760,0.9433333333333334,discard,0.119853
761,761,0.9433333333333334,discard,0.120094
762,762,0.6633333333333333,log_and_continue,0.120246
763,763,0.9433333333333334,discard,0.120382
764,764,0.76,request_rescan,0.120514
765,765,0.76,discard,0.120726
766,766,0.76,log_and_continue,0.120861
767,767,0.6633333333333333,log_and_continue,0.120997
768,768,0.6633333333333333,log_and_continue,0.121127
769,769,0.76,discard,0.121343
770,770,0.76,log_and_continue,0.121483
771,771,0.9433333333333334,discard,0.121614
772,772,0.76,discard,0.121738
773,773,0.76,discard,0.121966
774,774,0.76,discard,0.122107
775,775,0.9433333333333334,discard,0.122234
776,776,0.9433333333333334,discard,0.122361
777,777,0.76,request_rescan,0.122583
778,778,0.76,request_rescan,0.122718
779,779,0.9433333333333334,discard,0.122848
780,780,0.9433333333333334,request_rescan,0.122974
781,781,0.76,discard,0.123199
782,782,0.76,log_and_continue,0.123334
783,783,0.76,log_and_continue,0.123466
784,784,0.76,discard,0.123599
785,785,0.76,discard,0.123827
786,786,0.76,request_rescan,0.123965
787,787,0.6633333333333333,log_and_continue,0.1241
788,788,0.76,log_and_continue,0.124229
789,789,0.9433333333333334,discard,0.12445
790,790,0.6633333333333333,log_and_continue,0.124589
791,791,0.76,discard,0.124724
792,792,0.9433333333333334,discard,0.124853
793,793,0.76,log_and_continue,0.125083
794,794,0.76,discard,0.125231
795,795,0.76,discard,0.125366
796,796,0.76,discard,0.125496
797,797,0.9433333333333334,request_rescan,0.125722
798,798,0.76,request_rescan,0.125864
799,799,0.9433333333333334,request_rescan,0.125995
800,800,0.9433333333333334,discard,0.126128
801,801,0.9433333333333334,discard,0.12637
802,802,0.76,discard,0.126508
803,803,0.9433333333333334,discard,0.126638
804,804,0.9433333333333334,discard,0.126763
805,805,0.9433333333333334,request_rescan,0.126979
806,806,0.6633333333333333,log_and_continue,0.127117
807,807,0.9433333333333334,discard,0.127246
808,808,0.76,discard,0.127371
809,809,0.76,discard,0.127602
810,810,0.9433333333333334,discard,0.127739
811,811,0.6633333333333333,log_and_continue,0.127872
812,812,0.9433333333333334,discard,0.127998
813,813,0.6633333333333333,log_and_continue,0.128229
814,814,0.76,log_and_continue,0.128373
815,815,0.6633333333333333,log_and_continue,0.128509
816,816,0.9433333333333334,discard,0.128635
817,817,0.9433333333333334,discard,0.12886
818,818,0.76,request_rescan,0.128999
819,819,0.76,log_and_continue,0.129133
820,820,0.6633333333333333,log_and_continue,0.129261
821,821,0.76,discard,0.129464
822,822,0.76,discard,0.129599
823,823,0.76,log_and_continue,0.129731
824,824,0.76,log_and_continue,0.12986
825,825,0.76,discard,0.130068
826,826,0.76,discard,0.1302
827,827,0.76,request_rescan,0.130333
828,828,0.9433333333333334,discard,0.13046
829,829,0.76,discard,0.130667
830,830,0.9433333333333334,discard,0.130791
831,831,0.76,log_and_continue,0.130909
832,832,0.9433333333333334,discard,0.131034
833,833,0.76,discard,0.13125
834,834,0.6633333333333333,log_and_continue,0.131381
835,835,0.76,discard,0.131502
836,836,0.9433333333333334,request_rescan,0.131628
837,837,0.6633333333333333,log_and_continue,0.131844
838,838,0.76,log_and_continue,0.131975
839,839,0.76,request_rescan,0.132102
840,840,0.6633333333333333,log_and_continue,0.132223
841,841,0.9433333333333334,discard,0.132444
842,842,0.6633333333333333,log_and_continue,0.132581
843,843,0.6633333333333333,log_and_continue,0.132709
844,844,0.76,discard,0.132834
845,845,0.76,discard,0.133058
846,846,0.9433333333333334,request_rescan,0.133198
847,847,0.76,discard,0.13333
848,848,0.76,discard,0.133452
849,849,0.76,discard,0.133684
850,850,0.76,request_rescan,0.13383
851,851,0.76,discard,0.133959
852,852,0.9433333333333334,discard,0.134092
853,853,0.9433333333333334,request_rescan,0.134328
854,854,0.9433333333333334,request_rescan,0.134474
855,855,0.76,log_and_continue,0.134614
856,856,0.6633333333333333,log_and_continue,0.134748
857,857,0.76,request_rescan,0.134978
858,858,0.9433333333333334,discard,0.135128
859,859,0.76,request_rescan,0.135263
860,860,0.76,discard,0.135392
861,861,0.9433333333333334,request_rescan,0.135625
862,862,0.9433333333333334,request_rescan,0.135773
863,863,0.9433333333333334,discard,0.135911
864,864,0.76,log_and_continue,0.13604
865,865,0.76,request_rescan,0.136279
866,866,0.76,log_and_continue,0.136424
867,867,0.76,request_rescan,0.136555
868,868,0.9433333333333334,discard,0.136681
869,869,0.76,log_and_continue,0.136909
870,870,0.76,request_rescan,0.137049
871,871,0.9433333333333334,request_rescan,0.137182
872,872,0.76,request_rescan,0.137311
873,873,0.6633333333333333,log_and_continue,0.137531
874,874,0.76,request_rescan,0.137673
875,875,0.9433333333333334,discard,0.137801
876,876,0.76,discard,0.137926
877,877,0.6633333333333333,log_and_continue,0.138134
878,878,0.76,discard,0.138277
879,879,0.6633333333333333,log_and_continue,0.138405
880,880,0.9433333333333334,request_rescan,0.138527
881,881,0.76,request_rescan,0.138733
882,882,0.9433333333333334,request_rescan,0.138864
883,883,0.9433333333333334,discard,0.138993
884,884,0.6633333333333333,log_and_continue,0.139118
885,885,0.9433333333333334,discard,0.139339
886,886,0.76,log_and_continue,0.139476
887,887,0.76,request_rescan,0.139605
888,888,0.6633333333333333,log_and_continue,0.13974
889,889,0.76,request_rescan,0.139954
890,890,0.6633333333333333,log_and_continue,0.140079
891,891,0.6633333333333333,log_and_continue,0.140202
892,892,0.6633333333333333,log_and_continue,0.14032
893,893,0.76,log_and_continue,0.140544
894,894,0.9433333333333334,request_rescan,0.140681
895,895,0.76,discard,0.140813
896,896,0.6633333333333333,log_and_continue,0.140938
897,897,0.9433333333333334,discard,0.141171
898,898,0.76,discard,0.141315
899,899,0.9433333333333334,request_rescan,0.141449
900,900,0.6633333333333333,log_and_continue,0.141574
901,901,0.76,request_rescan,0.141825
902,902,0.6633333333333333,log_and_continue,0.141965
903,903,0.6633333333333333,log_and_continue,0.142101
904,904,0.9433333333333334,discard,0.142227
905,905,0.76,log_and_continue,0.142461
906,906,0.6633333333333333,log_and_continue,0.142606
907,907,0.76,request_rescan,0.142741
908,908,0.76,request_rescan,0.142872
909,909,0.76,request_rescan,0.143094
910,910,0.76,log_and_continue,0.143233
911,911,0.9433333333333334,discard,0.143366
912,912,0.9433333333333334,discard,0.143491
913,913,0.9433333333333334,discard,0.143702
914,914,0.76,log_and_continue,0.14384
915,915,0.76,request_rescan,0.143966
916,916,0.76,request_rescan,0.144092
917,917,0.9433333333333334,request_rescan,0.144304
918,918,0.9433333333333334,request_rescan,0.144441
919,919,0.9433333333333334,discard,0.144572
920,920,0.76,request_rescan,0.144703
921,921,0.9433333333333334,discard,0.144924
922,922,0.9433333333333334,discard,0.145062
923,923,0.6633333333333333,log_and_continue,0.145191
924,924,0.9433333333333334,request_rescan,0.145313
925,925,0.9433333333333334,request_rescan,0.14554
926,926,0.76,log_and_continue,0.145676
927,927,0.76,request_rescan,0.145804
928,928,0.9433333333333334,request_rescan,0.145928
929,929,0.76,discard,0.14614
930,930,0.6633333333333333,log_and_continue,0.146283
931,931,0.76,discard,0.146413
932,932,0.6633333333333333,log_and_continue,0.146535
933,933,0.76,request_rescan,0.146764
934,934,0.9433333333333334,discard,0.146906
935,935,0.9433333333333334,request_rescan,0.147039
936,936,0.9433333333333334,discard,0.147172
937,937,0.76,request_rescan,0.147383
938,938,0.9433333333333334,request_rescan,0.147514
939,939,0.9433333333333334,request_rescan,0.147647
940,940,0.76,discard,0.147776
941,941,0.76,log_and_continue,0.148001
942,942,0.6633333333333333,log_and_continue,0.148141
943,943,0.76,discard,0.148271
944,944,0.76,request_rescan,0.148396
945,945,0.6633333333333333,log_and_continue,0.14863
946,946,0.76,discard,0.148772
947,947,0.9433333333333334,request_rescan,0.148908
948,948,0.9433333333333334,discard,0.149037
949,949,0.76,discard,0.149272
950,950,0.9433333333333334,request_rescan,0.149416
951,951,0.76,log_and_continue,0.149555
952,952,0.6633333333333333,log_and_continue,0.149686
953,953,0.9433333333333334,request_rescan,0.149894
954,954,0.6633333333333333,log_and_continue,0.150025
955,955,0.76,discard,0.150162
956,956,0.9433333333333334,request_rescan,0.150291
957,957,0.76,discard,0.150507
958,958,0.9433333333333334,discard,0.150643
959,959,0.76,log_and_continue,0.15077
960,960,0.9433333333333334,discard,0.150893
961,961,0.76,discard,0.151098
962,962,0.9433333333333334,request_rescan,0.151241
963,963,0.76,request_rescan,0.151374
964,964,0.9433333333333334,discard,0.1515
965,965,0.76,discard,0.151729
966,966,0.9433333333333334,discard,0.151872
967,967,0.9433333333333334,discard,0.152001
968,968,0.9433333333333334,discard,0.15213
969,969,0.9433333333333334,request_rescan,0.152336
970,970,0.76,request_rescan,0.15248
971,971,0.76,request_rescan,0.152609
972,972,0.6633333333333333,log_and_continue,0.152733
973,973,0.6633333333333333,log_and_continue,0.15294
974,974,0.76,log_and_continue,0.153079
975,975,0.9433333333333334,request_rescan,0.153211
976,976,0.76,discard,0.153334
977,977,0.76,log_and_continue,0.153543
978,978,0.6633333333333333,log_and_continue,0.153678
979,979,0.9433333333333334,request_rescan,0.153809
980,980,0.9433333333333334,discard,0.153933
981,981,0.76,discard,0.154166
982,982,0.9433333333333334,request_rescan,0.154308
983,983,0.76,log_and_continue,0.154441
984,984,0.76,discard,0.154566
985,985,0.76,discard,0.154786
986,986,0.76,request_rescan,0.154926
987,987,0.76,discard,0.155061
988,988,0.76,request_rescan,0.155188
989,989,0.9433333333333334,request_rescan,0.155408
990,990,0.6633333333333333,log_and_continue,0.155546
991,991,0.76,discard,0.155676
992,992,0.76,discard,0.155797
993,993,0.76,discard,0.156026
994,994,0.6633333333333333,log_and_continue,0.156172
995,995,0.6633333333333333,log_and_continue,0.156304
996,996,0.9433333333333334,discard,0.156432
997,997,0.76,log_and_continue,0.156662
998,998,0.6633333333333333,log_and_continue,0.156804
999,999,0.76,request_rescan,0.156934
1000,1000,0.9433333333333334,discard,0.157057
1001,1001,0.6633333333333333,log_and_continue,0.157562
1002,1002,0.76,request_rescan,0.158045
1003,1003,0.9433333333333334,request_rescan,0.158383
1004,1004,0.6633333333333333,log_and_continue,0.158546
1005,1005,0.76,request_rescan,0.160226
1006,1006,0.76,request_rescan,0.160564
1007,1007,0.9433333333333334,request_rescan,0.160871
1008,1008,0.9433333333333334,request_rescan,0.16118
1009,1009,0.76,request_rescan,0.162524
1010,1010,0.76,request_rescan,0.162843
1011,1011,0.76,request_rescan,0.16315
1012,1012,0.9433333333333334,request_rescan,0.163444
1013,1013,0.9433333333333334,request_rescan,0.164686
1014,1014,0.76,request_rescan,0.165009
1015,1015,0.76,request_rescan,0.165316
1016,1016,0.9433333333333334,request_rescan,0.165608
1017,1017,0.6633333333333333,log_and_continue,0.166706
1018,1018,0.76,request_rescan,0.167046
1019,1019,0.76,request_rescan,0.167364
1020,1020,0.76,request_rescan,0.167658
1021,1021,0.9433333333333334,request_rescan,0.168872
1022,1022,0.76,request_rescan,0.169201
1023,1023,0.9433333333333334,request_rescan,0.169502
1024,1024,0.76,request_rescan,0.169971
1025,1025,0.9433333333333334,request_rescan,0.171203
1026,1026,0.76,request_rescan,0.171527
1027,1027,0.76,request_rescan,0.171825
1028,1028,0.76,request_rescan,0.17212
1029,1029,0.76,request_rescan,0.173446
1030,1030,0.76,request_rescan,0.173885
1031,1031,0.76,request_rescan,0.174257
1032,1032,0.9433333333333334,request_rescan,0.174553
1033,1033,0.9433333333333334,request_rescan,0.175816
1034,1034,0.76,request_rescan,0.176145
1035,1035,0.9433333333333334,request_rescan,0.176451
1036,1036,0.76,request_rescan,0.176742
1037,1037,0.9433333333333334,request_rescan,0.177957
1038,1038,0.76,request_rescan,0.17829
1039,1039,0.76,request_rescan,0.178598
1040,1040,0.76,request_rescan,0.178898
1041,1041,0.76,request_rescan,0.180135
1042,1042,0.76,request_rescan,0.180474
1043,1043,0.76,request_rescan,0.180786
1044,1044,0.9433333333333334,request_rescan,0.181079
1045,1045,0.9433333333333334,request_rescan,0.18228
1046,1046,0.76,request_rescan,0.182605
1047,1047,0.9433333333333334,request_rescan,0.182908
1048,1048,0.76,request_rescan,0.183206
1049,1049,0.76,request_rescan,0.184423
1050,1050,0.76,request_rescan,0.184747
1051,1051,0.76,request_rescan,0.18505
1052,1052,0.76,request_rescan,0.18535
1053,1053,0.9433333333333334,request_rescan,0.18658
1054,1054,0.76,request_rescan,0.187149
1055,1055,0.76,request_rescan,0.187525
1056,1056,0.76,request_rescan,0.18782
1057,1057,0.76,request_rescan,0.189083
1058,1058,0.9433333333333334,request_rescan,0.189419
1059,1059,0.9433333333333334,request_rescan,0.189721
1060,1060,0.9433333333333334,request_rescan,0.190134
1061,1061,0.76,request_rescan,0.191494
1062,1062,0.9433333333333334,request_rescan,0.191814
1063,1063,0.76,request_rescan,0.192121
1064,1064,0.9433333333333334,request_rescan,0.192415
1065,1065,0.76,request_rescan,0.193612
1066,1066,0.9433333333333334,request_rescan,0.193938
1067,1067,0.9433333333333334,request_rescan,0.194243
1068,1068,0.9433333333333334,request_rescan,0.194537
1069,1069,0.9433333333333334,request_rescan,0.195728
1070,1070,0.76,request_rescan,0.19605
1071,1071,0.9433333333333334,request_rescan,0.196362
1072,1072,0.76,request_rescan,0.196661
1073,1073,0.9433333333333334,request_rescan,0.197872
1074,1074,0.9433333333333334,request_rescan,0.198205
1075,1075,0.9433333333333334,request_rescan,0.198513
1076,1076,0.76,request_rescan,0.198807
1077,1077,0.9433333333333334,request_rescan,0.20001
1078,1078,0.9433333333333334,request_rescan,0.200343
1079,1079,0.76,request_rescan,0.200646
1080,1080,0.76,request_rescan,0.200938
1081,1081,0.9433333333333334,request_rescan,0.202136
1082,1082,0.9433333333333334,request_rescan,0.202462
1083,1083,0.76,request_rescan,0.202764
1084,1084,0.76,request_rescan,0.203056
1085,1085,0.9433333333333334,request_rescan,0.20452
1086,1086,0.9433333333333334,request_rescan,0.204847
1087,1087,0.9433333333333334,request_rescan,0.205159
1088,1088,0.76,request_rescan,0.205462
1089,1089,0.9433333333333334,request_rescan,0.206782
1090,1090,0.9433333333333334,request_rescan,0.207349
1091,1091,0.76,request_rescan,0.207723
1092,1092,0.9433333333333334,request_rescan,0.208022
1093,1093,0.9433333333333334,request_rescan,0.209271
1094,1094,0.76,request_rescan,0.209591
1095,1095,0.9433333333333334,request_rescan,0.209892
1096,1096,0.9433333333333334,request_rescan,0.210188
1097,1097,0.9433333333333334,request_rescan,0.2114
1098,1098,0.9433333333333334,request_rescan,0.211723
1099,1099,0.76,request_rescan,0.212023
1100,1100,0.9433333333333334,request_rescan,0.212321
1101,1101,0.9433333333333334,request_rescan,0.213565
1102,1102,0.76,request_rescan,0.213891
1103,1103,0.76,request_rescan,0.214196
1104,1104,0.76,request_rescan,0.214496
1105,1105,0.76,request_rescan,0.215728
1106,1106,0.76,request_rescan,0.216062
1107,1107,0.9433333333333334,request_rescan,0.216383
1108,1108,0.9433333333333334,request_rescan,0.216681
1109,1109,0.9433333333333334,request_rescan,0.217877
1110,1110,0.76,request_rescan,0.218208
1111,1111,0.76,request_rescan,0.218515
1112,1112,0.9433333333333334,request_rescan,0.21881
1113,1113,0.76,request_rescan,0.220051
1114,1114,0.76,request_rescan,0.220391
1115,1115,0.9433333333333334,request_rescan,0.220693
1116,1116,0.76,request_rescan,0.220985
1117,1117,0.9433333333333334,request_rescan,0.222207
1118,1118,0.76,request_rescan,0.222389
1119,1119,0.76,request_rescan,0.222718
1120,1120,0.76,request_rescan,0.223025
1121,1121,0.76,request_rescan,0.224396
1122,1122,0.9433333333333334,request_rescan,0.224713
1123,1123,0.9433333333333334,request_rescan,0.225029
1124,1124,0.76,request_rescan,0.225333
1125,1125,0.76,request_rescan,0.226538
1126,1126,0.9433333333333334,request_rescan,0.226863
1127,1127,0.9433333333333334,request_rescan,0.227171
1128,1128,0.9433333333333334,request_rescan,0.227468
1129,1129,0.76,request_rescan,0.228664
1130,1130,0.9433333333333334,request_rescan,0.22899
1131,1131,0.76,request_rescan,0.229303
1132,1132,0.76,request_rescan,0.229599
1133,1133,0.76,request_rescan,0.230797
1134,1134,0.9433333333333334,request_rescan,0.231125
1135,1135,0.9433333333333334,request_rescan,0.231429
1136,1136,0.9433333333333334,request_rescan,0.23172
1137,1137,0.76,request_rescan,0.232914
1138,1138,0.9433333333333334,request_rescan,0.233241
1139,1139,0.76,request_rescan,0.233545
1140,1140,0.9433333333333334,request_rescan,0.233838
1141,1141,0.9433333333333334,request_rescan,0.235032
1142,1142,0.76,request_rescan,0.235368
1143,1143,0.76,request_rescan,0.235672
1144,1144,0.9433333333333334,request_rescan,0.235969
1145,1145,0.9433333333333334,discard,0.237335
1146,1146,0.9433333333333334,request_rescan,0.237659
1147,1147,0.76,request_rescan,0.237825
1148,1148,0.9433333333333334,discard,0.23813
1149,1149,0.9433333333333334,request_rescan,0.239349
1150,1150,0.9433333333333334,discard,0.239674
1151,1151,0.76,request_rescan,0.239975
1152,1152,0.9433333333333334,request_rescan,0.240443
1153,1153,0.76,request_rescan,0.241717
1154,1154,0.9433333333333334,request_rescan,0.242042
1155,1155,0.9433333333333334,request_rescan,0.242352
1156,1156,0.9433333333333334,request_rescan,0.242643
1157,1157,0.9433333333333334,request_rescan,0.243844
1158,1158,0.9433333333333334,request_rescan,0.244173
1159,1159,0.9433333333333334,discard,0.244478
1160,1160,0.9433333333333334,request_rescan,0.244775
1161,1161,0.9433333333333334,discard,0.245979
1162,1162,0.76,discard,0.246158
1163,1163,0.9433333333333334,discard,0.246478
1164,1164,0.76,discard,0.246778
1165,1165,0.9433333333333334,discard,0.247972
1166,1166,0.9433333333333334,discard,0.2483
1167,1167,0.9433333333333334,discard,0.248599
1168,1168,0.9433333333333334,discard,0.248893
1169,1169,0.9433333333333334,discard,0.250086
1170,1170,0.76,discard,0.250418
1171,1171,0.9433333333333334,discard,0.250721
1172,1172,0.9433333333333334,discard,0.251011
1173,1173,0.9433333333333334,discard,0.252219
1174,1174,0.9433333333333334,discard,0.252551
1175,1175,0.9433333333333334,discard,0.253105
1176,1176,0.9433333333333334,discard,0.253411
1177,1177,0.9433333333333334,discard,0.254641
1178,1178,0.76,discard,0.254963
1179,1179,0.76,discard,0.255273
1180,1180,0.6633333333333333,log_and_continue,0.255432
1181,1181,0.9433333333333334,discard,0.256638
1182,1182,0.9433333333333334,discard,0.257112
1183,1183,0.76,discard,0.25748
1184,1184,0.9433333333333334,discard,0.257778
1185,1185,0.9433333333333334,discard,0.258996
1186,1186,0.9433333333333334,discard,0.259328
1187,1187,0.76,discard,0.259633
1188,1188,0.76,discard,0.259928
1189,1189,0.76,discard,0.261137
1190,1190,0.76,discard,0.261459
1191,1191,0.9433333333333334,discard,0.261759
1192,1192,0.76,discard,0.262054
1193,1193,0.9433333333333334,discard,0.263262
1194,1194,0.9433333333333334,discard,0.263586
1195,1195,0.76,discard,0.263887
1196,1196,0.76,discard,0.264185
1197,1197,0.9433333333333334,discard,0.265385
1198,1198,0.9433333333333334,discard,0.265708
1199,1199,0.76,discard,0.266007
1200,1200,0.76,discard,0.266302
1201,1201,0.9433333333333334,discard,0.267521
1202,1202,0.9433333333333334,discard,0.267845
1203,1203,0.76,discard,0.268158
1204,1204,0.9433333333333334,discard,0.268465
1205,1205,0.9433333333333334,discard,0.269687
1206,1206,0.76,discard,0.270265
1207,1207,0.76,discard,0.270633
1208,1208,0.9433333333333334,discard,0.270923
1209,1209,0.9433333333333334,discard,0.272181
1210,1210,0.76,discard,0.272505
1211,1211,0.76,discard,0.272803
1212,1212,0.9433333333333334,discard,0.273098
1213,1213,0.76,discard,0.274555
1214,1214,0.9433333333333334,discard,0.274948
1215,1215,0.9433333333333334,discard,0.275259
1216,1216,0.9433333333333334,discard,0.275552
1217,1217,0.6633333333333333,log_and_continue,0.276673
1218,1218,0.76,log_and_continue,0.276845
1219,1219,0.9433333333333334,discard,0.277178
1220,1220,0.9433333333333334,discard,0.277482
1221,1221,0.76,discard,0.278687
1222,1222,0.76,discard,0.279009
1223,1223,0.76,discard,0.279314
1224,1224,0.9433333333333334,discard,0.279605
1225,1225,0.76,discard,0.280804
1226,1226,0.9433333333333334,discard,0.281139
1227,1227,0.76,discard,0.281451
1228,1228,0.76,discard,0.281748
1229,1229,0.76,discard,0.282828
1230,1230,0.9433333333333334,discard,0.283174
1231,1231,0.76,discard,0.283484
1232,1232,0.76,discard,0.283781
1233,1233,0.76,discard,0.284973
1234,1234,0.9433333333333334,discard,0.28534
1235,1235,0.9433333333333334,discard,0.285662
1236,1236,0.76,discard,0.285963
1237,1237,0.9433333333333334,discard,0.287422
1238,1238,0.76,discard,0.287736
1239,1239,0.76,discard,0.288034
1240,1240,0.9433333333333334,discard,0.288333
1241,1241,0.9433333333333334,discard,0.28955
1242,1242,0.9433333333333334,discard,0.289866
1243,1243,0.9433333333333334,discard,0.290292
1244,1244,0.9433333333333334,discard,0.290715
1245,1245,0.9433333333333334,discard,0.292015
1246,1246,0.76,discard,0.292349
1247,1247,0.76,discard,0.292655
1248,1248,0.9433333333333334,request_rescan,0.292947
1249,1249,0.76,discard,0.294155
1250,1250,0.9433333333333334,discard,0.294482
1251,1251,0.76,discard,0.294787
1252,1252,0.9433333333333334,discard,0.295078
1253,1253,0.9433333333333334,discard,0.296287
1254,1254,0.9433333333333334,request_rescan,0.296614
1255,1255,0.9433333333333334,discard,0.296916
1256,1256,0.9433333333333334,request_rescan,0.297211
1257,1257,0.76,request_rescan,0.298412
1258,1258,0.9433333333333334,request_rescan,0.298736
1259,1259,0.9433333333333334,discard,0.299037
1260,1260,0.9433333333333334,request_rescan,0.299334
1261,1261,0.9433333333333334,request_rescan,0.300533
1262,1262,0.76,request_rescan,0.300852
1263,1263,0.9433333333333334,request_rescan,0.30116
1264,1264,0.9433333333333334,request_rescan,0.301455
1265,1265,0.9433333333333334,request_rescan,0.302649
1266,1266,0.9433333333333334,discard,0.303191
1267,1267,0.9433333333333334,request_rescan,0.303558
1268,1268,0.9433333333333334,request_rescan,0.303849
1269,1269,0.9433333333333334,discard,0.305052
1270,1270,0.76,request_rescan,0.305236
1271,1271,0.9433333333333334,discard,0.305558
1272,1272,0.9433333333333334,discard,0.305854
1273,1273,0.9433333333333334,request_rescan,0.307245
1274,1274,0.76,discard,0.307425
1275,1275,0.9433333333333334,request_rescan,0.307813
1276,1276,0.76,request_rescan,0.308116
1277,1277,0.9433333333333334,request_rescan,0.309323
1278,1278,0.9433333333333334,request_rescan,0.309648
1279,1279,0.9433333333333334,request_rescan,0.309948
1280,1280,0.9433333333333334,request_rescan,0.31011
1281,1281,0.9433333333333334,request_rescan,0.311306
1282,1282,0.76,request_rescan,0.311632
1283,1283,0.9433333333333334,request_rescan,0.311935
1284,1284,0.76,request_rescan,0.312234
1285,1285,0.76,request_rescan,0.313425
1286,1286,0.9433333333333334,discard,0.313748
1287,1287,0.9433333333333334,discard,0.314049
1288,1288,0.9433333333333334,discard,0.314352
1289,1289,0.76,request_rescan,0.315581
1290,1290,0.9433333333333334,discard,0.315907
1291,1291,0.76,request_rescan,0.316221
1292,1292,0.9433333333333334,request_rescan,0.316517
1293,1293,0.9433333333333334,request_rescan,0.317726
1294,1294,0.9433333333333334,request_rescan,0.318046
1295,1295,0.9433333333333334,discard,0.318355
1296,1296,0.9433333333333334,discard,0.31865
1297,1297,0.9433333333333334,request_rescan,0.319852
1298,1298,0.9433333333333334,request_rescan,0.320181
1299,1299,0.76,request_rescan,0.32064
1300,1300,0.9433333333333334,request_rescan,0.320931
1301,1301,0.9433333333333334,discard,0.322171
1302,1302,0.76,request_rescan,0.322494
1303,1303,0.9433333333333334,request_rescan,0.322795
1304,1304,0.9433333333333334,request_rescan,0.323086
1305,1305,0.9433333333333334,request_rescan,0.324542
1306,1306,0.6633333333333333,log_and_continue,0.324728
1307,1307,0.9433333333333334,request_rescan,0.325047
1308,1308,0.9433333333333334,discard,0.325354
1309,1309,0.9433333333333334,request_rescan,0.326587
1310,1310,0.9433333333333334,discard,0.326912
1311,1311,0.9433333333333334,request_rescan,0.327219
1312,1312,0.9433333333333334,request_rescan,0.327511
1313,1313,0.9433333333333334,discard,0.328723
1314,1314,0.9433333333333334,discard,0.329044
1315,1315,0.9433333333333334,discard,0.329355
1316,1316,0.9433333333333334,discard,0.329647
1317,1317,0.9433333333333334,request_rescan,0.330871
1318,1318,0.9433333333333334,discard,0.331201
1319,1319,0.9433333333333334,discard,0.331506
1320,1320,0.9433333333333334,request_rescan,0.331799
1321,1321,0.9433333333333334,request_rescan,0.332999
1322,1322,0.9433333333333334,discard,0.333332
1323,1323,0.9433333333333334,discard,0.333633
1324,1324,0.9433333333333334,discard,0.333922
1325,1325,0.9433333333333334,discard,0.335124
1326,1326,0.9433333333333334,discard,0.335457
1327,1327,0.9433333333333334,discard,0.335762
1328,1328,0.9433333333333334,discard,0.336055
1329,1329,0.9433333333333334,request_rescan,0.337606
1330,1330,0.9433333333333334,discard,0.337931
1331,1331,0.9433333333333334,discard,0.338239
1332,1332,0.9433333333333334,request_rescan,0.338534
1333,1333,0.9433333333333334,discard,0.339779
1334,1334,0.9433333333333334,request_rescan,0.340213
1335,1335,0.76,discard,0.340587
1336,1336,0.9433333333333334,discard,0.341099
1337,1337,0.76,discard,0.342383
1338,1338,0.9433333333333334,request_rescan,0.342707
1339,1339,0.9433333333333334,request_rescan,0.343009
1340,1340,0.76,discard,0.34331
1341,1341,0.9433333333333334,discard,0.344514
1342,1342,0.9433333333333334,discard,0.344839
1343,1343,0.76,discard,0.345148
1344,1344,0.9433333333333334,discard,0.345453
1345,1345,0.9433333333333334,discard,0.346664
1346,1346,0.9433333333333334,discard,0.346984
1347,1347,0.9433333333333334,request_rescan,0.347299
1348,1348,0.76,discard,0.347615
1349,1349,0.9433333333333334,discard,0.348823
1350,1350,0.9433333333333334,discard,0.349147
1351,1351,0.9433333333333334,request_rescan,0.349463
1352,1352,0.9433333333333334,request_rescan,0.349758
1353,1353,0.9433333333333334,request_rescan,0.350955
1354,1354,0.9433333333333334,discard,0.351287
1355,1355,0.9433333333333334,request_rescan,0.35159
1356,1356,0.76,discard,0.351885
1357,1357,0.9433333333333334,discard,0.353433
1358,1358,0.6633333333333333,log_and_continue,0.353608
1359,1359,0.76,discard,0.353925
1360,1360,0.76,discard,0.354229
1361,1361,0.76,discard,0.355542
1362,1362,0.9433333333333334,request_rescan,0.355894
1363,1363,0.9433333333333334,discard,0.356227
1364,1364,0.9433333333333334,discard,0.356541
1365,1365,0.9433333333333334,request_rescan,0.35867
1366,1366,0.76,request_rescan,0.35887
1367,1367,0.76,discard,0.35922
1368,1368,0.76,discard,0.359538
1369,1369,0.9433333333333334,discard,0.361206
1370,1370,0.9433333333333334,discard,0.361564
1371,1371,0.9433333333333334,request_rescan,0.361882
1372,1372,0.9433333333333334,request_rescan,0.362191
1373,1373,0.9433333333333334,request_rescan,0.363863
1374,1374,0.76,discard,0.364207
1375,1375,0.9433333333333334,request_rescan,0.364523
1376,1376,0.76,discard,0.364835
1377,1377,0.76,discard,0.366477
1378,1378,0.9433333333333334,discard,0.366811
1379,1379,0.9433333333333334,discard,0.36714
1380,1380,0.76,discard,0.36745
1381,1381,0.9433333333333334,request_rescan,0.369041
1382,1382,0.9433333333333334,discard,0.369387
1383,1383,0.9433333333333334,discard,0.369704
1384,1384,0.9433333333333334,request_rescan,0.370228
1385,1385,0.9433333333333334,request_rescan,0.372011
1386,1386,0.9433333333333334,discard,0.372377
1387,1387,0.9433333333333334,discard,0.3727
1388,1388,0.9433333333333334,request_rescan,0.37301
1389,1389,0.9433333333333334,discard,0.374781
1390,1390,0.9433333333333334,discard,0.375153
1391,1391,0.9433333333333334,request_rescan,0.375483
1392,1392,0.9433333333333334,request_rescan,0.375792
1393,1393,0.9433333333333334,request_rescan,0.377533
1394,1394,0.9433333333333334,request_rescan,0.377889
1395,1395,0.9433333333333334,discard,0.37822
1396,1396,0.9433333333333334,request_rescan,0.378533
1397,1397,0.9433333333333334,request_rescan,0.380214
1398,1398,0.6633333333333333,log_and_continue,0.380407
1399,1399,0.9433333333333334,discard,0.380746
1400,1400,0.9433333333333334,request_rescan,0.381059
1401,1401,0.76,request_rescan,0.38263
1402,1402,0.9433333333333334,discard,0.382975
1403,1403,0.76,request_rescan,0.383297
1404,1404,0.76,request_rescan,0.383602
1405,1405,0.9433333333333334,discard,0.385119
1406,1406,0.9433333333333334,request_rescan,0.385468
1407,1407,0.9433333333333334,request_rescan,0.385791
1408,1408,0.9433333333333334,request_rescan,0.386108
1409,1409,0.76,request_rescan,0.38778
1410,1410,0.9433333333333334,request_rescan,0.38812
1411,1411,0.76,request_rescan,0.388436
1412,1412,0.9433333333333334,discard,0.388741
1413,1413,0.9433333333333334,request_rescan,0.390222
1414,1414,0.76,request_rescan,0.390627
1415,1415,0.9433333333333334,request_rescan,0.391002
1416,1416,0.9433333333333334,discard,0.391318
1417,1417,0.9433333333333334,request_rescan,0.392811
1418,1418,0.76,request_rescan,0.393141
1419,1419,0.9433333333333334,request_rescan,0.393456
1420,1420,0.9433333333333334,discard,0.39377
1421,1421,0.76,request_rescan,0.39528
1422,1422,0.9433333333333334,request_rescan,0.395626
1423,1423,0.76,request_rescan,0.395942
1424,1424,0.9433333333333334,discard,0.396258
1425,1425,0.9433333333333334,request_rescan,0.397752
1426,1426,0.76,request_rescan,0.398084
1427,1427,0.9433333333333334,request_rescan,0.39841
1428,1428,0.9433333333333334,discard,0.398711
1429,1429,0.9433333333333334,discard,0.400238
1430,1430,0.76,request_rescan,0.400425
1431,1431,0.9433333333333334,request_rescan,0.40075
1432,1432,0.76,request_rescan,0.401083
1433,1433,0.9433333333333334,request_rescan,0.402642
1434,1434,0.9433333333333334,discard,0.402966
1435,1435,0.9433333333333334,request_rescan,0.40329
1436,1436,0.9433333333333334,request_rescan,0.403588
1437,1437,0.9433333333333334,request_rescan,0.404999
1438,1438,0.9433333333333334,request_rescan,0.405342
1439,1439,0.9433333333333334,request_rescan,0.405652
1440,1440,0.9433333333333334,request_rescan,0.405946
1441,1441,0.76,request_rescan,0.407297
1442,1442,0.76,request_rescan,0.40763
1443,1443,0.76,request_rescan,0.408153
1444,1444,0.9433333333333334,request_rescan,0.408518
1445,1445,0.76,request_rescan,0.40999
1446,1446,0.76,request_rescan,0.410322
1447,1447,0.9433333333333334,discard,0.410624
1448,1448,0.9433333333333334,request_rescan,0.410917
1449,1449,0.9433333333333334,request_rescan,0.412184
1450,1450,0.9433333333333334,request_rescan,0.412507
1451,1451,0.9433333333333334,discard,0.412807
1452,1452,0.9433333333333334,request_rescan,0.413105
1453,1453,0.9433333333333334,request_rescan,0.414332
1454,1454,0.9433333333333334,request_rescan,0.414655
1455,1455,0.9433333333333334,request_rescan,0.414957
1456,1456,0.9433333333333334,request_rescan,0.415256
1457,1457,0.9433333333333334,request_rescan,0.416472
1458,1458,0.9433333333333334,request_rescan,0.416795
1459,1459,0.9433333333333334,request_rescan,0.4171
1460,1460,0.9433333333333334,discard,0.417401
1461,1461,0.9433333333333334,discard,0.418606
1462,1462,0.9433333333333334,request_rescan,0.418919
1463,1463,0.9433333333333334,request_rescan,0.419217
1464,1464,0.9433333333333334,discard,0.419518
1465,1465,0.9433333333333334,request_rescan,0.420886
1466,1466,0.9433333333333334,discard,0.421212
1467,1467,0.9433333333333334,request_rescan,0.421532
1468,1468,0.9433333333333334,discard,0.42183
1469,1469,0.9433333333333334,discard,0.422927
1470,1470,0.9433333333333334,discard,0.423107
1471,1471,0.9433333333333334,discard,0.423541
1472,1472,0.9433333333333334,discard,0.423917
1473,1473,0.76,discard,0.425212
1474,1474,0.9433333333333334,discard,0.425538
1475,1475,0.76,discard,0.425839
1476,1476,0.9433333333333334,discard,0.426137
1477,1477,0.9433333333333334,request_rescan,0.427343
1478,1478,0.76,discard,0.427667
1479,1479,0.76,discard,0.427969
1480,1480,0.76,discard,0.428266
1481,1481,0.76,discard,0.429481
1482,1482,0.9433333333333334,discard,0.42981
1483,1483,0.9433333333333334,discard,0.430121
1484,1484,0.76,discard,0.43042
1485,1485,0.9433333333333334,discard,0.431632
1486,1486,0.76,discard,0.431957
1487,1487,0.9433333333333334,request_rescan,0.43227
1488,1488,0.9433333333333334,discard,0.432569
1489,1489,0.76,discard,0.433766
1490,1490,0.9433333333333334,request_rescan,0.434087
1491,1491,0.9433333333333334,discard,0.434391
1492,1492,0.9433333333333334,discard,0.434678
1493,1493,0.9433333333333334,discard,0.435867
1494,1494,0.9433333333333334,discard,0.436196
1495,1495,0.9433333333333334,discard,0.436498
1496,1496,0.9433333333333334,discard,0.43694
1497,1497,0.9433333333333334,discard,0.438221
1498,1498,0.9433333333333334,discard,0.438545
1499,1499,0.9433333333333334,discard,0.438851
1500,1500,0.9433333333333334,discard,0.439149
1501,1501,0.9433333333333334,request_rescan,0.440607
1502,1502,0.9433333333333334,discard,0.441
1503,1503,0.9433333333333334,request_rescan,0.441369
1504,1504,0.9433333333333334,request_rescan,0.441657
1505,1505,0.9433333333333334,request_rescan,0.442922
1506,1506,0.9433333333333334,discard,0.443249
1507,1507,0.9433333333333334,discard,0.443553
1508,1508,0.76,discard,0.443846
1509,1509,0.9433333333333334,discard,0.445072
1510,1510,0.9433333333333334,discard,0.445413
1511,1511,0.9433333333333334,request_rescan,0.445717
1512,1512,0.9433333333333334,discard,0.446013
1513,1513,0.9433333333333334,discard,0.447244
1514,1514,0.9433333333333334,request_rescan,0.44757
1515,1515,0.9433333333333334,discard,0.447872
1516,1516,0.9433333333333334,request_rescan,0.448169
1517,1517,0.9433333333333334,request_rescan,0.449374
1518,1518,0.9433333333333334,request_rescan,0.449699
1519,1519,0.9433333333333334,discard,0.450002
1520,1520,0.9433333333333334,request_rescan,0.450302
1521,1521,0.6633333333333333,log_and_continue,0.451384
1522,1522,0.9433333333333334,request_rescan,0.451728
1523,1523,0.9433333333333334,discard,0.452036
1524,1524,0.9433333333333334,request_rescan,0.452339
1525,1525,0.9433333333333334,discard,0.453799
1526,1526,0.9433333333333334,request_rescan,0.453973
1527,1527,0.9433333333333334,discard,0.454297
1528,1528,0.9433333333333334,request_rescan,0.454598
1529,1529,0.9433333333333334,discard,0.455811
1530,1530,0.9433333333333334,request_rescan,0.456141
1531,1531,0.9433333333333334,request_rescan,0.456448
1532,1532,0.9433333333333334,discard,0.45684
1533,1533,0.9433333333333334,request_rescan,0.458149
1534,1534,0.9433333333333334,request_rescan,0.458478
1535,1535,0.9433333333333334,discard,0.45878
1536,1536,0.9433333333333334,request_rescan,0.459072
1537,1537,0.9433333333333334,request_rescan,0.460282
1538,1538,0.9433333333333334,discard,0.460604
1539,1539,0.9433333333333334,discard,0.460902
1540,1540,0.9433333333333334,request_rescan,0.461202
1541,1541,0.9433333333333334,discard,0.46241
1542,1542,0.9433333333333334,discard,0.462743
1543,1543,0.9433333333333334,discard,0.463048
1544,1544,0.9433333333333334,request_rescan,0.463352
1545,1545,0.9433333333333334,discard,0.464557
1546,1546,0.9433333333333334,discard,0.464885
1547,1547,0.9433333333333334,request_rescan,0.465193
1548,1548,0.9433333333333334,request_rescan,0.465493
1549,1549,0.9433333333333334,discard,0.466689
1550,1550,0.9433333333333334,discard,0.467011
1551,1551,0.9433333333333334,discard,0.467326
1552,1552,0.9433333333333334,discard,0.46762
1553,1553,0.9433333333333334,discard,0.468817
1554,1554,0.9433333333333334,request_rescan,0.469138
1555,1555,0.9433333333333334,discard,0.469442
1556,1556,0.9433333333333334,request_rescan,0.469738
1557,1557,0.76,request_rescan,0.471085
1558,1558,0.9433333333333334,discard,0.471429
1559,1559,0.9433333333333334,discard,0.471734
1560,1560,0.9433333333333334,discard,0.472035
1561,1561,0.9433333333333334,discard,0.473294
1562,1562,0.9433333333333334,discard,0.473802
1563,1563,0.9433333333333334,discard,0.474186
1564,1564,0.9433333333333334,request_rescan,0.474643
1565,1565,0.9433333333333334,discard,0.475907
1566,1566,0.9433333333333334,discard,0.476241
1567,1567,0.9433333333333334,request_rescan,0.476548
1568,1568,0.9433333333333334,request_rescan,0.476842
1569,1569,0.9433333333333334,discard,0.478045
1570,1570,0.9433333333333334,discard,0.478374
1571,1571,0.9433333333333334,discard,0.478674
1572,1572,0.9433333333333334,discard,0.478968
1573,1573,0.9433333333333334,discard,0.480193
1574,1574,0.9433333333333334,discard,0.480517
1575,1575,0.9433333333333334,discard,0.480818
1576,1576,0.9433333333333334,discard,0.481113
1577,1577,0.76,log_and_continue,0.482201
1578,1578,0.9433333333333334,discard,0.482541
1579,1579,0.9433333333333334,discard,0.482849
1580,1580,0.9433333333333334,request_rescan,0.483149
1581,1581,0.9433333333333334,request_rescan,0.484351
1582,1582,0.9433333333333334,discard,0.484677
1583,1583,0.9433333333333334,request_rescan,0.48498
1584,1584,0.9433333333333334,request_rescan,0.485278
1585,1585,0.9433333333333334,request_rescan,0.486508
1586,1586,0.76,request_rescan,0.486961
1587,1587,0.9433333333333334,request_rescan,0.487275
1588,1588,0.9433333333333334,discard,0.487576
1589,1589,0.9433333333333334,request_rescan,0.488808
1590,1590,0.9433333333333334,request_rescan,0.489144
1591,1591,0.76,request_rescan,0.489453
1592,1592,0.9433333333333334,discard,0.489749
1593,1593,0.9433333333333334,request_rescan,0.491309
1594,1594,0.76,request_rescan,0.491632
1595,1595,0.9433333333333334,request_rescan,0.491931
1596,1596,0.9433333333333334,discard,0.492227
1597,1597,0.9433333333333334,request_rescan,0.493472
1598,1598,0.9433333333333334,request_rescan,0.493797
1599,1599,0.9433333333333334,request_rescan,0.494106
1600,1600,0.76,request_rescan,0.494402
1601,1601,0.9433333333333334,request_rescan,0.495623
1602,1602,0.9433333333333334,request_rescan,0.495943
1603,1603,0.9433333333333334,request_rescan,0.496247
1604,1604,0.9433333333333334,discard,0.496538
1605,1605,0.6633333333333333,log_and_continue,0.497641
1606,1606,0.9433333333333334,request_rescan,0.497976
1607,1607,0.9433333333333334,request_rescan,0.498292
1608,1608,0.9433333333333334,discard,0.498588
1609,1609,0.9433333333333334,request_rescan,0.499787
1610,1610,0.9433333333333334,discard,0.500115
1611,1611,0.9433333333333334,request_rescan,0.500423
1612,1612,0.9433333333333334,request_rescan,0.500716
1613,1613,0.76,log_and_continue,0.501794
1614,1614,0.9433333333333334,request_rescan,0.502137
1615,1615,0.9433333333333334,request_rescan,0.502453
1616,1616,0.9433333333333334,discard,0.502761
1617,1617,0.9433333333333334,discard,0.504284
1618,1618,0.76,discard,0.504461
1619,1619,0.9433333333333334,discard,0.504776
1620,1620,0.9433333333333334,discard,0.505078
1621,1621,0.9433333333333334,request_rescan,0.506346
1622,1622,0.9433333333333334,discard,0.506757
1623,1623,0.9433333333333334,request_rescan,0.507233
1624,1624,0.9433333333333334,discard,0.507677
1625,1625,0.6633333333333333,log_and_continue,0.508802
1626,1626,0.9433333333333334,request_rescan,0.509143
1627,1627,0.9433333333333334,request_rescan,0.509452
1628,1628,0.9433333333333334,request_rescan,0.509746
1629,1629,0.76,discard,0.510829
1630,1630,0.9433333333333334,request_rescan,0.511173
1631,1631,0.9433333333333334,discard,0.511483
1632,1632,0.9433333333333334,discard,0.511776
1633,1633,0.9433333333333334,discard,0.512979
1634,1634,0.9433333333333334,discard,0.513314
1635,1635,0.9433333333333334,request_rescan,0.513619
1636,1636,0.9433333333333334,request_rescan,0.513912
1637,1637,0.9433333333333334,discard,0.515127
1638,1638,0.9433333333333334,discard,0.515459
1639,1639,0.9433333333333334,request_rescan,0.515767
1640,1640,0.9433333333333334,discard,0.516061
1641,1641,0.9433333333333334,discard,0.517273
1642,1642,0.9433333333333334,discard,0.517603
1643,1643,0.9433333333333334,discard,0.517911
1644,1644,0.9433333333333334,discard,0.518208
1645,1645,0.9433333333333334,discard,0.519436
1646,1646,0.9433333333333334,discard,0.520018
1647,1647,0.9433333333333334,discard,0.520332
1648,1648,0.9433333333333334,request_rescan,0.520629
1649,1649,0.9433333333333334,request_rescan,0.521879
1650,1650,0.9433333333333334,discard,0.522208
1651,1651,0.9433333333333334,request_rescan,0.522514
1652,1652,0.9433333333333334,request_rescan,0.522808
1653,1653,0.9433333333333334,request_rescan,0.524285
1654,1654,0.9433333333333334,request_rescan,0.524679
1655,1655,0.9433333333333334,discard,0.52498
1656,1656,0.9433333333333334,request_rescan,0.525284
1657,1657,0.9433333333333334,discard,0.526525
1658,1658,0.9433333333333334,request_rescan,0.526841
1659,1659,0.9433333333333334,request_rescan,0.527019
1660,1660,0.9433333333333334,discard,0.527342
1661,1661,0.9433333333333334,request_rescan,0.528551
1662,1662,0.9433333333333334,request_rescan,0.528879
1663,1663,0.9433333333333334,request_rescan,0.529188
1664,1664,0.9433333333333334,request_rescan,0.529486
1665,1665,0.9433333333333334,request_rescan,0.53068
1666,1666,0.76,log_and_continue,0.53085
1667,1667,0.9433333333333334,discard,0.531183
1668,1668,0.9433333333333334,request_rescan,0.531489
1669,1669,0.9433333333333334,discard,0.532722
1670,1670,0.9433333333333334,request_rescan,0.533047
1671,1671,0.9433333333333334,request_rescan,0.533357
1672,1672,0.9433333333333334,discard,0.533649
1673,1673,0.9433333333333334,discard,0.534857
1674,1674,0.9433333333333334,request_rescan,0.53519
1675,1675,0.76,discard,0.535355
1676,1676,0.9433333333333334,discard,0.53566
1677,1677,0.9433333333333334,request_rescan,0.537146
1678,1678,0.9433333333333334,request_rescan,0.53747
1679,1679,0.9433333333333334,request_rescan,0.537785
1680,1680,0.9433333333333334,request_rescan,0.538084
1681,1681,0.9433333333333334,request_rescan,0.539295
1682,1682,0.9433333333333334,request_rescan,0.539624
1683,1683,0.9433333333333334,request_rescan,0.539927
1684,1684,0.9433333333333334,request_rescan,0.540306
1685,1685,0.9433333333333334,request_rescan,0.541767
1686,1686,0.9433333333333334,discard,0.542086
1687,1687,0.9433333333333334,discard,0.542407
1688,1688,0.9433333333333334,discard,0.542708
1689,1689,0.9433333333333334,request_rescan,0.543937
1690,1690,0.9433333333333334,request_rescan,0.544276
1691,1691,0.9433333333333334,discard,0.544586
1692,1692,0.9433333333333334,discard,0.544879
1693,1693,0.9433333333333334,request_rescan,0.546104
1694,1694,0.9433333333333334,discard,0.546437
1695,1695,0.9433333333333334,request_rescan,0.546739
1696,1696,0.9433333333333334,request_rescan,0.547044
1697,1697,0.9433333333333334,discard,0.548283
1698,1698,0.9433333333333334,request_rescan,0.548611
1699,1699,0.76,request_rescan,0.548919
1700,1700,0.76,request_rescan,0.549224
1701,1701,0.76,request_rescan,0.550449
1702,1702,0.9433333333333334,discard,0.550786
1703,1703,0.9433333333333334,request_rescan,0.551095
1704,1704,0.9433333333333334,request_rescan,0.551396
1705,1705,0.9433333333333334,request_rescan,0.552678
1706,1706,0.9433333333333334,discard,0.553003
1707,1707,0.9433333333333334,request_rescan,0.553314
1708,1708,0.76,request_rescan,0.553773
1709,1709,0.76,request_rescan,0.555084
1710,1710,0.76,request_rescan,0.555408
1711,1711,0.9433333333333334,request_rescan,0.555707
1712,1712,0.9433333333333334,request_rescan,0.555998
1713,1713,0.9433333333333334,request_rescan,0.557411
1714,1714,0.9433333333333334,request_rescan,0.557972
1715,1715,0.9433333333333334,discard,0.558342
1716,1716,0.9433333333333334,request_rescan,0.558634
1717,1717,0.9433333333333334,request_rescan,0.559861
1718,1718,0.9433333333333334,discard,0.560191
1719,1719,0.9433333333333334,request_rescan,0.56051
1720,1720,0.6633333333333333,log_and_continue,0.560675
1721,1721,0.9433333333333334,request_rescan,0.561879
1722,1722,0.9433333333333334,request_rescan,0.562208
1723,1723,0.9433333333333334,request_rescan,0.562514
1724,1724,0.9433333333333334,request_rescan,0.562807
1725,1725,0.9433333333333334,discard,0.564036
1726,1726,0.9433333333333334,discard,0.56438
1727,1727,0.9433333333333334,discard,0.564681
1728,1728,0.9433333333333334,discard,0.564973
1729,1729,0.9433333333333334,discard,0.566179
1730,1730,0.9433333333333334,request_rescan,0.566503
1731,1731,0.9433333333333334,request_rescan,0.566803
1732,1732,0.9433333333333334,discard,0.567097
1733,1733,0.9433333333333334,discard,0.568305
1734,1734,0.9433333333333334,discard,0.568628
1735,1735,0.9433333333333334,request_rescan,0.568929
1736,1736,0.9433333333333334,discard,0.569254
1737,1737,0.9433333333333334,request_rescan,0.570637
1738,1738,0.9433333333333334,request_rescan,0.570973
1739,1739,0.9433333333333334,request_rescan,0.571296
1740,1740,0.9433333333333334,discard,0.571588
1741,1741,0.9433333333333334,request_rescan,0.572811
1742,1742,0.9433333333333334,request_rescan,0.573139
1743,1743,0.9433333333333334,discard,0.573511
1744,1744,0.9433333333333334,request_rescan,0.573974
1745,1745,0.9433333333333334,discard,0.575312
1746,1746,0.9433333333333334,discard,0.575639
1747,1747,0.9433333333333334,request_rescan,0.575941
1748,1748,0.9433333333333334,request_rescan,0.576241
1749,1749,0.9433333333333334,request_rescan,0.577501
1750,1750,0.9433333333333334,request_rescan,0.577824
1751,1751,0.9433333333333334,request_rescan,0.578131
1752,1752,0.9433333333333334,request_rescan,0.578425
1753,1753,0.9433333333333334,discard,0.579647
1754,1754,0.9433333333333334,request_rescan,0.579971
1755,1755,0.9433333333333334,request_rescan,0.580296
1756,1756,0.9433333333333334,request_rescan,0.580592
1757,1757,0.9433333333333334,discard,0.581797
1758,1758,0.6633333333333333,log_and_continue,0.581972
1759,1759,0.9433333333333334,request_rescan,0.582291
1760,1760,0.9433333333333334,request_rescan,0.58259
1761,1761,0.9433333333333334,request_rescan,0.583808
1762,1762,0.9433333333333334,discard,0.58413
1763,1763,0.9433333333333334,request_rescan,0.584444
1764,1764,0.9433333333333334,discard,0.584745
1765,1765,0.9433333333333334,request_rescan,0.585979
1766,1766,0.9433333333333334,discard,0.58633
1767,1767,0.9433333333333334,request_rescan,0.586876
1768,1768,0.9433333333333334,discard,0.587242
1769,1769,0.9433333333333334,request_rescan,0.588515
1770,1770,0.9433333333333334,request_rescan,0.588841
1771,1771,0.9433333333333334,request_rescan,0.589151
1772,1772,0.9433333333333334,request_rescan,0.589449
1773,1773,0.9433333333333334,request_rescan,0.590732
1774,1774,0.9433333333333334,discard,0.591128
1775,1775,0.9433333333333334,request_rescan,0.591442
1776,1776,0.9433333333333334,discard,0.591736
1777,1777,0.9433333333333334,request_rescan,0.592953
1778,1778,0.9433333333333334,request_rescan,0.593286
1779,1779,0.9433333333333334,request_rescan,0.593588
1780,1780,0.9433333333333334,request_rescan,0.593878
1781,1781,0.9433333333333334,request_rescan,0.595102
1782,1782,0.9433333333333334,request_rescan,0.595433
1783,1783,0.9433333333333334,request_rescan,0.595739
1784,1784,0.9433333333333334,discard,0.596031
1785,1785,0.9433333333333334,discard,0.597281
1786,1786,0.9433333333333334,request_rescan,0.597611
1787,1787,0.9433333333333334,discard,0.597915
1788,1788,0.9433333333333334,discard,0.598214
1789,1789,0.9433333333333334,discard,0.599441
1790,1790,0.9433333333333334,request_rescan,0.599769
1791,1791,0.9433333333333334,request_rescan,0.600071
1792,1792,0.9433333333333334,request_rescan,0.600381
1793,1793,0.9433333333333334,request_rescan,0.601588
1794,1794,0.9433333333333334,request_rescan,0.601918
1795,1795,0.9433333333333334,request_rescan,0.602234
1796,1796,0.9433333333333334,request_rescan,0.602533
1797,1797,0.9433333333333334,request_rescan,0.603803
1798,1798,0.9433333333333334,request_rescan,0.604138
1799,1799,0.9433333333333334,discard,0.604459
1800,1800,0.9433333333333334,discard,0.604752
1801,1801,0.9433333333333334,request_rescan,0.605997
1802,1802,0.9433333333333334,discard,0.60635
1803,1803,0.9433333333333334,discard,0.606653
1804,1804,0.9433333333333334,discard,0.607141
1805,1805,0.9433333333333334,request_rescan,0.608538
1806,1806,0.9433333333333334,request_rescan,0.60888
1807,1807,0.9433333333333334,discard,0.609191
1808,1808,0.9433333333333334,discard,0.609487
1809,1809,0.76,discard,0.610691
1810,1810,0.9433333333333334,request_rescan,0.611017
1811,1811,0.76,discard,0.611325
1812,1812,0.9433333333333334,discard,0.611619
1813,1813,0.9433333333333334,request_rescan,0.612815
1814,1814,0.9433333333333334,discard,0.613144
1815,1815,0.9433333333333334,discard,0.61345
1816,1816,0.9433333333333334,request_rescan,0.613743
1817,1817,0.9433333333333334,discard,0.614944
1818,1818,0.9433333333333334,discard,0.615276
1819,1819,0.9433333333333334,request_rescan,0.61558
1820,1820,0.9433333333333334,discard,0.615871
1821,1821,0.9433333333333334,discard,0.617074
1822,1822,0.9433333333333334,request_rescan,0.617406
1823,1823,0.9433333333333334,discard,0.617708
1824,1824,0.9433333333333334,request_rescan,0.617999
1825,1825,0.9433333333333334,request_rescan,0.619213
1826,1826,0.9433333333333334,discard,0.619555
1827,1827,0.9433333333333334,discard,0.61986
1828,1828,0.9433333333333334,request_rescan,0.620354
1829,1829,0.9433333333333334,discard,0.62171
1830,1830,0.9433333333333334,discard,0.622038
1831,1831,0.9433333333333334,discard,0.62235
1832,1832,0.76,request_rescan,0.622517
1833,1833,0.9433333333333334,request_rescan,0.623961
1834,1834,0.9433333333333334,request_rescan,0.624488
1835,1835,0.9433333333333334,discard,0.624792
1836,1836,0.9433333333333334,request_rescan,0.625087
1837,1837,0.9433333333333334,discard,0.626368
1838,1838,0.9433333333333334,request_rescan,0.626688
1839,1839,0.9433333333333334,discard,0.626987
1840,1840,0.9433333333333334,request_rescan,0.627289
1841,1841,0.9433333333333334,discard,0.628517
1842,1842,0.9433333333333334,discard,0.628831
1843,1843,0.9433333333333334,discard,0.629137
1844,1844,0.9433333333333334,discard,0.629458
1845,1845,0.9433333333333334,request_rescan,0.63067
1846,1846,0.9433333333333334,request_rescan,0.631
1847,1847,0.9433333333333334,request_rescan,0.631309
1848,1848,0.9433333333333334,discard,0.631602
1849,1849,0.9433333333333334,discard,0.632806
1850,1850,0.9433333333333334,request_rescan,0.633137
1851,1851,0.9433333333333334,discard,0.633451
1852,1852,0.9433333333333334,discard,0.633749
1853,1853,0.9433333333333334,discard,0.634957
1854,1854,0.9433333333333334,request_rescan,0.635279
1855,1855,0.9433333333333334,request_rescan,0.635589
1856,1856,0.9433333333333334,request_rescan,0.635907
1857,1857,0.9433333333333334,discard,0.63717
1858,1858,0.9433333333333334,request_rescan,0.637494
1859,1859,0.9433333333333334,discard,0.637798
1860,1860,0.9433333333333334,request_rescan,0.6381
1861,1861,0.9433333333333334,discard,0.639319
1862,1862,0.9433333333333334,discard,0.639646
1863,1863,0.9433333333333334,discard,0.63995
1864,1864,0.9433333333333334,discard,0.640316
1865,1865,0.9433333333333334,request_rescan,0.641579
1866,1866,0.9433333333333334,request_rescan,0.641905
1867,1867,0.9433333333333334,discard,0.642211
1868,1868,0.9433333333333334,discard,0.642504
1869,1869,0.76,log_and_continue,0.64359
1870,1870,0.9433333333333334,discard,0.643927
1871,1871,0.9433333333333334,request_rescan,0.644246
1872,1872,0.9433333333333334,discard,0.644544
1873,1873,0.9433333333333334,discard,0.645752
1874,1874,0.9433333333333334,discard,0.646079
1875,1875,0.76,discard,0.646393
1876,1876,0.9433333333333334,discard,0.646693
1877,1877,0.76,discard,0.647893
1878,1878,0.9433333333333334,discard,0.648227
1879,1879,0.9433333333333334,discard,0.648536
1880,1880,0.9433333333333334,discard,0.648829
1881,1881,0.76,discard,0.650027
1882,1882,0.9433333333333334,request_rescan,0.650364
1883,1883,0.9433333333333334,discard,0.650674
1884,1884,0.9433333333333334,discard,0.65097
1885,1885,0.9433333333333334,discard,0.652194
1886,1886,0.9433333333333334,discard,0.652529
1887,1887,0.76,discard,0.652839
1888,1888,0.76,discard,0.653142
1889,1889,0.9433333333333334,discard,0.654633
1890,1890,0.9433333333333334,discard,0.654956
1891,1891,0.9433333333333334,discard,0.655266
1892,1892,0.9433333333333334,request_rescan,0.655562
1893,1893,0.76,request_rescan,0.656673
1894,1894,0.76,request_rescan,0.656841
1895,1895,0.76,discard,0.657304
1896,1896,0.9433333333333334,request_rescan,0.657617
1897,1897,0.76,discard,0.658898
1898,1898,0.9433333333333334,request_rescan,0.65923
1899,1899,0.9433333333333334,request_rescan,0.659534
1900,1900,0.9433333333333334,discard,0.659824
1901,1901,0.9433333333333334,discard,0.661059
1902,1902,0.9433333333333334,request_rescan,0.661397
1903,1903,0.9433333333333334,discard,0.661703
1904,1904,0.9433333333333334,discard,0.661997
1905,1905,0.9433333333333334,request_rescan,0.663207
1906,1906,0.9433333333333334,discard,0.663535
1907,1907,0.9433333333333334,request_rescan,0.663835
1908,1908,0.9433333333333334,discard,0.664136
1909,1909,0.9433333333333334,request_rescan,0.665334
1910,1910,0.9433333333333334,request_rescan,0.665654
1911,1911,0.9433333333333334,discard,0.665954
1912,1912,0.9433333333333334,discard,0.666248
1913,1913,0.9433333333333334,request_rescan,0.667459
1914,1914,0.9433333333333334,discard,0.667785
1915,1915,0.9433333333333334,request_rescan,0.668086
1916,1916,0.9433333333333334,request_rescan,0.668386
1917,1917,0.9433333333333334,discard,0.669592
1918,1918,0.9433333333333334,request_rescan,0.670084
1919,1919,0.9433333333333334,request_rescan,0.67055
1920,1920,0.9433333333333334,discard,0.670842
1921,1921,0.9433333333333334,request_rescan,0.672063
1922,1922,0.9433333333333334,request_rescan,0.672397
1923,1923,0.9433333333333334,discard,0.672696
1924,1924,0.9433333333333334,discard,0.672988
1925,1925,0.9433333333333334,request_rescan,0.674338
1926,1926,0.9433333333333334,discard,0.674732
1927,1927,0.9433333333333334,request_rescan,0.675039
1928,1928,0.9433333333333334,discard,0.675371
1929,1929,0.9433333333333334,discard,0.676623
1930,1930,0.9433333333333334,discard,0.676957
1931,1931,0.76,log_and_continue,0.677128
1932,1932,0.9433333333333334,request_rescan,0.677434
1933,1933,0.9433333333333334,request_rescan,0.678649
1934,1934,0.9433333333333334,request_rescan,0.678968
1935,1935,0.9433333333333334,discard,0.679274
1936,1936,0.9433333333333334,discard,0.67959
1937,1937,0.9433333333333334,discard,0.680808
1938,1938,0.9433333333333334,discard,0.68114
1939,1939,0.9433333333333334,request_rescan,0.681457
1940,1940,0.9433333333333334,discard,0.681763
1941,1941,0.9433333333333334,request_rescan,0.68298
1942,1942,0.9433333333333334,discard,0.683317
1943,1943,0.76,discard,0.683484
1944,1944,0.9433333333333334,request_rescan,0.683786
1945,1945,0.9433333333333334,request_rescan,0.684989
1946,1946,0.9433333333333334,request_rescan,0.685322
1947,1947,0.9433333333333334,request_rescan,0.685623
1948,1948,0.9433333333333334,discard,0.685916
1949,1949,0.9433333333333334,discard,0.687147
1950,1950,0.9433333333333334,discard,0.687626
1951,1951,0.9433333333333334,request_rescan,0.687942
1952,1952,0.9433333333333334,request_rescan,0.688257
1953,1953,0.9433333333333334,discard,0.689531
1954,1954,0.9433333333333334,request_rescan,0.689706
1955,1955,0.9433333333333334,request_rescan,0.690028
1956,1956,0.9433333333333334,request_rescan,0.690522
1957,1957,0.9433333333333334,discard,0.691889
1958,1958,0.9433333333333334,discard,0.692223
1959,1959,0.9433333333333334,request_rescan,0.692532
1960,1960,0.9433333333333334,discard,0.692827
1961,1961,0.9433333333333334,request_rescan,0.694035
1962,1962,0.9433333333333334,request_rescan,0.69437
1963,1963,0.9433333333333334,request_rescan,0.694677
1964,1964,0.76,discard,0.694841
1965,1965,0.9433333333333334,discard,0.696048
1966,1966,0.9433333333333334,request_rescan,0.696383
1967,1967,0.9433333333333334,discard,0.696689
1968,1968,0.9433333333333334,discard,0.696986
1969,1969,0.9433333333333334,discard,0.69819
1970,1970,0.9433333333333334,discard,0.698513
1971,1971,0.9433333333333334,discard,0.698814
1972,1972,0.9433333333333334,discard,0.699118
1973,1973,0.9433333333333334,discard,0.700347
1974,1974,0.9433333333333334,discard,0.70066
1975,1975,0.9433333333333334,request_rescan,0.700958
1976,1976,0.9433333333333334,discard,0.70126
1977,1977,0.9433333333333334,discard,0.702489
1978,1978,0.9433333333333334,discard,0.702804
1979,1979,0.9433333333333334,request_rescan,0.703323
1980,1980,0.9433333333333334,discard,0.703639
1981,1981,0.9433333333333334,discard,0.704865
1982,1982,0.9433333333333334,discard,0.705189
1983,1983,0.9433333333333334,discard,0.705506
1984,1984,0.9433333333333334,request_rescan,0.705805
1985,1985,0.9433333333333334,discard,0.70713
1986,1986,0.76,discard,0.707535
1987,1987,0.6633333333333333,log_and_continue,0.707706
1988,1988,0.76,discard,0.708084
1989,1989,0.9433333333333334,discard,0.709303
1990,1990,0.76,discard,0.709631
1991,1991,0.9433333333333334,discard,0.709932
1992,1992,0.9433333333333334,request_rescan,0.71023
1993,1993,0.9433333333333334,discard,0.711437
1994,1994,0.76,discard,0.711763
1995,1995,0.9433333333333334,request_rescan,0.712064
1996,1996,0.9433333333333334,discard,0.712364
1997,1997,0.9433333333333334,discard,0.713568
1998,1998,0.76,discard,0.71375
1999,1999,0.9433333333333334,discard,0.714074
2000,2000,0.9433333333333334,request_rescan,0.71439
2001,2001,0.9433333333333334,discard,0.715701
2002,2002,0.9433333333333334,discard,0.716024
2003,2003,0.76,discard,0.716333
2004,2004,0.9433333333333334,discard,0.716628
2005,2005,0.9433333333333334,request_rescan,0.717835
2006,2006,0.9433333333333334,discard,0.71817
2007,2007,0.9433333333333334,discard,0.71848
2008,2008,0.9433333333333334,request_rescan,0.718798
2009,2009,0.9433333333333334,request_rescan,0.720041
2010,2010,0.9433333333333334,request_rescan,0.720376
2011,2011,0.9433333333333334,request_rescan,0.720704
2012,2012,0.9433333333333334,discard,0.721015
2013,2013,0.9433333333333334,request_rescan,0.722223
2014,2014,0.9433333333333334,request_rescan,0.722558
2015,2015,0.9433333333333334,discard,0.722862
2016,2016,0.9433333333333334,discard,0.723161
2017,2017,0.9433333333333334,request_rescan,0.724627
2018,2018,0.6633333333333333,log_and_continue,0.724803
2019,2019,0.9433333333333334,request_rescan,0.725125
2020,2020,0.9433333333333334,request_rescan,0.725429
2021,2021,0.9433333333333334,discard,0.726645
2022,2022,0.76,discard,0.726822
2023,2023,0.9433333333333334,discard,0.727152
2024,2024,0.9433333333333334,request_rescan,0.727453
2025,2025,0.9433333333333334,discard,0.72865
2026,2026,0.9433333333333334,request_rescan,0.728975
2027,2027,0.9433333333333334,request_rescan,0.729282
2028,2028,0.9433333333333334,discard,0.729577
2029,2029,0.9433333333333334,discard,0.730781
2030,2030,0.9433333333333334,discard,0.73111
2031,2031,0.9433333333333334,request_rescan,0.731418
2032,2032,0.9433333333333334,discard,0.731715
2033,2033,0.9433333333333334,discard,0.732932
2034,2034,0.9433333333333334,discard,0.733274
2035,2035,0.9433333333333334,discard,0.733589
2036,2036,0.9433333333333334,discard,0.733887
2037,2037,0.9433333333333334,request_rescan,0.735112
2038,2038,0.9433333333333334,request_rescan,0.73545
2039,2039,0.9433333333333334,discard,0.735759
2040,2040,0.9433333333333334,discard,0.736058
2041,2041,0.9433333333333334,discard,0.737387
2042,2042,0.9433333333333334,discard,0.737713
2043,2043,0.9433333333333334,discard,0.738014
2044,2044,0.9433333333333334,request_rescan,0.738319
2045,2045,0.9433333333333334,request_rescan,0.73956
2046,2046,0.9433333333333334,discard,0.739877
2047,2047,0.9433333333333334,discard,0.740255
2048,2048,0.9433333333333334,request_rescan,0.74063
2049,2049,0.9433333333333334,request_rescan,0.742073
2050,2050,0.9433333333333334,request_rescan,0.742403
2051,2051,0.9433333333333334,discard,0.742708
2052,2052,0.9433333333333334,discard,0.742872
2053,2053,0.9433333333333334,request_rescan,0.744071
2054,2054,0.9433333333333334,discard,0.744403
2055,2055,0.9433333333333334,discard,0.744704
2056,2056,0.9433333333333334,request_rescan,0.744999
2057,2057,0.9433333333333334,discard,0.746234
2058,2058,0.9433333333333334,discard,0.74656
2059,2059,0.9433333333333334,request_rescan,0.746862
2060,2060,0.9433333333333334,request_rescan,0.747161
2061,2061,0.9433333333333334,discard,0.748396
2062,2062,0.9433333333333334,discard,0.748724
2063,2063,0.9433333333333334,request_rescan,0.749028
2064,2064,0.9433333333333334,request_rescan,0.74933
2065,2065,0.76,log_and_continue,0.750404
2066,2066,0.9433333333333334,request_rescan,0.750737
2067,2067,0.9433333333333334,discard,0.751044
2068,2068,0.9433333333333334,request_rescan,0.75135
2069,2069,0.9433333333333334,request_rescan,0.752889
2070,2070,0.9433333333333334,request_rescan,0.753232
2071,2071,0.9433333333333334,request_rescan,0.753552
2072,2072,0.9433333333333334,discard,0.753853
2073,2073,0.6633333333333333,log_and_continue,0.755012
2074,2074,0.9433333333333334,request_rescan,0.75536
2075,2075,0.9433333333333334,request_rescan,0.755667
2076,2076,0.9433333333333334,discard,0.75596
2077,2077,0.9433333333333334,request_rescan,0.757378
2078,2078,0.9433333333333334,discard,0.757772
2079,2079,0.76,discard,0.757938
2080,2080,0.9433333333333334,request_rescan,0.758092
2081,2081,0.9433333333333334,request_rescan,0.759343
2082,2082,0.9433333333333334,request_rescan,0.759682
2083,2083,0.9433333333333334,request_rescan,0.759995
2084,2084,0.9433333333333334,request_rescan,0.760308
2085,2085,0.9433333333333334,discard,0.761545
2086,2086,0.9433333333333334,request_rescan,0.761868
2087,2087,0.9433333333333334,discard,0.762172
2088,2088,0.9433333333333334,discard,0.76247
2089,2089,0.76,log_and_continue,0.763574
2090,2090,0.9433333333333334,discard,0.76393
2091,2091,0.9433333333333334,request_rescan,0.764246
2092,2092,0.9433333333333334,discard,0.764555
2093,2093,0.9433333333333334,request_rescan,0.765803
2094,2094,0.9433333333333334,discard,0.766142
2095,2095,0.9433333333333334,request_rescan,0.766461
2096,2096,0.9433333333333334,request_rescan,0.766768
2097,2097,0.9433333333333334,discard,0.767991
2098,2098,0.9433333333333334,discard,0.768328
2099,2099,0.9433333333333334,request_rescan,0.768641
2100,2100,0.9433333333333334,request_rescan,0.768943
2101,2101,0.9433333333333334,request_rescan,0.770293
2102,2102,0.9433333333333334,request_rescan,0.77062
2103,2103,0.6633333333333333,log_and_continue,0.770792
2104,2104,0.9433333333333334,discard,0.771109
2105,2105,0.9433333333333334,discard,0.772383
2106,2106,0.9433333333333334,discard,0.772715
2107,2107,0.76,discard,0.773042
2108,2108,0.9433333333333334,discard,0.773359
2109,2109,0.9433333333333334,discard,0.774893
2110,2110,0.76,discard,0.775234
2111,2111,0.9433333333333334,discard,0.775557
2112,2112,0.9433333333333334,discard,0.775863
2113,2113,0.9433333333333334,discard,0.77718
2114,2114,0.9433333333333334,request_rescan,0.777515
2115,2115,0.76,discard,0.777826
2116,2116,0.9433333333333334,request_rescan,0.778128
2117,2117,0.9433333333333334,request_rescan,0.779388
2118,2118,0.9433333333333334,request_rescan,0.779722
2119,2119,0.9433333333333334,discard,0.780044
2120,2120,0.9433333333333334,discard,0.780359
2121,2121,0.9433333333333334,discard,0.781598
2122,2122,0.76,discard,0.781925
2123,2123,0.76,discard,0.782234
2124,2124,0.9433333333333334,discard,0.782533
2125,2125,0.9433333333333334,request_rescan,0.783772
2126,2126,0.9433333333333334,request_rescan,0.783968
2127,2127,0.9433333333333334,request_rescan,0.784323
2128,2128,0.9433333333333334,request_rescan,0.784636
2129,2129,0.9433333333333334,discard,0.78592
2130,2130,0.9433333333333334,discard,0.786262
2131,2131,0.9433333333333334,request_rescan,0.786729
2132,2132,0.9433333333333334,request_rescan,0.787043
2133,2133,0.9433333333333334,discard,0.788349
2134,2134,0.9433333333333334,request_rescan,0.78867
2135,2135,0.76,request_rescan,0.788845
2136,2136,0.9433333333333334,discard,0.789163
2137,2137,0.9433333333333334,request_rescan,0.790803
2138,2138,0.9433333333333334,discard,0.791219
2139,2139,0.9433333333333334,request_rescan,0.791538
2140,2140,0.9433333333333334,discard,0.791839
2141,2141,0.9433333333333334,request_rescan,0.793063
2142,2142,0.9433333333333334,discard,0.793406
2143,2143,0.9433333333333334,request_rescan,0.793718
2144,2144,0.9433333333333334,discard,0.794022
2145,2145,0.9433333333333334,request_rescan,0.795319
2146,2146,0.9433333333333334,discard,0.795633
2147,2147,0.9433333333333334,discard,0.795929
2148,2148,0.9433333333333334,request_rescan,0.796243
2149,2149,0.9433333333333334,discard,0.797654
2150,2150,0.9433333333333334,request_rescan,0.797964
2151,2151,0.9433333333333334,request_rescan,0.79827
2152,2152,0.9433333333333334,request_rescan,0.798581
2153,2153,0.9433333333333334,discard,0.799978
2154,2154,0.9433333333333334,request_rescan,0.800327
2155,2155,0.9433333333333334,discard,0.800645
2156,2156,0.9433333333333334,discard,0.800963
2157,2157,0.9433333333333334,request_rescan,0.802682
2158,2158,0.9433333333333334,discard,0.80301
2159,2159,0.9433333333333334,discard,0.803327
2160,2160,0.9433333333333334,request_rescan,0.803652
2161,2161,0.9433333333333334,request_rescan,0.805076
2162,2162,0.9433333333333334,request_rescan,0.805401
2163,2163,0.9433333333333334,request_rescan,0.805701
2164,2164,0.9433333333333334,request_rescan,0.806013
2165,2165,0.9433333333333334,discard,0.807592
2166,2166,0.9433333333333334,discard,0.807908
2167,2167,0.9433333333333334,request_rescan,0.808224
2168,2168,0.9433333333333334,request_rescan,0.80853
2169,2169,0.9433333333333334,discard,0.809885
2170,2170,0.9433333333333334,discard,0.810204
2171,2171,0.9433333333333334,discard,0.810503
2172,2172,0.9433333333333334,request_rescan,0.810812
2173,2173,0.9433333333333334,discard,0.812137
2174,2174,0.9433333333333334,discard,0.812457
2175,2175,0.9433333333333334,discard,0.812756
2176,2176,0.9433333333333334,discard,0.813052
2177,2177,0.9433333333333334,discard,0.814431
2178,2178,0.9433333333333334,request_rescan,0.814745
2179,2179,0.9433333333333334,request_rescan,0.815049
2180,2180,0.9433333333333334,discard,0.815359
2181,2181,0.9433333333333334,discard,0.816529
2182,2182,0.9433333333333334,request_rescan,0.816841
2183,2183,0.9433333333333334,request_rescan,0.817152
2184,2184,0.76,log_and_continue,0.817319
2185,2185,0.9433333333333334,discard,0.81846
2186,2186,0.9433333333333334,request_rescan,0.818797
2187,2187,0.9433333333333334,discard,0.81932
2188,2188,0.9433333333333334,discard,0.819619
2189,2189,0.9433333333333334,request_rescan,0.82091
2190,2190,0.9433333333333334,request_rescan,0.821229
2191,2191,0.9433333333333334,request_rescan,0.821526
2192,2192,0.9433333333333334,request_rescan,0.821826
2193,2193,0.9433333333333334,discard,0.823017
2194,2194,0.9433333333333334,discard,0.823435
2195,2195,0.9433333333333334,request_rescan,0.824021
2196,2196,0.9433333333333334,discard,0.824387
2197,2197,0.9433333333333334,discard,0.825586
2198,2198,0.9433333333333334,request_rescan,0.825909
2199,2199,0.9433333333333334,discard,0.826227
2200,2200,0.9433333333333334,discard,0.826522
2201,2201,0.9433333333333334,request_rescan,0.827747
2202,2202,0.9433333333333334,request_rescan,0.828071
2203,2203,0.9433333333333334,request_rescan,0.828376
2204,2204,0.76,discard,0.828541
2205,2205,0.9433333333333334,request_rescan,0.829781
2206,2206,0.9433333333333334,discard,0.830102
2207,2207,0.9433333333333334,discard,0.830406
2208,2208,0.9433333333333334,request_rescan,0.830707
2209,2209,0.9433333333333334,discard,0.832016
2210,2210,0.9433333333333334,discard,0.832338
2211,2211,0.9433333333333334,request_rescan,0.832644
2212,2212,0.9433333333333334,request_rescan,0.832948
2213,2213,0.9433333333333334,request_rescan,0.834245
2214,2214,0.9433333333333334,request_rescan,0.834567
2215,2215,0.9433333333333334,discard,0.834871
2216,2216,0.9433333333333334,request_rescan,0.835186
2217,2217,0.9433333333333334,request_rescan,0.836468
2218,2218,0.9433333333333334,discard,0.836796
2219,2219,0.9433333333333334,discard,0.837127
2220,2220,0.9433333333333334,request_rescan,0.837429
2221,2221,0.9433333333333334,request_rescan,0.838588
2222,2222,0.9433333333333334,discard,0.838905
2223,2223,0.9433333333333334,discard,0.839225
2224,2224,0.9433333333333334,discard,0.839526
2225,2225,0.76,discard,0.84076
2226,2226,0.9433333333333334,request_rescan,0.841171
2227,2227,0.9433333333333334,discard,0.84149
2228,2228,0.9433333333333334,discard,0.841803
2229,2229,0.9433333333333334,discard,0.842903
2230,2230,0.9433333333333334,discard,0.843237
2231,2231,0.9433333333333334,discard,0.843547
2232,2232,0.9433333333333334,discard,0.843859
2233,2233,0.9433333333333334,discard,0.845145
2234,2234,0.9433333333333334,discard,0.845465
2235,2235,0.9433333333333334,discard,0.845774
2236,2236,0.9433333333333334,discard,0.846087
2237,2237,0.9433333333333334,request_rescan,0.847276
2238,2238,0.9433333333333334,request_rescan,0.847597
2239,2239,0.9433333333333334,request_rescan,0.847907
2240,2240,0.9433333333333334,discard,0.848206
2241,2241,0.9433333333333334,request_rescan,0.84936
2242,2242,0.9433333333333334,discard,0.849543
2243,2243,0.9433333333333334,discard,0.849865
2244,2244,0.9433333333333334,discard,0.850169
2245,2245,0.9433333333333334,request_rescan,0.851324
2246,2246,0.9433333333333334,discard,0.851647
2247,2247,0.9433333333333334,request_rescan,0.851947
2248,2248,0.9433333333333334,discard,0.852247
2249,2249,0.9433333333333334,request_rescan,0.85361
2250,2250,0.9433333333333334,discard,0.853794
2251,2251,0.9433333333333334,request_rescan,0.854127
2252,2252,0.9433333333333334,request_rescan,0.854436
2253,2253,0.9433333333333334,discard,0.855578
2254,2254,0.9433333333333334,discard,0.855896
2255,2255,0.9433333333333334,discard,0.856206
2256,2256,0.9433333333333334,request_rescan,0.856504
2257,2257,0.9433333333333334,request_rescan,0.858291
2258,2258,0.9433333333333334,discard,0.858632
2259,2259,0.9433333333333334,request_rescan,0.858945
2260,2260,0.9433333333333334,discard,0.859248
2261,2261,0.9433333333333334,discard,0.860465
2262,2262,0.9433333333333334,discard,0.86081
2263,2263,0.9433333333333334,request_rescan,0.861124
2264,2264,0.9433333333333334,discard,0.861422
2265,2265,0.9433333333333334,discard,0.86256
2266,2266,0.9433333333333334,discard,0.862892
2267,2267,0.9433333333333334,discard,0.8632
2268,2268,0.9433333333333334,discard,0.863504
2269,2269,0.9433333333333334,discard,0.864673
2270,2270,0.76,discard,0.865002
2271,2271,0.9433333333333334,request_rescan,0.865315
2272,2272,0.9433333333333334,discard,0.865614
2273,2273,0.9433333333333334,request_rescan,0.86676
2274,2274,0.9433333333333334,discard,0.867087
2275,2275,0.76,discard,0.867408
2276,2276,0.9433333333333334,discard,0.867577
2277,2277,0.9433333333333334,request_rescan,0.868873
2278,2278,0.9433333333333334,discard,0.869198
2279,2279,0.76,discard,0.869373
2280,2280,0.9433333333333334,request_rescan,0.869826
2281,2281,0.9433333333333334,discard,0.871093
2282,2282,0.76,discard,0.87127
2283,2283,0.9433333333333334,discard,0.871581
2284,2284,0.9433333333333334,request_rescan,0.871897
2285,2285,0.9433333333333334,discard,0.873049
2286,2286,0.9433333333333334,discard,0.873482
2287,2287,0.9433333333333334,discard,0.874113
2288,2288,0.9433333333333334,discard,0.874501
2289,2289,0.9433333333333334,discard,0.875813
2290,2290,0.9433333333333334,discard,0.876132
2291,2291,0.76,discard,0.876443
2292,2292,0.9433333333333334,discard,0.876608
2293,2293,0.9433333333333334,request_rescan,0.877791
2294,2294,0.9433333333333334,discard,0.878107
2295,2295,0.9433333333333334,discard,0.878428
2296,2296,0.9433333333333334,discard,0.878725
2297,2297,0.76,log_and_continue,0.879796
2298,2298,0.9433333333333334,discard,0.880141
2299,2299,0.9433333333333334,discard,0.880478
2300,2300,0.9433333333333334,request_rescan,0.88079
2301,2301,0.9433333333333334,discard,0.882108
2302,2302,0.9433333333333334,request_rescan,0.882427
2303,2303,0.9433333333333334,request_rescan,0.882727
2304,2304,0.9433333333333334,request_rescan,0.883033
2305,2305,0.9433333333333334,discard,0.884404
2306,2306,0.9433333333333334,discard,0.884718
2307,2307,0.9433333333333334,request_rescan,0.885013
2308,2308,0.9433333333333334,discard,0.885321
2309,2309,0.9433333333333334,discard,0.886886
2310,2310,0.9433333333333334,request_rescan,0.88721
2311,2311,0.9433333333333334,request_rescan,0.88752
2312,2312,0.76,log_and_continue,0.887703
2313,2313,0.9433333333333334,discard,0.889104
2314,2314,0.9433333333333334,discard,0.889428
2315,2315,0.9433333333333334,request_rescan,0.889735
2316,2316,0.9433333333333334,request_rescan,0.890175
2317,2317,0.9433333333333334,discard,0.891548
2318,2318,0.9433333333333334,request_rescan,0.891866
2319,2319,0.9433333333333334,request_rescan,0.892183
2320,2320,0.9433333333333334,request_rescan,0.89248
2321,2321,0.9433333333333334,request_rescan,0.893628
2322,2322,0.9433333333333334,discard,0.893951
2323,2323,0.9433333333333334,discard,0.89428
2324,2324,0.9433333333333334,discard,0.894587
2325,2325,0.9433333333333334,discard,0.895736
2326,2326,0.9433333333333334,discard,0.896047
2327,2327,0.9433333333333334,discard,0.896371
2328,2328,0.9433333333333334,discard,0.896674
2329,2329,0.9433333333333334,discard,0.897827
2330,2330,0.9433333333333334,discard,0.898151
2331,2331,0.9433333333333334,discard,0.898466
2332,2332,0.9433333333333334,discard,0.898764
2333,2333,0.9433333333333334,discard,0.899907
2334,2334,0.9433333333333334,discard,0.900228
2335,2335,0.9433333333333334,request_rescan,0.900542
2336,2336,0.9433333333333334,request_rescan,0.900839
2337,2337,0.76,request_rescan,0.90186
2338,2338,0.9433333333333334,discard,0.902202
2339,2339,0.9433333333333334,discard,0.902518
2340,2340,0.9433333333333334,discard,0.903039
2341,2341,0.9433333333333334,request_rescan,0.904322
2342,2342,0.9433333333333334,discard,0.904657
2343,2343,0.9433333333333334,request_rescan,0.904974
2344,2344,0.9433333333333334,discard,0.90528
2345,2345,0.9433333333333334,discard,0.906449
2346,2346,0.9433333333333334,discard,0.906839
2347,2347,0.9433333333333334,request_rescan,0.907233
2348,2348,0.9433333333333334,discard,0.9076
2349,2349,0.9433333333333334,discard,0.908897
2350,2350,0.9433333333333334,discard,0.909219
2351,2351,0.9433333333333334,discard,0.909527
2352,2352,0.9433333333333334,request_rescan,0.909835
2353,2353,0.9433333333333334,discard,0.911024
2354,2354,0.9433333333333334,request_rescan,0.911345
2355,2355,0.9433333333333334,request_rescan,0.911665
2356,2356,0.9433333333333334,discard,0.911969
2357,2357,0.9433333333333334,discard,0.913176
2358,2358,0.6633333333333333,log_and_continue,0.913363
2359,2359,0.9433333333333334,request_rescan,0.913684
2360,2360,0.9433333333333334,discard,0.913981
2361,2361,0.76,log_and_continue,0.915017
2362,2362,0.9433333333333334,discard,0.915359
2363,2363,0.9433333333333334,request_rescan,0.915668
2364,2364,0.9433333333333334,request_rescan,0.915961
2365,2365,0.9433333333333334,request_rescan,0.917124
2366,2366,0.9433333333333334,discard,0.917452
2367,2367,0.9433333333333334,discard,0.917754
2368,2368,0.9433333333333334,request_rescan,0.918041
2369,2369,0.9433333333333334,discard,0.919235
2370,2370,0.9433333333333334,request_rescan,0.919578
2371,2371,0.9433333333333334,discard,0.919891
2372,2372,0.9433333333333334,request_rescan,0.920536
2373,2373,0.9433333333333334,discard,0.921686
2374,2374,0.9433333333333334,discard,0.922012
2375,2375,0.9433333333333334,discard,0.92234
2376,2376,0.9433333333333334,request_rescan,0.92264
2377,2377,0.9433333333333334,request_rescan,0.923964
2378,2378,0.9433333333333334,request_rescan,0.924362
2379,2379,0.9433333333333334,discard,0.924677
2380,2380,0.9433333333333334,request_rescan,0.924975
2381,2381,0.9433333333333334,request_rescan,0.926158
2382,2382,0.9433333333333334,discard,0.92648
2383,2383,0.9433333333333334,request_rescan,0.926797
2384,2384,0.9433333333333334,discard,0.927103
2385,2385,0.9433333333333334,discard,0.928275
2386,2386,0.9433333333333334,request_rescan,0.928601
2387,2387,0.9433333333333334,discard,0.928905
2388,2388,0.9433333333333334,discard,0.929203
2389,2389,0.9433333333333334,request_rescan,0.930338
2390,2390,0.9433333333333334,request_rescan,0.930665
2391,2391,0.9433333333333334,request_rescan,0.93097
2392,2392,0.9433333333333334,request_rescan,0.931271
2393,2393,0.9433333333333334,request_rescan,0.932429
2394,2394,0.9433333333333334,request_rescan,0.932759
2395,2395,0.9433333333333334,request_rescan,0.933064
2396,2396,0.9433333333333334,request_rescan,0.933364
2397,2397,0.9433333333333334,discard,0.934544
2398,2398,0.9433333333333334,discard,0.93487
2399,2399,0.9433333333333334,discard,0.935175
2400,2400,0.9433333333333334,discard,0.935469
2401,2401,0.9433333333333334,discard,0.936846
2402,2402,0.9433333333333334,discard,0.937244
2403,2403,0.9433333333333334,request_rescan,0.937547
2404,2404,0.6633333333333333,log_and_continue,0.937709
2405,2405,0.6633333333333333,log_and_continue,0.938751
2406,2406,0.9433333333333334,request_rescan,0.939097
2407,2407,0.9433333333333334,request_rescan,0.939407
2408,2408,0.9433333333333334,request_rescan,0.9397
2409,2409,0.9433333333333334,request_rescan,0.941105
2410,2410,0.9433333333333334,discard,0.941439
2411,2411,0.9433333333333334,discard,0.941746
2412,2412,0.9433333333333334,discard,0.942042
2413,2413,0.9433333333333334,discard,0.943262
2414,2414,0.9433333333333334,request_rescan,0.943589
2415,2415,0.9433333333333334,request_rescan,0.943893
2416,2416,0.9433333333333334,request_rescan,0.944186
2417,2417,0.9433333333333334,discard,0.945329
2418,2418,0.9433333333333334,discard,0.945657
2419,2419,0.9433333333333334,request_rescan,0.945961
2420,2420,0.9433333333333334,discard,0.946261
2421,2421,0.9433333333333334,request_rescan,0.94742
2422,2422,0.9433333333333334,discard,0.947751
2423,2423,0.9433333333333334,request_rescan,0.948053
2424,2424,0.9433333333333334,discard,0.948352
2425,2425,0.9433333333333334,discard,0.949496
2426,2426,0.9433333333333334,discard,0.949823
2427,2427,0.9433333333333334,request_rescan,0.950132
2428,2428,0.9433333333333334,request_rescan,0.95043
2429,2429,0.9433333333333334,discard,0.951591
2430,2430,0.9433333333333334,discard,0.951919
2431,2431,0.9433333333333334,discard,0.952229
2432,2432,0.9433333333333334,discard,0.952391
2433,2433,0.9433333333333334,discard,0.95383
2434,2434,0.9433333333333334,request_rescan,0.954164
2435,2435,0.9433333333333334,request_rescan,0.95447
2436,2436,0.9433333333333334,request_rescan,0.954765
2437,2437,0.9433333333333334,discard,0.956037
2438,2438,0.9433333333333334,request_rescan,0.956386
2439,2439,0.9433333333333334,request_rescan,0.95683
2440,2440,0.9433333333333334,discard,0.957237
2441,2441,0.9433333333333334,discard,0.958593
2442,2442,0.9433333333333334,request_rescan,0.95892
2443,2443,0.9433333333333334,discard,0.959236
2444,2444,0.9433333333333334,discard,0.959536
2445,2445,0.9433333333333334,request_rescan,0.960777
2446,2446,0.9433333333333334,request_rescan,0.961108
2447,2447,0.9433333333333334,request_rescan,0.961414
2448,2448,0.9433333333333334,discard,0.961711
2449,2449,0.9433333333333334,discard,0.96293
2450,2450,0.9433333333333334,request_rescan,0.963264
2451,2451,0.9433333333333334,request_rescan,0.963577
2452,2452,0.9433333333333334,request_rescan,0.96388
2453,2453,0.9433333333333334,request_rescan,0.965109
2454,2454,0.9433333333333334,discard,0.965434
2455,2455,0.9433333333333334,discard,0.965737
2456,2456,0.9433333333333334,request_rescan,0.966033
2457,2457,0.9433333333333334,discard,0.967257
2458,2458,0.9433333333333334,request_rescan,0.967574
2459,2459,0.9433333333333334,discard,0.967877
2460,2460,0.9433333333333334,discard,0.968195
2461,2461,0.9433333333333334,request_rescan,0.969415
2462,2462,0.76,discard,0.969597
2463,2463,0.9433333333333334,request_rescan,0.970117
2464,2464,0.9433333333333334,discard,0.970419
2465,2465,0.9433333333333334,discard,0.971639
2466,2466,0.9433333333333334,discard,0.971964
2467,2467,0.9433333333333334,request_rescan,0.972277
2468,2468,0.9433333333333334,discard,0.972579
2469,2469,0.9433333333333334,discard,0.973938
2470,2470,0.9433333333333334,request_rescan,0.97435
2471,2471,0.9433333333333334,discard,0.974657
2472,2472,0.9433333333333334,discard,0.97495
2473,2473,0.9433333333333334,discard,0.976178
2474,2474,0.9433333333333334,request_rescan,0.976508
2475,2475,0.9433333333333334,request_rescan,0.976812
2476,2476,0.9433333333333334,request_rescan,0.977107
2477,2477,0.9433333333333334,discard,0.978318
2478,2478,0.9433333333333334,request_rescan,0.97864
2479,2479,0.9433333333333334,request_rescan,0.978945
2480,2480,0.9433333333333334,request_rescan,0.979269
2481,2481,0.9433333333333334,request_rescan,0.980478
2482,2482,0.9433333333333334,discard,0.980807
2483,2483,0.9433333333333334,request_rescan,0.981118
2484,2484,0.9433333333333334,request_rescan,0.981419
2485,2485,0.9433333333333334,request_rescan,0.982629
2486,2486,0.76,request_rescan,0.982804
2487,2487,0.9433333333333334,discard,0.983123
2488,2488,0.9433333333333334,discard,0.983439
2489,2489,0.9433333333333334,discard,0.984657
2490,2490,0.9433333333333334,discard,0.984987
2491,2491,0.9433333333333334,discard,0.985298
2492,2492,0.9433333333333334,discard,0.985592
2493,2493,0.9433333333333334,request_rescan,0.986956
2494,2494,0.9433333333333334,request_rescan,0.987291
2495,2495,0.9433333333333334,discard,0.987596
2496,2496,0.9433333333333334,request_rescan,0.987886
2497,2497,0.9433333333333334,request_rescan,0.989105
2498,2498,0.9433333333333334,request_rescan,0.989435
2499,2499,0.9433333333333334,request_rescan,0.989754
2500,2500,0.9433333333333334,discard,0.990063
2501,2501,0.9433333333333334,request_rescan,0.991488
2502,2502,0.9433333333333334,request_rescan,0.991811
2503,2503,0.9433333333333334,discard,0.992122
2504,2504,0.9433333333333334,discard,0.992419
2505,2505,0.9433333333333334,discard,0.993625
2506,2506,0.9433333333333334,discard,0.993958
2507,2507,0.9433333333333334,discard,0.99427
2508,2508,0.9433333333333334,request_rescan,0.994567
2509,2509,0.9433333333333334,discard,0.99578
2510,2510,0.9433333333333334,request_rescan,0.996118
2511,2511,0.9433333333333334,request_rescan,0.996429
2512,2512,0.9433333333333334,discard,0.996725
2513,2513,0.9433333333333334,discard,0.997946
2514,2514,0.9433333333333334,discard,0.998279
2515,2515,0.9433333333333334,request_rescan,0.998581
2516,2516,0.9433333333333334,discard,0.998873
2517,2517,0.9433333333333334,request_rescan,1.000076
2518,2518,0.9433333333333334,request_rescan,1.000416
2519,2519,0.9433333333333334,request_rescan,1.000725
2520,2520,0.9433333333333334,discard,1.001018
2521,2521,0.76,request_rescan,1.00213
2522,2522,0.9433333333333334,request_rescan,1.002482
2523,2523,0.9433333333333334,request_rescan,1.002798
2524,2524,0.9433333333333334,discard,1.003262
2525,2525,0.9433333333333334,request_rescan,1.00452
2526,2526,0.9433333333333334,request_rescan,1.00485
2527,2527,0.9433333333333334,request_rescan,1.005158
2528,2528,0.9433333333333334,discard,1.005453
2529,2529,0.9433333333333334,request_rescan,1.006784
2530,2530,0.9433333333333334,discard,1.007246
2531,2531,0.9433333333333334,request_rescan,1.007624
2532,2532,0.9433333333333334,request_rescan,1.007928
2533,2533,0.9433333333333334,request_rescan,1.009199
2534,2534,0.9433333333333334,request_rescan,1.009517
2535,2535,0.9433333333333334,request_rescan,1.009828
2536,2536,0.9433333333333334,discard,1.010135
2537,2537,0.9433333333333334,discard,1.011365
2538,2538,0.9433333333333334,request_rescan,1.011705
2539,2539,0.9433333333333334,discard,1.012016
2540,2540,0.9433333333333334,discard,1.012184
2541,2541,0.9433333333333334,discard,1.013383
2542,2542,0.9433333333333334,discard,1.013705
2543,2543,0.9433333333333334,request_rescan,1.014006
2544,2544,0.9433333333333334,request_rescan,1.014314
2545,2545,0.9433333333333334,discard,1.015532
2546,2546,0.9433333333333334,discard,1.015849
2547,2547,0.9433333333333334,request_rescan,1.016159
2548,2548,0.9433333333333334,request_rescan,1.016325
2549,2549,0.9433333333333334,request_rescan,1.017537
2550,2550,0.9433333333333334,request_rescan,1.017867
2551,2551,0.9433333333333334,discard,1.018177
2552,2552,0.9433333333333334,discard,1.018472
2553,2553,0.9433333333333334,request_rescan,1.019671
2554,2554,0.9433333333333334,request_rescan,1.019995
2555,2555,0.9433333333333334,discard,1.020478
2556,2556,0.9433333333333334,discard,1.020773
2557,2557,0.9433333333333334,discard,1.021981
2558,2558,0.9433333333333334,discard,1.022319
2559,2559,0.9433333333333334,discard,1.022626
2560,2560,0.9433333333333334,request_rescan,1.022918
2561,2561,0.9433333333333334,discard,1.024358
2562,2562,0.9433333333333334,discard,1.024688
2563,2563,0.9433333333333334,request_rescan,1.02499
2564,2564,0.9433333333333334,request_rescan,1.025295
2565,2565,0.9433333333333334,request_rescan,1.026582
2566,2566,0.9433333333333334,discard,1.026906
2567,2567,0.9433333333333334,request_rescan,1.027214
2568,2568,0.9433333333333334,discard,1.027511
2569,2569,0.9433333333333334,request_rescan,1.028727
2570,2570,0.9433333333333334,discard,1.029053
2571,2571,0.9433333333333334,discard,1.029362
2572,2572,0.9433333333333334,discard,1.029655
2573,2573,0.9433333333333334,request_rescan,1.030859
2574,2574,0.9433333333333334,discard,1.031191
2575,2575,0.9433333333333334,discard,1.031496
2576,2576,0.9433333333333334,request_rescan,1.031787
2577,2577,0.9433333333333334,request_rescan,1.032994
2578,2578,0.9433333333333334,request_rescan,1.033331
2579,2579,0.9433333333333334,discard,1.033653
2580,2580,0.9433333333333334,discard,1.033962
2581,2581,0.9433333333333334,request_rescan,1.035165
2582,2582,0.9433333333333334,discard,1.035492
2583,2583,0.9433333333333334,request_rescan,1.035796
2584,2584,0.9433333333333334,request_rescan,1.036093
2585,2585,0.9433333333333334,request_rescan,1.037499
2586,2586,0.9433333333333334,discard,1.037822
2587,2587,0.9433333333333334,request_rescan,1.038132
2588,2588,0.9433333333333334,discard,1.038298
2589,2589,0.9433333333333334,request_rescan,1.039495
2590,2590,0.9433333333333334,discard,1.039819
2591,2591,0.9433333333333334,discard,1.040189
2592,2592,0.76,log_and_continue,1.040353
2593,2593,0.9433333333333334,discard,1.041905
2594,2594,0.9433333333333334,discard,1.042242
2595,2595,0.9433333333333334,discard,1.042549
2596,2596,0.9433333333333334,discard,1.042844
2597,2597,0.9433333333333334,discard,1.044072
2598,2598,0.9433333333333334,discard,1.044405
2599,2599,0.9433333333333334,request_rescan,1.044705
2600,2600,0.9433333333333334,request_rescan,1.044994
2601,2601,0.9433333333333334,discard,1.04623
2602,2602,0.9433333333333334,discard,1.046556
2603,2603,0.9433333333333334,discard,1.046854
2604,2604,0.9433333333333334,discard,1.047149
2605,2605,0.9433333333333334,request_rescan,1.04836
2606,2606,0.9433333333333334,discard,1.048687
2607,2607,0.9433333333333334,request_rescan,1.048989
2608,2608,0.9433333333333334,discard,1.049292
2609,2609,0.9433333333333334,discard,1.050501
2610,2610,0.9433333333333334,discard,1.050827
2611,2611,0.9433333333333334,discard,1.051136
2612,2612,0.9433333333333334,discard,1.051431
2613,2613,0.9433333333333334,request_rescan,1.052629
2614,2614,0.9433333333333334,request_rescan,1.052951
2615,2615,0.9433333333333334,discard,1.053585
2616,2616,0.9433333333333334,request_rescan,1.053881
2617,2617,0.9433333333333334,discard,1.055095
2618,2618,0.9433333333333334,request_rescan,1.05542
2619,2619,0.9433333333333334,discard,1.055725
2620,2620,0.9433333333333334,discard,1.056018
2621,2621,0.9433333333333334,request_rescan,1.057354
2622,2622,0.9433333333333334,request_rescan,1.057744
2623,2623,0.9433333333333334,request_rescan,1.058044
2624,2624,0.9433333333333334,discard,1.058356
2625,2625,0.9433333333333334,discard,1.059597
2626,2626,0.9433333333333334,request_rescan,1.059921
2627,2627,0.9433333333333334,request_rescan,1.060235
2628,2628,0.9433333333333334,discard,1.060531
2629,2629,0.9433333333333334,discard,1.061754
2630,2630,0.9433333333333334,discard,1.062078
2631,2631,0.9433333333333334,discard,1.062399
2632,2632,0.9433333333333334,discard,1.062691
2633,2633,0.76,log_and_continue,1.063783
2634,2634,0.9433333333333334,request_rescan,1.064125
2635,2635,0.9433333333333334,request_rescan,1.064456
2636,2636,0.9433333333333334,discard,1.064757
2637,2637,0.9433333333333334,request_rescan,1.065958
2638,2638,0.9433333333333334,discard,1.066288
2639,2639,0.9433333333333334,request_rescan,1.066594
2640,2640,0.9433333333333334,request_rescan,1.066886
2641,2641,0.9433333333333334,request_rescan,1.068082
2642,2642,0.9433333333333334,discard,1.068417
2643,2643,0.9433333333333334,discard,1.068721
2644,2644,0.9433333333333334,request_rescan,1.069017
2645,2645,0.9433333333333334,discard,1.070487
2646,2646,0.9433333333333334,request_rescan,1.070811
2647,2647,0.9433333333333334,discard,1.071117
2648,2648,0.9433333333333334,discard,1.071411
2649,2649,0.9433333333333334,discard,1.072618
2650,2650,0.9433333333333334,discard,1.072942
2651,2651,0.9433333333333334,request_rescan,1.073254
2652,2652,0.9433333333333334,request_rescan,1.073624
2653,2653,0.9433333333333334,discard,1.075243
2654,2654,0.9433333333333334,discard,1.075568
2655,2655,0.9433333333333334,discard,1.075877
2656,2656,0.9433333333333334,discard,1.07618
2657,2657,0.9433333333333334,request_rescan,1.07747
2658,2658,0.9433333333333334,request_rescan,1.077793
2659,2659,0.9433333333333334,discard,1.078097
2660,2660,0.9433333333333334,discard,1.078394
2661,2661,0.9433333333333334,discard,1.079629
2662,2662,0.9433333333333334,discard,1.079964
2663,2663,0.9433333333333334,discard,1.080301
2664,2664,0.9433333333333334,discard,1.080605
2665,2665,0.9433333333333334,request_rescan,1.081846
2666,2666,0.9433333333333334,discard,1.082168
2667,2667,0.9433333333333334,request_rescan,1.08249
2668,2668,0.9433333333333334,request_rescan,1.082787
2669,2669,0.9433333333333334,request_rescan,1.084008
2670,2670,0.9433333333333334,request_rescan,1.084353
2671,2671,0.9433333333333334,request_rescan,1.084655
2672,2672,0.9433333333333334,discard,1.084945
2673,2673,0.9433333333333334,request_rescan,1.086172
2674,2674,0.6633333333333333,log_and_continue,1.086359
2675,2675,0.9433333333333334,request_rescan,1.086753
2676,2676,0.9433333333333334,request_rescan,1.08705
2677,2677,0.9433333333333334,discard,1.088272
2678,2678,0.9433333333333334,request_rescan,1.088589
2679,2679,0.9433333333333334,request_rescan,1.088906
2680,2680,0.9433333333333334,discard,1.08922
2681,2681,0.9433333333333334,discard,1.090693
2682,2682,0.9433333333333334,request_rescan,1.091086
2683,2683,0.76,discard,1.09141
2684,2684,0.9433333333333334,discard,1.091721
2685,2685,0.9433333333333334,discard,1.092966
2686,2686,0.76,discard,1.09331
2687,2687,0.9433333333333334,request_rescan,1.093618
2688,2688,0.9433333333333334,discard,1.093911
2689,2689,0.9433333333333334,request_rescan,1.095149
2690,2690,0.9433333333333334,discard,1.09547
2691,2691,0.9433333333333334,request_rescan,1.095787
2692,2692,0.9433333333333334,discard,1.096085
2693,2693,0.9433333333333334,discard,1.097323
2694,2694,0.9433333333333334,request_rescan,1.097657
2695,2695,0.9433333333333334,request_rescan,1.097963
2696,2696,0.9433333333333334,discard,1.098282
2697,2697,0.9433333333333334,request_rescan,1.099512
2698,2698,0.9433333333333334,discard,1.099826
2699,2699,0.9433333333333334,request_rescan,1.100137
2700,2700,0.76,log_and_continue,1.100306
2701,2701,0.9433333333333334,discard,1.101555
2702,2702,0.9433333333333334,request_rescan,1.101894
2703,2703,0.9433333333333334,request_rescan,1.102201
2704,2704,0.9433333333333334,discard,1.102494
2705,2705,0.9433333333333334,request_rescan,1.103706
2706,2706,0.9433333333333334,discard,1.104179
2707,2707,0.9433333333333334,request_rescan,1.104483
2708,2708,0.9433333333333334,discard,1.104774
2709,2709,0.9433333333333334,request_rescan,1.105994
2710,2710,0.9433333333333334,discard,1.106338
2711,2711,0.9433333333333334,request_rescan,1.106653
2712,2712,0.9433333333333334,discard,1.10715
2713,2713,0.9433333333333334,request_rescan,1.108527
2714,2714,0.9433333333333334,request_rescan,1.108705
2715,2715,0.76,discard,1.108858
2716,2716,0.9433333333333334,request_rescan,1.109184
2717,2717,0.9433333333333334,discard,1.110417
2718,2718,0.9433333333333334,request_rescan,1.110744
2719,2719,0.9433333333333334,request_rescan,1.111049
2720,2720,0.9433333333333334,discard,1.111359
2721,2721,0.9433333333333334,request_rescan,1.112568
2722,2722,0.9433333333333334,discard,1.112891
2723,2723,0.9433333333333334,request_rescan,1.113197
2724,2724,0.9433333333333334,request_rescan,1.113492
2725,2725,0.9433333333333334,request_rescan,1.114694
2726,2726,0.9433333333333334,request_rescan,1.115018
2727,2727,0.9433333333333334,discard,1.115328
2728,2728,0.9433333333333334,request_rescan,1.115622
2729,2729,0.9433333333333334,request_rescan,1.116817
2730,2730,0.9433333333333334,request_rescan,1.117145
2731,2731,0.9433333333333334,request_rescan,1.11745
2732,2732,0.9433333333333334,discard,1.117745
2733,2733,0.9433333333333334,request_rescan,1.118945
2734,2734,0.9433333333333334,request_rescan,1.11927
2735,2735,0.9433333333333334,discard,1.119581
2736,2736,0.9433333333333334,discard,1.1199
2737,2737,0.9433333333333334,discard,1.121372
2738,2738,0.9433333333333334,request_rescan,1.121697
2739,2739,0.9433333333333334,discard,1.122001
2740,2740,0.9433333333333334,discard,1.122304
2741,2741,0.9433333333333334,discard,1.123622
2742,2742,0.9433333333333334,request_rescan,1.124073
2743,2743,0.9433333333333334,request_rescan,1.124447
2744,2744,0.9433333333333334,request_rescan,1.124739
2745,2745,0.9433333333333334,request_rescan,1.125848
2746,2746,0.9433333333333334,request_rescan,1.126187
2747,2747,0.9433333333333334,request_rescan,1.126495
2748,2748,0.9433333333333334,request_rescan,1.126789
2749,2749,0.9433333333333334,discard,1.12799
2750,2750,0.9433333333333334,discard,1.128323
2751,2751,0.9433333333333334,discard,1.128625
2752,2752,0.9433333333333334,request_rescan,1.128919
2753,2753,0.9433333333333334,request_rescan,1.130131
2754,2754,0.9433333333333334,discard,1.130455
2755,2755,0.9433333333333334,request_rescan,1.130757
2756,2756,0.9433333333333334,request_rescan,1.131049
2757,2757,0.9433333333333334,request_rescan,1.132248
2758,2758,0.9433333333333334,request_rescan,1.132579
2759,2759,0.9433333333333334,request_rescan,1.132881
2760,2760,0.9433333333333334,request_rescan,1.133176
2761,2761,0.9433333333333334,discard,1.134373
2762,2762,0.9433333333333334,request_rescan,1.134701
2763,2763,0.9433333333333334,request_rescan,1.135008
2764,2764,0.9433333333333334,discard,1.135312
2765,2765,0.9433333333333334,discard,1.1364
2766,2766,0.9433333333333334,discard,1.136747
2767,2767,0.9433333333333334,discard,1.13739
2768,2768,0.9433333333333334,discard,1.137686
2769,2769,0.9433333333333334,discard,1.138911
2770,2770,0.9433333333333334,discard,1.139233
2771,2771,0.9433333333333334,discard,1.139543
2772,2772,0.9433333333333334,discard,1.139855
2773,2773,0.9433333333333334,request_rescan,1.141248
2774,2774,0.9433333333333334,discard,1.141577
2775,2775,0.9433333333333334,discard,1.14188
2776,2776,0.9433333333333334,discard,1.142172
2777,2777,0.9433333333333334,discard,1.143374
2778,2778,0.76,discard,1.143696
2779,2779,0.9433333333333334,discard,1.143996
2780,2780,0.76,discard,1.144292
2781,2781,0.9433333333333334,discard,1.145495
2782,2782,0.9433333333333334,request_rescan,1.145817
2783,2783,0.9433333333333334,request_rescan,1.146121
2784,2784,0.76,discard,1.146415
2785,2785,0.9433333333333334,request_rescan,1.147634
2786,2786,0.9433333333333334,discard,1.147957
2787,2787,0.76,discard,1.148279
2788,2788,0.6633333333333333,log_and_continue,1.148445
2789,2789,0.9433333333333334,discard,1.149539
2790,2790,0.9433333333333334,request_rescan,1.149877
2791,2791,0.9433333333333334,discard,1.150193
2792,2792,0.9433333333333334,discard,1.15051
2793,2793,0.76,discard,1.151731
2794,2794,0.9433333333333334,request_rescan,1.152053
2795,2795,0.9433333333333334,request_rescan,1.152379
2796,2796,0.9433333333333334,discard,1.152675
2797,2797,0.9433333333333334,discard,1.154133
2798,2798,0.9433333333333334,request_rescan,1.154463
2799,2799,0.9433333333333334,discard,1.154764
2800,2800,0.9433333333333334,discard,1.155054
2801,2801,0.9433333333333334,discard,1.15634
2802,2802,0.9433333333333334,request_rescan,1.156763
2803,2803,0.9433333333333334,request_rescan,1.157068
2804,2804,0.9433333333333334,discard,1.157469
2805,2805,0.9433333333333334,request_rescan,1.15877
2806,2806,0.9433333333333334,discard,1.1591
2807,2807,0.9433333333333334,request_rescan,1.159404
2808,2808,0.9433333333333334,request_rescan,1.159695
2809,2809,0.9433333333333334,request_rescan,1.160932
2810,2810,0.9433333333333334,discard,1.161262
2811,2811,0.9433333333333334,request_rescan,1.16157
2812,2812,0.9433333333333334,request_rescan,1.161865
2813,2813,0.9433333333333334,request_rescan,1.163086
2814,2814,0.9433333333333334,request_rescan,1.163421
2815,2815,0.9433333333333334,request_rescan,1.163723
2816,2816,0.9433333333333334,request_rescan,1.164013
2817,2817,0.9433333333333334,request_rescan,1.165232
2818,2818,0.9433333333333334,discard,1.165559
2819,2819,0.9433333333333334,discard,1.165863
2820,2820,0.9433333333333334,request_rescan,1.166159
2821,2821,0.9433333333333334,discard,1.16737
2822,2822,0.9433333333333334,request_rescan,1.167686
2823,2823,0.9433333333333334,request_rescan,1.167989
2824,2824,0.9433333333333334,discard,1.168284
2825,2825,0.9433333333333334,discard,1.169496
2826,2826,0.9433333333333334,discard,1.169821
2827,2827,0.9433333333333334,request_rescan,1.170354
2828,2828,0.9433333333333334,request_rescan,1.170711
2829,2829,0.9433333333333334,request_rescan,1.171911
2830,2830,0.9433333333333334,discard,1.172243
2831,2831,0.9433333333333334,request_rescan,1.172549
2832,2832,0.9433333333333334,request_rescan,1.17284
2833,2833,0.9433333333333334,discard,1.174361
2834,2834,0.9433333333333334,request_rescan,1.174757
2835,2835,0.9433333333333334,request_rescan,1.17506
2836,2836,0.9433333333333334,request_rescan,1.175366
2837,2837,0.9433333333333334,request_rescan,1.176604
2838,2838,0.9433333333333334,request_rescan,1.176928
2839,2839,0.9433333333333334,discard,1.177241
2840,2840,0.9433333333333334,discard,1.17754
2841,2841,0.9433333333333334,discard,1.17875
2842,2842,0.9433333333333334,discard,1.179072
2843,2843,0.9433333333333334,request_rescan,1.179382
2844,2844,0.9433333333333334,request_rescan,1.179676
2845,2845,0.9433333333333334,request_rescan,1.180873
2846,2846,0.9433333333333334,discard,1.181203
2847,2847,0.9433333333333334,request_rescan,1.181506
2848,2848,0.9433333333333334,discard,1.181796
2849,2849,0.9433333333333334,discard,1.182885
2850,2850,0.9433333333333334,discard,1.183234
2851,2851,0.9433333333333334,discard,1.183548
2852,2852,0.9433333333333334,discard,1.183844
2853,2853,0.76,log_and_continue,1.184924
2854,2854,0.9433333333333334,discard,1.185265
2855,2855,0.9433333333333334,discard,1.185574
2856,2856,0.9433333333333334,discard,1.185869
2857,2857,0.9433333333333334,discard,1.187342
2858,2858,0.9433333333333334,request_rescan,1.187668
2859,2859,0.9433333333333334,discard,1.187973
2860,2860,0.9433333333333334,discard,1.188272
2861,2861,0.9433333333333334,discard,1.189519
2862,2862,0.9433333333333334,discard,1.189846
2863,2863,0.9433333333333334,discard,1.190216
2864,2864,0.9433333333333334,discard,1.190584
2865,2865,0.9433333333333334,discard,1.191885
2866,2866,0.9433333333333334,request_rescan,1.19221
2867,2867,0.9433333333333334,discard,1.192531
2868,2868,0.9433333333333334,request_rescan,1.192829
2869,2869,0.9433333333333334,discard,1.194031
2870,2870,0.9433333333333334,discard,1.194363
2871,2871,0.9433333333333334,request_rescan,1.194662
2872,2872,0.9433333333333334,discard,1.19495
2873,2873,0.9433333333333334,discard,1.196168
2874,2874,0.9433333333333334,request_rescan,1.196495
2875,2875,0.9433333333333334,request_rescan,1.196794
2876,2876,0.9433333333333334,discard,1.197082
2877,2877,0.9433333333333334,request_rescan,1.19829
2878,2878,0.9433333333333334,request_rescan,1.198617
2879,2879,0.9433333333333334,discard,1.198919
2880,2880,0.9433333333333334,request_rescan,1.199217
2881,2881,0.9433333333333334,discard,1.20042
2882,2882,0.9433333333333334,discard,1.200747
2883,2883,0.9433333333333334,request_rescan,1.201049
2884,2884,0.9433333333333334,request_rescan,1.201348
2885,2885,0.9433333333333334,discard,1.202567
2886,2886,0.9433333333333334,request_rescan,1.20304
2887,2887,0.9433333333333334,discard,1.203353
2888,2888,0.9433333333333334,discard,1.203647
2889,2889,0.9433333333333334,discard,1.204869
2890,2890,0.9433333333333334,request_rescan,1.205205
2891,2891,0.9433333333333334,discard,1.205524
2892,2892,0.9433333333333334,discard,1.205833
2893,2893,0.9433333333333334,request_rescan,1.207177
2894,2894,0.9433333333333334,discard,1.207582
2895,2895,0.9433333333333334,request_rescan,1.208137
2896,2896,0.9433333333333334,discard,1.208437
2897,2897,0.9433333333333334,request_rescan,1.209701
2898,2898,0.9433333333333334,discard,1.210026
2899,2899,0.9433333333333334,discard,1.210334
2900,2900,0.9433333333333334,discard,1.210625
2901,2901,0.9433333333333334,discard,1.211852
2902,2902,0.9433333333333334,request_rescan,1.21217
2903,2903,0.9433333333333334,discard,1.212464
2904,2904,0.9433333333333334,discard,1.21275
2905,2905,0.9433333333333334,request_rescan,1.213968
2906,2906,0.9433333333333334,request_rescan,1.214304
2907,2907,0.9433333333333334,discard,1.214613
2908,2908,0.9433333333333334,request_rescan,1.214914
2909,2909,0.9433333333333334,discard,1.216149
2910,2910,0.9433333333333334,discard,1.216475
2911,2911,0.76,discard,1.216641
2912,2912,0.9433333333333334,discard,1.216941
2913,2913,0.9433333333333334,request_rescan,1.218161
2914,2914,0.9433333333333334,request_rescan,1.218476
2915,2915,0.9433333333333334,request_rescan,1.218779
2916,2916,0.9433333333333334,discard,1.219076
2917,2917,0.9433333333333334,discard,1.220609
2918,2918,0.9433333333333334,discard,1.220932
2919,2919,0.9433333333333334,request_rescan,1.221267
2920,2920,0.9433333333333334,discard,1.221579
2921,2921,0.9433333333333334,request_rescan,1.222841
2922,2922,0.76,request_rescan,1.223024
2923,2923,0.9433333333333334,discard,1.223476
2924,2924,0.9433333333333334,discard,1.224025
2925,2925,0.9433333333333334,discard,1.22534
2926,2926,0.9433333333333334,discard,1.225666
2927,2927,0.9433333333333334,discard,1.225968
2928,2928,0.9433333333333334,discard,1.22627
2929,2929,0.9433333333333334,discard,1.22748
2930,2930,0.9433333333333334,discard,1.227794
2931,2931,0.9433333333333334,request_rescan,1.2281
2932,2932,0.9433333333333334,request_rescan,1.228389
2933,2933,0.9433333333333334,discard,1.229594
2934,2934,0.9433333333333334,request_rescan,1.229928
2935,2935,0.9433333333333334,discard,1.230246
2936,2936,0.9433333333333334,discard,1.230548
2937,2937,0.9433333333333334,discard,1.231769
2938,2938,0.9433333333333334,request_rescan,1.232094
2939,2939,0.9433333333333334,request_rescan,1.232398
2940,2940,0.9433333333333334,discard,1.232702
2941,2941,0.9433333333333334,discard,1.233913
2942,2942,0.9433333333333334,request_rescan,1.234238
2943,2943,0.9433333333333334,request_rescan,1.234538
2944,2944,0.9433333333333334,discard,1.234827
2945,2945,0.9433333333333334,discard,1.236033
2946,2946,0.9433333333333334,discard,1.236377
2947,2947,0.9433333333333334,discard,1.236697
2948,2948,0.9433333333333334,request_rescan,1.237167
2949,2949,0.9433333333333334,request_rescan,1.238411
2950,2950,0.9433333333333334,discard,1.238734
2951,2951,0.76,request_rescan,1.238902
2952,2952,0.9433333333333334,request_rescan,1.239208
2953,2953,0.9433333333333334,discard,1.240614
2954,2954,0.9433333333333334,discard,1.241019
2955,2955,0.9433333333333334,discard,1.241335
2956,2956,0.9433333333333334,request_rescan,1.241636
2957,2957,0.9433333333333334,discard,1.242849
2958,2958,0.76,discard,1.243179
2959,2959,0.9433333333333334,discard,1.243486
2960,2960,0.9433333333333334,discard,1.243777
2961,2961,0.9433333333333334,discard,1.244996
2962,2962,0.9433333333333334,discard,1.245325
2963,2963,0.9433333333333334,discard,1.245624
2964,2964,0.9433333333333334,discard,1.245786
2965,2965,0.76,discard,1.246992
2966,2966,0.76,discard,1.247333
2967,2967,0.76,discard,1.247655
2968,2968,0.9433333333333334,request_rescan,1.247962
2969,2969,0.76,request_rescan,1.249093
2970,2970,0.9433333333333334,discard,1.24943
2971,2971,0.9433333333333334,discard,1.249736
2972,2972,0.76,discard,1.250031
2973,2973,0.9433333333333334,discard,1.25124
2974,2974,0.76,discard,1.251563
2975,2975,0.9433333333333334,discard,1.251863
2976,2976,0.76,discard,1.252166
2977,2977,0.9433333333333334,discard,1.2537
2978,2978,0.9433333333333334,discard,1.254024
2979,2979,0.9433333333333334,discard,1.254336
2980,2980,0.9433333333333334,discard,1.254627
2981,2981,0.76,discard,1.255858
2982,2982,0.9433333333333334,discard,1.256189
2983,2983,0.9433333333333334,discard,1.256493
2984,2984,0.9433333333333334,discard,1.25685
2985,2985,0.9433333333333334,discard,1.25839
2986,2986,0.9433333333333334,discard,1.258711
2987,2987,0.9433333333333334,discard,1.259028
2988,2988,0.9433333333333334,discard,1.259336
2989,2989,0.76,discard,1.260563
2990,2990,0.9433333333333334,discard,1.260895
2991,2991,0.76,discard,1.26121
2992,2992,0.9433333333333334,discard,1.261514
2993,2993,0.9433333333333334,discard,1.26274
2994,2994,0.9433333333333334,discard,1.263063
2995,2995,0.9433333333333334,request_rescan,1.263381
2996,2996,0.9433333333333334,discard,1.263683
2997,2997,0.9433333333333334,request_rescan,1.264914
2998,2998,0.9433333333333334,request_rescan,1.265244
2999,2999,0.9433333333333334,discard,1.265557
3000,3000,0.76,request_rescan,1.265724
3001,3001,0.9433333333333334,discard,1.267064
3002,3002,0.9433333333333334,discard,1.267391
3003,3003,0.9433333333333334,request_rescan,1.267696
3004,3004,0.9433333333333334,request_rescan,1.26799
3005,3005,0.9433333333333334,request_rescan,1.269234
3006,3006,0.9433333333333334,discard,1.269569
3007,3007,0.9433333333333334,discard,1.270188
3008,3008,0.9433333333333334,request_rescan,1.270491
3009,3009,0.9433333333333334,discard,1.271752
3010,3010,0.9433333333333334,request_rescan,1.272081
3011,3011,0.9433333333333334,request_rescan,1.272391
3012,3012,0.9433333333333334,request_rescan,1.272686
3013,3013,0.9433333333333334,discard,1.274182
3014,3014,0.9433333333333334,request_rescan,1.274572
3015,3015,0.9433333333333334,request_rescan,1.27487
3016,3016,0.9433333333333334,discard,1.275173
3017,3017,0.9433333333333334,request_rescan,1.276428
3018,3018,0.9433333333333334,discard,1.276744
3019,3019,0.9433333333333334,request_rescan,1.277061
3020,3020,0.9433333333333334,discard,1.27737
3021,3021,0.9433333333333334,request_rescan,1.27857
3022,3022,0.9433333333333334,request_rescan,1.278896
3023,3023,0.9433333333333334,discard,1.279202
3024,3024,0.9433333333333334,request_rescan,1.279496
3025,3025,0.9433333333333334,discard,1.280701
3026,3026,0.9433333333333334,request_rescan,1.28103
3027,3027,0.9433333333333334,request_rescan,1.281342
3028,3028,0.9433333333333334,discard,1.281506
3029,3029,0.9433333333333334,request_rescan,1.282721
3030,3030,0.9433333333333334,discard,1.283044
3031,3031,0.9433333333333334,discard,1.283356
3032,3032,0.9433333333333334,request_rescan,1.283655
3033,3033,0.9433333333333334,discard,1.284861
3034,3034,0.9433333333333334,discard,1.285192
3035,3035,0.9433333333333334,request_rescan,1.285499
3036,3036,0.9433333333333334,discard,1.285797
3037,3037,0.9433333333333334,request_rescan,1.287246
3038,3038,0.9433333333333334,discard,1.287571
3039,3039,0.9433333333333334,discard,1.287873
3040,3040,0.9433333333333334,request_rescan,1.288178
3041,3041,0.9433333333333334,request_rescan,1.28942
3042,3042,0.9433333333333334,discard,1.289742
3043,3043,0.9433333333333334,request_rescan,1.290153
3044,3044,0.9433333333333334,discard,1.290317
3045,3045,0.9433333333333334,request_rescan,1.291715
3046,3046,0.9433333333333334,discard,1.292044
3047,3047,0.9433333333333334,discard,1.292362
3048,3048,0.9433333333333334,discard,1.292659
3049,3049,0.9433333333333334,request_rescan,1.293866
3050,3050,0.9433333333333334,request_rescan,1.294201
3051,3051,0.9433333333333334,request_rescan,1.29451
3052,3052,0.9433333333333334,request_rescan,1.294806
3053,3053,0.9433333333333334,discard,1.296016
3054,3054,0.9433333333333334,discard,1.296353
3055,3055,0.9433333333333334,discard,1.296654
3056,3056,0.9433333333333334,discard,1.296949
3057,3057,0.9433333333333334,request_rescan,1.298165
3058,3058,0.9433333333333334,discard,1.298496
3059,3059,0.9433333333333334,request_rescan,1.298797
3060,3060,0.9433333333333334,discard,1.299093
3061,3061,0.9433333333333334,discard,1.300301
3062,3062,0.9433333333333334,request_rescan,1.300626
3063,3063,0.9433333333333334,request_rescan,1.300928
3064,3064,0.9433333333333334,request_rescan,1.30123
3065,3065,0.9433333333333334,request_rescan,1.302439
3066,3066,0.9433333333333334,request_rescan,1.303037
3067,3067,0.9433333333333334,request_rescan,1.303361
3068,3068,0.9433333333333334,discard,1.303655
3069,3069,0.9433333333333334,discard,1.304913
3070,3070,0.9433333333333334,request_rescan,1.305246
3071,3071,0.9433333333333334,discard,1.305553
3072,3072,0.9433333333333334,request_rescan,1.305843
3073,3073,0.9433333333333334,request_rescan,1.307266
3074,3074,0.9433333333333334,discard,1.307657
3075,3075,0.9433333333333334,request_rescan,1.307957
3076,3076,0.9433333333333334,request_rescan,1.308255
3077,3077,0.9433333333333334,request_rescan,1.309486
3078,3078,0.9433333333333334,discard,1.309799
3079,3079,0.9433333333333334,request_rescan,1.310103
3080,3080,0.9433333333333334,request_rescan,1.310394
3081,3081,0.9433333333333334,discard,1.311608
3082,3082,0.9433333333333334,discard,1.311935
3083,3083,0.9433333333333334,request_rescan,1.312243
3084,3084,0.9433333333333334,discard,1.312541
3085,3085,0.9433333333333334,discard,1.313753
3086,3086,0.9433333333333334,discard,1.314079
3087,3087,0.9433333333333334,request_rescan,1.314396
3088,3088,0.9433333333333334,request_rescan,1.314694
3089,3089,0.9433333333333334,discard,1.315895
3090,3090,0.9433333333333334,request_rescan,1.316227
3091,3091,0.9433333333333334,request_rescan,1.316536
3092,3092,0.9433333333333334,request_rescan,1.316833
3093,3093,0.9433333333333334,discard,1.318042
3094,3094,0.9433333333333334,request_rescan,1.318378
3095,3095,0.9433333333333334,request_rescan,1.31868
3096,3096,0.9433333333333334,request_rescan,1.318971
3097,3097,0.9433333333333334,discard,1.320323
3098,3098,0.9433333333333334,request_rescan,1.320651
3099,3099,0.9433333333333334,request_rescan,1.320958
3100,3100,0.9433333333333334,discard,1.321127
3101,3101,0.9433333333333334,request_rescan,1.322359
3102,3102,0.9433333333333334,discard,1.322685
3103,3103,0.9433333333333334,discard,1.322992
3104,3104,0.9433333333333334,request_rescan,1.323291
3105,3105,0.76,request_rescan,1.325011
3106,3106,0.9433333333333334,discard,1.325362
3107,3107,0.9433333333333334,discard,1.325671
3108,3108,0.9433333333333334,request_rescan,1.325965
3109,3109,0.9433333333333334,request_rescan,1.327244
3110,3110,0.9433333333333334,request_rescan,1.327574
3111,3111,0.9433333333333334,request_rescan,1.327876
3112,3112,0.9433333333333334,request_rescan,1.328034
3113,3113,0.9433333333333334,request_rescan,1.329246
3114,3114,0.9433333333333334,discard,1.329571
3115,3115,0.9433333333333334,discard,1.329873
3116,3116,0.9433333333333334,request_rescan,1.33017
3117,3117,0.9433333333333334,request_rescan,1.331368
3118,3118,0.9433333333333334,discard,1.331691
3119,3119,0.9433333333333334,request_rescan,1.331993
3120,3120,0.9433333333333334,request_rescan,1.332296
3121,3121,0.76,discard,1.333493
3122,3122,0.9433333333333334,discard,1.333816
3123,3123,0.9433333333333334,discard,1.334125
3124,3124,0.9433333333333334,discard,1.334421
3125,3125,0.9433333333333334,discard,1.335632
3126,3126,0.9433333333333334,discard,1.335954
3127,3127,0.9433333333333334,discard,1.336501
3128,3128,0.9433333333333334,discard,1.336795
3129,3129,0.76,discard,1.338004
3130,3130,0.76,discard,1.338328
3131,3131,0.6633333333333333,log_and_continue,1.338497
3132,3132,0.9433333333333334,discard,1.338792
3133,3133,0.9433333333333334,discard,1.339999
3134,3134,0.9433333333333334,discard,1.340477
3135,3135,0.76,discard,1.340926
3136,3136,0.76,discard,1.341229
3137,3137,0.9433333333333334,request_rescan,1.342474
3138,3138,0.9433333333333334,discard,1.342799
3139,3139,0.9433333333333334,request_rescan,1.343105
3140,3140,0.9433333333333334,discard,1.343401
3141,3141,0.9433333333333334,discard,1.344612
3142,3142,0.76,discard,1.344789
3143,3143,0.9433333333333334,discard,1.345112
3144,3144,0.9433333333333334,discard,1.345417
3145,3145,0.9433333333333334,discard,1.346621
3146,3146,0.9433333333333334,discard,1.346953
3147,3147,0.9433333333333334,request_rescan,1.347268
3148,3148,0.9433333333333334,discard,1.347565
3149,3149,0.9433333333333334,request_rescan,1.348779
3150,3150,0.9433333333333334,request_rescan,1.34911
3151,3151,0.9433333333333334,request_rescan,1.349415
3152,3152,0.9433333333333334,discard,1.349709
3153,3153,0.9433333333333334,request_rescan,1.350909
3154,3154,0.9433333333333334,discard,1.351234
3155,3155,0.9433333333333334,discard,1.351539
3156,3156,0.9433333333333334,request_rescan,1.351834
3157,3157,0.9433333333333334,discard,1.35304
3158,3158,0.9433333333333334,discard,1.353511
3159,3159,0.9433333333333334,discard,1.353814
3160,3160,0.9433333333333334,request_rescan,1.354112
3161,3161,0.9433333333333334,request_rescan,1.35532
3162,3162,0.9433333333333334,discard,1.355645
3163,3163,0.9433333333333334,discard,1.355946
3164,3164,0.9433333333333334,discard,1.356248
3165,3165,0.9433333333333334,discard,1.35767
3166,3166,0.9433333333333334,discard,1.357994
3167,3167,0.9433333333333334,discard,1.35831
3168,3168,0.9433333333333334,discard,1.358606
3169,3169,0.9433333333333334,discard,1.359848
3170,3170,0.9433333333333334,request_rescan,1.36018
3171,3171,0.9433333333333334,discard,1.360489
3172,3172,0.9433333333333334,request_rescan,1.36078
3173,3173,0.9433333333333334,request_rescan,1.361999
3174,3174,0.9433333333333334,request_rescan,1.362331
3175,3175,0.9433333333333334,discard,1.362634
3176,3176,0.9433333333333334,request_rescan,1.362929
3177,3177,0.9433333333333334,discard,1.364131
3178,3178,0.9433333333333334,request_rescan,1.364458
3179,3179,0.9433333333333334,request_rescan,1.36476
3180,3180,0.9433333333333334,discard,1.36492
3181,3181,0.9433333333333334,discard,1.366133
3182,3182,0.9433333333333334,request_rescan,1.366476
3183,3183,0.9433333333333334,request_rescan,1.366778
3184,3184,0.9433333333333334,discard,1.367071
3185,3185,0.9433333333333334,request_rescan,1.368344
3186,3186,0.9433333333333334,discard,1.368674
3187,3187,0.9433333333333334,request_rescan,1.368976
3188,3188,0.9433333333333334,request_rescan,1.369615
3189,3189,0.9433333333333334,request_rescan,1.370851
3190,3190,0.9433333333333334,request_rescan,1.371179
3191,3191,0.9433333333333334,request_rescan,1.371483
3192,3192,0.9433333333333334,discard,1.371785
3193,3193,0.9433333333333334,request_rescan,1.373
3194,3194,0.9433333333333334,discard,1.373437
3195,3195,0.9433333333333334,request_rescan,1.373905
3196,3196,0.9433333333333334,request_rescan,1.374292
3197,3197,0.9433333333333334,discard,1.375553
3198,3198,0.9433333333333334,discard,1.375881
3199,3199,0.9433333333333334,request_rescan,1.3762
3200,3200,0.9433333333333334,discard,1.3765
3201,3201,0.9433333333333334,request_rescan,1.377756
3202,3202,0.9433333333333334,discard,1.378082
3203,3203,0.9433333333333334,request_rescan,1.378393
3204,3204,0.9433333333333334,request_rescan,1.378683
3205,3205,0.9433333333333334,discard,1.379878
3206,3206,0.9433333333333334,discard,1.380216
3207,3207,0.9433333333333334,request_rescan,1.380521
3208,3208,0.9433333333333334,request_rescan,1.380816
3209,3209,0.9433333333333334,request_rescan,1.382014
3210,3210,0.9433333333333334,discard,1.382346
3211,3211,0.9433333333333334,request_rescan,1.382652
3212,3212,0.9433333333333334,request_rescan,1.382946
3213,3213,0.9433333333333334,discard,1.384193
3214,3214,0.9433333333333334,request_rescan,1.384525
3215,3215,0.9433333333333334,discard,1.38483
3216,3216,0.9433333333333334,discard,1.385126
3217,3217,0.9433333333333334,discard,1.386367
3218,3218,0.9433333333333334,request_rescan,1.38683
3219,3219,0.9433333333333334,discard,1.387138
3220,3220,0.9433333333333334,request_rescan,1.387457
3221,3221,0.9433333333333334,request_rescan,1.388684
3222,3222,0.9433333333333334,discard,1.389009
3223,3223,0.9433333333333334,discard,1.389333
3224,3224,0.9433333333333334,request_rescan,1.389633
3225,3225,0.9433333333333334,discard,1.391116
3226,3226,0.9433333333333334,request_rescan,1.391446
3227,3227,0.9433333333333334,request_rescan,1.391751
3228,3228,0.9433333333333334,discard,1.392044
3229,3229,0.9433333333333334,discard,1.393343
3230,3230,0.9433333333333334,discard,1.393665
3231,3231,0.9433333333333334,discard,1.393836
3232,3232,0.9433333333333334,discard,1.394139
3233,3233,0.9433333333333334,discard,1.395338
3234,3234,0.9433333333333334,request_rescan,1.395664
3235,3235,0.9433333333333334,discard,1.395967
3236,3236,0.9433333333333334,discard,1.396272
3237,3237,0.9433333333333334,request_rescan,1.397487
3238,3238,0.9433333333333334,discard,1.397815
3239,3239,0.9433333333333334,discard,1.398127
3240,3240,0.9433333333333334,discard,1.398435
3241,3241,0.9433333333333334,discard,1.399645
3242,3242,0.76,discard,1.399817
3243,3243,0.76,log_and_continue,1.399966
3244,3244,0.9433333333333334,request_rescan,1.400293
3245,3245,0.9433333333333334,discard,1.401584
3246,3246,0.9433333333333334,discard,1.402026
3247,3247,0.9433333333333334,discard,1.402398
3248,3248,0.9433333333333334,request_rescan,1.402725
3249,3249,0.76,discard,1.404668
3250,3250,0.9433333333333334,request_rescan,1.404859
3251,3251,0.9433333333333334,request_rescan,1.405212
3252,3252,0.9433333333333334,request_rescan,1.405529
3253,3253,0.9433333333333334,request_rescan,1.407564
3254,3254,0.9433333333333334,discard,1.407999
3255,3255,0.76,discard,1.40833
3256,3256,0.9433333333333334,request_rescan,1.408645
3257,3257,0.9433333333333334,discard,1.410321
3258,3258,0.76,discard,1.410661
3259,3259,0.9433333333333334,discard,1.410855
3260,3260,0.9433333333333334,discard,1.411191
3261,3261,0.9433333333333334,request_rescan,1.412851
3262,3262,0.9433333333333334,request_rescan,1.413212
3263,3263,0.9433333333333334,discard,1.413544
3264,3264,0.6633333333333333,log_and_continue,1.413723
3265,3265,0.76,discard,1.415464
3266,3266,0.9433333333333334,request_rescan,1.415823
3267,3267,0.6633333333333333,log_and_continue,1.416002
3268,3268,0.76,discard,1.416326
3269,3269,0.9433333333333334,discard,1.418052
3270,3270,0.9433333333333334,discard,1.418425
3271,3271,0.76,discard,1.418745
3272,3272,0.76,discard,1.419066
3273,3273,0.9433333333333334,discard,1.420853
3274,3274,0.9433333333333334,discard,1.421219
3275,3275,0.9433333333333334,request_rescan,1.421777
3276,3276,0.9433333333333334,request_rescan,1.422083
3277,3277,0.9433333333333334,request_rescan,1.424005
3278,3278,0.9433333333333334,discard,1.424586
3279,3279,0.9433333333333334,discard,1.424987
3280,3280,0.9433333333333334,request_rescan,1.425314
3281,3281,0.9433333333333334,discard,1.426964
3282,3282,0.9433333333333334,discard,1.427311
3283,3283,0.9433333333333334,discard,1.427625
3284,3284,0.9433333333333334,discard,1.427926
3285,3285,0.9433333333333334,discard,1.429499
3286,3286,0.9433333333333334,request_rescan,1.429841
3287,3287,0.76,discard,1.430022
3288,3288,0.9433333333333334,discard,1.430341
3289,3289,0.9433333333333334,discard,1.431842
3290,3290,0.9433333333333334,request_rescan,1.432181
3291,3291,0.9433333333333334,discard,1.43249
3292,3292,0.9433333333333334,request_rescan,1.432785
3293,3293,0.9433333333333334,discard,1.434176
3294,3294,0.9433333333333334,discard,1.434506
3295,3295,0.9433333333333334,discard,1.434809
3296,3296,0.9433333333333334,discard,1.435124
3297,3297,0.9433333333333334,discard,1.436531
3298,3298,0.9433333333333334,request_rescan,1.437024
3299,3299,0.9433333333333334,request_rescan,1.437358
3300,3300,0.9433333333333334,discard,1.437666
3301,3301,0.9433333333333334,request_rescan,1.43915
3302,3302,0.9433333333333334,request_rescan,1.439495
3303,3303,0.9433333333333334,discard,1.439814
3304,3304,0.9433333333333334,discard,1.440215
3305,3305,0.9433333333333334,discard,1.441894
3306,3306,0.9433333333333334,discard,1.442249
3307,3307,0.9433333333333334,discard,1.442571
3308,3308,0.9433333333333334,request_rescan,1.442875
3309,3309,0.9433333333333334,discard,1.444364
3310,3310,0.9433333333333334,request_rescan,1.444705
3311,3311,0.9433333333333334,discard,1.445022
3312,3312,0.76,request_rescan,1.445202
3313,3313,0.9433333333333334,discard,1.446692
3314,3314,0.9433333333333334,discard,1.447035
3315,3315,0.6633333333333333,log_and_continue,1.44721
3316,3316,0.9433333333333334,request_rescan,1.447521
3317,3317,0.9433333333333334,discard,1.448959
3318,3318,0.9433333333333334,request_rescan,1.449301
3319,3319,0.9433333333333334,discard,1.449614
3320,3320,0.9433333333333334,discard,1.449912
3321,3321,0.9433333333333334,discard,1.45135
3322,3322,0.76,discard,1.451677
3323,3323,0.9433333333333334,discard,1.451977
3324,3324,0.9433333333333334,discard,1.452282
3325,3325,0.76,discard,1.453716
3326,3326,0.9433333333333334,discard,1.454033
3327,3327,0.76,discard,1.45435
3328,3328,0.76,discard,1.454661
3329,3329,0.9433333333333334,discard,1.455989
3330,3330,0.76,discard,1.456327
3331,3331,0.9433333333333334,discard,1.456635
3332,3332,0.9433333333333334,discard,1.457126
3333,3333,0.9433333333333334,discard,1.458831
3334,3334,0.76,discard,1.459169
3335,3335,0.9433333333333334,request_rescan,1.459482
3336,3336,0.9433333333333334,request_rescan,1.459781
3337,3337,0.9433333333333334,request_rescan,1.461182
3338,3338,0.9433333333333334,request_rescan,1.461364
3339,3339,0.9433333333333334,discard,1.461688
3340,3340,0.9433333333333334,discard,1.461986
3341,3341,0.9433333333333334,discard,1.463135
3342,3342,0.9433333333333334,request_rescan,1.463474
3343,3343,0.9433333333333334,discard,1.463784
3344,3344,0.9433333333333334,discard,1.46408
3345,3345,0.9433333333333334,discard,1.465301
3346,3346,0.9433333333333334,discard,1.465615
3347,3347,0.9433333333333334,request_rescan,1.465912
3348,3348,0.9433333333333334,discard,1.466205
3349,3349,0.9433333333333334,discard,1.46742
3350,3350,0.9433333333333334,request_rescan,1.467747
3351,3351,0.9433333333333334,request_rescan,1.468049
3352,3352,0.76,discard,1.468218
3353,3353,0.9433333333333334,discard,1.46972
3354,3354,0.9433333333333334,discard,1.470049
3355,3355,0.9433333333333334,request_rescan,1.470361
3356,3356,0.9433333333333334,discard,1.470655
3357,3357,0.9433333333333334,discard,1.471866
3358,3358,0.9433333333333334,discard,1.4722
3359,3359,0.9433333333333334,discard,1.472505
3360,3360,0.9433333333333334,request_rescan,1.472796
3361,3361,0.9433333333333334,discard,1.474362
3362,3362,0.9433333333333334,discard,1.47469
3363,3363,0.9433333333333334,discard,1.47499
3364,3364,0.9433333333333334,request_rescan,1.475292
3365,3365,0.9433333333333334,discard,1.476526
3366,3366,0.9433333333333334,discard,1.476863
3367,3367,0.9433333333333334,discard,1.477178
3368,3368,0.9433333333333334,request_rescan,1.477471
3369,3369,0.9433333333333334,discard,1.478678
3370,3370,0.6633333333333333,log_and_continue,1.47885
3371,3371,0.9433333333333334,discard,1.47917
3372,3372,0.9433333333333334,discard,1.479471
3373,3373,0.9433333333333334,request_rescan,1.480811
3374,3374,0.9433333333333334,request_rescan,1.481148
3375,3375,0.9433333333333334,request_rescan,1.481452
3376,3376,0.9433333333333334,request_rescan,1.481751
3377,3377,0.9433333333333334,discard,1.482945
3378,3378,0.9433333333333334,request_rescan,1.483273
3379,3379,0.9433333333333334,request_rescan,1.48358
3380,3380,0.9433333333333334,request_rescan,1.483882
3381,3381,0.9433333333333334,request_rescan,1.485105
3382,3382,0.9433333333333334,discard,1.485283
3383,3383,0.9433333333333334,request_rescan,1.485617
3384,3384,0.9433333333333334,discard,1.485923
3385,3385,0.9433333333333334,discard,1.487226
3386,3386,0.9433333333333334,request_rescan,1.487549
3387,3387,0.9433333333333334,discard,1.48785
3388,3388,0.9433333333333334,discard,1.488145
3389,3389,0.9433333333333334,discard,1.489357
3390,3390,0.9433333333333334,discard,1.489684
3391,3391,0.9433333333333334,discard,1.490096
3392,3392,0.9433333333333334,request_rescan,1.490576
3393,3393,0.9433333333333334,discard,1.491908
3394,3394,0.9433333333333334,discard,1.492236
3395,3395,0.9433333333333334,request_rescan,1.492555
3396,3396,0.9433333333333334,discard,1.49285
3397,3397,0.9433333333333334,discard,1.49407
3398,3398,0.9433333333333334,request_rescan,1.494409
3399,3399,0.9433333333333334,discard,1.494717
3400,3400,0.9433333333333334,request_rescan,1.49501
3401,3401,0.9433333333333334,request_rescan,1.496226
3402,3402,0.9433333333333334,discard,1.496553
3403,3403,0.9433333333333334,discard,1.496854
3404,3404,0.9433333333333334,discard,1.497167
3405,3405,0.9433333333333334,discard,1.498371
3406,3406,0.9433333333333334,discard,1.498695
3407,3407,0.9433333333333334,request_rescan,1.498999
3408,3408,0.9433333333333334,discard,1.499298
3409,3409,0.6633333333333333,log_and_continue,1.500377
3410,3410,0.9433333333333334,discard,1.500727
3411,3411,0.9433333333333334,request_rescan,1.501037
3412,3412,0.9433333333333334,request_rescan,1.501342
3413,3413,0.9433333333333334,discard,1.502546
3414,3414,0.9433333333333334,request_rescan,1.502881
3415,3415,0.9433333333333334,discard,1.503341
3416,3416,0.9433333333333334,discard,1.503639
3417,3417,0.9433333333333334,request_rescan,1.504859
3418,3418,0.9433333333333334,discard,1.505186
3419,3419,0.9433333333333334,discard,1.505492
3420,3420,0.9433333333333334,request_rescan,1.505785
3421,3421,0.9433333333333334,request_rescan,1.506987
3422,3422,0.9433333333333334,discard,1.507501
3423,3423,0.9433333333333334,request_rescan,1.507871
3424,3424,0.9433333333333334,discard,1.508167
3425,3425,0.9433333333333334,discard,1.509458
3426,3426,0.9433333333333334,request_rescan,1.509782
3427,3427,0.9433333333333334,discard,1.510083
3428,3428,0.9433333333333334,discard,1.510384
3429,3429,0.76,discard,1.511588
3430,3430,0.76,discard,1.511919
3431,3431,0.76,discard,1.51223
3432,3432,0.76,discard,1.512523
3433,3433,0.76,discard,1.513728
3434,3434,0.9433333333333334,discard,1.514064
3435,3435,0.9433333333333334,discard,1.51424
3436,3436,0.6633333333333333,log_and_continue,1.514394
3437,3437,0.9433333333333334,request_rescan,1.515634
3438,3438,0.9433333333333334,request_rescan,1.51596
3439,3439,0.9433333333333334,request_rescan,1.516283
3440,3440,0.76,discard,1.516601
3441,3441,0.9433333333333334,discard,1.517832
3442,3442,0.9433333333333334,discard,1.51815
3443,3443,0.76,discard,1.518461
3444,3444,0.9433333333333334,discard,1.51877
3445,3445,0.9433333333333334,request_rescan,1.520005
3446,3446,0.9433333333333334,discard,1.520547
3447,3447,0.76,discard,1.52092
3448,3448,0.6633333333333333,log_and_continue,1.521085
3449,3449,0.9433333333333334,request_rescan,1.522321
3450,3450,0.9433333333333334,discard,1.522645
3451,3451,0.9433333333333334,request_rescan,1.522945
3452,3452,0.9433333333333334,discard,1.523245
3453,3453,0.9433333333333334,discard,1.524888
3454,3454,0.9433333333333334,discard,1.525231
3455,3455,0.9433333333333334,request_rescan,1.525539
3456,3456,0.9433333333333334,request_rescan,1.525832
3457,3457,0.9433333333333334,discard,1.527081
3458,3458,0.9433333333333334,request_rescan,1.527406
3459,3459,0.9433333333333334,discard,1.527703
3460,3460,0.9433333333333334,request_rescan,1.527994
3461,3461,0.6633333333333333,log_and_continue,1.529094
3462,3462,0.9433333333333334,request_rescan,1.529447
3463,3463,0.9433333333333334,request_rescan,1.529761
3464,3464,0.9433333333333334,discard,1.530057
3465,3465,0.9433333333333334,discard,1.531283
3466,3466,0.9433333333333334,discard,1.531611
3467,3467,0.9433333333333334,request_rescan,1.531913
3468,3468,0.76,discard,1.532075
3469,3469,0.9433333333333334,discard,1.533284
3470,3470,0.9433333333333334,discard,1.533611
3471,3471,0.9433333333333334,request_rescan,1.533912
3472,3472,0.9433333333333334,request_rescan,1.53421
3473,3473,0.9433333333333334,request_rescan,1.535406
3474,3474,0.9433333333333334,request_rescan,1.535732
3475,3475,0.9433333333333334,discard,1.536033
3476,3476,0.9433333333333334,discard,1.536335
3477,3477,0.9433333333333334,discard,1.53776
3478,3478,0.9433333333333334,discard,1.538084
3479,3479,0.9433333333333334,request_rescan,1.538401
3480,3480,0.76,request_rescan,1.53856
3481,3481,0.9433333333333334,request_rescan,1.539776
3482,3482,0.9433333333333334,request_rescan,1.540243
3483,3483,0.9433333333333334,request_rescan,1.540612
3484,3484,0.9433333333333334,request_rescan,1.540984
3485,3485,0.9433333333333334,discard,1.542257
3486,3486,0.9433333333333334,discard,1.542581
3487,3487,0.9433333333333334,request_rescan,1.542883
3488,3488,0.9433333333333334,request_rescan,1.543181
3489,3489,0.9433333333333334,discard,1.544392
3490,3490,0.9433333333333334,discard,1.544713
3491,3491,0.9433333333333334,discard,1.545011
3492,3492,0.9433333333333334,discard,1.545323
3493,3493,0.9433333333333334,request_rescan,1.546564
3494,3494,0.9433333333333334,request_rescan,1.546889
3495,3495,0.9433333333333334,request_rescan,1.547202
3496,3496,0.9433333333333334,request_rescan,1.547514
3497,3497,0.9433333333333334,request_rescan,1.548764
3498,3498,0.9433333333333334,discard,1.549082
3499,3499,0.9433333333333334,discard,1.549402
3500,3500,0.9433333333333334,discard,1.549696
3501,3501,0.9433333333333334,request_rescan,1.550915
3502,3502,0.9433333333333334,discard,1.551265
3503,3503,0.76,discard,1.55158
3504,3504,0.9433333333333334,request_rescan,1.551874
3505,3505,0.9433333333333334,discard,1.553284
3506,3506,0.9433333333333334,discard,1.553614
3507,3507,0.9433333333333334,discard,1.55392
3508,3508,0.9433333333333334,discard,1.554216
3509,3509,0.9433333333333334,discard,1.555425
3510,3510,0.76,discard,1.555755
3511,3511,0.76,discard,1.556061
3512,3512,0.9433333333333334,discard,1.55636
3513,3513,0.9433333333333334,discard,1.557765
3514,3514,0.9433333333333334,request_rescan,1.558105
3515,3515,0.9433333333333334,request_rescan,1.558421
3516,3516,0.9433333333333334,request_rescan,1.558742
3517,3517,0.9433333333333334,discard,1.559978
3518,3518,0.9433333333333334,discard,1.560324
3519,3519,0.9433333333333334,discard,1.560648
3520,3520,0.9433333333333334,request_rescan,1.560955
3521,3521,0.9433333333333334,discard,1.562214
3522,3522,0.9433333333333334,discard,1.562546
3523,3523,0.9433333333333334,discard,1.562848
3524,3524,0.9433333333333334,discard,1.563143
3525,3525,0.9433333333333334,discard,1.564434
3526,3526,0.9433333333333334,discard,1.564813
3527,3527,0.76,discard,1.565165
3528,3528,0.76,discard,1.565471
3529,3529,0.9433333333333334,request_rescan,1.566621
3530,3530,0.9433333333333334,discard,1.566967
3531,3531,0.9433333333333334,discard,1.567282
3532,3532,0.9433333333333334,request_rescan,1.567583
3533,3533,0.9433333333333334,discard,1.568816
3534,3534,0.9433333333333334,request_rescan,1.569154
3535,3535,0.9433333333333334,discard,1.569459
3536,3536,0.9433333333333334,discard,1.569751
3537,3537,0.9433333333333334,discard,1.571329
3538,3538,0.9433333333333334,discard,1.571652
3539,3539,0.9433333333333334,discard,1.57195
3540,3540,0.9433333333333334,discard,1.572266
3541,3541,0.9433333333333334,discard,1.57353
3542,3542,0.9433333333333334,request_rescan,1.574005
3543,3543,0.9433333333333334,discard,1.574554
3544,3544,0.9433333333333334,request_rescan,1.574851
3545,3545,0.9433333333333334,request_rescan,1.57613
3546,3546,0.9433333333333334,request_rescan,1.576455
3547,3547,0.9433333333333334,request_rescan,1.576757
3548,3548,0.9433333333333334,discard,1.577053
3549,3549,0.9433333333333334,request_rescan,1.578265
3550,3550,0.9433333333333334,request_rescan,1.578585
3551,3551,0.9433333333333334,request_rescan,1.578881
3552,3552,0.9433333333333334,request_rescan,1.579176
3553,3553,0.9433333333333334,discard,1.580382
3554,3554,0.9433333333333334,request_rescan,1.580705
3555,3555,0.9433333333333334,request_rescan,1.581009
3556,3556,0.9433333333333334,discard,1.58131
3557,3557,0.9433333333333334,discard,1.58252
3558,3558,0.9433333333333334,discard,1.582844
3559,3559,0.9433333333333334,discard,1.583149
3560,3560,0.9433333333333334,discard,1.583443
3561,3561,0.9433333333333334,discard,1.584638
3562,3562,0.9433333333333334,request_rescan,1.584961
3563,3563,0.9433333333333334,request_rescan,1.585268
3564,3564,0.9433333333333334,request_rescan,1.585558
3565,3565,0.9433333333333334,discard,1.587129
3566,3566,0.9433333333333334,discard,1.587454
3567,3567,0.9433333333333334,request_rescan,1.587758
3568,3568,0.9433333333333334,request_rescan,1.588051
3569,3569,0.9433333333333334,request_rescan,1.589294
3570,3570,0.9433333333333334,discard,1.58962
3571,3571,0.9433333333333334,discard,1.589925
3572,3572,0.9433333333333334,request_rescan,1.590087
3573,3573,0.9433333333333334,discard,1.591491
3574,3574,0.9433333333333334,discard,1.591819
3575,3575,0.9433333333333334,discard,1.592129
3576,3576,0.9433333333333334,request_rescan,1.592436
3577,3577,0.9433333333333334,request_rescan,1.593649
3578,3578,0.9433333333333334,request_rescan,1.593981
3579,3579,0.9433333333333334,discard,1.594292
3580,3580,0.9433333333333334,request_rescan,1.59459
3581,3581,0.9433333333333334,request_rescan,1.59581
3582,3582,0.9433333333333334,discard,1.596142
3583,3583,0.9433333333333334,discard,1.596453
3584,3584,0.9433333333333334,discard,1.596746
3585,3585,0.9433333333333334,request_rescan,1.597965
3586,3586,0.9433333333333334,discard,1.598314
3587,3587,0.9433333333333334,request_rescan,1.59862
3588,3588,0.9433333333333334,request_rescan,1.598911
3589,3589,0.9433333333333334,request_rescan,1.600163
3590,3590,0.9433333333333334,discard,1.600502
3591,3591,0.9433333333333334,discard,1.600823
3592,3592,0.9433333333333334,request_rescan,1.601128
3593,3593,0.9433333333333334,discard,1.602332
3594,3594,0.9433333333333334,request_rescan,1.602659
3595,3595,0.9433333333333334,request_rescan,1.602963
3596,3596,0.9433333333333334,discard,1.603424
3597,3597,0.76,discard,1.604629
3598,3598,0.9433333333333334,request_rescan,1.604955
3599,3599,0.9433333333333334,discard,1.605266
3600,3600,0.9433333333333334,request_rescan,1.605561
3601,3601,0.9433333333333334,request_rescan,1.606857
3602,3602,0.76,discard,1.60743
3603,3603,0.9433333333333334,discard,1.607798
3604,3604,0.9433333333333334,discard,1.608093
3605,3605,0.9433333333333334,request_rescan,1.609363
3606,3606,0.76,discard,1.609682
3607,3607,0.9433333333333334,discard,1.609981
3608,3608,0.9433333333333334,discard,1.610276
3609,3609,0.9433333333333334,discard,1.61149
3610,3610,0.9433333333333334,discard,1.61181
3611,3611,0.9433333333333334,request_rescan,1.612116
3612,3612,0.9433333333333334,request_rescan,1.612411
3613,3613,0.9433333333333334,discard,1.613612
3614,3614,0.9433333333333334,discard,1.613932
3615,3615,0.76,discard,1.614242
3616,3616,0.76,discard,1.614557
3617,3617,0.9433333333333334,request_rescan,1.615772
3618,3618,0.9433333333333334,discard,1.616097
3619,3619,0.9433333333333334,request_rescan,1.616413
3620,3620,0.9433333333333334,discard,1.616717
3621,3621,0.9433333333333334,request_rescan,1.617932
3622,3622,0.9433333333333334,request_rescan,1.618251
3623,3623,0.9433333333333334,discard,1.618557
3624,3624,0.9433333333333334,request_rescan,1.618862
3625,3625,0.9433333333333334,discard,1.620284
3626,3626,0.9433333333333334,request_rescan,1.620619
3627,3627,0.9433333333333334,discard,1.620925
3628,3628,0.9433333333333334,discard,1.621222
3629,3629,0.9433333333333334,discard,1.622425
3630,3630,0.9433333333333334,request_rescan,1.622756
3631,3631,0.9433333333333334,discard,1.623059
3632,3632,0.9433333333333334,request_rescan,1.623433
3633,3633,0.9433333333333334,discard,1.624826
3634,3634,0.9433333333333334,discard,1.625153
3635,3635,0.9433333333333334,discard,1.625464
3636,3636,0.9433333333333334,request_rescan,1.625758
3637,3637,0.9433333333333334,request_rescan,1.626972
3638,3638,0.9433333333333334,request_rescan,1.627298
3639,3639,0.9433333333333334,request_rescan,1.627597
3640,3640,0.9433333333333334,discard,1.627887
3641,3641,0.9433333333333334,request_rescan,1.629098
3642,3642,0.9433333333333334,discard,1.629427
3643,3643,0.9433333333333334,request_rescan,1.629731
3644,3644,0.9433333333333334,request_rescan,1.630023
3645,3645,0.9433333333333334,discard,1.631245
3646,3646,0.9433333333333334,request_rescan,1.631574
3647,3647,0.9433333333333334,discard,1.631878
3648,3648,0.9433333333333334,discard,1.632174
3649,3649,0.9433333333333334,discard,1.633378
3650,3650,0.9433333333333334,request_rescan,1.633705
3651,3651,0.9433333333333334,request_rescan,1.634008
3652,3652,0.9433333333333334,discard,1.63431
3653,3653,0.9433333333333334,discard,1.635516
3654,3654,0.9433333333333334,request_rescan,1.635843
3655,3655,0.9433333333333334,request_rescan,1.636152
3656,3656,0.9433333333333334,discard,1.636448
3657,3657,0.9433333333333334,request_rescan,1.637942
3658,3658,0.9433333333333334,discard,1.638273
3659,3659,0.9433333333333334,request_rescan,1.638574
3660,3660,0.9433333333333334,discard,1.638868
3661,3661,0.9433333333333334,discard,1.640203
3662,3662,0.9433333333333334,discard,1.640633
3663,3663,0.9433333333333334,request_rescan,1.641178
3664,3664,0.9433333333333334,request_rescan,1.641473
3665,3665,0.9433333333333334,request_rescan,1.642722
3666,3666,0.9433333333333334,request_rescan,1.643046
3667,3667,0.9433333333333334,discard,1.643361
3668,3668,0.9433333333333334,request_rescan,1.643656
3669,3669,0.9433333333333334,request_rescan,1.644874
3670,3670,0.9433333333333334,discard,1.64521
3671,3671,0.9433333333333334,discard,1.645519
3672,3672,0.9433333333333334,request_rescan,1.645814
3673,3673,0.9433333333333334,discard,1.647028
3674,3674,0.9433333333333334,request_rescan,1.647354
3675,3675,0.9433333333333334,request_rescan,1.647659
3676,3676,0.9433333333333334,request_rescan,1.647948
3677,3677,0.9433333333333334,discard,1.649166
3678,3678,0.9433333333333334,request_rescan,1.649484
3679,3679,0.9433333333333334,request_rescan,1.649784
3680,3680,0.9433333333333334,discard,1.650076
3681,3681,0.9433333333333334,discard,1.651281
3682,3682,0.9433333333333334,request_rescan,1.651606
3683,3683,0.9433333333333334,discard,1.651907
3684,3684,0.9433333333333334,request_rescan,1.652202
3685,3685,0.9433333333333334,request_rescan,1.653453
3686,3686,0.9433333333333334,discard,1.653778
3687,3687,0.9433333333333334,request_rescan,1.654077
3688,3688,0.9433333333333334,discard,1.65438
3689,3689,0.9433333333333334,discard,1.655605
3690,3690,0.9433333333333334,discard,1.655928
3691,3691,0.9433333333333334,request_rescan,1.656237
3692,3692,0.9433333333333334,request_rescan,1.656533
3693,3693,0.9433333333333334,discard,1.658173
3694,3694,0.9433333333333334,discard,1.658502
3695,3695,0.9433333333333334,request_rescan,1.658806
3696,3696,0.9433333333333334,request_rescan,1.659102
3697,3697,0.9433333333333334,discard,1.660354
3698,3698,0.9433333333333334,request_rescan,1.660678
3699,3699,0.9433333333333334,discard,1.660983
3700,3700,0.9433333333333334,discard,1.661295
3701,3701,0.9433333333333334,discard,1.662526
3702,3702,0.9433333333333334,discard,1.662694
3703,3703,0.9433333333333334,discard,1.663011
3704,3704,0.9433333333333334,request_rescan,1.663317
3705,3705,0.9433333333333334,discard,1.66453
3706,3706,0.9433333333333334,discard,1.664855
3707,3707,0.9433333333333334,discard,1.665163
3708,3708,0.9433333333333334,request_rescan,1.665467
3709,3709,0.9433333333333334,request_rescan,1.666683
3710,3710,0.9433333333333334,request_rescan,1.666998
3711,3711,0.9433333333333334,discard,1.667302
3712,3712,0.9433333333333334,request_rescan,1.667594
3713,3713,0.9433333333333334,discard,1.668803
3714,3714,0.9433333333333334,request_rescan,1.669131
3715,3715,0.9433333333333334,request_rescan,1.669433
3716,3716,0.9433333333333334,request_rescan,1.669907
3717,3717,0.9433333333333334,discard,1.671155
3718,3718,0.76,discard,1.67133
3719,3719,0.9433333333333334,request_rescan,1.671653
3720,3720,0.9433333333333334,discard,1.671952
3721,3721,0.9433333333333334,discard,1.673184
3722,3722,0.9433333333333334,discard,1.673609
3723,3723,0.9433333333333334,request_rescan,1.674001
3724,3724,0.9433333333333334,request_rescan,1.67447
3725,3725,0.9433333333333334,discard,1.675696
3726,3726,0.9433333333333334,request_rescan,1.676021
3727,3727,0.9433333333333334,discard,1.676336
3728,3728,0.9433333333333334,request_rescan,1.676631
3729,3729,0.9433333333333334,discard,1.677847
3730,3730,0.9433333333333334,discard,1.678178
3731,3731,0.9433333333333334,request_rescan,1.678486
3732,3732,0.9433333333333334,discard,1.678781
3733,3733,0.9433333333333334,request_rescan,1.679988
3734,3734,0.9433333333333334,discard,1.68032
3735,3735,0.9433333333333334,request_rescan,1.680639
3736,3736,0.9433333333333334,request_rescan,1.680935
3737,3737,0.9433333333333334,request_rescan,1.68214
3738,3738,0.9433333333333334,discard,1.682467
3739,3739,0.9433333333333334,request_rescan,1.682767
3740,3740,0.9433333333333334,discard,1.683059
3741,3741,0.9433333333333334,request_rescan,1.684259
3742,3742,0.9433333333333334,request_rescan,1.684585
3743,3743,0.9433333333333334,request_rescan,1.68489
3744,3744,0.9433333333333334,request_rescan,1.685194
3745,3745,0.9433333333333334,discard,1.686395
3746,3746,0.9433333333333334,request_rescan,1.686718
3747,3747,0.9433333333333334,discard,1.687338
3748,3748,0.9433333333333334,request_rescan,1.687636
3749,3749,0.9433333333333334,discard,1.688876
3750,3750,0.9433333333333334,discard,1.689207
3751,3751,0.9433333333333334,request_rescan,1.689513
3752,3752,0.9433333333333334,request_rescan,1.689806
3753,3753,0.9433333333333334,request_rescan,1.691162
3754,3754,0.9433333333333334,request_rescan,1.691478
3755,3755,0.9433333333333334,discard,1.691778
3756,3756,0.9433333333333334,request_rescan,1.692069
3757,3757,0.9433333333333334,discard,1.693302
3758,3758,0.76,discard,1.693477
3759,3759,0.9433333333333334,request_rescan,1.693787
3760,3760,0.9433333333333334,request_rescan,1.694103
3761,3761,0.9433333333333334,request_rescan,1.695314
3762,3762,0.9433333333333334,request_rescan,1.695634
3763,3763,0.9433333333333334,request_rescan,1.695957
3764,3764,0.9433333333333334,discard,1.69627
3765,3765,0.9433333333333334,request_rescan,1.697489
3766,3766,0.9433333333333334,request_rescan,1.69782
3767,3767,0.9433333333333334,request_rescan,1.698132
3768,3768,0.9433333333333334,request_rescan,1.69843
3769,3769,0.9433333333333334,discard,1.699621
3770,3770,0.9433333333333334,request_rescan,1.699948
3771,3771,0.9433333333333334,discard,1.700262
3772,3772,0.9433333333333334,request_rescan,1.700569
3773,3773,0.9433333333333334,request_rescan,1.701783
3774,3774,0.9433333333333334,request_rescan,1.702113
3775,3775,0.9433333333333334,request_rescan,1.702428
3776,3776,0.9433333333333334,request_rescan,1.70272
3777,3777,0.9433333333333334,request_rescan,1.703948
3778,3778,0.9433333333333334,discard,1.704267
3779,3779,0.9433333333333334,request_rescan,1.704565
3780,3780,0.9433333333333334,request_rescan,1.704854
3781,3781,0.9433333333333334,discard,1.706062
3782,3782,0.9433333333333334,request_rescan,1.706241
3783,3783,0.9433333333333334,request_rescan,1.706559
3784,3784,0.9433333333333334,request_rescan,1.706928
3785,3785,0.9433333333333334,request_rescan,1.708454
3786,3786,0.9433333333333334,request_rescan,1.708781
3787,3787,0.9433333333333334,request_rescan,1.709083
3788,3788,0.9433333333333334,discard,1.70939
3789,3789,0.9433333333333334,request_rescan,1.710658
3790,3790,0.9433333333333334,discard,1.710988
3791,3791,0.9433333333333334,discard,1.711304
3792,3792,0.6633333333333333,log_and_continue,1.711466
3793,3793,0.9433333333333334,request_rescan,1.712686
3794,3794,0.9433333333333334,discard,1.713014
3795,3795,0.9433333333333334,discard,1.713322
3796,3796,0.9433333333333334,discard,1.713614
3797,3797,0.9433333333333334,request_rescan,1.714845
3798,3798,0.9433333333333334,discard,1.715175
3799,3799,0.9433333333333334,discard,1.715345
3800,3800,0.9433333333333334,discard,1.715657
3801,3801,0.9433333333333334,request_rescan,1.716893
3802,3802,0.9433333333333334,request_rescan,1.717231
3803,3803,0.9433333333333334,request_rescan,1.717538
3804,3804,0.9433333333333334,request_rescan,1.717844
3805,3805,0.9433333333333334,request_rescan,1.719083
3806,3806,0.9433333333333334,discard,1.719274
3807,3807,0.9433333333333334,request_rescan,1.719732
3808,3808,0.9433333333333334,discard,1.720172
3809,3809,0.9433333333333334,discard,1.721394
3810,3810,0.76,log_and_continue,1.721566
3811,3811,0.9433333333333334,request_rescan,1.721884
3812,3812,0.9433333333333334,discard,1.722187
3813,3813,0.9433333333333334,discard,1.723408
3814,3814,0.9433333333333334,request_rescan,1.723916
3815,3815,0.9433333333333334,request_rescan,1.724474
3816,3816,0.9433333333333334,discard,1.724777
3817,3817,0.9433333333333334,request_rescan,1.72604
3818,3818,0.9433333333333334,discard,1.726387
3819,3819,0.9433333333333334,request_rescan,1.726688
3820,3820,0.9433333333333334,request_rescan,1.72699
3821,3821,0.9433333333333334,discard,1.728229
3822,3822,0.9433333333333334,discard,1.728553
3823,3823,0.9433333333333334,request_rescan,1.728866
3824,3824,0.9433333333333334,discard,1.729162
3825,3825,0.9433333333333334,request_rescan,1.730373
3826,3826,0.9433333333333334,request_rescan,1.730702
3827,3827,0.9433333333333334,request_rescan,1.731037
3828,3828,0.6633333333333333,log_and_continue,1.73121
3829,3829,0.9433333333333334,request_rescan,1.732419
3830,3830,0.9433333333333334,request_rescan,1.732752
3831,3831,0.9433333333333334,discard,1.733054
3832,3832,0.9433333333333334,discard,1.733368
3833,3833,0.9433333333333334,discard,1.734603
3834,3834,0.76,request_rescan,1.734777
3835,3835,0.9433333333333334,request_rescan,1.735082
3836,3836,0.9433333333333334,request_rescan,1.735399
3837,3837,0.9433333333333334,discard,1.736653
3838,3838,0.9433333333333334,discard,1.736969
3839,3839,0.9433333333333334,discard,1.737305
3840,3840,0.9433333333333334,discard,1.737607
3841,3841,0.9433333333333334,discard,1.738812
3842,3842,0.9433333333333334,request_rescan,1.739165
3843,3843,0.9433333333333334,request_rescan,1.739477
3844,3844,0.9433333333333334,request_rescan,1.739775
3845,3845,0.9433333333333334,discard,1.741292
3846,3846,0.9433333333333334,discard,1.741633
3847,3847,0.9433333333333334,request_rescan,1.741935
3848,3848,0.9433333333333334,discard,1.742233
3849,3849,0.9433333333333334,discard,1.743463
3850,3850,0.9433333333333334,discard,1.743789
3851,3851,0.9433333333333334,request_rescan,1.744096
3852,3852,0.9433333333333334,discard,1.744399
3853,3853,0.9433333333333334,request_rescan,1.745623
3854,3854,0.9433333333333334,request_rescan,1.745956
3855,3855,0.9433333333333334,request_rescan,1.746264
3856,3856,0.9433333333333334,discard,1.746561
3857,3857,0.9433333333333334,discard,1.747797
3858,3858,0.9433333333333334,discard,1.748126
3859,3859,0.9433333333333334,discard,1.748436
3860,3860,0.9433333333333334,discard,1.748729
3861,3861,0.9433333333333334,request_rescan,1.749964
3862,3862,0.9433333333333334,request_rescan,1.7503
3863,3863,0.9433333333333334,discard,1.750608
3864,3864,0.9433333333333334,discard,1.750904
3865,3865,0.9433333333333334,request_rescan,1.75213
3866,3866,0.9433333333333334,discard,1.752309
3867,3867,0.9433333333333334,request_rescan,1.752632
3868,3868,0.9433333333333334,request_rescan,1.75293
3869,3869,0.9433333333333334,discard,1.75468
3870,3870,0.9433333333333334,request_rescan,1.755004
3871,3871,0.9433333333333334,discard,1.755332
3872,3872,0.9433333333333334,discard,1.755626
3873,3873,0.9433333333333334,request_rescan,1.756926
3874,3874,0.9433333333333334,request_rescan,1.757435
3875,3875,0.9433333333333334,request_rescan,1.757801
3876,3876,0.9433333333333334,discard,1.758097
3877,3877,0.9433333333333334,request_rescan,1.759353
3878,3878,0.9433333333333334,discard,1.759678
3879,3879,0.9433333333333334,discard,1.759978
3880,3880,0.9433333333333334,discard,1.760278
3881,3881,0.9433333333333334,request_rescan,1.761486
3882,3882,0.9433333333333334,discard,1.761813
3883,3883,0.9433333333333334,discard,1.762123
3884,3884,0.9433333333333334,request_rescan,1.76242
3885,3885,0.9433333333333334,request_rescan,1.763628
3886,3886,0.9433333333333334,request_rescan,1.76395
3887,3887,0.9433333333333334,discard,1.764254
3888,3888,0.9433333333333334,request_rescan,1.764555
3889,3889,0.9433333333333334,discard,1.765778
3890,3890,0.9433333333333334,discard,1.766105
3891,3891,0.9433333333333334,discard,1.766429
3892,3892,0.9433333333333334,discard,1.766734
3893,3893,0.9433333333333334,discard,1.767941
3894,3894,0.9433333333333334,discard,1.768276
3895,3895,0.9433333333333334,request_rescan,1.768583
3896,3896,0.9433333333333334,request_rescan,1.768879
3897,3897,0.9433333333333334,discard,1.770196
3898,3898,0.9433333333333334,request_rescan,1.770525
3899,3899,0.9433333333333334,request_rescan,1.770827
3900,3900,0.9433333333333334,request_rescan,1.771124
3901,3901,0.9433333333333334,request_rescan,1.772364
3902,3902,0.9433333333333334,request_rescan,1.772689
3903,3903,0.9433333333333334,request_rescan,1.772997
3904,3904,0.9433333333333334,discard,1.773304
3905,3905,0.9433333333333334,request_rescan,1.774739
3906,3906,0.9433333333333334,request_rescan,1.775062
3907,3907,0.9433333333333334,discard,1.775376
3908,3908,0.9433333333333334,discard,1.77567
3909,3909,0.9433333333333334,request_rescan,1.776874
3910,3910,0.76,discard,1.777205
3911,3911,0.9433333333333334,discard,1.777512
3912,3912,0.76,discard,1.777809
3913,3913,0.9433333333333334,discard,1.779008
3914,3914,0.9433333333333334,request_rescan,1.779338
3915,3915,0.9433333333333334,request_rescan,1.779642
3916,3916,0.9433333333333334,discard,1.779933
3917,3917,0.9433333333333334,discard,1.781162
3918,3918,0.76,discard,1.781342
3919,3919,0.9433333333333334,discard,1.781662
3920,3920,0.9433333333333334,discard,1.781962
3921,3921,0.9433333333333334,discard,1.783167
3922,3922,0.9433333333333334,discard,1.783495
3923,3923,0.9433333333333334,discard,1.783797
3924,3924,0.9433333333333334,request_rescan,1.784086
3925,3925,0.9433333333333334,request_rescan,1.785299
3926,3926,0.9433333333333334,discard,1.785624
3927,3927,0.9433333333333334,discard,1.785927
3928,3928,0.9433333333333334,discard,1.786377
3929,3929,0.9433333333333334,discard,1.787608
3930,3930,0.9433333333333334,discard,1.787929
3931,3931,0.9433333333333334,discard,1.788241
3932,3932,0.9433333333333334,discard,1.788538
3933,3933,0.9433333333333334,request_rescan,1.789765
3934,3934,0.9433333333333334,discard,1.790226
3935,3935,0.9433333333333334,discard,1.790592
3936,3936,0.9433333333333334,discard,1.790951
3937,3937,0.9433333333333334,discard,1.792172
3938,3938,0.9433333333333334,request_rescan,1.792499
3939,3939,0.9433333333333334,discard,1.792801
3940,3940,0.9433333333333334,discard,1.793097
3941,3941,0.9433333333333334,request_rescan,1.794317
3942,3942,0.9433333333333334,discard,1.794648
3943,3943,0.9433333333333334,request_rescan,1.794954
3944,3944,0.9433333333333334,request_rescan,1.795251
3945,3945,0.9433333333333334,discard,1.796458
3946,3946,0.9433333333333334,discard,1.796784
3947,3947,0.9433333333333334,request_rescan,1.797087
3948,3948,0.9433333333333334,discard,1.797388
3949,3949,0.9433333333333334,discard,1.798607
3950,3950,0.9433333333333334,discard,1.798923
3951,3951,0.9433333333333334,request_rescan,1.799238
3952,3952,0.9433333333333334,discard,1.799548
3953,3953,0.9433333333333334,discard,1.800778
3954,3954,0.9433333333333334,discard,1.801111
3955,3955,0.9433333333333334,discard,1.801419
3956,3956,0.9433333333333334,request_rescan,1.80171
3957,3957,0.9433333333333334,request_rescan,1.802921
3958,3958,0.9433333333333334,request_rescan,1.803246
3959,3959,0.9433333333333334,discard,1.803725
3960,3960,0.9433333333333334,discard,1.804022
3961,3961,0.9433333333333334,request_rescan,1.805274
3962,3962,0.9433333333333334,discard,1.805601
3963,3963,0.9433333333333334,request_rescan,1.805904
3964,3964,0.9433333333333334,request_rescan,1.806204
3965,3965,0.9433333333333334,request_rescan,1.807711
3966,3966,0.9433333333333334,discard,1.808108
3967,3967,0.9433333333333334,request_rescan,1.808415
3968,3968,0.9433333333333334,request_rescan,1.808707
3969,3969,0.9433333333333334,request_rescan,1.809937
3970,3970,0.9433333333333334,request_rescan,1.810269
3971,3971,0.9433333333333334,request_rescan,1.810574
3972,3972,0.9433333333333334,discard,1.810865
3973,3973,0.9433333333333334,request_rescan,1.812077
3974,3974,0.9433333333333334,discard,1.812424
3975,3975,0.9433333333333334,discard,1.812741
3976,3976,0.9433333333333334,discard,1.813033
3977,3977,0.9433333333333334,request_rescan,1.81426
3978,3978,0.9433333333333334,request_rescan,1.81458
3979,3979,0.9433333333333334,discard,1.814879
3980,3980,0.9433333333333334,request_rescan,1.815173
3981,3981,0.9433333333333334,request_rescan,1.816388
3982,3982,0.9433333333333334,discard,1.816713
3983,3983,0.9433333333333334,request_rescan,1.817015
3984,3984,0.9433333333333334,request_rescan,1.817316
3985,3985,0.9433333333333334,request_rescan,1.818529
3986,3986,0.9433333333333334,discard,1.818854
3987,3987,0.9433333333333334,request_rescan,1.81917
3988,3988,0.9433333333333334,discard,1.819706
3989,3989,0.9433333333333334,discard,1.821056
3990,3990,0.9433333333333334,request_rescan,1.821405
3991,3991,0.9433333333333334,request_rescan,1.821707
3992,3992,0.9433333333333334,request_rescan,1.822004
3993,3993,0.9433333333333334,request_rescan,1.823245
3994,3994,0.76,discard,1.82364
3995,3995,0.76,discard,1.824006
3996,3996,0.9433333333333334,discard,1.824365
3997,3997,0.9433333333333334,discard,1.825597
3998,3998,0.9433333333333334,request_rescan,1.825934
3999,3999,0.9433333333333334,discard,1.826242
4000,4000,0.9433333333333334,discard,1.826547
4001,4001,0.9433333333333334,request_rescan,1.827868
4002,4002,0.9433333333333334,discard,1.828192
4003,4003,0.76,discard,1.828498
4004,4004,0.76,discard,1.82879
4005,4005,0.9433333333333334,request_rescan,1.830027
4006,4006,0.9433333333333334,discard,1.830363
4007,4007,0.76,discard,1.830669
4008,4008,0.9433333333333334,request_rescan,1.830831
4009,4009,0.9433333333333334,discard,1.832045
4010,4010,0.9433333333333334,discard,1.83239
4011,4011,0.9433333333333334,request_rescan,1.832696
4012,4012,0.9433333333333334,request_rescan,1.832989
4013,4013,0.9433333333333334,request_rescan,1.834193
4014,4014,0.9433333333333334,discard,1.834519
4015,4015,0.9433333333333334,discard,1.834822
4016,4016,0.9433333333333334,request_rescan,1.835118
4017,4017,0.9433333333333334,discard,1.836347
4018,4018,0.9433333333333334,discard,1.836935
4019,4019,0.9433333333333334,request_rescan,1.837246
4020,4020,0.9433333333333334,discard,1.837556
4021,4021,0.9433333333333334,discard,1.838826
4022,4022,0.76,log_and_continue,1.839002
4023,4023,0.9433333333333334,discard,1.83933
4024,4024,0.9433333333333334,discard,1.839635
4025,4025,0.9433333333333334,discard,1.841101
4026,4026,0.9433333333333334,discard,1.841429
4027,4027,0.9433333333333334,request_rescan,1.841729
4028,4028,0.9433333333333334,discard,1.842021
4029,4029,0.9433333333333334,discard,1.843226
4030,4030,0.9433333333333334,request_rescan,1.843555
4031,4031,0.9433333333333334,request_rescan,1.843856
4032,4032,0.9433333333333334,discard,1.844151
4033,4033,0.9433333333333334,request_rescan,1.845357
4034,4034,0.9433333333333334,request_rescan,1.845672
4035,4035,0.9433333333333334,request_rescan,1.845968
4036,4036,0.9433333333333334,discard,1.846261
4037,4037,0.9433333333333334,request_rescan,1.847463
4038,4038,0.9433333333333334,discard,1.847788
4039,4039,0.9433333333333334,discard,1.848098
4040,4040,0.9433333333333334,discard,1.848394
4041,4041,0.9433333333333334,request_rescan,1.849604
4042,4042,0.9433333333333334,request_rescan,1.849937
4043,4043,0.9433333333333334,discard,1.850254
4044,4044,0.9433333333333334,discard,1.850552
4045,4045,0.9433333333333334,discard,1.851768
4046,4046,0.9433333333333334,discard,1.852087
4047,4047,0.9433333333333334,discard,1.852407
4048,4048,0.9433333333333334,discard,1.853016
4049,4049,0.9433333333333334,request_rescan,1.854298
4050,4050,0.9433333333333334,request_rescan,1.854615
4051,4051,0.9433333333333334,request_rescan,1.854936
4052,4052,0.9433333333333334,discard,1.855239
4053,4053,0.9433333333333334,discard,1.856454
4054,4054,0.9433333333333334,request_rescan,1.856857
4055,4055,0.9433333333333334,request_rescan,1.85725
4056,4056,0.9433333333333334,discard,1.857617
4057,4057,0.76,request_rescan,1.858725
4058,4058,0.9433333333333334,discard,1.859067
4059,4059,0.9433333333333334,request_rescan,1.859396
4060,4060,0.9433333333333334,discard,1.859702
4061,4061,0.9433333333333334,request_rescan,1.86093
4062,4062,0.9433333333333334,request_rescan,1.861276
4063,4063,0.9433333333333334,request_rescan,1.861599
4064,4064,0.9433333333333334,request_rescan,1.861905
4065,4065,0.9433333333333334,discard,1.863116
4066,4066,0.9433333333333334,request_rescan,1.863443
4067,4067,0.9433333333333334,request_rescan,1.86375
4068,4068,0.9433333333333334,discard,1.864043
4069,4069,0.9433333333333334,request_rescan,1.86525
4070,4070,0.9433333333333334,request_rescan,1.865577
4071,4071,0.9433333333333334,discard,1.865879
4072,4072,0.9433333333333334,request_rescan,1.866173
4073,4073,0.9433333333333334,discard,1.867405
4074,4074,0.9433333333333334,discard,1.867739
4075,4075,0.9433333333333334,request_rescan,1.868051
4076,4076,0.9433333333333334,request_rescan,1.868357
4077,4077,0.76,request_rescan,1.869624
4078,4078,0.76,request_rescan,1.869814
4079,4079,0.76,request_rescan,1.870202
4080,4080,0.9433333333333334,discard,1.870506
4081,4081,0.9433333333333334,discard,1.871726
4082,4082,0.9433333333333334,discard,1.872054
4083,4083,0.9433333333333334,request_rescan,1.872367
4084,4084,0.9433333333333334,request_rescan,1.872659
4085,4085,0.9433333333333334,discard,1.873958
4086,4086,0.9433333333333334,discard,1.874362
4087,4087,0.9433333333333334,discard,1.874673
4088,4088,0.9433333333333334,discard,1.874977
4089,4089,0.9433333333333334,discard,1.876218
4090,4090,0.9433333333333334,discard,1.876545
4091,4091,0.9433333333333334,request_rescan,1.876853
4092,4092,0.9433333333333334,discard,1.877153
4093,4093,0.9433333333333334,request_rescan,1.878383
4094,4094,0.9433333333333334,discard,1.878704
4095,4095,0.9433333333333334,request_rescan,1.879007
4096,4096,0.9433333333333334,discard,1.879306
4097,4097,0.9433333333333334,request_rescan,1.880523
4098,4098,0.9433333333333334,discard,1.880856
4099,4099,0.9433333333333334,request_rescan,1.881174
4100,4100,0.9433333333333334,request_rescan,1.881475
4101,4101,0.9433333333333334,discard,1.882718
4102,4102,0.9433333333333334,request_rescan,1.88304
4103,4103,0.9433333333333334,request_rescan,1.883349
4104,4104,0.9433333333333334,request_rescan,1.88364
4105,4105,0.9433333333333334,request_rescan,1.884884
4106,4106,0.9433333333333334,request_rescan,1.885215
4107,4107,0.9433333333333334,request_rescan,1.885528
4108,4108,0.9433333333333334,discard,1.88582
4109,4109,0.9433333333333334,discard,1.887183
4110,4110,0.76,log_and_continue,1.887363
4111,4111,0.9433333333333334,request_rescan,1.887693
4112,4112,0.9433333333333334,discard,1.888001
4113,4113,0.9433333333333334,discard,1.889239
4114,4114,0.9433333333333334,request_rescan,1.889558
4115,4115,0.9433333333333334,request_rescan,1.889862
4116,4116,0.9433333333333334,request_rescan,1.890238
4117,4117,0.9433333333333334,request_rescan,1.891851
4118,4118,0.9433333333333334,discard,1.892189
4119,4119,0.9433333333333334,request_rescan,1.892497
4120,4120,0.9433333333333334,request_rescan,1.892793
4121,4121,0.9433333333333334,discard,1.894022
4122,4122,0.9433333333333334,request_rescan,1.894356
4123,4123,0.9433333333333334,discard,1.894666
4124,4124,0.76,request_rescan,1.894835
4125,4125,0.9433333333333334,request_rescan,1.896045
4126,4126,0.9433333333333334,discard,1.896377
4127,4127,0.9433333333333334,discard,1.89668
4128,4128,0.9433333333333334,request_rescan,1.896973
4129,4129,0.9433333333333334,discard,1.898202
4130,4130,0.9433333333333334,discard,1.898528
4131,4131,0.9433333333333334,discard,1.898835
4132,4132,0.9433333333333334,discard,1.899139
4133,4133,0.9433333333333334,discard,1.900369
4134,4134,0.9433333333333334,discard,1.900694
4135,4135,0.9433333333333334,request_rescan,1.900996
4136,4136,0.9433333333333334,request_rescan,1.901299
4137,4137,0.9433333333333334,discard,1.902525
4138,4138,0.9433333333333334,discard,1.903083
4139,4139,0.9433333333333334,request_rescan,1.903391
4140,4140,0.9433333333333334,request_rescan,1.903689
4141,4141,0.9433333333333334,request_rescan,1.90492
4142,4142,0.9433333333333334,discard,1.905249
4143,4143,0.9433333333333334,request_rescan,1.905572
4144,4144,0.9433333333333334,discard,1.905895
4145,4145,0.9433333333333334,discard,1.907281
4146,4146,0.9433333333333334,request_rescan,1.907676
4147,4147,0.76,discard,1.907846
4148,4148,0.9433333333333334,discard,1.908156
4149,4149,0.9433333333333334,discard,1.909398
4150,4150,0.9433333333333334,discard,1.909725
4151,4151,0.9433333333333334,request_rescan,1.910024
4152,4152,0.9433333333333334,discard,1.910321
4153,4153,0.9433333333333334,discard,1.911541
4154,4154,0.76,discard,1.911865
4155,4155,0.9433333333333334,discard,1.91217
4156,4156,0.9433333333333334,discard,1.91247
4157,4157,0.9433333333333334,discard,1.913691
4158,4158,0.9433333333333334,request_rescan,1.914014
4159,4159,0.9433333333333334,request_rescan,1.914326
4160,4160,0.9433333333333334,discard,1.914629
4161,4161,0.9433333333333334,discard,1.915738
4162,4162,0.76,discard,1.916076
4163,4163,0.9433333333333334,discard,1.9164
4164,4164,0.9433333333333334,discard,1.916704
4165,4165,0.9433333333333334,request_rescan,1.917933
4166,4166,0.9433333333333334,discard,1.918263
4167,4167,0.9433333333333334,discard,1.918571
4168,4168,0.9433333333333334,discard,1.918862
4169,4169,0.9433333333333334,request_rescan,1.920274
4170,4170,0.9433333333333334,discard,1.920601
4171,4171,0.9433333333333334,discard,1.920903
4172,4172,0.9433333333333334,request_rescan,1.921201
4173,4173,0.9433333333333334,discard,1.922439
4174,4174,0.9433333333333334,discard,1.922776
4175,4175,0.9433333333333334,discard,1.923086
4176,4176,0.9433333333333334,request_rescan,1.92351
4177,4177,0.9433333333333334,request_rescan,1.924957
4178,4178,0.9433333333333334,request_rescan,1.925284
4179,4179,0.9433333333333334,discard,1.925584
4180,4180,0.9433333333333334,discard,1.925879
4181,4181,0.9433333333333334,discard,1.927133
4182,4182,0.9433333333333334,request_rescan,1.927458
4183,4183,0.9433333333333334,discard,1.927755
4184,4184,0.9433333333333334,discard,1.928049
4185,4185,0.9433333333333334,discard,1.929285
4186,4186,0.9433333333333334,request_rescan,1.92961
4187,4187,0.9433333333333334,discard,1.929913
4188,4188,0.9433333333333334,discard,1.930213
4189,4189,0.9433333333333334,discard,1.931438
4190,4190,0.9433333333333334,discard,1.931764
4191,4191,0.9433333333333334,discard,1.932068
4192,4192,0.9433333333333334,request_rescan,1.93237
4193,4193,0.9433333333333334,discard,1.933567
4194,4194,0.9433333333333334,discard,1.933891
4195,4195,0.9433333333333334,discard,1.934205
4196,4196,0.9433333333333334,discard,1.934509
4197,4197,0.9433333333333334,request_rescan,1.935746
4198,4198,0.9433333333333334,request_rescan,1.936085
4199,4199,0.9433333333333334,request_rescan,1.936553
4200,4200,0.9433333333333334,discard,1.936851
4201,4201,0.9433333333333334,request_rescan,1.93817
4202,4202,0.9433333333333334,request_rescan,1.938489
4203,4203,0.9433333333333334,request_rescan,1.938788
4204,4204,0.9433333333333334,discard,1.939077
4205,4205,0.76,discard,1.94031
4206,4206,0.9433333333333334,discard,1.940688
4207,4207,0.9433333333333334,discard,1.941049
4208,4208,0.76,discard,1.941349
4209,4209,0.9433333333333334,discard,1.942581
4210,4210,0.9433333333333334,discard,1.942904
4211,4211,0.9433333333333334,discard,1.943211
4212,4212,0.76,discard,1.943516
4213,4213,0.76,discard,1.944745
4214,4214,0.76,discard,1.945072
4215,4215,0.9433333333333334,request_rescan,1.945388
4216,4216,0.76,discard,1.945559
4217,4217,0.9433333333333334,discard,1.946785
4218,4218,0.9433333333333334,request_rescan,1.94713
4219,4219,0.9433333333333334,discard,1.947447
4220,4220,0.9433333333333334,request_rescan,1.94775
4221,4221,0.9433333333333334,request_rescan,1.948973
4222,4222,0.9433333333333334,request_rescan,1.949306
4223,4223,0.9433333333333334,discard,1.949611
4224,4224,0.9433333333333334,discard,1.949903
4225,4225,0.9433333333333334,request_rescan,1.951105
4226,4226,0.9433333333333334,request_rescan,1.951432
4227,4227,0.9433333333333334,request_rescan,1.951735
4228,4228,0.9433333333333334,discard,1.952032
4229,4229,0.9433333333333334,discard,1.953277
4230,4230,0.9433333333333334,discard,1.953764
4231,4231,0.76,request_rescan,1.953938
4232,4232,0.9433333333333334,discard,1.954252
4233,4233,0.9433333333333334,discard,1.955469
4234,4234,0.9433333333333334,discard,1.955797
4235,4235,0.9433333333333334,discard,1.956107
4236,4236,0.9433333333333334,discard,1.956404
4237,4237,0.9433333333333334,request_rescan,1.957786
4238,4238,0.9433333333333334,request_rescan,1.958116
4239,4239,0.9433333333333334,request_rescan,1.958425
4240,4240,0.9433333333333334,discard,1.958721
4241,4241,0.9433333333333334,discard,1.959925
4242,4242,0.76,discard,1.960109
4243,4243,0.9433333333333334,discard,1.960438
4244,4244,0.9433333333333334,request_rescan,1.960752
4245,4245,0.9433333333333334,request_rescan,1.96199
4246,4246,0.9433333333333334,discard,1.962323
4247,4247,0.9433333333333334,request_rescan,1.962624
4248,4248,0.9433333333333334,request_rescan,1.962913
4249,4249,0.9433333333333334,discard,1.964142
4250,4250,0.9433333333333334,discard,1.964469
4251,4251,0.9433333333333334,request_rescan,1.964769
4252,4252,0.9433333333333334,discard,1.965061
4253,4253,0.9433333333333334,request_rescan,1.966173
4254,4254,0.9433333333333334,discard,1.96652
4255,4255,0.9433333333333334,request_rescan,1.966829
4256,4256,0.9433333333333334,request_rescan,1.967129
4257,4257,0.9433333333333334,request_rescan,1.968348
4258,4258,0.9433333333333334,discard,1.968676
4259,4259,0.9433333333333334,discard,1.968986
4260,4260,0.9433333333333334,discard,1.969294
4261,4261,0.76,discard,1.970734
4262,4262,0.9433333333333334,request_rescan,1.971077
4263,4263,0.9433333333333334,request_rescan,1.97139
4264,4264,0.9433333333333334,request_rescan,1.971683
4265,4265,0.9433333333333334,discard,1.972918
4266,4266,0.9433333333333334,discard,1.973252
4267,4267,0.9433333333333334,request_rescan,1.97377
4268,4268,0.9433333333333334,request_rescan,1.974261
4269,4269,0.9433333333333334,request_rescan,1.975539
4270,4270,0.9433333333333334,request_rescan,1.975855
4271,4271,0.9433333333333334,request_rescan,1.976177
4272,4272,0.9433333333333334,request_rescan,1.976477
4273,4273,0.9433333333333334,discard,1.977699
4274,4274,0.9433333333333334,discard,1.978033
4275,4275,0.9433333333333334,request_rescan,1.978344
4276,4276,0.9433333333333334,request_rescan,1.978641
4277,4277,0.9433333333333334,discard,1.979861
4278,4278,0.9433333333333334,request_rescan,1.980198
4279,4279,0.9433333333333334,discard,1.980508
4280,4280,0.9433333333333334,request_rescan,1.980807
4281,4281,0.9433333333333334,request_rescan,1.982018
4282,4282,0.9433333333333334,discard,1.982352
4283,4283,0.9433333333333334,discard,1.982653
4284,4284,0.9433333333333334,discard,1.982944
4285,4285,0.9433333333333334,request_rescan,1.984166
4286,4286,0.9433333333333334,request_rescan,1.984501
4287,4287,0.9433333333333334,discard,1.984813
4288,4288,0.9433333333333334,request_rescan,1.985112
4289,4289,0.9433333333333334,request_rescan,1.986341
4290,4290,0.9433333333333334,request_rescan,1.986893
4291,4291,0.9433333333333334,request_rescan,1.987271
4292,4292,0.9433333333333334,discard,1.98757
4293,4293,0.9433333333333334,request_rescan,1.988832
4294,4294,0.9433333333333334,request_rescan,1.989161
4295,4295,0.9433333333333334,request_rescan,1.989469
4296,4296,0.9433333333333334,discard,1.98976
4297,4297,0.9433333333333334,request_rescan,1.991106
4298,4298,0.9433333333333334,discard,1.991439
4299,4299,0.9433333333333334,discard,1.991753
4300,4300,0.9433333333333334,request_rescan,1.992052
4301,4301,0.9433333333333334,request_rescan,1.993302
4302,4302,0.9433333333333334,request_rescan,1.993622
4303,4303,0.9433333333333334,discard,1.993925
4304,4304,0.9433333333333334,discard,1.994222
4305,4305,0.9433333333333334,discard,1.995428
4306,4306,0.76,discard,1.995601
4307,4307,0.9433333333333334,discard,1.995923
4308,4308,0.9433333333333334,request_rescan,1.996229
4309,4309,0.9433333333333334,request_rescan,1.997452
4310,4310,0.9433333333333334,discard,1.997779
4311,4311,0.9433333333333334,discard,1.998079
4312,4312,0.9433333333333334,request_rescan,1.998388
4313,4313,0.9433333333333334,request_rescan,1.999603
4314,4314,0.9433333333333334,discard,1.999926
4315,4315,0.9433333333333334,request_rescan,2.000234
4316,4316,0.9433333333333334,request_rescan,2.000531
4317,4317,0.9433333333333334,request_rescan,2.001747
4318,4318,0.9433333333333334,discard,2.002059
4319,4319,0.9433333333333334,request_rescan,2.002361
4320,4320,0.9433333333333334,request_rescan,2.00265
4321,4321,0.9433333333333334,discard,2.004201
4322,4322,0.9433333333333334,discard,2.004533
4323,4323,0.9433333333333334,discard,2.00484
4324,4324,0.9433333333333334,discard,2.005141
4325,4325,0.9433333333333334,request_rescan,2.006371
4326,4326,0.9433333333333334,request_rescan,2.006818
4327,4327,0.9433333333333334,discard,2.007367
4328,4328,0.9433333333333334,discard,2.00773
4329,4329,0.9433333333333334,discard,2.008999
4330,4330,0.9433333333333334,discard,2.009319
4331,4331,0.9433333333333334,discard,2.009614
4332,4332,0.9433333333333334,discard,2.009909
4333,4333,0.9433333333333334,request_rescan,2.011134
4334,4334,0.9433333333333334,request_rescan,2.011458
4335,4335,0.9433333333333334,request_rescan,2.011762
4336,4336,0.9433333333333334,request_rescan,2.012074
4337,4337,0.9433333333333334,request_rescan,2.013295
4338,4338,0.9433333333333334,request_rescan,2.013625
4339,4339,0.9433333333333334,request_rescan,2.013935
4340,4340,0.9433333333333334,discard,2.014235
4341,4341,0.9433333333333334,discard,2.015458
4342,4342,0.9433333333333334,request_rescan,2.015782
4343,4343,0.76,request_rescan,2.015949
4344,4344,0.9433333333333334,discard,2.016257
4345,4345,0.9433333333333334,request_rescan,2.017486
4346,4346,0.9433333333333334,request_rescan,2.017821
4347,4347,0.9433333333333334,request_rescan,2.018131
4348,4348,0.9433333333333334,request_rescan,2.01843
4349,4349,0.9433333333333334,request_rescan,2.019638
4350,4350,0.9433333333333334,request_rescan,2.019948
4351,4351,0.9433333333333334,discard,2.020254
4352,4352,0.9433333333333334,discard,2.020704
4353,4353,0.9433333333333334,discard,2.021918
4354,4354,0.9433333333333334,request_rescan,2.02225
4355,4355,0.9433333333333334,discard,2.022561
4356,4356,0.9433333333333334,discard,2.02286
4357,4357,0.9433333333333334,request_rescan,2.024119
4358,4358,0.9433333333333334,discard,2.024519
4359,4359,0.9433333333333334,request_rescan,2.024829
4360,4360,0.9433333333333334,discard,2.025132
4361,4361,0.9433333333333334,request_rescan,2.026363
4362,4362,0.9433333333333334,request_rescan,2.026686
4363,4363,0.9433333333333334,request_rescan,2.026988
4364,4364,0.9433333333333334,request_rescan,2.027287
4365,4365,0.9433333333333334,request_rescan,2.028503
4366,4366,0.9433333333333334,discard,2.028829
4367,4367,0.9433333333333334,request_rescan,2.029136
4368,4368,0.9433333333333334,request_rescan,2.029433
4369,4369,0.9433333333333334,discard,2.030653
4370,4370,0.9433333333333334,discard,2.031014
4371,4371,0.9433333333333334,discard,2.031343
4372,4372,0.9433333333333334,discard,2.031652
4373,4373,0.9433333333333334,discard,2.032879
4374,4374,0.9433333333333334,request_rescan,2.033211
4375,4375,0.9433333333333334,discard,2.033515
4376,4376,0.9433333333333334,request_rescan,2.03381
4377,4377,0.9433333333333334,request_rescan,2.035024
4378,4378,0.9433333333333334,request_rescan,2.035346
4379,4379,0.9433333333333334,discard,2.035655
4380,4380,0.9433333333333334,discard,2.035962
4381,4381,0.9433333333333334,discard,2.037342
4382,4382,0.9433333333333334,request_rescan,2.037673
4383,4383,0.9433333333333334,request_rescan,2.037973
4384,4384,0.9433333333333334,discard,2.038276
4385,4385,0.9433333333333334,discard,2.039501
4386,4386,0.9433333333333334,request_rescan,2.039833
4387,4387,0.9433333333333334,request_rescan,2.040209
4388,4388,0.9433333333333334,discard,2.040779
4389,4389,0.9433333333333334,request_rescan,2.041966
4390,4390,0.9433333333333334,request_rescan,2.042309
4391,4391,0.76,request_rescan,2.042475
4392,4392,0.9433333333333334,discard,2.042778
4393,4393,0.9433333333333334,request_rescan,2.043984
4394,4394,0.9433333333333334,request_rescan,2.044318
4395,4395,0.9433333333333334,discard,2.044627
4396,4396,0.9433333333333334,request_rescan,2.044924
4397,4397,0.9433333333333334,request_rescan,2.046137
4398,4398,0.9433333333333334,discard,2.046467
4399,4399,0.9433333333333334,request_rescan,2.046772
4400,4400,0.9433333333333334,discard,2.047071
4401,4401,0.9433333333333334,request_rescan,2.048324
4402,4402,0.9433333333333334,discard,2.048644
4403,4403,0.9433333333333334,discard,2.048943
4404,4404,0.6633333333333333,log_and_continue,2.04911
4405,4405,0.9433333333333334,discard,2.050311
4406,4406,0.9433333333333334,request_rescan,2.050637
4407,4407,0.9433333333333334,request_rescan,2.050939
4408,4408,0.9433333333333334,request_rescan,2.051237
4409,4409,0.9433333333333334,discard,2.052456
4410,4410,0.9433333333333334,request_rescan,2.053006
4411,4411,0.76,discard,2.053174
4412,4412,0.9433333333333334,discard,2.053556
4413,4413,0.9433333333333334,request_rescan,2.054805
4414,4414,0.9433333333333334,request_rescan,2.055123
4415,4415,0.9433333333333334,discard,2.055425
4416,4416,0.9433333333333334,request_rescan,2.055717
4417,4417,0.9433333333333334,request_rescan,2.056927
4418,4418,0.9433333333333334,request_rescan,2.05733
4419,4419,0.9433333333333334,request_rescan,2.057707
4420,4420,0.9433333333333334,discard,2.058001
4421,4421,0.9433333333333334,discard,2.059216
4422,4422,0.9433333333333334,discard,2.059541
4423,4423,0.9433333333333334,request_rescan,2.059847
4424,4424,0.9433333333333334,discard,2.060149
4425,4425,0.9433333333333334,discard,2.061376
4426,4426,0.9433333333333334,request_rescan,2.061703
4427,4427,0.9433333333333334,request_rescan,2.062004
4428,4428,0.9433333333333334,request_rescan,2.0623
4429,4429,0.9433333333333334,discard,2.063515
4430,4430,0.9433333333333334,discard,2.063843
4431,4431,0.9433333333333334,discard,2.064157
4432,4432,0.9433333333333334,request_rescan,2.064456
4433,4433,0.9433333333333334,request_rescan,2.065662
4434,4434,0.9433333333333334,request_rescan,2.065988
4435,4435,0.9433333333333334,request_rescan,2.0663
4436,4436,0.9433333333333334,request_rescan,2.066596
4437,4437,0.9433333333333334,request_rescan,2.067825
4438,4438,0.9433333333333334,request_rescan,2.068163
4439,4439,0.9433333333333334,request_rescan,2.068482
4440,4440,0.9433333333333334,discard,2.068786
4441,4441,0.76,request_rescan,2.069903
4442,4442,0.9433333333333334,discard,2.070482
4443,4443,0.9433333333333334,discard,2.070646
4444,4444,0.9433333333333334,discard,2.07095
4445,4445,0.9433333333333334,discard,2.072185
4446,4446,0.9433333333333334,discard,2.072514
4447,4447,0.9433333333333334,discard,2.07282
4448,4448,0.9433333333333334,discard,2.073117
4449,4449,0.9433333333333334,request_rescan,2.074538
4450,4450,0.9433333333333334,request_rescan,2.074874
4451,4451,0.9433333333333334,discard,2.075187
4452,4452,0.9433333333333334,request_rescan,2.075486
4453,4453,0.9433333333333334,request_rescan,2.076701
4454,4454,0.9433333333333334,request_rescan,2.077024
4455,4455,0.9433333333333334,request_rescan,2.077337
4456,4456,0.9433333333333334,request_rescan,2.07763
4457,4457,0.9433333333333334,request_rescan,2.078844
4458,4458,0.9433333333333334,discard,2.07918
4459,4459,0.9433333333333334,request_rescan,2.079486
4460,4460,0.9433333333333334,request_rescan,2.079778
4461,4461,0.9433333333333334,discard,2.081008
4462,4462,0.9433333333333334,discard,2.081346
4463,4463,0.9433333333333334,discard,2.081656
4464,4464,0.9433333333333334,discard,2.081954
4465,4465,0.9433333333333334,request_rescan,2.083171
4466,4466,0.9433333333333334,request_rescan,2.0835
4467,4467,0.9433333333333334,discard,2.083803
4468,4468,0.9433333333333334,request_rescan,2.084104
4469,4469,0.9433333333333334,request_rescan,2.08534
4470,4470,0.9433333333333334,discard,2.085661
4471,4471,0.9433333333333334,discard,2.085963
4472,4472,0.9433333333333334,request_rescan,2.086262
4473,4473,0.9433333333333334,request_rescan,2.087558
4474,4474,0.9433333333333334,request_rescan,2.08788
4475,4475,0.9433333333333334,request_rescan,2.088184
4476,4476,0.9433333333333334,discard,2.088497
4477,4477,0.76,request_rescan,2.089725
4478,4478,0.9433333333333334,request_rescan,2.090121
4479,4479,0.9433333333333334,request_rescan,2.090593
4480,4480,0.9433333333333334,request_rescan,2.090964
4481,4481,0.76,request_rescan,2.092208
4482,4482,0.9433333333333334,request_rescan,2.092539
4483,4483,0.9433333333333334,discard,2.092844
4484,4484,0.9433333333333334,request_rescan,2.093142
4485,4485,0.9433333333333334,request_rescan,2.094361
4486,4486,0.9433333333333334,request_rescan,2.094685
4487,4487,0.9433333333333334,request_rescan,2.094989
4488,4488,0.9433333333333334,discard,2.095292
4489,4489,0.9433333333333334,request_rescan,2.096495
4490,4490,0.9433333333333334,discard,2.096822
4491,4491,0.9433333333333334,discard,2.097129
4492,4492,0.9433333333333334,request_rescan,2.097426
4493,4493,0.9433333333333334,request_rescan,2.098634
4494,4494,0.9433333333333334,request_rescan,2.098959
4495,4495,0.9433333333333334,discard,2.099272
4496,4496,0.9433333333333334,discard,2.099568
4497,4497,0.9433333333333334,request_rescan,2.100789
4498,4498,0.9433333333333334,request_rescan,2.101121
4499,4499,0.9433333333333334,request_rescan,2.101426
4500,4500,0.9433333333333334,discard,2.101721
4501,4501,0.9433333333333334,discard,2.102952
4502,4502,0.9433333333333334,discard,2.10328
4503,4503,0.9433333333333334,discard,2.10379
4504,4504,0.9433333333333334,request_rescan,2.104153
4505,4505,0.76,discard,2.105275
4506,4506,0.9433333333333334,discard,2.105611
4507,4507,0.9433333333333334,request_rescan,2.105923
4508,4508,0.9433333333333334,request_rescan,2.106227
4509,4509,0.9433333333333334,request_rescan,2.107666
4510,4510,0.9433333333333334,discard,2.10799
4511,4511,0.9433333333333334,discard,2.108302
4512,4512,0.9433333333333334,discard,2.108594
4513,4513,0.9433333333333334,discard,2.10985
4514,4514,0.9433333333333334,discard,2.110185
4515,4515,0.9433333333333334,request_rescan,2.110494
4516,4516,0.9433333333333334,discard,2.110788
4517,4517,0.9433333333333334,request_rescan,2.112007
4518,4518,0.9433333333333334,discard,2.11234
4519,4519,0.9433333333333334,request_rescan,2.112644
4520,4520,0.9433333333333334,request_rescan,2.112932
4521,4521,0.9433333333333334,discard,2.114139
4522,4522,0.9433333333333334,request_rescan,2.114467
4523,4523,0.9433333333333334,request_rescan,2.114771
4524,4524,0.9433333333333334,request_rescan,2.115061
4525,4525,0.9433333333333334,request_rescan,2.116281
4526,4526,0.9433333333333334,discard,2.116599
4527,4527,0.9433333333333334,request_rescan,2.116909
4528,4528,0.9433333333333334,request_rescan,2.117228
4529,4529,0.9433333333333334,request_rescan,2.11845
4530,4530,0.6633333333333333,log_and_continue,2.118633
4531,4531,0.9433333333333334,request_rescan,2.118957
4532,4532,0.9433333333333334,discard,2.119271
4533,4533,0.76,request_rescan,2.12066
4534,4534,0.9433333333333334,discard,2.120836
4535,4535,0.9433333333333334,request_rescan,2.12116
4536,4536,0.9433333333333334,request_rescan,2.121463
4537,4537,0.9433333333333334,request_rescan,2.122675
4538,4538,0.9433333333333334,request_rescan,2.123009
4539,4539,0.9433333333333334,request_rescan,2.123441
4540,4540,0.76,request_rescan,2.123912
4541,4541,0.76,request_rescan,2.125242
4542,4542,0.9433333333333334,request_rescan,2.125571
4543,4543,0.9433333333333334,discard,2.12587
4544,4544,0.9433333333333334,discard,2.126176
4545,4545,0.9433333333333334,discard,2.127414
4546,4546,0.76,request_rescan,2.127738
4547,4547,0.76,request_rescan,2.12806
4548,4548,0.76,request_rescan,2.128367
4549,4549,0.9433333333333334,discard,2.129575
4550,4550,0.9433333333333334,request_rescan,2.129895
4551,4551,0.9433333333333334,request_rescan,2.130214
4552,4552,0.9433333333333334,request_rescan,2.130514
4553,4553,0.9433333333333334,request_rescan,2.131717
4554,4554,0.9433333333333334,request_rescan,2.132041
4555,4555,0.9433333333333334,discard,2.13235
4556,4556,0.9433333333333334,request_rescan,2.132643
4557,4557,0.9433333333333334,request_rescan,2.133842
4558,4558,0.9433333333333334,discard,2.134018
4559,4559,0.9433333333333334,discard,2.134346
4560,4560,0.9433333333333334,discard,2.134649
4561,4561,0.9433333333333334,request_rescan,2.136087
4562,4562,0.9433333333333334,request_rescan,2.136485
4563,4563,0.9433333333333334,request_rescan,2.136789
4564,4564,0.9433333333333334,request_rescan,2.1371
4565,4565,0.9433333333333334,discard,2.138356
4566,4566,0.9433333333333334,request_rescan,2.138685
4567,4567,0.9433333333333334,request_rescan,2.138989
4568,4568,0.9433333333333334,discard,2.139286
4569,4569,0.9433333333333334,request_rescan,2.140795
4570,4570,0.9433333333333334,request_rescan,2.141189
4571,4571,0.9433333333333334,request_rescan,2.141494
4572,4572,0.9433333333333334,discard,2.141788
4573,4573,0.9433333333333334,request_rescan,2.143072
4574,4574,0.9433333333333334,discard,2.143404
4575,4575,0.9433333333333334,discard,2.143705
4576,4576,0.9433333333333334,discard,2.143994
4577,4577,0.9433333333333334,discard,2.145207
4578,4578,0.9433333333333334,request_rescan,2.145539
4579,4579,0.9433333333333334,discard,2.14584
4580,4580,0.9433333333333334,discard,2.146134
4581,4581,0.9433333333333334,discard,2.147352
4582,4582,0.9433333333333334,request_rescan,2.147679
4583,4583,0.9433333333333334,request_rescan,2.148
4584,4584,0.9433333333333334,request_rescan,2.14832
4585,4585,0.9433333333333334,discard,2.149539
4586,4586,0.9433333333333334,discard,2.14986
4587,4587,0.9433333333333334,discard,2.150162
4588,4588,0.9433333333333334,discard,2.150454
4589,4589,0.9433333333333334,discard,2.151656
4590,4590,0.76,discard,2.151828
4591,4591,0.9433333333333334,request_rescan,2.152148
4592,4592,0.9433333333333334,request_rescan,2.152449
4593,4593,0.76,log_and_continue,2.153734
4594,4594,0.9433333333333334,discard,2.154082
4595,4595,0.9433333333333334,request_rescan,2.1544
4596,4596,0.9433333333333334,discard,2.1547
4597,4597,0.9433333333333334,discard,2.155927
4598,4598,0.9433333333333334,discard,2.156259
4599,4599,0.9433333333333334,request_rescan,2.156562
4600,4600,0.9433333333333334,discard,2.156915
4601,4601,0.9433333333333334,discard,2.158543
4602,4602,0.9433333333333334,discard,2.158866
4603,4603,0.9433333333333334,request_rescan,2.159029
4604,4604,0.9433333333333334,discard,2.159343
4605,4605,0.9433333333333334,request_rescan,2.160584
4606,4606,0.9433333333333334,request_rescan,2.160916
4607,4607,0.9433333333333334,request_rescan,2.161231
4608,4608,0.9433333333333334,request_rescan,2.161546
4609,4609,0.9433333333333334,request_rescan,2.162767
4610,4610,0.9433333333333334,request_rescan,2.1631
4611,4611,0.9433333333333334,discard,2.163408
4612,4612,0.9433333333333334,request_rescan,2.163708
4613,4613,0.9433333333333334,discard,2.164944
4614,4614,0.9433333333333334,discard,2.165278
4615,4615,0.9433333333333334,request_rescan,2.165586
4616,4616,0.9433333333333334,request_rescan,2.165882
4617,4617,0.9433333333333334,request_rescan,2.167083
4618,4618,0.9433333333333334,request_rescan,2.167415
4619,4619,0.9433333333333334,request_rescan,2.167714
4620,4620,0.9433333333333334,discard,2.168006
4621,4621,0.9433333333333334,request_rescan,2.169255
4622,4622,0.9433333333333334,request_rescan,2.169821
4623,4623,0.9433333333333334,discard,2.170221
4624,4624,0.9433333333333334,request_rescan,2.170536
4625,4625,0.9433333333333334,request_rescan,2.171868
4626,4626,0.9433333333333334,discard,2.172188
4627,4627,0.9433333333333334,discard,2.172488
4628,4628,0.9433333333333334,discard,2.1728
4629,4629,0.9433333333333334,request_rescan,2.174274
4630,4630,0.76,request_rescan,2.174458
4631,4631,0.9433333333333334,discard,2.174787
4632,4632,0.76,discard,2.17495
4633,4633,0.9433333333333334,discard,2.176186
4634,4634,0.9433333333333334,discard,2.176519
4635,4635,0.9433333333333334,discard,2.176829
4636,4636,0.9433333333333334,request_rescan,2.177129
4637,4637,0.9433333333333334,discard,2.178336
4638,4638,0.9433333333333334,discard,2.178659
4639,4639,0.9433333333333334,discard,2.178958
4640,4640,0.9433333333333334,discard,2.179255
4641,4641,0.9433333333333334,discard,2.180471
4642,4642,0.9433333333333334,discard,2.180803
4643,4643,0.9433333333333334,discard,2.181118
4644,4644,0.9433333333333334,discard,2.181422
4645,4645,0.9433333333333334,request_rescan,2.182648
4646,4646,0.9433333333333334,request_rescan,2.182987
4647,4647,0.9433333333333334,discard,2.183307
4648,4648,0.9433333333333334,discard,2.183613
4649,4649,0.9433333333333334,request_rescan,2.184826
4650,4650,0.9433333333333334,discard,2.185156
4651,4651,0.9433333333333334,request_rescan,2.185466
4652,4652,0.9433333333333334,request_rescan,2.185763
4653,4653,0.9433333333333334,discard,2.187164
4654,4654,0.9433333333333334,request_rescan,2.187489
4655,4655,0.9433333333333334,request_rescan,2.187793
4656,4656,0.9433333333333334,request_rescan,2.188082
4657,4657,0.9433333333333334,discard,2.189334
4658,4658,0.76,discard,2.189666
4659,4659,0.9433333333333334,request_rescan,2.18997
4660,4660,0.9433333333333334,request_rescan,2.190439
4661,4661,0.9433333333333334,request_rescan,2.19173
4662,4662,0.9433333333333334,discard,2.192053
4663,4663,0.9433333333333334,request_rescan,2.192369
4664,4664,0.9433333333333334,discard,2.192664
4665,4665,0.9433333333333334,request_rescan,2.193869
4666,4666,0.9433333333333334,request_rescan,2.194202
4667,4667,0.9433333333333334,discard,2.194511
4668,4668,0.9433333333333334,discard,2.194805
4669,4669,0.9433333333333334,discard,2.19602
4670,4670,0.9433333333333334,request_rescan,2.196358
4671,4671,0.9433333333333334,request_rescan,2.196668
4672,4672,0.9433333333333334,request_rescan,2.196969
4673,4673,0.9433333333333334,request_rescan,2.198212
4674,4674,0.9433333333333334,request_rescan,2.198545
4675,4675,0.9433333333333334,discard,2.198849
4676,4676,0.9433333333333334,request_rescan,2.199149
4677,4677,0.9433333333333334,request_rescan,2.200374
4678,4678,0.9433333333333334,request_rescan,2.20071
4679,4679,0.9433333333333334,request_rescan,2.201021
4680,4680,0.9433333333333334,request_rescan,2.20132
4681,4681,0.9433333333333334,discard,2.20253
4682,4682,0.9433333333333334,discard,2.20286
4683,4683,0.76,log_and_continue,2.20304
4684,4684,0.9433333333333334,discard,2.203667
4685,4685,0.9433333333333334,request_rescan,2.204913
4686,4686,0.9433333333333334,request_rescan,2.205245
4687,4687,0.9433333333333334,discard,2.205552
4688,4688,0.9433333333333334,request_rescan,2.205845
4689,4689,0.9433333333333334,request_rescan,2.207159
4690,4690,0.9433333333333334,request_rescan,2.207671
4691,4691,0.9433333333333334,request_rescan,2.207979
4692,4692,0.9433333333333334,discard,2.208279
4693,4693,0.9433333333333334,discard,2.209531
4694,4694,0.9433333333333334,discard,2.209861
4695,4695,0.9433333333333334,discard,2.210175
4696,4696,0.9433333333333334,request_rescan,2.210481
4697,4697,0.9433333333333334,discard,2.211706
4698,4698,0.9433333333333334,discard,2.212017
4699,4699,0.9433333333333334,discard,2.212325
4700,4700,0.9433333333333334,discard,2.212642
4701,4701,0.9433333333333334,discard,2.213913
4702,4702,0.9433333333333334,discard,2.214242
4703,4703,0.9433333333333334,request_rescan,2.214568
4704,4704,0.9433333333333334,discard,2.214867
4705,4705,0.9433333333333334,request_rescan,2.216082
4706,4706,0.6633333333333333,log_and_continue,2.216272
4707,4707,0.9433333333333334,request_rescan,2.216606
4708,4708,0.9433333333333334,request_rescan,2.216914
4709,4709,0.76,discard,2.218017
4710,4710,0.9433333333333334,discard,2.21837
4711,4711,0.9433333333333334,request_rescan,2.218685
4712,4712,0.9433333333333334,discard,2.218985
4713,4713,0.9433333333333334,discard,2.220231
4714,4714,0.9433333333333334,discard,2.22057
4715,4715,0.9433333333333334,request_rescan,2.220874
4716,4716,0.9433333333333334,request_rescan,2.22117
4717,4717,0.9433333333333334,discard,2.22241
4718,4718,0.9433333333333334,request_rescan,2.222737
4719,4719,0.9433333333333334,request_rescan,2.223039
4720,4720,0.9433333333333334,request_rescan,2.223339
4721,4721,0.9433333333333334,request_rescan,2.225208
4722,4722,0.9433333333333334,request_rescan,2.225544
4723,4723,0.9433333333333334,discard,2.225848
4724,4724,0.9433333333333334,discard,2.226148
4725,4725,0.9433333333333334,request_rescan,2.227381
4726,4726,0.9433333333333334,request_rescan,2.227707
4727,4727,0.9433333333333334,discard,2.228006
4728,4728,0.9433333333333334,request_rescan,2.228306
4729,4729,0.76,discard,2.229415
4730,4730,0.9433333333333334,discard,2.229762
4731,4731,0.9433333333333334,request_rescan,2.230072
4732,4732,0.9433333333333334,request_rescan,2.230373
4733,4733,0.9433333333333334,request_rescan,2.231593
4734,4734,0.9433333333333334,request_rescan,2.23192
4735,4735,0.9433333333333334,request_rescan,2.23223
4736,4736,0.9433333333333334,discard,2.23253
4737,4737,0.9433333333333334,discard,2.233746
4738,4738,0.9433333333333334,discard,2.234072
4739,4739,0.9433333333333334,request_rescan,2.234397
4740,4740,0.9433333333333334,request_rescan,2.234708
4741,4741,0.9433333333333334,discard,2.236294
4742,4742,0.9433333333333334,discard,2.236635
4743,4743,0.9433333333333334,request_rescan,2.23695
4744,4744,0.9433333333333334,discard,2.237251
4745,4745,0.9433333333333334,discard,2.238531
4746,4746,0.9433333333333334,discard,2.238861
4747,4747,0.9433333333333334,discard,2.239171
4748,4748,0.9433333333333334,discard,2.239468
4749,4749,0.9433333333333334,request_rescan,2.240996
4750,4750,0.9433333333333334,request_rescan,2.241327
4751,4751,0.9433333333333334,discard,2.241629
4752,4752,0.9433333333333334,request_rescan,2.24192
4753,4753,0.76,log_and_continue,2.243083
4754,4754,0.9433333333333334,discard,2.243434
4755,4755,0.9433333333333334,discard,2.243748
4756,4756,0.9433333333333334,request_rescan,2.244044
4757,4757,0.9433333333333334,discard,2.245287
4758,4758,0.9433333333333334,discard,2.245613
4759,4759,0.9433333333333334,request_rescan,2.245915
4760,4760,0.9433333333333334,request_rescan,2.246216
4761,4761,0.9433333333333334,discard,2.247439
4762,4762,0.9433333333333334,discard,2.247768
4763,4763,0.9433333333333334,discard,2.248071
4764,4764,0.9433333333333334,request_rescan,2.248376
4765,4765,0.9433333333333334,request_rescan,2.249589
4766,4766,0.9433333333333334,discard,2.249916
4767,4767,0.9433333333333334,discard,2.250232
4768,4768,0.9433333333333334,discard,2.250535
4769,4769,0.9433333333333334,request_rescan,2.25176
4770,4770,0.9433333333333334,discard,2.252084
4771,4771,0.9433333333333334,discard,2.252407
4772,4772,0.9433333333333334,discard,2.252708
4773,4773,0.76,log_and_continue,2.25423
4774,4774,0.9433333333333334,request_rescan,2.254573
4775,4775,0.9433333333333334,discard,2.254885
4776,4776,0.9433333333333334,request_rescan,2.255189
4777,4777,0.9433333333333334,discard,2.256451
4778,4778,0.9433333333333334,discard,2.256847
4779,4779,0.76,request_rescan,2.257019
4780,4780,0.9433333333333334,discard,2.257525
4781,4781,0.9433333333333334,discard,2.258824
4782,4782,0.9433333333333334,request_rescan,2.259158
4783,4783,0.9433333333333334,request_rescan,2.259472
4784,4784,0.9433333333333334,discard,2.259772
4785,4785,0.9433333333333334,discard,2.260997
4786,4786,0.9433333333333334,request_rescan,2.261328
4787,4787,0.9433333333333334,discard,2.261646
4788,4788,0.9433333333333334,discard,2.261941
4789,4789,0.76,discard,2.263178
4790,4790,0.9433333333333334,discard,2.263505
4791,4791,0.9433333333333334,request_rescan,2.263808
4792,4792,0.76,discard,2.264105
4793,4793,0.9433333333333334,request_rescan,2.265327
4794,4794,0.9433333333333334,discard,2.265649
4795,4795,0.9433333333333334,discard,2.265953
4796,4796,0.9433333333333334,discard,2.266253
4797,4797,0.9433333333333334,request_rescan,2.267462
4798,4798,0.9433333333333334,discard,2.267789
4799,4799,0.9433333333333334,discard,2.268098
4800,4800,0.9433333333333334,request_rescan,2.268401
4801,4801,0.9433333333333334,request_rescan,2.269874
4802,4802,0.9433333333333334,request_rescan,2.270279
4803,4803,0.9433333333333334,request_rescan,2.270596
4804,4804,0.9433333333333334,discard,2.270891
4805,4805,0.9433333333333334,request_rescan,2.272164
4806,4806,0.6633333333333333,log_and_continue,2.272349
4807,4807,0.9433333333333334,discard,2.272681
4808,4808,0.9433333333333334,discard,2.27301
4809,4809,0.9433333333333334,discard,2.274539
4810,4810,0.9433333333333334,discard,2.274873
4811,4811,0.9433333333333334,discard,2.275183
4812,4812,0.9433333333333334,discard,2.27548
4813,4813,0.9433333333333334,discard,2.276778
4814,4814,0.9433333333333334,discard,2.277104
4815,4815,0.9433333333333334,request_rescan,2.277413
4816,4816,0.9433333333333334,request_rescan,2.277706
4817,4817,0.9433333333333334,request_rescan,2.278936
4818,4818,0.9433333333333334,discard,2.279267
4819,4819,0.9433333333333334,discard,2.279437
4820,4820,0.9433333333333334,discard,2.279739
4821,4821,0.9433333333333334,request_rescan,2.280969
4822,4822,0.9433333333333334,discard,2.281307
4823,4823,0.9433333333333334,request_rescan,2.281617
4824,4824,0.9433333333333334,request_rescan,2.281912
4825,4825,0.9433333333333334,request_rescan,2.283119
4826,4826,0.9433333333333334,discard,2.283449
4827,4827,0.9433333333333334,discard,2.283754
4828,4828,0.9433333333333334,discard,2.284047
4829,4829,0.9433333333333334,request_rescan,2.285258
4830,4830,0.9433333333333334,request_rescan,2.285591
4831,4831,0.9433333333333334,discard,2.286148
4832,4832,0.9433333333333334,discard,2.286513
4833,4833,0.9433333333333334,request_rescan,2.287805
4834,4834,0.9433333333333334,request_rescan,2.288128
4835,4835,0.9433333333333334,discard,2.288433
4836,4836,0.9433333333333334,request_rescan,2.288726
4837,4837,0.9433333333333334,request_rescan,2.289958
4838,4838,0.9433333333333334,request_rescan,2.290463
4839,4839,0.9433333333333334,discard,2.290957
4840,4840,0.9433333333333334,request_rescan,2.291287
4841,4841,0.9433333333333334,request_rescan,2.292565
4842,4842,0.9433333333333334,request_rescan,2.292892
4843,4843,0.9433333333333334,request_rescan,2.293202
4844,4844,0.9433333333333334,request_rescan,2.293499
4845,4845,0.9433333333333334,request_rescan,2.294702
4846,4846,0.9433333333333334,discard,2.295026
4847,4847,0.9433333333333334,request_rescan,2.295347
4848,4848,0.9433333333333334,request_rescan,2.295644
4849,4849,0.9433333333333334,discard,2.296876
4850,4850,0.9433333333333334,request_rescan,2.297207
4851,4851,0.9433333333333334,request_rescan,2.297514
4852,4852,0.9433333333333334,discard,2.297826
4853,4853,0.76,discard,2.298939
4854,4854,0.9433333333333334,discard,2.299287
4855,4855,0.9433333333333334,discard,2.299607
4856,4856,0.76,discard,2.299913
4857,4857,0.9433333333333334,request_rescan,2.300991
4858,4858,0.9433333333333334,discard,2.301335
4859,4859,0.9433333333333334,request_rescan,2.301644
4860,4860,0.9433333333333334,discard,2.301935
4861,4861,0.9433333333333334,discard,2.303041
4862,4862,0.9433333333333334,discard,2.303674
4863,4863,0.76,request_rescan,2.303838
4864,4864,0.9433333333333334,request_rescan,2.304147
4865,4865,0.9433333333333334,request_rescan,2.305381
4866,4866,0.9433333333333334,request_rescan,2.305712
4867,4867,0.9433333333333334,request_rescan,2.306021
4868,4868,0.9433333333333334,request_rescan,2.306324
4869,4869,0.9433333333333334,request_rescan,2.307902
4870,4870,0.9433333333333334,discard,2.308236
4871,4871,0.9433333333333334,discard,2.30854
4872,4872,0.9433333333333334,request_rescan,2.308832
4873,4873,0.9433333333333334,discard,2.310086
4874,4874,0.9433333333333334,discard,2.310427
4875,4875,0.9433333333333334,request_rescan,2.310739
4876,4876,0.9433333333333334,discard,2.31104
4877,4877,0.9433333333333334,discard,2.312242
4878,4878,0.9433333333333334,discard,2.312577
4879,4879,0.9433333333333334,discard,2.312884
4880,4880,0.76,discard,2.313047
4881,4881,0.9433333333333334,discard,2.314301
4882,4882,0.9433333333333334,request_rescan,2.314631
4883,4883,0.9433333333333334,discard,2.314935
4884,4884,0.9433333333333334,request_rescan,2.315234
4885,4885,0.9433333333333334,request_rescan,2.316435
4886,4886,0.9433333333333334,discard,2.316763
4887,4887,0.9433333333333334,discard,2.317075
4888,4888,0.9433333333333334,discard,2.317385
4889,4889,0.9433333333333334,discard,2.318591
4890,4890,0.9433333333333334,request_rescan,2.318916
4891,4891,0.9433333333333334,request_rescan,2.319223
4892,4892,0.9433333333333334,request_rescan,2.319517
4893,4893,0.9433333333333334,request_rescan,2.320755
4894,4894,0.9433333333333334,discard,2.321106
4895,4895,0.9433333333333334,request_rescan,2.321419
4896,4896,0.9433333333333334,request_rescan,2.321718
4897,4897,0.9433333333333334,discard,2.322947
4898,4898,0.9433333333333334,request_rescan,2.323286
4899,4899,0.9433333333333334,request_rescan,2.323665
4900,4900,0.9433333333333334,discard,2.32404
4901,4901,0.9433333333333334,discard,2.325337
4902,4902,0.9433333333333334,request_rescan,2.325661
4903,4903,0.9433333333333334,discard,2.325964
4904,4904,0.9433333333333334,request_rescan,2.326258
4905,4905,0.9433333333333334,discard,2.327472
4906,4906,0.9433333333333334,request_rescan,2.327795
4907,4907,0.9433333333333334,request_rescan,2.328101
4908,4908,0.9433333333333334,request_rescan,2.328398
4909,4909,0.9433333333333334,discard,2.329634
4910,4910,0.9433333333333334,discard,2.329953
4911,4911,0.76,request_rescan,2.330128
4912,4912,0.9433333333333334,request_rescan,2.330434
4913,4913,0.9433333333333334,request_rescan,2.331669
4914,4914,0.9433333333333334,discard,2.331991
4915,4915,0.9433333333333334,discard,2.332299
4916,4916,0.9433333333333334,discard,2.332591
4917,4917,0.9433333333333334,discard,2.333799
4918,4918,0.9433333333333334,discard,2.33413
4919,4919,0.9433333333333334,discard,2.334436
4920,4920,0.9433333333333334,request_rescan,2.334728
4921,4921,0.9433333333333334,discard,2.336157
4922,4922,0.9433333333333334,request_rescan,2.336555
4923,4923,0.9433333333333334,request_rescan,2.336867
4924,4924,0.9433333333333334,discard,2.337166
4925,4925,0.9433333333333334,request_rescan,2.338417
4926,4926,0.9433333333333334,discard,2.338742
4927,4927,0.9433333333333334,discard,2.339042
4928,4928,0.9433333333333334,discard,2.33934
4929,4929,0.9433333333333334,discard,2.340816
4930,4930,0.9433333333333334,discard,2.341209
4931,4931,0.9433333333333334,request_rescan,2.341512
4932,4932,0.9433333333333334,discard,2.34181
4933,4933,0.9433333333333334,request_rescan,2.34311
4934,4934,0.9433333333333334,request_rescan,2.343438
4935,4935,0.9433333333333334,request_rescan,2.343752
4936,4936,0.9433333333333334,discard,2.344094
4937,4937,0.9433333333333334,discard,2.345348
4938,4938,0.9433333333333334,discard,2.345682
4939,4939,0.9433333333333334,discard,2.345987
4940,4940,0.9433333333333334,request_rescan,2.34629
4941,4941,0.9433333333333334,discard,2.347516
4942,4942,0.9433333333333334,discard,2.347837
4943,4943,0.9433333333333334,request_rescan,2.348143
4944,4944,0.9433333333333334,discard,2.348436
4945,4945,0.9433333333333334,request_rescan,2.349646
4946,4946,0.9433333333333334,discard,2.349976
4947,4947,0.9433333333333334,request_rescan,2.350292
4948,4948,0.9433333333333334,discard,2.350599
4949,4949,0.9433333333333334,discard,2.35182
4950,4950,0.9433333333333334,discard,2.352156
4951,4951,0.9433333333333334,request_rescan,2.352474
4952,4952,0.9433333333333334,discard,2.35278
4953,4953,0.9433333333333334,discard,2.354049
4954,4954,0.9433333333333334,request_rescan,2.35438
4955,4955,0.9433333333333334,request_rescan,2.354681
4956,4956,0.9433333333333334,request_rescan,2.354978
4957,4957,0.9433333333333334,discard,2.356217
4958,4958,0.9433333333333334,request_rescan,2.356542
4959,4959,0.9433333333333334,discard,2.356906
4960,4960,0.9433333333333334,discard,2.357482
4961,4961,0.9433333333333334,request_rescan,2.358811
4962,4962,0.9433333333333334,request_rescan,2.359136
4963,4963,0.9433333333333334,request_rescan,2.359446
4964,4964,0.9433333333333334,request_rescan,2.359759
4965,4965,0.9433333333333334,request_rescan,2.360998
4966,4966,0.9433333333333334,discard,2.361336
4967,4967,0.9433333333333334,discard,2.361652
4968,4968,0.9433333333333334,discard,2.36195
4969,4969,0.9433333333333334,request_rescan,2.363194
4970,4970,0.9433333333333334,discard,2.363521
4971,4971,0.9433333333333334,discard,2.363829
4972,4972,0.9433333333333334,discard,2.364135
4973,4973,0.9433333333333334,discard,2.365347
4974,4974,0.9433333333333334,discard,2.365671
4975,4975,0.9433333333333334,request_rescan,2.365978
4976,4976,0.9433333333333334,discard,2.366284
4977,4977,0.9433333333333334,discard,2.367506
4978,4978,0.9433333333333334,discard,2.367839
4979,4979,0.9433333333333334,discard,2.368148
4980,4980,0.9433333333333334,request_rescan,2.368451
4981,4981,0.9433333333333334,request_rescan,2.369674
4982,4982,0.9433333333333334,request_rescan,2.370255
4983,4983,0.9433333333333334,discard,2.370633
4984,4984,0.9433333333333334,request_rescan,2.37093
4985,4985,0.9433333333333334,request_rescan,2.372202
4986,4986,0.9433333333333334,request_rescan,2.37253
4987,4987,0.9433333333333334,request_rescan,2.372831
4988,4988,0.9433333333333334,discard,2.373132
4989,4989,0.9433333333333334,discard,2.374501
4990,4990,0.9433333333333334,discard,2.374825
4991,4991,0.9433333333333334,discard,2.375131
4992,4992,0.9433333333333334,request_rescan,2.375434
4993,4993,0.9433333333333334,discard,2.376663
4994,4994,0.9433333333333334,request_rescan,2.376998
4995,4995,0.9433333333333334,discard,2.37733
4996,4996,0.9433333333333334,request_rescan,2.377637
4997,4997,0.9433333333333334,discard,2.378843
4998,4998,0.9433333333333334,discard,2.37917
4999,4999,0.9433333333333334,request_rescan,2.379475
5000,5000,0.9433333333333334,request_rescan,2.379766
5001,5001,0.9433333333333334,request_rescan,2.381087
5002,5002,0.9433333333333334,request_rescan,2.381421
5003,5003,0.9433333333333334,discard,2.381727
5004,5004,0.9433333333333334,request_rescan,2.382022
5005,5005,0.9433333333333334,request_rescan,2.383232
5006,5006,0.9433333333333334,request_rescan,2.383556
5007,5007,0.9433333333333334,discard,2.383857
5008,5008,0.9433333333333334,discard,2.384155
5009,5009,0.9433333333333334,discard,2.385357
5010,5010,0.9433333333333334,request_rescan,2.385685
5011,5011,0.9433333333333334,discard,2.385995
5012,5012,0.9433333333333334,request_rescan,2.386295
5013,5013,0.9433333333333334,request_rescan,2.387724
5014,5014,0.9433333333333334,discard,2.388063
5015,5015,0.9433333333333334,discard,2.38839
5016,5016,0.9433333333333334,request_rescan,2.388689
5017,5017,0.9433333333333334,request_rescan,2.389897
5018,5018,0.9433333333333334,discard,2.390288
5019,5019,0.9433333333333334,discard,2.390796
5020,5020,0.9433333333333334,discard,2.391173
5021,5021,0.9433333333333334,discard,2.39244
5022,5022,0.6633333333333333,log_and_continue,2.392621
5023,5023,0.9433333333333334,request_rescan,2.392944
5024,5024,0.9433333333333334,discard,2.393254
5025,5025,0.9433333333333334,discard,2.394484
5026,5026,0.9433333333333334,request_rescan,2.394803
5027,5027,0.9433333333333334,discard,2.395118
5028,5028,0.9433333333333334,request_rescan,2.395415
5029,5029,0.9433333333333334,request_rescan,2.396633
5030,5030,0.9433333333333334,discard,2.396959
5031,5031,0.9433333333333334,request_rescan,2.397266
5032,5032,0.9433333333333334,request_rescan,2.397558
5033,5033,0.9433333333333334,discard,2.398769
5034,5034,0.9433333333333334,request_rescan,2.3991
5035,5035,0.9433333333333334,request_rescan,2.399406
5036,5036,0.9433333333333334,discard,2.3997
5037,5037,0.9433333333333334,request_rescan,2.400904
5038,5038,0.9433333333333334,discard,2.40124
5039,5039,0.9433333333333334,discard,2.401554
5040,5040,0.9433333333333334,request_rescan,2.401731
5041,5041,0.9433333333333334,discard,2.403286
5042,5042,0.9433333333333334,request_rescan,2.403615
5043,5043,0.9433333333333334,request_rescan,2.403918
5044,5044,0.9433333333333334,request_rescan,2.404217
5045,5045,0.9433333333333334,request_rescan,2.405443
5046,5046,0.9433333333333334,discard,2.40577
5047,5047,0.9433333333333334,discard,2.406069
5048,5048,0.9433333333333334,discard,2.406374
5049,5049,0.9433333333333334,request_rescan,2.407792
5050,5050,0.9433333333333334,request_rescan,2.408126
5051,5051,0.9433333333333334,discard,2.408437
5052,5052,0.9433333333333334,discard,2.408728
5053,5053,0.9433333333333334,request_rescan,2.409989
5054,5054,0.9433333333333334,discard,2.410326
5055,5055,0.9433333333333334,discard,2.410629
5056,5056,0.9433333333333334,discard,2.410921
5057,5057,0.9433333333333334,discard,2.412153
5058,5058,0.9433333333333334,discard,2.412489
5059,5059,0.9433333333333334,request_rescan,2.412802
5060,5060,0.9433333333333334,discard,2.413108
5061,5061,0.9433333333333334,discard,2.414366
5062,5062,0.9433333333333334,request_rescan,2.414703
5063,5063,0.9433333333333334,request_rescan,2.415011
5064,5064,0.9433333333333334,discard,2.415308
5065,5065,0.9433333333333334,discard,2.416551
5066,5066,0.9433333333333334,discard,2.416882
5067,5067,0.6633333333333333,log_and_continue,2.417054
5068,5068,0.9433333333333334,discard,2.417366
5069,5069,0.9433333333333334,request_rescan,2.418623
5070,5070,0.9433333333333334,request_rescan,2.418963
5071,5071,0.9433333333333334,request_rescan,2.419291
5072,5072,0.9433333333333334,request_rescan,2.419599
5073,5073,0.9433333333333334,request_rescan,2.420962
5074,5074,0.9433333333333334,request_rescan,2.421298
5075,5075,0.9433333333333334,request_rescan,2.421614
5076,5076,0.9433333333333334,discard,2.421913
5077,5077,0.9433333333333334,discard,2.42317
5078,5078,0.9433333333333334,discard,2.423653
5079,5079,0.9433333333333334,discard,2.424033
5080,5080,0.9433333333333334,request_rescan,2.424342
5081,5081,0.9433333333333334,request_rescan,2.425636
5082,5082,0.9433333333333334,discard,2.425974
5083,5083,0.9433333333333334,request_rescan,2.42629
5084,5084,0.9433333333333334,request_rescan,2.426596
5085,5085,0.9433333333333334,discard,2.427839
5086,5086,0.9433333333333334,discard,2.428176
5087,5087,0.9433333333333334,discard,2.42848
5088,5088,0.9433333333333334,discard,2.428776
5089,5089,0.9433333333333334,discard,2.429996
5090,5090,0.9433333333333334,discard,2.430338
5091,5091,0.9433333333333334,request_rescan,2.430654
5092,5092,0.76,discard,2.430827
5093,5093,0.76,log_and_continue,2.43192
5094,5094,0.9433333333333334,request_rescan,2.432275
5095,5095,0.9433333333333334,request_rescan,2.432599
5096,5096,0.9433333333333334,request_rescan,2.43291
5097,5097,0.9433333333333334,discard,2.434154
5098,5098,0.9433333333333334,request_rescan,2.434489
5099,5099,0.9433333333333334,request_rescan,2.434799
5100,5100,0.9433333333333334,discard,2.434964
5101,5101,0.9433333333333334,request_rescan,2.4362
5102,5102,0.9433333333333334,discard,2.436536
5103,5103,0.9433333333333334,request_rescan,2.437054
5104,5104,0.9433333333333334,discard,2.437433
5105,5105,0.9433333333333334,request_rescan,2.438719
5106,5106,0.9433333333333334,request_rescan,2.439047
5107,5107,0.9433333333333334,discard,2.439356
5108,5108,0.9433333333333334,discard,2.439657
5109,5109,0.9433333333333334,discard,2.441138
5110,5110,0.9433333333333334,request_rescan,2.441473
5111,5111,0.9433333333333334,request_rescan,2.441786
5112,5112,0.9433333333333334,discard,2.441957
5113,5113,0.9433333333333334,discard,2.443183
5114,5114,0.6633333333333333,log_and_continue,2.443352
5115,5115,0.9433333333333334,request_rescan,2.443669
5116,5116,0.9433333333333334,request_rescan,2.443967
5117,5117,0.9433333333333334,request_rescan,2.445174
5118,5118,0.9433333333333334,request_rescan,2.445508
5119,5119,0.9433333333333334,discard,2.445814
5120,5120,0.9433333333333334,discard,2.446113
5121,5121,0.9433333333333334,discard,2.447345
5122,5122,0.9433333333333334,discard,2.447524
5123,5123,0.9433333333333334,discard,2.447853
5124,5124,0.9433333333333334,discard,2.448161
5125,5125,0.9433333333333334,discard,2.449426
5126,5126,0.9433333333333334,discard,2.449766
5127,5127,0.9433333333333334,discard,2.450083
5128,5128,0.9433333333333334,discard,2.4504
5129,5129,0.9433333333333334,discard,2.452003
5130,5130,0.9433333333333334,request_rescan,2.452371
5131,5131,0.76,request_rescan,2.452563
5132,5132,0.9433333333333334,request_rescan,2.452912
5133,5133,0.9433333333333334,request_rescan,2.454634
5134,5134,0.9433333333333334,request_rescan,2.454988
5135,5135,0.9433333333333334,discard,2.455317
5136,5136,0.9433333333333334,request_rescan,2.455623
5137,5137,0.76,request_rescan,2.457141
5138,5138,0.9433333333333334,request_rescan,2.457566
5139,5139,0.9433333333333334,discard,2.458111
5140,5140,0.9433333333333334,request_rescan,2.458499
5141,5141,0.9433333333333334,discard,2.460079
5142,5142,0.9433333333333334,discard,2.460441
5143,5143,0.9433333333333334,request_rescan,2.460756
5144,5144,0.9433333333333334,discard,2.461061
5145,5145,0.9433333333333334,request_rescan,2.462809
5146,5146,0.9433333333333334,request_rescan,2.463175
5147,5147,0.9433333333333334,request_rescan,2.463497
5148,5148,0.9433333333333334,request_rescan,2.463804
5149,5149,0.9433333333333334,request_rescan,2.465495
5150,5150,0.9433333333333334,discard,2.465851
5151,5151,0.9433333333333334,discard,2.466186
5152,5152,0.9433333333333334,request_rescan,2.466511
5153,5153,0.9433333333333334,discard,2.468274
5154,5154,0.9433333333333334,request_rescan,2.468632
5155,5155,0.9433333333333334,request_rescan,2.468965
5156,5156,0.9433333333333334,discard,2.469283
5157,5157,0.9433333333333334,discard,2.470979
5158,5158,0.9433333333333334,discard,2.471342
5159,5159,0.9433333333333334,discard,2.471663
5160,5160,0.9433333333333334,discard,2.471971
5161,5161,0.9433333333333334,request_rescan,2.473743
5162,5162,0.9433333333333334,discard,2.474228
5163,5163,0.6633333333333333,log_and_continue,2.47441
5164,5164,0.9433333333333334,discard,2.474802
5165,5165,0.9433333333333334,request_rescan,2.476515
5166,5166,0.9433333333333334,request_rescan,2.476874
5167,5167,0.9433333333333334,discard,2.477201
5168,5168,0.9433333333333334,request_rescan,2.477513
5169,5169,0.9433333333333334,discard,2.479136
5170,5170,0.9433333333333334,discard,2.479496
5171,5171,0.9433333333333334,discard,2.47982
5172,5172,0.9433333333333334,request_rescan,2.480137
5173,5173,0.9433333333333334,request_rescan,2.481657
5174,5174,0.9433333333333334,discard,2.481993
5175,5175,0.9433333333333334,discard,2.482304
5176,5176,0.9433333333333334,request_rescan,2.482601
5177,5177,0.9433333333333334,discard,2.484006
5178,5178,0.9433333333333334,request_rescan,2.484338
5179,5179,0.6633333333333333,log_and_continue,2.484516
5180,5180,0.9433333333333334,request_rescan,2.484811
5181,5181,0.9433333333333334,discard,2.486224
5182,5182,0.9433333333333334,discard,2.486559
5183,5183,0.9433333333333334,request_rescan,2.487204
5184,5184,0.76,log_and_continue,2.487381
5185,5185,0.9433333333333334,request_rescan,2.488955
5186,5186,0.9433333333333334,discard,2.489308
5187,5187,0.9433333333333334,discard,2.489622
5188,5188,0.9433333333333334,request_rescan,2.489926
5189,5189,0.9433333333333334,discard,2.491863
5190,5190,0.9433333333333334,request_rescan,2.492219
5191,5191,0.9433333333333334,request_rescan,2.49254
5192,5192,0.9433333333333334,request_rescan,2.492844
5193,5193,0.9433333333333334,request_rescan,2.494438
5194,5194,0.9433333333333334,request_rescan,2.494785
5195,5195,0.9433333333333334,discard,2.495103
5196,5196,0.9433333333333334,discard,2.49541
5197,5197,0.9433333333333334,request_rescan,2.496939
5198,5198,0.9433333333333334,request_rescan,2.497275
5199,5199,0.9433333333333334,discard,2.497584
5200,5200,0.9433333333333334,request_rescan,2.497756
5201,5201,0.9433333333333334,discard,2.499137
5202,5202,0.9433333333333334,request_rescan,2.499466
5203,5203,0.9433333333333334,request_rescan,2.499771
5204,5204,0.9433333333333334,request_rescan,2.500064
5205,5205,0.9433333333333334,request_rescan,2.501408
5206,5206,0.9433333333333334,discard,2.501724
5207,5207,0.9433333333333334,request_rescan,2.502024
5208,5208,0.9433333333333334,request_rescan,2.502325
5209,5209,0.9433333333333334,discard,2.503709
5210,5210,0.9433333333333334,request_rescan,2.504035
5211,5211,0.9433333333333334,request_rescan,2.504343
5212,5212,0.9433333333333334,discard,2.504632
5213,5213,0.9433333333333334,discard,2.505894
5214,5214,0.9433333333333334,discard,2.506233
5215,5215,0.9433333333333334,request_rescan,2.506553
5216,5216,0.9433333333333334,discard,2.50692
5217,5217,0.9433333333333334,request_rescan,2.508312
5218,5218,0.9433333333333334,discard,2.508635
5219,5219,0.9433333333333334,discard,2.508937
5220,5220,0.9433333333333334,request_rescan,2.509237
5221,5221,0.9433333333333334,discard,2.510482
5222,5222,0.9433333333333334,discard,2.510802
5223,5223,0.9433333333333334,discard,2.511112
5224,5224,0.9433333333333334,discard,2.511409
5225,5225,0.9433333333333334,request_rescan,2.512627
5226,5226,0.9433333333333334,request_rescan,2.512951
5227,5227,0.9433333333333334,request_rescan,2.513127
5228,5228,0.9433333333333334,request_rescan,2.513438
5229,5229,0.9433333333333334,discard,2.51468
5230,5230,0.9433333333333334,discard,2.515022
5231,5231,0.9433333333333334,request_rescan,2.515343
5232,5232,0.9433333333333334,request_rescan,2.515664
5233,5233,0.9433333333333334,discard,2.516887
5234,5234,0.9433333333333334,discard,2.51722
5235,5235,0.9433333333333334,request_rescan,2.517527
5236,5236,0.9433333333333334,discard,2.517821
5237,5237,0.9433333333333334,request_rescan,2.519044
5238,5238,0.6633333333333333,log_and_continue,2.519224
5239,5239,0.9433333333333334,request_rescan,2.519547
5240,5240,0.9433333333333334,discard,2.520033
5241,5241,0.9433333333333334,request_rescan,2.521277
5242,5242,0.9433333333333334,request_rescan,2.521604
5243,5243,0.9433333333333334,discard,2.521911
5244,5244,0.9433333333333334,discard,2.522211
5245,5245,0.9433333333333334,request_rescan,2.523533
5246,5246,0.9433333333333334,discard,2.523995
5247,5247,0.9433333333333334,discard,2.524364
5248,5248,0.9433333333333334,discard,2.524665
5249,5249,0.9433333333333334,request_rescan,2.525939
5250,5250,0.9433333333333334,request_rescan,2.526272
5251,5251,0.9433333333333334,discard,2.526576
5252,5252,0.9433333333333334,discard,2.526869
5253,5253,0.9433333333333334,request_rescan,2.52808
5254,5254,0.76,log_and_continue,2.528258
5255,5255,0.9433333333333334,request_rescan,2.528575
5256,5256,0.6633333333333333,log_and_continue,2.528734
5257,5257,0.9433333333333334,request_rescan,2.529939
5258,5258,0.9433333333333334,request_rescan,2.530272
5259,5259,0.9433333333333334,discard,2.530577
5260,5260,0.9433333333333334,request_rescan,2.530867
5261,5261,0.9433333333333334,discard,2.532098
5262,5262,0.9433333333333334,request_rescan,2.532422
5263,5263,0.9433333333333334,discard,2.532723
5264,5264,0.9433333333333334,request_rescan,2.533018
5265,5265,0.9433333333333334,request_rescan,2.534248
5266,5266,0.9433333333333334,request_rescan,2.534564
5267,5267,0.9433333333333334,discard,2.534859
5268,5268,0.9433333333333334,request_rescan,2.535184
5269,5269,0.9433333333333334,discard,2.53647
5270,5270,0.9433333333333334,request_rescan,2.536786
5271,5271,0.9433333333333334,discard,2.537106
5272,5272,0.9433333333333334,request_rescan,2.537412
5273,5273,0.9433333333333334,request_rescan,2.538614
5274,5274,0.9433333333333334,discard,2.538961
5275,5275,0.9433333333333334,discard,2.53928
5276,5276,0.9433333333333334,request_rescan,2.539584
5277,5277,0.9433333333333334,request_rescan,2.541037
5278,5278,0.9433333333333334,request_rescan,2.541384
5279,5279,0.9433333333333334,discard,2.541694
5280,5280,0.9433333333333334,request_rescan,2.541999
5281,5281,0.9433333333333334,request_rescan,2.543239
5282,5282,0.76,request_rescan,2.543414
5283,5283,0.9433333333333334,discard,2.54373
5284,5284,0.9433333333333334,discard,2.544028
5285,5285,0.9433333333333334,request_rescan,2.545241
5286,5286,0.9433333333333334,discard,2.545571
5287,5287,0.9433333333333334,discard,2.545876
5288,5288,0.9433333333333334,request_rescan,2.546176
5289,5289,0.9433333333333334,request_rescan,2.547393
5290,5290,0.76,log_and_continue,2.547569
5291,5291,0.9433333333333334,request_rescan,2.547889
5292,5292,0.9433333333333334,request_rescan,2.548223
5293,5293,0.9433333333333334,request_rescan,2.54945
5294,5294,0.9433333333333334,discard,2.549767
5295,5295,0.9433333333333334,request_rescan,2.550082
5296,5296,0.9433333333333334,discard,2.550398
5297,5297,0.9433333333333334,request_rescan,2.551628
5298,5298,0.9433333333333334,discard,2.551946
5299,5299,0.9433333333333334,discard,2.552256
5300,5300,0.9433333333333334,discard,2.552555
5301,5301,0.9433333333333334,request_rescan,2.553833
5302,5302,0.9433333333333334,request_rescan,2.554169
5303,5303,0.9433333333333334,request_rescan,2.554484
5304,5304,0.9433333333333334,discard,2.554808
5305,5305,0.9433333333333334,request_rescan,2.556048
5306,5306,0.9433333333333334,request_rescan,2.556373
5307,5307,0.9433333333333334,request_rescan,2.556789
5308,5308,0.9433333333333334,discard,2.557263
5309,5309,0.9433333333333334,discard,2.558604
5310,5310,0.9433333333333334,request_rescan,2.558929
5311,5311,0.9433333333333334,request_rescan,2.55924
5312,5312,0.9433333333333334,discard,2.559542
5313,5313,0.9433333333333334,request_rescan,2.560765
5314,5314,0.9433333333333334,discard,2.561094
5315,5315,0.9433333333333334,request_rescan,2.561404
5316,5316,0.9433333333333334,discard,2.561706
5317,5317,0.9433333333333334,discard,2.56292
5318,5318,0.9433333333333334,discard,2.563252
5319,5319,0.9433333333333334,request_rescan,2.563557
5320,5320,0.9433333333333334,discard,2.563852
5321,5321,0.9433333333333334,request_rescan,2.565078
5322,5322,0.9433333333333334,discard,2.565423
5323,5323,0.9433333333333334,request_rescan,2.565736
5324,5324,0.9433333333333334,discard,2.566037
5325,5325,0.9433333333333334,request_rescan,2.567313
5326,5326,0.9433333333333334,discard,2.567649
5327,5327,0.9433333333333334,request_rescan,2.567966
5328,5328,0.9433333333333334,request_rescan,2.568278
5329,5329,0.9433333333333334,discard,2.569547
5330,5330,0.9433333333333334,discard,2.569974
5331,5331,0.9433333333333334,request_rescan,2.570352
5332,5332,0.9433333333333334,discard,2.570658
5333,5333,0.9433333333333334,request_rescan,2.571908
5334,5334,0.9433333333333334,request_rescan,2.572245
5335,5335,0.9433333333333334,discard,2.572564
5336,5336,0.9433333333333334,discard,2.572871
5337,5337,0.9433333333333334,discard,2.574234
5338,5338,0.9433333333333334,request_rescan,2.574641
5339,5339,0.9433333333333334,discard,2.574951
5340,5340,0.9433333333333334,discard,2.575252
5341,5341,0.9433333333333334,request_rescan,2.576498
5342,5342,0.9433333333333334,request_rescan,2.576829
5343,5343,0.9433333333333334,discard,2.577142
5344,5344,0.9433333333333334,discard,2.577444
5345,5345,0.9433333333333334,request_rescan,2.578693
5346,5346,0.76,request_rescan,2.579027
5347,5347,0.9433333333333334,request_rescan,2.579343
5348,5348,0.9433333333333334,request_rescan,2.57964
5349,5349,0.9433333333333334,request_rescan,2.580868
5350,5350,0.9433333333333334,discard,2.581207
5351,5351,0.9433333333333334,discard,2.581524
5352,5352,0.9433333333333334,request_rescan,2.581826
5353,5353,0.9433333333333334,request_rescan,2.583047
5354,5354,0.76,request_rescan,2.583383
5355,5355,0.76,request_rescan,2.583692
5356,5356,0.9433333333333334,request_rescan,2.583988
5357,5357,0.9433333333333334,request_rescan,2.5852
5358,5358,0.9433333333333334,discard,2.585529
5359,5359,0.9433333333333334,request_rescan,2.58584
5360,5360,0.9433333333333334,discard,2.586144
5361,5361,0.9433333333333334,request_rescan,2.587473
5362,5362,0.76,request_rescan,2.587661
5363,5363,0.9433333333333334,discard,2.588009
5364,5364,0.9433333333333334,discard,2.588328
5365,5365,0.9433333333333334,discard,2.589591
5366,5366,0.9433333333333334,request_rescan,2.589929
5367,5367,0.9433333333333334,discard,2.590446
5368,5368,0.9433333333333334,discard,2.590964
5369,5369,0.9433333333333334,request_rescan,2.592228
5370,5370,0.9433333333333334,request_rescan,2.592552
5371,5371,0.9433333333333334,request_rescan,2.592854
5372,5372,0.9433333333333334,request_rescan,2.59315
5373,5373,0.9433333333333334,request_rescan,2.594375
5374,5374,0.9433333333333334,request_rescan,2.594697
5375,5375,0.9433333333333334,discard,2.595002
5376,5376,0.9433333333333334,discard,2.595305
5377,5377,0.9433333333333334,discard,2.596547
5378,5378,0.9433333333333334,discard,2.596886
5379,5379,0.9433333333333334,discard,2.597058
5380,5380,0.9433333333333334,discard,2.597376
5381,5381,0.9433333333333334,discard,2.598643
5382,5382,0.9433333333333334,request_rescan,2.598967
5383,5383,0.9433333333333334,request_rescan,2.599272
5384,5384,0.9433333333333334,discard,2.599562
5385,5385,0.9433333333333334,discard,2.600791
5386,5386,0.9433333333333334,request_rescan,2.601117
5387,5387,0.9433333333333334,discard,2.601428
5388,5388,0.9433333333333334,discard,2.601731
5389,5389,0.9433333333333334,discard,2.603062
5390,5390,0.9433333333333334,discard,2.603396
5391,5391,0.9433333333333334,discard,2.603711
5392,5392,0.9433333333333334,discard,2.60403
5393,5393,0.9433333333333334,request_rescan,2.605274
5394,5394,0.9433333333333334,request_rescan,2.605611
5395,5395,0.9433333333333334,request_rescan,2.605932
5396,5396,0.9433333333333334,discard,2.606238
5397,5397,0.9433333333333334,request_rescan,2.607627
5398,5398,0.9433333333333334,discard,2.607951
5399,5399,0.9433333333333334,discard,2.608262
5400,5400,0.9433333333333334,request_rescan,2.608562
5401,5401,0.9433333333333334,discard,2.609823
5402,5402,0.9433333333333334,request_rescan,2.610153
5403,5403,0.9433333333333334,discard,2.610465
5404,5404,0.9433333333333334,discard,2.610766
5405,5405,0.9433333333333334,discard,2.612022
5406,5406,0.9433333333333334,request_rescan,2.612365
5407,5407,0.9433333333333334,request_rescan,2.612682
5408,5408,0.9433333333333334,request_rescan,2.612981
5409,5409,0.9433333333333334,discard,2.614197
5410,5410,0.9433333333333334,request_rescan,2.61453
5411,5411,0.9433333333333334,request_rescan,2.614835
5412,5412,0.9433333333333334,request_rescan,2.61513
5413,5413,0.9433333333333334,discard,2.616349
5414,5414,0.9433333333333334,discard,2.616673
5415,5415,0.9433333333333334,request_rescan,2.616978
5416,5416,0.9433333333333334,discard,2.617275
5417,5417,0.9433333333333334,discard,2.61849
5418,5418,0.9433333333333334,discard,2.618814
5419,5419,0.9433333333333334,discard,2.619134
5420,5420,0.9433333333333334,discard,2.619653
5421,5421,0.9433333333333334,request_rescan,2.620953
5422,5422,0.9433333333333334,request_rescan,2.621286
5423,5423,0.9433333333333334,request_rescan,2.621595
5424,5424,0.9433333333333334,discard,2.621892
5425,5425,0.9433333333333334,request_rescan,2.623151
5426,5426,0.9433333333333334,discard,2.623549
5427,5427,0.9433333333333334,request_rescan,2.624055
5428,5428,0.9433333333333334,discard,2.624426
5429,5429,0.9433333333333334,request_rescan,2.625725
5430,5430,0.9433333333333334,discard,2.626049
5431,5431,0.9433333333333334,request_rescan,2.626363
5432,5432,0.9433333333333334,request_rescan,2.626668
5433,5433,0.9433333333333334,discard,2.627907
5434,5434,0.9433333333333334,discard,2.628241
5435,5435,0.9433333333333334,discard,2.62855
5436,5436,0.9433333333333334,request_rescan,2.628846
5437,5437,0.9433333333333334,request_rescan,2.630044
5438,5438,0.9433333333333334,discard,2.630381
5439,5439,0.9433333333333334,request_rescan,2.630696
5440,5440,0.9433333333333334,discard,2.630995
5441,5441,0.9433333333333334,discard,2.632211
5442,5442,0.9433333333333334,discard,2.632537
5443,5443,0.9433333333333334,request_rescan,2.632859
5444,5444,0.9433333333333334,request_rescan,2.633173
5445,5445,0.9433333333333334,request_rescan,2.634401
5446,5446,0.9433333333333334,request_rescan,2.634724
5447,5447,0.9433333333333334,request_rescan,2.635027
5448,5448,0.9433333333333334,request_rescan,2.635196
5449,5449,0.9433333333333334,request_rescan,2.636639
5450,5450,0.9433333333333334,discard,2.636974
5451,5451,0.9433333333333334,request_rescan,2.637297
5452,5452,0.9433333333333334,discard,2.6376
5453,5453,0.9433333333333334,discard,2.63884
5454,5454,0.9433333333333334,request_rescan,2.639177
5455,5455,0.9433333333333334,request_rescan,2.639486
5456,5456,0.9433333333333334,request_rescan,2.639802
5457,5457,0.9433333333333334,discard,2.641162
5458,5458,0.9433333333333334,request_rescan,2.641497
5459,5459,0.76,discard,2.641662
5460,5460,0.9433333333333334,request_rescan,2.641961
5461,5461,0.9433333333333334,discard,2.643194
5462,5462,0.9433333333333334,discard,2.643531
5463,5463,0.9433333333333334,request_rescan,2.643851
5464,5464,0.9433333333333334,discard,2.64416
5465,5465,0.9433333333333334,request_rescan,2.64537
5466,5466,0.9433333333333334,request_rescan,2.645695
5467,5467,0.9433333333333334,request_rescan,2.646001
5468,5468,0.9433333333333334,discard,2.646303
5469,5469,0.9433333333333334,discard,2.647533
5470,5470,0.9433333333333334,request_rescan,2.647869
5471,5471,0.9433333333333334,request_rescan,2.648187
5472,5472,0.9433333333333334,request_rescan,2.648495
5473,5473,0.9433333333333334,discard,2.649745
5474,5474,0.9433333333333334,discard,2.650068
5475,5475,0.9433333333333334,discard,2.650385
5476,5476,0.9433333333333334,request_rescan,2.650705
5477,5477,0.9433333333333334,discard,2.651949
5478,5478,0.76,request_rescan,2.652133
5479,5479,0.6633333333333333,log_and_continue,2.652302
5480,5480,0.9433333333333334,discard,2.652632
5481,5481,0.9433333333333334,discard,2.654254
5482,5482,0.9433333333333334,discard,2.654584
5483,5483,0.9433333333333334,discard,2.654892
5484,5484,0.9433333333333334,request_rescan,2.655194
5485,5485,0.9433333333333334,discard,2.656515
5486,5486,0.9433333333333334,request_rescan,2.656925
5487,5487,0.9433333333333334,discard,2.657451
5488,5488,0.9433333333333334,discard,2.65781
5489,5489,0.9433333333333334,request_rescan,2.659054
5490,5490,0.9433333333333334,discard,2.659395
5491,5491,0.6633333333333333,log_and_continue,2.659563
5492,5492,0.9433333333333334,request_rescan,2.659867
5493,5493,0.9433333333333334,request_rescan,2.661072
5494,5494,0.9433333333333334,discard,2.661407
5495,5495,0.9433333333333334,request_rescan,2.661716
5496,5496,0.9433333333333334,discard,2.662016
5497,5497,0.9433333333333334,discard,2.663253
5498,5498,0.9433333333333334,discard,2.663582
5499,5499,0.9433333333333334,discard,2.663887
5500,5500,0.9433333333333334,discard,2.664192
5501,5501,0.9433333333333334,discard,2.66549
5502,5502,0.9433333333333334,request_rescan,2.66583
5503,5503,0.9433333333333334,request_rescan,2.666143
5504,5504,0.9433333333333334,discard,2.666443
5505,5505,0.9433333333333334,request_rescan,2.667616
5506,5506,0.9433333333333334,request_rescan,2.667946
5507,5507,0.9433333333333334,discard,2.66826
5508,5508,0.9433333333333334,request_rescan,2.668565
5509,5509,0.9433333333333334,request_rescan,2.670008
5510,5510,0.9433333333333334,discard,2.670341
5511,5511,0.9433333333333334,request_rescan,2.67066
5512,5512,0.9433333333333334,discard,2.670968
5513,5513,0.9433333333333334,discard,2.67234
5514,5514,0.9433333333333334,discard,2.672654
5515,5515,0.9433333333333334,request_rescan,2.672956
5516,5516,0.9433333333333334,discard,2.673279
5517,5517,0.9433333333333334,request_rescan,2.674924
5518,5518,0.9433333333333334,discard,2.675252
5519,5519,0.9433333333333334,request_rescan,2.675577
5520,5520,0.9433333333333334,discard,2.675885
5521,5521,0.9433333333333334,request_rescan,2.677275
5522,5522,0.9433333333333334,request_rescan,2.677602
5523,5523,0.9433333333333334,discard,2.677909
5524,5524,0.9433333333333334,request_rescan,2.678218
5525,5525,0.9433333333333334,discard,2.67942
5526,5526,0.9433333333333334,discard,2.679735
5527,5527,0.9433333333333334,discard,2.680034
5528,5528,0.9433333333333334,request_rescan,2.680353
5529,5529,0.9433333333333334,request_rescan,2.681583
5530,5530,0.9433333333333334,discard,2.681907
5531,5531,0.9433333333333334,request_rescan,2.682214
5532,5532,0.9433333333333334,discard,2.682526
5533,5533,0.9433333333333334,discard,2.683725
5534,5534,0.9433333333333334,request_rescan,2.68405
5535,5535,0.9433333333333334,request_rescan,2.684376
5536,5536,0.9433333333333334,discard,2.684679
5537,5537,0.9433333333333334,request_rescan,2.685895
5538,5538,0.9433333333333334,request_rescan,2.686223
5539,5539,0.9433333333333334,request_rescan,2.686533
5540,5540,0.9433333333333334,request_rescan,2.687045
5541,5541,0.9433333333333334,request_rescan,2.688418
5542,5542,0.9433333333333334,request_rescan,2.68875
5543,5543,0.9433333333333334,discard,2.689054
5544,5544,0.9433333333333334,discard,2.689351
5545,5545,0.9433333333333334,discard,2.690867
5546,5546,0.9433333333333334,discard,2.691263
5547,5547,0.9433333333333334,discard,2.691573
5548,5548,0.9433333333333334,discard,2.691882
5549,5549,0.9433333333333334,request_rescan,2.69327
5550,5550,0.9433333333333334,request_rescan,2.69359
5551,5551,0.9433333333333334,request_rescan,2.693891
5552,5552,0.9433333333333334,request_rescan,2.694193
5553,5553,0.76,request_rescan,2.695393
5554,5554,0.9433333333333334,discard,2.695731
5555,5555,0.9433333333333334,request_rescan,2.696045
5556,5556,0.9433333333333334,discard,2.696358
5557,5557,0.9433333333333334,discard,2.697756
5558,5558,0.9433333333333334,discard,2.69807
5559,5559,0.9433333333333334,request_rescan,2.698399
5560,5560,0.9433333333333334,request_rescan,2.698703
5561,5561,0.9433333333333334,discard,2.700032
5562,5562,0.9433333333333334,discard,2.700353
5563,5563,0.9433333333333334,discard,2.700659
5564,5564,0.9433333333333334,request_rescan,2.700964
5565,5565,0.9433333333333334,request_rescan,2.702304
5566,5566,0.9433333333333334,request_rescan,2.702629
5567,5567,0.9433333333333334,request_rescan,2.702942
5568,5568,0.9433333333333334,request_rescan,2.703286
5569,5569,0.9433333333333334,discard,2.705018
5570,5570,0.9433333333333334,request_rescan,2.705343
5571,5571,0.9433333333333334,discard,2.705648
5572,5572,0.9433333333333334,request_rescan,2.705955
5573,5573,0.9433333333333334,request_rescan,2.707301
5574,5574,0.9433333333333334,request_rescan,2.707481
5575,5575,0.9433333333333334,discard,2.707871
5576,5576,0.9433333333333334,discard,2.708178
5577,5577,0.9433333333333334,request_rescan,2.709475
5578,5578,0.9433333333333334,request_rescan,2.7098
5579,5579,0.9433333333333334,request_rescan,2.710106
5580,5580,0.9433333333333334,request_rescan,2.710425
5581,5581,0.9433333333333334,request_rescan,2.711722
5582,5582,0.9433333333333334,discard,2.712039
5583,5583,0.9433333333333334,request_rescan,2.712349
5584,5584,0.9433333333333334,request_rescan,2.712657
5585,5585,0.76,discard,2.713899
5586,5586,0.9433333333333334,request_rescan,2.714244
5587,5587,0.9433333333333334,request_rescan,2.714561
5588,5588,0.9433333333333334,discard,2.714882
5589,5589,0.9433333333333334,discard,2.716232
5590,5590,0.9433333333333334,discard,2.71655
5591,5591,0.9433333333333334,discard,2.716852
5592,5592,0.9433333333333334,discard,2.717164
5593,5593,0.9433333333333334,discard,2.718515
5594,5594,0.9433333333333334,request_rescan,2.718833
5595,5595,0.9433333333333334,discard,2.719136
5596,5596,0.9433333333333334,request_rescan,2.719451
5597,5597,0.9433333333333334,discard,2.720913
5598,5598,0.9433333333333334,request_rescan,2.72124
5599,5599,0.9433333333333334,request_rescan,2.721551
5600,5600,0.76,log_and_continue,2.721721
5601,5601,0.9433333333333334,request_rescan,2.723099
5602,5602,0.9433333333333334,discard,2.723535
5603,5603,0.9433333333333334,discard,2.723931
5604,5604,0.9433333333333334,request_rescan,2.724315
5605,5605,0.9433333333333334,request_rescan,2.725617
5606,5606,0.9433333333333334,request_rescan,2.725936
5607,5607,0.9433333333333334,discard,2.726248
5608,5608,0.9433333333333334,request_rescan,2.726565
5609,5609,0.9433333333333334,request_rescan,2.727977
5610,5610,0.9433333333333334,request_rescan,2.7283
5611,5611,0.76,log_and_continue,2.728472
5612,5612,0.9433333333333334,discard,2.728792
5613,5613,0.76,request_rescan,2.72996
5614,5614,0.9433333333333334,discard,2.730306
5615,5615,0.9433333333333334,discard,2.730644
5616,5616,0.9433333333333334,discard,2.73095
5617,5617,0.9433333333333334,request_rescan,2.732295
5618,5618,0.9433333333333334,request_rescan,2.732615
5619,5619,0.9433333333333334,discard,2.732931
5620,5620,0.9433333333333334,request_rescan,2.733249
5621,5621,0.9433333333333334,discard,2.734537
5622,5622,0.9433333333333334,request_rescan,2.734853
5623,5623,0.9433333333333334,discard,2.735156
5624,5624,0.9433333333333334,request_rescan,2.735472
5625,5625,0.9433333333333334,discard,2.736724
5626,5626,0.76,request_rescan,2.736902
5627,5627,0.9433333333333334,discard,2.737297
5628,5628,0.9433333333333334,request_rescan,2.7376
5629,5629,0.9433333333333334,request_rescan,2.738839
5630,5630,0.9433333333333334,discard,2.739175
5631,5631,0.9433333333333334,request_rescan,2.739495
5632,5632,0.9433333333333334,discard,2.7398
5633,5633,0.9433333333333334,discard,2.741156
5634,5634,0.9433333333333334,discard,2.741486
5635,5635,0.9433333333333334,request_rescan,2.74179
5636,5636,0.9433333333333334,request_rescan,2.74208
5637,5637,0.9433333333333334,discard,2.743298
5638,5638,0.9433333333333334,discard,2.743631
5639,5639,0.9433333333333334,request_rescan,2.743938
5640,5640,0.9433333333333334,discard,2.744238
5641,5641,0.9433333333333334,discard,2.745474
5642,5642,0.9433333333333334,discard,2.7458
5643,5643,0.9433333333333334,request_rescan,2.746108
5644,5644,0.9433333333333334,discard,2.74641
5645,5645,0.9433333333333334,discard,2.747631
5646,5646,0.9433333333333334,request_rescan,2.747952
5647,5647,0.9433333333333334,request_rescan,2.748259
5648,5648,0.9433333333333334,request_rescan,2.748552
5649,5649,0.9433333333333334,discard,2.749759
5650,5650,0.9433333333333334,request_rescan,2.750096
5651,5651,0.9433333333333334,request_rescan,2.750415
5652,5652,0.9433333333333334,request_rescan,2.750721
5653,5653,0.9433333333333334,discard,2.751921
5654,5654,0.9433333333333334,discard,2.752255
5655,5655,0.9433333333333334,request_rescan,2.752575
5656,5656,0.9433333333333334,discard,2.752902
5657,5657,0.9433333333333334,request_rescan,2.754369
5658,5658,0.9433333333333334,request_rescan,2.754699
5659,5659,0.9433333333333334,request_rescan,2.755005
5660,5660,0.9433333333333334,request_rescan,2.755309
5661,5661,0.9433333333333334,discard,2.756549
5662,5662,0.9433333333333334,request_rescan,2.756927
5663,5663,0.9433333333333334,discard,2.757492
5664,5664,0.6633333333333333,log_and_continue,2.75766
5665,5665,0.9433333333333334,discard,2.758925
5666,5666,0.9433333333333334,request_rescan,2.759255
5667,5667,0.9433333333333334,request_rescan,2.759565
5668,5668,0.9433333333333334,discard,2.759856
5669,5669,0.9433333333333334,request_rescan,2.761067
5670,5670,0.9433333333333334,discard,2.761406
5671,5671,0.9433333333333334,discard,2.761716
5672,5672,0.9433333333333334,request_rescan,2.762025
5673,5673,0.9433333333333334,discard,2.763241
5674,5674,0.9433333333333334,discard,2.763571
5675,5675,0.9433333333333334,request_rescan,2.763872
5676,5676,0.9433333333333334,discard,2.76417
5677,5677,0.9433333333333334,discard,2.765373
5678,5678,0.9433333333333334,request_rescan,2.765702
5679,5679,0.9433333333333334,discard,2.766003
5680,5680,0.9433333333333334,discard,2.766304
5681,5681,0.9433333333333334,request_rescan,2.767501
5682,5682,0.9433333333333334,request_rescan,2.767824
5683,5683,0.9433333333333334,discard,2.768143
5684,5684,0.9433333333333334,discard,2.768456
5685,5685,0.9433333333333334,discard,2.769934
5686,5686,0.9433333333333334,discard,2.770269
5687,5687,0.9433333333333334,request_rescan,2.770579
5688,5688,0.9433333333333334,request_rescan,2.770869
5689,5689,0.9433333333333334,discard,2.772126
5690,5690,0.9433333333333334,discard,2.772453
5691,5691,0.9433333333333334,discard,2.772754
5692,5692,0.9433333333333334,discard,2.773043
5693,5693,0.9433333333333334,request_rescan,2.774535
5694,5694,0.9433333333333334,request_rescan,2.774869
5695,5695,0.9433333333333334,discard,2.775179
5696,5696,0.9433333333333334,discard,2.775475
5697,5697,0.76,discard,2.776623
5698,5698,0.9433333333333334,discard,2.776967
5699,5699,0.9433333333333334,request_rescan,2.777297
5700,5700,0.9433333333333334,request_rescan,2.777628
5701,5701,0.9433333333333334,request_rescan,2.778886
5702,5702,0.9433333333333334,discard,2.779219
5703,5703,0.9433333333333334,discard,2.779533
5704,5704,0.9433333333333334,discard,2.779831
5705,5705,0.9433333333333334,request_rescan,2.781039
5706,5706,0.9433333333333334,discard,2.781373
5707,5707,0.9433333333333334,request_rescan,2.781678
5708,5708,0.9433333333333334,request_rescan,2.781969
5709,5709,0.9433333333333334,request_rescan,2.783185
5710,5710,0.9433333333333334,request_rescan,2.783511
5711,5711,0.9433333333333334,discard,2.783818
5712,5712,0.9433333333333334,request_rescan,2.784126
5713,5713,0.9433333333333334,request_rescan,2.785397
5714,5714,0.76,discard,2.785887
5715,5715,0.76,discard,2.786322
5716,5716,0.9433333333333334,request_rescan,2.786618
5717,5717,0.76,discard,2.78787
5718,5718,0.76,discard,2.788198
5719,5719,0.76,discard,2.788503
5720,5720,0.76,discard,2.788796
5721,5721,0.9433333333333334,request_rescan,2.79001
5722,5722,0.9433333333333334,discard,2.79049
5723,5723,0.9433333333333334,discard,2.791001
5724,5724,0.9433333333333334,discard,2.791315
5725,5725,0.9433333333333334,discard,2.792568
5726,5726,0.9433333333333334,discard,2.792892
5727,5727,0.76,discard,2.793062
5728,5728,0.9433333333333334,request_rescan,2.793375
5729,5729,0.9433333333333334,discard,2.79459
5730,5730,0.9433333333333334,discard,2.794914
5731,5731,0.9433333333333334,request_rescan,2.795223
5732,5732,0.9433333333333334,discard,2.79552
5733,5733,0.9433333333333334,request_rescan,2.796734
5734,5734,0.9433333333333334,discard,2.797045
5735,5735,0.9433333333333334,discard,2.797353
5736,5736,0.9433333333333334,request_rescan,2.797649
5737,5737,0.76,discard,2.798744
5738,5738,0.9433333333333334,discard,2.799083
5739,5739,0.9433333333333334,discard,2.799409
5740,5740,0.9433333333333334,discard,2.79971
5741,5741,0.76,request_rescan,2.800929
5742,5742,0.9433333333333334,request_rescan,2.801253
5743,5743,0.76,request_rescan,2.801555
5744,5744,0.9433333333333334,request_rescan,2.801847
5745,5745,0.76,request_rescan,2.803068
5746,5746,0.9433333333333334,request_rescan,2.803539
5747,5747,0.76,request_rescan,2.803705
5748,5748,0.9433333333333334,request_rescan,2.804005
5749,5749,0.9433333333333334,request_rescan,2.805225
5750,5750,0.9433333333333334,request_rescan,2.805552
5751,5751,0.9433333333333334,discard,2.805854
5752,5752,0.9433333333333334,discard,2.806152
5753,5753,0.9433333333333334,request_rescan,2.807689
5754,5754,0.9433333333333334,discard,2.808017
5755,5755,0.9433333333333334,discard,2.808333
5756,5756,0.9433333333333334,request_rescan,2.80863
5757,5757,0.9433333333333334,request_rescan,2.809934
5758,5758,0.9433333333333334,discard,2.810273
5759,5759,0.9433333333333334,request_rescan,2.810586
5760,5760,0.9433333333333334,discard,2.81088
5761,5761,0.9433333333333334,discard,2.812102
5762,5762,0.9433333333333334,discard,2.812427
5763,5763,0.9433333333333334,discard,2.812591
5764,5764,0.9433333333333334,request_rescan,2.812892
5765,5765,0.9433333333333334,discard,2.814094
5766,5766,0.9433333333333334,discard,2.814421
5767,5767,0.9433333333333334,discard,2.814722
5768,5768,0.9433333333333334,request_rescan,2.815011
5769,5769,0.9433333333333334,request_rescan,2.816246
5770,5770,0.9433333333333334,discard,2.816576
5771,5771,0.9433333333333334,discard,2.81688
5772,5772,0.9433333333333334,discard,2.817175
5773,5773,0.9433333333333334,discard,2.818398
5774,5774,0.9433333333333334,request_rescan,2.81872
5775,5775,0.9433333333333334,discard,2.81903
5776,5776,0.9433333333333334,discard,2.819331
5777,5777,0.9433333333333334,request_rescan,2.820776
5778,5778,0.9433333333333334,discard,2.821095
5779,5779,0.9433333333333334,request_rescan,2.821402
5780,5780,0.9433333333333334,request_rescan,2.821715
5781,5781,0.9433333333333334,discard,2.822934
5782,5782,0.9433333333333334,request_rescan,2.823259
5783,5783,0.9433333333333334,request_rescan,2.823789
5784,5784,0.9433333333333334,discard,2.824318
5785,5785,0.9433333333333334,request_rescan,2.82568
5786,5786,0.9433333333333334,discard,2.826015
5787,5787,0.9433333333333334,request_rescan,2.826324
5788,5788,0.9433333333333334,discard,2.826619
5789,5789,0.76,log_and_continue,2.82772
5790,5790,0.9433333333333334,discard,2.828058
5791,5791,0.9433333333333334,request_rescan,2.828379
5792,5792,0.9433333333333334,request_rescan,2.828675
5793,5793,0.9433333333333334,discard,2.829901
5794,5794,0.9433333333333334,discard,2.830236
5795,5795,0.9433333333333334,discard,2.830538
5796,5796,0.9433333333333334,discard,2.830841
5797,5797,0.9433333333333334,discard,2.832068
5798,5798,0.9433333333333334,request_rescan,2.832402
5799,5799,0.9433333333333334,request_rescan,2.832713
5800,5800,0.9433333333333334,request_rescan,2.833012
5801,5801,0.9433333333333334,request_rescan,2.834256
5802,5802,0.9433333333333334,discard,2.834587
5803,5803,0.9433333333333334,request_rescan,2.834893
5804,5804,0.9433333333333334,discard,2.835191
5805,5805,0.9433333333333334,request_rescan,2.836435
5806,5806,0.9433333333333334,discard,2.837007
5807,5807,0.9433333333333334,discard,2.837378
5808,5808,0.9433333333333334,discard,2.837671
5809,5809,0.9433333333333334,request_rescan,2.838949
5810,5810,0.9433333333333334,discard,2.839281
5811,5811,0.9433333333333334,request_rescan,2.839592
5812,5812,0.9433333333333334,discard,2.839889
5813,5813,0.9433333333333334,discard,2.841216
5814,5814,0.9433333333333334,request_rescan,2.841552
5815,5815,0.9433333333333334,discard,2.841864
5816,5816,0.9433333333333334,request_rescan,2.842167
5817,5817,0.9433333333333334,discard,2.843383
5818,5818,0.9433333333333334,discard,2.843703
5819,5819,0.9433333333333334,discard,2.844002
5820,5820,0.9433333333333334,discard,2.8443
5821,5821,0.9433333333333334,discard,2.845527
5822,5822,0.9433333333333334,discard,2.845849
5823,5823,0.9433333333333334,request_rescan,2.846153
5824,5824,0.6633333333333333,log_and_continue,2.846318
5825,5825,0.9433333333333334,request_rescan,2.847541
5826,5826,0.9433333333333334,request_rescan,2.847869
5827,5827,0.76,discard,2.848188
5828,5828,0.9433333333333334,discard,2.848485
5829,5829,0.9433333333333334,discard,2.849565
5830,5830,0.76,discard,2.849903
5831,5831,0.9433333333333334,discard,2.850214
5832,5832,0.9433333333333334,request_rescan,2.850512
5833,5833,0.9433333333333334,request_rescan,2.851735
5834,5834,0.9433333333333334,discard,2.852059
5835,5835,0.9433333333333334,discard,2.852376
5836,5836,0.9433333333333334,request_rescan,2.852683
5837,5837,0.76,discard,2.854111
5838,5838,0.76,discard,2.85446
5839,5839,0.9433333333333334,discard,2.854776
5840,5840,0.76,discard,2.855076
5841,5841,0.9433333333333334,discard,2.856346
5842,5842,0.9433333333333334,discard,2.856676
5843,5843,0.9433333333333334,discard,2.857048
5844,5844,0.9433333333333334,discard,2.857412
5845,5845,0.9433333333333334,discard,2.858724
5846,5846,0.9433333333333334,discard,2.85905
5847,5847,0.9433333333333334,request_rescan,2.859363
5848,5848,0.9433333333333334,request_rescan,2.859654
5849,5849,0.9433333333333334,request_rescan,2.860869
5850,5850,0.9433333333333334,discard,2.861194
5851,5851,0.9433333333333334,discard,2.861507
5852,5852,0.9433333333333334,request_rescan,2.861826
5853,5853,0.9433333333333334,discard,2.863074
5854,5854,0.76,request_rescan,2.863409
5855,5855,0.76,request_rescan,2.863731
5856,5856,0.76,request_rescan,2.864031
5857,5857,0.76,request_rescan,2.865265
5858,5858,0.9433333333333334,request_rescan,2.865599
5859,5859,0.9433333333333334,request_rescan,2.865903
5860,5860,0.9433333333333334,discard,2.866201
5861,5861,0.9433333333333334,request_rescan,2.867428
5862,5862,0.9433333333333334,request_rescan,2.867756
5863,5863,0.76,request_rescan,2.86806
5864,5864,0.76,request_rescan,2.868361
5865,5865,0.9433333333333334,discard,2.869726
5866,5866,0.9433333333333334,discard,2.870053
5867,5867,0.9433333333333334,request_rescan,2.870366
5868,5868,0.9433333333333334,request_rescan,2.87066
5869,5869,0.9433333333333334,request_rescan,2.871894
5870,5870,0.9433333333333334,request_rescan,2.872226
5871,5871,0.76,request_rescan,2.872532
5872,5872,0.9433333333333334,request_rescan,2.872835
5873,5873,0.9433333333333334,request_rescan,2.874371
5874,5874,0.9433333333333334,request_rescan,2.874706
5875,5875,0.9433333333333334,discard,2.875014
5876,5876,0.9433333333333334,discard,2.875316
5877,5877,0.9433333333333334,discard,2.876548
5878,5878,0.9433333333333334,discard,2.876861
5879,5879,0.9433333333333334,request_rescan,2.877028
5880,5880,0.9433333333333334,request_rescan,2.877357
5881,5881,0.9433333333333334,discard,2.878584
5882,5882,0.9433333333333334,discard,2.878904
5883,5883,0.9433333333333334,request_rescan,2.879236
5884,5884,0.9433333333333334,discard,2.879554
5885,5885,0.9433333333333334,request_rescan,2.880789
5886,5886,0.9433333333333334,discard,2.881123
5887,5887,0.9433333333333334,discard,2.881441
5888,5888,0.9433333333333334,request_rescan,2.881609
5889,5889,0.9433333333333334,discard,2.88282
5890,5890,0.9433333333333334,request_rescan,2.883157
5891,5891,0.9433333333333334,request_rescan,2.883465
5892,5892,0.9433333333333334,discard,2.883761
5893,5893,0.9433333333333334,discard,2.884973
5894,5894,0.76,discard,2.885305
5895,5895,0.9433333333333334,discard,2.885608
5896,5896,0.76,discard,2.885907
5897,5897,0.9433333333333334,discard,2.887168
5898,5898,0.9433333333333334,request_rescan,2.887505
5899,5899,0.76,discard,2.887814
5900,5900,0.9433333333333334,request_rescan,2.888114
5901,5901,0.76,log_and_continue,2.889245
5902,5902,0.9433333333333334,discard,2.889579
5903,5903,0.76,discard,2.889883
5904,5904,0.76,discard,2.890244
5905,5905,0.76,discard,2.89161
5906,5906,0.9433333333333334,discard,2.891935
5907,5907,0.76,log_and_continue,2.892103
5908,5908,0.9433333333333334,discard,2.892402
5909,5909,0.9433333333333334,discard,2.893598
5910,5910,0.9433333333333334,discard,2.893929
5911,5911,0.9433333333333334,request_rescan,2.894243
5912,5912,0.9433333333333334,discard,2.894543
5913,5913,0.9433333333333334,request_rescan,2.895745
5914,5914,0.9433333333333334,discard,2.896067
5915,5915,0.9433333333333334,request_rescan,2.896383
5916,5916,0.9433333333333334,request_rescan,2.896676
5917,5917,0.9433333333333334,request_rescan,2.897874
5918,5918,0.9433333333333334,discard,2.898212
5919,5919,0.9433333333333334,discard,2.898519
5920,5920,0.9433333333333334,request_rescan,2.898813
5921,5921,0.9433333333333334,discard,2.900011
5922,5922,0.9433333333333334,discard,2.900348
5923,5923,0.9433333333333334,discard,2.900651
5924,5924,0.9433333333333334,request_rescan,2.900812
5925,5925,0.9433333333333334,discard,2.902045
5926,5926,0.9433333333333334,discard,2.902384
5927,5927,0.9433333333333334,request_rescan,2.9027
5928,5928,0.9433333333333334,discard,2.903007
5929,5929,0.9433333333333334,discard,2.904376
5930,5930,0.9433333333333334,discard,2.904693
5931,5931,0.9433333333333334,request_rescan,2.904998
5932,5932,0.9433333333333334,request_rescan,2.905318
5933,5933,0.9433333333333334,request_rescan,2.906567
5934,5934,0.9433333333333334,request_rescan,2.906955
5935,5935,0.9433333333333334,discard,2.907341
5936,5936,0.9433333333333334,discard,2.907807
5937,5937,0.9433333333333334,request_rescan,2.909025
5938,5938,0.9433333333333334,request_rescan,2.909357
5939,5939,0.9433333333333334,discard,2.909659
5940,5940,0.9433333333333334,discard,2.909947
5941,5941,0.9433333333333334,request_rescan,2.911179
5942,5942,0.9433333333333334,request_rescan,2.911513
5943,5943,0.9433333333333334,request_rescan,2.911816
5944,5944,0.9433333333333334,discard,2.912112
5945,5945,0.9433333333333334,discard,2.913312
5946,5946,0.9433333333333334,discard,2.913638
5947,5947,0.9433333333333334,request_rescan,2.913942
5948,5948,0.9433333333333334,discard,2.91424
5949,5949,0.9433333333333334,discard,2.915444
5950,5950,0.9433333333333334,discard,2.91577
5951,5951,0.9433333333333334,request_rescan,2.916072
5952,5952,0.9433333333333334,discard,2.91637
5953,5953,0.9433333333333334,request_rescan,2.917561
5954,5954,0.9433333333333334,request_rescan,2.917894
5955,5955,0.9433333333333334,discard,2.918216
5956,5956,0.9433333333333334,discard,2.918521
5957,5957,0.9433333333333334,discard,2.919936
5958,5958,0.9433333333333334,discard,2.92027
5959,5959,0.9433333333333334,request_rescan,2.920575
5960,5960,0.9433333333333334,request_rescan,2.920868
5961,5961,0.9433333333333334,request_rescan,2.92217
5962,5962,0.9433333333333334,discard,2.922506
5963,5963,0.9433333333333334,discard,2.922816
5964,5964,0.9433333333333334,request_rescan,2.923124
5965,5965,0.9433333333333334,request_rescan,2.924524
5966,5966,0.9433333333333334,request_rescan,2.924849
5967,5967,0.9433333333333334,request_rescan,2.925156
5968,5968,0.9433333333333334,request_rescan,2.92545
5969,5969,0.9433333333333334,request_rescan,2.926682
5970,5970,0.9433333333333334,request_rescan,2.92701
5971,5971,0.9433333333333334,request_rescan,2.927325
5972,5972,0.9433333333333334,discard,2.927491
5973,5973,0.9433333333333334,request_rescan,2.928732
5974,5974,0.9433333333333334,discard,2.929059
5975,5975,0.9433333333333334,discard,2.929376
5976,5976,0.9433333333333334,discard,2.92967
5977,5977,0.9433333333333334,discard,2.93088
5978,5978,0.9433333333333334,discard,2.931212
5979,5979,0.9433333333333334,discard,2.931519
5980,5980,0.9433333333333334,request_rescan,2.931679
5981,5981,0.9433333333333334,discard,2.932898
5982,5982,0.9433333333333334,discard,2.933232
5983,5983,0.9433333333333334,discard,2.933544
5984,5984,0.9433333333333334,discard,2.933843
5985,5985,0.9433333333333334,discard,2.935085
5986,5986,0.9433333333333334,discard,2.935433
5987,5987,0.9433333333333334,request_rescan,2.935746
5988,5988,0.9433333333333334,discard,2.936048
5989,5989,0.9433333333333334,request_rescan,2.937494
5990,5990,0.9433333333333334,discard,2.937826
5991,5991,0.9433333333333334,request_rescan,2.938138
5992,5992,0.9433333333333334,discard,2.938433
5993,5993,0.9433333333333334,request_rescan,2.939691
5994,5994,0.9433333333333334,request_rescan,2.940014
5995,5995,0.9433333333333334,discard,2.940515
5996,5996,0.9433333333333334,request_rescan,2.941088
5997,5997,0.9433333333333334,request_rescan,2.942372
5998,5998,0.9433333333333334,request_rescan,2.942696
5999,5999,0.9433333333333334,discard,2.942997
6000,6000,0.9433333333333334,request_rescan,2.943296
6001,6001,0.9433333333333334,request_rescan,2.944621
6002,6002,0.9433333333333334,discard,2.944944
6003,6003,0.9433333333333334,request_rescan,2.94525
6004,6004,0.9433333333333334,request_rescan,2.945544
6005,6005,0.9433333333333334,request_rescan,2.946745
6006,6006,0.9433333333333334,request_rescan,2.947068
6007,6007,0.9433333333333334,request_rescan,2.947384
6008,6008,0.9433333333333334,request_rescan,2.94768
6009,6009,0.9433333333333334,discard,2.948883
6010,6010,0.9433333333333334,request_rescan,2.949217
6011,6011,0.9433333333333334,request_rescan,2.949535
6012,6012,0.9433333333333334,discard,2.949838
6013,6013,0.9433333333333334,request_rescan,2.950951
6014,6014,0.9433333333333334,request_rescan,2.951298
6015,6015,0.9433333333333334,request_rescan,2.951464
6016,6016,0.9433333333333334,request_rescan,2.951772
6017,6017,0.9433333333333334,request_rescan,2.952885
6018,6018,0.9433333333333334,request_rescan,2.953231
6019,6019,0.9433333333333334,request_rescan,2.953542
6020,6020,0.9433333333333334,request_rescan,2.953837
6021,6021,0.9433333333333334,request_rescan,2.955041
6022,6022,0.9433333333333334,discard,2.955375
6023,6023,0.9433333333333334,request_rescan,2.95569
6024,6024,0.9433333333333334,request_rescan,2.956003
6025,6025,0.9433333333333334,discard,2.957325
6026,6026,0.9433333333333334,request_rescan,2.957716
6027,6027,0.9433333333333334,discard,2.958016
6028,6028,0.9433333333333334,request_rescan,2.95832
6029,6029,0.9433333333333334,request_rescan,2.959546
6030,6030,0.9433333333333334,request_rescan,2.959872
6031,6031,0.9433333333333334,discard,2.96018
6032,6032,0.9433333333333334,discard,2.960475
6033,6033,0.9433333333333334,discard,2.961678
6034,6034,0.9433333333333334,request_rescan,2.962017
6035,6035,0.9433333333333334,discard,2.962336
6036,6036,0.9433333333333334,request_rescan,2.962643
6037,6037,0.6633333333333333,log_and_continue,2.963748
6038,6038,0.9433333333333334,request_rescan,2.964094
6039,6039,0.9433333333333334,discard,2.964421
6040,6040,0.9433333333333334,discard,2.964724
6041,6041,0.9433333333333334,request_rescan,2.965957
6042,6042,0.9433333333333334,discard,2.966291
6043,6043,0.9433333333333334,request_rescan,2.966595
6044,6044,0.9433333333333334,request_rescan,2.966898
6045,6045,0.9433333333333334,request_rescan,2.968104
6046,6046,0.9433333333333334,discard,2.968426
6047,6047,0.9433333333333334,request_rescan,2.96874
6048,6048,0.9433333333333334,discard,2.969064
6049,6049,0.6633333333333333,log_and_continue,2.970418
6050,6050,0.9433333333333334,request_rescan,2.970757
6051,6051,0.9433333333333334,discard,2.971068
6052,6052,0.9433333333333334,discard,2.971236
6053,6053,0.9433333333333334,discard,2.97244
6054,6054,0.9433333333333334,discard,2.972765
6055,6055,0.9433333333333334,request_rescan,2.973066
6056,6056,0.9433333333333334,request_rescan,2.973492
6057,6057,0.9433333333333334,request_rescan,2.975109
6058,6058,0.9433333333333334,request_rescan,2.97544
6059,6059,0.9433333333333334,request_rescan,2.97575
6060,6060,0.9433333333333334,request_rescan,2.976043
6061,6061,0.9433333333333334,discard,2.977297
6062,6062,0.9433333333333334,request_rescan,2.977625
6063,6063,0.9433333333333334,request_rescan,2.977928
6064,6064,0.9433333333333334,discard,2.978228
6065,6065,0.9433333333333334,request_rescan,2.979463
6066,6066,0.9433333333333334,request_rescan,2.979789
6067,6067,0.9433333333333334,request_rescan,2.980102
6068,6068,0.9433333333333334,discard,2.980403
6069,6069,0.9433333333333334,request_rescan,2.981648
6070,6070,0.9433333333333334,discard,2.981982
6071,6071,0.9433333333333334,discard,2.982303
6072,6072,0.9433333333333334,discard,2.982604
6073,6073,0.9433333333333334,request_rescan,2.983823
6074,6074,0.9433333333333334,discard,2.984151
6075,6075,0.9433333333333334,discard,2.984457
6076,6076,0.9433333333333334,discard,2.984749
6077,6077,0.6633333333333333,log_and_continue,2.985865
6078,6078,0.9433333333333334,discard,2.986278
6079,6079,0.9433333333333334,discard,2.986587
6080,6080,0.9433333333333334,request_rescan,2.986881
6081,6081,0.9433333333333334,discard,2.988111
6082,6082,0.9433333333333334,request_rescan,2.988446
6083,6083,0.9433333333333334,request_rescan,2.98876
6084,6084,0.9433333333333334,discard,2.989058
6085,6085,0.9433333333333334,discard,2.990283
6086,6086,0.9433333333333334,discard,2.990848
6087,6087,0.9433333333333334,request_rescan,2.991228
6088,6088,0.9433333333333334,request_rescan,2.991532
6089,6089,0.9433333333333334,request_rescan,2.992777
6090,6090,0.9433333333333334,discard,2.993101
6091,6091,0.9433333333333334,discard,2.993408
6092,6092,0.9433333333333334,discard,2.993703
6093,6093,0.9433333333333334,request_rescan,2.994923
6094,6094,0.9433333333333334,discard,2.995249
6095,6095,0.9433333333333334,discard,2.995566
6096,6096,0.9433333333333334,discard,2.99588
6097,6097,0.9433333333333334,discard,2.997095
6098,6098,0.9433333333333334,discard,2.997422
6099,6099,0.9433333333333334,request_rescan,2.997726
6100,6100,0.76,request_rescan,2.99789
6101,6101,0.9433333333333334,discard,2.999128
6102,6102,0.9433333333333334,request_rescan,2.999455
6103,6103,0.9433333333333334,discard,2.999757
6104,6104,0.9433333333333334,request_rescan,3.000051
6105,6105,0.9433333333333334,discard,3.001276
6106,6106,0.9433333333333334,discard,3.001608
6107,6107,0.9433333333333334,discard,3.001914
6108,6108,0.9433333333333334,request_rescan,3.002213
6109,6109,0.9433333333333334,request_rescan,3.003535
6110,6110,0.9433333333333334,request_rescan,3.003861
6111,6111,0.9433333333333334,discard,3.004166
6112,6112,0.76,request_rescan,3.00434
6113,6113,0.9433333333333334,request_rescan,3.005555
6114,6114,0.9433333333333334,request_rescan,3.00588
6115,6115,0.9433333333333334,discard,3.006189
6116,6116,0.9433333333333334,discard,3.006483
6117,6117,0.9433333333333334,discard,3.007829
6118,6118,0.9433333333333334,request_rescan,3.008161
6119,6119,0.9433333333333334,discard,3.008476
6120,6120,0.9433333333333334,discard,3.008776
6121,6121,0.9433333333333334,discard,3.009993
6122,6122,0.9433333333333334,discard,3.010327
6123,6123,0.9433333333333334,request_rescan,3.01063
6124,6124,0.9433333333333334,request_rescan,3.010923
6125,6125,0.9433333333333334,discard,3.012017
6126,6126,0.9433333333333334,request_rescan,3.012368
6127,6127,0.9433333333333334,request_rescan,3.012679
6128,6128,0.9433333333333334,discard,3.012971
6129,6129,0.9433333333333334,discard,3.014197
6130,6130,0.9433333333333334,discard,3.014524
6131,6131,0.9433333333333334,discard,3.014827
6132,6132,0.9433333333333334,request_rescan,3.015121
6133,6133,0.9433333333333334,discard,3.016331
6134,6134,0.9433333333333334,request_rescan,3.016656
6135,6135,0.9433333333333334,request_rescan,3.01696
6136,6136,0.9433333333333334,request_rescan,3.017261
6137,6137,0.9433333333333334,discard,3.018482
6138,6138,0.9433333333333334,request_rescan,3.0188
6139,6139,0.9433333333333334,request_rescan,3.01937
6140,6140,0.9433333333333334,discard,3.01966
6141,6141,0.9433333333333334,discard,3.020923
6142,6142,0.9433333333333334,request_rescan,3.021245
6143,6143,0.9433333333333334,discard,3.02155
6144,6144,0.9433333333333334,discard,3.021853
6145,6145,0.76,request_rescan,3.022952
6146,6146,0.9433333333333334,request_rescan,3.023294
6147,6147,0.9433333333333334,request_rescan,3.023816
6148,6148,0.9433333333333334,discard,3.024191
6149,6149,0.9433333333333334,request_rescan,3.025405
6150,6150,0.9433333333333334,discard,3.025728
6151,6151,0.9433333333333334,request_rescan,3.026031
6152,6152,0.9433333333333334,discard,3.026335
6153,6153,0.9433333333333334,request_rescan,3.027567
6154,6154,0.9433333333333334,discard,3.027901
6155,6155,0.9433333333333334,discard,3.028213
6156,6156,0.9433333333333334,request_rescan,3.028515
6157,6157,0.9433333333333334,discard,3.029746
6158,6158,0.9433333333333334,discard,3.030077
6159,6159,0.9433333333333334,discard,3.030386
6160,6160,0.9433333333333334,discard,3.030685
6161,6161,0.9433333333333334,discard,3.031897
6162,6162,0.9433333333333334,discard,3.032228
6163,6163,0.9433333333333334,request_rescan,3.032542
6164,6164,0.9433333333333334,discard,3.032847
6165,6165,0.9433333333333334,discard,3.034067
6166,6166,0.9433333333333334,request_rescan,3.034389
6167,6167,0.9433333333333334,discard,3.034687
6168,6168,0.9433333333333334,request_rescan,3.034978
6169,6169,0.9433333333333334,request_rescan,3.036452
6170,6170,0.9433333333333334,request_rescan,3.036782
6171,6171,0.9433333333333334,request_rescan,3.037086
6172,6172,0.9433333333333334,discard,3.037387
6173,6173,0.9433333333333334,request_rescan,3.038674
6174,6174,0.9433333333333334,discard,3.038997
6175,6175,0.9433333333333334,discard,3.039305
6176,6176,0.9433333333333334,request_rescan,3.039601
6177,6177,0.9433333333333334,request_rescan,3.041031
6178,6178,0.6633333333333333,log_and_continue,3.041213
6179,6179,0.9433333333333334,request_rescan,3.041528
6180,6180,0.9433333333333334,request_rescan,3.041846
6181,6181,0.9433333333333334,request_rescan,3.043063
6182,6182,0.9433333333333334,discard,3.043398
6183,6183,0.9433333333333334,request_rescan,3.043709
6184,6184,0.9433333333333334,discard,3.044008
6185,6185,0.9433333333333334,request_rescan,3.045223
6186,6186,0.9433333333333334,discard,3.045559
6187,6187,0.9433333333333334,discard,3.045873
6188,6188,0.9433333333333334,request_rescan,3.046176
6189,6189,0.9433333333333334,request_rescan,3.047392
6190,6190,0.9433333333333334,request_rescan,3.047713
6191,6191,0.9433333333333334,discard,3.048012
6192,6192,0.9433333333333334,discard,3.04831
6193,6193,0.9433333333333334,request_rescan,3.049505
6194,6194,0.9433333333333334,discard,3.049836
6195,6195,0.9433333333333334,discard,3.050154
6196,6196,0.9433333333333334,discard,3.05046
6197,6197,0.9433333333333334,request_rescan,3.05169
6198,6198,0.9433333333333334,request_rescan,3.052014
6199,6199,0.9433333333333334,request_rescan,3.052327
6200,6200,0.9433333333333334,discard,3.052627
6201,6201,0.9433333333333334,request_rescan,3.054122
6202,6202,0.9433333333333334,request_rescan,3.05445
6203,6203,0.9433333333333334,request_rescan,3.054753
6204,6204,0.9433333333333334,discard,3.055047
6205,6205,0.9433333333333334,request_rescan,3.056178
6206,6206,0.9433333333333334,discard,3.056516
6207,6207,0.9433333333333334,request_rescan,3.056895
6208,6208,0.9433333333333334,discard,3.057416
6209,6209,0.9433333333333334,request_rescan,3.058697
6210,6210,0.9433333333333334,request_rescan,3.05902
6211,6211,0.9433333333333334,request_rescan,3.059331
6212,6212,0.9433333333333334,request_rescan,3.059624
6213,6213,0.9433333333333334,request_rescan,3.060839
6214,6214,0.9433333333333334,request_rescan,3.061181
6215,6215,0.9433333333333334,request_rescan,3.061497
6216,6216,0.9433333333333334,request_rescan,3.061796
6217,6217,0.9433333333333334,request_rescan,3.063058
6218,6218,0.9433333333333334,request_rescan,3.063386
6219,6219,0.9433333333333334,request_rescan,3.063687
6220,6220,0.9433333333333334,discard,3.063982
6221,6221,0.9433333333333334,discard,3.0652
6222,6222,0.9433333333333334,discard,3.065519
6223,6223,0.9433333333333334,request_rescan,3.065842
6224,6224,0.9433333333333334,request_rescan,3.06615
6225,6225,0.9433333333333334,discard,3.067376
6226,6226,0.9433333333333334,request_rescan,3.067701
6227,6227,0.9433333333333334,discard,3.068001
6228,6228,0.9433333333333334,discard,3.068302
6229,6229,0.9433333333333334,request_rescan,3.069821
6230,6230,0.9433333333333334,discard,3.070152
6231,6231,0.9433333333333334,request_rescan,3.070458
6232,6232,0.9433333333333334,discard,3.070752
6233,6233,0.9433333333333334,discard,3.072009
6234,6234,0.9433333333333334,request_rescan,3.072333
6235,6235,0.9433333333333334,request_rescan,3.07263
6236,6236,0.9433333333333334,discard,3.07292
6237,6237,0.9433333333333334,request_rescan,3.074041
6238,6238,0.9433333333333334,discard,3.074445
6239,6239,0.9433333333333334,discard,3.074752
6240,6240,0.9433333333333334,discard,3.075052
6241,6241,0.9433333333333334,request_rescan,3.076267
6242,6242,0.9433333333333334,request_rescan,3.076589
6243,6243,0.9433333333333334,request_rescan,3.076912
6244,6244,0.9433333333333334,discard,3.077223
6245,6245,0.9433333333333334,discard,3.078456
6246,6246,0.9433333333333334,request_rescan,3.07879
6247,6247,0.9433333333333334,discard,3.079101
6248,6248,0.76,log_and_continue,3.079267
6249,6249,0.9433333333333334,discard,3.08046
6250,6250,0.9433333333333334,request_rescan,3.080786
6251,6251,0.9433333333333334,request_rescan,3.081087
6252,6252,0.9433333333333334,request_rescan,3.08126
6253,6253,0.9433333333333334,discard,3.082465
6254,6254,0.9433333333333334,request_rescan,3.082797
6255,6255,0.9433333333333334,request_rescan,3.08311
6256,6256,0.9433333333333334,request_rescan,3.083402
6257,6257,0.9433333333333334,discard,3.084608
6258,6258,0.9433333333333334,discard,3.084925
6259,6259,0.9433333333333334,discard,3.08523
6260,6260,0.9433333333333334,request_rescan,3.085522
6261,6261,0.9433333333333334,discard,3.08674
6262,6262,0.9433333333333334,discard,3.087278
6263,6263,0.9433333333333334,request_rescan,3.087586
6264,6264,0.9433333333333334,discard,3.087902
6265,6265,0.9433333333333334,discard,3.089113
6266,6266,0.9433333333333334,request_rescan,3.089443
6267,6267,0.9433333333333334,discard,3.089749
6268,6268,0.9433333333333334,discard,3.090046
6269,6269,0.9433333333333334,discard,3.091782
6270,6270,0.9433333333333334,discard,3.092117
6271,6271,0.9433333333333334,request_rescan,3.092436
6272,6272,0.9433333333333334,discard,3.092732
6273,6273,0.9433333333333334,discard,3.094016
6274,6274,0.9433333333333334,request_rescan,3.094349
6275,6275,0.76,request_rescan,3.094515
6276,6276,0.76,discard,3.094816
6277,6277,0.9433333333333334,discard,3.096031
6278,6278,0.9433333333333334,request_rescan,3.096355
6279,6279,0.9433333333333334,discard,3.096661
6280,6280,0.76,discard,3.09695
6281,6281,0.9433333333333334,request_rescan,3.098162
6282,6282,0.9433333333333334,request_rescan,3.098494
6283,6283,0.9433333333333334,request_rescan,3.098799
6284,6284,0.9433333333333334,discard,3.099099
6285,6285,0.9433333333333334,request_rescan,3.100334
6286,6286,0.9433333333333334,discard,3.100661
6287,6287,0.9433333333333334,discard,3.100963
6288,6288,0.9433333333333334,discard,3.101262
6289,6289,0.9433333333333334,request_rescan,3.102464
6290,6290,0.9433333333333334,discard,3.1028
6291,6291,0.9433333333333334,request_rescan,3.103117
6292,6292,0.9433333333333334,request_rescan,3.10342
6293,6293,0.9433333333333334,request_rescan,3.104852
6294,6294,0.9433333333333334,request_rescan,3.105181
6295,6295,0.9433333333333334,request_rescan,3.105486
6296,6296,0.9433333333333334,discard,3.105777
6297,6297,0.9433333333333334,request_rescan,3.107166
6298,6298,0.76,request_rescan,3.107688
6299,6299,0.9433333333333334,request_rescan,3.108062
6300,6300,0.76,request_rescan,3.108382
6301,6301,0.76,request_rescan,3.10972
6302,6302,0.9433333333333334,request_rescan,3.110038
6303,6303,0.9433333333333334,request_rescan,3.110356
6304,6304,0.9433333333333334,discard,3.110672
6305,6305,0.9433333333333334,request_rescan,3.111895
6306,6306,0.9433333333333334,request_rescan,3.11223
6307,6307,0.9433333333333334,discard,3.112543
6308,6308,0.9433333333333334,request_rescan,3.112838
6309,6309,0.76,request_rescan,3.114054
6310,6310,0.9433333333333334,discard,3.114388
6311,6311,0.9433333333333334,discard,3.114693
6312,6312,0.9433333333333334,discard,3.114993
6313,6313,0.76,request_rescan,3.116207
6314,6314,0.9433333333333334,discard,3.116545
6315,6315,0.9433333333333334,request_rescan,3.116857
6316,6316,0.9433333333333334,request_rescan,3.117161
6317,6317,0.9433333333333334,discard,3.118374
6318,6318,0.76,request_rescan,3.118703
6319,6319,0.76,request_rescan,3.119009
6320,6320,0.9433333333333334,discard,3.119179
6321,6321,0.9433333333333334,request_rescan,3.120424
6322,6322,0.9433333333333334,discard,3.120756
6323,6323,0.9433333333333334,request_rescan,3.121065
6324,6324,0.9433333333333334,request_rescan,3.12139
6325,6325,0.9433333333333334,discard,3.122626
6326,6326,0.9433333333333334,discard,3.122956
6327,6327,0.9433333333333334,discard,3.12313
6328,6328,0.9433333333333334,request_rescan,3.123547
6329,6329,0.76,log_and_continue,3.124834
6330,6330,0.9433333333333334,request_rescan,3.125178
6331,6331,0.9433333333333334,request_rescan,3.125496
6332,6332,0.9433333333333334,discard,3.125805
6333,6333,0.9433333333333334,request_rescan,3.127061
6334,6334,0.9433333333333334,request_rescan,3.127392
6335,6335,0.9433333333333334,request_rescan,3.12772
6336,6336,0.9433333333333334,request_rescan,3.128023
6337,6337,0.9433333333333334,request_rescan,3.129237
6338,6338,0.9433333333333334,discard,3.129569
6339,6339,0.9433333333333334,discard,3.12987
6340,6340,0.9433333333333334,discard,3.130169
6341,6341,0.76,discard,3.131383
6342,6342,0.9433333333333334,discard,3.131707
6343,6343,0.9433333333333334,request_rescan,3.132014
6344,6344,0.9433333333333334,discard,3.132321
6345,6345,0.9433333333333334,discard,3.133538
6346,6346,0.9433333333333334,discard,3.133866
6347,6347,0.9433333333333334,request_rescan,3.134179
6348,6348,0.9433333333333334,request_rescan,3.134482
6349,6349,0.9433333333333334,discard,3.135701
6350,6350,0.9433333333333334,request_rescan,3.136021
6351,6351,0.9433333333333334,discard,3.1365
6352,6352,0.9433333333333334,request_rescan,3.136798
6353,6353,0.9433333333333334,request_rescan,3.138035
6354,6354,0.9433333333333334,request_rescan,3.138363
6355,6355,0.9433333333333334,discard,3.138682
6356,6356,0.9433333333333334,discard,3.138981
6357,6357,0.9433333333333334,request_rescan,3.140277
6358,6358,0.9433333333333334,request_rescan,3.140671
6359,6359,0.9433333333333334,discard,3.141042
6360,6360,0.9433333333333334,request_rescan,3.141353
6361,6361,0.9433333333333334,request_rescan,3.142564
6362,6362,0.9433333333333334,request_rescan,3.142884
6363,6363,0.9433333333333334,request_rescan,3.143188
6364,6364,0.9433333333333334,discard,3.143485
6365,6365,0.9433333333333334,request_rescan,3.144686
6366,6366,0.9433333333333334,discard,3.144998
6367,6367,0.9433333333333334,discard,3.145309
6368,6368,0.9433333333333334,discard,3.145621
6369,6369,0.76,request_rescan,3.146851
6370,6370,0.9433333333333334,discard,3.147185
6371,6371,0.9433333333333334,request_rescan,3.147499
6372,6372,0.9433333333333334,discard,3.147796
6373,6373,0.76,discard,3.148898
6374,6374,0.9433333333333334,request_rescan,3.149251
6375,6375,0.76,request_rescan,3.149575
6376,6376,0.76,request_rescan,3.14988
6377,6377,0.9433333333333334,discard,3.151117
6378,6378,0.9433333333333334,request_rescan,3.151454
6379,6379,0.76,discard,3.151631
6380,6380,0.9433333333333334,discard,3.15194
6381,6381,0.9433333333333334,discard,3.153192
6382,6382,0.9433333333333334,request_rescan,3.153791
6383,6383,0.9433333333333334,discard,3.154105
6384,6384,0.9433333333333334,discard,3.154406
6385,6385,0.9433333333333334,discard,3.155676
6386,6386,0.9433333333333334,discard,3.156
6387,6387,0.9433333333333334,request_rescan,3.15631
6388,6388,0.9433333333333334,request_rescan,3.156605
6389,6389,0.9433333333333334,discard,3.158236
6390,6390,0.9433333333333334,discard,3.158553
6391,6391,0.9433333333333334,request_rescan,3.158853
6392,6392,0.9433333333333334,request_rescan,3.159171
6393,6393,0.9433333333333334,request_rescan,3.160415
6394,6394,0.9433333333333334,request_rescan,3.160743
6395,6395,0.9433333333333334,request_rescan,3.161048
6396,6396,0.9433333333333334,discard,3.161356
6397,6397,0.9433333333333334,discard,3.162583
6398,6398,0.9433333333333334,discard,3.162912
6399,6399,0.9433333333333334,discard,3.163223
6400,6400,0.9433333333333334,discard,3.163529
6401,6401,0.9433333333333334,request_rescan,3.164787
6402,6402,0.9433333333333334,discard,3.165114
6403,6403,0.9433333333333334,discard,3.165416
6404,6404,0.9433333333333334,request_rescan,3.165716
6405,6405,0.9433333333333334,discard,3.16695
6406,6406,0.9433333333333334,request_rescan,3.167276
6407,6407,0.9433333333333334,discard,3.167583
6408,6408,0.9433333333333334,request_rescan,3.167898
6409,6409,0.9433333333333334,request_rescan,3.169146
6410,6410,0.9433333333333334,request_rescan,3.169499
6411,6411,0.9433333333333334,request_rescan,3.170111
6412,6412,0.9433333333333334,request_rescan,3.170415
6413,6413,0.9433333333333334,discard,3.171679
6414,6414,0.9433333333333334,discard,3.17201
6415,6415,0.9433333333333334,request_rescan,3.172317
6416,6416,0.9433333333333334,discard,3.172609
6417,6417,0.9433333333333334,request_rescan,3.17416
6418,6418,0.9433333333333334,discard,3.174567
6419,6419,0.76,discard,3.17474
6420,6420,0.9433333333333334,request_rescan,3.175046
6421,6421,0.9433333333333334,discard,3.176287
6422,6422,0.9433333333333334,discard,3.176615
6423,6423,0.9433333333333334,discard,3.176917
6424,6424,0.9433333333333334,request_rescan,3.177217
6425,6425,0.9433333333333334,request_rescan,3.178467
6426,6426,0.9433333333333334,discard,3.178783
6427,6427,0.9433333333333334,discard,3.179083
6428,6428,0.9433333333333334,request_rescan,3.179391
6429,6429,0.9433333333333334,discard,3.180615
6430,6430,0.9433333333333334,request_rescan,3.180935
6431,6431,0.9433333333333334,discard,3.181254
6432,6432,0.9433333333333334,discard,3.181558
6433,6433,0.9433333333333334,request_rescan,3.18277
6434,6434,0.9433333333333334,discard,3.183101
6435,6435,0.9433333333333334,discard,3.183407
6436,6436,0.9433333333333334,request_rescan,3.183698
6437,6437,0.9433333333333334,discard,3.18491
6438,6438,0.9433333333333334,request_rescan,3.185246
6439,6439,0.9433333333333334,discard,3.185555
6440,6440,0.9433333333333334,discard,3.186142
6441,6441,0.9433333333333334,request_rescan,3.187348
6442,6442,0.9433333333333334,request_rescan,3.187675
6443,6443,0.9433333333333334,request_rescan,3.187977
6444,6444,0.9433333333333334,request_rescan,3.188279
6445,6445,0.9433333333333334,request_rescan,3.189479
6446,6446,0.9433333333333334,discard,3.189795
6447,6447,0.9433333333333334,request_rescan,3.190193
6448,6448,0.9433333333333334,request_rescan,3.190573
6449,6449,0.9433333333333334,request_rescan,3.191869
6450,6450,0.9433333333333334,request_rescan,3.19219
6451,6451,0.9433333333333334,request_rescan,3.1925
6452,6452,0.9433333333333334,discard,3.1928
6453,6453,0.9433333333333334,request_rescan,3.194031
6454,6454,0.9433333333333334,discard,3.194369
6455,6455,0.9433333333333334,discard,3.194684
6456,6456,0.9433333333333334,discard,3.194987
6457,6457,0.9433333333333334,request_rescan,3.196221
6458,6458,0.9433333333333334,discard,3.196555
6459,6459,0.9433333333333334,discard,3.196862
6460,6460,0.9433333333333334,request_rescan,3.197156
6461,6461,0.76,request_rescan,3.198247
6462,6462,0.9433333333333334,discard,3.198587
6463,6463,0.9433333333333334,request_rescan,3.198894
6464,6464,0.9433333333333334,request_rescan,3.199194
6465,6465,0.9433333333333334,request_rescan,3.200402
6466,6466,0.9433333333333334,request_rescan,3.200736
6467,6467,0.9433333333333334,discard,3.201046
6468,6468,0.9433333333333334,request_rescan,3.201351
6469,6469,0.9433333333333334,request_rescan,3.20256
6470,6470,0.9433333333333334,discard,3.203213
6471,6471,0.9433333333333334,request_rescan,3.203517
6472,6472,0.9433333333333334,request_rescan,3.203812
6473,6473,0.9433333333333334,discard,3.205049
6474,6474,0.9433333333333334,request_rescan,3.205389
6475,6475,0.9433333333333334,request_rescan,3.205694
6476,6476,0.9433333333333334,discard,3.205989
6477,6477,0.9433333333333334,discard,3.207318
6478,6478,0.9433333333333334,request_rescan,3.207721
6479,6479,0.9433333333333334,request_rescan,3.208038
6480,6480,0.9433333333333334,discard,3.208344
6481,6481,0.9433333333333334,request_rescan,3.209559
6482,6482,0.9433333333333334,request_rescan,3.20988
6483,6483,0.9433333333333334,discard,3.210186
6484,6484,0.9433333333333334,request_rescan,3.210487
6485,6485,0.9433333333333334,discard,3.211704
6486,6486,0.9433333333333334,discard,3.212029
6487,6487,0.9433333333333334,discard,3.212335
6488,6488,0.76,request_rescan,3.212498
6489,6489,0.9433333333333334,request_rescan,3.213695
6490,6490,0.9433333333333334,discard,3.214027
6491,6491,0.9433333333333334,request_rescan,3.214339
6492,6492,0.9433333333333334,discard,3.214638
6493,6493,0.9433333333333334,discard,3.215846
6494,6494,0.9433333333333334,request_rescan,3.216175
6495,6495,0.9433333333333334,request_rescan,3.21648
6496,6496,0.9433333333333334,request_rescan,3.216777
6497,6497,0.9433333333333334,request_rescan,3.217998
6498,6498,0.9433333333333334,request_rescan,3.218328
6499,6499,0.9433333333333334,request_rescan,3.218631
6500,6500,0.9433333333333334,request_rescan,3.218941
6501,6501,0.9433333333333334,request_rescan,3.220531
6502,6502,0.9433333333333334,discard,3.220866
6503,6503,0.9433333333333334,request_rescan,3.221176
6504,6504,0.9433333333333334,discard,3.221476
6505,6505,0.9433333333333334,discard,3.222722
6506,6506,0.9433333333333334,discard,3.223045
6507,6507,0.9433333333333334,discard,3.223482
6508,6508,0.9433333333333334,request_rescan,3.223966
6509,6509,0.9433333333333334,request_rescan,3.2253
6510,6510,0.9433333333333334,discard,3.225629
6511,6511,0.9433333333333334,request_rescan,3.225933
6512,6512,0.9433333333333334,discard,3.226236
6513,6513,0.76,request_rescan,3.227482
6514,6514,0.9433333333333334,request_rescan,3.227659
6515,6515,0.76,request_rescan,3.227977
6516,6516,0.9433333333333334,request_rescan,3.228285
6517,6517,0.9433333333333334,discard,3.229494
6518,6518,0.9433333333333334,request_rescan,3.229819
6519,6519,0.9433333333333334,request_rescan,3.230124
6520,6520,0.9433333333333334,discard,3.230417
6521,6521,0.9433333333333334,request_rescan,3.231625
6522,6522,0.9433333333333334,request_rescan,3.231952
6523,6523,0.9433333333333334,discard,3.232264
6524,6524,0.9433333333333334,request_rescan,3.232558
6525,6525,0.9433333333333334,discard,3.233764
6526,6526,0.9433333333333334,request_rescan,3.23408
6527,6527,0.9433333333333334,request_rescan,3.234386
6528,6528,0.9433333333333334,request_rescan,3.23468
6529,6529,0.9433333333333334,request_rescan,3.235884
6530,6530,0.9433333333333334,discard,3.236516
6531,6531,0.9433333333333334,discard,3.236681
6532,6532,0.9433333333333334,discard,3.236982
6533,6533,0.9433333333333334,request_rescan,3.238197
6534,6534,0.9433333333333334,discard,3.238515
6535,6535,0.9433333333333334,request_rescan,3.238822
6536,6536,0.9433333333333334,discard,3.239121
6537,6537,0.9433333333333334,discard,3.240473
6538,6538,0.9433333333333334,request_rescan,3.240992
6539,6539,0.9433333333333334,request_rescan,3.241306
6540,6540,0.9433333333333334,discard,3.241603
6541,6541,0.9433333333333334,discard,3.242862
6542,6542,0.9433333333333334,discard,3.243188
6543,6543,0.9433333333333334,discard,3.243492
6544,6544,0.9433333333333334,discard,3.243786
6545,6545,0.9433333333333334,request_rescan,3.244988
6546,6546,0.76,discard,3.245171
6547,6547,0.9433333333333334,discard,3.245494
6548,6548,0.9433333333333334,discard,3.245793
6549,6549,0.9433333333333334,request_rescan,3.247004
6550,6550,0.9433333333333334,discard,3.247338
6551,6551,0.9433333333333334,request_rescan,3.24764
6552,6552,0.9433333333333334,request_rescan,3.247932
6553,6553,0.9433333333333334,request_rescan,3.249155
6554,6554,0.9433333333333334,discard,3.249492
6555,6555,0.9433333333333334,discard,3.249807
6556,6556,0.9433333333333334,request_rescan,3.250116
6557,6557,0.9433333333333334,request_rescan,3.251322
6558,6558,0.9433333333333334,discard,3.251646
6559,6559,0.9433333333333334,request_rescan,3.25195
6560,6560,0.9433333333333334,discard,3.252245
6561,6561,0.9433333333333334,discard,3.253573
6562,6562,0.9433333333333334,discard,3.253896
6563,6563,0.9433333333333334,request_rescan,3.2542
6564,6564,0.9433333333333334,discard,3.254496
6565,6565,0.9433333333333334,discard,3.255702
6566,6566,0.9433333333333334,request_rescan,3.256027
6567,6567,0.9433333333333334,discard,3.256338
6568,6568,0.9433333333333334,discard,3.256633
6569,6569,0.9433333333333334,request_rescan,3.258267
6570,6570,0.9433333333333334,request_rescan,3.25859
6571,6571,0.9433333333333334,discard,3.258889
6572,6572,0.9433333333333334,request_rescan,3.259197
6573,6573,0.9433333333333334,request_rescan,3.26046
6574,6574,0.9433333333333334,request_rescan,3.26078
6575,6575,0.9433333333333334,discard,3.261101
6576,6576,0.9433333333333334,discard,3.261413
6577,6577,0.9433333333333334,request_rescan,3.262633
6578,6578,0.9433333333333334,discard,3.262958
6579,6579,0.9433333333333334,request_rescan,3.263268
6580,6580,0.9433333333333334,discard,3.263564
6581,6581,0.9433333333333334,request_rescan,3.264788
6582,6582,0.9433333333333334,discard,3.265122
6583,6583,0.9433333333333334,request_rescan,3.265425
6584,6584,0.9433333333333334,discard,3.265717
6585,6585,0.9433333333333334,request_rescan,3.266923
6586,6586,0.9433333333333334,request_rescan,3.267254
6587,6587,0.9433333333333334,request_rescan,3.26756
6588,6588,0.9433333333333334,discard,3.267852
6589,6589,0.9433333333333334,discard,3.269053
6590,6590,0.9433333333333334,discard,3.269644
6591,6591,0.9433333333333334,request_rescan,3.269953
6592,6592,0.9433333333333334,discard,3.270254
6593,6593,0.6633333333333333,log_and_continue,3.271352
6594,6594,0.9433333333333334,discard,3.271695
6595,6595,0.9433333333333334,discard,3.272004
6596,6596,0.9433333333333334,request_rescan,3.272311
6597,6597,0.9433333333333334,request_rescan,3.273602
6598,6598,0.9433333333333334,request_rescan,3.274032
6599,6599,0.9433333333333334,request_rescan,3.274419
6600,6600,0.9433333333333334,request_rescan,3.274714
6601,6601,0.9433333333333334,request_rescan,3.275969
6602,6602,0.9433333333333334,request_rescan,3.276306
6603,6603,0.9433333333333334,discard,3.276611
6604,6604,0.9433333333333334,discard,3.276903
6605,6605,0.9433333333333334,request_rescan,3.278114
6606,6606,0.9433333333333334,request_rescan,3.27844
6607,6607,0.9433333333333334,discard,3.278742
6608,6608,0.9433333333333334,discard,3.279031
6609,6609,0.9433333333333334,request_rescan,3.280244
6610,6610,0.9433333333333334,request_rescan,3.280569
6611,6611,0.9433333333333334,request_rescan,3.280871
6612,6612,0.9433333333333334,discard,3.281168
6613,6613,0.9433333333333334,discard,3.282392
6614,6614,0.9433333333333334,discard,3.282715
6615,6615,0.9433333333333334,discard,3.283015
6616,6616,0.9433333333333334,request_rescan,3.283314
6617,6617,0.9433333333333334,discard,3.284521
6618,6618,0.9433333333333334,discard,3.284843
6619,6619,0.9433333333333334,discard,3.285152
6620,6620,0.9433333333333334,request_rescan,3.285451
6621,6621,0.9433333333333334,request_rescan,3.286969
6622,6622,0.9433333333333334,request_rescan,3.287302
6623,6623,0.9433333333333334,request_rescan,3.287606
6624,6624,0.9433333333333334,discard,3.287899
6625,6625,0.9433333333333334,request_rescan,3.28922
6626,6626,0.9433333333333334,discard,3.289544
6627,6627,0.9433333333333334,request_rescan,3.289845
6628,6628,0.9433333333333334,request_rescan,3.290208
6629,6629,0.9433333333333334,request_rescan,3.291993
6630,6630,0.9433333333333334,request_rescan,3.292328
6631,6631,0.9433333333333334,request_rescan,3.292636
6632,6632,0.9433333333333334,discard,3.292931
6633,6633,0.9433333333333334,request_rescan,3.294178
6634,6634,0.9433333333333334,request_rescan,3.294519
6635,6635,0.9433333333333334,discard,3.294825
6636,6636,0.9433333333333334,request_rescan,3.295129
6637,6637,0.9433333333333334,request_rescan,3.296351
6638,6638,0.9433333333333334,discard,3.296676
6639,6639,0.9433333333333334,request_rescan,3.296974
6640,6640,0.9433333333333334,discard,3.297279
6641,6641,0.9433333333333334,request_rescan,3.298503
6642,6642,0.9433333333333334,request_rescan,3.298827
6643,6643,0.9433333333333334,discard,3.299134
6644,6644,0.9433333333333334,request_rescan,3.299433
6645,6645,0.9433333333333334,request_rescan,3.300652
6646,6646,0.9433333333333334,discard,3.300974
6647,6647,0.9433333333333334,discard,3.301292
6648,6648,0.9433333333333334,discard,3.301586
6649,6649,0.9433333333333334,request_rescan,3.302819
6650,6650,0.9433333333333334,discard,3.303289
6651,6651,0.9433333333333334,request_rescan,3.303597
6652,6652,0.9433333333333334,request_rescan,3.303895
6653,6653,0.9433333333333334,request_rescan,3.305117
6654,6654,0.9433333333333334,discard,3.305444
6655,6655,0.9433333333333334,request_rescan,3.305747
6656,6656,0.9433333333333334,request_rescan,3.306041
6657,6657,0.9433333333333334,discard,3.30756
6658,6658,0.9433333333333334,request_rescan,3.307952
6659,6659,0.9433333333333334,discard,3.30826
6660,6660,0.9433333333333334,request_rescan,3.308555
6661,6661,0.9433333333333334,discard,3.309807
6662,6662,0.9433333333333334,discard,3.310141
6663,6663,0.9433333333333334,discard,3.310313
6664,6664,0.9433333333333334,request_rescan,3.310619
6665,6665,0.9433333333333334,request_rescan,3.311841
6666,6666,0.9433333333333334,discard,3.312171
6667,6667,0.76,discard,3.312346
6668,6668,0.9433333333333334,discard,3.312654
6669,6669,0.9433333333333334,request_rescan,3.313887
6670,6670,0.9433333333333334,discard,3.31422
6671,6671,0.9433333333333334,discard,3.314528
6672,6672,0.9433333333333334,request_rescan,3.314826
6673,6673,0.9433333333333334,request_rescan,3.31603
6674,6674,0.9433333333333334,request_rescan,3.31636
6675,6675,0.9433333333333334,discard,3.316664
6676,6676,0.9433333333333334,discard,3.316954
6677,6677,0.9433333333333334,request_rescan,3.318163
6678,6678,0.9433333333333334,request_rescan,3.318487
6679,6679,0.9433333333333334,discard,3.318785
6680,6680,0.9433333333333334,discard,3.319078
6681,6681,0.9433333333333334,discard,3.320531
6682,6682,0.9433333333333334,discard,3.320923
6683,6683,0.9433333333333334,request_rescan,3.321232
6684,6684,0.9433333333333334,request_rescan,3.321528
6685,6685,0.9433333333333334,discard,3.322773
6686,6686,0.9433333333333334,discard,3.323105
6687,6687,0.9433333333333334,discard,3.323533
6688,6688,0.9433333333333334,request_rescan,3.323921
6689,6689,0.9433333333333334,request_rescan,3.3252
6690,6690,0.9433333333333334,discard,3.325534
6691,6691,0.9433333333333334,discard,3.325843
6692,6692,0.9433333333333334,discard,3.32615
6693,6693,0.9433333333333334,discard,3.327382
6694,6694,0.9433333333333334,discard,3.327706
6695,6695,0.9433333333333334,request_rescan,3.328008
6696,6696,0.9433333333333334,discard,3.32831
6697,6697,0.9433333333333334,request_rescan,3.329561
6698,6698,0.9433333333333334,discard,3.329887
6699,6699,0.9433333333333334,request_rescan,3.33019
6700,6700,0.9433333333333334,discard,3.330482
6701,6701,0.9433333333333334,request_rescan,3.3317
6702,6702,0.9433333333333334,request_rescan,3.332026
6703,6703,0.9433333333333334,discard,3.332337
6704,6704,0.9433333333333334,request_rescan,3.33263
6705,6705,0.9433333333333334,discard,3.333831
6706,6706,0.9433333333333334,request_rescan,3.334145
6707,6707,0.9433333333333334,discard,3.334442
6708,6708,0.9433333333333334,request_rescan,3.334734
6709,6709,0.6633333333333333,log_and_continue,3.335831
6710,6710,0.9433333333333334,request_rescan,3.336179
6711,6711,0.9433333333333334,discard,3.336497
6712,6712,0.9433333333333334,request_rescan,3.336996
6713,6713,0.9433333333333334,request_rescan,3.338219
6714,6714,0.9433333333333334,discard,3.338396
6715,6715,0.9433333333333334,request_rescan,3.338723
6716,6716,0.9433333333333334,request_rescan,3.339026
6717,6717,0.9433333333333334,request_rescan,3.340296
6718,6718,0.9433333333333334,discard,3.34069
6719,6719,0.9433333333333334,discard,3.341198
6720,6720,0.9433333333333334,discard,3.34156
6721,6721,0.9433333333333334,discard,3.342799
6722,6722,0.9433333333333334,discard,3.343127
6723,6723,0.9433333333333334,request_rescan,3.343437
6724,6724,0.9433333333333334,discard,3.34373
6725,6725,0.9433333333333334,discard,3.344946
6726,6726,0.9433333333333334,request_rescan,3.345266
6727,6727,0.9433333333333334,discard,3.345565
6728,6728,0.9433333333333334,request_rescan,3.345855
6729,6729,0.9433333333333334,request_rescan,3.347066
6730,6730,0.9433333333333334,discard,3.347401
6731,6731,0.9433333333333334,discard,3.347707
6732,6732,0.9433333333333334,request_rescan,3.348002
6733,6733,0.76,request_rescan,3.349101
6734,6734,0.76,request_rescan,3.349276
6735,6735,0.9433333333333334,request_rescan,3.349603
6736,6736,0.9433333333333334,discard,3.349924
6737,6737,0.9433333333333334,discard,3.351156
6738,6738,0.76,log_and_continue,3.351332
6739,6739,0.9433333333333334,discard,3.351659
6740,6740,0.9433333333333334,discard,3.351966
6741,6741,0.9433333333333334,request_rescan,3.353308
6742,6742,0.9433333333333334,discard,3.353638
6743,6743,0.9433333333333334,discard,3.353947
6744,6744,0.9433333333333334,discard,3.35425
6745,6745,0.9433333333333334,request_rescan,3.355455
6746,6746,0.9433333333333334,discard,3.355778
6747,6747,0.9433333333333334,request_rescan,3.356077
6748,6748,0.9433333333333334,discard,3.356375
6749,6749,0.9433333333333334,discard,3.35795
6750,6750,0.9433333333333334,discard,3.358286
6751,6751,0.9433333333333334,request_rescan,3.358591
6752,6752,0.9433333333333334,discard,3.35889
6753,6753,0.9433333333333334,discard,3.360134
6754,6754,0.9433333333333334,discard,3.360466
6755,6755,0.9433333333333334,discard,3.360771
6756,6756,0.9433333333333334,discard,3.361062
6757,6757,0.9433333333333334,request_rescan,3.362262
6758,6758,0.9433333333333334,request_rescan,3.362433
6759,6759,0.9433333333333334,discard,3.362751
6760,6760,0.9433333333333334,request_rescan,3.363045
6761,6761,0.9433333333333334,discard,3.364252
6762,6762,0.9433333333333334,request_rescan,3.36458
6763,6763,0.9433333333333334,discard,3.364881
6764,6764,0.9433333333333334,request_rescan,3.36518
6765,6765,0.9433333333333334,discard,3.366377
6766,6766,0.9433333333333334,discard,3.366701
6767,6767,0.76,request_rescan,3.366865
6768,6768,0.9433333333333334,discard,3.36717
6769,6769,0.76,log_and_continue,3.368254
6770,6770,0.9433333333333334,request_rescan,3.368595
6771,6771,0.9433333333333334,discard,3.368901
6772,6772,0.9433333333333334,request_rescan,3.3692
6773,6773,0.9433333333333334,request_rescan,3.370422
6774,6774,0.9433333333333334,discard,3.370748
6775,6775,0.9433333333333334,request_rescan,3.371048
6776,6776,0.9433333333333334,discard,3.371347
6777,6777,0.9433333333333334,discard,3.372558
6778,6778,0.9433333333333334,request_rescan,3.37288
6779,6779,0.9433333333333334,discard,3.373183
6780,6780,0.9433333333333334,discard,3.373542
6781,6781,0.9433333333333334,discard,3.374905
6782,6782,0.9433333333333334,request_rescan,3.375237
6783,6783,0.9433333333333334,request_rescan,3.37554
6784,6784,0.9433333333333334,request_rescan,3.375832
6785,6785,0.9433333333333334,request_rescan,3.377051
6786,6786,0.9433333333333334,discard,3.377397
6787,6787,0.9433333333333334,request_rescan,3.377701
6788,6788,0.9433333333333334,request_rescan,3.377993
6789,6789,0.9433333333333334,request_rescan,3.379205
6790,6790,0.9433333333333334,request_rescan,3.379539
6791,6791,0.9433333333333334,discard,3.379861
6792,6792,0.9433333333333334,request_rescan,3.380163
6793,6793,0.9433333333333334,discard,3.381387
6794,6794,0.9433333333333334,discard,3.38171
6795,6795,0.9433333333333334,request_rescan,3.382013
6796,6796,0.9433333333333334,discard,3.382313
6797,6797,0.9433333333333334,request_rescan,3.383573
6798,6798,0.9433333333333334,request_rescan,3.383897
6799,6799,0.9433333333333334,request_rescan,3.384214
6800,6800,0.9433333333333334,request_rescan,3.384519
6801,6801,0.9433333333333334,discard,3.386493
6802,6802,0.9433333333333334,discard,3.386919
6803,6803,0.9433333333333334,discard,3.387229
6804,6804,0.9433333333333334,request_rescan,3.387525
6805,6805,0.9433333333333334,request_rescan,3.388941
6806,6806,0.9433333333333334,discard,3.389276
6807,6807,0.9433333333333334,request_rescan,3.389583
6808,6808,0.9433333333333334,discard,3.389898
6809,6809,0.9433333333333334,discard,3.391601
6810,6810,0.9433333333333334,request_rescan,3.391915
6811,6811,0.9433333333333334,request_rescan,3.392225
6812,6812,0.9433333333333334,discard,3.392535
6813,6813,0.9433333333333334,discard,3.393855
6814,6814,0.6633333333333333,log_and_continue,3.394031
6815,6815,0.9433333333333334,request_rescan,3.39435
6816,6816,0.9433333333333334,discard,3.394672
6817,6817,0.9433333333333334,discard,3.395978
6818,6818,0.9433333333333334,discard,3.396298
6819,6819,0.9433333333333334,discard,3.396611
6820,6820,0.9433333333333334,request_rescan,3.396922
6821,6821,0.9433333333333334,request_rescan,3.398296
6822,6822,0.9433333333333334,discard,3.398609
6823,6823,0.9433333333333334,discard,3.398913
6824,6824,0.9433333333333334,request_rescan,3.399225
6825,6825,0.9433333333333334,discard,3.400473
6826,6826,0.9433333333333334,request_rescan,3.400786
6827,6827,0.9433333333333334,request_rescan,3.401082
6828,6828,0.9433333333333334,request_rescan,3.401403
6829,6829,0.9433333333333334,request_rescan,3.40266
6830,6830,0.9433333333333334,discard,3.40298
6831,6831,0.9433333333333334,discard,3.40329
6832,6832,0.9433333333333334,discard,3.403615
6833,6833,0.9433333333333334,discard,3.405035
6834,6834,0.9433333333333334,discard,3.405371
6835,6835,0.9433333333333334,discard,3.405696
6836,6836,0.9433333333333334,request_rescan,3.406002
6837,6837,0.9433333333333334,request_rescan,3.407303
6838,6838,0.9433333333333334,discard,3.407689
6839,6839,0.9433333333333334,discard,3.408006
6840,6840,0.9433333333333334,request_rescan,3.408314
6841,6841,0.9433333333333334,discard,3.409455
6842,6842,0.9433333333333334,discard,3.409776
6843,6843,0.9433333333333334,request_rescan,3.410076
6844,6844,0.9433333333333334,request_rescan,3.410375
6845,6845,0.76,request_rescan,3.411387
6846,6846,0.9433333333333334,request_rescan,3.411727
6847,6847,0.9433333333333334,discard,3.412041
6848,6848,0.9433333333333334,discard,3.412348
6849,6849,0.9433333333333334,discard,3.413503
6850,6850,0.9433333333333334,discard,3.413837
6851,6851,0.9433333333333334,discard,3.414142
6852,6852,0.9433333333333334,request_rescan,3.414438
6853,6853,0.9433333333333334,request_rescan,3.415585
6854,6854,0.9433333333333334,request_rescan,3.415896
6855,6855,0.9433333333333334,request_rescan,3.41621
6856,6856,0.9433333333333334,request_rescan,3.416504
6857,6857,0.9433333333333334,discard,3.417637
6858,6858,0.9433333333333334,request_rescan,3.417949
6859,6859,0.9433333333333334,discard,3.418265
6860,6860,0.9433333333333334,discard,3.418564
6861,6861,0.9433333333333334,discard,3.41993
6862,6862,0.9433333333333334,request_rescan,3.420428
6863,6863,0.9433333333333334,discard,3.420736
6864,6864,0.9433333333333334,discard,3.421042
6865,6865,0.9433333333333334,discard,3.422332
6866,6866,0.9433333333333334,discard,3.422657
6867,6867,0.9433333333333334,request_rescan,3.422961
6868,6868,0.9433333333333334,request_rescan,3.423268
6869,6869,0.9433333333333334,discard,3.425021
6870,6870,0.9433333333333334,request_rescan,3.425359
6871,6871,0.9433333333333334,discard,3.425668
6872,6872,0.9433333333333334,request_rescan,3.425965
6873,6873,0.9433333333333334,discard,3.427172
6874,6874,0.9433333333333334,request_rescan,3.427501
6875,6875,0.9433333333333334,discard,3.427809
6876,6876,0.9433333333333334,discard,3.428106
6877,6877,0.9433333333333334,discard,3.429267
6878,6878,0.9433333333333334,discard,3.429598
6879,6879,0.76,discard,3.429771
6880,6880,0.9433333333333334,request_rescan,3.430077
6881,6881,0.76,request_rescan,3.431105
6882,6882,0.76,discard,3.431279
6883,6883,0.9433333333333334,discard,3.431609
6884,6884,0.9433333333333334,request_rescan,3.431913
6885,6885,0.9433333333333334,discard,3.433049
6886,6886,0.9433333333333334,request_rescan,3.433387
6887,6887,0.9433333333333334,request_rescan,3.433692
6888,6888,0.9433333333333334,discard,3.433988
6889,6889,0.9433333333333334,discard,3.43514
6890,6890,0.9433333333333334,discard,3.435469
6891,6891,0.9433333333333334,request_rescan,3.435779
6892,6892,0.9433333333333334,request_rescan,3.436078
6893,6893,0.9433333333333334,request_rescan,3.437554
6894,6894,0.9433333333333334,request_rescan,3.437884
6895,6895,0.9433333333333334,discard,3.438191
6896,6896,0.9433333333333334,discard,3.438488
6897,6897,0.9433333333333334,request_rescan,3.439699
6898,6898,0.9433333333333334,discard,3.44013
6899,6899,0.9433333333333334,discard,3.440702
6900,6900,0.9433333333333334,request_rescan,3.44106
6901,6901,0.9433333333333334,discard,3.442349
6902,6902,0.9433333333333334,discard,3.442671
6903,6903,0.9433333333333334,discard,3.442973
6904,6904,0.9433333333333334,request_rescan,3.443275
6905,6905,0.9433333333333334,request_rescan,3.444449
6906,6906,0.9433333333333334,discard,3.444774
6907,6907,0.9433333333333334,request_rescan,3.445076
6908,6908,0.9433333333333334,discard,3.445378
6909,6909,0.9433333333333334,discard,3.446522
6910,6910,0.9433333333333334,request_rescan,3.446848
6911,6911,0.9433333333333334,request_rescan,3.447156
6912,6912,0.9433333333333334,discard,3.447458
6913,6913,0.9433333333333334,request_rescan,3.448736
6914,6914,0.9433333333333334,discard,3.449046
6915,6915,0.9433333333333334,discard,3.449353
6916,6916,0.9433333333333334,request_rescan,3.449652
6917,6917,0.9433333333333334,request_rescan,3.450932
6918,6918,0.9433333333333334,request_rescan,3.45125
6919,6919,0.9433333333333334,request_rescan,3.451553
6920,6920,0.9433333333333334,discard,3.451851
6921,6921,0.9433333333333334,discard,3.453248
6922,6922,0.9433333333333334,request_rescan,3.453575
6923,6923,0.9433333333333334,discard,3.453878
6924,6924,0.9433333333333334,discard,3.454185
6925,6925,0.9433333333333334,discard,3.45553
6926,6926,0.9433333333333334,discard,3.455844
6927,6927,0.9433333333333334,discard,3.456158
6928,6928,0.76,request_rescan,3.456328
6929,6929,0.9433333333333334,request_rescan,3.457983
6930,6930,0.9433333333333334,request_rescan,3.458308
6931,6931,0.9433333333333334,request_rescan,3.458608
6932,6932,0.9433333333333334,request_rescan,3.458916
6933,6933,0.9433333333333334,discard,3.460112
6934,6934,0.9433333333333334,request_rescan,3.460435
6935,6935,0.9433333333333334,request_rescan,3.460755
6936,6936,0.76,discard,3.460928
6937,6937,0.9433333333333334,discard,3.462126
6938,6938,0.9433333333333334,discard,3.462476
6939,6939,0.9433333333333334,discard,3.462788
6940,6940,0.9433333333333334,discard,3.463085
6941,6941,0.9433333333333334,discard,3.464324
6942,6942,0.9433333333333334,discard,3.464653
6943,6943,0.9433333333333334,request_rescan,3.464955
6944,6944,0.9433333333333334,discard,3.465251
6945,6945,0.9433333333333334,request_rescan,3.466472
6946,6946,0.9433333333333334,request_rescan,3.466798
6947,6947,0.9433333333333334,discard,3.467108
6948,6948,0.6633333333333333,log_and_continue,3.467271
6949,6949,0.9433333333333334,request_rescan,3.468451
6950,6950,0.9433333333333334,request_rescan,3.468778
6951,6951,0.9433333333333334,discard,3.469079
6952,6952,0.9433333333333334,request_rescan,3.46938
6953,6953,0.9433333333333334,discard,3.470829
6954,6954,0.9433333333333334,request_rescan,3.471163
6955,6955,0.9433333333333334,discard,3.471471
6956,6956,0.9433333333333334,discard,3.471763
6957,6957,0.9433333333333334,request_rescan,3.47308
6958,6958,0.9433333333333334,discard,3.473402
6959,6959,0.9433333333333334,discard,3.473862
6960,6960,0.9433333333333334,request_rescan,3.474437
6961,6961,0.9433333333333334,discard,3.475694
6962,6962,0.9433333333333334,discard,3.476009
6963,6963,0.9433333333333334,discard,3.476321
6964,6964,0.76,request_rescan,3.476491
6965,6965,0.9433333333333334,discard,3.477873
6966,6966,0.9433333333333334,request_rescan,3.478194
6967,6967,0.9433333333333334,request_rescan,3.478496
6968,6968,0.9433333333333334,request_rescan,3.478805
6969,6969,0.9433333333333334,request_rescan,3.480083
6970,6970,0.9433333333333334,request_rescan,3.480404
6971,6971,0.9433333333333334,discard,3.480701
6972,6972,0.9433333333333334,request_rescan,3.480994
6973,6973,0.9433333333333334,discard,3.482342
6974,6974,0.9433333333333334,request_rescan,3.482655
6975,6975,0.9433333333333334,request_rescan,3.482955
6976,6976,0.9433333333333334,request_rescan,3.483267
6977,6977,0.9433333333333334,request_rescan,3.484612
6978,6978,0.76,request_rescan,3.484928
6979,6979,0.9433333333333334,request_rescan,3.485232
6980,6980,0.9433333333333334,request_rescan,3.485523
6981,6981,0.9433333333333334,request_rescan,3.487312
6982,6982,0.9433333333333334,discard,3.48763
6983,6983,0.9433333333333334,request_rescan,3.487944
6984,6984,0.76,request_rescan,3.488251
6985,6985,0.9433333333333334,request_rescan,3.489764
6986,6986,0.9433333333333334,discard,3.490189
6987,6987,0.9433333333333334,request_rescan,3.490665
6988,6988,0.9433333333333334,request_rescan,3.491034
6989,6989,0.9433333333333334,request_rescan,3.492561
6990,6990,0.9433333333333334,request_rescan,3.492875
6991,6991,0.9433333333333334,request_rescan,3.493177
6992,6992,0.9433333333333334,discard,3.49349
6993,6993,0.9433333333333334,discard,3.494899
6994,6994,0.9433333333333334,request_rescan,3.495216
6995,6995,0.9433333333333334,discard,3.495513
6996,6996,0.9433333333333334,discard,3.495826
6997,6997,0.9433333333333334,discard,3.497286
6998,6998,0.9433333333333334,discard,3.497607
6999,6999,0.9433333333333334,request_rescan,3.497779
7000,7000,0.9433333333333334,request_rescan,3.49811
7001,7001,0.9433333333333334,request_rescan,3.499659
7002,7002,0.9433333333333334,request_rescan,3.499973
7003,7003,0.9433333333333334,discard,3.500298
7004,7004,0.9433333333333334,request_rescan,3.500607
7005,7005,0.9433333333333334,request_rescan,3.502839
7006,7006,0.9433333333333334,discard,3.503273
7007,7007,0.9433333333333334,discard,3.503844
7008,7008,0.9433333333333334,request_rescan,3.504216
7009,7009,0.9433333333333334,discard,3.506363
7010,7010,0.9433333333333334,discard,3.506744
7011,7011,0.9433333333333334,discard,3.507258
7012,7012,0.9433333333333334,request_rescan,3.507848
7013,7013,0.9433333333333334,request_rescan,3.509864
7014,7014,0.9433333333333334,request_rescan,3.51021
7015,7015,0.9433333333333334,request_rescan,3.51053
7016,7016,0.9433333333333334,discard,3.510845
7017,7017,0.9433333333333334,request_rescan,3.512886
7018,7018,0.9433333333333334,discard,3.513268
7019,7019,0.9433333333333334,discard,3.513602
7020,7020,0.9433333333333334,discard,3.513947
7021,7021,0.9433333333333334,request_rescan,3.516424
7022,7022,0.9433333333333334,request_rescan,3.516793
7023,7023,0.9433333333333334,request_rescan,3.517133
7024,7024,0.9433333333333334,request_rescan,3.517477
7025,7025,0.9433333333333334,request_rescan,3.520134
7026,7026,0.9433333333333334,discard,3.520611
7027,7027,0.9433333333333334,discard,3.520936
7028,7028,0.9433333333333334,request_rescan,3.521252
7029,7029,0.9433333333333334,request_rescan,3.523663
7030,7030,0.9433333333333334,request_rescan,3.524127
7031,7031,0.9433333333333334,discard,3.524479
7032,7032,0.9433333333333334,discard,3.524813
7033,7033,0.9433333333333334,request_rescan,3.527129
7034,7034,0.9433333333333334,request_rescan,3.527492
7035,7035,0.76,log_and_continue,3.527674
7036,7036,0.9433333333333334,discard,3.527989
7037,7037,0.9433333333333334,request_rescan,3.530043
7038,7038,0.9433333333333334,request_rescan,3.530409
7039,7039,0.9433333333333334,request_rescan,3.530717
7040,7040,0.9433333333333334,request_rescan,3.53102
7041,7041,0.9433333333333334,discard,3.532954
7042,7042,0.9433333333333334,discard,3.533314
7043,7043,0.9433333333333334,discard,3.533617
7044,7044,0.9433333333333334,request_rescan,3.533905
7045,7045,0.9433333333333334,request_rescan,3.535775
7046,7046,0.9433333333333334,request_rescan,3.536098
7047,7047,0.9433333333333334,request_rescan,3.536405
7048,7048,0.9433333333333334,request_rescan,3.537043
7049,7049,0.9433333333333334,request_rescan,3.539022
7050,7050,0.9433333333333334,discard,3.539367
7051,7051,0.9433333333333334,discard,3.539679
7052,7052,0.9433333333333334,request_rescan,3.539983
7053,7053,0.9433333333333334,request_rescan,3.542628
7054,7054,0.6633333333333333,log_and_continue,3.54282
7055,7055,0.9433333333333334,request_rescan,3.543163
7056,7056,0.9433333333333334,request_rescan,3.543479
7057,7057,0.9433333333333334,discard,3.545565
7058,7058,0.9433333333333334,discard,3.545916
7059,7059,0.9433333333333334,discard,3.54624
7060,7060,0.9433333333333334,discard,3.546551
7061,7061,0.9433333333333334,request_rescan,3.548891
7062,7062,0.9433333333333334,discard,3.549243
7063,7063,0.9433333333333334,discard,3.549565
7064,7064,0.9433333333333334,request_rescan,3.549865
7065,7065,0.9433333333333334,discard,3.551804
7066,7066,0.9433333333333334,discard,3.552126
7067,7067,0.9433333333333334,discard,3.552428
7068,7068,0.9433333333333334,request_rescan,3.552735
7069,7069,0.9433333333333334,discard,3.554598
7070,7070,0.9433333333333334,discard,3.55494
7071,7071,0.9433333333333334,request_rescan,3.55527
7072,7072,0.9433333333333334,discard,3.555574
7073,7073,0.76,discard,3.557383
7074,7074,0.9433333333333334,request_rescan,3.557901
7075,7075,0.9433333333333334,request_rescan,3.558277
7076,7076,0.9433333333333334,request_rescan,3.558591
7077,7077,0.9433333333333334,discard,3.560347
7078,7078,0.9433333333333334,request_rescan,3.560662
7079,7079,0.9433333333333334,request_rescan,3.560958
7080,7080,0.9433333333333334,request_rescan,3.561267
7081,7081,0.9433333333333334,discard,3.562983
7082,7082,0.9433333333333334,request_rescan,3.563327
7083,7083,0.9433333333333334,discard,3.563644
7084,7084,0.9433333333333334,request_rescan,3.563954
7085,7085,0.9433333333333334,request_rescan,3.565409
7086,7086,0.9433333333333334,request_rescan,3.565721
7087,7087,0.9433333333333334,request_rescan,3.566019
7088,7088,0.76,log_and_continue,3.566195
7089,7089,0.9433333333333334,request_rescan,3.567577
7090,7090,0.9433333333333334,request_rescan,3.567896
7091,7091,0.9433333333333334,request_rescan,3.5682
7092,7092,0.9433333333333334,request_rescan,3.568508
7093,7093,0.9433333333333334,request_rescan,3.570117
7094,7094,0.9433333333333334,request_rescan,3.570435
7095,7095,0.9433333333333334,request_rescan,3.570732
7096,7096,0.9433333333333334,discard,3.571042
7097,7097,0.9433333333333334,discard,3.572445
7098,7098,0.9433333333333334,request_rescan,3.572763
7099,7099,0.9433333333333334,request_rescan,3.57306
7100,7100,0.9433333333333334,request_rescan,3.573383
7101,7101,0.9433333333333334,request_rescan,3.575222
7102,7102,0.9433333333333334,discard,3.575552
7103,7103,0.9433333333333334,request_rescan,3.575855
7104,7104,0.9433333333333334,request_rescan,3.576169
7105,7105,0.9433333333333334,request_rescan,3.57738
7106,7106,0.9433333333333334,discard,3.577692
7107,7107,0.9433333333333334,request_rescan,3.578002
7108,7108,0.9433333333333334,discard,3.578304
7109,7109,0.9433333333333334,request_rescan,3.579594
7110,7110,0.9433333333333334,request_rescan,3.579911
7111,7111,0.9433333333333334,discard,3.580216
7112,7112,0.9433333333333334,request_rescan,3.580529
7113,7113,0.9433333333333334,request_rescan,3.581747
7114,7114,0.9433333333333334,request_rescan,3.582057
7115,7115,0.76,discard,3.582236
7116,7116,0.9433333333333334,request_rescan,3.582549
7117,7117,0.9433333333333334,request_rescan,3.583971
7118,7118,0.9433333333333334,discard,3.584288
7119,7119,0.9433333333333334,request_rescan,3.584586
7120,7120,0.9433333333333334,request_rescan,3.584897
7121,7121,0.9433333333333334,request_rescan,3.586352
7122,7122,0.9433333333333334,discard,3.586665
7123,7123,0.9433333333333334,request_rescan,3.587175
7124,7124,0.9433333333333334,discard,3.587474
7125,7125,0.9433333333333334,request_rescan,3.588951
7126,7126,0.9433333333333334,discard,3.589271
7127,7127,0.9433333333333334,discard,3.58957
7128,7128,0.9433333333333334,discard,3.589868
7129,7129,0.9433333333333334,request_rescan,3.591504
7130,7130,0.9433333333333334,discard,3.591818
7131,7131,0.9433333333333334,discard,3.592136
7132,7132,0.9433333333333334,request_rescan,3.592439
7133,7133,0.9433333333333334,request_rescan,3.593884
7134,7134,0.9433333333333334,discard,3.594202
7135,7135,0.9433333333333334,request_rescan,3.594373
7136,7136,0.9433333333333334,discard,3.594684
7137,7137,0.9433333333333334,discard,3.596105
7138,7138,0.9433333333333334,request_rescan,3.596556
7139,7139,0.9433333333333334,discard,3.596866
7140,7140,0.9433333333333334,request_rescan,3.597169
7141,7141,0.76,request_rescan,3.598502
7142,7142,0.9433333333333334,request_rescan,3.598834
7143,7143,0.9433333333333334,discard,3.599142
7144,7144,0.9433333333333334,discard,3.599456
7145,7145,0.9433333333333334,discard,3.600858
7146,7146,0.9433333333333334,request_rescan,3.601175
7147,7147,0.9433333333333334,discard,3.601476
7148,7148,0.9433333333333334,discard,3.601787
7149,7149,0.9433333333333334,discard,3.603282
7150,7150,0.9433333333333334,request_rescan,3.603684
7151,7151,0.9433333333333334,request_rescan,3.604045
7152,7152,0.9433333333333334,request_rescan,3.604361
7153,7153,0.9433333333333334,discard,3.605794
7154,7154,0.76,request_rescan,3.606111
7155,7155,0.9433333333333334,discard,3.606273
7156,7156,0.9433333333333334,discard,3.606586
7157,7157,0.9433333333333334,request_rescan,3.608137
7158,7158,0.9433333333333334,request_rescan,3.608457
7159,7159,0.76,request_rescan,3.608759
7160,7160,0.9433333333333334,request_rescan,3.609059
7161,7161,0.9433333333333334,request_rescan,3.610463
7162,7162,0.9433333333333334,request_rescan,3.610779
7163,7163,0.76,request_rescan,3.611076
7164,7164,0.76,request_rescan,3.611394
7165,7165,0.9433333333333334,request_rescan,3.612639
7166,7166,0.9433333333333334,discard,3.612952
7167,7167,0.9433333333333334,request_rescan,3.613265
7168,7168,0.9433333333333334,request_rescan,3.613565
7169,7169,0.9433333333333334,discard,3.614852
7170,7170,0.9433333333333334,request_rescan,3.615173
7171,7171,0.9433333333333334,request_rescan,3.615471
7172,7172,0.9433333333333334,request_rescan,3.615756
7173,7173,0.9433333333333334,request_rescan,3.617059
7174,7174,0.9433333333333334,discard,3.617394
7175,7175,0.9433333333333334,discard,3.617694
7176,7176,0.9433333333333334,request_rescan,3.617982
7177,7177,0.9433333333333334,request_rescan,3.619321
7178,7178,0.9433333333333334,discard,3.619635
7179,7179,0.9433333333333334,discard,3.619956
7180,7180,0.9433333333333334,discard,3.620262
7181,7181,0.76,log_and_continue,3.621626
7182,7182,0.9433333333333334,request_rescan,3.621961
7183,7183,0.9433333333333334,discard,3.622279
7184,7184,0.9433333333333334,request_rescan,3.622589
7185,7185,0.9433333333333334,discard,3.624247
7186,7186,0.9433333333333334,request_rescan,3.624631
7187,7187,0.9433333333333334,discard,3.624925
7188,7188,0.9433333333333334,request_rescan,3.625239
7189,7189,0.9433333333333334,request_rescan,3.626622
7190,7190,0.9433333333333334,request_rescan,3.626934
7191,7191,0.9433333333333334,request_rescan,3.627236
7192,7192,0.9433333333333334,request_rescan,3.627548
7193,7193,0.9433333333333334,request_rescan,3.628947
7194,7194,0.9433333333333334,discard,3.629265
7195,7195,0.76,request_rescan,3.629439
7196,7196,0.9433333333333334,discard,3.629749
7197,7197,0.9433333333333334,discard,3.631139
7198,7198,0.9433333333333334,request_rescan,3.631462
7199,7199,0.9433333333333334,discard,3.631774
7200,7200,0.9433333333333334,discard,3.63207
7201,7201,0.9433333333333334,discard,3.633389
7202,7202,0.9433333333333334,request_rescan,3.633699
7203,7203,0.9433333333333334,discard,3.634004
7204,7204,0.9433333333333334,request_rescan,3.634307
7205,7205,0.9433333333333334,discard,3.635714
7206,7206,0.9433333333333334,discard,3.636029
7207,7207,0.9433333333333334,request_rescan,3.636348
7208,7208,0.9433333333333334,request_rescan,3.636648
7209,7209,0.9433333333333334,discard,3.638345
7210,7210,0.9433333333333334,discard,3.638665
7211,7211,0.9433333333333334,discard,3.638966
7212,7212,0.9433333333333334,discard,3.639278
7213,7213,0.9433333333333334,discard,3.640786
7214,7214,0.9433333333333334,discard,3.641171
7215,7215,0.9433333333333334,discard,3.641476
7216,7216,0.76,discard,3.641645
7217,7217,0.9433333333333334,discard,3.643104
7218,7218,0.9433333333333334,request_rescan,3.643427
7219,7219,0.9433333333333334,discard,3.643732
7220,7220,0.9433333333333334,request_rescan,3.644035
7221,7221,0.9433333333333334,request_rescan,3.645368
7222,7222,0.9433333333333334,request_rescan,3.645684
7223,7223,0.9433333333333334,request_rescan,3.645995
7224,7224,0.9433333333333334,discard,3.646294
7225,7225,0.9433333333333334,discard,3.647596
7226,7226,0.9433333333333334,discard,3.64791
7227,7227,0.9433333333333334,request_rescan,3.648226
7228,7228,0.9433333333333334,request_rescan,3.648523
7229,7229,0.9433333333333334,request_rescan,3.649922
7230,7230,0.9433333333333334,request_rescan,3.650244
7231,7231,0.9433333333333334,discard,3.650544
7232,7232,0.9433333333333334,request_rescan,3.650849
7233,7233,0.9433333333333334,discard,3.652345
7234,7234,0.9433333333333334,discard,3.652671
7235,7235,0.9433333333333334,request_rescan,3.65297
7236,7236,0.9433333333333334,request_rescan,3.653517
7237,7237,0.9433333333333334,discard,3.655126
7238,7238,0.9433333333333334,request_rescan,3.655448
7239,7239,0.9433333333333334,discard,3.655756
7240,7240,0.9433333333333334,request_rescan,3.656059
7241,7241,0.9433333333333334,discard,3.657784
7242,7242,0.9433333333333334,request_rescan,3.658103
7243,7243,0.9433333333333334,request_rescan,3.658404
7244,7244,0.9433333333333334,request_rescan,3.65871
7245,7245,0.9433333333333334,request_rescan,3.660112
7246,7246,0.9433333333333334,request_rescan,3.660569
7247,7247,0.9433333333333334,request_rescan,3.660886
7248,7248,0.9433333333333334,request_rescan,3.661189
7249,7249,0.9433333333333334,discard,3.662652
7250,7250,0.9433333333333334,discard,3.662964
7251,7251,0.9433333333333334,discard,3.663285
7252,7252,0.9433333333333334,request_rescan,3.66359
7253,7253,0.9433333333333334,discard,3.665111
7254,7254,0.9433333333333334,discard,3.665431
7255,7255,0.9433333333333334,request_rescan,3.665738
7256,7256,0.9433333333333334,request_rescan,3.666045
7257,7257,0.9433333333333334,discard,3.667496
7258,7258,0.9433333333333334,request_rescan,3.667811
7259,7259,0.9433333333333334,request_rescan,3.667983
7260,7260,0.9433333333333334,discard,3.668297
7261,7261,0.9433333333333334,discard,3.669702
7262,7262,0.9433333333333334,discard,3.670018
7263,7263,0.9433333333333334,request_rescan,3.670543
7264,7264,0.9433333333333334,request_rescan,3.670854
7265,7265,0.9433333333333334,request_rescan,3.672304
7266,7266,0.9433333333333334,request_rescan,3.67262
7267,7267,0.9433333333333334,discard,3.672915
7268,7268,0.9433333333333334,request_rescan,3.673217
7269,7269,0.9433333333333334,request_rescan,3.674721
7270,7270,0.9433333333333334,request_rescan,3.675032
7271,7271,0.9433333333333334,discard,3.675341
7272,7272,0.9433333333333334,request_rescan,3.675648
7273,7273,0.9433333333333334,discard,3.677173
7274,7274,0.9433333333333334,discard,3.677493
7275,7275,0.9433333333333334,discard,3.677789
7276,7276,0.9433333333333334,discard,3.678086
7277,7277,0.9433333333333334,discard,3.679495
7278,7278,0.9433333333333334,request_rescan,3.679808
7279,7279,0.9433333333333334,discard,3.68011
7280,7280,0.9433333333333334,discard,3.680418
7281,7281,0.9433333333333334,request_rescan,3.681843
7282,7282,0.9433333333333334,discard,3.682163
7283,7283,0.9433333333333334,discard,3.682463
7284,7284,0.9433333333333334,discard,3.682777
7285,7285,0.9433333333333334,discard,3.684185
7286,7286,0.9433333333333334,request_rescan,3.6845
7287,7287,0.9433333333333334,discard,3.684794
7288,7288,0.9433333333333334,request_rescan,3.685106
7289,7289,0.9433333333333334,request_rescan,3.686623
7290,7290,0.9433333333333334,discard,3.687137
7291,7291,0.9433333333333334,discard,3.687439
7292,7292,0.9433333333333334,discard,3.68775
7293,7293,0.9433333333333334,request_rescan,3.689215
7294,7294,0.9433333333333334,request_rescan,3.689531
7295,7295,0.9433333333333334,request_rescan,3.689825
7296,7296,0.9433333333333334,request_rescan,3.690239
7297,7297,0.9433333333333334,discard,3.691909
7298,7298,0.9433333333333334,request_rescan,3.692229
7299,7299,0.9433333333333334,discard,3.692528
7300,7300,0.9433333333333334,request_rescan,3.692822
7301,7301,0.9433333333333334,discard,3.694273
7302,7302,0.9433333333333334,discard,3.694588
7303,7303,0.9433333333333334,discard,3.69489
7304,7304,0.9433333333333334,request_rescan,3.695209
7305,7305,0.9433333333333334,discard,3.696608
7306,7306,0.9433333333333334,request_rescan,3.696934
7307,7307,0.9433333333333334,discard,3.697264
7308,7308,0.9433333333333334,discard,3.697564
7309,7309,0.9433333333333334,discard,3.698939
7310,7310,0.9433333333333334,request_rescan,3.699281
7311,7311,0.76,log_and_continue,3.69945
7312,7312,0.9433333333333334,request_rescan,3.699765
7313,7313,0.9433333333333334,discard,3.701191
7314,7314,0.9433333333333334,discard,3.701505
7315,7315,0.9433333333333334,request_rescan,3.70181
7316,7316,0.9433333333333334,request_rescan,3.702122
7317,7317,0.9433333333333334,discard,3.703582
7318,7318,0.9433333333333334,discard,3.704051
7319,7319,0.9433333333333334,discard,3.704357
7320,7320,0.9433333333333334,discard,3.704671
7321,7321,0.9433333333333334,discard,3.70612
7322,7322,0.9433333333333334,request_rescan,3.706436
7323,7323,0.9433333333333334,request_rescan,3.706847
7324,7324,0.9433333333333334,discard,3.707282
7325,7325,0.9433333333333334,request_rescan,3.708646
7326,7326,0.9433333333333334,discard,3.708962
7327,7327,0.9433333333333334,request_rescan,3.709268
7328,7328,0.9433333333333334,request_rescan,3.709557
7329,7329,0.9433333333333334,discard,3.710976
7330,7330,0.76,log_and_continue,3.711155
7331,7331,0.9433333333333334,request_rescan,3.71147
7332,7332,0.9433333333333334,request_rescan,3.711775
7333,7333,0.9433333333333334,request_rescan,3.713102
7334,7334,0.9433333333333334,discard,3.713436
7335,7335,0.9433333333333334,discard,3.713744
7336,7336,0.9433333333333334,discard,3.714058
7337,7337,0.9433333333333334,request_rescan,3.715357
7338,7338,0.9433333333333334,request_rescan,3.71567
7339,7339,0.9433333333333334,request_rescan,3.715985
7340,7340,0.9433333333333334,discard,3.716285
7341,7341,0.76,discard,3.717401
7342,7342,0.9433333333333334,discard,3.717729
7343,7343,0.9433333333333334,discard,3.718046
7344,7344,0.9433333333333334,discard,3.718352
7345,7345,0.9433333333333334,request_rescan,3.719624
7346,7346,0.9433333333333334,discard,3.719951
7347,7347,0.9433333333333334,discard,3.720495
7348,7348,0.9433333333333334,request_rescan,3.720845
7349,7349,0.9433333333333334,discard,3.722206
7350,7350,0.9433333333333334,request_rescan,3.722542
7351,7351,0.9433333333333334,request_rescan,3.722881
7352,7352,0.9433333333333334,request_rescan,3.723257
7353,7353,0.9433333333333334,request_rescan,3.724631
7354,7354,0.9433333333333334,request_rescan,3.724956
7355,7355,0.9433333333333334,discard,3.725276
7356,7356,0.9433333333333334,request_rescan,3.725444
7357,7357,0.9433333333333334,request_rescan,3.726835
7358,7358,0.9433333333333334,request_rescan,3.727155
7359,7359,0.9433333333333334,discard,3.727467
7360,7360,0.9433333333333334,discard,3.72776
7361,7361,0.9433333333333334,request_rescan,3.72908
7362,7362,0.9433333333333334,request_rescan,3.729413
7363,7363,0.9433333333333334,discard,3.729716
7364,7364,0.9433333333333334,discard,3.730004
7365,7365,0.9433333333333334,request_rescan,3.731332
7366,7366,0.9433333333333334,discard,3.731662
7367,7367,0.9433333333333334,discard,3.731963
7368,7368,0.9433333333333334,request_rescan,3.732261
7369,7369,0.9433333333333334,request_rescan,3.733689
7370,7370,0.9433333333333334,request_rescan,3.734001
7371,7371,0.9433333333333334,request_rescan,3.734302
7372,7372,0.9433333333333334,discard,3.734614
7373,7373,0.9433333333333334,discard,3.73632
7374,7374,0.9433333333333334,request_rescan,3.736645
7375,7375,0.9433333333333334,discard,3.736957
7376,7376,0.9433333333333334,request_rescan,3.737278
7377,7377,0.9433333333333334,request_rescan,3.738684
7378,7378,0.9433333333333334,request_rescan,3.739002
7379,7379,0.9433333333333334,request_rescan,3.739309
7380,7380,0.9433333333333334,request_rescan,3.739618
7381,7381,0.9433333333333334,discard,3.741251
7382,7382,0.9433333333333334,request_rescan,3.74157
7383,7383,0.9433333333333334,discard,3.741875
7384,7384,0.9433333333333334,discard,3.742182
7385,7385,0.76,log_and_continue,3.743418
7386,7386,0.9433333333333334,request_rescan,3.743752
7387,7387,0.9433333333333334,discard,3.744053
7388,7388,0.9433333333333334,discard,3.744369
7389,7389,0.9433333333333334,request_rescan,3.745659
7390,7390,0.9433333333333334,request_rescan,3.745975
7391,7391,0.9433333333333334,request_rescan,3.74628
7392,7392,0.9433333333333334,request_rescan,3.746592
7393,7393,0.9433333333333334,discard,3.748076
7394,7394,0.9433333333333334,request_rescan,3.748404
7395,7395,0.9433333333333334,discard,3.748717
7396,7396,0.9433333333333334,discard,3.749019
7397,7397,0.9433333333333334,discard,3.750384
7398,7398,0.9433333333333334,discard,3.750698
7399,7399,0.9433333333333334,discard,3.750993
7400,7400,0.9433333333333334,discard,3.751173
7401,7401,0.9433333333333334,discard,3.753358
7402,7402,0.9433333333333334,request_rescan,3.753907
7403,7403,0.9433333333333334,discard,3.754447
7404,7404,0.9433333333333334,discard,3.754972
7405,7405,0.9433333333333334,request_rescan,3.757328
7406,7406,0.9433333333333334,request_rescan,3.758054
7407,7407,0.9433333333333334,discard,3.75866
7408,7408,0.9433333333333334,discard,3.759192
7409,7409,0.9433333333333334,discard,3.761733
7410,7410,0.9433333333333334,request_rescan,3.762288
7411,7411,0.9433333333333334,discard,3.762817
7412,7412,0.9433333333333334,discard,3.763344
7413,7413,0.9433333333333334,discard,3.765905
7414,7414,0.9433333333333334,request_rescan,3.766463
7415,7415,0.9433333333333334,discard,3.76701
7416,7416,0.9433333333333334,request_rescan,3.767553
7417,7417,0.9433333333333334,discard,3.770074
7418,7418,0.9433333333333334,discard,3.77072
7419,7419,0.9433333333333334,request_rescan,3.771269
7420,7420,0.9433333333333334,discard,3.771803
7421,7421,0.9433333333333334,discard,3.774336
7422,7422,0.9433333333333334,discard,3.774958
7423,7423,0.9433333333333334,request_rescan,3.775493
7424,7424,0.9433333333333334,discard,3.776015
7425,7425,0.9433333333333334,request_rescan,3.778544
7426,7426,0.9433333333333334,discard,3.779095
7427,7427,0.9433333333333334,request_rescan,3.779655
7428,7428,0.9433333333333334,discard,3.77997
7429,7429,0.9433333333333334,request_rescan,3.781498
7430,7430,0.9433333333333334,discard,3.781817
7431,7431,0.9433333333333334,discard,3.782121
7432,7432,0.9433333333333334,request_rescan,3.782441
7433,7433,0.9433333333333334,discard,3.78367
7434,7434,0.9433333333333334,request_rescan,3.783979
7435,7435,0.9433333333333334,discard,3.784296
7436,7436,0.9433333333333334,discard,3.784596
7437,7437,0.9433333333333334,request_rescan,3.785914
7438,7438,0.9433333333333334,discard,3.786238
7439,7439,0.9433333333333334,discard,3.786552
7440,7440,0.9433333333333334,request_rescan,3.786873
7441,7441,0.9433333333333334,discard,3.788441
7442,7442,0.9433333333333334,request_rescan,3.788759
7443,7443,0.9433333333333334,discard,3.789061
7444,7444,0.9433333333333334,request_rescan,3.789379
7445,7445,0.9433333333333334,request_rescan,3.790795
7446,7446,0.9433333333333334,request_rescan,3.791191
7447,7447,0.9433333333333334,request_rescan,3.791566
7448,7448,0.9433333333333334,request_rescan,3.791884
7449,7449,0.9433333333333334,request_rescan,3.79324
7450,7450,0.9433333333333334,request_rescan,3.793558
7451,7451,0.9433333333333334,request_rescan,3.793864
7452,7452,0.9433333333333334,request_rescan,3.794166
7453,7453,0.9433333333333334,discard,3.795375
7454,7454,0.9433333333333334,request_rescan,3.795688
7455,7455,0.9433333333333334,discard,3.795993
7456,7456,0.9433333333333334,request_rescan,3.796297
7457,7457,0.9433333333333334,discard,3.79744
7458,7458,0.9433333333333334,request_rescan,3.797753
7459,7459,0.9433333333333334,request_rescan,3.798062
7460,7460,0.9433333333333334,request_rescan,3.798372
7461,7461,0.9433333333333334,discard,3.799528
7462,7462,0.9433333333333334,request_rescan,3.799868
7463,7463,0.9433333333333334,request_rescan,3.800175
7464,7464,0.9433333333333334,request_rescan,3.800471
7465,7465,0.9433333333333334,discard,3.801622
7466,7466,0.9433333333333334,discard,3.801958
7467,7467,0.9433333333333334,request_rescan,3.802276
7468,7468,0.9433333333333334,request_rescan,3.802581
7469,7469,0.9433333333333334,request_rescan,3.804033
7470,7470,0.9433333333333334,discard,3.804367
7471,7471,0.9433333333333334,discard,3.804677
7472,7472,0.9433333333333334,request_rescan,3.804969
7473,7473,0.9433333333333334,request_rescan,3.806167
7474,7474,0.9433333333333334,discard,3.806491
7475,7475,0.9433333333333334,request_rescan,3.806892
7476,7476,0.9433333333333334,request_rescan,3.807322
7477,7477,0.9433333333333334,request_rescan,3.808726
7478,7478,0.9433333333333334,request_rescan,3.809055
7479,7479,0.9433333333333334,request_rescan,3.809366
7480,7480,0.9433333333333334,discard,3.809656
7481,7481,0.9433333333333334,discard,3.810942
7482,7482,0.9433333333333334,discard,3.811262
7483,7483,0.9433333333333334,request_rescan,3.811575
7484,7484,0.9433333333333334,discard,3.811871
7485,7485,0.9433333333333334,request_rescan,3.813173
7486,7486,0.9433333333333334,request_rescan,3.813497
7487,7487,0.9433333333333334,request_rescan,3.813801
7488,7488,0.9433333333333334,discard,3.814115
7489,7489,0.9433333333333334,request_rescan,3.815433
7490,7490,0.9433333333333334,request_rescan,3.815745
7491,7491,0.9433333333333334,request_rescan,3.816048
7492,7492,0.9433333333333334,request_rescan,3.816361
7493,7493,0.9433333333333334,discard,3.817706
7494,7494,0.9433333333333334,request_rescan,3.818027
7495,7495,0.9433333333333334,discard,3.818339
7496,7496,0.9433333333333334,request_rescan,3.81865
7497,7497,0.9433333333333334,discard,3.820146
7498,7498,0.9433333333333334,request_rescan,3.820464
7499,7499,0.9433333333333334,discard,3.820768
7500,7500,0.9433333333333334,request_rescan,3.821072
7501,7501,0.9433333333333334,request_rescan,3.822342
7502,7502,0.9433333333333334,discard,3.822654
7503,7503,0.9433333333333334,discard,3.822963
7504,7504,0.9433333333333334,request_rescan,3.823262
7505,7505,0.9433333333333334,request_rescan,3.824635
7506,7506,0.9433333333333334,request_rescan,3.824959
7507,7507,0.9433333333333334,discard,3.825264
7508,7508,0.9433333333333334,discard,3.825558
7509,7509,0.9433333333333334,discard,3.826966
7510,7510,0.76,request_rescan,3.827157
7511,7511,0.9433333333333334,discard,3.827471
7512,7512,0.9433333333333334,discard,3.82779
7513,7513,0.9433333333333334,discard,3.829282
7514,7514,0.9433333333333334,request_rescan,3.829602
7515,7515,0.9433333333333334,discard,3.829898
7516,7516,0.9433333333333334,request_rescan,3.830211
7517,7517,0.76,log_and_continue,3.831609
7518,7518,0.9433333333333334,discard,3.831942
7519,7519,0.9433333333333334,request_rescan,3.832252
7520,7520,0.9433333333333334,request_rescan,3.832415
7521,7521,0.9433333333333334,request_rescan,3.833901
7522,7522,0.9433333333333334,request_rescan,3.834223
7523,7523,0.9433333333333334,request_rescan,3.834533
7524,7524,0.9433333333333334,request_rescan,3.834846
7525,7525,0.9433333333333334,request_rescan,3.83671
7526,7526,0.9433333333333334,request_rescan,3.837027
7527,7527,0.9433333333333334,request_rescan,3.837598
7528,7528,0.76,request_rescan,3.837889
7529,7529,0.9433333333333334,request_rescan,3.840101
7530,7530,0.9433333333333334,request_rescan,3.84101
7531,7531,0.9433333333333334,request_rescan,3.841634
7532,7532,0.9433333333333334,request_rescan,3.842172
7533,7533,0.9433333333333334,request_rescan,3.844297
7534,7534,0.9433333333333334,discard,3.844835
7535,7535,0.9433333333333334,discard,3.845366
7536,7536,0.9433333333333334,request_rescan,3.845889
7537,7537,0.9433333333333334,request_rescan,3.847964
7538,7538,0.9433333333333334,discard,3.848508
7539,7539,0.9433333333333334,request_rescan,3.84904
7540,7540,0.9433333333333334,request_rescan,3.849575
7541,7541,0.9433333333333334,discard,3.851704
7542,7542,0.9433333333333334,request_rescan,3.852026
7543,7543,0.9433333333333334,discard,3.852335
7544,7544,0.9433333333333334,request_rescan,3.852633
7545,7545,0.9433333333333334,request_rescan,3.85406
7546,7546,0.76,request_rescan,3.854245
7547,7547,0.9433333333333334,discard,3.854566
7548,7548,0.9433333333333334,request_rescan,3.854886
7549,7549,0.9433333333333334,discard,3.856223
7550,7550,0.9433333333333334,discard,3.856547
7551,7551,0.9433333333333334,discard,3.856916
7552,7552,0.9433333333333334,request_rescan,3.857313
7553,7553,0.9433333333333334,request_rescan,3.858762
7554,7554,0.9433333333333334,request_rescan,3.859079
7555,7555,0.9433333333333334,discard,3.859392
7556,7556,0.9433333333333334,request_rescan,3.859698
7557,7557,0.9433333333333334,request_rescan,3.861045
7558,7558,0.9433333333333334,request_rescan,3.861375
7559,7559,0.9433333333333334,request_rescan,3.861688
7560,7560,0.9433333333333334,request_rescan,3.862002
7561,7561,0.9433333333333334,request_rescan,3.863405
7562,7562,0.9433333333333334,request_rescan,3.863727
7563,7563,0.9433333333333334,request_rescan,3.86403
7564,7564,0.9433333333333334,discard,3.864342
7565,7565,0.9433333333333334,request_rescan,3.865553
7566,7566,0.9433333333333334,request_rescan,3.865865
7567,7567,0.9433333333333334,discard,3.866165
7568,7568,0.9433333333333334,discard,3.866468
7569,7569,0.9433333333333334,request_rescan,3.86763
7570,7570,0.9433333333333334,discard,3.867943
7571,7571,0.9433333333333334,discard,3.868251
7572,7572,0.9433333333333334,discard,3.868558
7573,7573,0.9433333333333334,request_rescan,3.87039
7574,7574,0.9433333333333334,request_rescan,3.870728
7575,7575,0.9433333333333334,discard,3.87104
7576,7576,0.9433333333333334,discard,3.871348
7577,7577,0.9433333333333334,request_rescan,3.872973
7578,7578,0.9433333333333334,request_rescan,3.873298
7579,7579,0.9433333333333334,request_rescan,3.87366
7580,7580,0.9433333333333334,request_rescan,3.874219
7581,7581,0.9433333333333334,discard,3.875878
7582,7582,0.9433333333333334,request_rescan,3.876198
7583,7583,0.9433333333333334,request_rescan,3.8765
7584,7584,0.9433333333333334,request_rescan,3.876797
7585,7585,0.9433333333333334,request_rescan,3.878293
7586,7586,0.9433333333333334,request_rescan,3.878607
7587,7587,0.9433333333333334,discard,3.878903
7588,7588,0.9433333333333334,discard,3.879212
7589,7589,0.9433333333333334,request_rescan,3.880736
7590,7590,0.9433333333333334,request_rescan,3.881054
7591,7591,0.9433333333333334,request_rescan,3.881371
7592,7592,0.9433333333333334,discard,3.881669
7593,7593,0.9433333333333334,discard,3.883222
7594,7594,0.9433333333333334,request_rescan,3.883539
7595,7595,0.9433333333333334,discard,3.883845
7596,7596,0.9433333333333334,discard,3.884148
7597,7597,0.9433333333333334,request_rescan,3.885557
7598,7598,0.9433333333333334,request_rescan,3.885873
7599,7599,0.9433333333333334,request_rescan,3.886455
7600,7600,0.9433333333333334,discard,3.88676
7601,7601,0.9433333333333334,discard,3.888281
7602,7602,0.9433333333333334,discard,3.888591
7603,7603,0.9433333333333334,request_rescan,3.888902
7604,7604,0.9433333333333334,request_rescan,3.889203
7605,7605,0.9433333333333334,request_rescan,3.890869
7606,7606,0.9433333333333334,request_rescan,3.891255
7607,7607,0.9433333333333334,discard,3.891569
7608,7608,0.9433333333333334,discard,3.891874
7609,7609,0.9433333333333334,request_rescan,3.893481
7610,7610,0.9433333333333334,request_rescan,3.893795
7611,7611,0.9433333333333334,request_rescan,3.894114
7612,7612,0.9433333333333334,discard,3.894423
7613,7613,0.9433333333333334,discard,3.895964
7614,7614,0.9433333333333334,request_rescan,3.896287
7615,7615,0.9433333333333334,discard,3.896589
7616,7616,0.9433333333333334,discard,3.896892
7617,7617,0.9433333333333334,request_rescan,3.898514
7618,7618,0.9433333333333334,discard,3.898696
7619,7619,0.9433333333333334,request_rescan,3.899019
7620,7620,0.9433333333333334,request_rescan,3.899346
7621,7621,0.9433333333333334,discard,3.900897
7622,7622,0.9433333333333334,request_rescan,3.901231
7623,7623,0.9433333333333334,request_rescan,3.901546
7624,7624,0.9433333333333334,request_rescan,3.901864
7625,7625,0.6633333333333333,log_and_continue,3.903251
7626,7626,0.9433333333333334,discard,3.903654
7627,7627,0.9433333333333334,request_rescan,3.90397
7628,7628,0.9433333333333334,discard,3.904288
7629,7629,0.9433333333333334,discard,3.905792
7630,7630,0.9433333333333334,request_rescan,3.90611
7631,7631,0.9433333333333334,request_rescan,3.906409
7632,7632,0.9433333333333334,request_rescan,3.906582
7633,7633,0.9433333333333334,discard,3.908482
7634,7634,0.9433333333333334,request_rescan,3.908802
7635,7635,0.9433333333333334,request_rescan,3.909112
7636,7636,0.9433333333333334,discard,3.909425
7637,7637,0.9433333333333334,request_rescan,3.910937
7638,7638,0.9433333333333334,request_rescan,3.911258
7639,7639,0.9433333333333334,discard,3.911574
7640,7640,0.9433333333333334,request_rescan,3.911891
7641,7641,0.6633333333333333,log_and_continue,3.913092
7642,7642,0.9433333333333334,discard,3.913432
7643,7643,0.9433333333333334,request_rescan,3.913745
7644,7644,0.9433333333333334,discard,3.914043
7645,7645,0.9433333333333334,discard,3.915429
7646,7646,0.9433333333333334,request_rescan,3.915757
7647,7647,0.9433333333333334,request_rescan,3.916061
7648,7648,0.9433333333333334,discard,3.916362
7649,7649,0.76,discard,3.917657
7650,7650,0.9433333333333334,request_rescan,3.917992
7651,7651,0.76,discard,3.918304
7652,7652,0.9433333333333334,discard,3.918605
7653,7653,0.9433333333333334,discard,3.920153
7654,7654,0.9433333333333334,request_rescan,3.920471
7655,7655,0.9433333333333334,request_rescan,3.920771
7656,7656,0.9433333333333334,request_rescan,3.921073
7657,7657,0.9433333333333334,discard,3.922433
7658,7658,0.9433333333333334,discard,3.922758
7659,7659,0.9433333333333334,discard,3.923063
7660,7660,0.9433333333333334,request_rescan,3.923391
7661,7661,0.9433333333333334,request_rescan,3.925484
7662,7662,0.9433333333333334,discard,3.925808
7663,7663,0.9433333333333334,discard,3.925982
7664,7664,0.9433333333333334,request_rescan,3.926305
7665,7665,0.9433333333333334,request_rescan,3.927943
7666,7666,0.9433333333333334,discard,3.928544
7667,7667,0.9433333333333334,request_rescan,3.928898
7668,7668,0.9433333333333334,request_rescan,3.929212
7669,7669,0.9433333333333334,discard,3.930613
7670,7670,0.9433333333333334,request_rescan,3.93094
7671,7671,0.9433333333333334,discard,3.931253
7672,7672,0.9433333333333334,request_rescan,3.931569
7673,7673,0.9433333333333334,request_rescan,3.932876
7674,7674,0.9433333333333334,discard,3.933197
7675,7675,0.9433333333333334,discard,3.933506
7676,7676,0.9433333333333334,discard,3.933818
7677,7677,0.9433333333333334,discard,3.935098
7678,7678,0.9433333333333334,discard,3.935421
7679,7679,0.9433333333333334,request_rescan,3.935733
7680,7680,0.9433333333333334,discard,3.936047
7681,7681,0.9433333333333334,discard,3.937581
7682,7682,0.9433333333333334,request_rescan,3.937895
7683,7683,0.9433333333333334,discard,3.938215
7684,7684,0.9433333333333334,discard,3.938519
7685,7685,0.9433333333333334,request_rescan,3.939877
7686,7686,0.9433333333333334,request_rescan,3.940273
7687,7687,0.9433333333333334,request_rescan,3.940813
7688,7688,0.9433333333333334,discard,3.941195
7689,7689,0.9433333333333334,request_rescan,3.94255
7690,7690,0.9433333333333334,discard,3.942873
7691,7691,0.9433333333333334,request_rescan,3.943182
7692,7692,0.9433333333333334,discard,3.943492
7693,7693,0.9433333333333334,discard,3.944681
7694,7694,0.9433333333333334,request_rescan,3.945
7695,7695,0.9433333333333334,discard,3.945306
7696,7696,0.9433333333333334,discard,3.945613
7697,7697,0.9433333333333334,discard,3.946786
7698,7698,0.9433333333333334,discard,3.947108
7699,7699,0.9433333333333334,discard,3.947424
7700,7700,0.9433333333333334,request_rescan,3.947737
7701,7701,0.9433333333333334,request_rescan,3.948911
7702,7702,0.9433333333333334,request_rescan,3.949237
7703,7703,0.9433333333333334,request_rescan,3.949559
7704,7704,0.9433333333333334,request_rescan,3.949864
7705,7705,0.9433333333333334,discard,3.951033
7706,7706,0.9433333333333334,request_rescan,3.951365
7707,7707,0.9433333333333334,request_rescan,3.951674
7708,7708,0.9433333333333334,discard,3.95197
7709,7709,0.9433333333333334,request_rescan,3.953326
7710,7710,0.9433333333333334,request_rescan,3.953656
7711,7711,0.9433333333333334,request_rescan,3.95396
7712,7712,0.9433333333333334,request_rescan,3.954259
7713,7713,0.9433333333333334,discard,3.955413
7714,7714,0.9433333333333334,request_rescan,3.955733
7715,7715,0.9433333333333334,request_rescan,3.956034
7716,7716,0.76,discard,3.956202
7717,7717,0.9433333333333334,request_rescan,3.95769
7718,7718,0.9433333333333334,discard,3.958024
7719,7719,0.9433333333333334,discard,3.958346
7720,7720,0.9433333333333334,request_rescan,3.95865
7721,7721,0.9433333333333334,request_rescan,3.959856
7722,7722,0.9433333333333334,discard,3.960193
7723,7723,0.9433333333333334,request_rescan,3.960501
7724,7724,0.9433333333333334,request_rescan,3.960796
7725,7725,0.9433333333333334,request_rescan,3.961958
7726,7726,0.9433333333333334,request_rescan,3.962295
7727,7727,0.9433333333333334,discard,3.9626
7728,7728,0.9433333333333334,request_rescan,3.962892
7729,7729,0.9433333333333334,discard,3.964048
7730,7730,0.9433333333333334,discard,3.964379
7731,7731,0.9433333333333334,request_rescan,3.964681
7732,7732,0.9433333333333334,discard,3.964973
7733,7733,0.9433333333333334,request_rescan,3.966153
7734,7734,0.9433333333333334,discard,3.966481
7735,7735,0.9433333333333334,request_rescan,3.966785
7736,7736,0.9433333333333334,discard,3.967074
7737,7737,0.9433333333333334,request_rescan,3.96821
7738,7738,0.9433333333333334,discard,3.968552
7739,7739,0.9433333333333334,request_rescan,3.968866
7740,7740,0.9433333333333334,discard,3.969169
7741,7741,0.9433333333333334,request_rescan,3.970411
7742,7742,0.9433333333333334,discard,3.970746
7743,7743,0.9433333333333334,request_rescan,3.971057
7744,7744,0.9433333333333334,request_rescan,3.971361
7745,7745,0.6633333333333333,log_and_continue,3.97241
7746,7746,0.9433333333333334,request_rescan,3.972745
7747,7747,0.9433333333333334,request_rescan,3.973068
7748,7748,0.9433333333333334,discard,3.973382
7749,7749,0.9433333333333334,request_rescan,3.975059
7750,7750,0.9433333333333334,discard,3.975405
7751,7751,0.9433333333333334,request_rescan,3.975711
7752,7752,0.9433333333333334,discard,3.976
7753,7753,0.9433333333333334,request_rescan,3.977176
7754,7754,0.9433333333333334,request_rescan,3.977498
7755,7755,0.9433333333333334,discard,3.977793
7756,7756,0.9433333333333334,discard,3.977953
7757,7757,0.9433333333333334,request_rescan,3.979109
7758,7758,0.9433333333333334,request_rescan,3.979439
7759,7759,0.9433333333333334,discard,3.979747
7760,7760,0.9433333333333334,request_rescan,3.980041
7761,7761,0.76,log_and_continue,3.981075
7762,7762,0.9433333333333334,discard,3.981421
7763,7763,0.9433333333333334,request_rescan,3.981727
7764,7764,0.9433333333333334,discard,3.982021
7765,7765,0.9433333333333334,request_rescan,3.983175
7766,7766,0.9433333333333334,discard,3.9835
7767,7767,0.9433333333333334,discard,3.983797
7768,7768,0.9433333333333334,discard,3.984087
7769,7769,0.9433333333333334,discard,3.985123
7770,7770,0.9433333333333334,request_rescan,3.985456
7771,7771,0.9433333333333334,request_rescan,3.985785
7772,7772,0.9433333333333334,discard,3.9861
7773,7773,0.9433333333333334,discard,3.987434
7774,7774,0.9433333333333334,discard,3.987752
7775,7775,0.9433333333333334,discard,3.988058
7776,7776,0.76,request_rescan,3.988225
7777,7777,0.76,log_and_continue,3.989271
7778,7778,0.9433333333333334,discard,3.989599
7779,7779,0.9433333333333334,request_rescan,3.989915
7780,7780,0.9433333333333334,request_rescan,3.990283
7781,7781,0.9433333333333334,discard,3.991516
7782,7782,0.9433333333333334,discard,3.991839
7783,7783,0.9433333333333334,discard,3.992163
7784,7784,0.9433333333333334,discard,3.992468
7785,7785,0.9433333333333334,discard,3.993609
7786,7786,0.9433333333333334,request_rescan,3.993932
7787,7787,0.9433333333333334,request_rescan,3.994235
7788,7788,0.9433333333333334,discard,3.994526
7789,7789,0.9433333333333334,request_rescan,3.995661
7790,7790,0.9433333333333334,request_rescan,3.995976
7791,7791,0.9433333333333334,discard,3.996281
7792,7792,0.9433333333333334,request_rescan,3.996572
7793,7793,0.9433333333333334,discard,3.997993
7794,7794,0.9433333333333334,request_rescan,3.998322
7795,7795,0.9433333333333334,request_rescan,3.998628
7796,7796,0.9433333333333334,discard,3.99894
7797,7797,0.9433333333333334,request_rescan,4.000495
7798,7798,0.9433333333333334,request_rescan,4.000809
7799,7799,0.9433333333333334,discard,4.001107
7800,7800,0.9433333333333334,discard,4.001422
7801,7801,0.9433333333333334,discard,4.003204
7802,7802,0.9433333333333334,discard,4.003524
7803,7803,0.9433333333333334,discard,4.003834
7804,7804,0.9433333333333334,discard,4.004153
7805,7805,0.9433333333333334,request_rescan,4.005744
7806,7806,0.9433333333333334,discard,4.00606
7807,7807,0.9433333333333334,discard,4.006378
7808,7808,0.9433333333333334,discard,4.006808
7809,7809,0.9433333333333334,discard,4.008469
7810,7810,0.9433333333333334,discard,4.008782
7811,7811,0.9433333333333334,discard,4.009078
7812,7812,0.9433333333333334,discard,4.009397
7813,7813,0.9433333333333334,request_rescan,4.010931
7814,7814,0.76,request_rescan,4.011114
7815,7815,0.9433333333333334,request_rescan,4.011429
7816,7816,0.9433333333333334,discard,4.011743
7817,7817,0.9433333333333334,request_rescan,4.013233
7818,7818,0.9433333333333334,request_rescan,4.013549
7819,7819,0.9433333333333334,discard,4.013862
7820,7820,0.9433333333333334,request_rescan,4.014178
7821,7821,0.9433333333333334,discard,4.015689
7822,7822,0.9433333333333334,discard,4.016008
7823,7823,0.9433333333333334,request_rescan,4.016333
7824,7824,0.9433333333333334,request_rescan,4.016633
7825,7825,0.9433333333333334,request_rescan,4.017999
7826,7826,0.9433333333333334,discard,4.018323
7827,7827,0.9433333333333334,discard,4.018637
7828,7828,0.9433333333333334,discard,4.018932
7829,7829,0.9433333333333334,request_rescan,4.020679
7830,7830,0.9433333333333334,discard,4.021074
7831,7831,0.9433333333333334,discard,4.021405
7832,7832,0.9433333333333334,request_rescan,4.021708
7833,7833,0.9433333333333334,request_rescan,4.023354
7834,7834,0.6633333333333333,log_and_continue,4.023533
7835,7835,0.9433333333333334,discard,4.024009
7836,7836,0.9433333333333334,request_rescan,4.024397
7837,7837,0.9433333333333334,request_rescan,4.025946
7838,7838,0.9433333333333334,discard,4.026273
7839,7839,0.9433333333333334,request_rescan,4.026583
7840,7840,0.9433333333333334,discard,4.026892
7841,7841,0.9433333333333334,discard,4.028472
7842,7842,0.9433333333333334,request_rescan,4.028803
7843,7843,0.9433333333333334,request_rescan,4.029266
7844,7844,0.9433333333333334,discard,4.029536
7845,7845,0.9433333333333334,discard,4.031092
7846,7846,0.9433333333333334,request_rescan,4.031422
7847,7847,0.9433333333333334,request_rescan,4.031734
7848,7848,0.9433333333333334,request_rescan,4.032042
7849,7849,0.9433333333333334,request_rescan,4.033512
7850,7850,0.9433333333333334,discard,4.033684
7851,7851,0.9433333333333334,request_rescan,4.033988
7852,7852,0.9433333333333334,discard,4.034294
7853,7853,0.9433333333333334,discard,4.035774
7854,7854,0.9433333333333334,discard,4.036103
7855,7855,0.9433333333333334,request_rescan,4.036422
7856,7856,0.9433333333333334,discard,4.037011
7857,7857,0.9433333333333334,request_rescan,4.038589
7858,7858,0.9433333333333334,request_rescan,4.038911
7859,7859,0.9433333333333334,discard,4.039224
7860,7860,0.9433333333333334,discard,4.039537
7861,7861,0.9433333333333334,request_rescan,4.041227
7862,7862,0.9433333333333334,discard,4.041545
7863,7863,0.9433333333333334,request_rescan,4.041847
7864,7864,0.9433333333333334,discard,4.042157
7865,7865,0.9433333333333334,request_rescan,4.043786
7866,7866,0.76,request_rescan,4.043964
7867,7867,0.9433333333333334,discard,4.04429
7868,7868,0.9433333333333334,request_rescan,4.044461
7869,7869,0.9433333333333334,discard,4.045933
7870,7870,0.9433333333333334,discard,4.04626
7871,7871,0.9433333333333334,request_rescan,4.04657
7872,7872,0.9433333333333334,discard,4.046883
7873,7873,0.9433333333333334,request_rescan,4.048317
7874,7874,0.9433333333333334,discard,4.048635
7875,7875,0.9433333333333334,discard,4.048938
7876,7876,0.9433333333333334,request_rescan,4.049245
7877,7877,0.9433333333333334,discard,4.050747
7878,7878,0.9433333333333334,request_rescan,4.05106
7879,7879,0.9433333333333334,discard,4.05137
7880,7880,0.9433333333333334,discard,4.051682
7881,7881,0.9433333333333334,discard,4.053349
7882,7882,0.9433333333333334,discard,4.053679
7883,7883,0.9433333333333334,request_rescan,4.053989
7884,7884,0.9433333333333334,request_rescan,4.054299
7885,7885,0.9433333333333334,discard,4.055845
7886,7886,0.9433333333333334,request_rescan,4.056166
7887,7887,0.9433333333333334,discard,4.056472
7888,7888,0.9433333333333334,request_rescan,4.056879
7889,7889,0.9433333333333334,discard,4.058583
7890,7890,0.9433333333333334,discard,4.058904
7891,7891,0.9433333333333334,request_rescan,4.059229
7892,7892,0.76,log_and_continue,4.059405
7893,7893,0.6633333333333333,log_and_continue,4.060823
7894,7894,0.9433333333333334,discard,4.061168
7895,7895,0.9433333333333334,request_rescan,4.061482
7896,7896,0.9433333333333334,discard,4.061806
7897,7897,0.9433333333333334,request_rescan,4.063154
7898,7898,0.9433333333333334,discard,4.063489
7899,7899,0.9433333333333334,request_rescan,4.06381
7900,7900,0.9433333333333334,request_rescan,4.064391
7901,7901,0.9433333333333334,discard,4.065866
7902,7902,0.9433333333333334,discard,4.066187
7903,7903,0.9433333333333334,discard,4.066487
7904,7904,0.9433333333333334,discard,4.066795
7905,7905,0.9433333333333334,discard,4.068268
7906,7906,0.9433333333333334,request_rescan,4.068593
7907,7907,0.9433333333333334,discard,4.068907
7908,7908,0.9433333333333334,discard,4.069421
7909,7909,0.9433333333333334,request_rescan,4.070822
7910,7910,0.9433333333333334,request_rescan,4.071142
7911,7911,0.9433333333333334,request_rescan,4.071453
7912,7912,0.9433333333333334,request_rescan,4.071762
7913,7913,0.9433333333333334,discard,4.0733
7914,7914,0.9433333333333334,discard,4.073688
7915,7915,0.9433333333333334,request_rescan,4.074085
7916,7916,0.9433333333333334,request_rescan,4.074466
7917,7917,0.9433333333333334,request_rescan,4.075828
7918,7918,0.9433333333333334,discard,4.076157
7919,7919,0.9433333333333334,request_rescan,4.076483
7920,7920,0.9433333333333334,request_rescan,4.076789
7921,7921,0.9433333333333334,request_rescan,4.078205
7922,7922,0.9433333333333334,discard,4.078529
7923,7923,0.9433333333333334,request_rescan,4.078835
7924,7924,0.9433333333333334,discard,4.079148
7925,7925,0.9433333333333334,discard,4.080559
7926,7926,0.9433333333333334,discard,4.080876
7927,7927,0.9433333333333334,request_rescan,4.08118
7928,7928,0.9433333333333334,request_rescan,4.081492
7929,7929,0.9433333333333334,request_rescan,4.082775
7930,7930,0.9433333333333334,discard,4.083092
7931,7931,0.9433333333333334,discard,4.083401
7932,7932,0.9433333333333334,request_rescan,4.083697
7933,7933,0.9433333333333334,discard,4.085035
7934,7934,0.9433333333333334,discard,4.085357
7935,7935,0.9433333333333334,request_rescan,4.085664
7936,7936,0.9433333333333334,discard,4.085982
7937,7937,0.9433333333333334,discard,4.087815
7938,7938,0.9433333333333334,discard,4.088141
7939,7939,0.9433333333333334,discard,4.088446
7940,7940,0.9433333333333334,discard,4.088755
7941,7941,0.9433333333333334,request_rescan,4.090267
7942,7942,0.9433333333333334,discard,4.090836
7943,7943,0.9433333333333334,request_rescan,4.091209
7944,7944,0.9433333333333334,discard,4.091523
7945,7945,0.9433333333333334,discard,4.093028
7946,7946,0.9433333333333334,request_rescan,4.093345
7947,7947,0.9433333333333334,request_rescan,4.093648
7948,7948,0.9433333333333334,discard,4.093956
7949,7949,0.9433333333333334,request_rescan,4.095362
7950,7950,0.9433333333333334,request_rescan,4.095674
7951,7951,0.9433333333333334,discard,4.095974
7952,7952,0.9433333333333334,discard,4.096288
7953,7953,0.9433333333333334,discard,4.097787
7954,7954,0.9433333333333334,discard,4.098108
7955,7955,0.9433333333333334,discard,4.098411
7956,7956,0.9433333333333334,request_rescan,4.098724
7957,7957,0.9433333333333334,discard,4.100029
7958,7958,0.9433333333333334,discard,4.100366
7959,7959,0.9433333333333334,discard,4.100687
7960,7960,0.9433333333333334,discard,4.101003
7961,7961,0.9433333333333334,request_rescan,4.102472
7962,7962,0.9433333333333334,discard,4.102922
7963,7963,0.9433333333333334,request_rescan,4.103242
7964,7964,0.9433333333333334,discard,4.103544
7965,7965,0.9433333333333334,discard,4.105078
7966,7966,0.9433333333333334,request_rescan,4.105402
7967,7967,0.76,log_and_continue,4.105579
7968,7968,0.9433333333333334,discard,4.105889
7969,7969,0.9433333333333334,discard,4.107419
7970,7970,0.9433333333333334,discard,4.107806
7971,7971,0.9433333333333334,request_rescan,4.108126
7972,7972,0.9433333333333334,discard,4.108427
7973,7973,0.9433333333333334,discard,4.109673
7974,7974,0.9433333333333334,request_rescan,4.109999
7975,7975,0.9433333333333334,request_rescan,4.110309
7976,7976,0.9433333333333334,discard,4.110603
7977,7977,0.9433333333333334,discard,4.111824
7978,7978,0.9433333333333334,discard,4.112156
7979,7979,0.9433333333333334,discard,4.112476
7980,7980,0.9433333333333334,discard,4.112782
7981,7981,0.9433333333333334,discard,4.114014
7982,7982,0.9433333333333334,request_rescan,4.114357
7983,7983,0.9433333333333334,discard,4.114671
7984,7984,0.9433333333333334,request_rescan,4.114967
7985,7985,0.9433333333333334,request_rescan,4.116231
7986,7986,0.9433333333333334,request_rescan,4.116561
7987,7987,0.76,request_rescan,4.116732
7988,7988,0.9433333333333334,discard,4.117036
7989,7989,0.9433333333333334,request_rescan,4.118269
7990,7990,0.9433333333333334,request_rescan,4.118609
7991,7991,0.9433333333333334,request_rescan,4.118917
7992,7992,0.9433333333333334,request_rescan,4.119225
7993,7993,0.9433333333333334,discard,4.120621
7994,7994,0.9433333333333334,request_rescan,4.120795
7995,7995,0.9433333333333334,discard,4.121117
7996,7996,0.9433333333333334,discard,4.121416
7997,7997,0.9433333333333334,request_rescan,4.122659
7998,7998,0.9433333333333334,request_rescan,4.123003
7999,7999,0.9433333333333334,request_rescan,4.123326
8000,8000,0.9433333333333334,request_rescan,4.123825
8001,8001,0.9433333333333334,request_rescan,4.125194
8002,8002,0.9433333333333334,discard,4.125528
8003,8003,0.9433333333333334,request_rescan,4.125829
8004,8004,0.9433333333333334,request_rescan,4.126123
8005,8005,0.9433333333333334,discard,4.127315
8006,8006,0.9433333333333334,discard,4.127638
8007,8007,0.9433333333333334,discard,4.12794
8008,8008,0.9433333333333334,discard,4.128235
8009,8009,0.9433333333333334,discard,4.129412
8010,8010,0.9433333333333334,discard,4.12974
8011,8011,0.9433333333333334,request_rescan,4.130047
8012,8012,0.9433333333333334,request_rescan,4.130356
8013,8013,0.9433333333333334,discard,4.131594
8014,8014,0.9433333333333334,request_rescan,4.131918
8015,8015,0.9433333333333334,request_rescan,4.132224
8016,8016,0.9433333333333334,request_rescan,4.132516
8017,8017,0.9433333333333334,request_rescan,4.133709
8018,8018,0.9433333333333334,request_rescan,4.134034
8019,8019,0.9433333333333334,discard,4.134357
8020,8020,0.9433333333333334,discard,4.134659
8021,8021,0.9433333333333334,discard,4.136452
8022,8022,0.9433333333333334,request_rescan,4.136821
8023,8023,0.9433333333333334,request_rescan,4.137141
8024,8024,0.9433333333333334,discard,4.137446
8025,8025,0.9433333333333334,discard,4.138906
8026,8026,0.9433333333333334,discard,4.139228
8027,8027,0.9433333333333334,request_rescan,4.139526
8028,8028,0.9433333333333334,request_rescan,4.139827
8029,8029,0.9433333333333334,request_rescan,4.141353
8030,8030,0.9433333333333334,discard,4.141669
8031,8031,0.9433333333333334,discard,4.14197
8032,8032,0.9433333333333334,request_rescan,4.14228
8033,8033,0.9433333333333334,request_rescan,4.143472
8034,8034,0.9433333333333334,discard,4.143782
8035,8035,0.9433333333333334,request_rescan,4.144082
8036,8036,0.9433333333333334,discard,4.144392
8037,8037,0.9433333333333334,request_rescan,4.145564
8038,8038,0.9433333333333334,discard,4.145886
8039,8039,0.9433333333333334,discard,4.146208
8040,8040,0.9433333333333334,request_rescan,4.146511
8041,8041,0.9433333333333334,request_rescan,4.147875
8042,8042,0.9433333333333334,request_rescan,4.148199
8043,8043,0.9433333333333334,request_rescan,4.148507
8044,8044,0.9433333333333334,request_rescan,4.148827
8045,8045,0.9433333333333334,discard,4.150111
8046,8046,0.9433333333333334,request_rescan,4.150427
8047,8047,0.9433333333333334,discard,4.150721
8048,8048,0.9433333333333334,discard,4.151022
8049,8049,0.9433333333333334,request_rescan,4.152391
8050,8050,0.9433333333333334,discard,4.15272
8051,8051,0.9433333333333334,discard,4.15304
8052,8052,0.9433333333333334,request_rescan,4.153562
8053,8053,0.9433333333333334,discard,4.154776
8054,8054,0.9433333333333334,request_rescan,4.155094
8055,8055,0.9433333333333334,discard,4.155409
8056,8056,0.9433333333333334,request_rescan,4.155707
8057,8057,0.9433333333333334,discard,4.156982
8058,8058,0.9433333333333334,request_rescan,4.157487
8059,8059,0.9433333333333334,discard,4.157849
8060,8060,0.9433333333333334,request_rescan,4.15816
8061,8061,0.9433333333333334,request_rescan,4.159544
8062,8062,0.9433333333333334,discard,4.159868
8063,8063,0.9433333333333334,discard,4.160183
8064,8064,0.9433333333333334,discard,4.160492
8065,8065,0.9433333333333334,discard,4.161746
8066,8066,0.9433333333333334,request_rescan,4.162064
8067,8067,0.9433333333333334,request_rescan,4.16237
8068,8068,0.9433333333333334,request_rescan,4.162659
8069,8069,0.9433333333333334,request_rescan,4.164019
8070,8070,0.9433333333333334,request_rescan,4.164341
8071,8071,0.9433333333333334,discard,4.164644
8072,8072,0.9433333333333334,request_rescan,4.164951
8073,8073,0.9433333333333334,request_rescan,4.16632
8074,8074,0.9433333333333334,discard,4.166638
8075,8075,0.9433333333333334,request_rescan,4.166946
8076,8076,0.9433333333333334,request_rescan,4.167257
8077,8077,0.9433333333333334,request_rescan,4.168567
8078,8078,0.76,request_rescan,4.168751
8079,8079,0.9433333333333334,request_rescan,4.169068
8080,8080,0.9433333333333334,request_rescan,4.169682
8081,8081,0.9433333333333334,request_rescan,4.170874
8082,8082,0.9433333333333334,discard,4.171194
8083,8083,0.9433333333333334,discard,4.171497
8084,8084,0.9433333333333334,request_rescan,4.171804
8085,8085,0.9433333333333334,request_rescan,4.172981
8086,8086,0.9433333333333334,request_rescan,4.173312
8087,8087,0.9433333333333334,request_rescan,4.173832
8088,8088,0.9433333333333334,request_rescan,4.174353
8089,8089,0.9433333333333334,discard,4.175602
8090,8090,0.76,log_and_continue,4.175784
8091,8091,0.9433333333333334,discard,4.17611
8092,8092,0.9433333333333334,request_rescan,4.176423
8093,8093,0.9433333333333334,request_rescan,4.177535
8094,8094,0.76,log_and_continue,4.177701
8095,8095,0.9433333333333334,discard,4.178026
8096,8096,0.9433333333333334,discard,4.178353
8097,8097,0.9433333333333334,discard,4.179554
8098,8098,0.9433333333333334,discard,4.179867
8099,8099,0.9433333333333334,request_rescan,4.180193
8100,8100,0.9433333333333334,discard,4.180503
8101,8101,0.9433333333333334,discard,4.181837
8102,8102,0.9433333333333334,discard,4.182158
8103,8103,0.9433333333333334,discard,4.182461
8104,8104,0.9433333333333334,request_rescan,4.182761
8105,8105,0.9433333333333334,discard,4.184156
8106,8106,0.9433333333333334,discard,4.184473
8107,8107,0.9433333333333334,request_rescan,4.184771
8108,8108,0.9433333333333334,discard,4.185062
8109,8109,0.9433333333333334,discard,4.186436
8110,8110,0.9433333333333334,discard,4.18703
8111,8111,0.9433333333333334,discard,4.187335
8112,8112,0.9433333333333334,request_rescan,4.187497
8113,8113,0.9433333333333334,discard,4.188889
8114,8114,0.9433333333333334,discard,4.189219
8115,8115,0.9433333333333334,discard,4.18953
8116,8116,0.9433333333333334,request_rescan,4.189693
8117,8117,0.9433333333333334,discard,4.191284
8118,8118,0.9433333333333334,request_rescan,4.191616
8119,8119,0.9433333333333334,discard,4.19192
8120,8120,0.9433333333333334,discard,4.192221
8121,8121,0.9433333333333334,discard,4.193584
8122,8122,0.9433333333333334,request_rescan,4.193906
8123,8123,0.9433333333333334,request_rescan,4.194212
8124,8124,0.9433333333333334,request_rescan,4.194506
8125,8125,0.9433333333333334,discard,4.195835
8126,8126,0.9433333333333334,request_rescan,4.196162
8127,8127,0.9433333333333334,discard,4.196465
8128,8128,0.9433333333333334,request_rescan,4.196764
8129,8129,0.9433333333333334,discard,4.198143
8130,8130,0.9433333333333334,request_rescan,4.198469
8131,8131,0.9433333333333334,discard,4.198767
8132,8132,0.9433333333333334,request_rescan,4.198928
8133,8133,0.9433333333333334,request_rescan,4.200186
8134,8134,0.9433333333333334,request_rescan,4.200532
8135,8135,0.9433333333333334,request_rescan,4.200841
8136,8136,0.9433333333333334,discard,4.20114
8137,8137,0.9433333333333334,request_rescan,4.202368
8138,8138,0.9433333333333334,discard,4.202704
8139,8139,0.9433333333333334,request_rescan,4.203306
8140,8140,0.9433333333333334,request_rescan,4.203601
8141,8141,0.9433333333333334,discard,4.204834
8142,8142,0.9433333333333334,request_rescan,4.205157
8143,8143,0.9433333333333334,request_rescan,4.205471
8144,8144,0.9433333333333334,discard,4.205766
8145,8145,0.9433333333333334,request_rescan,4.206951
8146,8146,0.76,request_rescan,4.207136
8147,8147,0.9433333333333334,request_rescan,4.20764
8148,8148,0.9433333333333334,request_rescan,4.208019
8149,8149,0.9433333333333334,request_rescan,4.209263
8150,8150,0.76,discard,4.209446
8151,8151,0.9433333333333334,request_rescan,4.209771
8152,8152,0.9433333333333334,discard,4.210075
8153,8153,0.9433333333333334,discard,4.211237
8154,8154,0.9433333333333334,request_rescan,4.211562
8155,8155,0.6633333333333333,log_and_continue,4.211733
8156,8156,0.9433333333333334,request_rescan,4.212046
8157,8157,0.9433333333333334,request_rescan,4.213539
8158,8158,0.9433333333333334,request_rescan,4.213864
8159,8159,0.9433333333333334,discard,4.214175
8160,8160,0.9433333333333334,request_rescan,4.21449
8161,8161,0.9433333333333334,request_rescan,4.215789
8162,8162,0.9433333333333334,discard,4.216108
8163,8163,0.9433333333333334,discard,4.216408
8164,8164,0.9433333333333334,request_rescan,4.216716
8165,8165,0.76,log_and_continue,4.217871
8166,8166,0.9433333333333334,discard,4.218212
8167,8167,0.9433333333333334,request_rescan,4.218522
8168,8168,0.76,log_and_continue,4.218697
8169,8169,0.9433333333333334,request_rescan,4.220005
8170,8170,0.9433333333333334,request_rescan,4.220332
8171,8171,0.9433333333333334,discard,4.220634
8172,8172,0.9433333333333334,discard,4.220936
8173,8173,0.9433333333333334,request_rescan,4.222247
8174,8174,0.9433333333333334,discard,4.222568
8175,8175,0.9433333333333334,discard,4.222864
8176,8176,0.9433333333333334,discard,4.223165
8177,8177,0.9433333333333334,request_rescan,4.224578
8178,8178,0.9433333333333334,request_rescan,4.224898
8179,8179,0.9433333333333334,discard,4.225209
8180,8180,0.9433333333333334,request_rescan,4.225512
8181,8181,0.76,discard,4.226587
8182,8182,0.9433333333333334,discard,4.226924
8183,8183,0.9433333333333334,discard,4.227237
8184,8184,0.9433333333333334,discard,4.227545
8185,8185,0.9433333333333334,discard,4.228709
8186,8186,0.9433333333333334,request_rescan,4.22903
8187,8187,0.9433333333333334,discard,4.229338
8188,8188,0.9433333333333334,discard,4.229634
8189,8189,0.9433333333333334,request_rescan,4.23086
8190,8190,0.9433333333333334,discard,4.231198
8191,8191,0.9433333333333334,request_rescan,4.23151
8192,8192,0.9433333333333334,request_rescan,4.231804
8193,8193,0.9433333333333334,discard,4.233095
8194,8194,0.9433333333333334,request_rescan,4.233424
8195,8195,0.9433333333333334,request_rescan,4.233737
8196,8196,0.9433333333333334,discard,4.234055
8197,8197,0.9433333333333334,discard,4.23541
8198,8198,0.9433333333333334,discard,4.236056
8199,8199,0.9433333333333334,request_rescan,4.236371
8200,8200,0.9433333333333334,request_rescan,4.23669
8201,8201,0.9433333333333334,request_rescan,4.238044
8202,8202,0.9433333333333334,request_rescan,4.238374
8203,8203,0.9433333333333334,discard,4.238682
8204,8204,0.9433333333333334,request_rescan,4.238998
8205,8205,0.9433333333333334,request_rescan,4.240484
8206,8206,0.9433333333333334,request_rescan,4.240874
8207,8207,0.9433333333333334,request_rescan,4.241181
8208,8208,0.9433333333333334,request_rescan,4.241489
8209,8209,0.9433333333333334,request_rescan,4.242905
8210,8210,0.9433333333333334,discard,4.243228
8211,8211,0.9433333333333334,request_rescan,4.243531
8212,8212,0.9433333333333334,discard,4.243855
8213,8213,0.9433333333333334,request_rescan,4.245289
8214,8214,0.9433333333333334,discard,4.24561
8215,8215,0.9433333333333334,discard,4.245909
8216,8216,0.9433333333333334,request_rescan,4.246227
8217,8217,0.9433333333333334,request_rescan,4.24753
8218,8218,0.9433333333333334,discard,4.247846
8219,8219,0.9433333333333334,request_rescan,4.248161
8220,8220,0.9433333333333334,request_rescan,4.248462
8221,8221,0.9433333333333334,request_rescan,4.249682
8222,8222,0.9433333333333334,discard,4.250002
8223,8223,0.9433333333333334,discard,4.250321
8224,8224,0.9433333333333334,request_rescan,4.250617
8225,8225,0.9433333333333334,discard,4.252055
8226,8226,0.9433333333333334,discard,4.252387
8227,8227,0.9433333333333334,request_rescan,4.252691
8228,8228,0.9433333333333334,request_rescan,4.253306
8229,8229,0.9433333333333334,discard,4.254882
8230,8230,0.9433333333333334,discard,4.255202
8231,8231,0.9433333333333334,discard,4.255504
8232,8232,0.9433333333333334,discard,4.255815
8233,8233,0.9433333333333334,discard,4.257625
8234,8234,0.9433333333333334,discard,4.258
8235,8235,0.9433333333333334,discard,4.258316
8236,8236,0.9433333333333334,discard,4.258623
8237,8237,0.9433333333333334,discard,4.260099
8238,8238,0.9433333333333334,discard,4.260414
8239,8239,0.9433333333333334,discard,4.260728
8240,8240,0.9433333333333334,discard,4.261021
8241,8241,0.9433333333333334,discard,4.262384
8242,8242,0.9433333333333334,request_rescan,4.262705
8243,8243,0.9433333333333334,discard,4.263005
8244,8244,0.9433333333333334,request_rescan,4.263299
8245,8245,0.9433333333333334,request_rescan,4.26475
8246,8246,0.9433333333333334,request_rescan,4.265066
8247,8247,0.9433333333333334,discard,4.265381
8248,8248,0.76,discard,4.265548
8249,8249,0.9433333333333334,discard,4.266999
8250,8250,0.9433333333333334,request_rescan,4.267318
8251,8251,0.9433333333333334,discard,4.267621
8252,8252,0.9433333333333334,request_rescan,4.267919
8253,8253,0.9433333333333334,request_rescan,4.269518
8254,8254,0.9433333333333334,discard,4.269829
8255,8255,0.9433333333333334,request_rescan,4.270138
8256,8256,0.9433333333333334,discard,4.270446
8257,8257,0.9433333333333334,discard,4.271691
8258,8258,0.9433333333333334,discard,4.27202
8259,8259,0.9433333333333334,discard,4.272345
8260,8260,0.9433333333333334,discard,4.272644
8261,8261,0.9433333333333334,discard,4.274397
8262,8262,0.9433333333333334,discard,4.27471
8263,8263,0.9433333333333334,discard,4.275006
8264,8264,0.9433333333333334,request_rescan,4.275308
8265,8265,0.9433333333333334,request_rescan,4.276745
8266,8266,0.9433333333333334,request_rescan,4.277059
8267,8267,0.9433333333333334,discard,4.277517
8268,8268,0.9433333333333334,request_rescan,4.277849
8269,8269,0.9433333333333334,request_rescan,4.279216
8270,8270,0.76,request_rescan,4.279392
8271,8271,0.9433333333333334,discard,4.279712
8272,8272,0.9433333333333334,discard,4.28002
8273,8273,0.9433333333333334,discard,4.281332
8274,8274,0.9433333333333334,discard,4.28165
8275,8275,0.9433333333333334,request_rescan,4.281951
8276,8276,0.9433333333333334,discard,4.282268
8277,8277,0.9433333333333334,request_rescan,4.283591
8278,8278,0.9433333333333334,discard,4.283767
8279,8279,0.9433333333333334,discard,4.284092
8280,8280,0.9433333333333334,discard,4.284404
8281,8281,0.9433333333333334,discard,4.285716
8282,8282,0.9433333333333334,discard,4.286034
8283,8283,0.9433333333333334,request_rescan,4.286359
8284,8284,0.9433333333333334,request_rescan,4.28685
8285,8285,0.9433333333333334,discard,4.288071
8286,8286,0.9433333333333334,request_rescan,4.288398
8287,8287,0.9433333333333334,discard,4.288713
8288,8288,0.9433333333333334,request_rescan,4.289013
8289,8289,0.9433333333333334,discard,4.290278
8290,8290,0.9433333333333334,discard,4.290727
8291,8291,0.9433333333333334,discard,4.291126
8292,8292,0.9433333333333334,request_rescan,4.291438
8293,8293,0.9433333333333334,request_rescan,4.2926
8294,8294,0.9433333333333334,discard,4.29292
8295,8295,0.9433333333333334,discard,4.293244
8296,8296,0.9433333333333334,discard,4.293544
8297,8297,0.9433333333333334,discard,4.294693
8298,8298,0.9433333333333334,request_rescan,4.295023
8299,8299,0.9433333333333334,discard,4.295335
8300,8300,0.9433333333333334,discard,4.295627
8301,8301,0.9433333333333334,discard,4.296842
8302,8302,0.9433333333333334,discard,4.297166
8303,8303,0.9433333333333334,request_rescan,4.297485
8304,8304,0.9433333333333334,request_rescan,4.297787
8305,8305,0.9433333333333334,discard,4.29894
8306,8306,0.9433333333333334,request_rescan,4.299266
8307,8307,0.9433333333333334,discard,4.299583
8308,8308,0.9433333333333334,discard,4.299885
8309,8309,0.9433333333333334,request_rescan,4.301042
8310,8310,0.9433333333333334,discard,4.301375
8311,8311,0.9433333333333334,request_rescan,4.301694
8312,8312,0.9433333333333334,discard,4.302
8313,8313,0.9433333333333334,discard,4.303507
8314,8314,0.9433333333333334,discard,4.303835
8315,8315,0.9433333333333334,discard,4.304144
8316,8316,0.9433333333333334,discard,4.304445
8317,8317,0.9433333333333334,request_rescan,4.305717
8318,8318,0.9433333333333334,discard,4.306048
8319,8319,0.9433333333333334,discard,4.306365
8320,8320,0.9433333333333334,request_rescan,4.30669
8321,8321,0.9433333333333334,discard,4.308309
8322,8322,0.9433333333333334,request_rescan,4.308629
8323,8323,0.9433333333333334,discard,4.308932
8324,8324,0.9433333333333334,request_rescan,4.309249
8325,8325,0.9433333333333334,request_rescan,4.310522
8326,8326,0.9433333333333334,discard,4.310835
8327,8327,0.9433333333333334,request_rescan,4.311148
8328,8328,0.9433333333333334,discard,4.311468
8329,8329,0.9433333333333334,discard,4.312827
8330,8330,0.9433333333333334,discard,4.313157
8331,8331,0.9433333333333334,request_rescan,4.313465
8332,8332,0.9433333333333334,request_rescan,4.313773
8333,8333,0.9433333333333334,request_rescan,4.315176
8334,8334,0.9433333333333334,discard,4.315497
8335,8335,0.9433333333333334,request_rescan,4.315799
8336,8336,0.9433333333333334,discard,4.316117
8337,8337,0.9433333333333334,request_rescan,4.317448
8338,8338,0.9433333333333334,request_rescan,4.317759
8339,8339,0.9433333333333334,discard,4.318058
8340,8340,0.9433333333333334,request_rescan,4.318379
8341,8341,0.9433333333333334,discard,4.319605
8342,8342,0.9433333333333334,discard,4.320128
8343,8343,0.9433333333333334,discard,4.320454
8344,8344,0.9433333333333334,discard,4.320755
8345,8345,0.9433333333333334,discard,4.322175
8346,8346,0.9433333333333334,request_rescan,4.322498
8347,8347,0.9433333333333334,discard,4.322799
8348,8348,0.9433333333333334,request_rescan,4.323103
8349,8349,0.9433333333333334,discard,4.324539
8350,8350,0.9433333333333334,discard,4.324862
8351,8351,0.9433333333333334,request_rescan,4.325167
8352,8352,0.9433333333333334,request_rescan,4.325485
8353,8353,0.9433333333333334,discard,4.326705
8354,8354,0.9433333333333334,request_rescan,4.327019
8355,8355,0.9433333333333334,discard,4.32733
8356,8356,0.9433333333333334,request_rescan,4.327653
8357,8357,0.9433333333333334,discard,4.329095
8358,8358,0.9433333333333334,discard,4.32943
8359,8359,0.9433333333333334,discard,4.329736
8360,8360,0.9433333333333334,discard,4.330043
8361,8361,0.9433333333333334,request_rescan,4.331453
8362,8362,0.9433333333333334,discard,4.331777
8363,8363,0.9433333333333334,request_rescan,4.332085
8364,8364,0.9433333333333334,request_rescan,4.332399
8365,8365,0.9433333333333334,discard,4.33359
8366,8366,0.9433333333333334,discard,4.333901
8367,8367,0.9433333333333334,request_rescan,4.334222
8368,8368,0.9433333333333334,discard,4.334529
8369,8369,0.9433333333333334,request_rescan,4.336
8370,8370,0.9433333333333334,discard,4.336395
8371,8371,0.9433333333333334,discard,4.336718
8372,8372,0.9433333333333334,discard,4.337025
8373,8373,0.9433333333333334,request_rescan,4.338382
8374,8374,0.9433333333333334,discard,4.338702
8375,8375,0.9433333333333334,request_rescan,4.33901
8376,8376,0.9433333333333334,request_rescan,4.33932
8377,8377,0.9433333333333334,discard,4.340777
8378,8378,0.9433333333333334,discard,4.34117
8379,8379,0.9433333333333334,request_rescan,4.341485
8380,8380,0.9433333333333334,request_rescan,4.341783
8381,8381,0.9433333333333334,discard,4.343173
8382,8382,0.9433333333333334,discard,4.343496
8383,8383,0.9433333333333334,discard,4.343801
8384,8384,0.9433333333333334,discard,4.344114
8385,8385,0.9433333333333334,request_rescan,4.34545
8386,8386,0.9433333333333334,discard,4.345812
8387,8387,0.9433333333333334,discard,4.346128
8388,8388,0.9433333333333334,request_rescan,4.346439
8389,8389,0.9433333333333334,request_rescan,4.347924
8390,8390,0.9433333333333334,discard,4.348249
8391,8391,0.9433333333333334,discard,4.348559
8392,8392,0.9433333333333334,discard,4.348873
8393,8393,0.9433333333333334,request_rescan,4.350276
8394,8394,0.9433333333333334,request_rescan,4.3506
8395,8395,0.9433333333333334,request_rescan,4.350908
8396,8396,0.9433333333333334,discard,4.351221
8397,8397,0.9433333333333334,request_rescan,4.35254
8398,8398,0.9433333333333334,discard,4.353078
8399,8399,0.9433333333333334,discard,4.353469
8400,8400,0.9433333333333334,discard,4.353776
8401,8401,0.9433333333333334,request_rescan,4.354995
8402,8402,0.9433333333333334,discard,4.355317
8403,8403,0.9433333333333334,request_rescan,4.35563
8404,8404,0.9433333333333334,discard,4.355927
8405,8405,0.9433333333333334,discard,4.357347
8406,8406,0.9433333333333334,request_rescan,4.357748
8407,8407,0.9433333333333334,request_rescan,4.358063
8408,8408,0.9433333333333334,request_rescan,4.358364
8409,8409,0.9433333333333334,request_rescan,4.359585
8410,8410,0.9433333333333334,discard,4.359918
8411,8411,0.9433333333333334,discard,4.360224
8412,8412,0.9433333333333334,request_rescan,4.360515
8413,8413,0.9433333333333334,request_rescan,4.361905
8414,8414,0.9433333333333334,request_rescan,4.362226
8415,8415,0.9433333333333334,request_rescan,4.362578
8416,8416,0.9433333333333334,request_rescan,4.362893
8417,8417,0.9433333333333334,request_rescan,4.364107
8418,8418,0.9433333333333334,request_rescan,4.364429
8419,8419,0.9433333333333334,request_rescan,4.364751
8420,8420,0.9433333333333334,request_rescan,4.365058
8421,8421,0.9433333333333334,request_rescan,4.366236
8422,8422,0.9433333333333334,discard,4.36656
8423,8423,0.9433333333333334,discard,4.366857
8424,8424,0.9433333333333334,discard,4.36715
8425,8425,0.9433333333333334,discard,4.368368
8426,8426,0.9433333333333334,request_rescan,4.368695
8427,8427,0.9433333333333334,request_rescan,4.368999
8428,8428,0.9433333333333334,request_rescan,4.369303
8429,8429,0.9433333333333334,discard,4.370658
8430,8430,0.9433333333333334,request_rescan,4.370981
8431,8431,0.9433333333333334,discard,4.371296
8432,8432,0.9433333333333334,discard,4.371615
8433,8433,0.9433333333333334,discard,4.373049
8434,8434,0.9433333333333334,request_rescan,4.373496
8435,8435,0.9433333333333334,discard,4.373974
8436,8436,0.9433333333333334,discard,4.374393
8437,8437,0.9433333333333334,request_rescan,4.375755
8438,8438,0.9433333333333334,discard,4.376065
8439,8439,0.9433333333333334,discard,4.376371
8440,8440,0.9433333333333334,request_rescan,4.376684
8441,8441,0.9433333333333334,discard,4.377877
8442,8442,0.9433333333333334,discard,4.378208
8443,8443,0.9433333333333334,request_rescan,4.378539
8444,8444,0.9433333333333334,request_rescan,4.378844
8445,8445,0.9433333333333334,discard,4.380149
8446,8446,0.9433333333333334,discard,4.38048
8447,8447,0.9433333333333334,request_rescan,4.380788
8448,8448,0.9433333333333334,request_rescan,4.381081
8449,8449,0.9433333333333334,discard,4.382265
8450,8450,0.9433333333333334,request_rescan,4.382601
8451,8451,0.9433333333333334,request_rescan,4.382911
8452,8452,0.9433333333333334,discard,4.383207
8453,8453,0.9433333333333334,request_rescan,4.384411
8454,8454,0.9433333333333334,request_rescan,4.384727
8455,8455,0.9433333333333334,discard,4.385039
8456,8456,0.9433333333333334,discard,4.38534
8457,8457,0.9433333333333334,request_rescan,4.386759
8458,8458,0.9433333333333334,discard,4.387073
8459,8459,0.9433333333333334,discard,4.387381
8460,8460,0.9433333333333334,discard,4.387687
8461,8461,0.9433333333333334,discard,4.388883
8462,8462,0.9433333333333334,discard,4.389207
8463,8463,0.9433333333333334,request_rescan,4.389529
8464,8464,0.9433333333333334,discard,4.389831
8465,8465,0.9433333333333334,discard,4.391383
8466,8466,0.9433333333333334,request_rescan,4.391702
8467,8467,0.9433333333333334,request_rescan,4.392009
8468,8468,0.9433333333333334,discard,4.392324
8469,8469,0.76,request_rescan,4.393585
8470,8470,0.76,request_rescan,4.393908
8471,8471,0.76,request_rescan,4.394225
8472,8472,0.76,request_rescan,4.394523
8473,8473,0.9433333333333334,request_rescan,4.395699
8474,8474,0.76,request_rescan,4.396058
8475,8475,0.9433333333333334,discard,4.396385
8476,8476,0.76,request_rescan,4.396689
8477,8477,0.9433333333333334,request_rescan,4.398032
8478,8478,0.9433333333333334,request_rescan,4.398359
8479,8479,0.6633333333333333,log_and_continue,4.398527
8480,8480,0.9433333333333334,request_rescan,4.398833
8481,8481,0.9433333333333334,discard,4.400173
8482,8482,0.9433333333333334,discard,4.400504
8483,8483,0.9433333333333334,request_rescan,4.400833
8484,8484,0.9433333333333334,discard,4.401146
8485,8485,0.9433333333333334,request_rescan,4.402352
8486,8486,0.9433333333333334,discard,4.402832
8487,8487,0.9433333333333334,request_rescan,4.403146
8488,8488,0.9433333333333334,request_rescan,4.403452
8489,8489,0.9433333333333334,request_rescan,4.4047
8490,8490,0.9433333333333334,discard,4.405028
8491,8491,0.9433333333333334,request_rescan,4.4052
8492,8492,0.9433333333333334,request_rescan,4.4055
8493,8493,0.9433333333333334,request_rescan,4.406724
8494,8494,0.9433333333333334,discard,4.40724
8495,8495,0.9433333333333334,request_rescan,4.407699
8496,8496,0.9433333333333334,request_rescan,4.408004
8497,8497,0.9433333333333334,discard,4.409354
8498,8498,0.9433333333333334,discard,4.409696
8499,8499,0.9433333333333334,discard,4.410024
8500,8500,0.6633333333333333,log_and_continue,4.410195
8501,8501,0.9433333333333334,discard,4.411567
8502,8502,0.9433333333333334,discard,4.411885
8503,8503,0.76,discard,4.412187
8504,8504,0.9433333333333334,discard,4.412538
8505,8505,0.9433333333333334,discard,4.413928
8506,8506,0.9433333333333334,discard,4.414263
8507,8507,0.9433333333333334,discard,4.414574
8508,8508,0.9433333333333334,discard,4.414898
8509,8509,0.9433333333333334,request_rescan,4.416312
8510,8510,0.9433333333333334,request_rescan,4.416629
8511,8511,0.9433333333333334,request_rescan,4.416926
8512,8512,0.9433333333333334,discard,4.417226
8513,8513,0.9433333333333334,discard,4.418674
8514,8514,0.9433333333333334,discard,4.419001
8515,8515,0.9433333333333334,discard,4.419311
8516,8516,0.9433333333333334,request_rescan,4.41983
8517,8517,0.76,request_rescan,4.421079
8518,8518,0.9433333333333334,request_rescan,4.421423
8519,8519,0.9433333333333334,request_rescan,4.42173
8520,8520,0.9433333333333334,request_rescan,4.422039
8521,8521,0.9433333333333334,discard,4.423364
8522,8522,0.9433333333333334,discard,4.423898
8523,8523,0.9433333333333334,request_rescan,4.424359
8524,8524,0.9433333333333334,request_rescan,4.424679
8525,8525,0.9433333333333334,discard,4.426054
8526,8526,0.9433333333333334,request_rescan,4.426388
8527,8527,0.9433333333333334,discard,4.426693
8528,8528,0.9433333333333334,request_rescan,4.426994
8529,8529,0.9433333333333334,request_rescan,4.428244
8530,8530,0.9433333333333334,discard,4.428563
8531,8531,0.9433333333333334,request_rescan,4.428871
8532,8532,0.9433333333333334,request_rescan,4.429217
8533,8533,0.9433333333333334,request_rescan,4.430395
8534,8534,0.9433333333333334,request_rescan,4.430719
8535,8535,0.9433333333333334,request_rescan,4.431037
8536,8536,0.9433333333333334,request_rescan,4.431345
8537,8537,0.9433333333333334,request_rescan,4.43256
8538,8538,0.9433333333333334,request_rescan,4.432889
8539,8539,0.9433333333333334,discard,4.433197
8540,8540,0.9433333333333334,request_rescan,4.433488
8541,8541,0.9433333333333334,request_rescan,4.434873
8542,8542,0.9433333333333334,discard,4.4352
8543,8543,0.9433333333333334,request_rescan,4.435511
8544,8544,0.9433333333333334,discard,4.43584
8545,8545,0.9433333333333334,discard,4.43755
8546,8546,0.9433333333333334,discard,4.437874
8547,8547,0.9433333333333334,request_rescan,4.438181
8548,8548,0.9433333333333334,request_rescan,4.438495
8549,8549,0.9433333333333334,request_rescan,4.439901
8550,8550,0.9433333333333334,request_rescan,4.440338
8551,8551,0.9433333333333334,discard,4.440916
8552,8552,0.9433333333333334,request_rescan,4.441244
8553,8553,0.9433333333333334,request_rescan,4.442585
8554,8554,0.76,request_rescan,4.442769
8555,8555,0.76,discard,4.442929
8556,8556,0.9433333333333334,request_rescan,4.443269
8557,8557,0.9433333333333334,discard,4.444681
8558,8558,0.9433333333333334,discard,4.444994
8559,8559,0.9433333333333334,discard,4.445305
8560,8560,0.9433333333333334,request_rescan,4.445615
8561,8561,0.9433333333333334,request_rescan,4.447103
8562,8562,0.9433333333333334,discard,4.447431
8563,8563,0.9433333333333334,request_rescan,4.447739
8564,8564,0.9433333333333334,discard,4.448052
8565,8565,0.9433333333333334,discard,4.44946
8566,8566,0.9433333333333334,request_rescan,4.449782
8567,8567,0.9433333333333334,discard,4.450088
8568,8568,0.9433333333333334,discard,4.450404
8569,8569,0.9433333333333334,discard,4.451664
8570,8570,0.9433333333333334,request_rescan,4.451991
8571,8571,0.9433333333333334,request_rescan,4.452318
8572,8572,0.9433333333333334,request_rescan,4.452624
8573,8573,0.9433333333333334,request_rescan,4.454239
8574,8574,0.9433333333333334,discard,4.454566
8575,8575,0.9433333333333334,request_rescan,4.454867
8576,8576,0.9433333333333334,request_rescan,4.455159
8577,8577,0.9433333333333334,discard,4.456422
8578,8578,0.9433333333333334,discard,4.456785
8579,8579,0.9433333333333334,request_rescan,4.45731
8580,8580,0.9433333333333334,request_rescan,4.457697
8581,8581,0.9433333333333334,request_rescan,4.459016
8582,8582,0.9433333333333334,discard,4.459365
8583,8583,0.9433333333333334,discard,4.459675
8584,8584,0.9433333333333334,request_rescan,4.459977
8585,8585,0.9433333333333334,discard,4.46115
8586,8586,0.9433333333333334,discard,4.461487
8587,8587,0.9433333333333334,request_rescan,4.461797
8588,8588,0.9433333333333334,discard,4.462101
8589,8589,0.6633333333333333,log_and_continue,4.463225
8590,8590,0.9433333333333334,discard,4.463566
8591,8591,0.9433333333333334,discard,4.463883
8592,8592,0.9433333333333334,request_rescan,4.46419
8593,8593,0.9433333333333334,discard,4.465418
8594,8594,0.9433333333333334,discard,4.465741
8595,8595,0.9433333333333334,request_rescan,4.466054
8596,8596,0.9433333333333334,request_rescan,4.46636
8597,8597,0.9433333333333334,request_rescan,4.467566
8598,8598,0.9433333333333334,discard,4.467888
8599,8599,0.9433333333333334,request_rescan,4.468199
8600,8600,0.9433333333333334,request_rescan,4.468505
8601,8601,0.9433333333333334,discard,4.469923
8602,8602,0.9433333333333334,request_rescan,4.470253
8603,8603,0.9433333333333334,request_rescan,4.47056
8604,8604,0.9433333333333334,discard,4.470852
8605,8605,0.9433333333333334,discard,4.472284
8606,8606,0.9433333333333334,discard,4.472616
8607,8607,0.9433333333333334,request_rescan,4.472924
8608,8608,0.9433333333333334,request_rescan,4.473227
8609,8609,0.9433333333333334,request_rescan,4.474928
8610,8610,0.9433333333333334,request_rescan,4.475265
8611,8611,0.9433333333333334,request_rescan,4.475574
8612,8612,0.9433333333333334,request_rescan,4.47587
8613,8613,0.9433333333333334,discard,4.477228
8614,8614,0.9433333333333334,discard,4.477557
8615,8615,0.9433333333333334,request_rescan,4.477864
8616,8616,0.9433333333333334,discard,4.478174
8617,8617,0.6633333333333333,log_and_continue,4.479444
8618,8618,0.9433333333333334,discard,4.479776
8619,8619,0.9433333333333334,request_rescan,4.480083
8620,8620,0.9433333333333334,request_rescan,4.480398
8621,8621,0.9433333333333334,request_rescan,4.481767
8622,8622,0.9433333333333334,request_rescan,4.482084
8623,8623,0.9433333333333334,discard,4.482392
8624,8624,0.9433333333333334,request_rescan,4.482682
8625,8625,0.9433333333333334,request_rescan,4.484048
8626,8626,0.9433333333333334,discard,4.48438
8627,8627,0.9433333333333334,discard,4.484684
8628,8628,0.9433333333333334,discard,4.484983
8629,8629,0.9433333333333334,discard,4.486213
8630,8630,0.9433333333333334,request_rescan,4.486756
8631,8631,0.9433333333333334,discard,4.48708
8632,8632,0.9433333333333334,discard,4.487401
8633,8633,0.9433333333333334,discard,4.48866
8634,8634,0.9433333333333334,request_rescan,4.488989
8635,8635,0.9433333333333334,request_rescan,4.489302
8636,8636,0.9433333333333334,discard,4.489598
8637,8637,0.9433333333333334,discard,4.490824
8638,8638,0.9433333333333334,discard,4.491221
8639,8639,0.9433333333333334,request_rescan,4.491528
8640,8640,0.9433333333333334,discard,4.491822
8641,8641,0.9433333333333334,request_rescan,4.49317
8642,8642,0.9433333333333334,discard,4.493494
8643,8643,0.9433333333333334,discard,4.493809
8644,8644,0.76,discard,4.493973
8645,8645,0.9433333333333334,discard,4.495368
8646,8646,0.9433333333333334,discard,4.495689
8647,8647,0.9433333333333334,discard,4.496007
8648,8648,0.9433333333333334,discard,4.496313
8649,8649,0.9433333333333334,discard,4.497611
8650,8650,0.9433333333333334,request_rescan,4.497944
8651,8651,0.76,discard,4.498117
8652,8652,0.9433333333333334,discard,4.498426
8653,8653,0.9433333333333334,request_rescan,4.499592
8654,8654,0.9433333333333334,request_rescan,4.499919
8655,8655,0.9433333333333334,request_rescan,4.500245
8656,8656,0.9433333333333334,request_rescan,4.500555
8657,8657,0.9433333333333334,request_rescan,4.501865
8658,8658,0.9433333333333334,request_rescan,4.502199
8659,8659,0.9433333333333334,request_rescan,4.502514
8660,8660,0.9433333333333334,request_rescan,4.503083
8661,8661,0.9433333333333334,discard,4.50448
8662,8662,0.9433333333333334,request_rescan,4.504806
8663,8663,0.9433333333333334,request_rescan,4.50512
8664,8664,0.9433333333333334,request_rescan,4.505437
8665,8665,0.9433333333333334,request_rescan,4.506663
8666,8666,0.9433333333333334,request_rescan,4.507047
8667,8667,0.9433333333333334,discard,4.507454
8668,8668,0.9433333333333334,discard,4.507828
8669,8669,0.9433333333333334,discard,4.509003
8670,8670,0.9433333333333334,request_rescan,4.509334
8671,8671,0.9433333333333334,discard,4.509649
8672,8672,0.9433333333333334,discard,4.50995
8673,8673,0.9433333333333334,request_rescan,4.511165
8674,8674,0.9433333333333334,discard,4.511494
8675,8675,0.9433333333333334,request_rescan,4.511817
8676,8676,0.9433333333333334,discard,4.512133
8677,8677,0.9433333333333334,request_rescan,4.513342
8678,8678,0.9433333333333334,request_rescan,4.513671
8679,8679,0.9433333333333334,discard,4.513978
8680,8680,0.6633333333333333,log_and_continue,4.514151
8681,8681,0.9433333333333334,request_rescan,4.51532
8682,8682,0.9433333333333334,discard,4.515638
8683,8683,0.9433333333333334,discard,4.515956
8684,8684,0.76,request_rescan,4.516123
8685,8685,0.9433333333333334,request_rescan,4.517291
8686,8686,0.9433333333333334,discard,4.517625
8687,8687,0.9433333333333334,request_rescan,4.51794
8688,8688,0.9433333333333334,discard,4.518245
8689,8689,0.9433333333333334,discard,4.519443
8690,8690,0.9433333333333334,discard,4.519781
8691,8691,0.9433333333333334,discard,4.520406
8692,8692,0.9433333333333334,discard,4.5207
8693,8693,0.9433333333333334,request_rescan,4.521993
8694,8694,0.9433333333333334,discard,4.522319
8695,8695,0.9433333333333334,request_rescan,4.522636
8696,8696,0.9433333333333334,request_rescan,4.522936
8697,8697,0.9433333333333334,request_rescan,4.524394
8698,8698,0.9433333333333334,request_rescan,4.52478
8699,8699,0.76,request_rescan,4.524957
8700,8700,0.9433333333333334,request_rescan,4.525279
8701,8701,0.9433333333333334,request_rescan,4.526475
8702,8702,0.9433333333333334,discard,4.526792
8703,8703,0.9433333333333334,request_rescan,4.52711
8704,8704,0.9433333333333334,request_rescan,4.527412
8705,8705,0.9433333333333334,request_rescan,4.528596
8706,8706,0.9433333333333334,discard,4.528911
8707,8707,0.9433333333333334,request_rescan,4.529225
8708,8708,0.9433333333333334,discard,4.529524
8709,8709,0.9433333333333334,discard,4.530691
8710,8710,0.9433333333333334,discard,4.531029
8711,8711,0.9433333333333334,request_rescan,4.531344
8712,8712,0.9433333333333334,discard,4.531645
8713,8713,0.9433333333333334,discard,4.532807
8714,8714,0.9433333333333334,request_rescan,4.533135
8715,8715,0.9433333333333334,discard,4.533439
8716,8716,0.9433333333333334,discard,4.533738
8717,8717,0.9433333333333334,discard,4.534892
8718,8718,0.9433333333333334,request_rescan,4.535222
8719,8719,0.9433333333333334,request_rescan,4.535532
8720,8720,0.9433333333333334,discard,4.535843
8721,8721,0.9433333333333334,discard,4.537283
8722,8722,0.9433333333333334,request_rescan,4.537624
8723,8723,0.9433333333333334,request_rescan,4.537937
8724,8724,0.9433333333333334,discard,4.538242
8725,8725,0.9433333333333334,request_rescan,4.539467
8726,8726,0.9433333333333334,discard,4.539792
8727,8727,0.9433333333333334,discard,4.54018
8728,8728,0.9433333333333334,request_rescan,4.540705
8729,8729,0.9433333333333334,discard,4.541947
8730,8730,0.6633333333333333,log_and_continue,4.542131
8731,8731,0.76,request_rescan,4.542282
8732,8732,0.9433333333333334,discard,4.542611
8733,8733,0.9433333333333334,discard,4.543793
8734,8734,0.9433333333333334,discard,4.544111
8735,8735,0.9433333333333334,request_rescan,4.544418
8736,8736,0.9433333333333334,request_rescan,4.544717
8737,8737,0.9433333333333334,request_rescan,4.545987
8738,8738,0.9433333333333334,discard,4.546532
8739,8739,0.9433333333333334,discard,4.547178
8740,8740,0.9433333333333334,request_rescan,4.547585
8741,8741,0.9433333333333334,discard,4.549616
8742,8742,0.9433333333333334,discard,4.550189
8743,8743,0.9433333333333334,request_rescan,4.550673
8744,8744,0.9433333333333334,request_rescan,4.551131
8745,8745,0.9433333333333334,request_rescan,4.553281
8746,8746,0.9433333333333334,discard,4.553789
8747,8747,0.9433333333333334,discard,4.554216
8748,8748,0.9433333333333334,discard,4.554557
8749,8749,0.9433333333333334,request_rescan,4.556402
8750,8750,0.9433333333333334,request_rescan,4.556794
8751,8751,0.9433333333333334,discard,4.55716
8752,8752,0.9433333333333334,request_rescan,4.557638
8753,8753,0.9433333333333334,request_rescan,4.559615
8754,8754,0.9433333333333334,request_rescan,4.559975
8755,8755,0.9433333333333334,discard,4.560308
8756,8756,0.9433333333333334,discard,4.560619
8757,8757,0.9433333333333334,discard,4.562326
8758,8758,0.9433333333333334,request_rescan,4.562709
8759,8759,0.9433333333333334,discard,4.563036
8760,8760,0.9433333333333334,discard,4.563355
8761,8761,0.9433333333333334,discard,4.565023
8762,8762,0.9433333333333334,request_rescan,4.565368
8763,8763,0.9433333333333334,discard,4.565679
8764,8764,0.9433333333333334,request_rescan,4.56598
8765,8765,0.9433333333333334,request_rescan,4.56758
8766,8766,0.9433333333333334,discard,4.567941
8767,8767,0.9433333333333334,discard,4.568269
8768,8768,0.9433333333333334,request_rescan,4.568586
8769,8769,0.9433333333333334,request_rescan,4.570431
8770,8770,0.9433333333333334,request_rescan,4.570861
8771,8771,0.9433333333333334,request_rescan,4.571189
8772,8772,0.9433333333333334,request_rescan,4.571518
8773,8773,0.9433333333333334,request_rescan,4.57324
8774,8774,0.9433333333333334,discard,4.573599
8775,8775,0.9433333333333334,request_rescan,4.574158
8776,8776,0.9433333333333334,request_rescan,4.574553
8777,8777,0.9433333333333334,request_rescan,4.576569
8778,8778,0.76,log_and_continue,4.576771
8779,8779,0.9433333333333334,request_rescan,4.577114
8780,8780,0.6633333333333333,log_and_continue,4.577282
8781,8781,0.9433333333333334,discard,4.578751
8782,8782,0.9433333333333334,request_rescan,4.579108
8783,8783,0.9433333333333334,discard,4.579432
8784,8784,0.9433333333333334,request_rescan,4.579734
8785,8785,0.9433333333333334,request_rescan,4.581063
8786,8786,0.9433333333333334,request_rescan,4.581389
8787,8787,0.9433333333333334,request_rescan,4.581687
8788,8788,0.76,request_rescan,4.581854
8789,8789,0.9433333333333334,discard,4.583203
8790,8790,0.9433333333333334,request_rescan,4.58354
8791,8791,0.9433333333333334,request_rescan,4.583841
8792,8792,0.9433333333333334,discard,4.584143
8793,8793,0.9433333333333334,discard,4.585519
8794,8794,0.9433333333333334,discard,4.58585
8795,8795,0.9433333333333334,request_rescan,4.586168
8796,8796,0.9433333333333334,request_rescan,4.586477
8797,8797,0.9433333333333334,request_rescan,4.58792
8798,8798,0.9433333333333334,request_rescan,4.588257
8799,8799,0.9433333333333334,discard,4.588579
8800,8800,0.9433333333333334,discard,4.588903
8801,8801,0.9433333333333334,discard,4.590388
8802,8802,0.9433333333333334,request_rescan,4.59072
8803,8803,0.9433333333333334,request_rescan,4.591045
8804,8804,0.9433333333333334,request_rescan,4.591358
8805,8805,0.9433333333333334,request_rescan,4.592882
8806,8806,0.9433333333333334,request_rescan,4.593234
8807,8807,0.9433333333333334,discard,4.593778
8808,8808,0.9433333333333334,request_rescan,4.594174
8809,8809,0.9433333333333334,discard,4.595908
8810,8810,0.9433333333333334,request_rescan,4.596246
8811,8811,0.9433333333333334,request_rescan,4.596551
8812,8812,0.9433333333333334,discard,4.596844
8813,8813,0.9433333333333334,request_rescan,4.598217
8814,8814,0.9433333333333334,discard,4.598546
8815,8815,0.9433333333333334,discard,4.598849
8816,8816,0.9433333333333334,request_rescan,4.599149
8817,8817,0.9433333333333334,discard,4.60047
8818,8818,0.9433333333333334,request_rescan,4.600802
8819,8819,0.9433333333333334,discard,4.601113
8820,8820,0.9433333333333334,request_rescan,4.601409
8821,8821,0.9433333333333334,discard,4.602704
8822,8822,0.9433333333333334,request_rescan,4.603227
8823,8823,0.9433333333333334,request_rescan,4.603601
8824,8824,0.9433333333333334,discard,4.603893
8825,8825,0.9433333333333334,request_rescan,4.605192
8826,8826,0.9433333333333334,request_rescan,4.605517
8827,8827,0.9433333333333334,request_rescan,4.605818
8828,8828,0.9433333333333334,discard,4.60611
8829,8829,0.9433333333333334,discard,4.607614
8830,8830,0.9433333333333334,discard,4.608009
8831,8831,0.9433333333333334,request_rescan,4.608318
8832,8832,0.9433333333333334,request_rescan,4.608609
8833,8833,0.9433333333333334,discard,4.609865
8834,8834,0.9433333333333334,discard,4.610198
8835,8835,0.9433333333333334,request_rescan,4.610503
8836,8836,0.9433333333333334,request_rescan,4.610803
8837,8837,0.9433333333333334,discard,4.612011
8838,8838,0.9433333333333334,request_rescan,4.612342
8839,8839,0.9433333333333334,discard,4.612664
8840,8840,0.9433333333333334,request_rescan,4.612971
8841,8841,0.9433333333333334,discard,4.614173
8842,8842,0.9433333333333334,request_rescan,4.614498
8843,8843,0.9433333333333334,request_rescan,4.6148
8844,8844,0.9433333333333334,request_rescan,4.615097
8845,8845,0.9433333333333334,request_rescan,4.616297
8846,8846,0.9433333333333334,discard,4.616618
8847,8847,0.9433333333333334,discard,4.616922
8848,8848,0.9433333333333334,discard,4.617217
8849,8849,0.9433333333333334,request_rescan,4.618464
8850,8850,0.9433333333333334,discard,4.618788
8851,8851,0.9433333333333334,request_rescan,4.619087
8852,8852,0.9433333333333334,discard,4.619716
8853,8853,0.9433333333333334,request_rescan,4.62096
8854,8854,0.9433333333333334,request_rescan,4.621282
8855,8855,0.9433333333333334,discard,4.621579
8856,8856,0.9433333333333334,discard,4.621871
8857,8857,0.9433333333333334,discard,4.62308
8858,8858,0.76,log_and_continue,4.623261
8859,8859,0.9433333333333334,request_rescan,4.623668
8860,8860,0.9433333333333334,discard,4.624066
8861,8861,0.9433333333333334,discard,4.625375
8862,8862,0.9433333333333334,discard,4.625697
8863,8863,0.9433333333333334,request_rescan,4.625998
8864,8864,0.9433333333333334,request_rescan,4.626298
8865,8865,0.9433333333333334,discard,4.627508
8866,8866,0.9433333333333334,discard,4.627834
8867,8867,0.9433333333333334,discard,4.628156
8868,8868,0.9433333333333334,discard,4.62845
8869,8869,0.9433333333333334,request_rescan,4.629715
8870,8870,0.9433333333333334,request_rescan,4.63004
8871,8871,0.9433333333333334,discard,4.630214
8872,8872,0.9433333333333334,discard,4.630519
8873,8873,0.9433333333333334,discard,4.631721
8874,8874,0.9433333333333334,discard,4.632046
8875,8875,0.9433333333333334,request_rescan,4.632363
8876,8876,0.9433333333333334,request_rescan,4.63266
8877,8877,0.9433333333333334,request_rescan,4.633858
8878,8878,0.9433333333333334,request_rescan,4.634184
8879,8879,0.6633333333333333,log_and_continue,4.634347
8880,8880,0.9433333333333334,discard,4.63465
8881,8881,0.9433333333333334,request_rescan,4.635866
8882,8882,0.9433333333333334,discard,4.636196
8883,8883,0.9433333333333334,request_rescan,4.636502
8884,8884,0.9433333333333334,request_rescan,4.637017
8885,8885,0.9433333333333334,discard,4.638335
8886,8886,0.9433333333333334,discard,4.638664
8887,8887,0.9433333333333334,request_rescan,4.63897
8888,8888,0.9433333333333334,discard,4.639282
8889,8889,0.9433333333333334,discard,4.640713
8890,8890,0.9433333333333334,request_rescan,4.641133
8891,8891,0.9433333333333334,discard,4.641442
8892,8892,0.9433333333333334,request_rescan,4.641733
8893,8893,0.9433333333333334,request_rescan,4.642962
8894,8894,0.9433333333333334,discard,4.643293
8895,8895,0.9433333333333334,discard,4.643603
8896,8896,0.9433333333333334,request_rescan,4.643899
8897,8897,0.9433333333333334,discard,4.645115
8898,8898,0.9433333333333334,discard,4.645444
8899,8899,0.9433333333333334,request_rescan,4.645767
8900,8900,0.9433333333333334,discard,4.646068
8901,8901,0.76,discard,4.647172
8902,8902,0.9433333333333334,discard,4.647514
8903,8903,0.9433333333333334,discard,4.647822
8904,8904,0.9433333333333334,request_rescan,4.648126
8905,8905,0.9433333333333334,discard,4.649327
8906,8906,0.9433333333333334,request_rescan,4.649653
8907,8907,0.9433333333333334,request_rescan,4.649958
8908,8908,0.9433333333333334,discard,4.650265
8909,8909,0.9433333333333334,request_rescan,4.651499
8910,8910,0.9433333333333334,discard,4.651818
8911,8911,0.9433333333333334,discard,4.652122
8912,8912,0.9433333333333334,request_rescan,4.652416
8913,8913,0.9433333333333334,discard,4.653651
8914,8914,0.9433333333333334,discard,4.653978
8915,8915,0.9433333333333334,request_rescan,4.65429
8916,8916,0.9433333333333334,request_rescan,4.654584
8917,8917,0.9433333333333334,request_rescan,4.655796
8918,8918,0.9433333333333334,discard,4.656126
8919,8919,0.9433333333333334,discard,4.656434
8920,8920,0.9433333333333334,discard,4.65683
8921,8921,0.9433333333333334,request_rescan,4.658141
8922,8922,0.9433333333333334,request_rescan,4.658468
8923,8923,0.9433333333333334,discard,4.658771
8924,8924,0.9433333333333334,request_rescan,4.659061
8925,8925,0.9433333333333334,discard,4.660325
8926,8926,0.9433333333333334,discard,4.660653
8927,8927,0.9433333333333334,discard,4.660953
8928,8928,0.9433333333333334,discard,4.661268
8929,8929,0.9433333333333334,discard,4.662511
8930,8930,0.9433333333333334,request_rescan,4.662844
8931,8931,0.9433333333333334,discard,4.663197
8932,8932,0.9433333333333334,request_rescan,4.663513
8933,8933,0.9433333333333334,request_rescan,4.664726
8934,8934,0.9433333333333334,discard,4.665035
8935,8935,0.9433333333333334,request_rescan,4.665354
8936,8936,0.9433333333333334,request_rescan,4.665652
8937,8937,0.9433333333333334,discard,4.666867
8938,8938,0.9433333333333334,request_rescan,4.667196
8939,8939,0.9433333333333334,discard,4.667506
8940,8940,0.9433333333333334,request_rescan,4.6678
8941,8941,0.9433333333333334,request_rescan,4.669081
8942,8942,0.9433333333333334,discard,4.669432
8943,8943,0.9433333333333334,request_rescan,4.669972
8944,8944,0.9433333333333334,request_rescan,4.670274
8945,8945,0.9433333333333334,discard,4.671511
8946,8946,0.9433333333333334,request_rescan,4.671835
8947,8947,0.9433333333333334,request_rescan,4.672143
8948,8948,0.9433333333333334,discard,4.672442
8949,8949,0.9433333333333334,discard,4.67366
8950,8950,0.9433333333333334,discard,4.67404
8951,8951,0.9433333333333334,discard,4.674414
8952,8952,0.9433333333333334,request_rescan,4.674699
8953,8953,0.9433333333333334,request_rescan,4.675883
8954,8954,0.9433333333333334,discard,4.676221
8955,8955,0.9433333333333334,request_rescan,4.676523
8956,8956,0.76,log_and_continue,4.676683
8957,8957,0.9433333333333334,discard,4.677901
8958,8958,0.9433333333333334,request_rescan,4.678239
8959,8959,0.9433333333333334,discard,4.678542
8960,8960,0.9433333333333334,discard,4.678835
8961,8961,0.9433333333333334,request_rescan,4.680063
8962,8962,0.9433333333333334,request_rescan,4.680405
8963,8963,0.9433333333333334,request_rescan,4.680703
8964,8964,0.9433333333333334,discard,4.680996
8965,8965,0.9433333333333334,discard,4.68223
8966,8966,0.9433333333333334,request_rescan,4.682554
8967,8967,0.9433333333333334,discard,4.682856
8968,8968,0.9433333333333334,discard,4.683152
8969,8969,0.9433333333333334,request_rescan,4.684354
8970,8970,0.9433333333333334,discard,4.684677
8971,8971,0.76,log_and_continue,4.684842
8972,8972,0.9433333333333334,request_rescan,4.68515
8973,8973,0.9433333333333334,discard,4.686473
8974,8974,0.9433333333333334,request_rescan,4.68679
8975,8975,0.9433333333333334,request_rescan,4.687085
8976,8976,0.9433333333333334,discard,4.687382
8977,8977,0.9433333333333334,request_rescan,4.688567
8978,8978,0.9433333333333334,request_rescan,4.688881
8979,8979,0.9433333333333334,request_rescan,4.68918
8980,8980,0.9433333333333334,discard,4.689475
8981,8981,0.9433333333333334,discard,4.690976
8982,8982,0.9433333333333334,discard,4.691377
8983,8983,0.9433333333333334,discard,4.691677
8984,8984,0.9433333333333334,request_rescan,4.691966
8985,8985,0.9433333333333334,request_rescan,4.693221
8986,8986,0.9433333333333334,request_rescan,4.69354
8987,8987,0.76,request_rescan,4.693836
8988,8988,0.9433333333333334,discard,4.694153
8989,8989,0.9433333333333334,discard,4.695366
8990,8990,0.9433333333333334,discard,4.695683
8991,8991,0.9433333333333334,discard,4.696021
8992,8992,0.76,request_rescan,4.696332
8993,8993,0.9433333333333334,discard,4.697549
8994,8994,0.9433333333333334,request_rescan,4.697878
8995,8995,0.9433333333333334,request_rescan,4.698188
8996,8996,0.9433333333333334,request_rescan,4.698485
8997,8997,0.9433333333333334,discard,4.699722
8998,8998,0.9433333333333334,request_rescan,4.700047
8999,8999,0.9433333333333334,request_rescan,4.700362
9000,9000,0.9433333333333334,discard,4.700658
9001,9001,0.9433333333333334,request_rescan,4.701963
9002,9002,0.9433333333333334,request_rescan,4.702289
9003,9003,0.9433333333333334,request_rescan,4.702591
9004,9004,0.9433333333333334,request_rescan,4.702881
9005,9005,0.9433333333333334,request_rescan,4.704376
9006,9006,0.9433333333333334,discard,4.704697
9007,9007,0.9433333333333334,discard,4.704996
9008,9008,0.9433333333333334,request_rescan,4.705294
9009,9009,0.9433333333333334,request_rescan,4.706509
9010,9010,0.9433333333333334,discard,4.70672
9011,9011,0.9433333333333334,discard,4.707229
9012,9012,0.9433333333333334,discard,4.707647
9013,9013,0.9433333333333334,request_rescan,4.708928
9014,9014,0.9433333333333334,request_rescan,4.709252
9015,9015,0.9433333333333334,request_rescan,4.709565
9016,9016,0.9433333333333334,discard,4.709858
9017,9017,0.9433333333333334,discard,4.711122
9018,9018,0.9433333333333334,discard,4.711448
9019,9019,0.9433333333333334,request_rescan,4.711751
9020,9020,0.9433333333333334,request_rescan,4.712046
9021,9021,0.9433333333333334,discard,4.713295
9022,9022,0.9433333333333334,request_rescan,4.713612
9023,9023,0.9433333333333334,discard,4.713908
9024,9024,0.9433333333333334,request_rescan,4.714206
9025,9025,0.9433333333333334,discard,4.715467
9026,9026,0.9433333333333334,request_rescan,4.715781
9027,9027,0.9433333333333334,discard,4.716098
9028,9028,0.9433333333333334,discard,4.716401
9029,9029,0.9433333333333334,request_rescan,4.717627
9030,9030,0.9433333333333334,request_rescan,4.717947
9031,9031,0.9433333333333334,discard,4.718255
9032,9032,0.9433333333333334,discard,4.718549
9033,9033,0.9433333333333334,discard,4.719812
9034,9034,0.9433333333333334,request_rescan,4.720154
9035,9035,0.9433333333333334,discard,4.720665
9036,9036,0.76,request_rescan,4.720847
9037,9037,0.9433333333333334,request_rescan,4.7221
9038,9038,0.9433333333333334,discard,4.722432
9039,9039,0.9433333333333334,discard,4.722733
9040,9040,0.9433333333333334,request_rescan,4.723025
9041,9041,0.9433333333333334,request_rescan,4.724532
9042,9042,0.9433333333333334,request_rescan,4.72486
9043,9043,0.9433333333333334,discard,4.725178
9044,9044,0.9433333333333334,discard,4.725474
9045,9045,0.9433333333333334,discard,4.726726
9046,9046,0.9433333333333334,discard,4.727051
9047,9047,0.9433333333333334,discard,4.727366
9048,9048,0.76,log_and_continue,4.727531
9049,9049,0.9433333333333334,request_rescan,4.728743
9050,9050,0.9433333333333334,discard,4.729078
9051,9051,0.9433333333333334,discard,4.729401
9052,9052,0.76,log_and_continue,4.729564
9053,9053,0.9433333333333334,request_rescan,4.730778
9054,9054,0.9433333333333334,discard,4.73111
9055,9055,0.9433333333333334,discard,4.731418
9056,9056,0.9433333333333334,request_rescan,4.731714
9057,9057,0.9433333333333334,request_rescan,4.732952
9058,9058,0.9433333333333334,request_rescan,4.733283
9059,9059,0.9433333333333334,discard,4.733588
9060,9060,0.9433333333333334,request_rescan,4.733879
9061,9061,0.9433333333333334,discard,4.735095
9062,9062,0.9433333333333334,discard,4.735423
9063,9063,0.9433333333333334,request_rescan,4.73573
9064,9064,0.9433333333333334,request_rescan,4.736027
9065,9065,0.9433333333333334,discard,4.737353
9066,9066,0.9433333333333334,discard,4.737677
9067,9067,0.9433333333333334,request_rescan,4.737976
9068,9068,0.9433333333333334,request_rescan,4.738285
9069,9069,0.9433333333333334,request_rescan,4.739525
9070,9070,0.9433333333333334,discard,4.739852
9071,9071,0.9433333333333334,request_rescan,4.740297
9072,9072,0.9433333333333334,discard,4.740751
9073,9073,0.9433333333333334,request_rescan,4.742096
9074,9074,0.9433333333333334,discard,4.742428
9075,9075,0.9433333333333334,discard,4.742736
9076,9076,0.9433333333333334,discard,4.743033
9077,9077,0.9433333333333334,discard,4.744284
9078,9078,0.9433333333333334,discard,4.744608
9079,9079,0.9433333333333334,request_rescan,4.744909
9080,9080,0.9433333333333334,discard,4.745215
9081,9081,0.9433333333333334,request_rescan,4.746488
9082,9082,0.9433333333333334,request_rescan,4.7468
9083,9083,0.9433333333333334,request_rescan,4.747101
9084,9084,0.9433333333333334,request_rescan,4.747429
9085,9085,0.9433333333333334,discard,4.74865
9086,9086,0.9433333333333334,request_rescan,4.748966
9087,9087,0.9433333333333334,request_rescan,4.749301
9088,9088,0.9433333333333334,request_rescan,4.749598
9089,9089,0.9433333333333334,discard,4.750824
9090,9090,0.9433333333333334,request_rescan,4.751189
9091,9091,0.9433333333333334,request_rescan,4.75151
9092,9092,0.9433333333333334,discard,4.751811
9093,9093,0.9433333333333334,request_rescan,4.753059
9094,9094,0.9433333333333334,request_rescan,4.753401
9095,9095,0.9433333333333334,request_rescan,4.75399
9096,9096,0.9433333333333334,discard,4.754298
9097,9097,0.9433333333333334,request_rescan,4.755546
9098,9098,0.9433333333333334,discard,4.755879
9099,9099,0.9433333333333334,request_rescan,4.756191
9100,9100,0.9433333333333334,discard,4.756489
9101,9101,0.9433333333333334,discard,4.757794
9102,9102,0.9433333333333334,request_rescan,4.758204
9103,9103,0.9433333333333334,discard,4.758512
9104,9104,0.9433333333333334,discard,4.758811
9105,9105,0.76,discard,4.75993
9106,9106,0.9433333333333334,request_rescan,4.760275
9107,9107,0.9433333333333334,discard,4.76059
9108,9108,0.9433333333333334,request_rescan,4.760892
9109,9109,0.9433333333333334,request_rescan,4.76212
9110,9110,0.6633333333333333,log_and_continue,4.762294
9111,9111,0.9433333333333334,discard,4.762641
9112,9112,0.9433333333333334,discard,4.762948
9113,9113,0.9433333333333334,request_rescan,4.764194
9114,9114,0.9433333333333334,discard,4.764533
9115,9115,0.9433333333333334,request_rescan,4.764845
9116,9116,0.9433333333333334,discard,4.765149
9117,9117,0.9433333333333334,discard,4.766362
9118,9118,0.9433333333333334,request_rescan,4.766694
9119,9119,0.9433333333333334,discard,4.767006
9120,9120,0.9433333333333334,discard,4.76731
9121,9121,0.9433333333333334,request_rescan,4.768543
9122,9122,0.9433333333333334,request_rescan,4.768867
9123,9123,0.9433333333333334,request_rescan,4.769178
9124,9124,0.9433333333333334,request_rescan,4.76948
9125,9125,0.9433333333333334,request_rescan,4.770955
9126,9126,0.76,discard,4.771132
9127,9127,0.9433333333333334,request_rescan,4.771457
9128,9128,0.9433333333333334,request_rescan,4.771756
9129,9129,0.9433333333333334,request_rescan,4.772985
9130,9130,0.9433333333333334,discard,4.773335
9131,9131,0.9433333333333334,request_rescan,4.773855
9132,9132,0.9433333333333334,request_rescan,4.774375
9133,9133,0.9433333333333334,discard,4.775708
9134,9134,0.9433333333333334,request_rescan,4.776033
9135,9135,0.9433333333333334,request_rescan,4.776347
9136,9136,0.9433333333333334,request_rescan,4.776648
9137,9137,0.9433333333333334,discard,4.777875
9138,9138,0.9433333333333334,request_rescan,4.778205
9139,9139,0.9433333333333334,request_rescan,4.778509
9140,9140,0.76,discard,4.778669
9141,9141,0.9433333333333334,discard,4.779883
9142,9142,0.9433333333333334,discard,4.780218
9143,9143,0.9433333333333334,discard,4.780529
9144,9144,0.9433333333333334,request_rescan,4.780827
9145,9145,0.9433333333333334,request_rescan,4.782045
9146,9146,0.9433333333333334,discard,4.782381
9147,9147,0.9433333333333334,discard,4.782687
9148,9148,0.9433333333333334,request_rescan,4.782989
9149,9149,0.9433333333333334,request_rescan,4.784195
9150,9150,0.9433333333333334,request_rescan,4.784522
9151,9151,0.9433333333333334,discard,4.784822
9152,9152,0.9433333333333334,discard,4.785126
9153,9153,0.9433333333333334,request_rescan,4.786561
9154,9154,0.9433333333333334,request_rescan,4.786885
9155,9155,0.9433333333333334,discard,4.787207
9156,9156,0.9433333333333334,discard,4.787511
9157,9157,0.9433333333333334,discard,4.788732
9158,9158,0.9433333333333334,discard,4.789051
9159,9159,0.9433333333333334,request_rescan,4.789375
9160,9160,0.9433333333333334,discard,4.789687
9161,9161,0.9433333333333334,request_rescan,4.79123
9162,9162,0.9433333333333334,request_rescan,4.79157
9163,9163,0.9433333333333334,discard,4.79188
9164,9164,0.9433333333333334,request_rescan,4.792175
9165,9165,0.9433333333333334,discard,4.793447
9166,9166,0.9433333333333334,request_rescan,4.79377
9167,9167,0.9433333333333334,request_rescan,4.794068
9168,9168,0.9433333333333334,request_rescan,4.794372
9169,9169,0.9433333333333334,request_rescan,4.795608
9170,9170,0.9433333333333334,discard,4.795957
9171,9171,0.9433333333333334,request_rescan,4.796273
9172,9172,0.76,request_rescan,4.796437
9173,9173,0.9433333333333334,request_rescan,4.797654
9174,9174,0.9433333333333334,discard,4.797983
9175,9175,0.9433333333333334,request_rescan,4.7983
9176,9176,0.9433333333333334,request_rescan,4.798597
9177,9177,0.9433333333333334,discard,4.799819
9178,9178,0.9433333333333334,discard,4.800143
9179,9179,0.9433333333333334,discard,4.800449
9180,9180,0.9433333333333334,request_rescan,4.800744
9181,9181,0.9433333333333334,discard,4.801958
9182,9182,0.9433333333333334,request_rescan,4.802281
9183,9183,0.9433333333333334,request_rescan,4.802581
9184,9184,0.9433333333333334,request_rescan,4.803077
9185,9185,0.9433333333333334,discard,4.804357
9186,9186,0.9433333333333334,request_rescan,4.804672
9187,9187,0.9433333333333334,request_rescan,4.804973
9188,9188,0.9433333333333334,request_rescan,4.8053
9189,9189,0.9433333333333334,request_rescan,4.806534
9190,9190,0.9433333333333334,discard,4.806928
9191,9191,0.9433333333333334,request_rescan,4.807334
9192,9192,0.9433333333333334,request_rescan,4.807719
9193,9193,0.9433333333333334,discard,4.808974
9194,9194,0.9433333333333334,request_rescan,4.809305
9195,9195,0.9433333333333334,discard,4.809612
9196,9196,0.9433333333333334,discard,4.809904
9197,9197,0.9433333333333334,request_rescan,4.81112
9198,9198,0.9433333333333334,discard,4.811448
9199,9199,0.9433333333333334,discard,4.811751
9200,9200,0.9433333333333334,request_rescan,4.812042
9201,9201,0.9433333333333334,discard,4.813318
9202,9202,0.9433333333333334,discard,4.81364
9203,9203,0.9433333333333334,discard,4.813946
9204,9204,0.9433333333333334,discard,4.814245
9205,9205,0.9433333333333334,discard,4.815454
9206,9206,0.9433333333333334,request_rescan,4.815777
9207,9207,0.9433333333333334,request_rescan,4.816083
9208,9208,0.9433333333333334,discard,4.816385
9209,9209,0.9433333333333334,request_rescan,4.81759
9210,9210,0.9433333333333334,discard,4.817916
9211,9211,0.9433333333333334,request_rescan,4.818226
9212,9212,0.9433333333333334,request_rescan,4.818521
9213,9213,0.9433333333333334,request_rescan,4.819741
9214,9214,0.9433333333333334,request_rescan,4.820321
9215,9215,0.9433333333333334,request_rescan,4.820694
9216,9216,0.9433333333333334,discard,4.820986
9217,9217,0.9433333333333334,discard,4.822234
9218,9218,0.9433333333333334,discard,4.822551
9219,9219,0.9433333333333334,request_rescan,4.822852
9220,9220,0.9433333333333334,discard,4.823162
9221,9221,0.9433333333333334,discard,4.824633
9222,9222,0.9433333333333334,discard,4.824963
9223,9223,0.9433333333333334,request_rescan,4.825279
9224,9224,0.9433333333333334,request_rescan,4.825574
9225,9225,0.9433333333333334,request_rescan,4.826842
9226,9226,0.9433333333333334,discard,4.827178
9227,9227,0.9433333333333334,discard,4.827486
9228,9228,0.9433333333333334,request_rescan,4.827777
9229,9229,0.9433333333333334,discard,4.829003
9230,9230,0.9433333333333334,request_rescan,4.829353
9231,9231,0.9433333333333334,discard,4.829659
9232,9232,0.9433333333333334,discard,4.829952
9233,9233,0.9433333333333334,request_rescan,4.831184
9234,9234,0.9433333333333334,discard,4.831512
9235,9235,0.9433333333333334,request_rescan,4.831813
9236,9236,0.9433333333333334,request_rescan,4.83211
9237,9237,0.9433333333333334,request_rescan,4.833314
9238,9238,0.9433333333333334,request_rescan,4.833636
9239,9239,0.9433333333333334,discard,4.833941
9240,9240,0.9433333333333334,discard,4.834241
9241,9241,0.9433333333333334,discard,4.835453
9242,9242,0.9433333333333334,request_rescan,4.83578
9243,9243,0.9433333333333334,discard,4.836085
9244,9244,0.9433333333333334,request_rescan,4.836556
9245,9245,0.9433333333333334,discard,4.837781
9246,9246,0.9433333333333334,discard,4.838113
9247,9247,0.9433333333333334,discard,4.838423
9248,9248,0.9433333333333334,discard,4.838718
9249,9249,0.9433333333333334,request_rescan,4.839945
9250,9250,0.9433333333333334,discard,4.840366
9251,9251,0.9433333333333334,request_rescan,4.840938
9252,9252,0.9433333333333334,request_rescan,4.841318
9253,9253,0.9433333333333334,request_rescan,4.842558
9254,9254,0.9433333333333334,discard,4.84288
9255,9255,0.9433333333333334,discard,4.843185
9256,9256,0.9433333333333334,discard,4.843477
9257,9257,0.9433333333333334,discard,4.844681
9258,9258,0.9433333333333334,request_rescan,4.845005
9259,9259,0.9433333333333334,request_rescan,4.845315
9260,9260,0.9433333333333334,request_rescan,4.845608
9261,9261,0.9433333333333334,request_rescan,4.846845
9262,9262,0.9433333333333334,discard,4.847172
9263,9263,0.9433333333333334,request_rescan,4.84748
9264,9264,0.9433333333333334,discard,4.847772
9265,9265,0.9433333333333334,request_rescan,4.848989
9266,9266,0.9433333333333334,request_rescan,4.849323
9267,9267,0.9433333333333334,request_rescan,4.849628
9268,9268,0.9433333333333334,discard,4.84992
9269,9269,0.9433333333333334,discard,4.851138
9270,9270,0.9433333333333334,request_rescan,4.851467
9271,9271,0.9433333333333334,discard,4.851774
9272,9272,0.9433333333333334,request_rescan,4.852064
9273,9273,0.9433333333333334,discard,4.85344
9274,9274,0.9433333333333334,discard,4.853769
9275,9275,0.9433333333333334,discard,4.854073
9276,9276,0.76,discard,4.854241
9277,9277,0.9433333333333334,discard,4.855466
9278,9278,0.9433333333333334,request_rescan,4.855791
9279,9279,0.9433333333333334,request_rescan,4.856098
9280,9280,0.9433333333333334,request_rescan,4.856397
9281,9281,0.9433333333333334,request_rescan,4.857865
9282,9282,0.9433333333333334,request_rescan,4.858191
9283,9283,0.9433333333333334,discard,4.858498
9284,9284,0.9433333333333334,request_rescan,4.858789
9285,9285,0.9433333333333334,request_rescan,4.860035
9286,9286,0.9433333333333334,request_rescan,4.860372
9287,9287,0.9433333333333334,request_rescan,4.860677
9288,9288,0.9433333333333334,request_rescan,4.86097
9289,9289,0.9433333333333334,request_rescan,4.862189
9290,9290,0.9433333333333334,discard,4.862531
9291,9291,0.9433333333333334,request_rescan,4.862839
9292,9292,0.9433333333333334,request_rescan,4.863137
9293,9293,0.9433333333333334,request_rescan,4.864348
9294,9294,0.9433333333333334,discard,4.864669
9295,9295,0.9433333333333334,request_rescan,4.864971
9296,9296,0.9433333333333334,request_rescan,4.865272
9297,9297,0.9433333333333334,request_rescan,4.866483
9298,9298,0.9433333333333334,discard,4.866807
9299,9299,0.9433333333333334,discard,4.867114
9300,9300,0.9433333333333334,discard,4.867408
9301,9301,0.9433333333333334,request_rescan,4.868643
9302,9302,0.9433333333333334,request_rescan,4.868813
9303,9303,0.9433333333333334,discard,4.869134
9304,9304,0.9433333333333334,request_rescan,4.869597
9305,9305,0.9433333333333334,request_rescan,4.870821
9306,9306,0.9433333333333334,discard,4.871154
9307,9307,0.9433333333333334,discard,4.871462
9308,9308,0.9433333333333334,discard,4.871754
9309,9309,0.9433333333333334,discard,4.872957
9310,9310,0.9433333333333334,request_rescan,4.873295
9311,9311,0.9433333333333334,discard,4.873673
9312,9312,0.9433333333333334,discard,4.874198
9313,9313,0.9433333333333334,request_rescan,4.875508
9314,9314,0.9433333333333334,discard,4.875824
9315,9315,0.6633333333333333,log_and_continue,4.876002
9316,9316,0.9433333333333334,request_rescan,4.876324
9317,9317,0.9433333333333334,discard,4.87755
9318,9318,0.9433333333333334,discard,4.877878
9319,9319,0.9433333333333334,discard,4.878185
9320,9320,0.9433333333333334,request_rescan,4.878348
9321,9321,0.9433333333333334,request_rescan,4.879577
9322,9322,0.9433333333333334,discard,4.879902
9323,9323,0.9433333333333334,discard,4.88021
9324,9324,0.9433333333333334,request_rescan,4.880509
9325,9325,0.9433333333333334,request_rescan,4.881726
9326,9326,0.9433333333333334,request_rescan,4.88205
9327,9327,0.9433333333333334,discard,4.882367
9328,9328,0.9433333333333334,request_rescan,4.882669
9329,9329,0.9433333333333334,discard,4.883876
9330,9330,0.9433333333333334,request_rescan,4.884203
9331,9331,0.9433333333333334,request_rescan,4.884508
9332,9332,0.9433333333333334,request_rescan,4.8848
9333,9333,0.9433333333333334,request_rescan,4.886004
9334,9334,0.9433333333333334,discard,4.886547
9335,9335,0.9433333333333334,request_rescan,4.886853
9336,9336,0.9433333333333334,discard,4.887148
9337,9337,0.9433333333333334,discard,4.888407
9338,9338,0.9433333333333334,discard,4.88873
9339,9339,0.9433333333333334,request_rescan,4.889031
9340,9340,0.9433333333333334,discard,4.889329
9341,9341,0.9433333333333334,discard,4.890797
9342,9342,0.9433333333333334,discard,4.891204
9343,9343,0.9433333333333334,discard,4.891518
9344,9344,0.9433333333333334,discard,4.89182
9345,9345,0.9433333333333334,discard,4.893086
9346,9346,0.9433333333333334,discard,4.893418
9347,9347,0.9433333333333334,request_rescan,4.893723
9348,9348,0.9433333333333334,request_rescan,4.894017
9349,9349,0.9433333333333334,request_rescan,4.895264
9350,9350,0.9433333333333334,request_rescan,4.895589
9351,9351,0.9433333333333334,discard,4.895905
9352,9352,0.9433333333333334,request_rescan,4.896206
9353,9353,0.9433333333333334,request_rescan,4.897424
9354,9354,0.9433333333333334,request_rescan,4.897749
9355,9355,0.9433333333333334,request_rescan,4.898051
9356,9356,0.9433333333333334,discard,4.898357
9357,9357,0.9433333333333334,discard,4.899565
9358,9358,0.9433333333333334,discard,4.899887
9359,9359,0.9433333333333334,request_rescan,4.900194
9360,9360,0.9433333333333334,discard,4.900494
9361,9361,0.9433333333333334,discard,4.901695
9362,9362,0.9433333333333334,discard,4.902017
9363,9363,0.9433333333333334,request_rescan,4.902332
9364,9364,0.9433333333333334,discard,4.902632
9365,9365,0.9433333333333334,discard,4.903879
9366,9366,0.9433333333333334,request_rescan,4.904209
9367,9367,0.9433333333333334,request_rescan,4.904515
9368,9368,0.9433333333333334,request_rescan,4.904811
9369,9369,0.9433333333333334,discard,4.906017
9370,9370,0.9433333333333334,request_rescan,4.906335
9371,9371,0.9433333333333334,request_rescan,4.906643
9372,9372,0.9433333333333334,request_rescan,4.907005
9373,9373,0.9433333333333334,request_rescan,4.908585
9374,9374,0.9433333333333334,request_rescan,4.908906
9375,9375,0.9433333333333334,request_rescan,4.909211
9376,9376,0.9433333333333334,request_rescan,4.909375
9377,9377,0.9433333333333334,discard,4.910583
9378,9378,0.9433333333333334,discard,4.910911
9379,9379,0.9433333333333334,request_rescan,4.911218
9380,9380,0.9433333333333334,discard,4.911513
9381,9381,0.9433333333333334,request_rescan,4.912732
9382,9382,0.9433333333333334,discard,4.91306
9383,9383,0.9433333333333334,request_rescan,4.913373
9384,9384,0.9433333333333334,request_rescan,4.913664
9385,9385,0.9433333333333334,discard,4.914866
9386,9386,0.9433333333333334,request_rescan,4.915181
9387,9387,0.9433333333333334,discard,4.915482
9388,9388,0.9433333333333334,request_rescan,4.915769
9389,9389,0.9433333333333334,discard,4.916987
9390,9390,0.9433333333333334,discard,4.917317
9391,9391,0.9433333333333334,request_rescan,4.91762
9392,9392,0.9433333333333334,discard,4.917926
9393,9393,0.9433333333333334,request_rescan,4.919159
9394,9394,0.9433333333333334,request_rescan,4.919477
9395,9395,0.9433333333333334,discard,4.919892
9396,9396,0.9433333333333334,request_rescan,4.920279
9397,9397,0.9433333333333334,discard,4.92149
9398,9398,0.9433333333333334,discard,4.921808
9399,9399,0.9433333333333334,request_rescan,4.922128
9400,9400,0.9433333333333334,request_rescan,4.92243
9401,9401,0.9433333333333334,discard,4.923777
9402,9402,0.9433333333333334,discard,4.92419
9403,9403,0.6633333333333333,log_and_continue,4.924357
9404,9404,0.9433333333333334,request_rescan,4.924739
9405,9405,0.9433333333333334,request_rescan,4.92597
9406,9406,0.9433333333333334,discard,4.9263
9407,9407,0.9433333333333334,request_rescan,4.92661
9408,9408,0.9433333333333334,discard,4.926922
9409,9409,0.9433333333333334,request_rescan,4.928139
9410,9410,0.9433333333333334,request_rescan,4.928461
9411,9411,0.9433333333333334,discard,4.928775
9412,9412,0.9433333333333334,request_rescan,4.929094
9413,9413,0.9433333333333334,discard,4.930312
9414,9414,0.9433333333333334,discard,4.930635
9415,9415,0.9433333333333334,request_rescan,4.93094
9416,9416,0.9433333333333334,discard,4.931238
9417,9417,0.9433333333333334,discard,4.932449
9418,9418,0.9433333333333334,request_rescan,4.932773
9419,9419,0.9433333333333334,discard,4.933073
9420,9420,0.9433333333333334,discard,4.933374
9421,9421,0.9433333333333334,request_rescan,4.934591
9422,9422,0.9433333333333334,discard,4.934914
9423,9423,0.9433333333333334,discard,4.935224
9424,9424,0.9433333333333334,request_rescan,4.935522
9425,9425,0.9433333333333334,request_rescan,4.936772
9426,9426,0.9433333333333334,discard,4.937087
9427,9427,0.9433333333333334,request_rescan,4.937396
9428,9428,0.9433333333333334,discard,4.937689
9429,9429,0.9433333333333334,discard,4.938906
9430,9430,0.9433333333333334,discard,4.939236
9431,9431,0.9433333333333334,discard,4.939543
9432,9432,0.9433333333333334,request_rescan,4.939837
9433,9433,0.9433333333333334,request_rescan,4.941537
9434,9434,0.9433333333333334,discard,4.941929
9435,9435,0.9433333333333334,request_rescan,4.942235
9436,9436,0.9433333333333334,discard,4.942529
9437,9437,0.9433333333333334,request_rescan,4.94375
9438,9438,0.9433333333333334,request_rescan,4.944075
9439,9439,0.9433333333333334,discard,4.944389
9440,9440,0.9433333333333334,request_rescan,4.944684
9441,9441,0.9433333333333334,request_rescan,4.945936
9442,9442,0.9433333333333334,discard,4.946272
9443,9443,0.9433333333333334,request_rescan,4.946578
9444,9444,0.9433333333333334,request_rescan,4.946874
9445,9445,0.9433333333333334,request_rescan,4.948082
9446,9446,0.9433333333333334,discard,4.948414
9447,9447,0.9433333333333334,request_rescan,4.948717
9448,9448,0.9433333333333334,discard,4.94901
9449,9449,0.76,request_rescan,4.950108
9450,9450,0.9433333333333334,request_rescan,4.950447
9451,9451,0.9433333333333334,request_rescan,4.950754
9452,9452,0.9433333333333334,discard,4.951051
9453,9453,0.9433333333333334,discard,4.952304
9454,9454,0.9433333333333334,discard,4.952647
9455,9455,0.9433333333333334,request_rescan,4.953114
9456,9456,0.9433333333333334,request_rescan,4.953422
9457,9457,0.9433333333333334,discard,4.954665
9458,9458,0.9433333333333334,discard,4.954988
9459,9459,0.9433333333333334,request_rescan,4.955297
9460,9460,0.9433333333333334,discard,4.955593
9461,9461,0.9433333333333334,request_rescan,4.956938
9462,9462,0.9433333333333334,request_rescan,4.957339
9463,9463,0.9433333333333334,discard,4.957725
9464,9464,0.9433333333333334,discard,4.958023
9465,9465,0.9433333333333334,discard,4.95925
9466,9466,0.9433333333333334,request_rescan,4.959573
9467,9467,0.9433333333333334,discard,4.959874
9468,9468,0.9433333333333334,discard,4.960169
9469,9469,0.9433333333333334,request_rescan,4.961373
9470,9470,0.9433333333333334,request_rescan,4.9617
9471,9471,0.9433333333333334,request_rescan,4.962
9472,9472,0.9433333333333334,discard,4.962301
9473,9473,0.9433333333333334,discard,4.963525
9474,9474,0.9433333333333334,discard,4.963855
9475,9475,0.9433333333333334,request_rescan,4.964166
9476,9476,0.9433333333333334,discard,4.964463
9477,9477,0.9433333333333334,request_rescan,4.965663
9478,9478,0.9433333333333334,request_rescan,4.96599
9479,9479,0.9433333333333334,request_rescan,4.966305
9480,9480,0.9433333333333334,request_rescan,4.966603
9481,9481,0.9433333333333334,discard,4.967848
9482,9482,0.9433333333333334,discard,4.968028
9483,9483,0.9433333333333334,discard,4.968363
9484,9484,0.9433333333333334,discard,4.968662
9485,9485,0.9433333333333334,request_rescan,4.969913
9486,9486,0.9433333333333334,request_rescan,4.970481
9487,9487,0.9433333333333334,request_rescan,4.970861
9488,9488,0.9433333333333334,discard,4.971162
9489,9489,0.9433333333333334,request_rescan,4.972442
9490,9490,0.9433333333333334,discard,4.97277
9491,9491,0.76,request_rescan,4.972937
9492,9492,0.9433333333333334,discard,4.973246
9493,9493,0.9433333333333334,discard,4.97499
9494,9494,0.9433333333333334,discard,4.975315
9495,9495,0.9433333333333334,discard,4.97549
9496,9496,0.9433333333333334,request_rescan,4.975804
9497,9497,0.9433333333333334,request_rescan,4.977057
9498,9498,0.9433333333333334,discard,4.977397
9499,9499,0.9433333333333334,request_rescan,4.977706
9500,9500,0.9433333333333334,request_rescan,4.978003
9501,9501,0.9433333333333334,request_rescan,4.979255
9502,9502,0.9433333333333334,request_rescan,4.979582
9503,9503,0.9433333333333334,request_rescan,4.979884
9504,9504,0.9433333333333334,discard,4.980178
9505,9505,0.9433333333333334,discard,4.981261
9506,9506,0.9433333333333334,discard,4.981596
9507,9507,0.9433333333333334,discard,4.9819
9508,9508,0.9433333333333334,request_rescan,4.982198
9509,9509,0.76,log_and_continue,4.983275
9510,9510,0.9433333333333334,request_rescan,4.983611
9511,9511,0.9433333333333334,request_rescan,4.98393
9512,9512,0.9433333333333334,request_rescan,4.984239
9513,9513,0.9433333333333334,discard,4.98545
9514,9514,0.9433333333333334,discard,4.985775
9515,9515,0.9433333333333334,request_rescan,4.986079
9516,9516,0.9433333333333334,request_rescan,4.98638
9517,9517,0.9433333333333334,discard,4.987876
9518,9518,0.9433333333333334,discard,4.988206
9519,9519,0.9433333333333334,request_rescan,4.988514
9520,9520,0.9433333333333334,request_rescan,4.988814
9521,9521,0.76,discard,4.990078
9522,9522,0.9433333333333334,discard,4.990567
9523,9523,0.9433333333333334,discard,4.991064
9524,9524,0.9433333333333334,discard,4.991443
9525,9525,0.9433333333333334,request_rescan,4.992689
9526,9526,0.9433333333333334,discard,4.99301
9527,9527,0.9433333333333334,discard,4.99332
9528,9528,0.76,discard,4.993612
9529,9529,0.9433333333333334,discard,4.994817
9530,9530,0.9433333333333334,discard,4.995142
9531,9531,0.9433333333333334,discard,4.995448
9532,9532,0.9433333333333334,discard,4.995756
9533,9533,0.9433333333333334,request_rescan,4.99698
9534,9534,0.9433333333333334,discard,4.997305
9535,9535,0.9433333333333334,request_rescan,4.997604
9536,9536,0.9433333333333334,discard,4.997892
9537,9537,0.9433333333333334,discard,4.999109
9538,9538,0.9433333333333334,discard,4.999439
9539,9539,0.9433333333333334,request_rescan,4.999747
9540,9540,0.9433333333333334,request_rescan,5.000038
9541,9541,0.9433333333333334,discard,5.001253
9542,9542,0.9433333333333334,request_rescan,5.001579
9543,9543,0.9433333333333334,discard,5.001881
9544,9544,0.9433333333333334,discard,5.002177
9545,9545,0.9433333333333334,request_rescan,5.003521
9546,9546,0.76,request_rescan,5.003846
9547,9547,0.9433333333333334,request_rescan,5.004153
9548,9548,0.9433333333333334,discard,5.004453
9549,9549,0.76,request_rescan,5.005668
9550,9550,0.9433333333333334,request_rescan,5.005999
9551,9551,0.76,request_rescan,5.006312
9552,9552,0.6633333333333333,log_and_continue,5.006477
9553,9553,0.9433333333333334,discard,5.007873
9554,9554,0.9433333333333334,request_rescan,5.008201
9555,9555,0.9433333333333334,request_rescan,5.008505
9556,9556,0.9433333333333334,discard,5.0088
9557,9557,0.9433333333333334,discard,5.010005
9558,9558,0.9433333333333334,request_rescan,5.010341
9559,9559,0.9433333333333334,discard,5.010649
9560,9560,0.9433333333333334,discard,5.010944
9561,9561,0.9433333333333334,discard,5.012172
9562,9562,0.9433333333333334,discard,5.012501
9563,9563,0.9433333333333334,discard,5.012804
9564,9564,0.9433333333333334,request_rescan,5.013106
9565,9565,0.9433333333333334,discard,5.014334
9566,9566,0.9433333333333334,request_rescan,5.014656
9567,9567,0.9433333333333334,request_rescan,5.014967
9568,9568,0.9433333333333334,discard,5.015282
9569,9569,0.9433333333333334,request_rescan,5.016499
9570,9570,0.9433333333333334,discard,5.016823
9571,9571,0.76,log_and_continue,5.01699
9572,9572,0.76,discard,5.017141
9573,9573,0.9433333333333334,request_rescan,5.018352
9574,9574,0.9433333333333334,request_rescan,5.018673
9575,9575,0.76,request_rescan,5.018839
9576,9576,0.9433333333333334,request_rescan,5.019142
9577,9577,0.9433333333333334,request_rescan,5.020637
9578,9578,0.9433333333333334,discard,5.020965
9579,9579,0.9433333333333334,discard,5.021274
9580,9580,0.9433333333333334,request_rescan,5.021571
9581,9581,0.9433333333333334,discard,5.022805
9582,9582,0.9433333333333334,request_rescan,5.02314
9583,9583,0.9433333333333334,discard,5.023462
9584,9584,0.9433333333333334,request_rescan,5.023945
9585,9585,0.9433333333333334,request_rescan,5.025249
9586,9586,0.9433333333333334,request_rescan,5.025572
9587,9587,0.9433333333333334,request_rescan,5.025873
9588,9588,0.9433333333333334,discard,5.026189
9589,9589,0.9433333333333334,discard,5.027415
9590,9590,0.9433333333333334,discard,5.027737
9591,9591,0.9433333333333334,request_rescan,5.028052
9592,9592,0.9433333333333334,discard,5.028374
9593,9593,0.9433333333333334,discard,5.029625
9594,9594,0.9433333333333334,request_rescan,5.029946
9595,9595,0.9433333333333334,request_rescan,5.030252
9596,9596,0.9433333333333334,request_rescan,5.030545
9597,9597,0.9433333333333334,discard,5.031754
9598,9598,0.9433333333333334,discard,5.032083
9599,9599,0.9433333333333334,discard,5.032394
9600,9600,0.9433333333333334,discard,5.032688
9601,9601,0.9433333333333334,discard,5.033917
9602,9602,0.9433333333333334,request_rescan,5.034242
9603,9603,0.76,request_rescan,5.034406
9604,9604,0.9433333333333334,discard,5.034705
9605,9605,0.9433333333333334,request_rescan,5.035797
9606,9606,0.9433333333333334,request_rescan,5.036382
9607,9607,0.9433333333333334,discard,5.036694
9608,9608,0.9433333333333334,discard,5.036989
9609,9609,0.9433333333333334,discard,5.038224
9610,9610,0.9433333333333334,discard,5.038552
9611,9611,0.9433333333333334,discard,5.038856
9612,9612,0.9433333333333334,request_rescan,5.03916
9613,9613,0.9433333333333334,discard,5.040401
9614,9614,0.9433333333333334,request_rescan,5.040798
9615,9615,0.9433333333333334,discard,5.041199
9616,9616,0.9433333333333334,request_rescan,5.041497
9617,9617,0.9433333333333334,request_rescan,5.042707
9618,9618,0.9433333333333334,discard,5.043041
9619,9619,0.9433333333333334,request_rescan,5.043351
9620,9620,0.9433333333333334,discard,5.043641
9621,9621,0.9433333333333334,discard,5.044849
9622,9622,0.9433333333333334,discard,5.045178
9623,9623,0.9433333333333334,discard,5.045484
9624,9624,0.9433333333333334,request_rescan,5.045793
9625,9625,0.9433333333333334,discard,5.047
9626,9626,0.9433333333333334,request_rescan,5.047333
9627,9627,0.9433333333333334,discard,5.047634
9628,9628,0.9433333333333334,discard,5.047927
9629,9629,0.9433333333333334,request_rescan,5.049141
9630,9630,0.9433333333333334,discard,5.049469
9631,9631,0.9433333333333334,discard,5.049769
9632,9632,0.9433333333333334,discard,5.050058
9633,9633,0.9433333333333334,discard,5.051272
9634,9634,0.9433333333333334,request_rescan,5.051599
9635,9635,0.9433333333333334,request_rescan,5.051766
9636,9636,0.9433333333333334,discard,5.052069
9637,9637,0.9433333333333334,request_rescan,5.053297
9638,9638,0.9433333333333334,request_rescan,5.053778
9639,9639,0.9433333333333334,request_rescan,5.054082
9640,9640,0.9433333333333334,discard,5.054388
9641,9641,0.9433333333333334,request_rescan,5.055617
9642,9642,0.9433333333333334,discard,5.055929
9643,9643,0.9433333333333334,request_rescan,5.056232
9644,9644,0.9433333333333334,discard,5.056526
9645,9645,0.9433333333333334,request_rescan,5.057922
9646,9646,0.9433333333333334,request_rescan,5.058255
9647,9647,0.9433333333333334,discard,5.058574
9648,9648,0.9433333333333334,discard,5.058871
9649,9649,0.9433333333333334,request_rescan,5.060078
9650,9650,0.9433333333333334,discard,5.060405
9651,9651,0.9433333333333334,request_rescan,5.060706
9652,9652,0.9433333333333334,request_rescan,5.060999
9653,9653,0.9433333333333334,request_rescan,5.062199
9654,9654,0.9433333333333334,request_rescan,5.062373
9655,9655,0.9433333333333334,discard,5.062719
9656,9656,0.9433333333333334,discard,5.062875
9657,9657,0.9433333333333334,discard,5.064103
9658,9658,0.9433333333333334,discard,5.064434
9659,9659,0.9433333333333334,discard,5.064736
9660,9660,0.9433333333333334,request_rescan,5.065026
9661,9661,0.9433333333333334,discard,5.066253
9662,9662,0.9433333333333334,request_rescan,5.066583
9663,9663,0.9433333333333334,discard,5.066883
9664,9664,0.9433333333333334,request_rescan,5.067183
9665,9665,0.9433333333333334,discard,5.068393
9666,9666,0.9433333333333334,request_rescan,5.068717
9667,9667,0.9433333333333334,discard,5.069021
9668,9668,0.9433333333333334,discard,5.069319
9669,9669,0.9433333333333334,request_rescan,5.070663
9670,9670,0.9433333333333334,discard,5.070985
9671,9671,0.9433333333333334,discard,5.071296
9672,9672,0.9433333333333334,discard,5.071588
9673,9673,0.9433333333333334,request_rescan,5.072797
9674,9674,0.9433333333333334,request_rescan,5.073122
9675,9675,0.9433333333333334,discard,5.07352
9676,9676,0.9433333333333334,request_rescan,5.073988
9677,9677,0.9433333333333334,request_rescan,5.075331
9678,9678,0.9433333333333334,discard,5.075657
9679,9679,0.9433333333333334,discard,5.075961
9680,9680,0.6633333333333333,log_and_continue,5.076128
9681,9681,0.9433333333333334,request_rescan,5.077351
9682,9682,0.9433333333333334,discard,5.077676
9683,9683,0.9433333333333334,request_rescan,5.077976
9684,9684,0.9433333333333334,discard,5.078281
9685,9685,0.9433333333333334,request_rescan,5.0795
9686,9686,0.9433333333333334,discard,5.079832
9687,9687,0.9433333333333334,discard,5.08014
9688,9688,0.9433333333333334,discard,5.080436
9689,9689,0.9433333333333334,discard,5.081645
9690,9690,0.9433333333333334,discard,5.08197
9691,9691,0.9433333333333334,discard,5.082278
9692,9692,0.9433333333333334,discard,5.082573
9693,9693,0.9433333333333334,discard,5.08379
9694,9694,0.9433333333333334,discard,5.084115
9695,9695,0.9433333333333334,discard,5.08442
9696,9696,0.9433333333333334,discard,5.084727
9697,9697,0.9433333333333334,discard,5.085943
9698,9698,0.9433333333333334,discard,5.08651
9699,9699,0.9433333333333334,discard,5.086824
9700,9700,0.9433333333333334,request_rescan,5.087126
9701,9701,0.9433333333333334,request_rescan,5.088419
9702,9702,0.9433333333333334,discard,5.088732
9703,9703,0.9433333333333334,discard,5.089029
9704,9704,0.9433333333333334,request_rescan,5.089348
9705,9705,0.9433333333333334,discard,5.090737
9706,9706,0.9433333333333334,request_rescan,5.091158
9707,9707,0.9433333333333334,request_rescan,5.091487
9708,9708,0.9433333333333334,request_rescan,5.091789
9709,9709,0.9433333333333334,request_rescan,5.093071
9710,9710,0.9433333333333334,discard,5.093414
9711,9711,0.9433333333333334,request_rescan,5.093718
9712,9712,0.9433333333333334,request_rescan,5.094009
9713,9713,0.9433333333333334,discard,5.095235
9714,9714,0.9433333333333334,request_rescan,5.095573
9715,9715,0.9433333333333334,discard,5.095899
9716,9716,0.9433333333333334,request_rescan,5.096209
9717,9717,0.9433333333333334,discard,5.097424
9718,9718,0.9433333333333334,request_rescan,5.097754
9719,9719,0.9433333333333334,discard,5.09806
9720,9720,0.9433333333333334,discard,5.098365
9721,9721,0.9433333333333334,request_rescan,5.099575
9722,9722,0.9433333333333334,request_rescan,5.099897
9723,9723,0.9433333333333334,request_rescan,5.100202
9724,9724,0.9433333333333334,request_rescan,5.100494
9725,9725,0.9433333333333334,discard,5.101701
9726,9726,0.9433333333333334,request_rescan,5.102025
9727,9727,0.9433333333333334,request_rescan,5.102336
9728,9728,0.9433333333333334,request_rescan,5.102632
9729,9729,0.9433333333333334,discard,5.104119
9730,9730,0.76,discard,5.104292
9731,9731,0.9433333333333334,request_rescan,5.104609
9732,9732,0.9433333333333334,request_rescan,5.104903
9733,9733,0.9433333333333334,request_rescan,5.106132
9734,9734,0.9433333333333334,discard,5.106457
9735,9735,0.9433333333333334,request_rescan,5.106851
9736,9736,0.9433333333333334,request_rescan,5.10731
9737,9737,0.9433333333333334,request_rescan,5.108614
9738,9738,0.9433333333333334,request_rescan,5.108942
9739,9739,0.9433333333333334,request_rescan,5.109253
9740,9740,0.9433333333333334,discard,5.109547
9741,9741,0.9433333333333334,request_rescan,5.11077
9742,9742,0.9433333333333334,request_rescan,5.111101
9743,9743,0.9433333333333334,request_rescan,5.111413
9744,9744,0.9433333333333334,discard,5.111709
9745,9745,0.9433333333333334,discard,5.112934
9746,9746,0.9433333333333334,discard,5.113267
9747,9747,0.9433333333333334,discard,5.113571
9748,9748,0.9433333333333334,request_rescan,5.113859
9749,9749,0.9433333333333334,discard,5.115068
9750,9750,0.76,request_rescan,5.115248
9751,9751,0.9433333333333334,discard,5.115566
9752,9752,0.9433333333333334,request_rescan,5.115864
9753,9753,0.9433333333333334,discard,5.117077
9754,9754,0.9433333333333334,discard,5.117409
9755,9755,0.9433333333333334,request_rescan,5.117723
9756,9756,0.9433333333333334,discard,5.11803
9757,9757,0.9433333333333334,request_rescan,5.119256
9758,9758,0.9433333333333334,discard,5.119754
9759,9759,0.9433333333333334,request_rescan,5.120062
9760,9760,0.9433333333333334,request_rescan,5.120364
9761,9761,0.9433333333333334,discard,5.121591
9762,9762,0.9433333333333334,discard,5.12191
9763,9763,0.9433333333333334,discard,5.122217
9764,9764,0.9433333333333334,request_rescan,5.122509
9765,9765,0.9433333333333334,discard,5.123879
9766,9766,0.9433333333333334,request_rescan,5.12439
9767,9767,0.9433333333333334,discard,5.124698
9768,9768,0.9433333333333334,discard,5.124992
9769,9769,0.9433333333333334,discard,5.126264
9770,9770,0.9433333333333334,discard,5.1266
9771,9771,0.9433333333333334,request_rescan,5.1269
9772,9772,0.9433333333333334,discard,5.127199
9773,9773,0.9433333333333334,request_rescan,5.128422
9774,9774,0.9433333333333334,request_rescan,5.128747
9775,9775,0.9433333333333334,request_rescan,5.129054
9776,9776,0.9433333333333334,discard,5.12938
9777,9777,0.9433333333333334,discard,5.130588
9778,9778,0.9433333333333334,discard,5.130913
9779,9779,0.9433333333333334,discard,5.131218
9780,9780,0.9433333333333334,discard,5.131514
9781,9781,0.9433333333333334,request_rescan,5.132717
9782,9782,0.9433333333333334,request_rescan,5.13304
9783,9783,0.9433333333333334,discard,5.13335
9784,9784,0.9433333333333334,request_rescan,5.133641
9785,9785,0.9433333333333334,request_rescan,5.134846
9786,9786,0.9433333333333334,request_rescan,5.135192
9787,9787,0.9433333333333334,discard,5.135503
9788,9788,0.9433333333333334,request_rescan,5.136101
9789,9789,0.9433333333333334,discard,5.137373
9790,9790,0.9433333333333334,discard,5.137698
9791,9791,0.9433333333333334,request_rescan,5.138001
9792,9792,0.9433333333333334,discard,5.138305
9793,9793,0.9433333333333334,discard,5.139412
9794,9794,0.9433333333333334,request_rescan,5.139748
9795,9795,0.9433333333333334,request_rescan,5.140188
9796,9796,0.9433333333333334,discard,5.14066
9797,9797,0.9433333333333334,discard,5.141979
9798,9798,0.9433333333333334,request_rescan,5.142312
9799,9799,0.9433333333333334,request_rescan,5.142616
9800,9800,0.9433333333333334,discard,5.142909
9801,9801,0.9433333333333334,discard,5.144141
9802,9802,0.9433333333333334,request_rescan,5.144473
9803,9803,0.9433333333333334,request_rescan,5.144775
9804,9804,0.9433333333333334,discard,5.145066
9805,9805,0.9433333333333334,discard,5.146292
9806,9806,0.9433333333333334,request_rescan,5.146612
9807,9807,0.9433333333333334,discard,5.146912
9808,9808,0.9433333333333334,request_rescan,5.147211
9809,9809,0.9433333333333334,request_rescan,5.14829
9810,9810,0.9433333333333334,discard,5.148627
9811,9811,0.9433333333333334,request_rescan,5.148938
9812,9812,0.9433333333333334,discard,5.149245
9813,9813,0.9433333333333334,discard,5.15045
9814,9814,0.6633333333333333,log_and_continue,5.150622
9815,9815,0.9433333333333334,request_rescan,5.150957
9816,9816,0.9433333333333334,discard,5.151262
9817,9817,0.9433333333333334,request_rescan,5.152488
9818,9818,0.9433333333333334,discard,5.152815
9819,9819,0.9433333333333334,discard,5.15333
9820,9820,0.9433333333333334,request_rescan,5.153625
9821,9821,0.9433333333333334,discard,5.15488
9822,9822,0.9433333333333334,request_rescan,5.155212
9823,9823,0.9433333333333334,discard,5.155519
9824,9824,0.9433333333333334,discard,5.155812
9825,9825,0.9433333333333334,request_rescan,5.157055
9826,9826,0.9433333333333334,request_rescan,5.157593
9827,9827,0.9433333333333334,request_rescan,5.157963
9828,9828,0.9433333333333334,discard,5.158265
9829,9829,0.9433333333333334,discard,5.159496
9830,9830,0.9433333333333334,discard,5.159818
9831,9831,0.9433333333333334,request_rescan,5.16013
9832,9832,0.9433333333333334,discard,5.16043
9833,9833,0.9433333333333334,discard,5.161648
9834,9834,0.9433333333333334,discard,5.16198
9835,9835,0.9433333333333334,discard,5.162296
9836,9836,0.9433333333333334,request_rescan,5.162629
9837,9837,0.9433333333333334,discard,5.163849
9838,9838,0.9433333333333334,request_rescan,5.164178
9839,9839,0.9433333333333334,discard,5.164488
9840,9840,0.9433333333333334,discard,5.164783
9841,9841,0.9433333333333334,discard,5.165967
9842,9842,0.9433333333333334,discard,5.166285
9843,9843,0.9433333333333334,request_rescan,5.166575
9844,9844,0.9433333333333334,request_rescan,5.166856
9845,9845,0.9433333333333334,request_rescan,5.168023
9846,9846,0.9433333333333334,request_rescan,5.16834
9847,9847,0.9433333333333334,request_rescan,5.168633
9848,9848,0.9433333333333334,request_rescan,5.168916
9849,9849,0.9433333333333334,discard,5.170302
9850,9850,0.9433333333333334,request_rescan,5.170616
9851,9851,0.9433333333333334,discard,5.170909
9852,9852,0.76,request_rescan,5.171069
9853,9853,0.9433333333333334,discard,5.17225
9854,9854,0.9433333333333334,discard,5.172569
9855,9855,0.9433333333333334,discard,5.172863
9856,9856,0.9433333333333334,discard,5.173154
9857,9857,0.9433333333333334,discard,5.174601
9858,9858,0.9433333333333334,discard,5.174915
9859,9859,0.9433333333333334,request_rescan,5.175214
9860,9860,0.9433333333333334,discard,5.175502
9861,9861,0.9433333333333334,request_rescan,5.176686
9862,9862,0.9433333333333334,request_rescan,5.176991
9863,9863,0.9433333333333334,request_rescan,5.177305
9864,9864,0.9433333333333334,request_rescan,5.177599
9865,9865,0.9433333333333334,request_rescan,5.178771
9866,9866,0.9433333333333334,request_rescan,5.179105
9867,9867,0.9433333333333334,request_rescan,5.179415
9868,9868,0.9433333333333334,request_rescan,5.179699
9869,9869,0.9433333333333334,discard,5.180878
9870,9870,0.9433333333333334,discard,5.181198
9871,9871,0.9433333333333334,request_rescan,5.181493
9872,9872,0.9433333333333334,request_rescan,5.181775
9873,9873,0.9433333333333334,request_rescan,5.182935
9874,9874,0.9433333333333334,discard,5.183256
9875,9875,0.9433333333333334,request_rescan,5.183562
9876,9876,0.9433333333333334,discard,5.183853
9877,9877,0.9433333333333334,request_rescan,5.185055
9878,9878,0.9433333333333334,discard,5.185388
9879,9879,0.9433333333333334,request_rescan,5.18569
9880,9880,0.9433333333333334,request_rescan,5.18598
9881,9881,0.9433333333333334,discard,5.187408
9882,9882,0.9433333333333334,request_rescan,5.187729
9883,9883,0.9433333333333334,request_rescan,5.18803
9884,9884,0.9433333333333334,request_rescan,5.188327
9885,9885,0.9433333333333334,request_rescan,5.189573
9886,9886,0.9433333333333334,discard,5.189898
9887,9887,0.9433333333333334,discard,5.190289
9888,9888,0.9433333333333334,request_rescan,5.19066
9889,9889,0.9433333333333334,request_rescan,5.191946
9890,9890,0.9433333333333334,discard,5.192278
9891,9891,0.9433333333333334,discard,5.192582
9892,9892,0.9433333333333334,request_rescan,5.192873
9893,9893,0.9433333333333334,request_rescan,5.194079
9894,9894,0.9433333333333334,request_rescan,5.194411
9895,9895,0.9433333333333334,request_rescan,5.194711
9896,9896,0.9433333333333334,discard,5.195005
9897,9897,0.9433333333333334,discard,5.196247
9898,9898,0.76,log_and_continue,5.196425
9899,9899,0.9433333333333334,request_rescan,5.196741
9900,9900,0.9433333333333334,discard,5.197038
9901,9901,0.9433333333333334,request_rescan,5.198271
9902,9902,0.9433333333333334,discard,5.198599
9903,9903,0.9433333333333334,request_rescan,5.198902
9904,9904,0.9433333333333334,request_rescan,5.199064
9905,9905,0.9433333333333334,request_rescan,5.200273
9906,9906,0.9433333333333334,request_rescan,5.200604
9907,9907,0.9433333333333334,discard,5.200906
9908,9908,0.9433333333333334,discard,5.201202
9909,9909,0.9433333333333334,request_rescan,5.202409
9910,9910,0.9433333333333334,discard,5.202734
9911,9911,0.9433333333333334,discard,5.203038
9912,9912,0.9433333333333334,request_rescan,5.203337
9913,9913,0.9433333333333334,discard,5.204692
9914,9914,0.9433333333333334,discard,5.205013
9915,9915,0.9433333333333334,discard,5.20532
9916,9916,0.9433333333333334,discard,5.205612
9917,9917,0.9433333333333334,request_rescan,5.206948
9918,9918,0.9433333333333334,request_rescan,5.207353
9919,9919,0.9433333333333334,discard,5.207729
9920,9920,0.9433333333333334,discard,5.20802
9921,9921,0.9433333333333334,discard,5.209231
9922,9922,0.9433333333333334,discard,5.209545
9923,9923,0.9433333333333334,discard,5.209844
9924,9924,0.9433333333333334,discard,5.210143
9925,9925,0.9433333333333334,discard,5.211356
9926,9926,0.9433333333333334,discard,5.211532
9927,9927,0.9433333333333334,discard,5.211847
9928,9928,0.9433333333333334,request_rescan,5.212013
9929,9929,0.9433333333333334,request_rescan,5.213257
9930,9930,0.9433333333333334,request_rescan,5.213603
9931,9931,0.9433333333333334,discard,5.213915
9932,9932,0.9433333333333334,request_rescan,5.214209
9933,9933,0.9433333333333334,discard,5.215416
9934,9934,0.9433333333333334,request_rescan,5.215741
9935,9935,0.9433333333333334,request_rescan,5.216041
9936,9936,0.9433333333333334,request_rescan,5.216338
9937,9937,0.9433333333333334,request_rescan,5.217534
9938,9938,0.9433333333333334,discard,5.217859
9939,9939,0.9433333333333334,request_rescan,5.218164
9940,9940,0.9433333333333334,discard,5.218456
9941,9941,0.9433333333333334,discard,5.21991
9942,9942,0.9433333333333334,request_rescan,5.220241
9943,9943,0.9433333333333334,discard,5.220546
9944,9944,0.9433333333333334,request_rescan,5.220838
9945,9945,0.9433333333333334,discard,5.222098
9946,9946,0.9433333333333334,request_rescan,5.222432
9947,9947,0.9433333333333334,request_rescan,5.222741
9948,9948,0.9433333333333334,request_rescan,5.223037
9949,9949,0.9433333333333334,discard,5.224584
9950,9950,0.9433333333333334,request_rescan,5.224909
9951,9951,0.9433333333333334,discard,5.225222
9952,9952,0.9433333333333334,request_rescan,5.225519
9953,9953,0.9433333333333334,discard,5.226751
9954,9954,0.9433333333333334,request_rescan,5.227065
9955,9955,0.9433333333333334,request_rescan,5.227378
9956,9956,0.9433333333333334,discard,5.227683
9957,9957,0.9433333333333334,request_rescan,5.228891
9958,9958,0.9433333333333334,discard,5.229234
9959,9959,0.9433333333333334,discard,5.229562
9960,9960,0.9433333333333334,request_rescan,5.229864
9961,9961,0.9433333333333334,request_rescan,5.231077
9962,9962,0.9433333333333334,discard,5.231414
9963,9963,0.9433333333333334,discard,5.231719
9964,9964,0.9433333333333334,request_rescan,5.232022
9965,9965,0.9433333333333334,request_rescan,5.233249
9966,9966,0.76,discard,5.23343
9967,9967,0.9433333333333334,discard,5.233756
9968,9968,0.9433333333333334,request_rescan,5.234058
9969,9969,0.9433333333333334,discard,5.235267
9970,9970,0.9433333333333334,discard,5.235597
9971,9971,0.9433333333333334,request_rescan,5.236153
9972,9972,0.9433333333333334,discard,5.236452
9973,9973,0.9433333333333334,request_rescan,5.23767
9974,9974,0.9433333333333334,request_rescan,5.237995
9975,9975,0.9433333333333334,request_rescan,5.238306
9976,9976,0.9433333333333334,request_rescan,5.238601
9977,9977,0.9433333333333334,discard,5.239824
9978,9978,0.9433333333333334,discard,5.240262
9979,9979,0.9433333333333334,discard,5.240704
9980,9980,0.9433333333333334,request_rescan,5.241179
9981,9981,0.9433333333333334,request_rescan,5.242404
9982,9982,0.9433333333333334,discard,5.242723
9983,9983,0.9433333333333334,discard,5.243021
9984,9984,0.9433333333333334,discard,5.243321
9985,9985,0.9433333333333334,request_rescan,5.244528
9986,9986,0.9433333333333334,discard,5.244866
9987,9987,0.9433333333333334,discard,5.245183
9988,9988,0.9433333333333334,request_rescan,5.245379
9989,9989,0.9433333333333334,discard,5.246621
9990,9990,0.9433333333333334,discard,5.246947
9991,9991,0.9433333333333334,request_rescan,5.24726
9992,9992,0.9433333333333334,request_rescan,5.247563
9993,9993,0.9433333333333334,request_rescan,5.248788
9994,9994,0.9433333333333334,discard,5.249108
9995,9995,0.9433333333333334,discard,5.249406
9996,9996,0.9433333333333334,discard,5.249697
9997,9997,0.9433333333333334,discard,5.250909
9998,9998,0.9433333333333334,discard,5.251228
9999,9999,0.9433333333333334,discard,5.251542
10000,10000,0.9433333333333334,discard,5.251838
