timestep,episode,reward,decision,elapsed_time
1,1,0.76,discard,0.11176
2,2,0.9433333333333334,discard,0.112722
3,3,0.9433333333333334,discard,0.113374
4,4,0.9433333333333334,discard,0.113991
5,5,0.9433333333333334,request_rescan,0.114722
6,6,0.76,log_and_continue,0.115338
7,7,0.76,request_rescan,0.115912
8,8,0.76,discard,0.116496
9,9,0.9433333333333334,request_rescan,0.117062
10,10,0.6633333333333333,log_and_continue,0.117617
11,11,0.76,discard,0.118188
12,12,0.76,request_rescan,0.11875
13,13,0.76,log_and_continue,0.119322
14,14,0.76,log_and_continue,0.119881
15,15,0.9433333333333334,discard,0.120495
16,16,0.9433333333333334,request_rescan,0.121057
17,17,0.9433333333333334,discard,0.121625
18,18,0.76,request_rescan,0.12218
19,19,0.76,request_rescan,0.12274
20,20,0.6633333333333333,log_and_continue,0.123296
21,21,0.76,log_and_continue,0.123861
22,22,0.76,request_rescan,0.124424
23,23,0.76,discard,0.125
24,24,0.76,log_and_continue,0.12556
25,25,0.76,log_and_continue,0.126117
26,26,0.9433333333333334,discard,0.126679
27,27,0.9433333333333334,request_rescan,0.127262
28,28,0.9433333333333334,discard,0.127805
29,29,0.6633333333333333,log_and_continue,0.128395
30,30,0.76,request_rescan,0.128963
31,31,0.9433333333333334,discard,0.129523
32,32,0.76,log_and_continue,0.130083
33,33,0.6633333333333333,log_and_continue,0.130637
34,34,0.76,discard,0.131197
35,35,0.76,discard,0.13187
36,36,0.76,log_and_continue,0.132481
37,37,0.76,request_rescan,0.133036
38,38,0.76,request_rescan,0.133589
39,39,0.76,discard,0.134143
40,40,0.9433333333333334,request_rescan,0.134684
41,41,0.76,log_and_continue,0.135253
42,42,0.6633333333333333,log_and_continue,0.135793
43,43,0.76,log_and_continue,0.136363
44,44,0.76,request_rescan,0.136912
45,45,0.76,discard,0.137488
46,46,0.76,log_and_continue,0.138016
47,47,0.9433333333333334,request_rescan,0.138552
48,48,0.6633333333333333,log_and_continue,0.139093
49,49,0.9433333333333334,discard,0.139609
50,50,0.76,log_and_continue,0.140151
51,51,0.76,discard,0.140676
52,52,0.9433333333333334,discard,0.141215
53,53,0.6633333333333333,log_and_continue,0.141752
54,54,0.76,request_rescan,0.142308
55,55,0.76,discard,0.142832
56,56,0.9433333333333334,discard,0.143386
57,57,0.76,discard,0.14392
58,58,0.76,discard,0.14449
59,59,0.9433333333333334,discard,0.145031
60,60,0.76,log_and_continue,0.145574
61,61,0.76,request_rescan,0.146566
62,62,0.6633333333333333,log_and_continue,0.147494
63,63,0.9433333333333334,discard,0.148115
64,64,0.76,request_rescan,0.14866
65,65,0.6633333333333333,log_and_continue,0.149208
66,66,0.76,discard,0.149747
67,67,0.76,discard,0.150285
68,68,0.9433333333333334,discard,0.150899
69,69,0.76,discard,0.15148
70,70,0.6633333333333333,log_and_continue,0.152078
71,71,0.9433333333333334,request_rescan,0.152626
72,72,0.6633333333333333,log_and_continue,0.153166
73,73,0.9433333333333334,request_rescan,0.153735
74,74,0.6633333333333333,log_and_continue,0.154282
75,75,0.76,log_and_continue,0.154806
76,76,0.76,discard,0.155385
77,77,0.9433333333333334,discard,0.155958
78,78,0.6633333333333333,log_and_continue,0.156526
79,79,0.6633333333333333,log_and_continue,0.157087
80,80,0.76,request_rescan,0.157642
81,81,0.6633333333333333,log_and_continue,0.158209
82,82,0.76,discard,0.158764
83,83,0.6633333333333333,log_and_continue,0.159325
84,84,0.6633333333333333,log_and_continue,0.159866
85,85,0.6633333333333333,log_and_continue,0.160438
86,86,0.6633333333333333,log_and_continue,0.161052
87,87,0.9433333333333334,discard,0.161629
88,88,0.9433333333333334,discard,0.16218
89,89,0.6633333333333333,log_and_continue,0.162737
90,90,0.76,discard,0.163287
91,91,0.76,log_and_continue,0.163834
92,92,0.9433333333333334,request_rescan,0.164391
93,93,0.76,log_and_continue,0.164935
94,94,0.6633333333333333,log_and_continue,0.165496
95,95,0.76,discard,0.16606
96,96,0.76,log_and_continue,0.16661
97,97,0.9433333333333334,request_rescan,0.16717
98,98,0.76,log_and_continue,0.167718
99,99,0.76,request_rescan,0.168262
100,100,0.6633333333333333,log_and_continue,0.168813
101,101,0.6633333333333333,log_and_continue,0.17032
102,102,0.76,request_rescan,0.170907
103,103,0.76,log_and_continue,0.171481
104,104,0.76,discard,0.172052
105,105,0.76,request_rescan,0.172597
106,106,0.9433333333333334,discard,0.173175
107,107,0.76,log_and_continue,0.173711
108,108,0.6633333333333333,log_and_continue,0.174296
109,109,0.9433333333333334,request_rescan,0.174885
110,110,0.9433333333333334,request_rescan,0.175438
111,111,0.6633333333333333,log_and_continue,0.176049
112,112,0.76,discard,0.176629
113,113,0.76,request_rescan,0.177198
114,114,0.76,discard,0.177747
115,115,0.9433333333333334,request_rescan,0.178313
116,116,0.9433333333333334,discard,0.17887
117,117,0.9433333333333334,request_rescan,0.179435
118,118,0.9433333333333334,discard,0.179992
119,119,0.76,log_and_continue,0.180538
120,120,0.9433333333333334,discard,0.181103
121,121,0.9433333333333334,request_rescan,0.181655
122,122,0.76,discard,0.182259
123,123,0.76,discard,0.182823
124,124,0.9433333333333334,discard,0.183892
125,125,0.76,request_rescan,0.18497
126,126,0.6633333333333333,log_and_continue,0.185536
127,127,0.9433333333333334,request_rescan,0.186096
128,128,0.9433333333333334,request_rescan,0.186665
129,129,0.9433333333333334,request_rescan,0.300219
130,130,0.76,log_and_continue,0.300892
131,131,0.9433333333333334,request_rescan,0.301468
132,132,0.76,log_and_continue,0.302139
133,133,0.76,discard,0.302711
134,134,0.9433333333333334,discard,0.303269
135,135,0.9433333333333334,discard,0.303828
136,136,0.76,log_and_continue,0.304379
137,137,0.76,discard,0.304946
138,138,0.9433333333333334,discard,0.305519
139,139,0.76,discard,0.307688
140,140,0.76,discard,0.308265
141,141,0.76,discard,0.308824
142,142,0.76,log_and_continue,0.309393
143,143,0.9433333333333334,discard,0.309972
144,144,0.76,discard,0.310521
145,145,0.76,request_rescan,0.311098
146,146,0.6633333333333333,log_and_continue,0.311645
147,147,0.9433333333333334,request_rescan,0.312211
148,148,0.9433333333333334,request_rescan,0.312765
149,149,0.9433333333333334,discard,0.313338
150,150,0.76,discard,0.313919
151,151,0.76,discard,0.314473
152,152,0.6633333333333333,log_and_continue,0.315039
153,153,0.76,request_rescan,0.315594
154,154,0.76,request_rescan,0.316152
155,155,0.76,request_rescan,0.316708
156,156,0.76,log_and_continue,0.317277
157,157,0.76,request_rescan,0.317827
158,158,0.9433333333333334,discard,0.318392
159,159,0.76,discard,0.319042
160,160,0.76,log_and_continue,0.319631
161,161,0.9433333333333334,discard,0.3202
162,162,0.76,request_rescan,0.320736
163,163,0.6633333333333333,log_and_continue,0.321265
164,164,0.76,log_and_continue,0.321793
165,165,0.9433333333333334,request_rescan,0.322332
166,166,0.9433333333333334,discard,0.322869
167,167,0.6633333333333333,log_and_continue,0.323407
168,168,0.9433333333333334,request_rescan,0.323937
169,169,0.9433333333333334,discard,0.324474
170,170,0.76,request_rescan,0.325005
171,171,0.76,log_and_continue,0.32553
172,172,0.76,discard,0.326068
173,173,0.6633333333333333,log_and_continue,0.326596
174,174,0.9433333333333334,request_rescan,0.32716
175,175,0.9433333333333334,request_rescan,0.32769
176,176,0.76,log_and_continue,0.328244
177,177,0.9433333333333334,request_rescan,0.328789
178,178,0.76,discard,0.329399
179,179,0.9433333333333334,discard,0.329962
180,180,0.76,log_and_continue,0.330554
181,181,0.9433333333333334,request_rescan,0.33111
182,182,0.76,discard,0.331653
183,183,0.6633333333333333,log_and_continue,0.332207
184,184,0.9433333333333334,request_rescan,0.33278
185,185,0.76,discard,0.333342
186,186,0.76,request_rescan,0.333907
187,187,0.76,request_rescan,0.334825
188,188,0.76,request_rescan,0.335833
189,189,0.9433333333333334,discard,0.336428
190,190,0.76,log_and_continue,0.336961
191,191,0.6633333333333333,log_and_continue,0.337489
192,192,0.76,discard,0.33806
193,193,0.76,request_rescan,0.338641
194,194,0.9433333333333334,discard,0.339188
195,195,0.76,request_rescan,0.339722
196,196,0.9433333333333334,request_rescan,0.340276
197,197,0.76,request_rescan,0.340802
198,198,0.6633333333333333,log_and_continue,0.341338
199,199,0.9433333333333334,request_rescan,0.341872
200,200,0.9433333333333334,request_rescan,0.342403
201,201,0.76,discard,0.343877
202,202,0.9433333333333334,request_rescan,0.344427
203,203,0.76,request_rescan,0.34498
204,204,0.9433333333333334,discard,0.345566
205,205,0.9433333333333334,request_rescan,0.346151
206,206,0.9433333333333334,discard,0.346823
207,207,0.76,request_rescan,0.347376
208,208,0.9433333333333334,request_rescan,0.347899
209,209,0.76,log_and_continue,0.348449
210,210,0.9433333333333334,request_rescan,0.348985
211,211,0.6633333333333333,log_and_continue,0.349591
212,212,0.6633333333333333,log_and_continue,0.350176
213,213,0.76,request_rescan,0.350749
214,214,0.6633333333333333,log_and_continue,0.351319
215,215,0.76,log_and_continue,0.352176
216,216,0.6633333333333333,log_and_continue,0.352906
217,217,0.76,log_and_continue,0.353467
218,218,0.76,discard,0.354014
219,219,0.76,request_rescan,0.354569
220,220,0.9433333333333334,request_rescan,0.355171
221,221,0.9433333333333334,discard,0.355795
222,222,0.76,discard,0.356377
223,223,0.9433333333333334,discard,0.356925
224,224,0.76,request_rescan,0.357496
225,225,0.76,discard,0.358049
226,226,0.76,request_rescan,0.358613
227,227,0.6633333333333333,log_and_continue,0.359161
228,228,0.9433333333333334,discard,0.359713
229,229,0.76,log_and_continue,0.360262
230,230,0.9433333333333334,request_rescan,0.360809
231,231,0.76,log_and_continue,0.36137
232,232,0.9433333333333334,discard,0.361949
233,233,0.9433333333333334,request_rescan,0.362533
234,234,0.9433333333333334,discard,0.363134
235,235,0.9433333333333334,discard,0.363672
236,236,0.76,request_rescan,0.364248
237,237,0.9433333333333334,discard,0.364786
238,238,0.76,request_rescan,0.365338
239,239,0.76,request_rescan,0.365913
240,240,0.76,discard,0.366512
241,241,0.76,request_rescan,0.367071
242,242,0.9433333333333334,request_rescan,0.368012
243,243,0.76,discard,0.36891
244,244,0.76,request_rescan,0.369731
245,245,0.76,log_and_continue,0.370288
246,246,0.6633333333333333,log_and_continue,0.370864
247,247,0.76,discard,0.371417
248,248,0.9433333333333334,discard,0.371998
249,249,0.76,discard,0.372616
250,250,0.76,discard,0.373185
251,251,0.9433333333333334,request_rescan,0.373741
252,252,0.9433333333333334,request_rescan,0.374303
253,253,0.9433333333333334,discard,0.374856
254,254,0.6633333333333333,log_and_continue,0.375406
255,255,0.9433333333333334,discard,0.375973
256,256,0.9433333333333334,discard,0.376532
257,257,0.9433333333333334,discard,0.409648
258,258,0.76,request_rescan,0.410255
259,259,0.76,request_rescan,0.410815
260,260,0.9433333333333334,request_rescan,0.411379
261,261,0.9433333333333334,request_rescan,0.411937
262,262,0.76,discard,0.412501
263,263,0.76,log_and_continue,0.413085
264,264,0.6633333333333333,log_and_continue,0.413622
265,265,0.9433333333333334,request_rescan,0.414201
266,266,0.76,discard,0.414749
267,267,0.6633333333333333,log_and_continue,0.415409
268,268,0.9433333333333334,request_rescan,0.416001
269,269,0.76,discard,0.416565
270,270,0.9433333333333334,request_rescan,0.417133
271,271,0.76,discard,0.417672
272,272,0.76,request_rescan,0.418239
273,273,0.9433333333333334,request_rescan,0.418787
274,274,0.9433333333333334,request_rescan,0.419417
275,275,0.9433333333333334,discard,0.419968
276,276,0.9433333333333334,request_rescan,0.420559
277,277,0.76,request_rescan,0.42114
278,278,0.6633333333333333,log_and_continue,0.421723
279,279,0.76,request_rescan,0.422288
280,280,0.9433333333333334,request_rescan,0.422839
281,281,0.9433333333333334,discard,0.423469
282,282,0.9433333333333334,discard,0.424022
283,283,0.76,discard,0.424582
284,284,0.9433333333333334,request_rescan,0.425151
285,285,0.9433333333333334,request_rescan,0.425701
286,286,0.76,discard,0.426285
287,287,0.76,request_rescan,0.426827
288,288,0.76,discard,0.4274
289,289,0.9433333333333334,request_rescan,0.427958
290,290,0.76,log_and_continue,0.428552
291,291,0.76,discard,0.429115
292,292,0.76,request_rescan,0.429649
293,293,0.9433333333333334,discard,0.430191
294,294,0.76,request_rescan,0.430733
295,295,0.9433333333333334,request_rescan,0.431289
296,296,0.76,discard,0.431825
297,297,0.76,discard,0.432379
298,298,0.76,discard,0.432912
299,299,0.76,discard,0.433448
300,300,0.76,discard,0.434015
301,301,0.76,request_rescan,0.435451
302,302,0.9433333333333334,discard,0.436005
303,303,0.76,request_rescan,0.436559
304,304,0.6633333333333333,log_and_continue,0.43716
305,305,0.9433333333333334,request_rescan,0.437698
306,306,0.9433333333333334,request_rescan,0.438279
307,307,0.9433333333333334,request_rescan,0.438838
308,308,0.76,discard,0.439423
309,309,0.76,request_rescan,0.439963
310,310,0.9433333333333334,request_rescan,0.440533
311,311,0.9433333333333334,discard,0.441093
312,312,0.76,log_and_continue,0.441648
313,313,0.76,discard,0.442224
314,314,0.76,request_rescan,0.442799
315,315,0.9433333333333334,request_rescan,0.443331
316,316,0.6633333333333333,log_and_continue,0.443844
317,317,0.9433333333333334,discard,0.444428
318,318,0.9433333333333334,request_rescan,0.444974
319,319,0.9433333333333334,discard,0.445549
320,320,0.76,request_rescan,0.44611
321,321,0.9433333333333334,request_rescan,0.446658
322,322,0.76,request_rescan,0.447241
323,323,0.76,request_rescan,0.447838
324,324,0.76,log_and_continue,0.448412
325,325,0.9433333333333334,discard,0.44941
326,326,0.9433333333333334,request_rescan,0.450446
327,327,0.9433333333333334,discard,0.451015
328,328,0.6633333333333333,log_and_continue,0.451562
329,329,0.76,request_rescan,0.452131
330,330,0.9433333333333334,discard,0.452671
331,331,0.9433333333333334,discard,0.453236
332,332,0.9433333333333334,discard,0.453845
333,333,0.76,request_rescan,0.454421
334,334,0.76,request_rescan,0.45497
335,335,0.76,discard,0.455538
336,336,0.76,discard,0.456132
337,337,0.76,discard,0.456689
338,338,0.76,request_rescan,0.45724
339,339,0.76,request_rescan,0.457798
340,340,0.9433333333333334,request_rescan,0.458345
341,341,0.76,request_rescan,0.458892
342,342,0.9433333333333334,request_rescan,0.459447
343,343,0.6633333333333333,log_and_continue,0.460015
344,344,0.9433333333333334,discard,0.460572
345,345,0.9433333333333334,discard,0.46114
346,346,0.76,request_rescan,0.461729
347,347,0.9433333333333334,request_rescan,0.462304
348,348,0.9433333333333334,request_rescan,0.462847
349,349,0.9433333333333334,request_rescan,0.463408
350,350,0.76,log_and_continue,0.463955
351,351,0.9433333333333334,request_rescan,0.464546
352,352,0.6633333333333333,log_and_continue,0.465122
353,353,0.76,discard,0.465671
354,354,0.9433333333333334,request_rescan,0.466214
355,355,0.9433333333333334,request_rescan,0.466764
356,356,0.9433333333333334,discard,0.467308
357,357,0.9433333333333334,discard,0.467855
358,358,0.9433333333333334,discard,0.468398
359,359,0.76,request_rescan,0.468966
360,360,0.76,log_and_continue,0.469509
361,361,0.9433333333333334,request_rescan,0.470055
362,362,0.76,request_rescan,0.470613
363,363,0.9433333333333334,discard,0.471162
364,364,0.9433333333333334,request_rescan,0.471716
365,365,0.76,discard,0.472275
366,366,0.76,request_rescan,0.472822
367,367,0.76,log_and_continue,0.47337
368,368,0.9433333333333334,request_rescan,0.473923
369,369,0.76,discard,0.474466
370,370,0.76,request_rescan,0.475022
371,371,0.9433333333333334,request_rescan,0.475561
372,372,0.76,log_and_continue,0.476112
373,373,0.9433333333333334,discard,0.476661
374,374,0.76,discard,0.477206
375,375,0.9433333333333334,request_rescan,0.477747
376,376,0.76,request_rescan,0.478336
377,377,0.9433333333333334,request_rescan,0.478873
378,378,0.9433333333333334,discard,0.479431
379,379,0.76,request_rescan,0.479973
380,380,0.9433333333333334,discard,0.480521
381,381,0.76,discard,0.481066
382,382,0.76,request_rescan,0.48162
383,383,0.76,discard,0.482159
384,384,0.76,request_rescan,0.48272
385,385,0.76,discard,0.517716
386,386,0.9433333333333334,discard,0.518416
387,387,0.76,request_rescan,0.518984
388,388,0.76,discard,0.519532
389,389,0.9433333333333334,request_rescan,0.520093
390,390,0.76,discard,0.520691
391,391,0.76,request_rescan,0.521247
392,392,0.76,request_rescan,0.52182
393,393,0.76,discard,0.522374
394,394,0.76,discard,0.522947
395,395,0.76,log_and_continue,0.52351
396,396,0.9433333333333334,discard,0.524071
397,397,0.9433333333333334,discard,0.524619
398,398,0.9433333333333334,request_rescan,0.525184
399,399,0.76,request_rescan,0.525727
400,400,0.76,discard,0.526292
401,401,0.76,request_rescan,0.52773
402,402,0.9433333333333334,discard,0.528308
403,403,0.76,request_rescan,0.528886
404,404,0.9433333333333334,request_rescan,0.529447
405,405,0.9433333333333334,request_rescan,0.53001
406,406,0.76,request_rescan,0.530559
407,407,0.6633333333333333,log_and_continue,0.531121
408,408,0.6633333333333333,log_and_continue,0.531672
409,409,0.76,discard,0.532277
410,410,0.76,request_rescan,0.532848
411,411,0.76,request_rescan,0.534064
412,412,0.9433333333333334,discard,0.534893
413,413,0.9433333333333334,discard,0.535455
414,414,0.76,request_rescan,0.536015
415,415,0.6633333333333333,log_and_continue,0.536572
416,416,0.6633333333333333,log_and_continue,0.537159
417,417,0.76,request_rescan,0.537721
418,418,0.9433333333333334,discard,0.538261
419,419,0.6633333333333333,log_and_continue,0.538831
420,420,0.6633333333333333,log_and_continue,0.539404
421,421,0.9433333333333334,request_rescan,0.539965
422,422,0.76,discard,0.540509
423,423,0.9433333333333334,request_rescan,0.541077
424,424,0.9433333333333334,request_rescan,0.541636
425,425,0.9433333333333334,discard,0.542201
426,426,0.76,request_rescan,0.542761
427,427,0.76,request_rescan,0.543307
428,428,0.9433333333333334,discard,0.543865
429,429,0.76,discard,0.544415
430,430,0.76,log_and_continue,0.544969
431,431,0.76,log_and_continue,0.545538
432,432,0.9433333333333334,discard,0.546107
433,433,0.76,request_rescan,0.546663
434,434,0.76,request_rescan,0.547205
435,435,0.9433333333333334,discard,0.547756
436,436,0.9433333333333334,request_rescan,0.548314
437,437,0.9433333333333334,request_rescan,0.548859
438,438,0.76,discard,0.549407
439,439,0.9433333333333334,request_rescan,0.549972
440,440,0.76,request_rescan,0.550557
441,441,0.9433333333333334,discard,0.551139
442,442,0.76,log_and_continue,0.552119
443,443,0.76,request_rescan,0.553014
444,444,0.76,request_rescan,0.553574
445,445,0.9433333333333334,request_rescan,0.554181
446,446,0.76,request_rescan,0.554732
447,447,0.9433333333333334,request_rescan,0.555319
448,448,0.76,request_rescan,0.555877
449,449,0.76,discard,0.556444
450,450,0.76,log_and_continue,0.557058
451,451,0.9433333333333334,discard,0.557611
452,452,0.9433333333333334,request_rescan,0.558202
453,453,0.6633333333333333,log_and_continue,0.558747
454,454,0.9433333333333334,request_rescan,0.559325
455,455,0.9433333333333334,discard,0.559891
456,456,0.76,discard,0.560461
457,457,0.6633333333333333,log_and_continue,0.561023
458,458,0.76,request_rescan,0.561607
459,459,0.9433333333333334,request_rescan,0.562162
460,460,0.9433333333333334,discard,0.562714
461,461,0.76,discard,0.563281
462,462,0.9433333333333334,request_rescan,0.56384
463,463,0.76,request_rescan,0.564405
464,464,0.76,log_and_continue,0.56497
465,465,0.6633333333333333,log_and_continue,0.565511
466,466,0.9433333333333334,discard,0.56611
467,467,0.76,request_rescan,0.566664
468,468,0.9433333333333334,request_rescan,0.56723
469,469,0.9433333333333334,discard,0.567782
470,470,0.9433333333333334,request_rescan,0.568351
471,471,0.76,discard,0.56891
472,472,0.9433333333333334,request_rescan,0.569472
473,473,0.9433333333333334,discard,0.570029
474,474,0.76,log_and_continue,0.570622
475,475,0.9433333333333334,discard,0.571182
476,476,0.76,request_rescan,0.571734
477,477,0.9433333333333334,discard,0.572291
478,478,0.9433333333333334,request_rescan,0.57284
479,479,0.9433333333333334,discard,0.573391
480,480,0.76,log_and_continue,0.573959
481,481,0.9433333333333334,discard,0.574502
482,482,0.76,discard,0.575073
483,483,0.76,request_rescan,0.57562
484,484,0.9433333333333334,request_rescan,0.57619
485,485,0.76,request_rescan,0.576739
486,486,0.76,discard,0.577307
487,487,0.9433333333333334,request_rescan,0.577866
488,488,0.76,discard,0.578431
489,489,0.76,request_rescan,0.578973
490,490,0.9433333333333334,discard,0.579531
491,491,0.9433333333333334,discard,0.580082
492,492,0.9433333333333334,discard,0.58064
493,493,0.9433333333333334,request_rescan,0.581192
494,494,0.9433333333333334,request_rescan,0.581748
495,495,0.9433333333333334,discard,0.582311
496,496,0.76,discard,0.582854
497,497,0.9433333333333334,discard,0.583396
498,498,0.76,discard,0.583971
499,499,0.9433333333333334,request_rescan,0.584519
500,500,0.6633333333333333,log_and_continue,0.585096
501,501,0.76,request_rescan,0.586548
502,502,0.9433333333333334,discard,0.587155
503,503,0.9433333333333334,discard,0.587727
504,504,0.76,log_and_continue,0.588309
505,505,0.9433333333333334,discard,0.58886
506,506,0.76,request_rescan,0.589415
507,507,0.9433333333333334,request_rescan,0.58997
508,508,0.76,discard,0.59051
509,509,0.76,request_rescan,0.591055
510,510,0.9433333333333334,request_rescan,0.591642
511,511,0.9433333333333334,discard,0.592205
512,512,0.76,discard,0.592754
513,513,0.76,request_rescan,0.628048
514,514,0.9433333333333334,discard,0.628696
515,515,0.76,discard,0.629281
516,516,0.76,discard,0.629844
517,517,0.76,discard,0.630408
518,518,0.9433333333333334,request_rescan,0.630998
519,519,0.76,request_rescan,0.631955
520,520,0.9433333333333334,request_rescan,0.632524
521,521,0.9433333333333334,request_rescan,0.633096
522,522,0.9433333333333334,discard,0.63367
523,523,0.76,request_rescan,0.634236
524,524,0.76,discard,0.634825
525,525,0.76,discard,0.635406
526,526,0.76,request_rescan,0.635968
527,527,0.9433333333333334,request_rescan,0.636671
528,528,0.9433333333333334,request_rescan,0.637556
529,529,0.76,request_rescan,0.638253
530,530,0.76,request_rescan,0.638817
531,531,0.9433333333333334,request_rescan,0.63938
532,532,0.9433333333333334,request_rescan,0.639938
533,533,0.76,discard,0.640503
534,534,0.9433333333333334,discard,0.64107
535,535,0.9433333333333334,request_rescan,0.641629
536,536,0.76,discard,0.642195
537,537,0.9433333333333334,discard,0.642751
538,538,0.9433333333333334,discard,0.643326
539,539,0.9433333333333334,discard,0.643876
540,540,0.9433333333333334,discard,0.644447
541,541,0.9433333333333334,discard,0.645053
542,542,0.9433333333333334,request_rescan,0.645996
543,543,0.76,discard,0.646553
544,544,0.76,request_rescan,0.647125
545,545,0.9433333333333334,discard,0.647675
546,546,0.76,log_and_continue,0.648251
547,547,0.9433333333333334,request_rescan,0.648826
548,548,0.76,discard,0.649406
549,549,0.9433333333333334,request_rescan,0.649962
550,550,0.76,discard,0.650535
551,551,0.76,request_rescan,0.651097
552,552,0.76,log_and_continue,0.651664
553,553,0.9433333333333334,request_rescan,0.652236
554,554,0.9433333333333334,request_rescan,0.652792
555,555,0.76,discard,0.653795
556,556,0.9433333333333334,discard,0.654468
557,557,0.9433333333333334,discard,0.655103
558,558,0.76,request_rescan,0.655691
559,559,0.76,discard,0.656277
560,560,0.9433333333333334,request_rescan,0.656839
561,561,0.76,request_rescan,0.657418
562,562,0.9433333333333334,discard,0.657988
563,563,0.76,discard,0.658557
564,564,0.9433333333333334,request_rescan,0.659127
565,565,0.9433333333333334,discard,0.659695
566,566,0.9433333333333334,discard,0.660306
567,567,0.9433333333333334,request_rescan,0.660862
568,568,0.76,discard,0.661462
569,569,0.9433333333333334,discard,0.662019
570,570,0.76,discard,0.66259
571,571,0.76,discard,0.663144
572,572,0.9433333333333334,discard,0.663716
573,573,0.76,discard,0.664279
574,574,0.9433333333333334,request_rescan,0.664826
575,575,0.76,discard,0.665398
576,576,0.76,request_rescan,0.665954
577,577,0.76,request_rescan,0.666517
578,578,0.76,discard,0.667063
579,579,0.76,discard,0.667628
580,580,0.76,discard,0.668209
581,581,0.9433333333333334,request_rescan,0.668781
582,582,0.9433333333333334,request_rescan,0.669343
583,583,0.76,discard,0.669889
584,584,0.9433333333333334,discard,0.670478
585,585,0.9433333333333334,request_rescan,0.671039
586,586,0.9433333333333334,discard,0.671616
587,587,0.76,discard,0.672165
588,588,0.9433333333333334,request_rescan,0.672711
589,589,0.6633333333333333,log_and_continue,0.673278
590,590,0.76,request_rescan,0.673831
591,591,0.76,request_rescan,0.674403
592,592,0.76,request_rescan,0.674963
593,593,0.76,discard,0.67552
594,594,0.76,request_rescan,0.676079
595,595,0.9433333333333334,discard,0.676632
596,596,0.9433333333333334,request_rescan,0.677189
597,597,0.9433333333333334,discard,0.677758
598,598,0.9433333333333334,request_rescan,0.67833
599,599,0.76,request_rescan,0.678892
600,600,0.76,discard,0.679438
601,601,0.9433333333333334,request_rescan,0.68091
602,602,0.76,discard,0.681477
603,603,0.9433333333333334,request_rescan,0.682045
604,604,0.76,request_rescan,0.682624
605,605,0.76,discard,0.683223
606,606,0.9433333333333334,discard,0.683782
607,607,0.9433333333333334,request_rescan,0.684361
608,608,0.76,discard,0.684931
609,609,0.9433333333333334,discard,0.685523
610,610,0.9433333333333334,discard,0.686115
611,611,0.9433333333333334,discard,0.686695
612,612,0.9433333333333334,request_rescan,0.687309
613,613,0.76,discard,0.687865
614,614,0.9433333333333334,request_rescan,0.688437
615,615,0.9433333333333334,discard,0.689
616,616,0.9433333333333334,request_rescan,0.689568
617,617,0.9433333333333334,request_rescan,0.690121
618,618,0.9433333333333334,discard,0.690689
619,619,0.9433333333333334,request_rescan,0.691252
620,620,0.9433333333333334,discard,0.691828
621,621,0.76,discard,0.692396
622,622,0.9433333333333334,request_rescan,0.692948
623,623,0.76,discard,0.693551
624,624,0.9433333333333334,request_rescan,0.694132
625,625,0.76,discard,0.694699
626,626,0.76,discard,0.695267
627,627,0.76,discard,0.695865
628,628,0.76,request_rescan,0.696435
629,629,0.9433333333333334,discard,0.697003
630,630,0.9433333333333334,discard,0.697564
631,631,0.76,request_rescan,0.698115
632,632,0.76,discard,0.698708
633,633,0.76,discard,0.699283
634,634,0.76,discard,0.70017
635,635,0.9433333333333334,discard,0.701174
636,636,0.6633333333333333,log_and_continue,0.701728
637,637,0.76,discard,0.702295
638,638,0.76,discard,0.702859
639,639,0.76,discard,0.703468
640,640,0.9433333333333334,discard,0.704073
641,641,0.76,discard,0.736707
642,642,0.9433333333333334,discard,0.737411
643,643,0.9433333333333334,request_rescan,0.737994
644,644,0.76,request_rescan,0.738563
645,645,0.76,discard,0.739122
646,646,0.9433333333333334,request_rescan,0.73969
647,647,0.9433333333333334,request_rescan,0.740241
648,648,0.9433333333333334,discard,0.740796
649,649,0.76,request_rescan,0.741357
650,650,0.9433333333333334,request_rescan,0.741907
651,651,0.9433333333333334,discard,0.742471
652,652,0.76,request_rescan,0.74303
653,653,0.76,discard,0.743591
654,654,0.9433333333333334,request_rescan,0.744166
655,655,0.9433333333333334,request_rescan,0.744722
656,656,0.76,request_rescan,0.7453
657,657,0.76,request_rescan,0.746174
658,658,0.9433333333333334,request_rescan,0.74674
659,659,0.9433333333333334,request_rescan,0.747316
660,660,0.76,request_rescan,0.747869
661,661,0.76,discard,0.748434
662,662,0.76,discard,0.748999
663,663,0.76,discard,0.74956
664,664,0.9433333333333334,request_rescan,0.750516
665,665,0.9433333333333334,discard,0.751139
666,666,0.76,discard,0.751698
667,667,0.9433333333333334,discard,0.752265
668,668,0.76,discard,0.752819
669,669,0.76,discard,0.753388
670,670,0.9433333333333334,discard,0.753939
671,671,0.76,discard,0.75451
672,672,0.76,request_rescan,0.75508
673,673,0.9433333333333334,request_rescan,0.755649
674,674,0.6633333333333333,log_and_continue,0.756222
675,675,0.9433333333333334,discard,0.756775
676,676,0.76,request_rescan,0.75735
677,677,0.76,request_rescan,0.757905
678,678,0.76,discard,0.75848
679,679,0.9433333333333334,request_rescan,0.759038
680,680,0.76,discard,0.759607
681,681,0.9433333333333334,request_rescan,0.760162
682,682,0.76,discard,0.760726
683,683,0.76,request_rescan,0.761284
684,684,0.76,discard,0.761842
685,685,0.9433333333333334,request_rescan,0.762402
686,686,0.76,request_rescan,0.762953
687,687,0.76,request_rescan,0.763521
688,688,0.76,request_rescan,0.764083
689,689,0.6633333333333333,log_and_continue,0.764647
690,690,0.9433333333333334,request_rescan,0.765219
691,691,0.9433333333333334,request_rescan,0.765768
692,692,0.76,discard,0.766343
693,693,0.9433333333333334,discard,0.766898
694,694,0.9433333333333334,request_rescan,0.767474
695,695,0.9433333333333334,discard,0.768032
696,696,0.9433333333333334,discard,0.768591
697,697,0.76,discard,0.769158
698,698,0.76,request_rescan,0.769726
699,699,0.9433333333333334,request_rescan,0.770281
700,700,0.9433333333333334,request_rescan,0.770845
701,701,0.76,discard,0.772296
702,702,0.9433333333333334,request_rescan,0.772851
703,703,0.9433333333333334,request_rescan,0.773425
704,704,0.76,discard,0.773981
705,705,0.9433333333333334,request_rescan,0.774538
706,706,0.76,request_rescan,0.775096
707,707,0.9433333333333334,request_rescan,0.775649
708,708,0.76,discard,0.776216
709,709,0.9433333333333334,discard,0.776765
710,710,0.76,discard,0.777333
711,711,0.9433333333333334,discard,0.7779
712,712,0.9433333333333334,request_rescan,0.778466
713,713,0.76,request_rescan,0.779017
714,714,0.76,request_rescan,0.779583
715,715,0.76,request_rescan,0.780135
716,716,0.9433333333333334,discard,0.780702
717,717,0.9433333333333334,discard,0.781279
718,718,0.76,request_rescan,0.781844
719,719,0.9433333333333334,discard,0.782394
720,720,0.9433333333333334,request_rescan,0.782974
721,721,0.9433333333333334,request_rescan,0.783547
722,722,0.9433333333333334,request_rescan,0.784133
723,723,0.76,request_rescan,0.785427
724,724,0.9433333333333334,request_rescan,0.785996
725,725,0.9433333333333334,request_rescan,0.78655
726,726,0.9433333333333334,discard,0.78712
727,727,0.6633333333333333,log_and_continue,0.787668
728,728,0.9433333333333334,request_rescan,0.788291
729,729,0.9433333333333334,discard,0.788858
730,730,0.9433333333333334,request_rescan,0.789427
731,731,0.76,request_rescan,0.790006
732,732,0.9433333333333334,request_rescan,0.790557
733,733,0.76,discard,0.791122
734,734,0.9433333333333334,discard,0.791662
735,735,0.9433333333333334,request_rescan,0.79222
736,736,0.76,discard,0.792767
737,737,0.9433333333333334,request_rescan,0.79332
738,738,0.76,discard,0.793896
739,739,0.76,request_rescan,0.794466
740,740,0.6633333333333333,log_and_continue,0.795109
741,741,0.76,discard,0.795961
742,742,0.76,request_rescan,0.796538
743,743,0.9433333333333334,discard,0.797097
744,744,0.9433333333333334,request_rescan,0.797639
745,745,0.9433333333333334,request_rescan,0.798234
746,746,0.9433333333333334,discard,0.798805
747,747,0.9433333333333334,discard,0.799363
748,748,0.9433333333333334,discard,0.799911
749,749,0.76,request_rescan,0.800474
750,750,0.76,discard,0.801028
751,751,0.9433333333333334,request_rescan,0.802115
752,752,0.76,discard,0.802701
753,753,0.76,discard,0.803277
754,754,0.9433333333333334,discard,0.803836
755,755,0.9433333333333334,discard,0.804388
756,756,0.9433333333333334,discard,0.804965
757,757,0.9433333333333334,discard,0.805528
758,758,0.9433333333333334,discard,0.806083
759,759,0.9433333333333334,request_rescan,0.806625
760,760,0.76,discard,0.807184
761,761,0.76,request_rescan,0.807731
762,762,0.76,request_rescan,0.808313
763,763,0.76,request_rescan,0.808858
764,764,0.76,request_rescan,0.809463
765,765,0.9433333333333334,request_rescan,0.810028
766,766,0.76,request_rescan,0.810594
767,767,0.76,request_rescan,0.811184
768,768,0.76,request_rescan,0.811738
769,769,0.76,request_rescan,0.850625
770,770,0.76,discard,0.851589
771,771,0.9433333333333334,discard,0.852137
772,772,0.76,request_rescan,0.852704
773,773,0.9433333333333334,discard,0.853254
774,774,0.9433333333333334,request_rescan,0.853811
775,775,0.9433333333333334,request_rescan,0.854359
776,776,0.76,request_rescan,0.854912
777,777,0.76,request_rescan,0.855456
778,778,0.9433333333333334,request_rescan,0.856019
779,779,0.76,discard,0.856557
780,780,0.9433333333333334,request_rescan,0.857111
781,781,0.9433333333333334,discard,0.857655
782,782,0.76,discard,0.858201
783,783,0.9433333333333334,request_rescan,0.858753
784,784,0.9433333333333334,request_rescan,0.859302
785,785,0.76,discard,0.859854
786,786,0.76,discard,0.860409
787,787,0.9433333333333334,discard,0.860962
788,788,0.9433333333333334,discard,0.86152
789,789,0.76,discard,0.862101
790,790,0.9433333333333334,request_rescan,0.862635
791,791,0.76,request_rescan,0.863191
792,792,0.76,request_rescan,0.863724
793,793,0.76,discard,0.864265
794,794,0.76,discard,0.864806
795,795,0.9433333333333334,request_rescan,0.865344
796,796,0.76,request_rescan,0.86589
797,797,0.9433333333333334,request_rescan,0.866423
798,798,0.9433333333333334,request_rescan,0.86697
799,799,0.76,request_rescan,0.8675
800,800,0.76,request_rescan,0.868052
801,801,0.9433333333333334,discard,0.869494
802,802,0.9433333333333334,discard,0.87004
803,803,0.76,request_rescan,0.870597
804,804,0.9433333333333334,request_rescan,0.871136
805,805,0.9433333333333334,discard,0.871687
806,806,0.76,request_rescan,0.872238
807,807,0.76,request_rescan,0.872784
808,808,0.76,request_rescan,0.873322
809,809,0.9433333333333334,request_rescan,0.873866
810,810,0.9433333333333334,request_rescan,0.8744
811,811,0.76,discard,0.874977
812,812,0.76,request_rescan,0.87552
813,813,0.9433333333333334,request_rescan,0.876099
814,814,0.9433333333333334,request_rescan,0.876642
815,815,0.9433333333333334,request_rescan,0.877204
816,816,0.9433333333333334,request_rescan,0.877752
817,817,0.9433333333333334,discard,0.878492
818,818,0.76,request_rescan,0.879071
819,819,0.9433333333333334,request_rescan,0.879636
820,820,0.9433333333333334,request_rescan,0.880221
821,821,0.76,request_rescan,0.880774
822,822,0.9433333333333334,request_rescan,0.88132
823,823,0.76,discard,0.881887
824,824,0.9433333333333334,discard,0.882483
825,825,0.9433333333333334,request_rescan,0.88339
826,826,0.76,request_rescan,0.884474
827,827,0.76,discard,0.88506
828,828,0.9433333333333334,request_rescan,0.885601
829,829,0.9433333333333334,request_rescan,0.886201
830,830,0.9433333333333334,request_rescan,0.886749
831,831,0.76,request_rescan,0.887355
832,832,0.76,discard,0.887903
833,833,0.9433333333333334,request_rescan,0.888516
834,834,0.9433333333333334,request_rescan,0.889081
835,835,0.9433333333333334,request_rescan,0.889629
836,836,0.9433333333333334,request_rescan,0.890225
837,837,0.76,discard,0.890763
838,838,0.9433333333333334,request_rescan,0.891354
839,839,0.76,request_rescan,0.891891
840,840,0.9433333333333334,discard,0.892472
841,841,0.76,request_rescan,0.893036
842,842,0.9433333333333334,discard,0.893587
843,843,0.9433333333333334,request_rescan,0.89418
844,844,0.9433333333333334,request_rescan,0.894766
845,845,0.76,discard,0.895687
846,846,0.76,discard,0.896241
847,847,0.76,request_rescan,0.896795
848,848,0.9433333333333334,request_rescan,0.897344
849,849,0.76,request_rescan,0.897892
850,850,0.76,request_rescan,0.898449
851,851,0.76,request_rescan,0.899008
852,852,0.76,discard,0.899558
853,853,0.76,request_rescan,0.900266
854,854,0.9433333333333334,discard,0.901189
855,855,0.9433333333333334,request_rescan,0.901741
856,856,0.9433333333333334,request_rescan,0.902296
857,857,0.76,discard,0.90284
858,858,0.76,discard,0.903399
859,859,0.9433333333333334,request_rescan,0.903973
860,860,0.9433333333333334,discard,0.904516
861,861,0.76,request_rescan,0.905083
862,862,0.9433333333333334,discard,0.90565
863,863,0.9433333333333334,discard,0.906221
864,864,0.9433333333333334,request_rescan,0.906775
865,865,0.9433333333333334,request_rescan,0.907342
866,866,0.76,request_rescan,0.907906
867,867,0.9433333333333334,request_rescan,0.908459
868,868,0.9433333333333334,request_rescan,0.909029
869,869,0.76,request_rescan,0.909586
870,870,0.76,request_rescan,0.91016
871,871,0.76,request_rescan,0.910714
872,872,0.9433333333333334,discard,0.911285
873,873,0.9433333333333334,request_rescan,0.911842
874,874,0.9433333333333334,discard,0.912409
875,875,0.9433333333333334,request_rescan,0.912964
876,876,0.9433333333333334,discard,0.913526
877,877,0.76,request_rescan,0.914082
878,878,0.9433333333333334,discard,0.91464
879,879,0.9433333333333334,discard,0.916281
880,880,0.9433333333333334,request_rescan,0.916853
881,881,0.9433333333333334,request_rescan,0.917404
882,882,0.9433333333333334,request_rescan,0.91796
883,883,0.9433333333333334,request_rescan,0.918499
884,884,0.76,discard,0.919061
885,885,0.9433333333333334,discard,0.919606
886,886,0.76,request_rescan,0.920156
887,887,0.9433333333333334,discard,0.920699
888,888,0.76,request_rescan,0.921258
889,889,0.76,request_rescan,0.921802
890,890,0.9433333333333334,request_rescan,0.922361
891,891,0.76,request_rescan,0.922921
892,892,0.76,discard,0.923498
893,893,0.76,discard,0.924058
894,894,0.9433333333333334,discard,0.92462
895,895,0.9433333333333334,request_rescan,0.925193
896,896,0.76,request_rescan,0.925734
897,897,0.9433333333333334,discard,0.956573
898,898,0.76,request_rescan,0.957205
899,899,0.9433333333333334,discard,0.957763
900,900,0.76,request_rescan,0.958353
901,901,0.76,request_rescan,0.959784
902,902,0.9433333333333334,request_rescan,0.96036
903,903,0.9433333333333334,request_rescan,0.960917
904,904,0.76,request_rescan,0.961522
905,905,0.9433333333333334,discard,0.9621
906,906,0.76,request_rescan,0.962875
907,907,0.76,request_rescan,0.963466
908,908,0.9433333333333334,request_rescan,0.964015
909,909,0.9433333333333334,discard,0.964589
910,910,0.76,request_rescan,0.965166
911,911,0.76,request_rescan,0.965887
912,912,0.76,request_rescan,0.96681
913,913,0.76,request_rescan,0.96739
914,914,0.76,request_rescan,0.967948
915,915,0.76,request_rescan,0.968512
916,916,0.76,discard,0.969075
917,917,0.9433333333333334,request_rescan,0.96964
918,918,0.76,discard,0.970238
919,919,0.9433333333333334,request_rescan,0.97087
920,920,0.76,discard,0.971429
921,921,0.76,discard,0.972001
922,922,0.76,discard,0.97255
923,923,0.76,request_rescan,0.973125
924,924,0.76,request_rescan,0.973681
925,925,0.76,request_rescan,0.974255
926,926,0.9433333333333334,request_rescan,0.974806
927,927,0.9433333333333334,discard,0.975377
928,928,0.9433333333333334,request_rescan,0.975954
929,929,0.9433333333333334,discard,0.976517
930,930,0.76,request_rescan,0.977085
931,931,0.76,request_rescan,0.977651
932,932,0.76,request_rescan,0.978221
933,933,0.9433333333333334,discard,0.978802
934,934,0.9433333333333334,request_rescan,0.97937
935,935,0.76,request_rescan,0.979925
936,936,0.76,request_rescan,0.980519
937,937,0.76,request_rescan,0.981078
938,938,0.9433333333333334,request_rescan,0.981659
939,939,0.9433333333333334,request_rescan,0.982239
940,940,0.9433333333333334,request_rescan,0.983148
941,941,0.9433333333333334,request_rescan,0.98396
942,942,0.9433333333333334,discard,0.984519
943,943,0.76,request_rescan,0.985081
944,944,0.9433333333333334,discard,0.985648
945,945,0.9433333333333334,discard,0.986232
946,946,0.76,request_rescan,0.986813
947,947,0.76,log_and_continue,0.987433
948,948,0.76,request_rescan,0.988016
949,949,0.9433333333333334,discard,0.98859
950,950,0.76,discard,0.989165
951,951,0.9433333333333334,request_rescan,0.989726
952,952,0.9433333333333334,request_rescan,0.990291
953,953,0.9433333333333334,discard,0.990867
954,954,0.76,request_rescan,0.991469
955,955,0.76,request_rescan,0.992073
956,956,0.76,request_rescan,0.992646
957,957,0.9433333333333334,request_rescan,0.993229
958,958,0.9433333333333334,request_rescan,0.99378
959,959,0.76,request_rescan,0.994353
960,960,0.9433333333333334,discard,0.994921
961,961,0.76,discard,0.995504
962,962,0.76,request_rescan,0.996393
963,963,0.9433333333333334,request_rescan,0.996971
964,964,0.9433333333333334,request_rescan,0.997582
965,965,0.9433333333333334,request_rescan,0.998157
966,966,0.76,request_rescan,0.998722
967,967,0.76,discard,0.999786
968,968,0.9433333333333334,request_rescan,1.000374
969,969,0.76,request_rescan,1.000955
970,970,0.76,discard,1.001508
971,971,0.9433333333333334,request_rescan,1.002068
972,972,0.76,discard,1.002631
973,973,0.76,discard,1.003215
974,974,0.76,request_rescan,1.003812
975,975,0.9433333333333334,request_rescan,1.004389
976,976,0.9433333333333334,request_rescan,1.00494
977,977,0.76,discard,1.005498
978,978,0.9433333333333334,request_rescan,1.006068
979,979,0.9433333333333334,discard,1.006631
980,980,0.9433333333333334,discard,1.007202
981,981,0.9433333333333334,discard,1.00777
982,982,0.9433333333333334,request_rescan,1.00833
983,983,0.9433333333333334,request_rescan,1.008894
984,984,0.76,discard,1.00945
985,985,0.76,request_rescan,1.010017
986,986,0.76,request_rescan,1.010575
987,987,0.9433333333333334,discard,1.011143
988,988,0.9433333333333334,request_rescan,1.011702
989,989,0.76,request_rescan,1.012255
990,990,0.9433333333333334,request_rescan,1.012825
991,991,0.9433333333333334,request_rescan,1.013381
992,992,0.76,request_rescan,1.013951
993,993,0.9433333333333334,discard,1.014498
994,994,0.76,request_rescan,1.01505
995,995,0.76,request_rescan,1.01563
996,996,0.9433333333333334,request_rescan,1.017164
997,997,0.9433333333333334,request_rescan,1.017734
998,998,0.76,discard,1.018282
999,999,0.76,discard,1.018842
1000,1000,0.76,request_rescan,1.019393
1001,1001,0.9433333333333334,discard,1.020809
1002,1002,0.76,request_rescan,1.021359
1003,1003,0.76,request_rescan,1.021922
1004,1004,0.76,discard,1.022506
1005,1005,0.76,request_rescan,1.023075
1006,1006,0.9433333333333334,request_rescan,1.023636
1007,1007,0.9433333333333334,request_rescan,1.024186
1008,1008,0.9433333333333334,discard,1.024742
1009,1009,0.76,request_rescan,1.025293
1010,1010,0.76,request_rescan,1.025842
1011,1011,0.76,request_rescan,1.026398
1012,1012,0.9433333333333334,discard,1.026953
1013,1013,0.9433333333333334,discard,1.027516
1014,1014,0.76,request_rescan,1.028076
1015,1015,0.9433333333333334,discard,1.028635
1016,1016,0.76,request_rescan,1.02919
1017,1017,0.76,request_rescan,1.029735
1018,1018,0.6633333333333333,log_and_continue,1.030289
1019,1019,0.76,discard,1.030867
1020,1020,0.9433333333333334,request_rescan,1.031447
1021,1021,0.9433333333333334,request_rescan,1.032014
1022,1022,0.76,request_rescan,1.032998
1023,1023,0.76,request_rescan,1.033973
1024,1024,0.9433333333333334,request_rescan,1.034516
1025,1025,0.9433333333333334,request_rescan,1.077029
1026,1026,0.76,discard,1.077628
1027,1027,0.76,request_rescan,1.078185
1028,1028,0.76,request_rescan,1.078746
1029,1029,0.9433333333333334,request_rescan,1.079292
1030,1030,0.9433333333333334,discard,1.079844
1031,1031,0.9433333333333334,request_rescan,1.080396
1032,1032,0.76,discard,1.080952
1033,1033,0.76,request_rescan,1.081501
1034,1034,0.76,request_rescan,1.082048
1035,1035,0.76,request_rescan,1.082602
1036,1036,0.76,request_rescan,1.083168
1037,1037,0.9433333333333334,discard,1.083711
1038,1038,0.76,discard,1.084255
1039,1039,0.9433333333333334,request_rescan,1.084808
1040,1040,0.9433333333333334,request_rescan,1.08537
1041,1041,0.9433333333333334,discard,1.08592
1042,1042,0.76,request_rescan,1.086488
1043,1043,0.76,discard,1.087083
1044,1044,0.9433333333333334,discard,1.087603
1045,1045,0.76,discard,1.088127
1046,1046,0.76,request_rescan,1.088648
1047,1047,0.76,request_rescan,1.08919
1048,1048,0.9433333333333334,discard,1.089707
1049,1049,0.9433333333333334,discard,1.09023
1050,1050,0.76,request_rescan,1.090747
1051,1051,0.76,discard,1.091277
1052,1052,0.76,discard,1.09179
1053,1053,0.9433333333333334,request_rescan,1.092329
1054,1054,0.76,discard,1.092885
1055,1055,0.76,request_rescan,1.093447
1056,1056,0.9433333333333334,request_rescan,1.09401
1057,1057,0.76,discard,1.094542
1058,1058,0.76,discard,1.095085
1059,1059,0.9433333333333334,request_rescan,1.09562
1060,1060,0.9433333333333334,discard,1.096509
1061,1061,0.76,request_rescan,1.097475
1062,1062,0.76,discard,1.098043
1063,1063,0.76,request_rescan,1.098585
1064,1064,0.9433333333333334,request_rescan,1.099148
1065,1065,0.76,request_rescan,1.099684
1066,1066,0.9433333333333334,request_rescan,1.100246
1067,1067,0.9433333333333334,request_rescan,1.100804
1068,1068,0.9433333333333334,discard,1.101371
1069,1069,0.76,request_rescan,1.101906
1070,1070,0.9433333333333334,request_rescan,1.102485
1071,1071,0.76,discard,1.103025
1072,1072,0.76,request_rescan,1.103575
1073,1073,0.9433333333333334,discard,1.104147
1074,1074,0.76,request_rescan,1.1047
1075,1075,0.9433333333333334,request_rescan,1.105261
1076,1076,0.9433333333333334,request_rescan,1.105818
1077,1077,0.9433333333333334,request_rescan,1.10637
1078,1078,0.9433333333333334,request_rescan,1.106909
1079,1079,0.9433333333333334,discard,1.10746
1080,1080,0.9433333333333334,request_rescan,1.108013
1081,1081,0.9433333333333334,request_rescan,1.108562
1082,1082,0.9433333333333334,request_rescan,1.109117
1083,1083,0.76,discard,1.109686
1084,1084,0.9433333333333334,request_rescan,1.110242
1085,1085,0.76,discard,1.110792
1086,1086,0.9433333333333334,discard,1.111359
1087,1087,0.9433333333333334,discard,1.111895
1088,1088,0.76,discard,1.11245
1089,1089,0.9433333333333334,discard,1.112997
1090,1090,0.76,request_rescan,1.113552
1091,1091,0.9433333333333334,discard,1.114092
1092,1092,0.9433333333333334,discard,1.114642
1093,1093,0.76,request_rescan,1.115184
1094,1094,0.9433333333333334,request_rescan,1.115721
1095,1095,0.9433333333333334,request_rescan,1.116276
1096,1096,0.9433333333333334,discard,1.116809
1097,1097,0.9433333333333334,discard,1.118368
1098,1098,0.9433333333333334,request_rescan,1.118919
1099,1099,0.76,request_rescan,1.119536
1100,1100,0.76,discard,1.120078
1101,1101,0.76,discard,1.121539
1102,1102,0.76,request_rescan,1.122114
1103,1103,0.76,request_rescan,1.122677
1104,1104,0.76,request_rescan,1.123245
1105,1105,0.9433333333333334,discard,1.1238
1106,1106,0.76,discard,1.124382
1107,1107,0.76,request_rescan,1.124977
1108,1108,0.9433333333333334,discard,1.125533
1109,1109,0.76,discard,1.126106
1110,1110,0.9433333333333334,request_rescan,1.126655
1111,1111,0.9433333333333334,request_rescan,1.127231
1112,1112,0.9433333333333334,discard,1.127786
1113,1113,0.9433333333333334,discard,1.128368
1114,1114,0.76,request_rescan,1.12895
1115,1115,0.9433333333333334,request_rescan,1.1295
1116,1116,0.9433333333333334,request_rescan,1.130068
1117,1117,0.76,request_rescan,1.130616
1118,1118,0.9433333333333334,discard,1.131164
1119,1119,0.9433333333333334,request_rescan,1.131754
1120,1120,0.76,discard,1.132333
1121,1121,0.76,request_rescan,1.132895
1122,1122,0.76,discard,1.134148
1123,1123,0.9433333333333334,discard,1.134785
1124,1124,0.9433333333333334,request_rescan,1.135345
1125,1125,0.9433333333333334,request_rescan,1.135891
1126,1126,0.9433333333333334,discard,1.136461
1127,1127,0.76,discard,1.137048
1128,1128,0.9433333333333334,request_rescan,1.137647
1129,1129,0.9433333333333334,discard,1.138207
1130,1130,0.9433333333333334,discard,1.138769
1131,1131,0.76,request_rescan,1.13933
1132,1132,0.9433333333333334,request_rescan,1.139884
1133,1133,0.9433333333333334,request_rescan,1.140444
1134,1134,0.76,request_rescan,1.141011
1135,1135,0.76,discard,1.141559
1136,1136,0.76,request_rescan,1.142125
1137,1137,0.76,request_rescan,1.142669
1138,1138,0.76,discard,1.143221
1139,1139,0.9433333333333334,request_rescan,1.143773
1140,1140,0.76,discard,1.144346
1141,1141,0.76,request_rescan,1.144926
1142,1142,0.9433333333333334,request_rescan,1.145505
1143,1143,0.76,request_rescan,1.146302
1144,1144,0.76,discard,1.146846
1145,1145,0.9433333333333334,request_rescan,1.147406
1146,1146,0.76,discard,1.147961
1147,1147,0.9433333333333334,request_rescan,1.148518
1148,1148,0.9433333333333334,request_rescan,1.14909
1149,1149,0.76,request_rescan,1.149637
1150,1150,0.76,request_rescan,1.150218
1151,1151,0.9433333333333334,discard,1.151284
1152,1152,0.9433333333333334,request_rescan,1.151843
1153,1153,0.76,discard,1.182692
1154,1154,0.76,discard,1.183309
1155,1155,0.76,request_rescan,1.183861
1156,1156,0.9433333333333334,request_rescan,1.184425
1157,1157,0.76,discard,1.184975
1158,1158,0.76,request_rescan,1.185527
1159,1159,0.9433333333333334,request_rescan,1.186082
1160,1160,0.9433333333333334,discard,1.186643
1161,1161,0.9433333333333334,request_rescan,1.187239
1162,1162,0.9433333333333334,discard,1.187793
1163,1163,0.76,request_rescan,1.188365
1164,1164,0.76,discard,1.188916
1165,1165,0.9433333333333334,request_rescan,1.189458
1166,1166,0.9433333333333334,discard,1.190009
1167,1167,0.9433333333333334,discard,1.190553
1168,1168,0.9433333333333334,request_rescan,1.191097
1169,1169,0.76,request_rescan,1.191641
1170,1170,0.9433333333333334,request_rescan,1.192195
1171,1171,0.76,request_rescan,1.192731
1172,1172,0.6633333333333333,log_and_continue,1.193288
1173,1173,0.76,discard,1.193841
1174,1174,0.9433333333333334,request_rescan,1.194399
1175,1175,0.76,request_rescan,1.195004
1176,1176,0.9433333333333334,request_rescan,1.195919
1177,1177,0.9433333333333334,request_rescan,1.19685
1178,1178,0.76,request_rescan,1.197427
1179,1179,0.76,request_rescan,1.197985
1180,1180,0.9433333333333334,request_rescan,1.198518
1181,1181,0.9433333333333334,request_rescan,1.199081
1182,1182,0.76,request_rescan,1.199629
1183,1183,0.76,request_rescan,1.200178
1184,1184,0.9433333333333334,request_rescan,1.200772
1185,1185,0.9433333333333334,request_rescan,1.201331
1186,1186,0.9433333333333334,request_rescan,1.201866
1187,1187,0.76,request_rescan,1.202423
1188,1188,0.9433333333333334,request_rescan,1.202959
1189,1189,0.76,request_rescan,1.203509
1190,1190,0.9433333333333334,request_rescan,1.204099
1191,1191,0.76,discard,1.204653
1192,1192,0.76,request_rescan,1.205211
1193,1193,0.9433333333333334,discard,1.205788
1194,1194,0.76,request_rescan,1.206369
1195,1195,0.9433333333333334,request_rescan,1.206904
1196,1196,0.9433333333333334,request_rescan,1.207469
1197,1197,0.9433333333333334,request_rescan,1.20801
1198,1198,0.76,discard,1.208558
1199,1199,0.76,discard,1.209113
1200,1200,0.9433333333333334,request_rescan,1.209707
1201,1201,0.76,request_rescan,1.21122
1202,1202,0.9433333333333334,discard,1.211789
1203,1203,0.9433333333333334,discard,1.212348
1204,1204,0.9433333333333334,discard,1.212887
1205,1205,0.9433333333333334,request_rescan,1.213439
1206,1206,0.76,request_rescan,1.213996
1207,1207,0.9433333333333334,discard,1.214545
1208,1208,0.76,discard,1.215131
1209,1209,0.76,request_rescan,1.215662
1210,1210,0.76,request_rescan,1.216222
1211,1211,0.76,discard,1.216766
1212,1212,0.76,request_rescan,1.217361
1213,1213,0.76,request_rescan,1.218747
1214,1214,0.76,discard,1.219375
1215,1215,0.9433333333333334,discard,1.21992
1216,1216,0.9433333333333334,request_rescan,1.220472
1217,1217,0.76,request_rescan,1.221026
1218,1218,0.9433333333333334,request_rescan,1.221575
1219,1219,0.76,request_rescan,1.222139
1220,1220,0.9433333333333334,discard,1.222678
1221,1221,0.76,discard,1.223258
1222,1222,0.76,request_rescan,1.223818
1223,1223,0.76,discard,1.22438
1224,1224,0.9433333333333334,request_rescan,1.224932
1225,1225,0.9433333333333334,discard,1.225508
1226,1226,0.9433333333333334,discard,1.226067
1227,1227,0.76,request_rescan,1.226627
1228,1228,0.9433333333333334,request_rescan,1.227196
1229,1229,0.76,request_rescan,1.227749
1230,1230,0.9433333333333334,request_rescan,1.228312
1231,1231,0.76,request_rescan,1.228857
1232,1232,0.9433333333333334,request_rescan,1.229414
1233,1233,0.76,discard,1.229957
1234,1234,0.76,discard,1.230522
1235,1235,0.9433333333333334,request_rescan,1.231066
1236,1236,0.9433333333333334,request_rescan,1.231616
1237,1237,0.76,request_rescan,1.232166
1238,1238,0.9433333333333334,request_rescan,1.232971
1239,1239,0.9433333333333334,discard,1.233937
1240,1240,0.76,discard,1.234567
1241,1241,0.9433333333333334,request_rescan,1.235113
1242,1242,0.9433333333333334,request_rescan,1.235667
1243,1243,0.9433333333333334,request_rescan,1.236211
1244,1244,0.76,request_rescan,1.236761
1245,1245,0.9433333333333334,discard,1.237316
1246,1246,0.9433333333333334,discard,1.237883
1247,1247,0.76,discard,1.238431
1248,1248,0.76,request_rescan,1.238966
1249,1249,0.9433333333333334,discard,1.239522
1250,1250,0.9433333333333334,request_rescan,1.240067
1251,1251,0.9433333333333334,request_rescan,1.240633
1252,1252,0.76,request_rescan,1.241176
1253,1253,0.76,discard,1.241732
1254,1254,0.76,request_rescan,1.242276
1255,1255,0.9433333333333334,request_rescan,1.24283
1256,1256,0.9433333333333334,request_rescan,1.243372
1257,1257,0.76,request_rescan,1.243924
1258,1258,0.9433333333333334,discard,1.244478
1259,1259,0.9433333333333334,request_rescan,1.245267
1260,1260,0.76,discard,1.245877
1261,1261,0.9433333333333334,request_rescan,1.246423
1262,1262,0.76,log_and_continue,1.246966
1263,1263,0.9433333333333334,discard,1.247508
1264,1264,0.9433333333333334,request_rescan,1.248066
1265,1265,0.76,discard,1.248617
1266,1266,0.9433333333333334,request_rescan,1.24932
1267,1267,0.9433333333333334,discard,1.250053
1268,1268,0.9433333333333334,request_rescan,1.25103
1269,1269,0.9433333333333334,request_rescan,1.251594
1270,1270,0.76,request_rescan,1.252156
1271,1271,0.76,discard,1.252714
1272,1272,0.76,discard,1.253287
1273,1273,0.76,discard,1.253848
1274,1274,0.9433333333333334,request_rescan,1.254411
1275,1275,0.76,request_rescan,1.254968
1276,1276,0.76,request_rescan,1.255532
1277,1277,0.9433333333333334,discard,1.256093
1278,1278,0.76,request_rescan,1.256649
1279,1279,0.76,discard,1.257207
1280,1280,0.76,discard,1.25777
1281,1281,0.9433333333333334,discard,1.290173
1282,1282,0.9433333333333334,discard,1.290787
1283,1283,0.9433333333333334,request_rescan,1.291343
1284,1284,0.76,discard,1.291893
1285,1285,0.9433333333333334,request_rescan,1.292442
1286,1286,0.76,request_rescan,1.292991
1287,1287,0.76,request_rescan,1.293541
1288,1288,0.9433333333333334,request_rescan,1.294103
1289,1289,0.76,discard,1.294645
1290,1290,0.9433333333333334,request_rescan,1.295192
1291,1291,0.9433333333333334,request_rescan,1.295758
1292,1292,0.76,request_rescan,1.296537
1293,1293,0.9433333333333334,discard,1.297107
1294,1294,0.76,request_rescan,1.297657
1295,1295,0.76,request_rescan,1.29823
1296,1296,0.76,request_rescan,1.29878
1297,1297,0.76,request_rescan,1.299333
1298,1298,0.9433333333333334,request_rescan,1.300025
1299,1299,0.9433333333333334,discard,1.300911
1300,1300,0.9433333333333334,discard,1.301482
1301,1301,0.76,discard,1.302926
1302,1302,0.76,request_rescan,1.303482
1303,1303,0.76,request_rescan,1.304031
1304,1304,0.9433333333333334,request_rescan,1.304587
1305,1305,0.9433333333333334,request_rescan,1.305133
1306,1306,0.9433333333333334,request_rescan,1.305685
1307,1307,0.76,request_rescan,1.306227
1308,1308,0.76,request_rescan,1.306783
1309,1309,0.9433333333333334,request_rescan,1.307325
1310,1310,0.76,discard,1.307869
1311,1311,0.9433333333333334,request_rescan,1.30842
1312,1312,0.76,discard,1.309005
1313,1313,0.9433333333333334,discard,1.309559
1314,1314,0.76,request_rescan,1.310102
1315,1315,0.9433333333333334,request_rescan,1.310659
1316,1316,0.76,request_rescan,1.311219
1317,1317,0.9433333333333334,request_rescan,1.311761
1318,1318,0.9433333333333334,request_rescan,1.312327
1319,1319,0.9433333333333334,discard,1.31287
1320,1320,0.76,request_rescan,1.313418
1321,1321,0.76,request_rescan,1.313971
1322,1322,0.76,request_rescan,1.314533
1323,1323,0.76,request_rescan,1.315098
1324,1324,0.76,request_rescan,1.315656
1325,1325,0.9433333333333334,request_rescan,1.316212
1326,1326,0.76,discard,1.316766
1327,1327,0.9433333333333334,request_rescan,1.317319
1328,1328,0.9433333333333334,discard,1.317853
1329,1329,0.9433333333333334,discard,1.318414
1330,1330,0.9433333333333334,request_rescan,1.318973
1331,1331,0.76,request_rescan,1.320705
1332,1332,0.9433333333333334,request_rescan,1.321436
1333,1333,0.76,request_rescan,1.322104
1334,1334,0.9433333333333334,request_rescan,1.322736
1335,1335,0.9433333333333334,discard,1.32411
1336,1336,0.9433333333333334,request_rescan,1.325427
1337,1337,0.76,request_rescan,1.326745
1338,1338,0.76,discard,1.327978
1339,1339,0.9433333333333334,request_rescan,1.329266
1340,1340,0.76,request_rescan,1.330469
1341,1341,0.9433333333333334,request_rescan,1.331652
1342,1342,0.9433333333333334,discard,1.33285
1343,1343,0.9433333333333334,request_rescan,1.334063
1344,1344,0.76,discard,1.335283
1345,1345,0.76,request_rescan,1.336487
1346,1346,0.9433333333333334,request_rescan,1.337675
1347,1347,0.9433333333333334,discard,1.338865
1348,1348,0.9433333333333334,discard,1.340111
1349,1349,0.76,request_rescan,1.341369
1350,1350,0.9433333333333334,request_rescan,1.342404
1351,1351,0.76,request_rescan,1.343679
1352,1352,0.9433333333333334,discard,1.344354
1353,1353,0.9433333333333334,discard,1.344989
1354,1354,0.76,request_rescan,1.345617
1355,1355,0.9433333333333334,discard,1.346235
1356,1356,0.9433333333333334,request_rescan,1.347102
1357,1357,0.9433333333333334,request_rescan,1.347705
1358,1358,0.9433333333333334,request_rescan,1.348321
1359,1359,0.9433333333333334,discard,1.348903
1360,1360,0.9433333333333334,request_rescan,1.349525
1361,1361,0.9433333333333334,request_rescan,1.350129
1362,1362,0.76,discard,1.350816
1363,1363,0.76,request_rescan,1.351476
1364,1364,0.76,request_rescan,1.352148
1365,1365,0.76,request_rescan,1.352773
1366,1366,0.76,request_rescan,1.353354
1367,1367,0.9433333333333334,request_rescan,1.353947
1368,1368,0.9433333333333334,request_rescan,1.354514
1369,1369,0.76,request_rescan,1.355093
1370,1370,0.9433333333333334,request_rescan,1.355659
1371,1371,0.9433333333333334,request_rescan,1.356242
1372,1372,0.9433333333333334,discard,1.356802
1373,1373,0.76,request_rescan,1.357408
1374,1374,0.9433333333333334,request_rescan,1.35798
1375,1375,0.9433333333333334,request_rescan,1.358564
1376,1376,0.9433333333333334,discard,1.359267
1377,1377,0.76,request_rescan,1.360479
1378,1378,0.76,request_rescan,1.361161
1379,1379,0.9433333333333334,request_rescan,1.361743
1380,1380,0.76,request_rescan,1.362333
1381,1381,0.76,request_rescan,1.362903
1382,1382,0.76,request_rescan,1.363489
1383,1383,0.9433333333333334,request_rescan,1.36407
1384,1384,0.76,request_rescan,1.364653
1385,1385,0.9433333333333334,discard,1.365221
1386,1386,0.76,request_rescan,1.365801
1387,1387,0.9433333333333334,request_rescan,1.366377
1388,1388,0.9433333333333334,request_rescan,1.366959
1389,1389,0.9433333333333334,request_rescan,1.367522
1390,1390,0.76,request_rescan,1.368087
1391,1391,0.9433333333333334,request_rescan,1.368644
1392,1392,0.76,discard,1.369214
1393,1393,0.9433333333333334,request_rescan,1.36978
1394,1394,0.76,request_rescan,1.370348
1395,1395,0.9433333333333334,request_rescan,1.370933
1396,1396,0.76,discard,1.371502
1397,1397,0.76,discard,1.37206
1398,1398,0.9433333333333334,request_rescan,1.372629
1399,1399,0.9433333333333334,request_rescan,1.373193
1400,1400,0.9433333333333334,request_rescan,1.37376
1401,1401,0.76,discard,1.375286
1402,1402,0.9433333333333334,request_rescan,1.37591
1403,1403,0.9433333333333334,request_rescan,1.376504
1404,1404,0.9433333333333334,request_rescan,1.377091
1405,1405,0.9433333333333334,request_rescan,1.37769
1406,1406,0.76,request_rescan,1.378259
1407,1407,0.9433333333333334,request_rescan,1.378831
1408,1408,0.76,request_rescan,1.379404
1409,1409,0.9433333333333334,request_rescan,1.413027
1410,1410,0.9433333333333334,discard,1.413629
1411,1411,0.9433333333333334,request_rescan,1.414361
1412,1412,0.76,request_rescan,1.414909
1413,1413,0.76,request_rescan,1.415449
1414,1414,0.9433333333333334,request_rescan,1.415985
1415,1415,0.9433333333333334,request_rescan,1.416522
1416,1416,0.9433333333333334,discard,1.417061
1417,1417,0.9433333333333334,discard,1.417583
1418,1418,0.9433333333333334,request_rescan,1.418121
1419,1419,0.76,request_rescan,1.418644
1420,1420,0.9433333333333334,request_rescan,1.419184
1421,1421,0.76,request_rescan,1.419718
1422,1422,0.9433333333333334,request_rescan,1.421252
1423,1423,0.9433333333333334,discard,1.421801
1424,1424,0.9433333333333334,discard,1.422334
1425,1425,0.76,request_rescan,1.422868
1426,1426,0.9433333333333334,discard,1.423413
1427,1427,0.9433333333333334,request_rescan,1.423936
1428,1428,0.76,request_rescan,1.424465
1429,1429,0.9433333333333334,request_rescan,1.424998
1430,1430,0.76,discard,1.425514
1431,1431,0.76,request_rescan,1.426047
1432,1432,0.9433333333333334,request_rescan,1.426569
1433,1433,0.76,request_rescan,1.427106
1434,1434,0.9433333333333334,request_rescan,1.427649
1435,1435,0.9433333333333334,request_rescan,1.428222
1436,1436,0.9433333333333334,request_rescan,1.428778
1437,1437,0.76,request_rescan,1.429351
1438,1438,0.9433333333333334,request_rescan,1.429895
1439,1439,0.9433333333333334,request_rescan,1.430443
1440,1440,0.9433333333333334,request_rescan,1.43097
1441,1441,0.76,discard,1.431488
1442,1442,0.76,request_rescan,1.432017
1443,1443,0.76,request_rescan,1.432567
1444,1444,0.9433333333333334,discard,1.433108
1445,1445,0.9433333333333334,request_rescan,1.433626
1446,1446,0.9433333333333334,discard,1.434156
1447,1447,0.76,request_rescan,1.434683
1448,1448,0.9433333333333334,request_rescan,1.435208
1449,1449,0.76,discard,1.435718
1450,1450,0.9433333333333334,request_rescan,1.436254
1451,1451,0.76,discard,1.436769
1452,1452,0.76,request_rescan,1.437368
1453,1453,0.9433333333333334,request_rescan,1.437883
1454,1454,0.76,request_rescan,1.438451
1455,1455,0.76,request_rescan,1.438982
1456,1456,0.9433333333333334,discard,1.439519
1457,1457,0.9433333333333334,request_rescan,1.440043
1458,1458,0.9433333333333334,request_rescan,1.440569
1459,1459,0.9433333333333334,request_rescan,1.441087
1460,1460,0.76,request_rescan,1.441625
1461,1461,0.9433333333333334,request_rescan,1.442148
1462,1462,0.9433333333333334,discard,1.442666
1463,1463,0.9433333333333334,request_rescan,1.443201
1464,1464,0.76,request_rescan,1.443733
1465,1465,0.76,request_rescan,1.444279
1466,1466,0.9433333333333334,request_rescan,1.44481
1467,1467,0.76,request_rescan,1.445381
1468,1468,0.76,request_rescan,1.445967
1469,1469,0.9433333333333334,request_rescan,1.446526
1470,1470,0.76,discard,1.447096
1471,1471,0.9433333333333334,request_rescan,1.447712
1472,1472,0.76,discard,1.44826
1473,1473,0.76,request_rescan,1.448804
1474,1474,0.76,request_rescan,1.449667
1475,1475,0.9433333333333334,request_rescan,1.45054
1476,1476,0.76,discard,1.451083
1477,1477,0.76,request_rescan,1.451621
1478,1478,0.76,request_rescan,1.45217
1479,1479,0.9433333333333334,request_rescan,1.452704
1480,1480,0.76,discard,1.453244
1481,1481,0.9433333333333334,request_rescan,1.453815
1482,1482,0.9433333333333334,discard,1.454372
1483,1483,0.76,discard,1.454912
1484,1484,0.9433333333333334,request_rescan,1.455464
1485,1485,0.76,request_rescan,1.456009
1486,1486,0.9433333333333334,request_rescan,1.45655
1487,1487,0.76,request_rescan,1.45709
1488,1488,0.76,request_rescan,1.457633
1489,1489,0.9433333333333334,request_rescan,1.458188
1490,1490,0.76,request_rescan,1.458717
1491,1491,0.76,request_rescan,1.459274
1492,1492,0.76,request_rescan,1.459802
1493,1493,0.9433333333333334,request_rescan,1.460355
1494,1494,0.9433333333333334,discard,1.460892
1495,1495,0.76,request_rescan,1.461456
1496,1496,0.9433333333333334,request_rescan,1.462025
1497,1497,0.76,request_rescan,1.462582
1498,1498,0.76,request_rescan,1.463125
1499,1499,0.76,discard,1.463679
1500,1500,0.9433333333333334,discard,1.464217
1501,1501,0.9433333333333334,request_rescan,1.465623
1502,1502,0.76,request_rescan,1.466178
1503,1503,0.9433333333333334,request_rescan,1.466741
1504,1504,0.9433333333333334,request_rescan,1.467288
1505,1505,0.9433333333333334,request_rescan,1.467848
1506,1506,0.76,request_rescan,1.468396
1507,1507,0.9433333333333334,request_rescan,1.468956
1508,1508,0.9433333333333334,discard,1.469504
1509,1509,0.9433333333333334,discard,1.470066
1510,1510,0.76,request_rescan,1.47066
1511,1511,0.9433333333333334,request_rescan,1.471221
1512,1512,0.9433333333333334,request_rescan,1.471779
1513,1513,0.76,request_rescan,1.472346
1514,1514,0.76,discard,1.472891
1515,1515,0.76,request_rescan,1.473458
1516,1516,0.9433333333333334,request_rescan,1.47401
1517,1517,0.9433333333333334,request_rescan,1.474552
1518,1518,0.9433333333333334,request_rescan,1.475094
1519,1519,0.9433333333333334,request_rescan,1.47563
1520,1520,0.9433333333333334,request_rescan,1.476166
1521,1521,0.76,request_rescan,1.476728
1522,1522,0.9433333333333334,discard,1.477304
1523,1523,0.9433333333333334,request_rescan,1.477838
1524,1524,0.9433333333333334,request_rescan,1.478394
1525,1525,0.9433333333333334,request_rescan,1.478941
1526,1526,0.9433333333333334,request_rescan,1.479541
1527,1527,0.9433333333333334,discard,1.480092
1528,1528,0.76,discard,1.480647
1529,1529,0.9433333333333334,discard,1.481209
1530,1530,0.9433333333333334,discard,1.481765
1531,1531,0.76,request_rescan,1.482344
1532,1532,0.76,request_rescan,1.482924
1533,1533,0.76,discard,1.483546
1534,1534,0.9433333333333334,request_rescan,1.484841
1535,1535,0.9433333333333334,request_rescan,1.485488
1536,1536,0.76,request_rescan,1.486084
1537,1537,0.76,request_rescan,1.518806
1538,1538,0.76,discard,1.519389
1539,1539,0.76,request_rescan,1.519933
1540,1540,0.76,request_rescan,1.520474
1541,1541,0.9433333333333334,request_rescan,1.521029
1542,1542,0.9433333333333334,request_rescan,1.522463
1543,1543,0.9433333333333334,discard,1.523012
1544,1544,0.76,request_rescan,1.523551
1545,1545,0.76,discard,1.524104
1546,1546,0.76,discard,1.524651
1547,1547,0.9433333333333334,request_rescan,1.525192
1548,1548,0.76,request_rescan,1.525748
1549,1549,0.76,request_rescan,1.52629
1550,1550,0.9433333333333334,request_rescan,1.526828
1551,1551,0.9433333333333334,request_rescan,1.527371
1552,1552,0.76,discard,1.527934
1553,1553,0.9433333333333334,discard,1.528509
1554,1554,0.9433333333333334,request_rescan,1.529071
1555,1555,0.9433333333333334,request_rescan,1.529627
1556,1556,0.76,request_rescan,1.530194
1557,1557,0.9433333333333334,request_rescan,1.530762
1558,1558,0.76,request_rescan,1.531326
1559,1559,0.9433333333333334,discard,1.532092
1560,1560,0.9433333333333334,request_rescan,1.532974
1561,1561,0.76,request_rescan,1.533534
1562,1562,0.76,request_rescan,1.534089
1563,1563,0.76,request_rescan,1.534618
1564,1564,0.9433333333333334,request_rescan,1.53516
1565,1565,0.9433333333333334,request_rescan,1.535721
1566,1566,0.9433333333333334,request_rescan,1.536274
1567,1567,0.9433333333333334,request_rescan,1.536819
1568,1568,0.76,discard,1.537391
1569,1569,0.9433333333333334,request_rescan,1.537931
1570,1570,0.9433333333333334,request_rescan,1.538483
1571,1571,0.76,discard,1.539031
1572,1572,0.9433333333333334,request_rescan,1.539583
1573,1573,0.9433333333333334,request_rescan,1.540126
1574,1574,0.9433333333333334,request_rescan,1.540661
1575,1575,0.9433333333333334,request_rescan,1.541207
1576,1576,0.9433333333333334,request_rescan,1.541746
1577,1577,0.76,discard,1.5423
1578,1578,0.9433333333333334,discard,1.542839
1579,1579,0.76,request_rescan,1.543396
1580,1580,0.9433333333333334,request_rescan,1.543928
1581,1581,0.9433333333333334,request_rescan,1.544469
1582,1582,0.9433333333333334,request_rescan,1.545041
1583,1583,0.9433333333333334,request_rescan,1.54561
1584,1584,0.76,request_rescan,1.54618
1585,1585,0.76,request_rescan,1.546761
1586,1586,0.9433333333333334,discard,1.547338
1587,1587,0.76,discard,1.547916
1588,1588,0.9433333333333334,request_rescan,1.548843
1589,1589,0.9433333333333334,request_rescan,1.549751
1590,1590,0.76,discard,1.550308
1591,1591,0.76,request_rescan,1.55088
1592,1592,0.76,request_rescan,1.551445
1593,1593,0.9433333333333334,request_rescan,1.552019
1594,1594,0.9433333333333334,request_rescan,1.552601
1595,1595,0.76,request_rescan,1.553171
1596,1596,0.76,discard,1.553726
1597,1597,0.76,discard,1.554298
1598,1598,0.9433333333333334,request_rescan,1.554859
1599,1599,0.76,discard,1.555431
1600,1600,0.76,request_rescan,1.555995
1601,1601,0.9433333333333334,discard,1.557477
1602,1602,0.76,request_rescan,1.558058
1603,1603,0.76,request_rescan,1.558618
1604,1604,0.9433333333333334,discard,1.559187
1605,1605,0.76,request_rescan,1.559743
1606,1606,0.9433333333333334,discard,1.560315
1607,1607,0.76,request_rescan,1.560861
1608,1608,0.76,discard,1.561441
1609,1609,0.9433333333333334,request_rescan,1.562012
1610,1610,0.9433333333333334,request_rescan,1.562588
1611,1611,0.76,request_rescan,1.563162
1612,1612,0.9433333333333334,request_rescan,1.563715
1613,1613,0.9433333333333334,discard,1.564287
1614,1614,0.9433333333333334,request_rescan,1.56484
1615,1615,0.9433333333333334,request_rescan,1.565409
1616,1616,0.9433333333333334,request_rescan,1.565959
1617,1617,0.9433333333333334,request_rescan,1.566524
1618,1618,0.76,discard,1.567081
1619,1619,0.9433333333333334,request_rescan,1.567636
1620,1620,0.9433333333333334,request_rescan,1.568195
1621,1621,0.9433333333333334,request_rescan,1.568746
1622,1622,0.76,request_rescan,1.569337
1623,1623,0.76,request_rescan,1.569893
1624,1624,0.9433333333333334,request_rescan,1.570458
1625,1625,0.9433333333333334,request_rescan,1.57104
1626,1626,0.9433333333333334,discard,1.57159
1627,1627,0.9433333333333334,request_rescan,1.572151
1628,1628,0.9433333333333334,request_rescan,1.572707
1629,1629,0.76,request_rescan,1.573262
1630,1630,0.76,request_rescan,1.573825
1631,1631,0.9433333333333334,discard,1.574373
1632,1632,0.76,request_rescan,1.574931
1633,1633,0.9433333333333334,discard,1.575485
1634,1634,0.76,request_rescan,1.576045
1635,1635,0.9433333333333334,request_rescan,1.576602
1636,1636,0.9433333333333334,discard,1.577175
1637,1637,0.9433333333333334,request_rescan,1.577728
1638,1638,0.9433333333333334,discard,1.578288
1639,1639,0.9433333333333334,request_rescan,1.578852
1640,1640,0.76,request_rescan,1.57946
1641,1641,0.9433333333333334,discard,1.580046
1642,1642,0.9433333333333334,discard,1.580594
1643,1643,0.76,discard,1.581157
1644,1644,0.9433333333333334,request_rescan,1.581718
1645,1645,0.76,request_rescan,1.582337
1646,1646,0.9433333333333334,request_rescan,1.582915
1647,1647,0.9433333333333334,request_rescan,1.583501
1648,1648,0.9433333333333334,discard,1.584277
1649,1649,0.9433333333333334,discard,1.585138
1650,1650,0.76,discard,1.585712
1651,1651,0.76,discard,1.586287
1652,1652,0.9433333333333334,request_rescan,1.586842
1653,1653,0.76,request_rescan,1.587435
1654,1654,0.9433333333333334,discard,1.588021
1655,1655,0.76,request_rescan,1.588599
1656,1656,0.76,request_rescan,1.589197
1657,1657,0.76,request_rescan,1.589765
1658,1658,0.9433333333333334,request_rescan,1.59032
1659,1659,0.76,discard,1.590886
1660,1660,0.9433333333333334,request_rescan,1.591464
1661,1661,0.9433333333333334,request_rescan,1.592027
1662,1662,0.76,discard,1.592594
1663,1663,0.9433333333333334,request_rescan,1.593157
1664,1664,0.9433333333333334,request_rescan,1.593724
1665,1665,0.76,request_rescan,1.626596
1666,1666,0.9433333333333334,request_rescan,1.627193
1667,1667,0.9433333333333334,discard,1.627743
1668,1668,0.76,discard,1.628316
1669,1669,0.76,request_rescan,1.629213
1670,1670,0.9433333333333334,request_rescan,1.629771
1671,1671,0.76,discard,1.630326
1672,1672,0.76,request_rescan,1.630883
1673,1673,0.76,discard,1.631434
1674,1674,0.76,request_rescan,1.631996
1675,1675,0.76,discard,1.63256
1676,1676,0.76,request_rescan,1.633111
1677,1677,0.9433333333333334,discard,1.633669
1678,1678,0.76,discard,1.634476
1679,1679,0.76,request_rescan,1.635112
1680,1680,0.76,request_rescan,1.635665
1681,1681,0.9433333333333334,discard,1.636226
1682,1682,0.76,request_rescan,1.636786
1683,1683,0.9433333333333334,discard,1.637337
1684,1684,0.76,discard,1.637905
1685,1685,0.76,request_rescan,1.638452
1686,1686,0.9433333333333334,request_rescan,1.639003
1687,1687,0.9433333333333334,discard,1.639568
1688,1688,0.76,request_rescan,1.640141
1689,1689,0.9433333333333334,discard,1.640692
1690,1690,0.76,request_rescan,1.64127
1691,1691,0.9433333333333334,request_rescan,1.641813
1692,1692,0.9433333333333334,request_rescan,1.642394
1693,1693,0.9433333333333334,request_rescan,1.642931
1694,1694,0.76,discard,1.643504
1695,1695,0.9433333333333334,discard,1.644054
1696,1696,0.76,request_rescan,1.644625
1697,1697,0.9433333333333334,request_rescan,1.645201
1698,1698,0.9433333333333334,request_rescan,1.646039
1699,1699,0.76,request_rescan,1.646605
1700,1700,0.76,discard,1.647156
1701,1701,0.9433333333333334,request_rescan,1.648571
1702,1702,0.9433333333333334,request_rescan,1.649157
1703,1703,0.76,request_rescan,1.649721
1704,1704,0.76,request_rescan,1.650294
1705,1705,0.76,request_rescan,1.650961
1706,1706,0.9433333333333334,request_rescan,1.651847
1707,1707,0.76,discard,1.652409
1708,1708,0.76,discard,1.652971
1709,1709,0.9433333333333334,discard,1.65352
1710,1710,0.9433333333333334,request_rescan,1.654067
1711,1711,0.76,discard,1.654635
1712,1712,0.76,request_rescan,1.655191
1713,1713,0.9433333333333334,discard,1.655748
1714,1714,0.9433333333333334,request_rescan,1.65629
1715,1715,0.9433333333333334,discard,1.656844
1716,1716,0.76,request_rescan,1.657394
1717,1717,0.76,request_rescan,1.657955
1718,1718,0.9433333333333334,request_rescan,1.658493
1719,1719,0.9433333333333334,discard,1.659054
1720,1720,0.9433333333333334,request_rescan,1.659628
1721,1721,0.9433333333333334,request_rescan,1.660194
1722,1722,0.9433333333333334,request_rescan,1.660777
1723,1723,0.76,request_rescan,1.661359
1724,1724,0.76,request_rescan,1.661962
1725,1725,0.76,request_rescan,1.662536
1726,1726,0.76,request_rescan,1.663111
1727,1727,0.9433333333333334,request_rescan,1.663667
1728,1728,0.76,request_rescan,1.664233
1729,1729,0.9433333333333334,request_rescan,1.664797
1730,1730,0.9433333333333334,request_rescan,1.665381
1731,1731,0.9433333333333334,request_rescan,1.666312
1732,1732,0.76,discard,1.666857
1733,1733,0.9433333333333334,request_rescan,1.667529
1734,1734,0.9433333333333334,discard,1.668442
1735,1735,0.76,request_rescan,1.668995
1736,1736,0.76,request_rescan,1.669547
1737,1737,0.9433333333333334,request_rescan,1.670122
1738,1738,0.9433333333333334,request_rescan,1.670682
1739,1739,0.9433333333333334,request_rescan,1.671258
1740,1740,0.76,request_rescan,1.671801
1741,1741,0.76,request_rescan,1.672368
1742,1742,0.76,discard,1.672912
1743,1743,0.76,discard,1.673472
1744,1744,0.76,request_rescan,1.674035
1745,1745,0.76,request_rescan,1.674585
1746,1746,0.9433333333333334,discard,1.675145
1747,1747,0.76,request_rescan,1.675691
1748,1748,0.9433333333333334,discard,1.676253
1749,1749,0.9433333333333334,discard,1.676808
1750,1750,0.9433333333333334,discard,1.67736
1751,1751,0.9433333333333334,request_rescan,1.677948
1752,1752,0.9433333333333334,request_rescan,1.678519
1753,1753,0.9433333333333334,discard,1.679122
1754,1754,0.76,request_rescan,1.679903
1755,1755,0.9433333333333334,request_rescan,1.680459
1756,1756,0.76,discard,1.681024
1757,1757,0.76,request_rescan,1.681579
1758,1758,0.9433333333333334,request_rescan,1.682142
1759,1759,0.76,request_rescan,1.682693
1760,1760,0.76,request_rescan,1.683291
1761,1761,0.76,discard,1.683848
1762,1762,0.76,request_rescan,1.684877
1763,1763,0.76,discard,1.685586
1764,1764,0.76,request_rescan,1.686168
1765,1765,0.76,request_rescan,1.686716
1766,1766,0.9433333333333334,discard,1.687297
1767,1767,0.9433333333333334,request_rescan,1.687848
1768,1768,0.9433333333333334,request_rescan,1.688428
1769,1769,0.9433333333333334,discard,1.688987
1770,1770,0.76,discard,1.689548
1771,1771,0.9433333333333334,request_rescan,1.690098
1772,1772,0.9433333333333334,discard,1.690652
1773,1773,0.76,request_rescan,1.691214
1774,1774,0.76,request_rescan,1.69177
1775,1775,0.76,request_rescan,1.69233
1776,1776,0.76,request_rescan,1.692888
1777,1777,0.9433333333333334,request_rescan,1.693444
1778,1778,0.9433333333333334,request_rescan,1.694
1779,1779,0.9433333333333334,request_rescan,1.694549
1780,1780,0.76,discard,1.695333
1781,1781,0.9433333333333334,request_rescan,1.695958
1782,1782,0.9433333333333334,request_rescan,1.696521
1783,1783,0.76,request_rescan,1.697073
1784,1784,0.9433333333333334,request_rescan,1.697613
1785,1785,0.9433333333333334,request_rescan,1.698177
1786,1786,0.9433333333333334,request_rescan,1.698726
1787,1787,0.76,request_rescan,1.699296
1788,1788,0.9433333333333334,discard,1.699834
1789,1789,0.76,discard,1.700413
1790,1790,0.9433333333333334,request_rescan,1.701153
1791,1791,0.76,request_rescan,1.702061
1792,1792,0.9433333333333334,request_rescan,1.702609
1793,1793,0.9433333333333334,request_rescan,1.733375
1794,1794,0.9433333333333334,request_rescan,1.734012
1795,1795,0.76,request_rescan,1.734572
1796,1796,0.9433333333333334,request_rescan,1.735139
1797,1797,0.76,request_rescan,1.735685
1798,1798,0.76,request_rescan,1.73625
1799,1799,0.9433333333333334,discard,1.736795
1800,1800,0.9433333333333334,request_rescan,1.737364
1801,1801,0.9433333333333334,request_rescan,1.738757
1802,1802,0.9433333333333334,request_rescan,1.739317
1803,1803,0.9433333333333334,request_rescan,1.739882
1804,1804,0.9433333333333334,request_rescan,1.74043
1805,1805,0.76,request_rescan,1.741
1806,1806,0.76,discard,1.741561
1807,1807,0.9433333333333334,discard,1.742124
1808,1808,0.9433333333333334,discard,1.742679
1809,1809,0.76,request_rescan,1.743241
1810,1810,0.9433333333333334,request_rescan,1.743793
1811,1811,0.9433333333333334,request_rescan,1.744356
1812,1812,0.76,discard,1.744924
1813,1813,0.9433333333333334,discard,1.745484
1814,1814,0.9433333333333334,discard,1.746059
1815,1815,0.9433333333333334,request_rescan,1.746607
1816,1816,0.76,request_rescan,1.747167
1817,1817,0.9433333333333334,discard,1.747733
1818,1818,0.76,request_rescan,1.748301
1819,1819,0.9433333333333334,request_rescan,1.748837
1820,1820,0.76,request_rescan,1.749401
1821,1821,0.76,request_rescan,1.749947
1822,1822,0.76,discard,1.750569
1823,1823,0.76,request_rescan,1.751138
1824,1824,0.76,request_rescan,1.752027
1825,1825,0.9433333333333334,request_rescan,1.752973
1826,1826,0.9433333333333334,request_rescan,1.753532
1827,1827,0.9433333333333334,discard,1.754088
1828,1828,0.76,request_rescan,1.754647
1829,1829,0.9433333333333334,request_rescan,1.755202
1830,1830,0.9433333333333334,request_rescan,1.755763
1831,1831,0.76,request_rescan,1.756343
1832,1832,0.9433333333333334,request_rescan,1.756902
1833,1833,0.9433333333333334,request_rescan,1.757452
1834,1834,0.9433333333333334,request_rescan,1.758023
1835,1835,0.9433333333333334,request_rescan,1.758577
1836,1836,0.76,request_rescan,1.759144
1837,1837,0.9433333333333334,request_rescan,1.759686
1838,1838,0.76,request_rescan,1.760249
1839,1839,0.76,discard,1.760812
1840,1840,0.9433333333333334,request_rescan,1.761432
1841,1841,0.9433333333333334,discard,1.762011
1842,1842,0.76,request_rescan,1.762859
1843,1843,0.9433333333333334,request_rescan,1.76342
1844,1844,0.9433333333333334,discard,1.763977
1845,1845,0.9433333333333334,request_rescan,1.764536
1846,1846,0.9433333333333334,request_rescan,1.765098
1847,1847,0.76,request_rescan,1.765658
1848,1848,0.9433333333333334,request_rescan,1.76624
1849,1849,0.9433333333333334,request_rescan,1.766797
1850,1850,0.9433333333333334,discard,1.767367
1851,1851,0.76,request_rescan,1.767915
1852,1852,0.9433333333333334,request_rescan,1.7685
1853,1853,0.76,request_rescan,1.769298
1854,1854,0.9433333333333334,request_rescan,1.770101
1855,1855,0.76,request_rescan,1.770649
1856,1856,0.76,request_rescan,1.771217
1857,1857,0.76,request_rescan,1.771764
1858,1858,0.76,request_rescan,1.772351
1859,1859,0.9433333333333334,request_rescan,1.772896
1860,1860,0.76,request_rescan,1.773459
1861,1861,0.76,discard,1.774008
1862,1862,0.9433333333333334,request_rescan,1.774569
1863,1863,0.9433333333333334,discard,1.775115
1864,1864,0.76,request_rescan,1.775676
1865,1865,0.9433333333333334,request_rescan,1.776231
1866,1866,0.76,request_rescan,1.776789
1867,1867,0.9433333333333334,request_rescan,1.777339
1868,1868,0.76,request_rescan,1.777905
1869,1869,0.76,request_rescan,1.778474
1870,1870,0.9433333333333334,request_rescan,1.779033
1871,1871,0.9433333333333334,request_rescan,1.779583
1872,1872,0.76,request_rescan,1.780145
1873,1873,0.76,request_rescan,1.780683
1874,1874,0.9433333333333334,request_rescan,1.781262
1875,1875,0.76,discard,1.781802
1876,1876,0.9433333333333334,discard,1.78237
1877,1877,0.76,request_rescan,1.782914
1878,1878,0.76,request_rescan,1.783463
1879,1879,0.9433333333333334,request_rescan,1.784027
1880,1880,0.9433333333333334,request_rescan,1.78457
1881,1881,0.76,request_rescan,1.78514
1882,1882,0.76,request_rescan,1.785687
1883,1883,0.76,request_rescan,1.786247
1884,1884,0.76,request_rescan,1.786793
1885,1885,0.76,request_rescan,1.787367
1886,1886,0.9433333333333334,request_rescan,1.787929
1887,1887,0.9433333333333334,discard,1.788479
1888,1888,0.9433333333333334,request_rescan,1.789047
1889,1889,0.9433333333333334,request_rescan,1.78959
1890,1890,0.76,request_rescan,1.790153
1891,1891,0.76,request_rescan,1.790697
1892,1892,0.76,discard,1.79126
1893,1893,0.9433333333333334,request_rescan,1.791813
1894,1894,0.76,request_rescan,1.792363
1895,1895,0.9433333333333334,request_rescan,1.792906
1896,1896,0.76,request_rescan,1.793468
1897,1897,0.9433333333333334,request_rescan,1.794032
1898,1898,0.9433333333333334,discard,1.794583
1899,1899,0.9433333333333334,discard,1.795431
1900,1900,0.9433333333333334,request_rescan,1.796477
1901,1901,0.76,request_rescan,1.797931
1902,1902,0.9433333333333334,request_rescan,1.798526
1903,1903,0.9433333333333334,request_rescan,1.7991
1904,1904,0.76,request_rescan,1.799651
1905,1905,0.9433333333333334,request_rescan,1.800208
1906,1906,0.9433333333333334,request_rescan,1.800755
1907,1907,0.9433333333333334,request_rescan,1.801321
1908,1908,0.76,request_rescan,1.801864
1909,1909,0.76,request_rescan,1.802426
1910,1910,0.76,request_rescan,1.80297
1911,1911,0.76,request_rescan,1.803561
1912,1912,0.76,discard,1.80414
1913,1913,0.9433333333333334,request_rescan,1.804698
1914,1914,0.9433333333333334,request_rescan,1.805261
1915,1915,0.76,request_rescan,1.805807
1916,1916,0.76,request_rescan,1.806368
1917,1917,0.76,discard,1.806911
1918,1918,0.9433333333333334,request_rescan,1.807452
1919,1919,0.9433333333333334,request_rescan,1.807994
1920,1920,0.9433333333333334,request_rescan,1.808551
1921,1921,0.76,request_rescan,1.839899
1922,1922,0.9433333333333334,request_rescan,1.840517
1923,1923,0.9433333333333334,request_rescan,1.841082
1924,1924,0.76,request_rescan,1.841648
1925,1925,0.76,request_rescan,1.842214
1926,1926,0.76,discard,1.842766
1927,1927,0.9433333333333334,request_rescan,1.84333
1928,1928,0.9433333333333334,discard,1.843877
1929,1929,0.76,request_rescan,1.844448
1930,1930,0.76,discard,1.845
1931,1931,0.9433333333333334,request_rescan,1.845568
1932,1932,0.76,request_rescan,1.846124
1933,1933,0.76,request_rescan,1.846687
1934,1934,0.9433333333333334,discard,1.847242
1935,1935,0.76,request_rescan,1.847806
1936,1936,0.76,request_rescan,1.848369
1937,1937,0.76,discard,1.849258
1938,1938,0.9433333333333334,request_rescan,1.849801
1939,1939,0.9433333333333334,discard,1.85048
1940,1940,0.9433333333333334,request_rescan,1.851422
1941,1941,0.9433333333333334,request_rescan,1.852017
1942,1942,0.76,request_rescan,1.852576
1943,1943,0.9433333333333334,discard,1.853143
1944,1944,0.9433333333333334,request_rescan,1.853694
1945,1945,0.76,request_rescan,1.854254
1946,1946,0.76,request_rescan,1.854822
1947,1947,0.9433333333333334,request_rescan,1.855373
1948,1948,0.9433333333333334,request_rescan,1.855924
1949,1949,0.9433333333333334,request_rescan,1.856477
1950,1950,0.9433333333333334,request_rescan,1.857048
1951,1951,0.76,request_rescan,1.857593
1952,1952,0.9433333333333334,discard,1.858145
1953,1953,0.76,discard,1.858695
1954,1954,0.9433333333333334,request_rescan,1.859245
1955,1955,0.76,request_rescan,1.859802
1956,1956,0.76,request_rescan,1.860367
1957,1957,0.9433333333333334,request_rescan,1.860921
1958,1958,0.9433333333333334,discard,1.861511
1959,1959,0.9433333333333334,request_rescan,1.86207
1960,1960,0.76,discard,1.862636
1961,1961,0.9433333333333334,request_rescan,1.863191
1962,1962,0.9433333333333334,request_rescan,1.863749
1963,1963,0.9433333333333334,request_rescan,1.864316
1964,1964,0.9433333333333334,request_rescan,1.864868
1965,1965,0.76,request_rescan,1.865431
1966,1966,0.76,request_rescan,1.865989
1967,1967,0.9433333333333334,discard,1.866546
1968,1968,0.76,request_rescan,1.867118
1969,1969,0.76,request_rescan,1.867668
1970,1970,0.76,request_rescan,1.868234
1971,1971,0.76,request_rescan,1.868773
1972,1972,0.76,discard,1.869333
1973,1973,0.76,request_rescan,1.869883
1974,1974,0.9433333333333334,request_rescan,1.870447
1975,1975,0.9433333333333334,discard,1.871001
1976,1976,0.9433333333333334,request_rescan,1.87156
1977,1977,0.76,request_rescan,1.872132
1978,1978,0.76,request_rescan,1.872686
1979,1979,0.76,request_rescan,1.873234
1980,1980,0.76,request_rescan,1.873785
1981,1981,0.9433333333333334,request_rescan,1.874347
1982,1982,0.76,request_rescan,1.874894
1983,1983,0.76,request_rescan,1.875457
1984,1984,0.9433333333333334,request_rescan,1.876007
1985,1985,0.76,request_rescan,1.876566
1986,1986,0.9433333333333334,request_rescan,1.877121
1987,1987,0.9433333333333334,request_rescan,1.877694
1988,1988,0.9433333333333334,request_rescan,1.878239
1989,1989,0.76,request_rescan,1.878779
1990,1990,0.9433333333333334,request_rescan,1.879351
1991,1991,0.9433333333333334,request_rescan,1.879865
1992,1992,0.76,request_rescan,1.880428
1993,1993,0.76,request_rescan,1.880937
1994,1994,0.76,request_rescan,1.881555
1995,1995,0.76,request_rescan,1.882142
1996,1996,0.76,request_rescan,1.882694
1997,1997,0.76,request_rescan,1.88326
1998,1998,0.9433333333333334,request_rescan,1.883813
1999,1999,0.76,request_rescan,1.884382
2000,2000,0.9433333333333334,request_rescan,1.884937
2001,2001,0.76,request_rescan,1.88643
2002,2002,0.9433333333333334,request_rescan,1.886987
2003,2003,0.76,request_rescan,1.887574
2004,2004,0.76,request_rescan,1.888125
2005,2005,0.76,request_rescan,1.888679
2006,2006,0.9433333333333334,request_rescan,1.88924
2007,2007,0.9433333333333334,request_rescan,1.889792
2008,2008,0.9433333333333334,request_rescan,1.890366
2009,2009,0.76,request_rescan,1.890919
2010,2010,0.76,request_rescan,1.891512
2011,2011,0.9433333333333334,request_rescan,1.892074
2012,2012,0.9433333333333334,request_rescan,1.892619
2013,2013,0.9433333333333334,request_rescan,1.893201
2014,2014,0.76,request_rescan,1.893756
2015,2015,0.9433333333333334,discard,1.894331
2016,2016,0.76,request_rescan,1.894876
2017,2017,0.9433333333333334,discard,1.895456
2018,2018,0.76,request_rescan,1.896035
2019,2019,0.9433333333333334,request_rescan,1.896596
2020,2020,0.9433333333333334,request_rescan,1.897166
2021,2021,0.9433333333333334,request_rescan,1.897712
2022,2022,0.9433333333333334,request_rescan,1.898279
2023,2023,0.76,request_rescan,1.898824
2024,2024,0.76,discard,1.899397
2025,2025,0.9433333333333334,discard,1.899974
2026,2026,0.9433333333333334,discard,1.900545
2027,2027,0.9433333333333334,discard,1.901509
2028,2028,0.9433333333333334,request_rescan,1.902438
2029,2029,0.9433333333333334,discard,1.902992
2030,2030,0.9433333333333334,discard,1.903554
2031,2031,0.76,request_rescan,1.90413
2032,2032,0.9433333333333334,request_rescan,1.904687
2033,2033,0.9433333333333334,request_rescan,1.905261
2034,2034,0.76,discard,1.905845
2035,2035,0.76,request_rescan,1.906413
2036,2036,0.9433333333333334,request_rescan,1.906976
2037,2037,0.9433333333333334,request_rescan,1.907526
2038,2038,0.76,request_rescan,1.908096
2039,2039,0.9433333333333334,discard,1.908643
2040,2040,0.9433333333333334,discard,1.909201
2041,2041,0.76,request_rescan,1.90976
2042,2042,0.76,request_rescan,1.910325
2043,2043,0.76,request_rescan,1.910884
2044,2044,0.76,request_rescan,1.911485
2045,2045,0.76,request_rescan,1.912064
2046,2046,0.9433333333333334,request_rescan,1.912627
2047,2047,0.9433333333333334,request_rescan,1.91321
2048,2048,0.76,request_rescan,1.913745
2049,2049,0.9433333333333334,request_rescan,1.945906
2050,2050,0.9433333333333334,discard,1.946544
2051,2051,0.76,discard,1.947125
2052,2052,0.76,request_rescan,1.947709
2053,2053,0.76,request_rescan,1.948518
2054,2054,0.9433333333333334,request_rescan,1.949075
2055,2055,0.76,discard,1.949631
2056,2056,0.76,discard,1.950309
2057,2057,0.9433333333333334,request_rescan,1.951344
2058,2058,0.76,request_rescan,1.951909
2059,2059,0.9433333333333334,discard,1.952482
2060,2060,0.76,request_rescan,1.953033
2061,2061,0.76,discard,1.953597
2062,2062,0.76,discard,1.95415
2063,2063,0.9433333333333334,request_rescan,1.954712
2064,2064,0.76,request_rescan,1.955263
2065,2065,0.9433333333333334,discard,1.955822
2066,2066,0.9433333333333334,request_rescan,1.956369
2067,2067,0.76,request_rescan,1.956923
2068,2068,0.76,discard,1.957482
2069,2069,0.76,discard,1.958051
2070,2070,0.76,request_rescan,1.958665
2071,2071,0.9433333333333334,discard,1.959233
2072,2072,0.76,discard,1.95979
2073,2073,0.76,request_rescan,1.960345
2074,2074,0.76,discard,1.960899
2075,2075,0.9433333333333334,request_rescan,1.961468
2076,2076,0.76,request_rescan,1.962072
2077,2077,0.76,request_rescan,1.962626
2078,2078,0.76,request_rescan,1.963196
2079,2079,0.76,request_rescan,1.963749
2080,2080,0.76,request_rescan,1.964308
2081,2081,0.76,request_rescan,1.964865
2082,2082,0.6633333333333333,log_and_continue,1.965438
2083,2083,0.76,request_rescan,1.965988
2084,2084,0.76,request_rescan,1.966547
2085,2085,0.9433333333333334,request_rescan,1.967094
2086,2086,0.76,request_rescan,1.967652
2087,2087,0.9433333333333334,request_rescan,1.968227
2088,2088,0.76,request_rescan,1.968784
2089,2089,0.9433333333333334,discard,1.969345
2090,2090,0.9433333333333334,request_rescan,1.969888
2091,2091,0.9433333333333334,request_rescan,1.970434
2092,2092,0.76,request_rescan,1.970998
2093,2093,0.9433333333333334,discard,1.971538
2094,2094,0.76,discard,1.972102
2095,2095,0.76,request_rescan,1.972657
2096,2096,0.9433333333333334,request_rescan,1.97322
2097,2097,0.9433333333333334,request_rescan,1.973769
2098,2098,0.76,request_rescan,1.974324
2099,2099,0.9433333333333334,discard,1.974883
2100,2100,0.76,request_rescan,1.975436
2101,2101,0.9433333333333334,request_rescan,1.976883
2102,2102,0.9433333333333334,request_rescan,1.977452
2103,2103,0.9433333333333334,discard,1.977998
2104,2104,0.76,request_rescan,1.978569
2105,2105,0.9433333333333334,request_rescan,1.979113
2106,2106,0.9433333333333334,request_rescan,1.979668
2107,2107,0.76,discard,1.98021
2108,2108,0.9433333333333334,discard,1.98076
2109,2109,0.9433333333333334,request_rescan,1.981304
2110,2110,0.9433333333333334,request_rescan,1.981882
2111,2111,0.76,discard,1.982487
2112,2112,0.9433333333333334,request_rescan,1.983061
2113,2113,0.9433333333333334,request_rescan,1.983627
2114,2114,0.9433333333333334,request_rescan,1.984195
2115,2115,0.76,request_rescan,1.984776
2116,2116,0.76,request_rescan,1.985353
2117,2117,0.9433333333333334,request_rescan,1.985916
2118,2118,0.9433333333333334,discard,1.986487
2119,2119,0.9433333333333334,request_rescan,1.987033
2120,2120,0.76,discard,1.987601
2121,2121,0.76,log_and_continue,1.988185
2122,2122,0.76,discard,1.988714
2123,2123,0.76,discard,1.989247
2124,2124,0.9433333333333334,discard,1.989773
2125,2125,0.76,request_rescan,1.990349
2126,2126,0.9433333333333334,request_rescan,1.990885
2127,2127,0.9433333333333334,discard,1.991437
2128,2128,0.76,discard,1.991957
2129,2129,0.9433333333333334,discard,1.992493
2130,2130,0.9433333333333334,request_rescan,1.993024
2131,2131,0.9433333333333334,request_rescan,1.993558
2132,2132,0.76,request_rescan,1.994089
2133,2133,0.9433333333333334,request_rescan,1.994663
2134,2134,0.9433333333333334,request_rescan,1.995264
2135,2135,0.76,discard,1.995832
2136,2136,0.76,request_rescan,1.996423
2137,2137,0.9433333333333334,request_rescan,1.996987
2138,2138,0.9433333333333334,request_rescan,1.997537
2139,2139,0.9433333333333334,request_rescan,1.998096
2140,2140,0.9433333333333334,request_rescan,1.998667
2141,2141,0.76,request_rescan,1.999244
2142,2142,0.9433333333333334,request_rescan,1.999791
2143,2143,0.9433333333333334,request_rescan,2.000781
2144,2144,0.76,request_rescan,2.001688
2145,2145,0.76,request_rescan,2.002241
2146,2146,0.76,request_rescan,2.002774
2147,2147,0.76,request_rescan,2.003314
2148,2148,0.76,request_rescan,2.003859
2149,2149,0.9433333333333334,discard,2.004411
2150,2150,0.9433333333333334,request_rescan,2.004975
2151,2151,0.76,request_rescan,2.005523
2152,2152,0.76,request_rescan,2.0061
2153,2153,0.76,request_rescan,2.006651
2154,2154,0.9433333333333334,request_rescan,2.007198
2155,2155,0.76,discard,2.007756
2156,2156,0.9433333333333334,request_rescan,2.008323
2157,2157,0.9433333333333334,discard,2.008871
2158,2158,0.76,request_rescan,2.009428
2159,2159,0.9433333333333334,request_rescan,2.00999
2160,2160,0.9433333333333334,request_rescan,2.010526
2161,2161,0.9433333333333334,request_rescan,2.011067
2162,2162,0.76,request_rescan,2.011668
2163,2163,0.9433333333333334,discard,2.012262
2164,2164,0.9433333333333334,request_rescan,2.013032
2165,2165,0.76,request_rescan,2.013604
2166,2166,0.9433333333333334,discard,2.014175
2167,2167,0.9433333333333334,discard,2.014727
2168,2168,0.76,request_rescan,2.015283
2169,2169,0.76,discard,2.015836
2170,2170,0.9433333333333334,request_rescan,2.016418
2171,2171,0.9433333333333334,discard,2.016991
2172,2172,0.9433333333333334,request_rescan,2.01806
2173,2173,0.9433333333333334,discard,2.018682
2174,2174,0.9433333333333334,request_rescan,2.019236
2175,2175,0.9433333333333334,request_rescan,2.019795
2176,2176,0.9433333333333334,discard,2.02035
2177,2177,0.76,discard,2.053658
2178,2178,0.9433333333333334,discard,2.054289
2179,2179,0.9433333333333334,request_rescan,2.054907
2180,2180,0.76,request_rescan,2.055488
2181,2181,0.76,request_rescan,2.056059
2182,2182,0.9433333333333334,discard,2.056622
2183,2183,0.9433333333333334,discard,2.057177
2184,2184,0.9433333333333334,request_rescan,2.057725
2185,2185,0.9433333333333334,request_rescan,2.058286
2186,2186,0.9433333333333334,request_rescan,2.058845
2187,2187,0.9433333333333334,request_rescan,2.05941
2188,2188,0.9433333333333334,request_rescan,2.059963
2189,2189,0.76,request_rescan,2.060514
2190,2190,0.9433333333333334,discard,2.061076
2191,2191,0.9433333333333334,discard,2.061634
2192,2192,0.76,request_rescan,2.062193
2193,2193,0.9433333333333334,request_rescan,2.062743
2194,2194,0.9433333333333334,discard,2.063291
2195,2195,0.9433333333333334,discard,2.063852
2196,2196,0.76,request_rescan,2.064403
2197,2197,0.9433333333333334,request_rescan,2.064973
2198,2198,0.76,request_rescan,2.065525
2199,2199,0.9433333333333334,request_rescan,2.066082
2200,2200,0.9433333333333334,request_rescan,2.066642
2201,2201,0.76,request_rescan,2.068096
2202,2202,0.9433333333333334,discard,2.068653
2203,2203,0.9433333333333334,discard,2.069224
2204,2204,0.76,request_rescan,2.069768
2205,2205,0.76,request_rescan,2.070339
2206,2206,0.9433333333333334,request_rescan,2.070885
2207,2207,0.76,request_rescan,2.071439
2208,2208,0.9433333333333334,request_rescan,2.071996
2209,2209,0.9433333333333334,request_rescan,2.072537
2210,2210,0.9433333333333334,discard,2.07311
2211,2211,0.9433333333333334,request_rescan,2.07369
2212,2212,0.76,request_rescan,2.074261
2213,2213,0.9433333333333334,discard,2.074828
2214,2214,0.76,request_rescan,2.075391
2215,2215,0.9433333333333334,request_rescan,2.07595
2216,2216,0.76,request_rescan,2.076502
2217,2217,0.9433333333333334,request_rescan,2.077085
2218,2218,0.9433333333333334,request_rescan,2.07764
2219,2219,0.76,request_rescan,2.078185
2220,2220,0.76,request_rescan,2.078765
2221,2221,0.76,request_rescan,2.079312
2222,2222,0.9433333333333334,request_rescan,2.079866
2223,2223,0.9433333333333334,request_rescan,2.080409
2224,2224,0.9433333333333334,discard,2.080962
2225,2225,0.9433333333333334,request_rescan,2.081592
2226,2226,0.9433333333333334,request_rescan,2.082199
2227,2227,0.9433333333333334,discard,2.083097
2228,2228,0.9433333333333334,request_rescan,2.084114
2229,2229,0.9433333333333334,discard,2.084668
2230,2230,0.9433333333333334,discard,2.085234
2231,2231,0.9433333333333334,request_rescan,2.08579
2232,2232,0.76,request_rescan,2.086352
2233,2233,0.76,request_rescan,2.086932
2234,2234,0.76,request_rescan,2.087516
2235,2235,0.76,discard,2.088085
2236,2236,0.9433333333333334,request_rescan,2.088636
2237,2237,0.9433333333333334,request_rescan,2.089202
2238,2238,0.76,request_rescan,2.089755
2239,2239,0.76,request_rescan,2.090321
2240,2240,0.76,request_rescan,2.090871
2241,2241,0.76,request_rescan,2.091451
2242,2242,0.9433333333333334,discard,2.091998
2243,2243,0.76,request_rescan,2.092546
2244,2244,0.9433333333333334,request_rescan,2.093104
2245,2245,0.76,request_rescan,2.093666
2246,2246,0.76,request_rescan,2.094225
2247,2247,0.76,request_rescan,2.094835
2248,2248,0.76,request_rescan,2.095756
2249,2249,0.9433333333333334,request_rescan,2.096331
2250,2250,0.9433333333333334,request_rescan,2.096878
2251,2251,0.76,request_rescan,2.097444
2252,2252,0.6633333333333333,log_and_continue,2.097996
2253,2253,0.9433333333333334,discard,2.098559
2254,2254,0.9433333333333334,discard,2.099146
2255,2255,0.9433333333333334,discard,2.099838
2256,2256,0.9433333333333334,request_rescan,2.10081
2257,2257,0.9433333333333334,discard,2.101376
2258,2258,0.76,request_rescan,2.101915
2259,2259,0.76,request_rescan,2.102481
2260,2260,0.76,discard,2.103026
2261,2261,0.76,request_rescan,2.103581
2262,2262,0.76,request_rescan,2.104138
2263,2263,0.76,request_rescan,2.104693
2264,2264,0.9433333333333334,request_rescan,2.105238
2265,2265,0.9433333333333334,request_rescan,2.105811
2266,2266,0.9433333333333334,request_rescan,2.106364
2267,2267,0.9433333333333334,discard,2.106918
2268,2268,0.9433333333333334,request_rescan,2.107468
2269,2269,0.76,request_rescan,2.108024
2270,2270,0.76,discard,2.108577
2271,2271,0.76,request_rescan,2.109128
2272,2272,0.76,request_rescan,2.109678
2273,2273,0.9433333333333334,request_rescan,2.110237
2274,2274,0.9433333333333334,request_rescan,2.110803
2275,2275,0.76,request_rescan,2.111378
2276,2276,0.76,discard,2.111951
2277,2277,0.9433333333333334,request_rescan,2.112512
2278,2278,0.9433333333333334,request_rescan,2.113069
2279,2279,0.9433333333333334,request_rescan,2.113628
2280,2280,0.9433333333333334,discard,2.114188
2281,2281,0.76,request_rescan,2.114734
2282,2282,0.9433333333333334,discard,2.115279
2283,2283,0.9433333333333334,discard,2.115838
2284,2284,0.76,request_rescan,2.116396
2285,2285,0.76,request_rescan,2.11696
2286,2286,0.9433333333333334,discard,2.117511
2287,2287,0.9433333333333334,discard,2.118083
2288,2288,0.9433333333333334,discard,2.118618
2289,2289,0.9433333333333334,discard,2.119175
2290,2290,0.9433333333333334,discard,2.119717
2291,2291,0.9433333333333334,request_rescan,2.120282
2292,2292,0.76,discard,2.120831
2293,2293,0.9433333333333334,request_rescan,2.1214
2294,2294,0.9433333333333334,discard,2.121971
2295,2295,0.9433333333333334,discard,2.122534
2296,2296,0.76,request_rescan,2.123084
2297,2297,0.76,request_rescan,2.123677
2298,2298,0.76,request_rescan,2.124239
2299,2299,0.9433333333333334,discard,2.124772
2300,2300,0.9433333333333334,request_rescan,2.125305
2301,2301,0.9433333333333334,request_rescan,2.126733
2302,2302,0.9433333333333334,request_rescan,2.128446
2303,2303,0.9433333333333334,request_rescan,2.128976
2304,2304,0.9433333333333334,discard,2.129507
2305,2305,0.76,request_rescan,2.160092
2306,2306,0.76,request_rescan,2.160678
2307,2307,0.9433333333333334,discard,2.16139
2308,2308,0.9433333333333334,discard,2.162027
2309,2309,0.9433333333333334,request_rescan,2.162627
2310,2310,0.76,discard,2.163209
2311,2311,0.9433333333333334,request_rescan,2.163766
2312,2312,0.9433333333333334,request_rescan,2.16433
2313,2313,0.9433333333333334,discard,2.164888
2314,2314,0.9433333333333334,request_rescan,2.165459
2315,2315,0.76,request_rescan,2.16602
2316,2316,0.76,discard,2.166584
2317,2317,0.9433333333333334,request_rescan,2.167148
2318,2318,0.76,request_rescan,2.1677
2319,2319,0.9433333333333334,request_rescan,2.168282
2320,2320,0.76,discard,2.16883
2321,2321,0.9433333333333334,request_rescan,2.169406
2322,2322,0.9433333333333334,discard,2.169957
2323,2323,0.76,request_rescan,2.170518
2324,2324,0.76,discard,2.171078
2325,2325,0.9433333333333334,request_rescan,2.171635
2326,2326,0.9433333333333334,request_rescan,2.172196
2327,2327,0.9433333333333334,request_rescan,2.172755
2328,2328,0.76,request_rescan,2.173376
2329,2329,0.76,request_rescan,2.17392
2330,2330,0.9433333333333334,request_rescan,2.174453
2331,2331,0.76,request_rescan,2.174988
2332,2332,0.9433333333333334,discard,2.175522
2333,2333,0.9433333333333334,discard,2.176059
2334,2334,0.9433333333333334,discard,2.176588
2335,2335,0.76,discard,2.177128
2336,2336,0.9433333333333334,request_rescan,2.177654
2337,2337,0.76,request_rescan,2.178197
2338,2338,0.9433333333333334,request_rescan,2.178717
2339,2339,0.9433333333333334,request_rescan,2.179248
2340,2340,0.76,discard,2.179771
2341,2341,0.9433333333333334,request_rescan,2.180307
2342,2342,0.76,discard,2.180833
2343,2343,0.9433333333333334,request_rescan,2.181359
2344,2344,0.9433333333333334,request_rescan,2.181905
2345,2345,0.9433333333333334,discard,2.182446
2346,2346,0.9433333333333334,request_rescan,2.182978
2347,2347,0.9433333333333334,request_rescan,2.183512
2348,2348,0.9433333333333334,request_rescan,2.18405
2349,2349,0.76,request_rescan,2.184581
2350,2350,0.9433333333333334,discard,2.185127
2351,2351,0.76,request_rescan,2.18565
2352,2352,0.9433333333333334,discard,2.18619
2353,2353,0.9433333333333334,request_rescan,2.186704
2354,2354,0.9433333333333334,request_rescan,2.187252
2355,2355,0.76,request_rescan,2.187766
2356,2356,0.76,discard,2.188309
2357,2357,0.76,request_rescan,2.188845
2358,2358,0.76,request_rescan,2.189402
2359,2359,0.9433333333333334,discard,2.189953
2360,2360,0.76,request_rescan,2.19049
2361,2361,0.76,request_rescan,2.191061
2362,2362,0.76,request_rescan,2.191595
2363,2363,0.9433333333333334,discard,2.192147
2364,2364,0.9433333333333334,request_rescan,2.19269
2365,2365,0.76,request_rescan,2.193248
2366,2366,0.76,discard,2.193802
2367,2367,0.76,request_rescan,2.194348
2368,2368,0.76,discard,2.194911
2369,2369,0.9433333333333334,request_rescan,2.195499
2370,2370,0.9433333333333334,request_rescan,2.196325
2371,2371,0.76,request_rescan,2.197313
2372,2372,0.9433333333333334,request_rescan,2.197864
2373,2373,0.9433333333333334,discard,2.198426
2374,2374,0.76,request_rescan,2.198976
2375,2375,0.9433333333333334,request_rescan,2.199528
2376,2376,0.76,request_rescan,2.200077
2377,2377,0.9433333333333334,request_rescan,2.200632
2378,2378,0.76,discard,2.201203
2379,2379,0.9433333333333334,request_rescan,2.201752
2380,2380,0.76,request_rescan,2.202303
2381,2381,0.9433333333333334,discard,2.202846
2382,2382,0.9433333333333334,discard,2.203389
2383,2383,0.76,discard,2.20393
2384,2384,0.9433333333333334,discard,2.204482
2385,2385,0.9433333333333334,request_rescan,2.205035
2386,2386,0.76,request_rescan,2.205586
2387,2387,0.76,discard,2.20614
2388,2388,0.9433333333333334,request_rescan,2.20668
2389,2389,0.76,request_rescan,2.207226
2390,2390,0.9433333333333334,request_rescan,2.207768
2391,2391,0.76,discard,2.208319
2392,2392,0.9433333333333334,request_rescan,2.208858
2393,2393,0.76,discard,2.209395
2394,2394,0.9433333333333334,discard,2.209954
2395,2395,0.76,request_rescan,2.210491
2396,2396,0.9433333333333334,request_rescan,2.211061
2397,2397,0.76,request_rescan,2.211621
2398,2398,0.9433333333333334,discard,2.212194
2399,2399,0.9433333333333334,discard,2.212745
2400,2400,0.9433333333333334,request_rescan,2.213295
2401,2401,0.9433333333333334,discard,2.214766
2402,2402,0.76,request_rescan,2.215314
2403,2403,0.76,discard,2.215852
2404,2404,0.9433333333333334,request_rescan,2.21644
2405,2405,0.76,request_rescan,2.216986
2406,2406,0.9433333333333334,request_rescan,2.217536
2407,2407,0.76,request_rescan,2.218076
2408,2408,0.9433333333333334,discard,2.2186
2409,2409,0.76,request_rescan,2.219114
2410,2410,0.9433333333333334,request_rescan,2.219643
2411,2411,0.76,request_rescan,2.22025
2412,2412,0.9433333333333334,discard,2.220821
2413,2413,0.76,request_rescan,2.22141
2414,2414,0.76,request_rescan,2.221961
2415,2415,0.9433333333333334,request_rescan,2.22254
2416,2416,0.76,request_rescan,2.223096
2417,2417,0.76,request_rescan,2.223644
2418,2418,0.9433333333333334,request_rescan,2.224191
2419,2419,0.76,request_rescan,2.224738
2420,2420,0.9433333333333334,discard,2.225283
2421,2421,0.76,discard,2.225859
2422,2422,0.9433333333333334,request_rescan,2.226396
2423,2423,0.9433333333333334,request_rescan,2.226923
2424,2424,0.9433333333333334,request_rescan,2.227485
2425,2425,0.9433333333333334,discard,2.229069
2426,2426,0.9433333333333334,request_rescan,2.22969
2427,2427,0.9433333333333334,discard,2.230278
2428,2428,0.76,request_rescan,2.230846
2429,2429,0.9433333333333334,discard,2.231446
2430,2430,0.9433333333333334,request_rescan,2.232013
2431,2431,0.76,request_rescan,2.232566
2432,2432,0.9433333333333334,request_rescan,2.233523
2433,2433,0.9433333333333334,discard,2.265053
2434,2434,0.9433333333333334,discard,2.26565
2435,2435,0.9433333333333334,request_rescan,2.266205
2436,2436,0.9433333333333334,request_rescan,2.266765
2437,2437,0.76,discard,2.267324
2438,2438,0.76,request_rescan,2.267873
2439,2439,0.9433333333333334,request_rescan,2.268423
2440,2440,0.9433333333333334,request_rescan,2.268982
2441,2441,0.6633333333333333,log_and_continue,2.269535
2442,2442,0.76,discard,2.270088
2443,2443,0.76,discard,2.270639
2444,2444,0.76,request_rescan,2.271187
2445,2445,0.9433333333333334,discard,2.271733
2446,2446,0.9433333333333334,request_rescan,2.272283
2447,2447,0.9433333333333334,discard,2.272852
2448,2448,0.9433333333333334,request_rescan,2.273402
2449,2449,0.9433333333333334,discard,2.273965
2450,2450,0.9433333333333334,discard,2.274512
2451,2451,0.9433333333333334,request_rescan,2.275073
2452,2452,0.9433333333333334,request_rescan,2.275631
2453,2453,0.76,request_rescan,2.27618
2454,2454,0.9433333333333334,discard,2.276737
2455,2455,0.9433333333333334,request_rescan,2.277285
2456,2456,0.76,request_rescan,2.277825
2457,2457,0.9433333333333334,request_rescan,2.278383
2458,2458,0.9433333333333334,request_rescan,2.278931
2459,2459,0.9433333333333334,request_rescan,2.279475
2460,2460,0.76,discard,2.280017
2461,2461,0.9433333333333334,request_rescan,2.280567
2462,2462,0.9433333333333334,discard,2.281121
2463,2463,0.9433333333333334,request_rescan,2.28166
2464,2464,0.76,request_rescan,2.28222
2465,2465,0.9433333333333334,request_rescan,2.282754
2466,2466,0.9433333333333334,request_rescan,2.283323
2467,2467,0.9433333333333334,discard,2.283869
2468,2468,0.9433333333333334,discard,2.284454
2469,2469,0.76,discard,2.285024
2470,2470,0.9433333333333334,discard,2.285583
2471,2471,0.9433333333333334,request_rescan,2.286127
2472,2472,0.76,request_rescan,2.286676
2473,2473,0.76,request_rescan,2.287249
2474,2474,0.9433333333333334,request_rescan,2.287791
2475,2475,0.9433333333333334,request_rescan,2.288348
2476,2476,0.76,request_rescan,2.28891
2477,2477,0.76,request_rescan,2.289458
2478,2478,0.76,request_rescan,2.290025
2479,2479,0.76,discard,2.290574
2480,2480,0.9433333333333334,request_rescan,2.291135
2481,2481,0.9433333333333334,request_rescan,2.29169
2482,2482,0.76,discard,2.292251
2483,2483,0.9433333333333334,request_rescan,2.2928
2484,2484,0.76,discard,2.293367
2485,2485,0.76,request_rescan,2.293912
2486,2486,0.76,discard,2.294472
2487,2487,0.76,request_rescan,2.29503
2488,2488,0.76,request_rescan,2.296074
2489,2489,0.9433333333333334,discard,2.296875
2490,2490,0.9433333333333334,request_rescan,2.297435
2491,2491,0.76,request_rescan,2.297991
2492,2492,0.9433333333333334,request_rescan,2.298549
2493,2493,0.9433333333333334,request_rescan,2.299111
2494,2494,0.76,request_rescan,2.299666
2495,2495,0.9433333333333334,request_rescan,2.300204
2496,2496,0.9433333333333334,request_rescan,2.300754
2497,2497,0.76,request_rescan,2.301276
2498,2498,0.9433333333333334,discard,2.301809
2499,2499,0.76,discard,2.302334
2500,2500,0.9433333333333334,request_rescan,2.302863
2501,2501,0.9433333333333334,request_rescan,2.304258
2502,2502,0.9433333333333334,request_rescan,2.304782
2503,2503,0.9433333333333334,request_rescan,2.305338
2504,2504,0.9433333333333334,request_rescan,2.30587
2505,2505,0.9433333333333334,discard,2.306405
2506,2506,0.76,request_rescan,2.306927
2507,2507,0.9433333333333334,request_rescan,2.307476
2508,2508,0.9433333333333334,discard,2.308005
2509,2509,0.9433333333333334,request_rescan,2.308527
2510,2510,0.76,discard,2.309057
2511,2511,0.76,request_rescan,2.309613
2512,2512,0.76,request_rescan,2.310193
2513,2513,0.76,discard,2.310738
2514,2514,0.9433333333333334,discard,2.311294
2515,2515,0.9433333333333334,request_rescan,2.311839
2516,2516,0.76,request_rescan,2.312391
2517,2517,0.76,request_rescan,2.312954
2518,2518,0.9433333333333334,request_rescan,2.31351
2519,2519,0.9433333333333334,discard,2.314067
2520,2520,0.9433333333333334,request_rescan,2.31461
2521,2521,0.9433333333333334,request_rescan,2.315168
2522,2522,0.76,request_rescan,2.315714
2523,2523,0.9433333333333334,request_rescan,2.316271
2524,2524,0.9433333333333334,discard,2.316816
2525,2525,0.76,request_rescan,2.317391
2526,2526,0.76,request_rescan,2.317958
2527,2527,0.76,request_rescan,2.318676
2528,2528,0.9433333333333334,request_rescan,2.319762
2529,2529,0.9433333333333334,discard,2.320366
2530,2530,0.9433333333333334,discard,2.320899
2531,2531,0.9433333333333334,discard,2.321446
2532,2532,0.9433333333333334,request_rescan,2.321991
2533,2533,0.9433333333333334,request_rescan,2.322525
2534,2534,0.9433333333333334,request_rescan,2.323058
2535,2535,0.76,discard,2.323579
2536,2536,0.9433333333333334,request_rescan,2.324167
2537,2537,0.9433333333333334,discard,2.324693
2538,2538,0.9433333333333334,discard,2.325235
2539,2539,0.9433333333333334,request_rescan,2.325766
2540,2540,0.76,request_rescan,2.326322
2541,2541,0.76,discard,2.326854
2542,2542,0.76,discard,2.327398
2543,2543,0.9433333333333334,discard,2.327948
2544,2544,0.9433333333333334,discard,2.328516
2545,2545,0.76,log_and_continue,2.329071
2546,2546,0.9433333333333334,discard,2.330596
2547,2547,0.9433333333333334,discard,2.331134
2548,2548,0.76,request_rescan,2.331675
2549,2549,0.9433333333333334,request_rescan,2.332206
2550,2550,0.76,request_rescan,2.332737
2551,2551,0.9433333333333334,request_rescan,2.333262
2552,2552,0.76,request_rescan,2.333796
2553,2553,0.76,discard,2.334334
2554,2554,0.9433333333333334,request_rescan,2.334857
2555,2555,0.9433333333333334,discard,2.335385
2556,2556,0.9433333333333334,discard,2.335957
2557,2557,0.9433333333333334,request_rescan,2.336504
2558,2558,0.76,discard,2.33707
2559,2559,0.9433333333333334,request_rescan,2.337606
2560,2560,0.9433333333333334,discard,2.338156
2561,2561,0.76,discard,2.369443
2562,2562,0.9433333333333334,request_rescan,2.370127
2563,2563,0.76,discard,2.370744
2564,2564,0.9433333333333334,request_rescan,2.371315
2565,2565,0.9433333333333334,discard,2.371897
2566,2566,0.9433333333333334,request_rescan,2.372463
2567,2567,0.9433333333333334,request_rescan,2.373017
2568,2568,0.9433333333333334,request_rescan,2.373572
2569,2569,0.9433333333333334,request_rescan,2.374115
2570,2570,0.9433333333333334,request_rescan,2.374674
2571,2571,0.76,request_rescan,2.375245
2572,2572,0.9433333333333334,request_rescan,2.375796
2573,2573,0.76,request_rescan,2.376344
2574,2574,0.9433333333333334,request_rescan,2.376897
2575,2575,0.76,discard,2.377457
2576,2576,0.9433333333333334,request_rescan,2.378016
2577,2577,0.9433333333333334,request_rescan,2.378892
2578,2578,0.76,discard,2.379467
2579,2579,0.76,discard,2.380041
2580,2580,0.9433333333333334,discard,2.380586
2581,2581,0.9433333333333334,request_rescan,2.381133
2582,2582,0.76,request_rescan,2.381689
2583,2583,0.76,discard,2.38223
2584,2584,0.9433333333333334,request_rescan,2.382963
2585,2585,0.9433333333333334,request_rescan,2.383642
2586,2586,0.9433333333333334,request_rescan,2.38424
2587,2587,0.76,discard,2.38478
2588,2588,0.9433333333333334,request_rescan,2.385374
2589,2589,0.9433333333333334,discard,2.385919
2590,2590,0.9433333333333334,request_rescan,2.386465
2591,2591,0.9433333333333334,discard,2.387017
2592,2592,0.9433333333333334,request_rescan,2.387574
2593,2593,0.9433333333333334,request_rescan,2.388118
2594,2594,0.76,request_rescan,2.388664
2595,2595,0.76,request_rescan,2.389235
2596,2596,0.9433333333333334,request_rescan,2.389777
2597,2597,0.76,request_rescan,2.390351
2598,2598,0.9433333333333334,discard,2.390904
2599,2599,0.9433333333333334,request_rescan,2.391454
2600,2600,0.9433333333333334,discard,2.392016
2601,2601,0.9433333333333334,request_rescan,2.393493
2602,2602,0.76,request_rescan,2.394051
2603,2603,0.9433333333333334,request_rescan,2.394616
2604,2604,0.76,discard,2.395182
2605,2605,0.76,request_rescan,2.395985
2606,2606,0.9433333333333334,discard,2.396515
2607,2607,0.9433333333333334,request_rescan,2.397046
2608,2608,0.9433333333333334,request_rescan,2.397592
2609,2609,0.9433333333333334,discard,2.398138
2610,2610,0.9433333333333334,discard,2.398701
2611,2611,0.9433333333333334,request_rescan,2.399385
2612,2612,0.76,request_rescan,2.400379
2613,2613,0.9433333333333334,request_rescan,2.400938
2614,2614,0.9433333333333334,request_rescan,2.401495
2615,2615,0.9433333333333334,request_rescan,2.402064
2616,2616,0.76,discard,2.402621
2617,2617,0.9433333333333334,request_rescan,2.403177
2618,2618,0.9433333333333334,discard,2.403725
2619,2619,0.9433333333333334,discard,2.404295
2620,2620,0.76,discard,2.404847
2621,2621,0.9433333333333334,request_rescan,2.4054
2622,2622,0.9433333333333334,request_rescan,2.405981
2623,2623,0.9433333333333334,request_rescan,2.406526
2624,2624,0.76,discard,2.407091
2625,2625,0.76,request_rescan,2.407635
2626,2626,0.76,discard,2.408183
2627,2627,0.9433333333333334,request_rescan,2.408736
2628,2628,0.76,request_rescan,2.409294
2629,2629,0.76,request_rescan,2.409836
2630,2630,0.76,request_rescan,2.410384
2631,2631,0.9433333333333334,discard,2.410931
2632,2632,0.9433333333333334,request_rescan,2.411492
2633,2633,0.76,discard,2.412061
2634,2634,0.9433333333333334,request_rescan,2.412622
2635,2635,0.9433333333333334,request_rescan,2.413183
2636,2636,0.9433333333333334,discard,2.413745
2637,2637,0.9433333333333334,request_rescan,2.414309
2638,2638,0.76,discard,2.414858
2639,2639,0.9433333333333334,request_rescan,2.415426
2640,2640,0.9433333333333334,discard,2.416001
2641,2641,0.76,discard,2.416569
2642,2642,0.76,discard,2.417676
2643,2643,0.76,request_rescan,2.418292
2644,2644,0.9433333333333334,discard,2.418816
2645,2645,0.9433333333333334,request_rescan,2.419363
2646,2646,0.9433333333333334,discard,2.419898
2647,2647,0.76,discard,2.420449
2648,2648,0.76,request_rescan,2.421011
2649,2649,0.9433333333333334,discard,2.421552
2650,2650,0.9433333333333334,discard,2.422111
2651,2651,0.9433333333333334,request_rescan,2.422647
2652,2652,0.9433333333333334,request_rescan,2.423194
2653,2653,0.76,request_rescan,2.423733
2654,2654,0.9433333333333334,request_rescan,2.424281
2655,2655,0.76,discard,2.424811
2656,2656,0.76,discard,2.425354
2657,2657,0.9433333333333334,request_rescan,2.425885
2658,2658,0.76,request_rescan,2.426419
2659,2659,0.9433333333333334,discard,2.426959
2660,2660,0.9433333333333334,request_rescan,2.427498
2661,2661,0.76,request_rescan,2.428049
2662,2662,0.9433333333333334,discard,2.428623
2663,2663,0.9433333333333334,request_rescan,2.429505
2664,2664,0.9433333333333334,request_rescan,2.430073
2665,2665,0.76,request_rescan,2.431577
2666,2666,0.9433333333333334,request_rescan,2.432165
2667,2667,0.9433333333333334,request_rescan,2.432815
2668,2668,0.76,request_rescan,2.433689
2669,2669,0.76,request_rescan,2.434244
2670,2670,0.9433333333333334,discard,2.434795
2671,2671,0.76,discard,2.435359
2672,2672,0.76,request_rescan,2.435907
2673,2673,0.76,request_rescan,2.436489
2674,2674,0.9433333333333334,discard,2.437059
2675,2675,0.9433333333333334,request_rescan,2.437626
2676,2676,0.76,request_rescan,2.438185
2677,2677,0.9433333333333334,request_rescan,2.438749
2678,2678,0.76,request_rescan,2.439338
2679,2679,0.76,request_rescan,2.439879
2680,2680,0.76,discard,2.440445
2681,2681,0.76,request_rescan,2.441005
2682,2682,0.9433333333333334,request_rescan,2.441534
2683,2683,0.9433333333333334,request_rescan,2.442081
2684,2684,0.9433333333333334,request_rescan,2.442633
2685,2685,0.9433333333333334,discard,2.443182
2686,2686,0.9433333333333334,discard,2.443704
2687,2687,0.76,discard,2.44426
2688,2688,0.76,request_rescan,2.444804
2689,2689,0.76,discard,2.476303
2690,2690,0.76,request_rescan,2.476908
2691,2691,0.76,request_rescan,2.477463
2692,2692,0.9433333333333334,request_rescan,2.478024
2693,2693,0.76,request_rescan,2.478574
2694,2694,0.9433333333333334,request_rescan,2.479456
2695,2695,0.9433333333333334,request_rescan,2.480021
2696,2696,0.9433333333333334,request_rescan,2.480569
2697,2697,0.9433333333333334,discard,2.48113
2698,2698,0.76,request_rescan,2.481691
2699,2699,0.9433333333333334,request_rescan,2.482242
2700,2700,0.9433333333333334,discard,2.483275
2701,2701,0.76,request_rescan,2.484813
2702,2702,0.9433333333333334,discard,2.4855
2703,2703,0.9433333333333334,request_rescan,2.486079
2704,2704,0.9433333333333334,request_rescan,2.486644
2705,2705,0.9433333333333334,request_rescan,2.487237
2706,2706,0.76,discard,2.487805
2707,2707,0.76,request_rescan,2.488358
2708,2708,0.76,discard,2.488912
2709,2709,0.76,discard,2.489483
2710,2710,0.9433333333333334,discard,2.490097
2711,2711,0.76,request_rescan,2.490655
2712,2712,0.76,discard,2.491229
2713,2713,0.76,request_rescan,2.49178
2714,2714,0.76,request_rescan,2.49235
2715,2715,0.76,discard,2.492896
2716,2716,0.76,request_rescan,2.493468
2717,2717,0.9433333333333334,request_rescan,2.494025
2718,2718,0.9433333333333334,request_rescan,2.494602
2719,2719,0.76,request_rescan,2.495159
2720,2720,0.76,discard,2.495743
2721,2721,0.9433333333333334,discard,2.496296
2722,2722,0.9433333333333334,request_rescan,2.496856
2723,2723,0.9433333333333334,discard,2.497416
2724,2724,0.9433333333333334,request_rescan,2.497971
2725,2725,0.9433333333333334,discard,2.498581
2726,2726,0.76,discard,2.49919
2727,2727,0.9433333333333334,discard,2.500067
2728,2728,0.9433333333333334,request_rescan,2.501046
2729,2729,0.76,request_rescan,2.501607
2730,2730,0.76,request_rescan,2.502171
2731,2731,0.9433333333333334,request_rescan,2.502732
2732,2732,0.9433333333333334,discard,2.503311
2733,2733,0.76,discard,2.503915
2734,2734,0.76,request_rescan,2.504487
2735,2735,0.76,request_rescan,2.505063
2736,2736,0.9433333333333334,discard,2.505617
2737,2737,0.76,request_rescan,2.506199
2738,2738,0.76,request_rescan,2.506756
2739,2739,0.9433333333333334,request_rescan,2.507329
2740,2740,0.9433333333333334,request_rescan,2.507877
2741,2741,0.9433333333333334,discard,2.50845
2742,2742,0.9433333333333334,discard,2.509011
2743,2743,0.9433333333333334,discard,2.509575
2744,2744,0.9433333333333334,discard,2.510132
2745,2745,0.9433333333333334,request_rescan,2.510696
2746,2746,0.9433333333333334,request_rescan,2.51128
2747,2747,0.9433333333333334,request_rescan,2.511854
2748,2748,0.9433333333333334,discard,2.512452
2749,2749,0.9433333333333334,request_rescan,2.513011
2750,2750,0.9433333333333334,request_rescan,2.513577
2751,2751,0.9433333333333334,request_rescan,2.514142
2752,2752,0.76,request_rescan,2.514696
2753,2753,0.76,discard,2.515265
2754,2754,0.9433333333333334,discard,2.515823
2755,2755,0.9433333333333334,request_rescan,2.516375
2756,2756,0.9433333333333334,request_rescan,2.516937
2757,2757,0.9433333333333334,request_rescan,2.517495
2758,2758,0.9433333333333334,request_rescan,2.518061
2759,2759,0.9433333333333334,discard,2.51862
2760,2760,0.9433333333333334,discard,2.519187
2761,2761,0.76,discard,2.519737
2762,2762,0.76,request_rescan,2.520305
2763,2763,0.76,discard,2.520908
2764,2764,0.9433333333333334,request_rescan,2.521466
2765,2765,0.9433333333333334,request_rescan,2.522019
2766,2766,0.9433333333333334,request_rescan,2.522608
2767,2767,0.76,request_rescan,2.523176
2768,2768,0.9433333333333334,discard,2.523728
2769,2769,0.9433333333333334,request_rescan,2.524292
2770,2770,0.76,request_rescan,2.524852
2771,2771,0.9433333333333334,discard,2.52542
2772,2772,0.9433333333333334,request_rescan,2.52598
2773,2773,0.9433333333333334,discard,2.526557
2774,2774,0.76,request_rescan,2.527115
2775,2775,0.9433333333333334,request_rescan,2.527673
2776,2776,0.9433333333333334,request_rescan,2.528238
2777,2777,0.76,discard,2.528788
2778,2778,0.9433333333333334,request_rescan,2.529327
2779,2779,0.9433333333333334,request_rescan,2.529889
2780,2780,0.9433333333333334,request_rescan,2.530518
2781,2781,0.76,discard,2.532419
2782,2782,0.76,discard,2.533065
2783,2783,0.9433333333333334,request_rescan,2.533604
2784,2784,0.76,discard,2.53418
2785,2785,0.9433333333333334,discard,2.534717
2786,2786,0.9433333333333334,request_rescan,2.535274
2787,2787,0.9433333333333334,request_rescan,2.535818
2788,2788,0.9433333333333334,request_rescan,2.536381
2789,2789,0.9433333333333334,request_rescan,2.536948
2790,2790,0.76,request_rescan,2.537529
2791,2791,0.9433333333333334,discard,2.538142
2792,2792,0.9433333333333334,request_rescan,2.538744
2793,2793,0.76,request_rescan,2.539334
2794,2794,0.9433333333333334,request_rescan,2.539878
2795,2795,0.76,request_rescan,2.540468
2796,2796,0.9433333333333334,request_rescan,2.541036
2797,2797,0.76,request_rescan,2.541588
2798,2798,0.9433333333333334,discard,2.542149
2799,2799,0.9433333333333334,request_rescan,2.5427
2800,2800,0.9433333333333334,request_rescan,2.543282
2801,2801,0.9433333333333334,request_rescan,2.544733
2802,2802,0.76,request_rescan,2.545312
2803,2803,0.76,request_rescan,2.545904
2804,2804,0.9433333333333334,request_rescan,2.546467
2805,2805,0.9433333333333334,discard,2.547035
2806,2806,0.9433333333333334,request_rescan,2.547638
2807,2807,0.9433333333333334,discard,2.548216
2808,2808,0.76,discard,2.549017
2809,2809,0.76,request_rescan,2.550083
2810,2810,0.76,request_rescan,2.550712
2811,2811,0.9433333333333334,request_rescan,2.551268
2812,2812,0.9433333333333334,discard,2.551819
2813,2813,0.76,request_rescan,2.55237
2814,2814,0.9433333333333334,discard,2.552912
2815,2815,0.76,request_rescan,2.553475
2816,2816,0.9433333333333334,request_rescan,2.554029
2817,2817,0.76,discard,2.585806
2818,2818,0.9433333333333334,request_rescan,2.586466
2819,2819,0.76,discard,2.587096
2820,2820,0.9433333333333334,request_rescan,2.587699
2821,2821,0.76,discard,2.588281
2822,2822,0.9433333333333334,request_rescan,2.588856
2823,2823,0.9433333333333334,request_rescan,2.589431
2824,2824,0.9433333333333334,request_rescan,2.589995
2825,2825,0.76,discard,2.590568
2826,2826,0.9433333333333334,discard,2.591132
2827,2827,0.9433333333333334,discard,2.591702
2828,2828,0.9433333333333334,discard,2.592265
2829,2829,0.9433333333333334,discard,2.592828
2830,2830,0.9433333333333334,request_rescan,2.593399
2831,2831,0.9433333333333334,request_rescan,2.593964
2832,2832,0.9433333333333334,request_rescan,2.594535
2833,2833,0.9433333333333334,discard,2.595099
2834,2834,0.9433333333333334,request_rescan,2.595671
2835,2835,0.76,request_rescan,2.596496
2836,2836,0.9433333333333334,discard,2.597054
2837,2837,0.76,request_rescan,2.59763
2838,2838,0.76,request_rescan,2.598195
2839,2839,0.9433333333333334,discard,2.598991
2840,2840,0.9433333333333334,discard,2.599647
2841,2841,0.76,request_rescan,2.600224
2842,2842,0.9433333333333334,discard,2.600789
2843,2843,0.9433333333333334,request_rescan,2.601359
2844,2844,0.76,discard,2.601959
2845,2845,0.76,request_rescan,2.60252
2846,2846,0.9433333333333334,request_rescan,2.603118
2847,2847,0.76,request_rescan,2.603675
2848,2848,0.76,discard,2.604247
2849,2849,0.9433333333333334,discard,2.604796
2850,2850,0.9433333333333334,discard,2.605372
2851,2851,0.9433333333333334,request_rescan,2.605929
2852,2852,0.76,request_rescan,2.6065
2853,2853,0.9433333333333334,request_rescan,2.607056
2854,2854,0.9433333333333334,request_rescan,2.607613
2855,2855,0.9433333333333334,request_rescan,2.608173
2856,2856,0.9433333333333334,request_rescan,2.608728
2857,2857,0.9433333333333334,request_rescan,2.609292
2858,2858,0.9433333333333334,request_rescan,2.609842
2859,2859,0.9433333333333334,request_rescan,2.610414
2860,2860,0.9433333333333334,request_rescan,2.610977
2861,2861,0.76,request_rescan,2.611569
2862,2862,0.76,discard,2.612143
2863,2863,0.9433333333333334,request_rescan,2.612699
2864,2864,0.76,discard,2.613264
2865,2865,0.9433333333333334,discard,2.613822
2866,2866,0.76,request_rescan,2.614381
2867,2867,0.9433333333333334,request_rescan,2.614954
2868,2868,0.9433333333333334,request_rescan,2.615525
2869,2869,0.9433333333333334,request_rescan,2.616101
2870,2870,0.76,discard,2.616659
2871,2871,0.76,request_rescan,2.61723
2872,2872,0.76,discard,2.617804
2873,2873,0.9433333333333334,request_rescan,2.618386
2874,2874,0.9433333333333334,request_rescan,2.61897
2875,2875,0.76,request_rescan,2.619528
2876,2876,0.9433333333333334,discard,2.6201
2877,2877,0.9433333333333334,request_rescan,2.620649
2878,2878,0.9433333333333334,request_rescan,2.621228
2879,2879,0.76,discard,2.621791
2880,2880,0.76,discard,2.622357
2881,2881,0.9433333333333334,request_rescan,2.622919
2882,2882,0.76,request_rescan,2.623479
2883,2883,0.76,discard,2.624038
2884,2884,0.76,discard,2.624601
2885,2885,0.76,request_rescan,2.62518
2886,2886,0.9433333333333334,discard,2.625766
2887,2887,0.9433333333333334,request_rescan,2.626327
2888,2888,0.9433333333333334,discard,2.626891
2889,2889,0.9433333333333334,discard,2.627463
2890,2890,0.9433333333333334,request_rescan,2.628028
2891,2891,0.9433333333333334,discard,2.628573
2892,2892,0.9433333333333334,discard,2.629143
2893,2893,0.9433333333333334,discard,2.629694
2894,2894,0.76,discard,2.630253
2895,2895,0.9433333333333334,request_rescan,2.630815
2896,2896,0.9433333333333334,discard,2.631382
2897,2897,0.9433333333333334,request_rescan,2.631945
2898,2898,0.76,request_rescan,2.63352
2899,2899,0.76,discard,2.634087
2900,2900,0.76,discard,2.63464
2901,2901,0.9433333333333334,request_rescan,2.636002
2902,2902,0.9433333333333334,request_rescan,2.636559
2903,2903,0.9433333333333334,request_rescan,2.637115
2904,2904,0.9433333333333334,request_rescan,2.637672
2905,2905,0.9433333333333334,discard,2.638228
2906,2906,0.9433333333333334,request_rescan,2.638783
2907,2907,0.9433333333333334,request_rescan,2.639341
2908,2908,0.76,request_rescan,2.639897
2909,2909,0.9433333333333334,discard,2.640438
2910,2910,0.9433333333333334,discard,2.641
2911,2911,0.76,discard,2.641544
2912,2912,0.76,request_rescan,2.642111
2913,2913,0.9433333333333334,request_rescan,2.642654
2914,2914,0.9433333333333334,request_rescan,2.64321
2915,2915,0.9433333333333334,request_rescan,2.643755
2916,2916,0.76,discard,2.644319
2917,2917,0.9433333333333334,request_rescan,2.644879
2918,2918,0.9433333333333334,request_rescan,2.645443
2919,2919,0.9433333333333334,request_rescan,2.646002
2920,2920,0.9433333333333334,request_rescan,2.646559
2921,2921,0.76,request_rescan,2.647114
2922,2922,0.76,request_rescan,2.647668
2923,2923,0.76,request_rescan,2.64822
2924,2924,0.9433333333333334,discard,2.648756
2925,2925,0.9433333333333334,discard,2.649326
2926,2926,0.9433333333333334,request_rescan,2.650352
2927,2927,0.76,discard,2.651418
2928,2928,0.76,request_rescan,2.65197
2929,2929,0.76,discard,2.652515
2930,2930,0.9433333333333334,request_rescan,2.653074
2931,2931,0.76,discard,2.653624
2932,2932,0.9433333333333334,request_rescan,2.654191
2933,2933,0.9433333333333334,discard,2.654745
2934,2934,0.9433333333333334,discard,2.655311
2935,2935,0.9433333333333334,discard,2.655851
2936,2936,0.76,discard,2.656423
2937,2937,0.9433333333333334,discard,2.656974
2938,2938,0.9433333333333334,request_rescan,2.657536
2939,2939,0.9433333333333334,request_rescan,2.658081
2940,2940,0.9433333333333334,discard,2.658645
2941,2941,0.9433333333333334,request_rescan,2.659196
2942,2942,0.9433333333333334,discard,2.659754
2943,2943,0.9433333333333334,discard,2.660305
2944,2944,0.9433333333333334,discard,2.660863
2945,2945,0.9433333333333334,request_rescan,2.692897
2946,2946,0.9433333333333334,discard,2.693502
2947,2947,0.9433333333333334,discard,2.694056
2948,2948,0.9433333333333334,request_rescan,2.694628
2949,2949,0.9433333333333334,discard,2.695193
2950,2950,0.76,discard,2.696022
2951,2951,0.76,request_rescan,2.696583
2952,2952,0.9433333333333334,request_rescan,2.69714
2953,2953,0.9433333333333334,discard,2.697706
2954,2954,0.9433333333333334,discard,2.69826
2955,2955,0.9433333333333334,request_rescan,2.698831
2956,2956,0.76,request_rescan,2.699394
2957,2957,0.9433333333333334,discard,2.699957
2958,2958,0.9433333333333334,discard,2.700595
2959,2959,0.76,request_rescan,2.701417
2960,2960,0.76,discard,2.701972
2961,2961,0.76,request_rescan,2.702526
2962,2962,0.9433333333333334,discard,2.703074
2963,2963,0.9433333333333334,request_rescan,2.703637
2964,2964,0.9433333333333334,discard,2.704207
2965,2965,0.9433333333333334,request_rescan,2.704758
2966,2966,0.9433333333333334,request_rescan,2.705319
2967,2967,0.9433333333333334,discard,2.705869
2968,2968,0.9433333333333334,request_rescan,2.706418
2969,2969,0.76,discard,2.70697
2970,2970,0.9433333333333334,discard,2.707515
2971,2971,0.9433333333333334,request_rescan,2.708111
2972,2972,0.9433333333333334,request_rescan,2.708665
2973,2973,0.9433333333333334,request_rescan,2.709226
2974,2974,0.76,request_rescan,2.709768
2975,2975,0.9433333333333334,discard,2.710336
2976,2976,0.9433333333333334,discard,2.710873
2977,2977,0.9433333333333334,discard,2.711428
2978,2978,0.9433333333333334,discard,2.711995
2979,2979,0.9433333333333334,request_rescan,2.712552
2980,2980,0.9433333333333334,discard,2.713101
2981,2981,0.76,request_rescan,2.713665
2982,2982,0.76,request_rescan,2.71421
2983,2983,0.76,request_rescan,2.714755
2984,2984,0.9433333333333334,discard,2.715305
2985,2985,0.9433333333333334,request_rescan,2.715844
2986,2986,0.9433333333333334,request_rescan,2.716407
2987,2987,0.9433333333333334,request_rescan,2.716955
2988,2988,0.76,discard,2.717521
2989,2989,0.9433333333333334,request_rescan,2.718079
2990,2990,0.9433333333333334,discard,2.718641
2991,2991,0.9433333333333334,request_rescan,2.71921
2992,2992,0.9433333333333334,discard,2.719759
2993,2993,0.9433333333333334,request_rescan,2.720322
2994,2994,0.9433333333333334,discard,2.720865
2995,2995,0.9433333333333334,discard,2.721417
2996,2996,0.76,discard,2.721971
2997,2997,0.76,discard,2.722509
2998,2998,0.9433333333333334,discard,2.723062
2999,2999,0.9433333333333334,request_rescan,2.723594
3000,3000,0.76,request_rescan,2.724146
3001,3001,0.9433333333333334,request_rescan,2.725595
3002,3002,0.9433333333333334,discard,2.726147
3003,3003,0.9433333333333334,request_rescan,2.726704
3004,3004,0.9433333333333334,discard,2.7273
3005,3005,0.9433333333333334,discard,2.727857
3006,3006,0.76,request_rescan,2.728408
3007,3007,0.9433333333333334,request_rescan,2.728962
3008,3008,0.9433333333333334,request_rescan,2.729523
3009,3009,0.76,discard,2.730092
3010,3010,0.9433333333333334,discard,2.730663
3011,3011,0.9433333333333334,request_rescan,2.731232
3012,3012,0.9433333333333334,discard,2.731793
3013,3013,0.9433333333333334,discard,2.732388
3014,3014,0.9433333333333334,request_rescan,2.732933
3015,3015,0.9433333333333334,discard,2.734472
3016,3016,0.9433333333333334,discard,2.735059
3017,3017,0.9433333333333334,request_rescan,2.73561
3018,3018,0.76,discard,2.736181
3019,3019,0.9433333333333334,request_rescan,2.736736
3020,3020,0.76,request_rescan,2.737303
3021,3021,0.76,request_rescan,2.73784
3022,3022,0.9433333333333334,request_rescan,2.738436
3023,3023,0.9433333333333334,request_rescan,2.739013
3024,3024,0.9433333333333334,request_rescan,2.739593
3025,3025,0.76,request_rescan,2.740196
3026,3026,0.9433333333333334,discard,2.740801
3027,3027,0.76,request_rescan,2.741406
3028,3028,0.76,request_rescan,2.74198
3029,3029,0.9433333333333334,request_rescan,2.742535
3030,3030,0.9433333333333334,discard,2.743095
3031,3031,0.76,discard,2.743653
3032,3032,0.9433333333333334,discard,2.744211
3033,3033,0.9433333333333334,request_rescan,2.744759
3034,3034,0.9433333333333334,request_rescan,2.745326
3035,3035,0.9433333333333334,discard,2.745877
3036,3036,0.9433333333333334,request_rescan,2.746439
3037,3037,0.9433333333333334,discard,2.746988
3038,3038,0.9433333333333334,request_rescan,2.747548
3039,3039,0.9433333333333334,request_rescan,2.748099
3040,3040,0.9433333333333334,request_rescan,2.748647
3041,3041,0.76,request_rescan,2.749227
3042,3042,0.9433333333333334,request_rescan,2.750087
3043,3043,0.9433333333333334,request_rescan,2.751068
3044,3044,0.76,request_rescan,2.751684
3045,3045,0.9433333333333334,request_rescan,2.752244
3046,3046,0.9433333333333334,discard,2.752798
3047,3047,0.9433333333333334,discard,2.753373
3048,3048,0.76,request_rescan,2.753931
3049,3049,0.9433333333333334,request_rescan,2.754506
3050,3050,0.9433333333333334,discard,2.755074
3051,3051,0.9433333333333334,discard,2.755637
3052,3052,0.9433333333333334,request_rescan,2.756185
3053,3053,0.9433333333333334,request_rescan,2.756756
3054,3054,0.9433333333333334,discard,2.757307
3055,3055,0.9433333333333334,request_rescan,2.757851
3056,3056,0.9433333333333334,discard,2.758426
3057,3057,0.76,discard,2.758998
3058,3058,0.9433333333333334,request_rescan,2.759559
3059,3059,0.9433333333333334,discard,2.760115
3060,3060,0.9433333333333334,discard,2.76068
3061,3061,0.76,discard,2.761241
3062,3062,0.76,request_rescan,2.761814
3063,3063,0.9433333333333334,request_rescan,2.762376
3064,3064,0.9433333333333334,discard,2.762934
3065,3065,0.9433333333333334,request_rescan,2.763502
3066,3066,0.9433333333333334,discard,2.764061
3067,3067,0.9433333333333334,request_rescan,2.764611
3068,3068,0.9433333333333334,request_rescan,2.765174
3069,3069,0.9433333333333334,discard,2.76573
3070,3070,0.9433333333333334,request_rescan,2.766497
3071,3071,0.9433333333333334,request_rescan,2.767069
3072,3072,0.9433333333333334,request_rescan,2.767629
3073,3073,0.9433333333333334,request_rescan,2.800459
3074,3074,0.9433333333333334,request_rescan,2.801081
3075,3075,0.9433333333333334,discard,2.801654
3076,3076,0.9433333333333334,discard,2.802702
3077,3077,0.76,discard,2.803263
3078,3078,0.9433333333333334,request_rescan,2.803814
3079,3079,0.76,request_rescan,2.804369
3080,3080,0.76,request_rescan,2.804921
3081,3081,0.76,discard,2.805481
3082,3082,0.76,request_rescan,2.806032
3083,3083,0.9433333333333334,request_rescan,2.806574
3084,3084,0.76,request_rescan,2.807137
3085,3085,0.76,request_rescan,2.807685
3086,3086,0.9433333333333334,request_rescan,2.808245
3087,3087,0.76,discard,2.80879
3088,3088,0.9433333333333334,request_rescan,2.809357
3089,3089,0.9433333333333334,request_rescan,2.80991
3090,3090,0.9433333333333334,request_rescan,2.810453
3091,3091,0.76,request_rescan,2.811013
3092,3092,0.9433333333333334,request_rescan,2.811569
3093,3093,0.9433333333333334,request_rescan,2.812133
3094,3094,0.9433333333333334,request_rescan,2.812678
3095,3095,0.9433333333333334,discard,2.813237
3096,3096,0.9433333333333334,request_rescan,2.813783
3097,3097,0.9433333333333334,request_rescan,2.814342
3098,3098,0.9433333333333334,request_rescan,2.814887
3099,3099,0.9433333333333334,request_rescan,2.815445
3100,3100,0.9433333333333334,request_rescan,2.815995
3101,3101,0.76,discard,2.817428
3102,3102,0.9433333333333334,request_rescan,2.817989
3103,3103,0.76,request_rescan,2.818548
3104,3104,0.9433333333333334,request_rescan,2.819102
3105,3105,0.9433333333333334,discard,2.819663
3106,3106,0.76,request_rescan,2.82021
3107,3107,0.9433333333333334,request_rescan,2.820766
3108,3108,0.9433333333333334,request_rescan,2.821315
3109,3109,0.9433333333333334,request_rescan,2.821856
3110,3110,0.9433333333333334,discard,2.822418
3111,3111,0.9433333333333334,discard,2.822972
3112,3112,0.9433333333333334,request_rescan,2.823535
3113,3113,0.76,request_rescan,2.824084
3114,3114,0.9433333333333334,discard,2.824639
3115,3115,0.9433333333333334,discard,2.825182
3116,3116,0.76,discard,2.825737
3117,3117,0.76,request_rescan,2.826287
3118,3118,0.9433333333333334,discard,2.826841
3119,3119,0.9433333333333334,request_rescan,2.827392
3120,3120,0.9433333333333334,discard,2.82794
3121,3121,0.9433333333333334,request_rescan,2.828499
3122,3122,0.9433333333333334,discard,2.829051
3123,3123,0.9433333333333334,discard,2.829594
3124,3124,0.9433333333333334,request_rescan,2.830153
3125,3125,0.76,request_rescan,2.830692
3126,3126,0.76,discard,2.831249
3127,3127,0.9433333333333334,request_rescan,2.831798
3128,3128,0.9433333333333334,discard,2.832346
3129,3129,0.9433333333333334,request_rescan,2.832909
3130,3130,0.76,request_rescan,2.833464
3131,3131,0.9433333333333334,discard,2.834028
3132,3132,0.9433333333333334,request_rescan,2.835649
3133,3133,0.9433333333333334,request_rescan,2.836618
3134,3134,0.9433333333333334,request_rescan,2.837611
3135,3135,0.9433333333333334,discard,2.838318
3136,3136,0.76,discard,2.838873
3137,3137,0.76,request_rescan,2.839471
3138,3138,0.76,request_rescan,2.840038
3139,3139,0.76,request_rescan,2.840613
3140,3140,0.76,request_rescan,2.841186
3141,3141,0.76,request_rescan,2.841738
3142,3142,0.9433333333333334,request_rescan,2.842332
3143,3143,0.9433333333333334,request_rescan,2.842895
3144,3144,0.9433333333333334,discard,2.843486
3145,3145,0.9433333333333334,discard,2.844049
3146,3146,0.76,request_rescan,2.844618
3147,3147,0.9433333333333334,request_rescan,2.845181
3148,3148,0.9433333333333334,discard,2.845741
3149,3149,0.9433333333333334,request_rescan,2.846307
3150,3150,0.76,request_rescan,2.846872
3151,3151,0.9433333333333334,request_rescan,2.847451
3152,3152,0.9433333333333334,request_rescan,2.848018
3153,3153,0.9433333333333334,request_rescan,2.848588
3154,3154,0.9433333333333334,discard,2.849155
3155,3155,0.76,discard,2.850021
3156,3156,0.9433333333333334,discard,2.850567
3157,3157,0.9433333333333334,discard,2.851145
3158,3158,0.9433333333333334,discard,2.851696
3159,3159,0.9433333333333334,request_rescan,2.852272
3160,3160,0.76,request_rescan,2.852826
3161,3161,0.9433333333333334,request_rescan,2.853505
3162,3162,0.9433333333333334,discard,2.854204
3163,3163,0.9433333333333334,request_rescan,2.854982
3164,3164,0.76,request_rescan,2.855553
3165,3165,0.76,request_rescan,2.856121
3166,3166,0.9433333333333334,request_rescan,2.856673
3167,3167,0.9433333333333334,discard,2.857236
3168,3168,0.9433333333333334,request_rescan,2.857795
3169,3169,0.9433333333333334,request_rescan,2.858367
3170,3170,0.76,request_rescan,2.858924
3171,3171,0.9433333333333334,request_rescan,2.85949
3172,3172,0.9433333333333334,discard,2.860044
3173,3173,0.9433333333333334,request_rescan,2.860615
3174,3174,0.76,request_rescan,2.861178
3175,3175,0.9433333333333334,discard,2.861749
3176,3176,0.9433333333333334,request_rescan,2.862299
3177,3177,0.9433333333333334,discard,2.862883
3178,3178,0.9433333333333334,discard,2.863442
3179,3179,0.9433333333333334,discard,2.864004
3180,3180,0.9433333333333334,discard,2.864556
3181,3181,0.9433333333333334,discard,2.865109
3182,3182,0.9433333333333334,request_rescan,2.865675
3183,3183,0.9433333333333334,discard,2.866242
3184,3184,0.9433333333333334,discard,2.866796
3185,3185,0.76,discard,2.867357
3186,3186,0.9433333333333334,discard,2.867928
3187,3187,0.9433333333333334,request_rescan,2.868504
3188,3188,0.9433333333333334,discard,2.869062
3189,3189,0.9433333333333334,request_rescan,2.869619
3190,3190,0.9433333333333334,discard,2.870178
3191,3191,0.9433333333333334,request_rescan,2.870734
3192,3192,0.9433333333333334,discard,2.871292
3193,3193,0.9433333333333334,discard,2.871869
3194,3194,0.9433333333333334,request_rescan,2.872415
3195,3195,0.76,request_rescan,2.872956
3196,3196,0.9433333333333334,request_rescan,2.873507
3197,3197,0.9433333333333334,request_rescan,2.874053
3198,3198,0.9433333333333334,request_rescan,2.874596
3199,3199,0.76,request_rescan,2.875144
3200,3200,0.76,discard,2.875679
3201,3201,0.9433333333333334,request_rescan,2.908273
3202,3202,0.9433333333333334,discard,2.908875
3203,3203,0.9433333333333334,discard,2.909426
3204,3204,0.9433333333333334,discard,2.909987
3205,3205,0.9433333333333334,request_rescan,2.910535
3206,3206,0.76,discard,2.9111
3207,3207,0.9433333333333334,request_rescan,2.911656
3208,3208,0.76,request_rescan,2.912244
3209,3209,0.9433333333333334,discard,2.912804
3210,3210,0.9433333333333334,request_rescan,2.913384
3211,3211,0.9433333333333334,request_rescan,2.913929
3212,3212,0.9433333333333334,discard,2.914491
3213,3213,0.9433333333333334,discard,2.915036
3214,3214,0.9433333333333334,discard,2.915591
3215,3215,0.9433333333333334,request_rescan,2.916179
3216,3216,0.9433333333333334,request_rescan,2.916727
3217,3217,0.9433333333333334,request_rescan,2.917297
3218,3218,0.9433333333333334,request_rescan,2.917845
3219,3219,0.9433333333333334,discard,2.918409
3220,3220,0.9433333333333334,request_rescan,2.918971
3221,3221,0.9433333333333334,discard,2.919518
3222,3222,0.9433333333333334,request_rescan,2.920075
3223,3223,0.9433333333333334,request_rescan,2.920611
3224,3224,0.9433333333333334,discard,2.921179
3225,3225,0.9433333333333334,discard,2.92172
3226,3226,0.9433333333333334,request_rescan,2.922308
3227,3227,0.9433333333333334,discard,2.922845
3228,3228,0.9433333333333334,discard,2.923445
3229,3229,0.9433333333333334,request_rescan,2.923992
3230,3230,0.9433333333333334,discard,2.924552
3231,3231,0.76,request_rescan,2.925096
3232,3232,0.9433333333333334,discard,2.92565
3233,3233,0.9433333333333334,discard,2.926192
3234,3234,0.9433333333333334,request_rescan,2.926742
3235,3235,0.9433333333333334,request_rescan,2.927315
3236,3236,0.9433333333333334,request_rescan,2.927867
3237,3237,0.9433333333333334,discard,2.928408
3238,3238,0.9433333333333334,request_rescan,2.928964
3239,3239,0.9433333333333334,discard,2.929525
3240,3240,0.9433333333333334,discard,2.930104
3241,3241,0.76,request_rescan,2.930713
3242,3242,0.9433333333333334,discard,2.931284
3243,3243,0.9433333333333334,request_rescan,2.931862
3244,3244,0.9433333333333334,request_rescan,2.932454
3245,3245,0.76,discard,2.933015
3246,3246,0.9433333333333334,request_rescan,2.933554
3247,3247,0.9433333333333334,discard,2.934124
3248,3248,0.9433333333333334,request_rescan,2.934683
3249,3249,0.76,request_rescan,2.935268
3250,3250,0.9433333333333334,discard,2.936835
3251,3251,0.76,discard,2.93741
3252,3252,0.9433333333333334,request_rescan,2.937961
3253,3253,0.9433333333333334,discard,2.938517
3254,3254,0.9433333333333334,discard,2.939108
3255,3255,0.9433333333333334,request_rescan,2.939639
3256,3256,0.9433333333333334,discard,2.940218
3257,3257,0.9433333333333334,request_rescan,2.940763
3258,3258,0.9433333333333334,discard,2.941342
3259,3259,0.9433333333333334,request_rescan,2.941894
3260,3260,0.76,request_rescan,2.942447
3261,3261,0.9433333333333334,discard,2.943005
3262,3262,0.76,discard,2.943571
3263,3263,0.76,discard,2.944164
3264,3264,0.9433333333333334,discard,2.944697
3265,3265,0.9433333333333334,request_rescan,2.945449
3266,3266,0.76,request_rescan,2.946012
3267,3267,0.9433333333333334,request_rescan,2.946549
3268,3268,0.9433333333333334,discard,2.947127
3269,3269,0.9433333333333334,request_rescan,2.947663
3270,3270,0.9433333333333334,discard,2.948236
3271,3271,0.76,discard,2.948777
3272,3272,0.76,request_rescan,2.949332
3273,3273,0.76,discard,2.949895
3274,3274,0.9433333333333334,discard,2.950454
3275,3275,0.9433333333333334,discard,2.951003
3276,3276,0.9433333333333334,discard,2.951555
3277,3277,0.76,request_rescan,2.952366
3278,3278,0.9433333333333334,discard,2.953232
3279,3279,0.9433333333333334,discard,2.953851
3280,3280,0.9433333333333334,request_rescan,2.954416
3281,3281,0.9433333333333334,request_rescan,2.955004
3282,3282,0.9433333333333334,request_rescan,2.955554
3283,3283,0.76,request_rescan,2.956114
3284,3284,0.9433333333333334,request_rescan,2.95666
3285,3285,0.9433333333333334,discard,2.95723
3286,3286,0.9433333333333334,discard,2.957765
3287,3287,0.9433333333333334,discard,2.95832
3288,3288,0.9433333333333334,request_rescan,2.958867
3289,3289,0.76,request_rescan,2.959421
3290,3290,0.76,discard,2.959969
3291,3291,0.9433333333333334,request_rescan,2.960506
3292,3292,0.9433333333333334,discard,2.961071
3293,3293,0.76,request_rescan,2.961629
3294,3294,0.9433333333333334,discard,2.962194
3295,3295,0.9433333333333334,discard,2.962727
3296,3296,0.9433333333333334,discard,2.963289
3297,3297,0.76,request_rescan,2.963824
3298,3298,0.9433333333333334,request_rescan,2.964386
3299,3299,0.9433333333333334,discard,2.964923
3300,3300,0.9433333333333334,request_rescan,2.965491
3301,3301,0.76,discard,2.966922
3302,3302,0.76,discard,2.967482
3303,3303,0.9433333333333334,request_rescan,2.968027
3304,3304,0.9433333333333334,discard,2.968591
3305,3305,0.9433333333333334,discard,2.969133
3306,3306,0.9433333333333334,request_rescan,2.96969
3307,3307,0.9433333333333334,discard,2.970237
3308,3308,0.9433333333333334,request_rescan,2.97079
3309,3309,0.9433333333333334,request_rescan,2.971335
3310,3310,0.9433333333333334,request_rescan,2.971882
3311,3311,0.9433333333333334,discard,2.972453
3312,3312,0.76,request_rescan,2.973022
3313,3313,0.9433333333333334,discard,2.973572
3314,3314,0.76,discard,2.97413
3315,3315,0.76,discard,2.974669
3316,3316,0.9433333333333334,request_rescan,2.97523
3317,3317,0.9433333333333334,discard,2.975766
3318,3318,0.9433333333333334,request_rescan,2.976307
3319,3319,0.9433333333333334,discard,2.976862
3320,3320,0.9433333333333334,request_rescan,2.977421
3321,3321,0.76,request_rescan,2.97798
3322,3322,0.9433333333333334,discard,2.978544
3323,3323,0.9433333333333334,request_rescan,2.979089
3324,3324,0.9433333333333334,discard,2.979638
3325,3325,0.76,request_rescan,2.980188
3326,3326,0.9433333333333334,request_rescan,2.980739
3327,3327,0.9433333333333334,request_rescan,2.981292
3328,3328,0.9433333333333334,request_rescan,2.981838
3329,3329,0.9433333333333334,discard,3.012968
3330,3330,0.9433333333333334,request_rescan,3.013604
3331,3331,0.76,request_rescan,3.01418
3332,3332,0.76,discard,3.014752
3333,3333,0.76,request_rescan,3.015335
3334,3334,0.9433333333333334,request_rescan,3.015894
3335,3335,0.9433333333333334,request_rescan,3.016461
3336,3336,0.9433333333333334,request_rescan,3.017024
3337,3337,0.9433333333333334,discard,3.017585
3338,3338,0.9433333333333334,discard,3.018136
3339,3339,0.9433333333333334,discard,3.018678
3340,3340,0.9433333333333334,discard,3.019239
3341,3341,0.9433333333333334,discard,3.019784
3342,3342,0.9433333333333334,request_rescan,3.020347
3343,3343,0.76,request_rescan,3.020888
3344,3344,0.9433333333333334,request_rescan,3.021448
3345,3345,0.9433333333333334,discard,3.02202
3346,3346,0.76,request_rescan,3.022581
3347,3347,0.9433333333333334,request_rescan,3.023154
3348,3348,0.9433333333333334,discard,3.023707
3349,3349,0.9433333333333334,request_rescan,3.024265
3350,3350,0.9433333333333334,discard,3.024809
3351,3351,0.9433333333333334,request_rescan,3.025355
3352,3352,0.76,request_rescan,3.025913
3353,3353,0.9433333333333334,discard,3.026465
3354,3354,0.9433333333333334,request_rescan,3.027025
3355,3355,0.9433333333333334,request_rescan,3.027579
3356,3356,0.9433333333333334,discard,3.028144
3357,3357,0.9433333333333334,discard,3.028707
3358,3358,0.9433333333333334,discard,3.029269
3359,3359,0.9433333333333334,request_rescan,3.029831
3360,3360,0.9433333333333334,request_rescan,3.030383
3361,3361,0.76,request_rescan,3.030931
3362,3362,0.9433333333333334,request_rescan,3.031798
3363,3363,0.9433333333333334,request_rescan,3.032797
3364,3364,0.76,discard,3.033359
3365,3365,0.76,request_rescan,3.03392
3366,3366,0.9433333333333334,request_rescan,3.034498
3367,3367,0.76,request_rescan,3.035062
3368,3368,0.9433333333333334,request_rescan,3.035624
3369,3369,0.9433333333333334,request_rescan,3.036181
3370,3370,0.9433333333333334,request_rescan,3.037875
3371,3371,0.9433333333333334,request_rescan,3.038446
3372,3372,0.76,discard,3.03901
3373,3373,0.9433333333333334,request_rescan,3.039551
3374,3374,0.9433333333333334,discard,3.040116
3375,3375,0.9433333333333334,discard,3.040661
3376,3376,0.9433333333333334,request_rescan,3.041223
3377,3377,0.76,request_rescan,3.041767
3378,3378,0.9433333333333334,discard,3.042326
3379,3379,0.9433333333333334,request_rescan,3.042865
3380,3380,0.76,request_rescan,3.043426
3381,3381,0.9433333333333334,request_rescan,3.04397
3382,3382,0.9433333333333334,request_rescan,3.044534
3383,3383,0.76,request_rescan,3.045083
3384,3384,0.9433333333333334,request_rescan,3.045646
3385,3385,0.9433333333333334,request_rescan,3.046193
3386,3386,0.9433333333333334,request_rescan,3.046752
3387,3387,0.9433333333333334,request_rescan,3.047301
3388,3388,0.9433333333333334,request_rescan,3.047876
3389,3389,0.9433333333333334,discard,3.048537
3390,3390,0.9433333333333334,request_rescan,3.049116
3391,3391,0.9433333333333334,discard,3.049666
3392,3392,0.9433333333333334,discard,3.050231
3393,3393,0.9433333333333334,request_rescan,3.050794
3394,3394,0.9433333333333334,request_rescan,3.051381
3395,3395,0.9433333333333334,discard,3.051964
3396,3396,0.9433333333333334,discard,3.052877
3397,3397,0.76,request_rescan,3.053961
3398,3398,0.76,request_rescan,3.054538
3399,3399,0.9433333333333334,discard,3.055122
3400,3400,0.76,discard,3.055717
3401,3401,0.9433333333333334,discard,3.057212
3402,3402,0.9433333333333334,request_rescan,3.057773
3403,3403,0.76,request_rescan,3.058356
3404,3404,0.9433333333333334,discard,3.058915
3405,3405,0.9433333333333334,discard,3.059492
3406,3406,0.9433333333333334,request_rescan,3.060055
3407,3407,0.9433333333333334,discard,3.060624
3408,3408,0.9433333333333334,discard,3.061184
3409,3409,0.9433333333333334,discard,3.061755
3410,3410,0.9433333333333334,discard,3.062318
3411,3411,0.9433333333333334,discard,3.062884
3412,3412,0.76,request_rescan,3.063447
3413,3413,0.9433333333333334,discard,3.064021
3414,3414,0.9433333333333334,request_rescan,3.064591
3415,3415,0.9433333333333334,discard,3.065154
3416,3416,0.76,request_rescan,3.065716
3417,3417,0.9433333333333334,discard,3.066278
3418,3418,0.9433333333333334,request_rescan,3.066848
3419,3419,0.9433333333333334,discard,3.067405
3420,3420,0.9433333333333334,discard,3.067978
3421,3421,0.9433333333333334,discard,3.068527
3422,3422,0.76,discard,3.069089
3423,3423,0.9433333333333334,discard,3.069647
3424,3424,0.76,request_rescan,3.070214
3425,3425,0.9433333333333334,request_rescan,3.070845
3426,3426,0.9433333333333334,request_rescan,3.071435
3427,3427,0.9433333333333334,discard,3.072008
3428,3428,0.9433333333333334,request_rescan,3.072591
3429,3429,0.76,discard,3.073159
3430,3430,0.9433333333333334,request_rescan,3.073715
3431,3431,0.76,request_rescan,3.074292
3432,3432,0.9433333333333334,request_rescan,3.074856
3433,3433,0.9433333333333334,request_rescan,3.075422
3434,3434,0.9433333333333334,request_rescan,3.075991
3435,3435,0.76,request_rescan,3.076551
3436,3436,0.9433333333333334,discard,3.077108
3437,3437,0.9433333333333334,discard,3.077684
3438,3438,0.9433333333333334,discard,3.078241
3439,3439,0.9433333333333334,request_rescan,3.078816
3440,3440,0.9433333333333334,request_rescan,3.079384
3441,3441,0.9433333333333334,request_rescan,3.07995
3442,3442,0.9433333333333334,request_rescan,3.080501
3443,3443,0.9433333333333334,discard,3.081058
3444,3444,0.9433333333333334,discard,3.081632
3445,3445,0.9433333333333334,request_rescan,3.082203
3446,3446,0.76,discard,3.083146
3447,3447,0.9433333333333334,discard,3.084202
3448,3448,0.76,discard,3.084766
3449,3449,0.9433333333333334,discard,3.085347
3450,3450,0.9433333333333334,discard,3.085913
3451,3451,0.9433333333333334,request_rescan,3.086493
3452,3452,0.76,request_rescan,3.087098
3453,3453,0.76,request_rescan,3.087676
3454,3454,0.9433333333333334,request_rescan,3.088295
3455,3455,0.9433333333333334,discard,3.088862
3456,3456,0.9433333333333334,discard,3.089468
3457,3457,0.9433333333333334,request_rescan,3.122068
3458,3458,0.76,request_rescan,3.122687
3459,3459,0.9433333333333334,discard,3.123241
3460,3460,0.9433333333333334,request_rescan,3.123798
3461,3461,0.9433333333333334,discard,3.124342
3462,3462,0.9433333333333334,discard,3.124899
3463,3463,0.76,request_rescan,3.125447
3464,3464,0.9433333333333334,discard,3.125999
3465,3465,0.9433333333333334,request_rescan,3.126553
3466,3466,0.9433333333333334,discard,3.127117
3467,3467,0.9433333333333334,request_rescan,3.127664
3468,3468,0.76,request_rescan,3.128242
3469,3469,0.9433333333333334,discard,3.129151
3470,3470,0.9433333333333334,discard,3.129753
3471,3471,0.9433333333333334,discard,3.130303
3472,3472,0.9433333333333334,discard,3.130857
3473,3473,0.9433333333333334,discard,3.131412
3474,3474,0.9433333333333334,discard,3.131985
3475,3475,0.9433333333333334,discard,3.132533
3476,3476,0.9433333333333334,discard,3.133162
3477,3477,0.76,request_rescan,3.134121
3478,3478,0.9433333333333334,request_rescan,3.134684
3479,3479,0.76,discard,3.135231
3480,3480,0.9433333333333334,discard,3.135799
3481,3481,0.76,request_rescan,3.136347
3482,3482,0.9433333333333334,discard,3.136918
3483,3483,0.76,request_rescan,3.138451
3484,3484,0.9433333333333334,request_rescan,3.139029
3485,3485,0.9433333333333334,request_rescan,3.13958
3486,3486,0.9433333333333334,discard,3.140141
3487,3487,0.9433333333333334,request_rescan,3.140689
3488,3488,0.9433333333333334,discard,3.141244
3489,3489,0.9433333333333334,discard,3.1418
3490,3490,0.9433333333333334,discard,3.142354
3491,3491,0.9433333333333334,discard,3.1429
3492,3492,0.9433333333333334,request_rescan,3.143451
3493,3493,0.9433333333333334,discard,3.144008
3494,3494,0.9433333333333334,request_rescan,3.144559
3495,3495,0.9433333333333334,discard,3.145111
3496,3496,0.76,discard,3.14596
3497,3497,0.9433333333333334,request_rescan,3.146508
3498,3498,0.9433333333333334,discard,3.147083
3499,3499,0.9433333333333334,request_rescan,3.147643
3500,3500,0.9433333333333334,request_rescan,3.148198
3501,3501,0.9433333333333334,discard,3.149613
3502,3502,0.9433333333333334,discard,3.150623
3503,3503,0.9433333333333334,discard,3.151191
3504,3504,0.76,request_rescan,3.151736
3505,3505,0.9433333333333334,discard,3.152294
3506,3506,0.9433333333333334,request_rescan,3.152837
3507,3507,0.9433333333333334,request_rescan,3.153399
3508,3508,0.9433333333333334,discard,3.153983
3509,3509,0.9433333333333334,request_rescan,3.154525
3510,3510,0.9433333333333334,discard,3.155087
3511,3511,0.9433333333333334,discard,3.155651
3512,3512,0.9433333333333334,discard,3.156218
3513,3513,0.9433333333333334,discard,3.156754
3514,3514,0.9433333333333334,discard,3.15731
3515,3515,0.9433333333333334,request_rescan,3.157856
3516,3516,0.9433333333333334,request_rescan,3.158403
3517,3517,0.9433333333333334,request_rescan,3.158963
3518,3518,0.9433333333333334,discard,3.159508
3519,3519,0.76,discard,3.160069
3520,3520,0.9433333333333334,discard,3.160625
3521,3521,0.9433333333333334,request_rescan,3.161184
3522,3522,0.9433333333333334,discard,3.161744
3523,3523,0.9433333333333334,request_rescan,3.162293
3524,3524,0.9433333333333334,discard,3.162866
3525,3525,0.76,request_rescan,3.163415
3526,3526,0.9433333333333334,discard,3.163972
3527,3527,0.9433333333333334,discard,3.164528
3528,3528,0.9433333333333334,discard,3.165086
3529,3529,0.76,request_rescan,3.165641
3530,3530,0.76,discard,3.166192
3531,3531,0.76,discard,3.166733
3532,3532,0.9433333333333334,request_rescan,3.167295
3533,3533,0.9433333333333334,request_rescan,3.167837
3534,3534,0.9433333333333334,request_rescan,3.168392
3535,3535,0.9433333333333334,discard,3.168933
3536,3536,0.9433333333333334,discard,3.169492
3537,3537,0.9433333333333334,request_rescan,3.170039
3538,3538,0.9433333333333334,request_rescan,3.170629
3539,3539,0.9433333333333334,request_rescan,3.171176
3540,3540,0.9433333333333334,discard,3.171765
3541,3541,0.76,request_rescan,3.172333
3542,3542,0.9433333333333334,discard,3.172881
3543,3543,0.9433333333333334,discard,3.174299
3544,3544,0.9433333333333334,discard,3.17492
3545,3545,0.9433333333333334,request_rescan,3.175484
3546,3546,0.9433333333333334,discard,3.176027
3547,3547,0.76,request_rescan,3.176588
3548,3548,0.9433333333333334,discard,3.177137
3549,3549,0.76,request_rescan,3.177709
3550,3550,0.9433333333333334,discard,3.178276
3551,3551,0.76,request_rescan,3.179187
3552,3552,0.76,request_rescan,3.179722
3553,3553,0.9433333333333334,request_rescan,3.18028
3554,3554,0.9433333333333334,request_rescan,3.180824
3555,3555,0.9433333333333334,request_rescan,3.181387
3556,3556,0.9433333333333334,discard,3.181934
3557,3557,0.9433333333333334,discard,3.182493
3558,3558,0.9433333333333334,discard,3.18305
3559,3559,0.76,request_rescan,3.183596
3560,3560,0.9433333333333334,request_rescan,3.184165
3561,3561,0.76,discard,3.18471
3562,3562,0.9433333333333334,discard,3.185271
3563,3563,0.76,request_rescan,3.185826
3564,3564,0.76,request_rescan,3.186379
3565,3565,0.9433333333333334,request_rescan,3.186921
3566,3566,0.9433333333333334,request_rescan,3.187518
3567,3567,0.9433333333333334,discard,3.18808
3568,3568,0.9433333333333334,discard,3.188635
3569,3569,0.76,request_rescan,3.1892
3570,3570,0.9433333333333334,request_rescan,3.189745
3571,3571,0.9433333333333334,request_rescan,3.190462
3572,3572,0.9433333333333334,request_rescan,3.191384
3573,3573,0.9433333333333334,discard,3.191931
3574,3574,0.9433333333333334,request_rescan,3.192497
3575,3575,0.76,discard,3.19305
3576,3576,0.9433333333333334,request_rescan,3.193613
3577,3577,0.9433333333333334,discard,3.194161
3578,3578,0.76,discard,3.194713
3579,3579,0.9433333333333334,request_rescan,3.19527
3580,3580,0.9433333333333334,request_rescan,3.195988
3581,3581,0.9433333333333334,request_rescan,3.196545
3582,3582,0.9433333333333334,discard,3.19709
3583,3583,0.9433333333333334,request_rescan,3.197644
3584,3584,0.9433333333333334,request_rescan,3.198199
3585,3585,0.9433333333333334,discard,3.230966
3586,3586,0.9433333333333334,discard,3.231586
3587,3587,0.9433333333333334,discard,3.232139
3588,3588,0.76,request_rescan,3.232702
3589,3589,0.9433333333333334,request_rescan,3.233246
3590,3590,0.9433333333333334,discard,3.233806
3591,3591,0.76,request_rescan,3.234351
3592,3592,0.9433333333333334,discard,3.234906
3593,3593,0.76,discard,3.235451
3594,3594,0.76,request_rescan,3.236001
3595,3595,0.76,request_rescan,3.236544
3596,3596,0.9433333333333334,request_rescan,3.237091
3597,3597,0.9433333333333334,discard,3.237641
3598,3598,0.9433333333333334,request_rescan,3.238267
3599,3599,0.9433333333333334,request_rescan,3.239743
3600,3600,0.9433333333333334,request_rescan,3.240323
3601,3601,0.76,discard,3.241679
3602,3602,0.76,request_rescan,3.242242
3603,3603,0.9433333333333334,discard,3.242809
3604,3604,0.9433333333333334,discard,3.243367
3605,3605,0.9433333333333334,request_rescan,3.243915
3606,3606,0.9433333333333334,request_rescan,3.244489
3607,3607,0.76,discard,3.245461
3608,3608,0.9433333333333334,discard,3.246519
3609,3609,0.9433333333333334,discard,3.247084
3610,3610,0.76,request_rescan,3.247653
3611,3611,0.9433333333333334,discard,3.248215
3612,3612,0.9433333333333334,request_rescan,3.248776
3613,3613,0.9433333333333334,discard,3.249343
3614,3614,0.76,discard,3.2499
3615,3615,0.9433333333333334,request_rescan,3.250479
3616,3616,0.9433333333333334,request_rescan,3.251044
3617,3617,0.9433333333333334,discard,3.251608
3618,3618,0.76,request_rescan,3.252168
3619,3619,0.9433333333333334,discard,3.252726
3620,3620,0.9433333333333334,request_rescan,3.253292
3621,3621,0.9433333333333334,discard,3.253865
3622,3622,0.76,discard,3.254434
3623,3623,0.9433333333333334,discard,3.255042
3624,3624,0.9433333333333334,request_rescan,3.255599
3625,3625,0.9433333333333334,request_rescan,3.25617
3626,3626,0.9433333333333334,request_rescan,3.256721
3627,3627,0.76,discard,3.257269
3628,3628,0.9433333333333334,request_rescan,3.257836
3629,3629,0.9433333333333334,request_rescan,3.258399
3630,3630,0.9433333333333334,request_rescan,3.25897
3631,3631,0.9433333333333334,discard,3.259538
3632,3632,0.9433333333333334,discard,3.260094
3633,3633,0.9433333333333334,discard,3.260655
3634,3634,0.9433333333333334,discard,3.261214
3635,3635,0.9433333333333334,discard,3.261779
3636,3636,0.9433333333333334,request_rescan,3.262349
3637,3637,0.9433333333333334,discard,3.262921
3638,3638,0.9433333333333334,request_rescan,3.263499
3639,3639,0.76,discard,3.264063
3640,3640,0.9433333333333334,request_rescan,3.264629
3641,3641,0.76,request_rescan,3.265193
3642,3642,0.9433333333333334,request_rescan,3.265765
3643,3643,0.9433333333333334,request_rescan,3.266332
3644,3644,0.9433333333333334,discard,3.267593
3645,3645,0.76,discard,3.268219
3646,3646,0.9433333333333334,discard,3.268749
3647,3647,0.9433333333333334,request_rescan,3.269306
3648,3648,0.9433333333333334,request_rescan,3.269841
3649,3649,0.9433333333333334,discard,3.270392
3650,3650,0.9433333333333334,request_rescan,3.270954
3651,3651,0.9433333333333334,request_rescan,3.271509
3652,3652,0.9433333333333334,discard,3.272092
3653,3653,0.9433333333333334,request_rescan,3.27266
3654,3654,0.9433333333333334,request_rescan,3.273231
3655,3655,0.9433333333333334,discard,3.273797
3656,3656,0.9433333333333334,discard,3.274357
3657,3657,0.9433333333333334,discard,3.274906
3658,3658,0.9433333333333334,discard,3.275474
3659,3659,0.9433333333333334,request_rescan,3.276037
3660,3660,0.9433333333333334,request_rescan,3.276616
3661,3661,0.9433333333333334,request_rescan,3.277195
3662,3662,0.9433333333333334,request_rescan,3.277769
3663,3663,0.9433333333333334,request_rescan,3.278339
3664,3664,0.9433333333333334,discard,3.279103
3665,3665,0.9433333333333334,discard,3.279658
3666,3666,0.9433333333333334,request_rescan,3.28023
3667,3667,0.9433333333333334,discard,3.280776
3668,3668,0.9433333333333334,request_rescan,3.281342
3669,3669,0.9433333333333334,discard,3.281883
3670,3670,0.9433333333333334,discard,3.28245
3671,3671,0.9433333333333334,discard,3.283015
3672,3672,0.9433333333333334,discard,3.283716
3673,3673,0.76,request_rescan,3.284598
3674,3674,0.76,discard,3.285155
3675,3675,0.76,request_rescan,3.285722
3676,3676,0.9433333333333334,request_rescan,3.286281
3677,3677,0.9433333333333334,request_rescan,3.286845
3678,3678,0.9433333333333334,discard,3.287409
3679,3679,0.9433333333333334,request_rescan,3.287971
3680,3680,0.9433333333333334,discard,3.288531
3681,3681,0.9433333333333334,discard,3.289104
3682,3682,0.76,discard,3.289656
3683,3683,0.6633333333333333,log_and_continue,3.290223
3684,3684,0.9433333333333334,request_rescan,3.290771
3685,3685,0.9433333333333334,request_rescan,3.29134
3686,3686,0.9433333333333334,discard,3.29189
3687,3687,0.76,discard,3.292462
3688,3688,0.9433333333333334,request_rescan,3.293015
3689,3689,0.9433333333333334,discard,3.293573
3690,3690,0.9433333333333334,discard,3.294133
3691,3691,0.76,request_rescan,3.294682
3692,3692,0.9433333333333334,discard,3.295262
3693,3693,0.9433333333333334,request_rescan,3.29609
3694,3694,0.76,discard,3.296664
3695,3695,0.9433333333333334,discard,3.297237
3696,3696,0.9433333333333334,request_rescan,3.29779
3697,3697,0.9433333333333334,discard,3.298354
3698,3698,0.76,discard,3.298926
3699,3699,0.9433333333333334,request_rescan,3.299496
3700,3700,0.9433333333333334,request_rescan,3.300064
3701,3701,0.9433333333333334,discard,3.301556
3702,3702,0.9433333333333334,request_rescan,3.302129
3703,3703,0.9433333333333334,discard,3.302683
3704,3704,0.9433333333333334,discard,3.30324
3705,3705,0.9433333333333334,discard,3.303805
3706,3706,0.9433333333333334,discard,3.304371
3707,3707,0.76,request_rescan,3.30493
3708,3708,0.9433333333333334,discard,3.3055
3709,3709,0.9433333333333334,discard,3.306068
3710,3710,0.9433333333333334,discard,3.306613
3711,3711,0.9433333333333334,discard,3.307193
3712,3712,0.9433333333333334,discard,3.307749
3713,3713,0.9433333333333334,request_rescan,3.342168
3714,3714,0.9433333333333334,discard,3.342805
3715,3715,0.9433333333333334,discard,3.343382
3716,3716,0.76,request_rescan,3.343964
3717,3717,0.9433333333333334,request_rescan,3.344527
3718,3718,0.9433333333333334,discard,3.345108
3719,3719,0.76,request_rescan,3.345675
3720,3720,0.76,request_rescan,3.346481
3721,3721,0.76,discard,3.347049
3722,3722,0.9433333333333334,discard,3.347615
3723,3723,0.9433333333333334,discard,3.348197
3724,3724,0.9433333333333334,request_rescan,3.348742
3725,3725,0.9433333333333334,discard,3.349298
3726,3726,0.9433333333333334,request_rescan,3.349835
3727,3727,0.76,discard,3.350646
3728,3728,0.76,discard,3.351552
3729,3729,0.9433333333333334,request_rescan,3.352112
3730,3730,0.9433333333333334,request_rescan,3.352652
3731,3731,0.9433333333333334,request_rescan,3.353186
3732,3732,0.9433333333333334,discard,3.353769
3733,3733,0.9433333333333334,discard,3.354327
3734,3734,0.9433333333333334,discard,3.354866
3735,3735,0.9433333333333334,discard,3.355424
3736,3736,0.9433333333333334,request_rescan,3.355975
3737,3737,0.9433333333333334,request_rescan,3.356515
3738,3738,0.9433333333333334,discard,3.357071
3739,3739,0.9433333333333334,discard,3.357621
3740,3740,0.76,request_rescan,3.35816
3741,3741,0.9433333333333334,discard,3.358707
3742,3742,0.9433333333333334,request_rescan,3.359253
3743,3743,0.9433333333333334,discard,3.359818
3744,3744,0.76,discard,3.360352
3745,3745,0.9433333333333334,discard,3.360892
3746,3746,0.76,discard,3.361453
3747,3747,0.9433333333333334,discard,3.362001
3748,3748,0.9433333333333334,request_rescan,3.362531
3749,3749,0.9433333333333334,discard,3.363085
3750,3750,0.76,request_rescan,3.363626
3751,3751,0.9433333333333334,request_rescan,3.364168
3752,3752,0.76,discard,3.364719
3753,3753,0.76,discard,3.365276
3754,3754,0.9433333333333334,discard,3.365819
3755,3755,0.76,discard,3.366363
3756,3756,0.9433333333333334,request_rescan,3.366908
3757,3757,0.9433333333333334,discard,3.367436
3758,3758,0.9433333333333334,discard,3.367983
3759,3759,0.9433333333333334,discard,3.368525
3760,3760,0.9433333333333334,discard,3.369064
3761,3761,0.9433333333333334,discard,3.369608
3762,3762,0.9433333333333334,discard,3.370153
3763,3763,0.9433333333333334,request_rescan,3.370728
3764,3764,0.9433333333333334,discard,3.371277
3765,3765,0.9433333333333334,request_rescan,3.371822
3766,3766,0.76,discard,3.372379
3767,3767,0.9433333333333334,discard,3.372924
3768,3768,0.9433333333333334,request_rescan,3.37347
3769,3769,0.76,request_rescan,3.374026
3770,3770,0.9433333333333334,request_rescan,3.374571
3771,3771,0.9433333333333334,discard,3.375113
3772,3772,0.9433333333333334,request_rescan,3.37565
3773,3773,0.76,discard,3.376199
3774,3774,0.9433333333333334,discard,3.376742
3775,3775,0.9433333333333334,request_rescan,3.37729
3776,3776,0.9433333333333334,discard,3.377844
3777,3777,0.9433333333333334,request_rescan,3.378406
3778,3778,0.9433333333333334,discard,3.378951
3779,3779,0.76,request_rescan,3.379479
3780,3780,0.9433333333333334,request_rescan,3.380052
3781,3781,0.76,discard,3.38059
3782,3782,0.9433333333333334,request_rescan,3.381145
3783,3783,0.9433333333333334,request_rescan,3.381667
3784,3784,0.9433333333333334,discard,3.382224
3785,3785,0.9433333333333334,request_rescan,3.382754
3786,3786,0.76,discard,3.383297
3787,3787,0.76,discard,3.383832
3788,3788,0.9433333333333334,discard,3.384386
3789,3789,0.9433333333333334,request_rescan,3.384927
3790,3790,0.9433333333333334,discard,3.38548
3791,3791,0.9433333333333334,request_rescan,3.386016
3792,3792,0.9433333333333334,discard,3.386557
3793,3793,0.76,discard,3.387125
3794,3794,0.9433333333333334,request_rescan,3.387677
3795,3795,0.9433333333333334,request_rescan,3.38822
3796,3796,0.9433333333333334,request_rescan,3.388794
3797,3797,0.9433333333333334,discard,3.389355
3798,3798,0.76,discard,3.389947
3799,3799,0.9433333333333334,request_rescan,3.390514
3800,3800,0.9433333333333334,discard,3.391045
3801,3801,0.9433333333333334,discard,3.39246
3802,3802,0.9433333333333334,discard,3.393013
3803,3803,0.9433333333333334,discard,3.393571
3804,3804,0.9433333333333334,request_rescan,3.394112
3805,3805,0.9433333333333334,discard,3.394662
3806,3806,0.9433333333333334,request_rescan,3.395224
3807,3807,0.9433333333333334,request_rescan,3.396191
3808,3808,0.76,request_rescan,3.397142
3809,3809,0.9433333333333334,request_rescan,3.39771
3810,3810,0.9433333333333334,request_rescan,3.398274
3811,3811,0.9433333333333334,request_rescan,3.398836
3812,3812,0.9433333333333334,request_rescan,3.3994
3813,3813,0.76,discard,3.399978
3814,3814,0.9433333333333334,discard,3.400532
3815,3815,0.9433333333333334,request_rescan,3.401099
3816,3816,0.9433333333333334,discard,3.401658
3817,3817,0.9433333333333334,discard,3.402224
3818,3818,0.76,request_rescan,3.402789
3819,3819,0.9433333333333334,request_rescan,3.403357
3820,3820,0.9433333333333334,request_rescan,3.403953
3821,3821,0.9433333333333334,discard,3.404502
3822,3822,0.9433333333333334,request_rescan,3.405042
3823,3823,0.76,discard,3.405592
3824,3824,0.9433333333333334,discard,3.406156
3825,3825,0.9433333333333334,request_rescan,3.406701
3826,3826,0.9433333333333334,request_rescan,3.407242
3827,3827,0.9433333333333334,discard,3.407785
3828,3828,0.9433333333333334,discard,3.408334
3829,3829,0.9433333333333334,request_rescan,3.408867
3830,3830,0.9433333333333334,request_rescan,3.409431
3831,3831,0.76,request_rescan,3.409964
3832,3832,0.9433333333333334,request_rescan,3.410508
3833,3833,0.76,discard,3.411063
3834,3834,0.9433333333333334,discard,3.411644
3835,3835,0.76,discard,3.412233
3836,3836,0.76,discard,3.41281
3837,3837,0.9433333333333334,discard,3.413373
3838,3838,0.9433333333333334,request_rescan,3.413925
3839,3839,0.76,request_rescan,3.41449
3840,3840,0.9433333333333334,request_rescan,3.415092
3841,3841,0.76,discard,3.449275
3842,3842,0.9433333333333334,discard,3.449916
3843,3843,0.9433333333333334,request_rescan,3.450736
3844,3844,0.9433333333333334,request_rescan,3.451388
3845,3845,0.9433333333333334,discard,3.451957
3846,3846,0.9433333333333334,request_rescan,3.452549
3847,3847,0.9433333333333334,request_rescan,3.453118
3848,3848,0.76,discard,3.453748
3849,3849,0.9433333333333334,request_rescan,3.45433
3850,3850,0.76,discard,3.454885
3851,3851,0.9433333333333334,request_rescan,3.455463
3852,3852,0.9433333333333334,discard,3.456013
3853,3853,0.9433333333333334,request_rescan,3.456563
3854,3854,0.9433333333333334,discard,3.457118
3855,3855,0.9433333333333334,request_rescan,3.457676
3856,3856,0.9433333333333334,request_rescan,3.458223
3857,3857,0.9433333333333334,request_rescan,3.458778
3858,3858,0.9433333333333334,request_rescan,3.459327
3859,3859,0.76,discard,3.459884
3860,3860,0.9433333333333334,discard,3.460431
3861,3861,0.76,discard,3.460997
3862,3862,0.9433333333333334,discard,3.461556
3863,3863,0.9433333333333334,discard,3.462162
3864,3864,0.9433333333333334,request_rescan,3.462708
3865,3865,0.76,request_rescan,3.463274
3866,3866,0.9433333333333334,discard,3.463826
3867,3867,0.9433333333333334,request_rescan,3.464391
3868,3868,0.9433333333333334,request_rescan,3.464946
3869,3869,0.9433333333333334,request_rescan,3.465515
3870,3870,0.9433333333333334,request_rescan,3.466081
3871,3871,0.9433333333333334,request_rescan,3.466633
3872,3872,0.9433333333333334,discard,3.467187
3873,3873,0.9433333333333334,request_rescan,3.467745
3874,3874,0.9433333333333334,request_rescan,3.468298
3875,3875,0.9433333333333334,discard,3.468855
3876,3876,0.9433333333333334,request_rescan,3.469402
3877,3877,0.9433333333333334,request_rescan,3.469966
3878,3878,0.76,discard,3.470555
3879,3879,0.9433333333333334,request_rescan,3.471121
3880,3880,0.76,request_rescan,3.4717
3881,3881,0.9433333333333334,discard,3.472264
3882,3882,0.9433333333333334,request_rescan,3.47281
3883,3883,0.9433333333333334,discard,3.473364
3884,3884,0.76,discard,3.473915
3885,3885,0.9433333333333334,discard,3.474465
3886,3886,0.76,discard,3.475031
3887,3887,0.9433333333333334,discard,3.475576
3888,3888,0.76,discard,3.476135
3889,3889,0.9433333333333334,discard,3.476675
3890,3890,0.76,discard,3.477232
3891,3891,0.9433333333333334,discard,3.477776
3892,3892,0.9433333333333334,request_rescan,3.478349
3893,3893,0.76,request_rescan,3.478897
3894,3894,0.9433333333333334,discard,3.479476
3895,3895,0.9433333333333334,discard,3.480034
3896,3896,0.9433333333333334,request_rescan,3.480578
3897,3897,0.9433333333333334,discard,3.481122
3898,3898,0.9433333333333334,request_rescan,3.481675
3899,3899,0.9433333333333334,discard,3.482227
3900,3900,0.76,request_rescan,3.482771
3901,3901,0.9433333333333334,request_rescan,3.484243
3902,3902,0.9433333333333334,discard,3.484786
3903,3903,0.9433333333333334,request_rescan,3.485369
3904,3904,0.9433333333333334,discard,3.485909
3905,3905,0.9433333333333334,request_rescan,3.486474
3906,3906,0.9433333333333334,discard,3.487068
3907,3907,0.9433333333333334,discard,3.487631
3908,3908,0.9433333333333334,discard,3.48819
3909,3909,0.9433333333333334,discard,3.488787
3910,3910,0.76,discard,3.48935
3911,3911,0.9433333333333334,request_rescan,3.489939
3912,3912,0.9433333333333334,discard,3.49052
3913,3913,0.9433333333333334,request_rescan,3.491082
3914,3914,0.76,request_rescan,3.491621
3915,3915,0.9433333333333334,discard,3.492179
3916,3916,0.76,request_rescan,3.492714
3917,3917,0.9433333333333334,discard,3.493264
3918,3918,0.9433333333333334,request_rescan,3.493809
3919,3919,0.76,request_rescan,3.494371
3920,3920,0.9433333333333334,request_rescan,3.494921
3921,3921,0.9433333333333334,discard,3.495496
3922,3922,0.9433333333333334,request_rescan,3.496053
3923,3923,0.76,discard,3.49663
3924,3924,0.9433333333333334,discard,3.497202
3925,3925,0.9433333333333334,discard,3.497744
3926,3926,0.9433333333333334,discard,3.498347
3927,3927,0.9433333333333334,request_rescan,3.498929
3928,3928,0.9433333333333334,request_rescan,3.499505
3929,3929,0.9433333333333334,discard,3.500329
3930,3930,0.9433333333333334,request_rescan,3.501166
3931,3931,0.9433333333333334,request_rescan,3.50179
3932,3932,0.9433333333333334,request_rescan,3.502346
3933,3933,0.9433333333333334,discard,3.502903
3934,3934,0.76,request_rescan,3.50346
3935,3935,0.9433333333333334,discard,3.504068
3936,3936,0.9433333333333334,discard,3.504625
3937,3937,0.9433333333333334,discard,3.505188
3938,3938,0.76,discard,3.505736
3939,3939,0.9433333333333334,request_rescan,3.506319
3940,3940,0.9433333333333334,request_rescan,3.506867
3941,3941,0.9433333333333334,request_rescan,3.507433
3942,3942,0.9433333333333334,request_rescan,3.507983
3943,3943,0.9433333333333334,request_rescan,3.508537
3944,3944,0.9433333333333334,discard,3.509087
3945,3945,0.9433333333333334,request_rescan,3.509649
3946,3946,0.9433333333333334,discard,3.510214
3947,3947,0.76,discard,3.510768
3948,3948,0.9433333333333334,discard,3.511369
3949,3949,0.9433333333333334,request_rescan,3.511947
3950,3950,0.9433333333333334,request_rescan,3.512823
3951,3951,0.9433333333333334,discard,3.513394
3952,3952,0.9433333333333334,discard,3.513935
3953,3953,0.76,discard,3.514524
3954,3954,0.9433333333333334,discard,3.51507
3955,3955,0.9433333333333334,request_rescan,3.515612
3956,3956,0.9433333333333334,discard,3.516187
3957,3957,0.9433333333333334,request_rescan,3.516739
3958,3958,0.9433333333333334,discard,3.517341
3959,3959,0.9433333333333334,discard,3.518467
3960,3960,0.9433333333333334,request_rescan,3.519022
3961,3961,0.9433333333333334,request_rescan,3.519588
3962,3962,0.9433333333333334,request_rescan,3.520134
3963,3963,0.9433333333333334,request_rescan,3.520716
3964,3964,0.76,discard,3.521274
3965,3965,0.9433333333333334,request_rescan,3.521826
3966,3966,0.76,request_rescan,3.522407
3967,3967,0.9433333333333334,request_rescan,3.522967
3968,3968,0.9433333333333334,discard,3.523517
3969,3969,0.9433333333333334,discard,3.556143
3970,3970,0.9433333333333334,discard,3.556844
3971,3971,0.9433333333333334,request_rescan,3.557448
3972,3972,0.9433333333333334,discard,3.558018
3973,3973,0.9433333333333334,discard,3.558606
3974,3974,0.9433333333333334,request_rescan,3.559168
3975,3975,0.9433333333333334,discard,3.559771
3976,3976,0.9433333333333334,discard,3.560345
3977,3977,0.9433333333333334,discard,3.560931
3978,3978,0.76,request_rescan,3.561517
3979,3979,0.9433333333333334,discard,3.562111
3980,3980,0.9433333333333334,discard,3.562675
3981,3981,0.9433333333333334,discard,3.563269
3982,3982,0.9433333333333334,discard,3.563826
3983,3983,0.9433333333333334,request_rescan,3.564402
3984,3984,0.9433333333333334,discard,3.565264
3985,3985,0.9433333333333334,request_rescan,3.5658
3986,3986,0.9433333333333334,discard,3.56635
3987,3987,0.9433333333333334,discard,3.566892
3988,3988,0.9433333333333334,request_rescan,3.567659
3989,3989,0.9433333333333334,request_rescan,3.568454
3990,3990,0.9433333333333334,request_rescan,3.568998
3991,3991,0.76,discard,3.569537
3992,3992,0.9433333333333334,discard,3.570082
3993,3993,0.9433333333333334,discard,3.570663
3994,3994,0.9433333333333334,discard,3.571206
3995,3995,0.9433333333333334,discard,3.571745
3996,3996,0.9433333333333334,discard,3.57233
3997,3997,0.9433333333333334,discard,3.572869
3998,3998,0.9433333333333334,discard,3.573421
3999,3999,0.9433333333333334,request_rescan,3.573961
4000,4000,0.9433333333333334,discard,3.574499
4001,4001,0.9433333333333334,request_rescan,3.575938
4002,4002,0.76,discard,3.576487
4003,4003,0.9433333333333334,discard,3.577025
4004,4004,0.9433333333333334,request_rescan,3.577576
4005,4005,0.9433333333333334,discard,3.578151
4006,4006,0.76,request_rescan,3.578709
4007,4007,0.9433333333333334,discard,3.579254
4008,4008,0.9433333333333334,discard,3.579779
4009,4009,0.9433333333333334,request_rescan,3.580333
4010,4010,0.76,discard,3.580874
4011,4011,0.9433333333333334,request_rescan,3.58145
4012,4012,0.9433333333333334,discard,3.582008
4013,4013,0.76,request_rescan,3.58258
4014,4014,0.9433333333333334,request_rescan,3.583133
4015,4015,0.9433333333333334,request_rescan,3.583703
4016,4016,0.9433333333333334,discard,3.584264
4017,4017,0.76,request_rescan,3.58483
4018,4018,0.76,request_rescan,3.585394
4019,4019,0.9433333333333334,request_rescan,3.585959
4020,4020,0.9433333333333334,discard,3.58651
4021,4021,0.9433333333333334,discard,3.587082
4022,4022,0.9433333333333334,request_rescan,3.587629
4023,4023,0.9433333333333334,discard,3.588182
4024,4024,0.9433333333333334,request_rescan,3.588708
4025,4025,0.9433333333333334,request_rescan,3.589284
4026,4026,0.9433333333333334,discard,3.589815
4027,4027,0.9433333333333334,request_rescan,3.590364
4028,4028,0.9433333333333334,discard,3.590926
4029,4029,0.9433333333333334,discard,3.591494
4030,4030,0.9433333333333334,discard,3.592035
4031,4031,0.9433333333333334,discard,3.592587
4032,4032,0.9433333333333334,request_rescan,3.593124
4033,4033,0.9433333333333334,request_rescan,3.593662
4034,4034,0.76,discard,3.59421
4035,4035,0.9433333333333334,request_rescan,3.594757
4036,4036,0.76,request_rescan,3.595332
4037,4037,0.9433333333333334,discard,3.595901
4038,4038,0.9433333333333334,request_rescan,3.596485
4039,4039,0.9433333333333334,discard,3.597066
4040,4040,0.9433333333333334,discard,3.597632
4041,4041,0.9433333333333334,request_rescan,3.598183
4042,4042,0.9433333333333334,discard,3.598757
4043,4043,0.76,request_rescan,3.599347
4044,4044,0.9433333333333334,request_rescan,3.599925
4045,4045,0.9433333333333334,discard,3.600842
4046,4046,0.9433333333333334,discard,3.601729
4047,4047,0.9433333333333334,request_rescan,3.602276
4048,4048,0.9433333333333334,request_rescan,3.602812
4049,4049,0.9433333333333334,discard,3.603378
4050,4050,0.9433333333333334,discard,3.603932
4051,4051,0.9433333333333334,discard,3.604497
4052,4052,0.9433333333333334,request_rescan,3.605086
4053,4053,0.76,discard,3.605645
4054,4054,0.9433333333333334,request_rescan,3.606212
4055,4055,0.9433333333333334,discard,3.60677
4056,4056,0.76,request_rescan,3.607328
4057,4057,0.9433333333333334,request_rescan,3.607893
4058,4058,0.76,request_rescan,3.608464
4059,4059,0.9433333333333334,discard,3.609023
4060,4060,0.9433333333333334,request_rescan,3.609585
4061,4061,0.9433333333333334,discard,3.61014
4062,4062,0.9433333333333334,discard,3.61069
4063,4063,0.9433333333333334,discard,3.611255
4064,4064,0.9433333333333334,discard,3.611835
4065,4065,0.9433333333333334,discard,3.612394
4066,4066,0.9433333333333334,discard,3.612966
4067,4067,0.76,discard,3.613523
4068,4068,0.9433333333333334,request_rescan,3.614099
4069,4069,0.9433333333333334,request_rescan,3.614661
4070,4070,0.9433333333333334,discard,3.615251
4071,4071,0.9433333333333334,discard,3.615824
4072,4072,0.9433333333333334,request_rescan,3.616387
4073,4073,0.76,discard,3.616938
4074,4074,0.9433333333333334,discard,3.617509
4075,4075,0.9433333333333334,discard,3.618093
4076,4076,0.9433333333333334,request_rescan,3.618671
4077,4077,0.9433333333333334,discard,3.619241
4078,4078,0.9433333333333334,request_rescan,3.619799
4079,4079,0.9433333333333334,discard,3.620359
4080,4080,0.9433333333333334,discard,3.620923
4081,4081,0.9433333333333334,request_rescan,3.621482
4082,4082,0.9433333333333334,discard,3.622052
4083,4083,0.9433333333333334,discard,3.622619
4084,4084,0.76,request_rescan,3.623196
4085,4085,0.9433333333333334,request_rescan,3.623749
4086,4086,0.9433333333333334,discard,3.624315
4087,4087,0.9433333333333334,discard,3.624882
4088,4088,0.9433333333333334,request_rescan,3.625445
4089,4089,0.9433333333333334,discard,3.62601
4090,4090,0.9433333333333334,discard,3.626565
4091,4091,0.9433333333333334,discard,3.627117
4092,4092,0.9433333333333334,discard,3.627703
4093,4093,0.76,discard,3.628262
4094,4094,0.9433333333333334,request_rescan,3.628826
4095,4095,0.9433333333333334,discard,3.629575
4096,4096,0.9433333333333334,request_rescan,3.630501
4097,4097,0.9433333333333334,request_rescan,3.663179
4098,4098,0.9433333333333334,request_rescan,3.663781
4099,4099,0.9433333333333334,discard,3.664344
4100,4100,0.9433333333333334,request_rescan,3.664887
4101,4101,0.9433333333333334,discard,3.666875
4102,4102,0.9433333333333334,request_rescan,3.667435
4103,4103,0.9433333333333334,discard,3.667969
4104,4104,0.9433333333333334,request_rescan,3.668514
4105,4105,0.9433333333333334,discard,3.669039
4106,4106,0.76,request_rescan,3.669593
4107,4107,0.76,request_rescan,3.670144
4108,4108,0.9433333333333334,request_rescan,3.67075
4109,4109,0.9433333333333334,discard,3.671323
4110,4110,0.76,request_rescan,3.671879
4111,4111,0.9433333333333334,discard,3.672478
4112,4112,0.9433333333333334,request_rescan,3.673031
4113,4113,0.9433333333333334,discard,3.673578
4114,4114,0.9433333333333334,discard,3.674134
4115,4115,0.76,request_rescan,3.674683
4116,4116,0.9433333333333334,request_rescan,3.675235
4117,4117,0.9433333333333334,request_rescan,3.675791
4118,4118,0.9433333333333334,discard,3.676347
4119,4119,0.9433333333333334,request_rescan,3.676876
4120,4120,0.9433333333333334,request_rescan,3.677414
4121,4121,0.76,request_rescan,3.677975
4122,4122,0.9433333333333334,request_rescan,3.678521
4123,4123,0.9433333333333334,discard,3.679078
4124,4124,0.9433333333333334,request_rescan,3.679627
4125,4125,0.9433333333333334,discard,3.680207
4126,4126,0.9433333333333334,discard,3.680761
4127,4127,0.9433333333333334,request_rescan,3.681329
4128,4128,0.76,request_rescan,3.681864
4129,4129,0.76,discard,3.682411
4130,4130,0.76,log_and_continue,3.683346
4131,4131,0.9433333333333334,request_rescan,3.684211
4132,4132,0.76,request_rescan,3.684733
4133,4133,0.9433333333333334,request_rescan,3.685285
4134,4134,0.9433333333333334,discard,3.685829
4135,4135,0.76,discard,3.686382
4136,4136,0.9433333333333334,discard,3.686912
4137,4137,0.9433333333333334,discard,3.687491
4138,4138,0.9433333333333334,discard,3.688052
4139,4139,0.9433333333333334,discard,3.688618
4140,4140,0.9433333333333334,request_rescan,3.689154
4141,4141,0.9433333333333334,request_rescan,3.689691
4142,4142,0.9433333333333334,request_rescan,3.690233
4143,4143,0.9433333333333334,discard,3.690761
4144,4144,0.9433333333333334,discard,3.691308
4145,4145,0.9433333333333334,request_rescan,3.691848
4146,4146,0.9433333333333334,request_rescan,3.69242
4147,4147,0.9433333333333334,request_rescan,3.692965
4148,4148,0.9433333333333334,request_rescan,3.693528
4149,4149,0.9433333333333334,discard,3.694074
4150,4150,0.9433333333333334,request_rescan,3.694657
4151,4151,0.9433333333333334,discard,3.695567
4152,4152,0.9433333333333334,discard,3.696132
4153,4153,0.76,request_rescan,3.696782
4154,4154,0.9433333333333334,request_rescan,3.697693
4155,4155,0.9433333333333334,discard,3.698245
4156,4156,0.9433333333333334,discard,3.698797
4157,4157,0.9433333333333334,discard,3.69935
4158,4158,0.9433333333333334,discard,3.699909
4159,4159,0.76,request_rescan,3.700499
4160,4160,0.9433333333333334,discard,3.701062
4161,4161,0.9433333333333334,request_rescan,3.7016
4162,4162,0.9433333333333334,discard,3.702143
4163,4163,0.9433333333333334,discard,3.702698
4164,4164,0.9433333333333334,request_rescan,3.703247
4165,4165,0.9433333333333334,discard,3.703842
4166,4166,0.9433333333333334,discard,3.704398
4167,4167,0.9433333333333334,discard,3.704961
4168,4168,0.9433333333333334,discard,3.705533
4169,4169,0.9433333333333334,request_rescan,3.706086
4170,4170,0.9433333333333334,request_rescan,3.706632
4171,4171,0.76,discard,3.707194
4172,4172,0.9433333333333334,request_rescan,3.707738
4173,4173,0.9433333333333334,request_rescan,3.708294
4174,4174,0.9433333333333334,discard,3.708843
4175,4175,0.9433333333333334,discard,3.709396
4176,4176,0.9433333333333334,request_rescan,3.709931
4177,4177,0.9433333333333334,discard,3.710488
4178,4178,0.76,discard,3.711033
4179,4179,0.9433333333333334,request_rescan,3.711596
4180,4180,0.9433333333333334,request_rescan,3.712147
4181,4181,0.9433333333333334,request_rescan,3.7127
4182,4182,0.9433333333333334,request_rescan,3.71325
4183,4183,0.9433333333333334,request_rescan,3.7138
4184,4184,0.76,discard,3.714353
4185,4185,0.9433333333333334,discard,3.714901
4186,4186,0.9433333333333334,discard,3.715449
4187,4187,0.9433333333333334,request_rescan,3.716002
4188,4188,0.9433333333333334,discard,3.716543
4189,4189,0.9433333333333334,discard,3.717088
4190,4190,0.76,discard,3.717647
4191,4191,0.9433333333333334,discard,3.718189
4192,4192,0.9433333333333334,discard,3.718748
4193,4193,0.76,discard,3.719293
4194,4194,0.9433333333333334,request_rescan,3.719836
4195,4195,0.9433333333333334,request_rescan,3.720437
4196,4196,0.9433333333333334,discard,3.721028
4197,4197,0.9433333333333334,request_rescan,3.721601
4198,4198,0.9433333333333334,request_rescan,3.722152
4199,4199,0.9433333333333334,request_rescan,3.722707
4200,4200,0.76,request_rescan,3.723267
4201,4201,0.9433333333333334,discard,3.724717
4202,4202,0.76,request_rescan,3.725277
4203,4203,0.9433333333333334,discard,3.725821
4204,4204,0.9433333333333334,request_rescan,3.726384
4205,4205,0.9433333333333334,request_rescan,3.726937
4206,4206,0.76,discard,3.727489
4207,4207,0.76,discard,3.728049
4208,4208,0.76,request_rescan,3.728593
4209,4209,0.9433333333333334,discard,3.729151
4210,4210,0.9433333333333334,request_rescan,3.729687
4211,4211,0.9433333333333334,discard,3.73024
4212,4212,0.76,request_rescan,3.730798
4213,4213,0.9433333333333334,discard,3.731394
4214,4214,0.9433333333333334,discard,3.731991
4215,4215,0.9433333333333334,request_rescan,3.732564
4216,4216,0.9433333333333334,discard,3.733114
4217,4217,0.9433333333333334,discard,3.733656
4218,4218,0.9433333333333334,request_rescan,3.734199
4219,4219,0.76,discard,3.734746
4220,4220,0.9433333333333334,discard,3.735293
4221,4221,0.76,request_rescan,3.735847
4222,4222,0.9433333333333334,discard,3.736417
4223,4223,0.9433333333333334,discard,3.736972
4224,4224,0.9433333333333334,request_rescan,3.737564
4225,4225,0.9433333333333334,request_rescan,3.769834
4226,4226,0.9433333333333334,discard,3.77053
4227,4227,0.9433333333333334,discard,3.771123
4228,4228,0.76,request_rescan,3.771703
4229,4229,0.9433333333333334,discard,3.772281
4230,4230,0.9433333333333334,discard,3.772836
4231,4231,0.76,discard,3.773389
4232,4232,0.9433333333333334,request_rescan,3.773939
4233,4233,0.9433333333333334,request_rescan,3.774499
4234,4234,0.9433333333333334,discard,3.775053
4235,4235,0.9433333333333334,request_rescan,3.77561
4236,4236,0.9433333333333334,request_rescan,3.776163
4237,4237,0.76,discard,3.776717
4238,4238,0.9433333333333334,discard,3.777264
4239,4239,0.9433333333333334,request_rescan,3.777822
4240,4240,0.9433333333333334,request_rescan,3.778369
4241,4241,0.76,request_rescan,3.778922
4242,4242,0.9433333333333334,request_rescan,3.779469
4243,4243,0.9433333333333334,request_rescan,3.780026
4244,4244,0.9433333333333334,discard,3.780577
4245,4245,0.9433333333333334,discard,3.781138
4246,4246,0.9433333333333334,discard,3.78168
4247,4247,0.76,discard,3.782229
4248,4248,0.9433333333333334,discard,3.782784
4249,4249,0.9433333333333334,discard,3.783328
4250,4250,0.9433333333333334,discard,3.783884
4251,4251,0.9433333333333334,request_rescan,3.784431
4252,4252,0.76,request_rescan,3.784993
4253,4253,0.9433333333333334,request_rescan,3.785534
4254,4254,0.9433333333333334,request_rescan,3.786094
4255,4255,0.9433333333333334,discard,3.786634
4256,4256,0.9433333333333334,request_rescan,3.787228
4257,4257,0.9433333333333334,request_rescan,3.787779
4258,4258,0.76,discard,3.788345
4259,4259,0.9433333333333334,request_rescan,3.788906
4260,4260,0.9433333333333334,request_rescan,3.789475
4261,4261,0.9433333333333334,request_rescan,3.79002
4262,4262,0.9433333333333334,request_rescan,3.790584
4263,4263,0.76,discard,3.791145
4264,4264,0.9433333333333334,discard,3.7917
4265,4265,0.9433333333333334,discard,3.792267
4266,4266,0.9433333333333334,request_rescan,3.792817
4267,4267,0.9433333333333334,discard,3.793394
4268,4268,0.9433333333333334,request_rescan,3.793949
4269,4269,0.76,discard,3.794508
4270,4270,0.9433333333333334,request_rescan,3.795062
4271,4271,0.76,discard,3.796042
4272,4272,0.9433333333333334,discard,3.796838
4273,4273,0.9433333333333334,request_rescan,3.79741
4274,4274,0.9433333333333334,request_rescan,3.797959
4275,4275,0.9433333333333334,request_rescan,3.79851
4276,4276,0.9433333333333334,discard,3.799081
4277,4277,0.9433333333333334,request_rescan,3.799623
4278,4278,0.76,discard,3.800167
4279,4279,0.76,discard,3.800715
4280,4280,0.9433333333333334,request_rescan,3.801265
4281,4281,0.9433333333333334,request_rescan,3.801817
4282,4282,0.9433333333333334,request_rescan,3.802378
4283,4283,0.9433333333333334,request_rescan,3.80293
4284,4284,0.9433333333333334,discard,3.803485
4285,4285,0.9433333333333334,discard,3.804084
4286,4286,0.9433333333333334,discard,3.804655
4287,4287,0.9433333333333334,request_rescan,3.805259
4288,4288,0.9433333333333334,discard,3.805826
4289,4289,0.9433333333333334,discard,3.80638
4290,4290,0.9433333333333334,discard,3.806933
4291,4291,0.9433333333333334,discard,3.807491
4292,4292,0.9433333333333334,discard,3.808051
4293,4293,0.9433333333333334,request_rescan,3.808593
4294,4294,0.9433333333333334,discard,3.809152
4295,4295,0.9433333333333334,request_rescan,3.80969
4296,4296,0.76,request_rescan,3.810248
4297,4297,0.9433333333333334,discard,3.810792
4298,4298,0.9433333333333334,request_rescan,3.811337
4299,4299,0.76,discard,3.811897
4300,4300,0.9433333333333334,request_rescan,3.812456
4301,4301,0.9433333333333334,request_rescan,3.813941
4302,4302,0.9433333333333334,discard,3.814505
4303,4303,0.9433333333333334,discard,3.815053
4304,4304,0.9433333333333334,discard,3.81561
4305,4305,0.9433333333333334,discard,3.816163
4306,4306,0.9433333333333334,discard,3.816711
4307,4307,0.76,request_rescan,3.817265
4308,4308,0.9433333333333334,request_rescan,3.817813
4309,4309,0.9433333333333334,discard,3.818395
4310,4310,0.9433333333333334,discard,3.818978
4311,4311,0.76,request_rescan,3.819531
4312,4312,0.9433333333333334,discard,3.820119
4313,4313,0.9433333333333334,discard,3.820708
4314,4314,0.9433333333333334,request_rescan,3.821289
4315,4315,0.9433333333333334,discard,3.821842
4316,4316,0.9433333333333334,request_rescan,3.822416
4317,4317,0.9433333333333334,request_rescan,3.822951
4318,4318,0.9433333333333334,discard,3.823524
4319,4319,0.9433333333333334,request_rescan,3.82407
4320,4320,0.9433333333333334,discard,3.824619
4321,4321,0.9433333333333334,discard,3.825156
4322,4322,0.9433333333333334,discard,3.825729
4323,4323,0.9433333333333334,request_rescan,3.826281
4324,4324,0.9433333333333334,discard,3.826817
4325,4325,0.76,discard,3.827377
4326,4326,0.9433333333333334,request_rescan,3.827993
4327,4327,0.9433333333333334,request_rescan,3.82859
4328,4328,0.76,discard,3.829212
4329,4329,0.76,discard,3.829764
4330,4330,0.9433333333333334,request_rescan,3.830337
4331,4331,0.9433333333333334,discard,3.830931
4332,4332,0.9433333333333334,discard,3.831496
4333,4333,0.9433333333333334,discard,3.832075
4334,4334,0.9433333333333334,discard,3.833047
4335,4335,0.9433333333333334,discard,3.833913
4336,4336,0.9433333333333334,request_rescan,3.834481
4337,4337,0.9433333333333334,request_rescan,3.835045
4338,4338,0.76,request_rescan,3.835596
4339,4339,0.9433333333333334,discard,3.836163
4340,4340,0.9433333333333334,request_rescan,3.836739
4341,4341,0.9433333333333334,request_rescan,3.837351
4342,4342,0.9433333333333334,request_rescan,3.837891
4343,4343,0.9433333333333334,request_rescan,3.838441
4344,4344,0.9433333333333334,discard,3.839013
4345,4345,0.9433333333333334,request_rescan,3.839575
4346,4346,0.9433333333333334,request_rescan,3.840137
4347,4347,0.9433333333333334,discard,3.840695
4348,4348,0.9433333333333334,discard,3.841246
4349,4349,0.9433333333333334,request_rescan,3.841799
4350,4350,0.9433333333333334,request_rescan,3.842348
4351,4351,0.9433333333333334,request_rescan,3.842903
4352,4352,0.9433333333333334,request_rescan,3.843448
4353,4353,0.9433333333333334,discard,3.875773
4354,4354,0.76,discard,3.876385
4355,4355,0.9433333333333334,request_rescan,3.876965
4356,4356,0.9433333333333334,discard,3.877525
4357,4357,0.9433333333333334,discard,3.878099
4358,4358,0.9433333333333334,request_rescan,3.878655
4359,4359,0.9433333333333334,request_rescan,3.879495
4360,4360,0.9433333333333334,discard,3.880067
4361,4361,0.76,request_rescan,3.880667
4362,4362,0.9433333333333334,discard,3.881227
4363,4363,0.9433333333333334,discard,3.881794
4364,4364,0.9433333333333334,request_rescan,3.882382
4365,4365,0.9433333333333334,discard,3.883462
4366,4366,0.9433333333333334,discard,3.884031
4367,4367,0.9433333333333334,discard,3.88459
4368,4368,0.9433333333333334,discard,3.885164
4369,4369,0.9433333333333334,discard,3.885714
4370,4370,0.9433333333333334,request_rescan,3.886289
4371,4371,0.9433333333333334,discard,3.886848
4372,4372,0.76,discard,3.887415
4373,4373,0.9433333333333334,discard,3.887979
4374,4374,0.9433333333333334,discard,3.888539
4375,4375,0.9433333333333334,discard,3.88911
4376,4376,0.9433333333333334,request_rescan,3.889657
4377,4377,0.9433333333333334,discard,3.890228
4378,4378,0.9433333333333334,discard,3.890779
4379,4379,0.9433333333333334,discard,3.891343
4380,4380,0.9433333333333334,request_rescan,3.8919
4381,4381,0.76,request_rescan,3.892474
4382,4382,0.9433333333333334,discard,3.893031
4383,4383,0.76,request_rescan,3.893597
4384,4384,0.9433333333333334,discard,3.894152
4385,4385,0.9433333333333334,request_rescan,3.894714
4386,4386,0.76,discard,3.895561
4387,4387,0.9433333333333334,discard,3.896126
4388,4388,0.6633333333333333,log_and_continue,3.896683
4389,4389,0.9433333333333334,discard,3.897256
4390,4390,0.76,request_rescan,3.897816
4391,4391,0.9433333333333334,discard,3.898392
4392,4392,0.9433333333333334,discard,3.898957
4393,4393,0.76,discard,3.89968
4394,4394,0.9433333333333334,request_rescan,3.900455
4395,4395,0.9433333333333334,request_rescan,3.901026
4396,4396,0.9433333333333334,request_rescan,3.901602
4397,4397,0.9433333333333334,discard,3.902174
4398,4398,0.76,request_rescan,3.902725
4399,4399,0.9433333333333334,request_rescan,3.903293
4400,4400,0.9433333333333334,discard,3.903849
4401,4401,0.9433333333333334,discard,3.905349
4402,4402,0.9433333333333334,discard,3.905916
4403,4403,0.9433333333333334,request_rescan,3.906493
4404,4404,0.9433333333333334,request_rescan,3.907068
4405,4405,0.9433333333333334,discard,3.907628
4406,4406,0.9433333333333334,request_rescan,3.908189
4407,4407,0.9433333333333334,discard,3.908751
4408,4408,0.9433333333333334,request_rescan,3.909306
4409,4409,0.9433333333333334,discard,3.909873
4410,4410,0.9433333333333334,request_rescan,3.910496
4411,4411,0.9433333333333334,discard,3.911051
4412,4412,0.9433333333333334,discard,3.911625
4413,4413,0.9433333333333334,discard,3.912178
4414,4414,0.9433333333333334,discard,3.912737
4415,4415,0.9433333333333334,discard,3.913293
4416,4416,0.9433333333333334,discard,3.913847
4417,4417,0.9433333333333334,request_rescan,3.914412
4418,4418,0.9433333333333334,request_rescan,3.914973
4419,4419,0.9433333333333334,discard,3.915545
4420,4420,0.9433333333333334,request_rescan,3.916127
4421,4421,0.9433333333333334,discard,3.916702
4422,4422,0.9433333333333334,request_rescan,3.91729
4423,4423,0.9433333333333334,request_rescan,3.917838
4424,4424,0.9433333333333334,request_rescan,3.918453
4425,4425,0.9433333333333334,request_rescan,3.919015
4426,4426,0.9433333333333334,discard,3.919589
4427,4427,0.9433333333333334,request_rescan,3.920153
4428,4428,0.9433333333333334,request_rescan,3.920717
4429,4429,0.9433333333333334,discard,3.921274
4430,4430,0.76,request_rescan,3.921836
4431,4431,0.9433333333333334,discard,3.922408
4432,4432,0.9433333333333334,request_rescan,3.922972
4433,4433,0.9433333333333334,discard,3.923527
4434,4434,0.9433333333333334,request_rescan,3.924085
4435,4435,0.9433333333333334,discard,3.924648
4436,4436,0.9433333333333334,discard,3.925212
4437,4437,0.9433333333333334,discard,3.925769
4438,4438,0.9433333333333334,discard,3.926373
4439,4439,0.9433333333333334,discard,3.926936
4440,4440,0.9433333333333334,discard,3.927523
4441,4441,0.9433333333333334,discard,3.928122
4442,4442,0.9433333333333334,request_rescan,3.928716
4443,4443,0.9433333333333334,request_rescan,3.929283
4444,4444,0.9433333333333334,request_rescan,3.929843
4445,4445,0.9433333333333334,discard,3.930439
4446,4446,0.9433333333333334,discard,3.931001
4447,4447,0.9433333333333334,discard,3.931597
4448,4448,0.76,discard,3.932186
4449,4449,0.9433333333333334,request_rescan,3.932755
4450,4450,0.9433333333333334,request_rescan,3.933714
4451,4451,0.76,request_rescan,3.934704
4452,4452,0.9433333333333334,discard,3.935256
4453,4453,0.9433333333333334,request_rescan,3.935817
4454,4454,0.9433333333333334,discard,3.93637
4455,4455,0.9433333333333334,discard,3.936932
4456,4456,0.9433333333333334,request_rescan,3.937488
4457,4457,0.9433333333333334,request_rescan,3.938082
4458,4458,0.9433333333333334,request_rescan,3.938667
4459,4459,0.9433333333333334,discard,3.939236
4460,4460,0.9433333333333334,discard,3.939782
4461,4461,0.9433333333333334,discard,3.940355
4462,4462,0.9433333333333334,request_rescan,3.940898
4463,4463,0.9433333333333334,request_rescan,3.941466
4464,4464,0.9433333333333334,discard,3.942019
4465,4465,0.76,discard,3.942617
4466,4466,0.9433333333333334,discard,3.943166
4467,4467,0.9433333333333334,request_rescan,3.943761
4468,4468,0.9433333333333334,discard,3.944348
4469,4469,0.9433333333333334,request_rescan,3.944956
4470,4470,0.9433333333333334,request_rescan,3.945575
4471,4471,0.9433333333333334,request_rescan,3.947318
4472,4472,0.9433333333333334,discard,3.94788
4473,4473,0.9433333333333334,discard,3.948442
4474,4474,0.9433333333333334,discard,3.948985
4475,4475,0.9433333333333334,discard,3.949536
4476,4476,0.9433333333333334,request_rescan,3.95009
4477,4477,0.9433333333333334,discard,3.950913
4478,4478,0.9433333333333334,discard,3.951535
4479,4479,0.9433333333333334,request_rescan,3.952087
4480,4480,0.9433333333333334,request_rescan,3.952655
4481,4481,0.76,discard,3.98599
4482,4482,0.9433333333333334,request_rescan,3.986602
4483,4483,0.9433333333333334,request_rescan,3.987161
4484,4484,0.76,request_rescan,3.987718
4485,4485,0.9433333333333334,request_rescan,3.988426
4486,4486,0.9433333333333334,request_rescan,3.989032
4487,4487,0.9433333333333334,request_rescan,3.989598
4488,4488,0.9433333333333334,discard,3.990173
4489,4489,0.9433333333333334,request_rescan,3.990726
4490,4490,0.9433333333333334,discard,3.991304
4491,4491,0.9433333333333334,request_rescan,3.991857
4492,4492,0.9433333333333334,request_rescan,3.992433
4493,4493,0.9433333333333334,request_rescan,3.992995
4494,4494,0.9433333333333334,discard,3.993561
4495,4495,0.9433333333333334,request_rescan,3.994131
4496,4496,0.9433333333333334,discard,3.994693
4497,4497,0.76,discard,3.995289
4498,4498,0.9433333333333334,discard,3.996242
4499,4499,0.9433333333333334,discard,3.996825
4500,4500,0.9433333333333334,request_rescan,3.997385
4501,4501,0.9433333333333334,request_rescan,3.998818
4502,4502,0.9433333333333334,discard,3.999391
4503,4503,0.9433333333333334,discard,3.999961
4504,4504,0.9433333333333334,request_rescan,4.001008
4505,4505,0.76,request_rescan,4.00159
4506,4506,0.9433333333333334,discard,4.002148
4507,4507,0.9433333333333334,request_rescan,4.00271
4508,4508,0.9433333333333334,request_rescan,4.003274
4509,4509,0.76,request_rescan,4.003857
4510,4510,0.9433333333333334,discard,4.004435
4511,4511,0.9433333333333334,request_rescan,4.005117
4512,4512,0.76,request_rescan,4.005702
4513,4513,0.9433333333333334,discard,4.00627
4514,4514,0.9433333333333334,request_rescan,4.006845
4515,4515,0.9433333333333334,discard,4.00742
4516,4516,0.9433333333333334,discard,4.007981
4517,4517,0.9433333333333334,request_rescan,4.008546
4518,4518,0.9433333333333334,request_rescan,4.009101
4519,4519,0.9433333333333334,request_rescan,4.009662
4520,4520,0.9433333333333334,request_rescan,4.010224
4521,4521,0.76,request_rescan,4.010777
4522,4522,0.9433333333333334,discard,4.011343
4523,4523,0.9433333333333334,request_rescan,4.011916
4524,4524,0.9433333333333334,request_rescan,4.012475
4525,4525,0.9433333333333334,request_rescan,4.013053
4526,4526,0.76,request_rescan,4.013606
4527,4527,0.76,request_rescan,4.014173
4528,4528,0.9433333333333334,request_rescan,4.014731
4529,4529,0.9433333333333334,discard,4.015295
4530,4530,0.9433333333333334,request_rescan,4.01586
4531,4531,0.9433333333333334,discard,4.016424
4532,4532,0.76,request_rescan,4.017008
4533,4533,0.9433333333333334,discard,4.017633
4534,4534,0.76,request_rescan,4.018446
4535,4535,0.9433333333333334,request_rescan,4.019372
4536,4536,0.9433333333333334,discard,4.020039
4537,4537,0.9433333333333334,request_rescan,4.020646
4538,4538,0.9433333333333334,request_rescan,4.021234
4539,4539,0.76,request_rescan,4.021935
4540,4540,0.9433333333333334,discard,4.022521
4541,4541,0.9433333333333334,request_rescan,4.0231
4542,4542,0.9433333333333334,request_rescan,4.023675
4543,4543,0.9433333333333334,request_rescan,4.024262
4544,4544,0.9433333333333334,request_rescan,4.024818
4545,4545,0.9433333333333334,request_rescan,4.025399
4546,4546,0.9433333333333334,request_rescan,4.025964
4547,4547,0.9433333333333334,request_rescan,4.026548
4548,4548,0.9433333333333334,request_rescan,4.027113
4549,4549,0.9433333333333334,request_rescan,4.027687
4550,4550,0.9433333333333334,request_rescan,4.028258
4551,4551,0.9433333333333334,request_rescan,4.028841
4552,4552,0.76,request_rescan,4.029405
4553,4553,0.9433333333333334,discard,4.029974
4554,4554,0.9433333333333334,request_rescan,4.030547
4555,4555,0.9433333333333334,request_rescan,4.031438
4556,4556,0.9433333333333334,request_rescan,4.031999
4557,4557,0.76,discard,4.032567
4558,4558,0.9433333333333334,discard,4.033127
4559,4559,0.9433333333333334,request_rescan,4.033745
4560,4560,0.9433333333333334,discard,4.034575
4561,4561,0.76,request_rescan,4.035134
4562,4562,0.9433333333333334,discard,4.0357
4563,4563,0.9433333333333334,request_rescan,4.03627
4564,4564,0.9433333333333334,request_rescan,4.036843
4565,4565,0.76,request_rescan,4.037465
4566,4566,0.9433333333333334,discard,4.038065
4567,4567,0.9433333333333334,request_rescan,4.03871
4568,4568,0.9433333333333334,discard,4.039281
4569,4569,0.9433333333333334,request_rescan,4.039831
4570,4570,0.9433333333333334,discard,4.0404
4571,4571,0.9433333333333334,discard,4.040956
4572,4572,0.76,discard,4.041517
4573,4573,0.9433333333333334,discard,4.042085
4574,4574,0.9433333333333334,request_rescan,4.042651
4575,4575,0.9433333333333334,request_rescan,4.043218
4576,4576,0.76,request_rescan,4.043782
4577,4577,0.9433333333333334,discard,4.04435
4578,4578,0.9433333333333334,discard,4.044924
4579,4579,0.76,request_rescan,4.045785
4580,4580,0.9433333333333334,discard,4.046352
4581,4581,0.9433333333333334,request_rescan,4.046916
4582,4582,0.9433333333333334,discard,4.048506
4583,4583,0.9433333333333334,discard,4.049069
4584,4584,0.9433333333333334,discard,4.049643
4585,4585,0.9433333333333334,request_rescan,4.05022
4586,4586,0.9433333333333334,discard,4.0512
4587,4587,0.76,discard,4.051757
4588,4588,0.9433333333333334,discard,4.052321
4589,4589,0.9433333333333334,request_rescan,4.052867
4590,4590,0.9433333333333334,request_rescan,4.053437
4591,4591,0.9433333333333334,discard,4.054022
4592,4592,0.76,request_rescan,4.054577
4593,4593,0.9433333333333334,request_rescan,4.055278
4594,4594,0.76,request_rescan,4.055842
4595,4595,0.9433333333333334,request_rescan,4.056409
4596,4596,0.76,request_rescan,4.056971
4597,4597,0.9433333333333334,request_rescan,4.05752
4598,4598,0.9433333333333334,request_rescan,4.058092
4599,4599,0.9433333333333334,discard,4.058639
4600,4600,0.9433333333333334,request_rescan,4.059219
4601,4601,0.9433333333333334,request_rescan,4.060723
4602,4602,0.9433333333333334,request_rescan,4.061295
4603,4603,0.9433333333333334,discard,4.061858
4604,4604,0.9433333333333334,request_rescan,4.062414
4605,4605,0.9433333333333334,request_rescan,4.062975
4606,4606,0.76,discard,4.063519
4607,4607,0.9433333333333334,discard,4.064075
4608,4608,0.9433333333333334,request_rescan,4.064623
4609,4609,0.9433333333333334,request_rescan,4.09365
4610,4610,0.9433333333333334,discard,4.094274
4611,4611,0.9433333333333334,discard,4.094855
4612,4612,0.9433333333333334,request_rescan,4.095434
4613,4613,0.9433333333333334,discard,4.096325
4614,4614,0.9433333333333334,discard,4.096898
4615,4615,0.9433333333333334,request_rescan,4.097462
4616,4616,0.9433333333333334,discard,4.098052
4617,4617,0.9433333333333334,discard,4.098629
4618,4618,0.9433333333333334,request_rescan,4.099203
4619,4619,0.9433333333333334,discard,4.099763
4620,4620,0.9433333333333334,discard,4.100327
4621,4621,0.9433333333333334,discard,4.100879
4622,4622,0.76,discard,4.101602
4623,4623,0.9433333333333334,discard,4.102251
4624,4624,0.76,discard,4.102812
4625,4625,0.9433333333333334,request_rescan,4.103389
4626,4626,0.76,discard,4.103952
4627,4627,0.9433333333333334,discard,4.104516
4628,4628,0.9433333333333334,request_rescan,4.105079
4629,4629,0.9433333333333334,discard,4.105644
4630,4630,0.76,discard,4.106216
4631,4631,0.9433333333333334,discard,4.106776
4632,4632,0.9433333333333334,request_rescan,4.107341
4633,4633,0.9433333333333334,request_rescan,4.1079
4634,4634,0.9433333333333334,discard,4.108463
4635,4635,0.9433333333333334,discard,4.109033
4636,4636,0.9433333333333334,request_rescan,4.10959
4637,4637,0.9433333333333334,discard,4.110161
4638,4638,0.9433333333333334,discard,4.110722
4639,4639,0.9433333333333334,request_rescan,4.111292
4640,4640,0.9433333333333334,discard,4.111847
4641,4641,0.9433333333333334,request_rescan,4.112421
4642,4642,0.9433333333333334,discard,4.112999
4643,4643,0.9433333333333334,request_rescan,4.113555
4644,4644,0.9433333333333334,discard,4.114117
4645,4645,0.9433333333333334,discard,4.114693
4646,4646,0.9433333333333334,request_rescan,4.115271
4647,4647,0.9433333333333334,discard,4.115831
4648,4648,0.9433333333333334,discard,4.1164
4649,4649,0.76,discard,4.116963
4650,4650,0.9433333333333334,discard,4.117526
4651,4651,0.9433333333333334,discard,4.118086
4652,4652,0.9433333333333334,request_rescan,4.118653
4653,4653,0.9433333333333334,discard,4.119217
4654,4654,0.9433333333333334,request_rescan,4.119781
4655,4655,0.9433333333333334,request_rescan,4.120352
4656,4656,0.9433333333333334,request_rescan,4.120905
4657,4657,0.9433333333333334,request_rescan,4.121467
4658,4658,0.9433333333333334,discard,4.122047
4659,4659,0.9433333333333334,discard,4.122635
4660,4660,0.9433333333333334,request_rescan,4.123215
4661,4661,0.9433333333333334,request_rescan,4.123772
4662,4662,0.9433333333333334,request_rescan,4.124359
4663,4663,0.9433333333333334,discard,4.12491
4664,4664,0.9433333333333334,request_rescan,4.125499
4665,4665,0.9433333333333334,discard,4.12607
4666,4666,0.76,discard,4.126621
4667,4667,0.9433333333333334,discard,4.12718
4668,4668,0.76,discard,4.127741
4669,4669,0.9433333333333334,request_rescan,4.128324
4670,4670,0.9433333333333334,discard,4.128892
4671,4671,0.76,discard,4.129475
4672,4672,0.9433333333333334,request_rescan,4.130036
4673,4673,0.9433333333333334,request_rescan,4.130622
4674,4674,0.9433333333333334,discard,4.131178
4675,4675,0.9433333333333334,request_rescan,4.131752
4676,4676,0.9433333333333334,request_rescan,4.132327
4677,4677,0.9433333333333334,discard,4.132878
4678,4678,0.9433333333333334,request_rescan,4.133456
4679,4679,0.76,request_rescan,4.134034
4680,4680,0.9433333333333334,discard,4.134585
4681,4681,0.9433333333333334,discard,4.135145
4682,4682,0.9433333333333334,discard,4.135704
4683,4683,0.9433333333333334,request_rescan,4.136276
4684,4684,0.9433333333333334,request_rescan,4.136829
4685,4685,0.9433333333333334,discard,4.137393
4686,4686,0.9433333333333334,discard,4.137953
4687,4687,0.9433333333333334,discard,4.138519
4688,4688,0.9433333333333334,request_rescan,4.139109
4689,4689,0.9433333333333334,request_rescan,4.139683
4690,4690,0.76,request_rescan,4.140255
4691,4691,0.9433333333333334,discard,4.140823
4692,4692,0.9433333333333334,request_rescan,4.141395
4693,4693,0.76,discard,4.141954
4694,4694,0.9433333333333334,discard,4.142516
4695,4695,0.9433333333333334,discard,4.14308
4696,4696,0.9433333333333334,request_rescan,4.143649
4697,4697,0.9433333333333334,discard,4.144211
4698,4698,0.9433333333333334,discard,4.144775
4699,4699,0.9433333333333334,discard,4.145371
4700,4700,0.9433333333333334,discard,4.146422
4701,4701,0.9433333333333334,discard,4.147999
4702,4702,0.9433333333333334,request_rescan,4.149498
4703,4703,0.9433333333333334,discard,4.150061
4704,4704,0.9433333333333334,discard,4.150627
4705,4705,0.9433333333333334,request_rescan,4.151207
4706,4706,0.9433333333333334,request_rescan,4.15175
4707,4707,0.9433333333333334,discard,4.152333
4708,4708,0.9433333333333334,request_rescan,4.152873
4709,4709,0.9433333333333334,discard,4.153447
4710,4710,0.76,request_rescan,4.154007
4711,4711,0.9433333333333334,discard,4.154576
4712,4712,0.76,discard,4.155141
4713,4713,0.9433333333333334,discard,4.155696
4714,4714,0.76,request_rescan,4.156256
4715,4715,0.76,discard,4.156806
4716,4716,0.9433333333333334,discard,4.15737
4717,4717,0.76,request_rescan,4.157917
4718,4718,0.9433333333333334,request_rescan,4.158471
4719,4719,0.76,discard,4.159026
4720,4720,0.9433333333333334,discard,4.159586
4721,4721,0.9433333333333334,request_rescan,4.160158
4722,4722,0.9433333333333334,request_rescan,4.160717
4723,4723,0.9433333333333334,request_rescan,4.161289
4724,4724,0.9433333333333334,request_rescan,4.161838
4725,4725,0.9433333333333334,request_rescan,4.162393
4726,4726,0.9433333333333334,discard,4.162957
4727,4727,0.9433333333333334,request_rescan,4.16352
4728,4728,0.76,request_rescan,4.164076
4729,4729,0.9433333333333334,request_rescan,4.164665
4730,4730,0.9433333333333334,request_rescan,4.165238
4731,4731,0.9433333333333334,discard,4.165778
4732,4732,0.9433333333333334,discard,4.166605
4733,4733,0.9433333333333334,request_rescan,4.167429
4734,4734,0.9433333333333334,request_rescan,4.168209
4735,4735,0.9433333333333334,discard,4.168764
4736,4736,0.9433333333333334,request_rescan,4.169327
4737,4737,0.9433333333333334,request_rescan,4.202547
4738,4738,0.9433333333333334,request_rescan,4.203209
4739,4739,0.9433333333333334,request_rescan,4.203759
4740,4740,0.9433333333333334,discard,4.204527
4741,4741,0.9433333333333334,discard,4.205096
4742,4742,0.9433333333333334,discard,4.205705
4743,4743,0.9433333333333334,request_rescan,4.206253
4744,4744,0.9433333333333334,request_rescan,4.206815
4745,4745,0.9433333333333334,request_rescan,4.20736
4746,4746,0.9433333333333334,request_rescan,4.207915
4747,4747,0.76,request_rescan,4.208463
4748,4748,0.9433333333333334,request_rescan,4.209021
4749,4749,0.9433333333333334,discard,4.209567
4750,4750,0.9433333333333334,discard,4.210115
4751,4751,0.9433333333333334,request_rescan,4.210674
4752,4752,0.76,discard,4.211258
4753,4753,0.9433333333333334,request_rescan,4.211805
4754,4754,0.9433333333333334,request_rescan,4.212368
4755,4755,0.9433333333333334,request_rescan,4.212913
4756,4756,0.9433333333333334,discard,4.213465
4757,4757,0.9433333333333334,request_rescan,4.214029
4758,4758,0.76,request_rescan,4.214575
4759,4759,0.9433333333333334,request_rescan,4.215135
4760,4760,0.9433333333333334,request_rescan,4.21568
4761,4761,0.9433333333333334,discard,4.216243
4762,4762,0.9433333333333334,discard,4.216795
4763,4763,0.9433333333333334,discard,4.21735
4764,4764,0.9433333333333334,request_rescan,4.217908
4765,4765,0.9433333333333334,discard,4.218455
4766,4766,0.9433333333333334,request_rescan,4.219009
4767,4767,0.9433333333333334,discard,4.219554
4768,4768,0.9433333333333334,request_rescan,4.220119
4769,4769,0.9433333333333334,request_rescan,4.22067
4770,4770,0.9433333333333334,discard,4.22122
4771,4771,0.9433333333333334,discard,4.22177
4772,4772,0.9433333333333334,request_rescan,4.222341
4773,4773,0.9433333333333334,discard,4.222885
4774,4774,0.9433333333333334,request_rescan,4.223444
4775,4775,0.9433333333333334,request_rescan,4.22399
4776,4776,0.9433333333333334,request_rescan,4.224556
4777,4777,0.76,discard,4.225108
4778,4778,0.9433333333333334,request_rescan,4.225651
4779,4779,0.9433333333333334,request_rescan,4.226227
4780,4780,0.9433333333333334,request_rescan,4.226769
4781,4781,0.76,request_rescan,4.227366
4782,4782,0.76,request_rescan,4.227948
4783,4783,0.9433333333333334,request_rescan,4.228508
4784,4784,0.9433333333333334,request_rescan,4.2298
4785,4785,0.9433333333333334,request_rescan,4.230459
4786,4786,0.9433333333333334,discard,4.231024
4787,4787,0.9433333333333334,request_rescan,4.231594
4788,4788,0.9433333333333334,request_rescan,4.232156
4789,4789,0.9433333333333334,request_rescan,4.232731
4790,4790,0.9433333333333334,request_rescan,4.233302
4791,4791,0.9433333333333334,discard,4.233863
4792,4792,0.9433333333333334,request_rescan,4.234426
4793,4793,0.9433333333333334,request_rescan,4.234985
4794,4794,0.9433333333333334,discard,4.235542
4795,4795,0.9433333333333334,discard,4.2361
4796,4796,0.9433333333333334,discard,4.236658
4797,4797,0.76,discard,4.237207
4798,4798,0.9433333333333334,discard,4.237762
4799,4799,0.9433333333333334,request_rescan,4.238323
4800,4800,0.9433333333333334,request_rescan,4.238878
4801,4801,0.9433333333333334,discard,4.240365
4802,4802,0.9433333333333334,discard,4.240922
4803,4803,0.9433333333333334,request_rescan,4.241481
4804,4804,0.76,request_rescan,4.242042
4805,4805,0.9433333333333334,discard,4.242593
4806,4806,0.9433333333333334,request_rescan,4.24317
4807,4807,0.9433333333333334,request_rescan,4.24371
4808,4808,0.9433333333333334,discard,4.24433
4809,4809,0.9433333333333334,discard,4.244878
4810,4810,0.9433333333333334,discard,4.245887
4811,4811,0.9433333333333334,discard,4.246991
4812,4812,0.9433333333333334,discard,4.247551
4813,4813,0.9433333333333334,discard,4.248114
4814,4814,0.9433333333333334,request_rescan,4.248679
4815,4815,0.9433333333333334,request_rescan,4.250158
4816,4816,0.9433333333333334,request_rescan,4.250729
4817,4817,0.9433333333333334,discard,4.251286
4818,4818,0.9433333333333334,discard,4.251849
4819,4819,0.9433333333333334,request_rescan,4.252415
4820,4820,0.9433333333333334,request_rescan,4.252967
4821,4821,0.76,discard,4.253512
4822,4822,0.9433333333333334,discard,4.254071
4823,4823,0.76,discard,4.254613
4824,4824,0.9433333333333334,discard,4.255175
4825,4825,0.9433333333333334,discard,4.25573
4826,4826,0.9433333333333334,request_rescan,4.25629
4827,4827,0.9433333333333334,request_rescan,4.256824
4828,4828,0.9433333333333334,request_rescan,4.257382
4829,4829,0.9433333333333334,request_rescan,4.257932
4830,4830,0.9433333333333334,discard,4.258486
4831,4831,0.9433333333333334,discard,4.25904
4832,4832,0.9433333333333334,discard,4.259596
4833,4833,0.9433333333333334,discard,4.260154
4834,4834,0.9433333333333334,discard,4.260696
4835,4835,0.9433333333333334,request_rescan,4.261257
4836,4836,0.9433333333333334,discard,4.261802
4837,4837,0.9433333333333334,discard,4.262366
4838,4838,0.76,discard,4.262929
4839,4839,0.9433333333333334,request_rescan,4.263483
4840,4840,0.9433333333333334,request_rescan,4.264043
4841,4841,0.9433333333333334,discard,4.26459
4842,4842,0.9433333333333334,request_rescan,4.265153
4843,4843,0.9433333333333334,discard,4.265695
4844,4844,0.9433333333333334,request_rescan,4.266254
4845,4845,0.9433333333333334,request_rescan,4.266795
4846,4846,0.9433333333333334,discard,4.267354
4847,4847,0.9433333333333334,discard,4.267899
4848,4848,0.9433333333333334,discard,4.26847
4849,4849,0.76,request_rescan,4.269024
4850,4850,0.9433333333333334,discard,4.269566
4851,4851,0.76,request_rescan,4.270101
4852,4852,0.9433333333333334,discard,4.271002
4853,4853,0.9433333333333334,request_rescan,4.271992
4854,4854,0.9433333333333334,discard,4.272636
4855,4855,0.9433333333333334,discard,4.273218
4856,4856,0.9433333333333334,request_rescan,4.273762
4857,4857,0.9433333333333334,discard,4.274325
4858,4858,0.9433333333333334,request_rescan,4.274867
4859,4859,0.9433333333333334,discard,4.275438
4860,4860,0.76,request_rescan,4.275988
4861,4861,0.9433333333333334,discard,4.276531
4862,4862,0.9433333333333334,request_rescan,4.277055
4863,4863,0.9433333333333334,discard,4.2776
4864,4864,0.9433333333333334,request_rescan,4.278157
4865,4865,0.9433333333333334,discard,4.310397
4866,4866,0.9433333333333334,discard,4.311015
4867,4867,0.9433333333333334,discard,4.311589
4868,4868,0.9433333333333334,discard,4.312189
4869,4869,0.9433333333333334,request_rescan,4.312744
4870,4870,0.9433333333333334,request_rescan,4.313308
4871,4871,0.76,request_rescan,4.313861
4872,4872,0.9433333333333334,discard,4.31442
4873,4873,0.9433333333333334,discard,4.31501
4874,4874,0.9433333333333334,discard,4.315566
4875,4875,0.9433333333333334,request_rescan,4.316134
4876,4876,0.9433333333333334,discard,4.316684
4877,4877,0.9433333333333334,request_rescan,4.317266
4878,4878,0.9433333333333334,request_rescan,4.317819
4879,4879,0.76,discard,4.318379
4880,4880,0.9433333333333334,request_rescan,4.318919
4881,4881,0.9433333333333334,request_rescan,4.319479
4882,4882,0.9433333333333334,request_rescan,4.320026
4883,4883,0.9433333333333334,discard,4.320584
4884,4884,0.9433333333333334,discard,4.321127
4885,4885,0.9433333333333334,request_rescan,4.321691
4886,4886,0.9433333333333334,discard,4.322243
4887,4887,0.9433333333333334,request_rescan,4.322803
4888,4888,0.9433333333333334,discard,4.323351
4889,4889,0.9433333333333334,request_rescan,4.323909
4890,4890,0.9433333333333334,request_rescan,4.324485
4891,4891,0.9433333333333334,discard,4.325034
4892,4892,0.9433333333333334,request_rescan,4.325586
4893,4893,0.9433333333333334,request_rescan,4.326147
4894,4894,0.9433333333333334,discard,4.326699
4895,4895,0.9433333333333334,request_rescan,4.327258
4896,4896,0.9433333333333334,discard,4.327804
4897,4897,0.9433333333333334,discard,4.328377
4898,4898,0.9433333333333334,discard,4.328921
4899,4899,0.9433333333333334,discard,4.329505
4900,4900,0.9433333333333334,request_rescan,4.330048
4901,4901,0.76,discard,4.331565
4902,4902,0.9433333333333334,discard,4.332158
4903,4903,0.9433333333333334,discard,4.332724
4904,4904,0.9433333333333334,request_rescan,4.333293
4905,4905,0.9433333333333334,discard,4.333844
4906,4906,0.9433333333333334,request_rescan,4.334388
4907,4907,0.9433333333333334,request_rescan,4.33493
4908,4908,0.9433333333333334,discard,4.335478
4909,4909,0.9433333333333334,request_rescan,4.336024
4910,4910,0.9433333333333334,request_rescan,4.336606
4911,4911,0.9433333333333334,request_rescan,4.337181
4912,4912,0.9433333333333334,discard,4.337731
4913,4913,0.76,discard,4.338322
4914,4914,0.9433333333333334,discard,4.338888
4915,4915,0.9433333333333334,request_rescan,4.339473
4916,4916,0.9433333333333334,discard,4.340018
4917,4917,0.9433333333333334,discard,4.340564
4918,4918,0.9433333333333334,request_rescan,4.341133
4919,4919,0.9433333333333334,request_rescan,4.341683
4920,4920,0.9433333333333334,discard,4.342254
4921,4921,0.76,discard,4.342806
4922,4922,0.9433333333333334,discard,4.343375
4923,4923,0.9433333333333334,discard,4.343951
4924,4924,0.9433333333333334,discard,4.344515
4925,4925,0.9433333333333334,discard,4.345103
4926,4926,0.9433333333333334,request_rescan,4.345656
4927,4927,0.9433333333333334,request_rescan,4.346246
4928,4928,0.9433333333333334,request_rescan,4.346813
4929,4929,0.9433333333333334,discard,4.347389
4930,4930,0.9433333333333334,request_rescan,4.347926
4931,4931,0.9433333333333334,discard,4.348518
4932,4932,0.9433333333333334,discard,4.349076
4933,4933,0.9433333333333334,discard,4.349646
4934,4934,0.9433333333333334,request_rescan,4.351652
4935,4935,0.9433333333333334,discard,4.352218
4936,4936,0.9433333333333334,request_rescan,4.352781
4937,4937,0.9433333333333334,discard,4.353332
4938,4938,0.9433333333333334,request_rescan,4.353893
4939,4939,0.9433333333333334,request_rescan,4.354442
4940,4940,0.9433333333333334,discard,4.355014
4941,4941,0.9433333333333334,request_rescan,4.355567
4942,4942,0.9433333333333334,discard,4.35614
4943,4943,0.9433333333333334,request_rescan,4.356683
4944,4944,0.9433333333333334,discard,4.357242
4945,4945,0.9433333333333334,request_rescan,4.357807
4946,4946,0.9433333333333334,request_rescan,4.358383
4947,4947,0.9433333333333334,request_rescan,4.35894
4948,4948,0.9433333333333334,request_rescan,4.359502
4949,4949,0.9433333333333334,discard,4.360045
4950,4950,0.9433333333333334,discard,4.360598
4951,4951,0.9433333333333334,discard,4.361145
4952,4952,0.9433333333333334,discard,4.361705
4953,4953,0.9433333333333334,request_rescan,4.36227
4954,4954,0.9433333333333334,discard,4.362843
4955,4955,0.9433333333333334,discard,4.363409
4956,4956,0.9433333333333334,request_rescan,4.363973
4957,4957,0.9433333333333334,request_rescan,4.364515
4958,4958,0.76,discard,4.365071
4959,4959,0.9433333333333334,discard,4.36562
4960,4960,0.9433333333333334,discard,4.366181
4961,4961,0.9433333333333334,request_rescan,4.366725
4962,4962,0.9433333333333334,request_rescan,4.36729
4963,4963,0.9433333333333334,discard,4.367846
4964,4964,0.9433333333333334,request_rescan,4.368416
4965,4965,0.9433333333333334,discard,4.368971
4966,4966,0.9433333333333334,discard,4.369536
4967,4967,0.76,discard,4.370082
4968,4968,0.9433333333333334,request_rescan,4.370658
4969,4969,0.9433333333333334,discard,4.371207
4970,4970,0.9433333333333334,request_rescan,4.371771
4971,4971,0.9433333333333334,request_rescan,4.372322
4972,4972,0.9433333333333334,request_rescan,4.372882
4973,4973,0.9433333333333334,request_rescan,4.373453
4974,4974,0.9433333333333334,request_rescan,4.374007
4975,4975,0.9433333333333334,discard,4.374563
4976,4976,0.9433333333333334,request_rescan,4.375117
4977,4977,0.9433333333333334,request_rescan,4.375677
4978,4978,0.9433333333333334,request_rescan,4.376226
4979,4979,0.9433333333333334,request_rescan,4.376786
4980,4980,0.9433333333333334,request_rescan,4.377339
4981,4981,0.9433333333333334,request_rescan,4.377908
4982,4982,0.9433333333333334,request_rescan,4.378479
4983,4983,0.9433333333333334,request_rescan,4.379033
4984,4984,0.9433333333333334,request_rescan,4.379595
4985,4985,0.9433333333333334,request_rescan,4.380148
4986,4986,0.9433333333333334,request_rescan,4.380688
4987,4987,0.9433333333333334,discard,4.381251
4988,4988,0.9433333333333334,request_rescan,4.381803
4989,4989,0.9433333333333334,discard,4.382353
4990,4990,0.9433333333333334,discard,4.382902
4991,4991,0.9433333333333334,discard,4.383459
4992,4992,0.76,discard,4.384043
4993,4993,0.9433333333333334,discard,4.41648
4994,4994,0.9433333333333334,request_rescan,4.417075
4995,4995,0.76,request_rescan,4.417639
4996,4996,0.9433333333333334,request_rescan,4.418189
4997,4997,0.9433333333333334,request_rescan,4.418743
4998,4998,0.76,discard,4.419416
4999,4999,0.9433333333333334,discard,4.420004
5000,5000,0.9433333333333334,discard,4.420576
5001,5001,0.76,request_rescan,4.42199
5002,5002,0.76,discard,4.422551
5003,5003,0.9433333333333334,discard,4.423123
5004,5004,0.9433333333333334,request_rescan,4.423687
5005,5005,0.76,request_rescan,4.424257
5006,5006,0.9433333333333334,discard,4.424813
5007,5007,0.9433333333333334,request_rescan,4.42539
5008,5008,0.9433333333333334,request_rescan,4.425947
5009,5009,0.9433333333333334,request_rescan,4.426515
5010,5010,0.9433333333333334,request_rescan,4.427066
5011,5011,0.9433333333333334,request_rescan,4.427638
5012,5012,0.9433333333333334,discard,4.428194
5013,5013,0.9433333333333334,discard,4.428759
5014,5014,0.9433333333333334,request_rescan,4.429323
5015,5015,0.9433333333333334,discard,4.429887
5016,5016,0.9433333333333334,discard,4.430447
5017,5017,0.76,request_rescan,4.431015
5018,5018,0.9433333333333334,request_rescan,4.431582
5019,5019,0.9433333333333334,request_rescan,4.432143
5020,5020,0.9433333333333334,discard,4.432689
5021,5021,0.9433333333333334,discard,4.433258
5022,5022,0.9433333333333334,request_rescan,4.433814
5023,5023,0.9433333333333334,discard,4.4344
5024,5024,0.9433333333333334,discard,4.434966
5025,5025,0.9433333333333334,discard,4.435539
5026,5026,0.9433333333333334,discard,4.436104
5027,5027,0.9433333333333334,discard,4.436668
5028,5028,0.9433333333333334,request_rescan,4.437246
5029,5029,0.9433333333333334,request_rescan,4.437805
5030,5030,0.9433333333333334,discard,4.438367
5031,5031,0.9433333333333334,discard,4.438925
5032,5032,0.9433333333333334,request_rescan,4.439504
5033,5033,0.9433333333333334,discard,4.44007
5034,5034,0.9433333333333334,request_rescan,4.440632
5035,5035,0.9433333333333334,request_rescan,4.441195
5036,5036,0.9433333333333334,request_rescan,4.441753
5037,5037,0.9433333333333334,request_rescan,4.442312
5038,5038,0.9433333333333334,discard,4.44288
5039,5039,0.9433333333333334,request_rescan,4.443439
5040,5040,0.9433333333333334,request_rescan,4.444011
5041,5041,0.9433333333333334,request_rescan,4.444562
5042,5042,0.9433333333333334,request_rescan,4.445121
5043,5043,0.9433333333333334,discard,4.445705
5044,5044,0.9433333333333334,discard,4.44628
5045,5045,0.9433333333333334,request_rescan,4.446848
5046,5046,0.9433333333333334,discard,4.447412
5047,5047,0.76,discard,4.447972
5048,5048,0.9433333333333334,request_rescan,4.448523
5049,5049,0.9433333333333334,request_rescan,4.449113
5050,5050,0.9433333333333334,discard,4.449659
5051,5051,0.76,request_rescan,4.450231
5052,5052,0.76,discard,4.450981
5053,5053,0.9433333333333334,request_rescan,4.452654
5054,5054,0.9433333333333334,request_rescan,4.453224
5055,5055,0.76,request_rescan,4.453802
5056,5056,0.9433333333333334,discard,4.45441
5057,5057,0.76,discard,4.454977
5058,5058,0.9433333333333334,discard,4.455539
5059,5059,0.9433333333333334,discard,4.456094
5060,5060,0.9433333333333334,discard,4.456636
5061,5061,0.9433333333333334,request_rescan,4.457196
5062,5062,0.9433333333333334,request_rescan,4.457778
5063,5063,0.9433333333333334,discard,4.458345
5064,5064,0.9433333333333334,request_rescan,4.458906
5065,5065,0.9433333333333334,discard,4.459456
5066,5066,0.9433333333333334,discard,4.460015
5067,5067,0.9433333333333334,request_rescan,4.460567
5068,5068,0.9433333333333334,discard,4.461121
5069,5069,0.9433333333333334,discard,4.461665
5070,5070,0.9433333333333334,discard,4.462209
5071,5071,0.9433333333333334,discard,4.462766
5072,5072,0.9433333333333334,discard,4.463313
5073,5073,0.9433333333333334,request_rescan,4.463876
5074,5074,0.9433333333333334,request_rescan,4.464423
5075,5075,0.9433333333333334,request_rescan,4.464985
5076,5076,0.9433333333333334,discard,4.465531
5077,5077,0.9433333333333334,request_rescan,4.466094
5078,5078,0.9433333333333334,discard,4.466641
5079,5079,0.9433333333333334,request_rescan,4.467214
5080,5080,0.9433333333333334,discard,4.468206
5081,5081,0.9433333333333334,request_rescan,4.469026
5082,5082,0.9433333333333334,discard,4.469581
5083,5083,0.9433333333333334,request_rescan,4.470143
5084,5084,0.9433333333333334,discard,4.47069
5085,5085,0.9433333333333334,discard,4.471257
5086,5086,0.9433333333333334,request_rescan,4.471817
5087,5087,0.9433333333333334,discard,4.472396
5088,5088,0.76,request_rescan,4.472966
5089,5089,0.9433333333333334,request_rescan,4.47353
5090,5090,0.76,request_rescan,4.474086
5091,5091,0.9433333333333334,discard,4.47465
5092,5092,0.9433333333333334,request_rescan,4.4752
5093,5093,0.9433333333333334,discard,4.475754
5094,5094,0.9433333333333334,request_rescan,4.476309
5095,5095,0.9433333333333334,discard,4.47686
5096,5096,0.76,discard,4.477413
5097,5097,0.9433333333333334,request_rescan,4.477984
5098,5098,0.9433333333333334,request_rescan,4.478536
5099,5099,0.9433333333333334,discard,4.479089
5100,5100,0.9433333333333334,discard,4.479641
5101,5101,0.9433333333333334,request_rescan,4.481103
5102,5102,0.9433333333333334,request_rescan,4.48166
5103,5103,0.9433333333333334,discard,4.482227
5104,5104,0.9433333333333334,request_rescan,4.482782
5105,5105,0.9433333333333334,request_rescan,4.483342
5106,5106,0.76,request_rescan,4.4839
5107,5107,0.76,request_rescan,4.484454
5108,5108,0.9433333333333334,discard,4.485001
5109,5109,0.9433333333333334,discard,4.485563
5110,5110,0.9433333333333334,discard,4.486108
5111,5111,0.9433333333333334,request_rescan,4.486685
5112,5112,0.9433333333333334,discard,4.487241
5113,5113,0.9433333333333334,request_rescan,4.487801
5114,5114,0.9433333333333334,request_rescan,4.488354
5115,5115,0.9433333333333334,request_rescan,4.488917
5116,5116,0.9433333333333334,request_rescan,4.489466
5117,5117,0.9433333333333334,discard,4.490026
5118,5118,0.9433333333333334,request_rescan,4.490582
5119,5119,0.9433333333333334,discard,4.49115
5120,5120,0.9433333333333334,request_rescan,4.491702
5121,5121,0.9433333333333334,discard,4.522873
5122,5122,0.9433333333333334,request_rescan,4.523497
5123,5123,0.9433333333333334,discard,4.524066
5124,5124,0.9433333333333334,request_rescan,4.52463
5125,5125,0.9433333333333334,discard,4.525194
5126,5126,0.9433333333333334,request_rescan,4.52575
5127,5127,0.9433333333333334,discard,4.526311
5128,5128,0.76,request_rescan,4.526847
5129,5129,0.9433333333333334,discard,4.527409
5130,5130,0.9433333333333334,discard,4.52796
5131,5131,0.9433333333333334,discard,4.528524
5132,5132,0.9433333333333334,discard,4.529068
5133,5133,0.9433333333333334,request_rescan,4.529635
5134,5134,0.9433333333333334,discard,4.53018
5135,5135,0.9433333333333334,discard,4.530732
5136,5136,0.9433333333333334,request_rescan,4.531284
5137,5137,0.76,request_rescan,4.532158
5138,5138,0.76,discard,4.532696
5139,5139,0.9433333333333334,discard,4.533254
5140,5140,0.9433333333333334,request_rescan,4.533807
5141,5141,0.9433333333333334,discard,4.534795
5142,5142,0.9433333333333334,request_rescan,4.535366
5143,5143,0.9433333333333334,discard,4.535909
5144,5144,0.76,discard,4.536474
5145,5145,0.9433333333333334,request_rescan,4.537027
5146,5146,0.9433333333333334,request_rescan,4.537584
5147,5147,0.9433333333333334,request_rescan,4.538148
5148,5148,0.9433333333333334,request_rescan,4.5387
5149,5149,0.9433333333333334,request_rescan,4.539274
5150,5150,0.9433333333333334,request_rescan,4.539829
5151,5151,0.9433333333333334,discard,4.540406
5152,5152,0.9433333333333334,request_rescan,4.540963
5153,5153,0.9433333333333334,discard,4.541523
5154,5154,0.9433333333333334,request_rescan,4.542074
5155,5155,0.9433333333333334,request_rescan,4.542616
5156,5156,0.9433333333333334,discard,4.54321
5157,5157,0.9433333333333334,request_rescan,4.543762
5158,5158,0.9433333333333334,request_rescan,4.544318
5159,5159,0.9433333333333334,discard,4.544879
5160,5160,0.9433333333333334,discard,4.545681
5161,5161,0.9433333333333334,discard,4.546307
5162,5162,0.9433333333333334,request_rescan,4.546859
5163,5163,0.9433333333333334,request_rescan,4.547415
5164,5164,0.9433333333333334,discard,4.547962
5165,5165,0.9433333333333334,request_rescan,4.548507
5166,5166,0.9433333333333334,discard,4.549064
5167,5167,0.9433333333333334,discard,4.54962
5168,5168,0.9433333333333334,request_rescan,4.550193
5169,5169,0.76,request_rescan,4.550802
5170,5170,0.76,request_rescan,4.551641
5171,5171,0.9433333333333334,discard,4.552193
5172,5172,0.9433333333333334,discard,4.55371
5173,5173,0.9433333333333334,request_rescan,4.55427
5174,5174,0.9433333333333334,discard,4.554831
5175,5175,0.9433333333333334,request_rescan,4.555383
5176,5176,0.9433333333333334,request_rescan,4.55594
5177,5177,0.9433333333333334,request_rescan,4.556487
5178,5178,0.9433333333333334,request_rescan,4.557048
5179,5179,0.9433333333333334,request_rescan,4.557597
5180,5180,0.9433333333333334,request_rescan,4.558162
5181,5181,0.9433333333333334,discard,4.558712
5182,5182,0.9433333333333334,discard,4.559267
5183,5183,0.9433333333333334,discard,4.559827
5184,5184,0.9433333333333334,discard,4.560384
5185,5185,0.9433333333333334,discard,4.560938
5186,5186,0.9433333333333334,discard,4.561503
5187,5187,0.9433333333333334,discard,4.562066
5188,5188,0.9433333333333334,request_rescan,4.562609
5189,5189,0.9433333333333334,discard,4.563164
5190,5190,0.9433333333333334,request_rescan,4.563713
5191,5191,0.76,request_rescan,4.564277
5192,5192,0.9433333333333334,request_rescan,4.564824
5193,5193,0.9433333333333334,request_rescan,4.565407
5194,5194,0.9433333333333334,discard,4.565958
5195,5195,0.9433333333333334,request_rescan,4.566514
5196,5196,0.9433333333333334,discard,4.567067
5197,5197,0.76,request_rescan,4.567608
5198,5198,0.9433333333333334,request_rescan,4.568173
5199,5199,0.9433333333333334,discard,4.568734
5200,5200,0.9433333333333334,discard,4.569292
5201,5201,0.9433333333333334,discard,4.570735
5202,5202,0.9433333333333334,discard,4.571295
5203,5203,0.9433333333333334,request_rescan,4.571856
5204,5204,0.9433333333333334,request_rescan,4.572405
5205,5205,0.9433333333333334,request_rescan,4.572966
5206,5206,0.9433333333333334,discard,4.573508
5207,5207,0.9433333333333334,request_rescan,4.574069
5208,5208,0.9433333333333334,discard,4.57461
5209,5209,0.9433333333333334,request_rescan,4.575154
5210,5210,0.9433333333333334,discard,4.575708
5211,5211,0.9433333333333334,request_rescan,4.576271
5212,5212,0.76,request_rescan,4.576826
5213,5213,0.9433333333333334,request_rescan,4.577395
5214,5214,0.9433333333333334,discard,4.577929
5215,5215,0.9433333333333334,discard,4.578502
5216,5216,0.9433333333333334,request_rescan,4.57905
5217,5217,0.9433333333333334,request_rescan,4.579592
5218,5218,0.9433333333333334,request_rescan,4.580157
5219,5219,0.9433333333333334,discard,4.58071
5220,5220,0.9433333333333334,request_rescan,4.58127
5221,5221,0.9433333333333334,discard,4.58183
5222,5222,0.9433333333333334,discard,4.582383
5223,5223,0.9433333333333334,request_rescan,4.58295
5224,5224,0.9433333333333334,discard,4.583494
5225,5225,0.9433333333333334,request_rescan,4.584052
5226,5226,0.9433333333333334,request_rescan,4.584601
5227,5227,0.76,discard,4.585154
5228,5228,0.9433333333333334,discard,4.585702
5229,5229,0.9433333333333334,request_rescan,4.586273
5230,5230,0.9433333333333334,request_rescan,4.586828
5231,5231,0.9433333333333334,discard,4.58776
5232,5232,0.9433333333333334,discard,4.588788
5233,5233,0.9433333333333334,discard,4.589423
5234,5234,0.9433333333333334,discard,4.589976
5235,5235,0.76,request_rescan,4.590539
5236,5236,0.76,request_rescan,4.591091
5237,5237,0.9433333333333334,discard,4.591666
5238,5238,0.9433333333333334,discard,4.592244
5239,5239,0.9433333333333334,discard,4.592792
5240,5240,0.9433333333333334,discard,4.593353
5241,5241,0.9433333333333334,request_rescan,4.593902
5242,5242,0.9433333333333334,discard,4.594476
5243,5243,0.9433333333333334,request_rescan,4.59504
5244,5244,0.9433333333333334,discard,4.595616
5245,5245,0.9433333333333334,discard,4.59651
5246,5246,0.9433333333333334,request_rescan,4.597078
5247,5247,0.9433333333333334,discard,4.597633
5248,5248,0.9433333333333334,request_rescan,4.598198
5249,5249,0.9433333333333334,request_rescan,4.629716
5250,5250,0.9433333333333334,discard,4.630326
5251,5251,0.9433333333333334,request_rescan,4.630883
5252,5252,0.9433333333333334,request_rescan,4.631457
5253,5253,0.9433333333333334,discard,4.632039
5254,5254,0.9433333333333334,request_rescan,4.632607
5255,5255,0.9433333333333334,request_rescan,4.633184
5256,5256,0.9433333333333334,discard,4.633739
5257,5257,0.9433333333333334,request_rescan,4.634314
5258,5258,0.9433333333333334,discard,4.6349
5259,5259,0.9433333333333334,request_rescan,4.635475
5260,5260,0.9433333333333334,discard,4.636041
5261,5261,0.9433333333333334,discard,4.636599
5262,5262,0.9433333333333334,discard,4.637203
5263,5263,0.9433333333333334,discard,4.637785
5264,5264,0.9433333333333334,request_rescan,4.638648
5265,5265,0.9433333333333334,discard,4.639281
5266,5266,0.9433333333333334,discard,4.639836
5267,5267,0.9433333333333334,discard,4.640397
5268,5268,0.9433333333333334,request_rescan,4.640955
5269,5269,0.9433333333333334,discard,4.641523
5270,5270,0.9433333333333334,discard,4.642092
5271,5271,0.9433333333333334,request_rescan,4.64265
5272,5272,0.9433333333333334,discard,4.643224
5273,5273,0.9433333333333334,discard,4.643783
5274,5274,0.76,discard,4.644353
5275,5275,0.76,discard,4.645158
5276,5276,0.76,discard,4.645727
5277,5277,0.9433333333333334,request_rescan,4.646287
5278,5278,0.9433333333333334,discard,4.646849
5279,5279,0.9433333333333334,request_rescan,4.647414
5280,5280,0.9433333333333334,request_rescan,4.647968
5281,5281,0.9433333333333334,request_rescan,4.648557
5282,5282,0.9433333333333334,request_rescan,4.649128
5283,5283,0.9433333333333334,discard,4.649699
5284,5284,0.9433333333333334,discard,4.650262
5285,5285,0.9433333333333334,discard,4.650828
5286,5286,0.9433333333333334,request_rescan,4.651424
5287,5287,0.9433333333333334,request_rescan,4.651998
5288,5288,0.9433333333333334,request_rescan,4.652551
5289,5289,0.76,discard,4.653122
5290,5290,0.9433333333333334,request_rescan,4.655115
5291,5291,0.9433333333333334,discard,4.65575
5292,5292,0.9433333333333334,discard,4.656343
5293,5293,0.9433333333333334,request_rescan,4.656888
5294,5294,0.9433333333333334,discard,4.657453
5295,5295,0.9433333333333334,request_rescan,4.658015
5296,5296,0.76,request_rescan,4.65858
5297,5297,0.9433333333333334,request_rescan,4.659166
5298,5298,0.9433333333333334,request_rescan,4.659721
5299,5299,0.9433333333333334,discard,4.660307
5300,5300,0.9433333333333334,discard,4.660877
5301,5301,0.9433333333333334,discard,4.66229
5302,5302,0.9433333333333334,request_rescan,4.66286
5303,5303,0.9433333333333334,discard,4.663418
5304,5304,0.9433333333333334,request_rescan,4.663977
5305,5305,0.9433333333333334,request_rescan,4.664529
5306,5306,0.9433333333333334,request_rescan,4.665086
5307,5307,0.9433333333333334,discard,4.665632
5308,5308,0.9433333333333334,discard,4.666186
5309,5309,0.9433333333333334,discard,4.666729
5310,5310,0.9433333333333334,discard,4.667296
5311,5311,0.9433333333333334,discard,4.667868
5312,5312,0.9433333333333334,discard,4.668427
5313,5313,0.76,discard,4.668988
5314,5314,0.9433333333333334,request_rescan,4.669545
5315,5315,0.9433333333333334,request_rescan,4.670103
5316,5316,0.9433333333333334,discard,4.670696
5317,5317,0.9433333333333334,discard,4.671253
5318,5318,0.9433333333333334,request_rescan,4.671801
5319,5319,0.9433333333333334,discard,4.672362
5320,5320,0.9433333333333334,discard,4.67291
5321,5321,0.9433333333333334,discard,4.673471
5322,5322,0.9433333333333334,discard,4.674029
5323,5323,0.9433333333333334,request_rescan,4.674585
5324,5324,0.9433333333333334,discard,4.675147
5325,5325,0.9433333333333334,discard,4.675692
5326,5326,0.9433333333333334,discard,4.676255
5327,5327,0.76,discard,4.676796
5328,5328,0.9433333333333334,discard,4.677353
5329,5329,0.9433333333333334,request_rescan,4.677903
5330,5330,0.9433333333333334,discard,4.678457
5331,5331,0.9433333333333334,discard,4.679006
5332,5332,0.9433333333333334,discard,4.679559
5333,5333,0.9433333333333334,discard,4.680112
5334,5334,0.9433333333333334,discard,4.680676
5335,5335,0.9433333333333334,request_rescan,4.681234
5336,5336,0.9433333333333334,discard,4.681777
5337,5337,0.9433333333333334,discard,4.682339
5338,5338,0.9433333333333334,discard,4.68289
5339,5339,0.9433333333333334,discard,4.683484
5340,5340,0.9433333333333334,request_rescan,4.684076
5341,5341,0.9433333333333334,discard,4.684641
5342,5342,0.9433333333333334,request_rescan,4.68584
5343,5343,0.76,discard,4.686633
5344,5344,0.9433333333333334,discard,4.687233
5345,5345,0.76,discard,4.687783
5346,5346,0.9433333333333334,discard,4.688363
5347,5347,0.9433333333333334,request_rescan,4.688916
5348,5348,0.9433333333333334,request_rescan,4.689499
5349,5349,0.76,request_rescan,4.690052
5350,5350,0.9433333333333334,request_rescan,4.690637
5351,5351,0.9433333333333334,request_rescan,4.69119
5352,5352,0.9433333333333334,request_rescan,4.691751
5353,5353,0.9433333333333334,discard,4.692307
5354,5354,0.9433333333333334,request_rescan,4.692869
5355,5355,0.9433333333333334,request_rescan,4.693447
5356,5356,0.9433333333333334,request_rescan,4.694006
5357,5357,0.9433333333333334,request_rescan,4.694589
5358,5358,0.76,request_rescan,4.695171
5359,5359,0.76,discard,4.696071
5360,5360,0.9433333333333334,discard,4.696625
5361,5361,0.9433333333333334,request_rescan,4.697173
5362,5362,0.9433333333333334,request_rescan,4.697732
5363,5363,0.9433333333333334,request_rescan,4.698281
5364,5364,0.9433333333333334,request_rescan,4.698842
5365,5365,0.9433333333333334,discard,4.699412
5366,5366,0.9433333333333334,discard,4.699973
5367,5367,0.9433333333333334,request_rescan,4.700535
5368,5368,0.9433333333333334,discard,4.701083
5369,5369,0.9433333333333334,discard,4.701644
5370,5370,0.9433333333333334,request_rescan,4.702234
5371,5371,0.9433333333333334,request_rescan,4.703153
5372,5372,0.76,discard,4.703748
5373,5373,0.9433333333333334,discard,4.704316
5374,5374,0.9433333333333334,request_rescan,4.704879
5375,5375,0.76,discard,4.70544
5376,5376,0.9433333333333334,discard,4.706022
5377,5377,0.9433333333333334,request_rescan,4.73778
5378,5378,0.9433333333333334,request_rescan,4.738395
5379,5379,0.76,request_rescan,4.738969
5380,5380,0.9433333333333334,request_rescan,4.73957
5381,5381,0.9433333333333334,discard,4.740132
5382,5382,0.9433333333333334,discard,4.740706
5383,5383,0.9433333333333334,request_rescan,4.741277
5384,5384,0.9433333333333334,request_rescan,4.741844
5385,5385,0.9433333333333334,request_rescan,4.742417
5386,5386,0.9433333333333334,request_rescan,4.742987
5387,5387,0.9433333333333334,request_rescan,4.743554
5388,5388,0.9433333333333334,discard,4.744117
5389,5389,0.9433333333333334,request_rescan,4.74469
5390,5390,0.9433333333333334,discard,4.745285
5391,5391,0.9433333333333334,request_rescan,4.745842
5392,5392,0.9433333333333334,discard,4.746641
5393,5393,0.9433333333333334,request_rescan,4.747238
5394,5394,0.9433333333333334,request_rescan,4.747797
5395,5395,0.76,request_rescan,4.748376
5396,5396,0.9433333333333334,discard,4.748948
5397,5397,0.9433333333333334,discard,4.749515
5398,5398,0.9433333333333334,discard,4.750127
5399,5399,0.9433333333333334,request_rescan,4.750701
5400,5400,0.76,discard,4.751277
5401,5401,0.9433333333333334,request_rescan,4.752825
5402,5402,0.9433333333333334,request_rescan,4.753391
5403,5403,0.9433333333333334,request_rescan,4.753965
5404,5404,0.9433333333333334,request_rescan,4.75547
5405,5405,0.9433333333333334,request_rescan,4.75625
5406,5406,0.9433333333333334,discard,4.756853
5407,5407,0.9433333333333334,request_rescan,4.757412
5408,5408,0.9433333333333334,discard,4.757987
5409,5409,0.9433333333333334,request_rescan,4.758536
5410,5410,0.9433333333333334,request_rescan,4.759095
5411,5411,0.9433333333333334,discard,4.759647
5412,5412,0.9433333333333334,request_rescan,4.760208
5413,5413,0.9433333333333334,discard,4.760761
5414,5414,0.76,discard,4.761339
5415,5415,0.76,discard,4.761902
5416,5416,0.9433333333333334,discard,4.76246
5417,5417,0.9433333333333334,request_rescan,4.763011
5418,5418,0.76,request_rescan,4.763561
5419,5419,0.9433333333333334,discard,4.764108
5420,5420,0.9433333333333334,discard,4.764652
5421,5421,0.9433333333333334,discard,4.765215
5422,5422,0.9433333333333334,discard,4.765768
5423,5423,0.9433333333333334,discard,4.766332
5424,5424,0.76,discard,4.766868
5425,5425,0.9433333333333334,request_rescan,4.767435
5426,5426,0.9433333333333334,request_rescan,4.767982
5427,5427,0.9433333333333334,request_rescan,4.768522
5428,5428,0.9433333333333334,discard,4.769102
5429,5429,0.76,discard,4.769704
5430,5430,0.9433333333333334,request_rescan,4.770315
5431,5431,0.9433333333333334,request_rescan,4.771227
5432,5432,0.9433333333333334,discard,4.77237
5433,5433,0.9433333333333334,discard,4.772914
5434,5434,0.9433333333333334,request_rescan,4.773492
5435,5435,0.9433333333333334,discard,4.774035
5436,5436,0.76,discard,4.77459
5437,5437,0.9433333333333334,request_rescan,4.775141
5438,5438,0.9433333333333334,request_rescan,4.775726
5439,5439,0.9433333333333334,discard,4.776325
5440,5440,0.9433333333333334,request_rescan,4.776908
5441,5441,0.9433333333333334,request_rescan,4.777468
5442,5442,0.9433333333333334,discard,4.778034
5443,5443,0.76,discard,4.778599
5444,5444,0.9433333333333334,request_rescan,4.779172
5445,5445,0.9433333333333334,discard,4.780007
5446,5446,0.9433333333333334,request_rescan,4.780561
5447,5447,0.76,discard,4.781113
5448,5448,0.9433333333333334,discard,4.781669
5449,5449,0.9433333333333334,discard,4.782218
5450,5450,0.9433333333333334,request_rescan,4.782771
5451,5451,0.9433333333333334,discard,4.783343
5452,5452,0.9433333333333334,discard,4.783905
5453,5453,0.9433333333333334,discard,4.78446
5454,5454,0.76,request_rescan,4.785321
5455,5455,0.9433333333333334,request_rescan,4.785868
5456,5456,0.9433333333333334,request_rescan,4.786434
5457,5457,0.9433333333333334,discard,4.786985
5458,5458,0.9433333333333334,discard,4.787542
5459,5459,0.9433333333333334,request_rescan,4.788089
5460,5460,0.9433333333333334,discard,4.788713
5461,5461,0.9433333333333334,request_rescan,4.789264
5462,5462,0.9433333333333334,discard,4.789814
5463,5463,0.9433333333333334,discard,4.79036
5464,5464,0.76,discard,4.79092
5465,5465,0.9433333333333334,request_rescan,4.791474
5466,5466,0.9433333333333334,discard,4.792076
5467,5467,0.9433333333333334,discard,4.792616
5468,5468,0.9433333333333334,request_rescan,4.793181
5469,5469,0.9433333333333334,request_rescan,4.793736
5470,5470,0.76,request_rescan,4.7943
5471,5471,0.9433333333333334,request_rescan,4.794853
5472,5472,0.9433333333333334,discard,4.795761
5473,5473,0.9433333333333334,request_rescan,4.79632
5474,5474,0.9433333333333334,request_rescan,4.796863
5475,5475,0.9433333333333334,discard,4.797406
5476,5476,0.9433333333333334,discard,4.797968
5477,5477,0.9433333333333334,discard,4.79851
5478,5478,0.9433333333333334,request_rescan,4.799072
5479,5479,0.76,discard,4.799622
5480,5480,0.9433333333333334,request_rescan,4.800181
5481,5481,0.9433333333333334,request_rescan,4.800718
5482,5482,0.9433333333333334,discard,4.801291
5483,5483,0.9433333333333334,discard,4.802368
5484,5484,0.9433333333333334,discard,4.802928
5485,5485,0.9433333333333334,discard,4.803475
5486,5486,0.9433333333333334,request_rescan,4.804038
5487,5487,0.9433333333333334,request_rescan,4.804582
5488,5488,0.9433333333333334,request_rescan,4.805292
5489,5489,0.76,request_rescan,4.805843
5490,5490,0.9433333333333334,request_rescan,4.806403
5491,5491,0.9433333333333334,discard,4.806949
5492,5492,0.9433333333333334,request_rescan,4.807512
5493,5493,0.9433333333333334,request_rescan,4.808062
5494,5494,0.9433333333333334,request_rescan,4.80864
5495,5495,0.9433333333333334,request_rescan,4.809225
5496,5496,0.9433333333333334,request_rescan,4.809773
5497,5497,0.9433333333333334,request_rescan,4.810326
5498,5498,0.9433333333333334,request_rescan,4.810907
5499,5499,0.9433333333333334,request_rescan,4.811448
5500,5500,0.9433333333333334,discard,4.812001
5501,5501,0.9433333333333334,discard,4.813533
5502,5502,0.9433333333333334,request_rescan,4.814104
5503,5503,0.76,discard,4.814664
5504,5504,0.9433333333333334,discard,4.815244
5505,5505,0.9433333333333334,request_rescan,4.846555
5506,5506,0.9433333333333334,discard,4.847182
5507,5507,0.9433333333333334,request_rescan,4.847722
5508,5508,0.9433333333333334,request_rescan,4.848314
5509,5509,0.9433333333333334,discard,4.848878
5510,5510,0.9433333333333334,request_rescan,4.849446
5511,5511,0.76,discard,4.850021
5512,5512,0.9433333333333334,request_rescan,4.850589
5513,5513,0.9433333333333334,discard,4.851286
5514,5514,0.9433333333333334,request_rescan,4.852121
5515,5515,0.9433333333333334,request_rescan,4.852693
5516,5516,0.9433333333333334,discard,4.853267
5517,5517,0.9433333333333334,request_rescan,4.853855
5518,5518,0.9433333333333334,request_rescan,4.85443
5519,5519,0.9433333333333334,discard,4.854984
5520,5520,0.9433333333333334,discard,4.856456
5521,5521,0.9433333333333334,request_rescan,4.857035
5522,5522,0.9433333333333334,discard,4.857602
5523,5523,0.9433333333333334,request_rescan,4.858156
5524,5524,0.9433333333333334,discard,4.858702
5525,5525,0.9433333333333334,request_rescan,4.859263
5526,5526,0.9433333333333334,discard,4.859812
5527,5527,0.9433333333333334,discard,4.86037
5528,5528,0.9433333333333334,discard,4.86092
5529,5529,0.9433333333333334,discard,4.861475
5530,5530,0.76,discard,4.862051
5531,5531,0.9433333333333334,request_rescan,4.862608
5532,5532,0.9433333333333334,discard,4.863178
5533,5533,0.9433333333333334,request_rescan,4.863743
5534,5534,0.9433333333333334,discard,4.864317
5535,5535,0.76,request_rescan,4.864872
5536,5536,0.76,request_rescan,4.865438
5537,5537,0.9433333333333334,discard,4.865985
5538,5538,0.9433333333333334,discard,4.866526
5539,5539,0.9433333333333334,discard,4.86709
5540,5540,0.9433333333333334,request_rescan,4.867678
5541,5541,0.9433333333333334,request_rescan,4.868271
5542,5542,0.9433333333333334,request_rescan,4.868819
5543,5543,0.9433333333333334,request_rescan,4.869381
5544,5544,0.9433333333333334,discard,4.869924
5545,5545,0.9433333333333334,request_rescan,4.870522
5546,5546,0.9433333333333334,request_rescan,4.871098
5547,5547,0.9433333333333334,discard,4.871662
5548,5548,0.9433333333333334,request_rescan,4.872225
5549,5549,0.9433333333333334,discard,4.872776
5550,5550,0.76,discard,4.873346
5551,5551,0.9433333333333334,request_rescan,4.873902
5552,5552,0.9433333333333334,request_rescan,4.874458
5553,5553,0.76,discard,4.875013
5554,5554,0.9433333333333334,discard,4.875571
5555,5555,0.9433333333333334,discard,4.876117
5556,5556,0.9433333333333334,request_rescan,4.876676
5557,5557,0.9433333333333334,request_rescan,4.877242
5558,5558,0.9433333333333334,request_rescan,4.877819
5559,5559,0.9433333333333334,request_rescan,4.878403
5560,5560,0.9433333333333334,discard,4.878946
5561,5561,0.9433333333333334,request_rescan,4.879523
5562,5562,0.9433333333333334,request_rescan,4.880066
5563,5563,0.9433333333333334,discard,4.880623
5564,5564,0.9433333333333334,discard,4.881166
5565,5565,0.9433333333333334,discard,4.881749
5566,5566,0.9433333333333334,discard,4.882323
5567,5567,0.9433333333333334,discard,4.882863
5568,5568,0.9433333333333334,request_rescan,4.883443
5569,5569,0.76,request_rescan,4.883987
5570,5570,0.9433333333333334,discard,4.884515
5571,5571,0.9433333333333334,discard,4.885056
5572,5572,0.9433333333333334,discard,4.885576
5573,5573,0.9433333333333334,request_rescan,4.886113
5574,5574,0.9433333333333334,request_rescan,4.886642
5575,5575,0.9433333333333334,discard,4.887215
5576,5576,0.9433333333333334,discard,4.887751
5577,5577,0.76,discard,4.888299
5578,5578,0.9433333333333334,discard,4.888841
5579,5579,0.9433333333333334,request_rescan,4.889391
5580,5580,0.9433333333333334,discard,4.88991
5581,5581,0.9433333333333334,request_rescan,4.890455
5582,5582,0.9433333333333334,discard,4.89098
5583,5583,0.9433333333333334,discard,4.891506
5584,5584,0.9433333333333334,discard,4.892044
5585,5585,0.9433333333333334,discard,4.89257
5586,5586,0.76,request_rescan,4.893086
5587,5587,0.9433333333333334,request_rescan,4.89361
5588,5588,0.9433333333333334,discard,4.894137
5589,5589,0.9433333333333334,discard,4.894698
5590,5590,0.9433333333333334,discard,4.895246
5591,5591,0.76,request_rescan,4.896177
5592,5592,0.9433333333333334,discard,4.897101
5593,5593,0.9433333333333334,discard,4.897651
5594,5594,0.9433333333333334,request_rescan,4.898213
5595,5595,0.9433333333333334,discard,4.898751
5596,5596,0.9433333333333334,request_rescan,4.899311
5597,5597,0.9433333333333334,request_rescan,4.899862
5598,5598,0.9433333333333334,request_rescan,4.900427
5599,5599,0.9433333333333334,discard,4.90098
5600,5600,0.9433333333333334,request_rescan,4.901529
5601,5601,0.9433333333333334,discard,4.903005
5602,5602,0.76,discard,4.903552
5603,5603,0.9433333333333334,request_rescan,4.904162
5604,5604,0.9433333333333334,request_rescan,4.904715
5605,5605,0.9433333333333334,request_rescan,4.905301
5606,5606,0.9433333333333334,discard,4.905842
5607,5607,0.76,request_rescan,4.906403
5608,5608,0.9433333333333334,discard,4.906917
5609,5609,0.9433333333333334,discard,4.907463
5610,5610,0.9433333333333334,discard,4.907992
5611,5611,0.9433333333333334,request_rescan,4.908597
5612,5612,0.9433333333333334,request_rescan,4.909174
5613,5613,0.9433333333333334,request_rescan,4.909739
5614,5614,0.9433333333333334,discard,4.910312
5615,5615,0.9433333333333334,request_rescan,4.910878
5616,5616,0.9433333333333334,discard,4.91144
5617,5617,0.9433333333333334,request_rescan,4.911993
5618,5618,0.76,discard,4.91255
5619,5619,0.9433333333333334,discard,4.913113
5620,5620,0.9433333333333334,request_rescan,4.913666
5621,5621,0.9433333333333334,request_rescan,4.91423
5622,5622,0.9433333333333334,request_rescan,4.914776
5623,5623,0.9433333333333334,discard,4.915351
5624,5624,0.9433333333333334,discard,4.915914
5625,5625,0.9433333333333334,discard,4.916475
5626,5626,0.9433333333333334,discard,4.917034
5627,5627,0.9433333333333334,request_rescan,4.917592
5628,5628,0.9433333333333334,discard,4.918163
5629,5629,0.9433333333333334,request_rescan,4.918716
5630,5630,0.76,request_rescan,4.919282
5631,5631,0.9433333333333334,request_rescan,4.919838
5632,5632,0.9433333333333334,discard,4.920435
5633,5633,0.9433333333333334,discard,4.953989
5634,5634,0.9433333333333334,request_rescan,4.954648
5635,5635,0.9433333333333334,request_rescan,4.955232
5636,5636,0.9433333333333334,request_rescan,4.955791
5637,5637,0.76,discard,4.95723
5638,5638,0.9433333333333334,discard,4.957874
5639,5639,0.9433333333333334,request_rescan,4.958448
5640,5640,0.9433333333333334,discard,4.959023
5641,5641,0.9433333333333334,discard,4.959575
5642,5642,0.9433333333333334,request_rescan,4.96015
5643,5643,0.9433333333333334,request_rescan,4.960691
5644,5644,0.9433333333333334,discard,4.961272
5645,5645,0.9433333333333334,discard,4.961816
5646,5646,0.9433333333333334,discard,4.962419
5647,5647,0.9433333333333334,request_rescan,4.963203
5648,5648,0.9433333333333334,request_rescan,4.963799
5649,5649,0.9433333333333334,request_rescan,4.964354
5650,5650,0.9433333333333334,request_rescan,4.964918
5651,5651,0.9433333333333334,discard,4.965472
5652,5652,0.9433333333333334,discard,4.966039
5653,5653,0.9433333333333334,request_rescan,4.96659
5654,5654,0.9433333333333334,request_rescan,4.967264
5655,5655,0.9433333333333334,request_rescan,4.968429
5656,5656,0.9433333333333334,request_rescan,4.96901
5657,5657,0.9433333333333334,request_rescan,4.969562
5658,5658,0.9433333333333334,discard,4.970112
5659,5659,0.9433333333333334,discard,4.970672
5660,5660,0.9433333333333334,discard,4.971247
5661,5661,0.9433333333333334,request_rescan,4.971828
5662,5662,0.9433333333333334,discard,4.972385
5663,5663,0.9433333333333334,request_rescan,4.972923
5664,5664,0.9433333333333334,request_rescan,4.973493
5665,5665,0.9433333333333334,request_rescan,4.974054
5666,5666,0.9433333333333334,discard,4.974643
5667,5667,0.9433333333333334,request_rescan,4.975214
5668,5668,0.9433333333333334,discard,4.97577
5669,5669,0.9433333333333334,discard,4.976316
5670,5670,0.9433333333333334,request_rescan,4.976873
5671,5671,0.9433333333333334,discard,4.977424
5672,5672,0.9433333333333334,request_rescan,4.977993
5673,5673,0.9433333333333334,discard,4.978547
5674,5674,0.9433333333333334,request_rescan,4.979136
5675,5675,0.9433333333333334,request_rescan,4.979696
5676,5676,0.76,request_rescan,4.980287
5677,5677,0.9433333333333334,request_rescan,4.98084
5678,5678,0.9433333333333334,request_rescan,4.981426
5679,5679,0.9433333333333334,request_rescan,4.982326
5680,5680,0.9433333333333334,request_rescan,4.982877
5681,5681,0.76,discard,4.983431
5682,5682,0.76,request_rescan,4.984183
5683,5683,0.9433333333333334,request_rescan,4.984798
5684,5684,0.9433333333333334,request_rescan,4.985359
5685,5685,0.9433333333333334,discard,4.985908
5686,5686,0.9433333333333334,request_rescan,4.986476
5687,5687,0.9433333333333334,request_rescan,4.987039
5688,5688,0.76,discard,4.987591
5689,5689,0.9433333333333334,request_rescan,4.988171
5690,5690,0.9433333333333334,request_rescan,4.988713
5691,5691,0.9433333333333334,request_rescan,4.989269
5692,5692,0.9433333333333334,discard,4.989834
5693,5693,0.9433333333333334,discard,4.990383
5694,5694,0.9433333333333334,request_rescan,4.990955
5695,5695,0.9433333333333334,request_rescan,4.991506
5696,5696,0.9433333333333334,request_rescan,4.992064
5697,5697,0.76,request_rescan,4.992614
5698,5698,0.9433333333333334,discard,4.993187
5699,5699,0.9433333333333334,request_rescan,4.99373
5700,5700,0.9433333333333334,request_rescan,4.994296
5701,5701,0.9433333333333334,discard,4.995959
5702,5702,0.9433333333333334,request_rescan,4.996526
5703,5703,0.9433333333333334,request_rescan,4.99709
5704,5704,0.9433333333333334,request_rescan,4.997643
5705,5705,0.9433333333333334,request_rescan,4.998219
5706,5706,0.9433333333333334,discard,4.998776
5707,5707,0.9433333333333334,discard,4.999344
5708,5708,0.9433333333333334,request_rescan,4.999887
5709,5709,0.9433333333333334,request_rescan,5.00056
5710,5710,0.9433333333333334,discard,5.001447
5711,5711,0.9433333333333334,request_rescan,5.002
5712,5712,0.9433333333333334,request_rescan,5.002568
5713,5713,0.9433333333333334,request_rescan,5.003128
5714,5714,0.76,request_rescan,5.003681
5715,5715,0.9433333333333334,request_rescan,5.004229
5716,5716,0.9433333333333334,discard,5.004787
5717,5717,0.9433333333333334,request_rescan,5.005345
5718,5718,0.9433333333333334,discard,5.005905
5719,5719,0.9433333333333334,request_rescan,5.006454
5720,5720,0.9433333333333334,discard,5.00702
5721,5721,0.9433333333333334,discard,5.007567
5722,5722,0.9433333333333334,request_rescan,5.008123
5723,5723,0.9433333333333334,discard,5.008673
5724,5724,0.9433333333333334,request_rescan,5.009228
5725,5725,0.9433333333333334,discard,5.009786
5726,5726,0.9433333333333334,request_rescan,5.010339
5727,5727,0.9433333333333334,discard,5.010899
5728,5728,0.9433333333333334,request_rescan,5.011446
5729,5729,0.9433333333333334,discard,5.012015
5730,5730,0.9433333333333334,request_rescan,5.012635
5731,5731,0.9433333333333334,discard,5.013197
5732,5732,0.76,request_rescan,5.013749
5733,5733,0.76,discard,5.014304
5734,5734,0.9433333333333334,discard,5.01486
5735,5735,0.9433333333333334,discard,5.015424
5736,5736,0.9433333333333334,request_rescan,5.015984
5737,5737,0.9433333333333334,discard,5.016533
5738,5738,0.9433333333333334,discard,5.017097
5739,5739,0.9433333333333334,discard,5.017641
5740,5740,0.9433333333333334,request_rescan,5.018226
5741,5741,0.9433333333333334,discard,5.018835
5742,5742,0.9433333333333334,discard,5.019383
5743,5743,0.76,discard,5.02031
5744,5744,0.9433333333333334,discard,5.021126
5745,5745,0.9433333333333334,discard,5.021765
5746,5746,0.9433333333333334,discard,5.022333
5747,5747,0.9433333333333334,request_rescan,5.022861
5748,5748,0.9433333333333334,discard,5.023407
5749,5749,0.9433333333333334,discard,5.023925
5750,5750,0.9433333333333334,discard,5.024464
5751,5751,0.9433333333333334,discard,5.024993
5752,5752,0.9433333333333334,request_rescan,5.02557
5753,5753,0.9433333333333334,discard,5.026107
5754,5754,0.76,request_rescan,5.026644
5755,5755,0.9433333333333334,request_rescan,5.02718
5756,5756,0.9433333333333334,discard,5.02771
5757,5757,0.9433333333333334,request_rescan,5.028282
5758,5758,0.76,discard,5.028841
5759,5759,0.9433333333333334,discard,5.029414
5760,5760,0.9433333333333334,request_rescan,5.029981
5761,5761,0.76,discard,5.061739
5762,5762,0.9433333333333334,discard,5.062342
5763,5763,0.9433333333333334,request_rescan,5.062894
5764,5764,0.9433333333333334,request_rescan,5.063461
5765,5765,0.9433333333333334,request_rescan,5.064027
5766,5766,0.9433333333333334,request_rescan,5.064581
5767,5767,0.76,request_rescan,5.065132
5768,5768,0.9433333333333334,discard,5.065697
5769,5769,0.76,request_rescan,5.066262
5770,5770,0.76,discard,5.066816
5771,5771,0.9433333333333334,request_rescan,5.067379
5772,5772,0.9433333333333334,request_rescan,5.067937
5773,5773,0.9433333333333334,discard,5.068497
5774,5774,0.9433333333333334,request_rescan,5.069079
5775,5775,0.9433333333333334,request_rescan,5.069681
5776,5776,0.9433333333333334,request_rescan,5.070258
5777,5777,0.9433333333333334,request_rescan,5.070841
5778,5778,0.9433333333333334,request_rescan,5.071395
5779,5779,0.9433333333333334,request_rescan,5.071952
5780,5780,0.9433333333333334,request_rescan,5.072522
5781,5781,0.9433333333333334,discard,5.073083
5782,5782,0.9433333333333334,discard,5.073626
5783,5783,0.9433333333333334,request_rescan,5.074179
5784,5784,0.9433333333333334,request_rescan,5.074732
5785,5785,0.9433333333333334,discard,5.075291
5786,5786,0.76,discard,5.075842
5787,5787,0.9433333333333334,request_rescan,5.076407
5788,5788,0.9433333333333334,request_rescan,5.076964
5789,5789,0.9433333333333334,request_rescan,5.077529
5790,5790,0.9433333333333334,request_rescan,5.07809
5791,5791,0.9433333333333334,request_rescan,5.078653
5792,5792,0.9433333333333334,discard,5.079225
5793,5793,0.9433333333333334,request_rescan,5.079775
5794,5794,0.9433333333333334,discard,5.080348
5795,5795,0.9433333333333334,discard,5.080896
5796,5796,0.9433333333333334,discard,5.081474
5797,5797,0.9433333333333334,request_rescan,5.082037
5798,5798,0.9433333333333334,request_rescan,5.082595
5799,5799,0.9433333333333334,discard,5.083159
5800,5800,0.9433333333333334,request_rescan,5.083702
5801,5801,0.9433333333333334,request_rescan,5.085196
5802,5802,0.76,request_rescan,5.08576
5803,5803,0.9433333333333334,discard,5.086319
5804,5804,0.9433333333333334,request_rescan,5.086882
5805,5805,0.9433333333333334,request_rescan,5.087443
5806,5806,0.9433333333333334,request_rescan,5.087981
5807,5807,0.9433333333333334,request_rescan,5.088529
5808,5808,0.9433333333333334,request_rescan,5.089086
5809,5809,0.9433333333333334,discard,5.089615
5810,5810,0.9433333333333334,request_rescan,5.090191
5811,5811,0.9433333333333334,discard,5.090748
5812,5812,0.9433333333333334,discard,5.091322
5813,5813,0.9433333333333334,discard,5.091885
5814,5814,0.9433333333333334,discard,5.092437
5815,5815,0.9433333333333334,request_rescan,5.093004
5816,5816,0.9433333333333334,request_rescan,5.093549
5817,5817,0.9433333333333334,request_rescan,5.094108
5818,5818,0.9433333333333334,discard,5.094651
5819,5819,0.9433333333333334,discard,5.095211
5820,5820,0.9433333333333334,discard,5.095758
5821,5821,0.9433333333333334,discard,5.096321
5822,5822,0.9433333333333334,discard,5.09687
5823,5823,0.9433333333333334,discard,5.097424
5824,5824,0.9433333333333334,request_rescan,5.097989
5825,5825,0.9433333333333334,request_rescan,5.09854
5826,5826,0.9433333333333334,request_rescan,5.09911
5827,5827,0.9433333333333334,discard,5.099658
5828,5828,0.9433333333333334,discard,5.100223
5829,5829,0.9433333333333334,request_rescan,5.100777
5830,5830,0.9433333333333334,request_rescan,5.101333
5831,5831,0.9433333333333334,discard,5.101917
5832,5832,0.9433333333333334,discard,5.10281
5833,5833,0.9433333333333334,request_rescan,5.103678
5834,5834,0.9433333333333334,request_rescan,5.104659
5835,5835,0.9433333333333334,request_rescan,5.105505
5836,5836,0.9433333333333334,discard,5.106131
5837,5837,0.9433333333333334,request_rescan,5.106722
5838,5838,0.9433333333333334,discard,5.107314
5839,5839,0.9433333333333334,discard,5.107882
5840,5840,0.9433333333333334,discard,5.108462
5841,5841,0.9433333333333334,request_rescan,5.109039
5842,5842,0.76,request_rescan,5.109611
5843,5843,0.9433333333333334,request_rescan,5.110196
5844,5844,0.9433333333333334,request_rescan,5.110756
5845,5845,0.9433333333333334,request_rescan,5.111349
5846,5846,0.9433333333333334,discard,5.111921
5847,5847,0.9433333333333334,request_rescan,5.112505
5848,5848,0.9433333333333334,discard,5.113072
5849,5849,0.9433333333333334,request_rescan,5.113646
5850,5850,0.9433333333333334,discard,5.11421
5851,5851,0.9433333333333334,discard,5.114801
5852,5852,0.9433333333333334,request_rescan,5.115367
5853,5853,0.9433333333333334,request_rescan,5.115948
5854,5854,0.9433333333333334,discard,5.116508
5855,5855,0.9433333333333334,request_rescan,5.117084
5856,5856,0.9433333333333334,discard,5.117641
5857,5857,0.9433333333333334,request_rescan,5.118209
5858,5858,0.9433333333333334,discard,5.118766
5859,5859,0.9433333333333334,discard,5.119333
5860,5860,0.9433333333333334,request_rescan,5.119889
5861,5861,0.9433333333333334,request_rescan,5.120478
5862,5862,0.9433333333333334,request_rescan,5.121079
5863,5863,0.9433333333333334,request_rescan,5.121684
5864,5864,0.9433333333333334,request_rescan,5.122256
5865,5865,0.9433333333333334,request_rescan,5.122825
5866,5866,0.9433333333333334,request_rescan,5.123396
5867,5867,0.9433333333333334,request_rescan,5.123984
5868,5868,0.9433333333333334,discard,5.124569
5869,5869,0.9433333333333334,discard,5.125147
5870,5870,0.9433333333333334,discard,5.125703
5871,5871,0.9433333333333334,discard,5.126269
5872,5872,0.9433333333333334,request_rescan,5.126823
5873,5873,0.9433333333333334,discard,5.127389
5874,5874,0.9433333333333334,request_rescan,5.127957
5875,5875,0.9433333333333334,request_rescan,5.128516
5876,5876,0.9433333333333334,request_rescan,5.129087
5877,5877,0.9433333333333334,discard,5.129646
5878,5878,0.9433333333333334,request_rescan,5.130222
5879,5879,0.9433333333333334,discard,5.130832
5880,5880,0.9433333333333334,discard,5.131391
5881,5881,0.76,request_rescan,5.131949
5882,5882,0.9433333333333334,request_rescan,5.132548
5883,5883,0.9433333333333334,request_rescan,5.133106
5884,5884,0.9433333333333334,discard,5.133685
5885,5885,0.9433333333333334,request_rescan,5.134263
5886,5886,0.9433333333333334,request_rescan,5.134826
5887,5887,0.9433333333333334,request_rescan,5.135402
5888,5888,0.9433333333333334,request_rescan,5.135989
5889,5889,0.9433333333333334,discard,5.175167
5890,5890,0.9433333333333334,discard,5.175919
5891,5891,0.9433333333333334,discard,5.176497
5892,5892,0.9433333333333334,request_rescan,5.177053
5893,5893,0.9433333333333334,request_rescan,5.177615
5894,5894,0.9433333333333334,discard,5.178179
5895,5895,0.9433333333333334,discard,5.178731
5896,5896,0.9433333333333334,discard,5.179288
5897,5897,0.9433333333333334,request_rescan,5.179847
5898,5898,0.9433333333333334,discard,5.180409
5899,5899,0.9433333333333334,discard,5.181325
5900,5900,0.9433333333333334,request_rescan,5.182186
5901,5901,0.9433333333333334,request_rescan,5.183717
5902,5902,0.9433333333333334,request_rescan,5.184295
5903,5903,0.9433333333333334,discard,5.184834
5904,5904,0.9433333333333334,request_rescan,5.185422
5905,5905,0.9433333333333334,discard,5.185978
5906,5906,0.76,request_rescan,5.18655
5907,5907,0.9433333333333334,discard,5.187127
5908,5908,0.9433333333333334,discard,5.187727
5909,5909,0.9433333333333334,request_rescan,5.188411
5910,5910,0.76,request_rescan,5.189025
5911,5911,0.9433333333333334,discard,5.189578
5912,5912,0.9433333333333334,request_rescan,5.190146
5913,5913,0.9433333333333334,discard,5.190699
5914,5914,0.9433333333333334,discard,5.191274
5915,5915,0.9433333333333334,discard,5.191827
5916,5916,0.9433333333333334,discard,5.192399
5917,5917,0.9433333333333334,request_rescan,5.192949
5918,5918,0.76,request_rescan,5.193513
5919,5919,0.9433333333333334,request_rescan,5.194066
5920,5920,0.9433333333333334,discard,5.194634
5921,5921,0.9433333333333334,request_rescan,5.195184
5922,5922,0.9433333333333334,request_rescan,5.195732
5923,5923,0.9433333333333334,discard,5.196293
5924,5924,0.9433333333333334,discard,5.196846
5925,5925,0.76,request_rescan,5.197418
5926,5926,0.9433333333333334,discard,5.197983
5927,5927,0.9433333333333334,request_rescan,5.198536
5928,5928,0.9433333333333334,request_rescan,5.199093
5929,5929,0.9433333333333334,discard,5.199657
5930,5930,0.9433333333333334,discard,5.200229
5931,5931,0.9433333333333334,request_rescan,5.200789
5932,5932,0.9433333333333334,request_rescan,5.201369
5933,5933,0.9433333333333334,discard,5.202281
5934,5934,0.9433333333333334,discard,5.20313
5935,5935,0.9433333333333334,request_rescan,5.203663
5936,5936,0.76,request_rescan,5.204243
5937,5937,0.9433333333333334,request_rescan,5.204784
5938,5938,0.9433333333333334,discard,5.205335
5939,5939,0.9433333333333334,request_rescan,5.20588
5940,5940,0.9433333333333334,discard,5.206435
5941,5941,0.9433333333333334,discard,5.206977
5942,5942,0.9433333333333334,discard,5.207542
5943,5943,0.9433333333333334,request_rescan,5.208098
5944,5944,0.9433333333333334,request_rescan,5.208649
5945,5945,0.9433333333333334,request_rescan,5.209192
5946,5946,0.9433333333333334,discard,5.20972
5947,5947,0.76,request_rescan,5.21028
5948,5948,0.9433333333333334,request_rescan,5.210827
5949,5949,0.9433333333333334,discard,5.211397
5950,5950,0.9433333333333334,request_rescan,5.211992
5951,5951,0.9433333333333334,request_rescan,5.212547
5952,5952,0.9433333333333334,discard,5.213107
5953,5953,0.9433333333333334,request_rescan,5.213673
5954,5954,0.76,request_rescan,5.214238
5955,5955,0.9433333333333334,discard,5.214798
5956,5956,0.9433333333333334,discard,5.215358
5957,5957,0.9433333333333334,request_rescan,5.215921
5958,5958,0.9433333333333334,request_rescan,5.21648
5959,5959,0.9433333333333334,request_rescan,5.217049
5960,5960,0.9433333333333334,discard,5.217627
5961,5961,0.9433333333333334,request_rescan,5.218192
5962,5962,0.9433333333333334,request_rescan,5.218728
5963,5963,0.9433333333333334,discard,5.219294
5964,5964,0.9433333333333334,discard,5.219867
5965,5965,0.9433333333333334,request_rescan,5.220481
5966,5966,0.9433333333333334,discard,5.221059
5967,5967,0.9433333333333334,discard,5.221604
5968,5968,0.9433333333333334,request_rescan,5.222184
5969,5969,0.9433333333333334,request_rescan,5.222734
5970,5970,0.9433333333333334,request_rescan,5.223294
5971,5971,0.9433333333333334,discard,5.223837
5972,5972,0.9433333333333334,request_rescan,5.224403
5973,5973,0.9433333333333334,discard,5.224937
5974,5974,0.9433333333333334,request_rescan,5.225515
5975,5975,0.76,request_rescan,5.226061
5976,5976,0.9433333333333334,discard,5.226613
5977,5977,0.9433333333333334,discard,5.227166
5978,5978,0.9433333333333334,request_rescan,5.227724
5979,5979,0.9433333333333334,request_rescan,5.228286
5980,5980,0.9433333333333334,request_rescan,5.228842
5981,5981,0.9433333333333334,request_rescan,5.229436
5982,5982,0.9433333333333334,discard,5.230018
5983,5983,0.9433333333333334,discard,5.230576
5984,5984,0.9433333333333334,discard,5.231133
5985,5985,0.9433333333333334,request_rescan,5.231685
5986,5986,0.9433333333333334,request_rescan,5.232226
5987,5987,0.9433333333333334,request_rescan,5.232786
5988,5988,0.9433333333333334,discard,5.233338
5989,5989,0.9433333333333334,request_rescan,5.233882
5990,5990,0.9433333333333334,request_rescan,5.234437
5991,5991,0.9433333333333334,discard,5.235033
5992,5992,0.9433333333333334,request_rescan,5.235585
5993,5993,0.9433333333333334,request_rescan,5.236141
5994,5994,0.9433333333333334,discard,5.236683
5995,5995,0.9433333333333334,request_rescan,5.237295
5996,5996,0.9433333333333334,request_rescan,5.23786
5997,5997,0.9433333333333334,discard,5.23842
5998,5998,0.9433333333333334,request_rescan,5.238979
5999,5999,0.9433333333333334,discard,5.239552
6000,6000,0.9433333333333334,request_rescan,5.240133
6001,6001,0.9433333333333334,request_rescan,5.241598
6002,6002,0.9433333333333334,request_rescan,5.242158
6003,6003,0.9433333333333334,discard,5.242685
6004,6004,0.9433333333333334,discard,5.243264
6005,6005,0.9433333333333334,request_rescan,5.243796
6006,6006,0.76,discard,5.244366
6007,6007,0.9433333333333334,request_rescan,5.244912
6008,6008,0.9433333333333334,discard,5.245771
6009,6009,0.9433333333333334,discard,5.246813
6010,6010,0.9433333333333334,discard,5.247376
6011,6011,0.9433333333333334,request_rescan,5.247934
6012,6012,0.9433333333333334,request_rescan,5.248512
6013,6013,0.9433333333333334,discard,5.249078
6014,6014,0.9433333333333334,discard,5.249637
6015,6015,0.9433333333333334,request_rescan,5.250203
6016,6016,0.9433333333333334,request_rescan,5.250748
6017,6017,0.9433333333333334,discard,5.284712
6018,6018,0.9433333333333334,request_rescan,5.285423
6019,6019,0.9433333333333334,request_rescan,5.286006
6020,6020,0.9433333333333334,request_rescan,5.286581
6021,6021,0.9433333333333334,request_rescan,5.287157
6022,6022,0.9433333333333334,request_rescan,5.287717
6023,6023,0.9433333333333334,request_rescan,5.288313
6024,6024,0.9433333333333334,discard,5.288886
6025,6025,0.9433333333333334,discard,5.289454
6026,6026,0.9433333333333334,discard,5.290012
6027,6027,0.76,discard,5.290569
6028,6028,0.9433333333333334,request_rescan,5.291119
6029,6029,0.9433333333333334,request_rescan,5.291683
6030,6030,0.76,request_rescan,5.292355
6031,6031,0.9433333333333334,discard,5.292937
6032,6032,0.9433333333333334,discard,5.293504
6033,6033,0.9433333333333334,request_rescan,5.294064
6034,6034,0.9433333333333334,discard,5.294619
6035,6035,0.9433333333333334,request_rescan,5.295179
6036,6036,0.9433333333333334,discard,5.29573
6037,6037,0.9433333333333334,request_rescan,5.296542
6038,6038,0.9433333333333334,discard,5.297109
6039,6039,0.9433333333333334,request_rescan,5.297665
6040,6040,0.9433333333333334,discard,5.298223
6041,6041,0.9433333333333334,request_rescan,5.298784
6042,6042,0.9433333333333334,request_rescan,5.299355
6043,6043,0.9433333333333334,request_rescan,5.29991
6044,6044,0.9433333333333334,request_rescan,5.300503
6045,6045,0.9433333333333334,discard,5.301508
6046,6046,0.9433333333333334,discard,5.302076
6047,6047,0.9433333333333334,discard,5.302631
6048,6048,0.9433333333333334,request_rescan,5.303196
6049,6049,0.9433333333333334,request_rescan,5.303786
6050,6050,0.9433333333333334,request_rescan,5.304364
6051,6051,0.9433333333333334,discard,5.304899
6052,6052,0.9433333333333334,request_rescan,5.305454
6053,6053,0.9433333333333334,discard,5.305981
6054,6054,0.9433333333333334,discard,5.306521
6055,6055,0.9433333333333334,request_rescan,5.30705
6056,6056,0.9433333333333334,request_rescan,5.307599
6057,6057,0.9433333333333334,discard,5.308144
6058,6058,0.9433333333333334,request_rescan,5.308673
6059,6059,0.9433333333333334,request_rescan,5.309222
6060,6060,0.9433333333333334,request_rescan,5.309774
6061,6061,0.9433333333333334,request_rescan,5.310317
6062,6062,0.9433333333333334,discard,5.310855
6063,6063,0.9433333333333334,discard,5.311405
6064,6064,0.76,request_rescan,5.311955
6065,6065,0.9433333333333334,request_rescan,5.312487
6066,6066,0.9433333333333334,discard,5.313043
6067,6067,0.9433333333333334,request_rescan,5.313575
6068,6068,0.9433333333333334,request_rescan,5.314123
6069,6069,0.9433333333333334,discard,5.314657
6070,6070,0.9433333333333334,discard,5.315207
6071,6071,0.9433333333333334,discard,5.315744
6072,6072,0.9433333333333334,discard,5.316298
6073,6073,0.9433333333333334,request_rescan,5.316833
6074,6074,0.9433333333333334,discard,5.317401
6075,6075,0.9433333333333334,discard,5.31796
6076,6076,0.9433333333333334,discard,5.318513
6077,6077,0.76,discard,5.319072
6078,6078,0.9433333333333334,request_rescan,5.319608
6079,6079,0.9433333333333334,discard,5.320167
6080,6080,0.9433333333333334,request_rescan,5.320741
6081,6081,0.9433333333333334,discard,5.321275
6082,6082,0.9433333333333334,discard,5.321813
6083,6083,0.9433333333333334,request_rescan,5.32237
6084,6084,0.9433333333333334,request_rescan,5.322902
6085,6085,0.9433333333333334,discard,5.323449
6086,6086,0.9433333333333334,request_rescan,5.323991
6087,6087,0.9433333333333334,request_rescan,5.324545
6088,6088,0.9433333333333334,request_rescan,5.325083
6089,6089,0.9433333333333334,request_rescan,5.325622
6090,6090,0.9433333333333334,request_rescan,5.326164
6091,6091,0.76,discard,5.32671
6092,6092,0.9433333333333334,request_rescan,5.327246
6093,6093,0.9433333333333334,request_rescan,5.327782
6094,6094,0.9433333333333334,discard,5.328353
6095,6095,0.9433333333333334,discard,5.328881
6096,6096,0.9433333333333334,discard,5.329449
6097,6097,0.9433333333333334,discard,5.330012
6098,6098,0.9433333333333334,request_rescan,5.330557
6099,6099,0.9433333333333334,request_rescan,5.331101
6100,6100,0.9433333333333334,discard,5.331631
6101,6101,0.9433333333333334,discard,5.333056
6102,6102,0.9433333333333334,request_rescan,5.33361
6103,6103,0.9433333333333334,discard,5.334161
6104,6104,0.9433333333333334,discard,5.334692
6105,6105,0.9433333333333334,request_rescan,5.335239
6106,6106,0.76,discard,5.335776
6107,6107,0.76,request_rescan,5.336306
6108,6108,0.9433333333333334,request_rescan,5.336848
6109,6109,0.9433333333333334,request_rescan,5.337461
6110,6110,0.9433333333333334,discard,5.338008
6111,6111,0.9433333333333334,discard,5.338574
6112,6112,0.9433333333333334,discard,5.339159
6113,6113,0.9433333333333334,discard,5.339705
6114,6114,0.9433333333333334,discard,5.340261
6115,6115,0.9433333333333334,discard,5.340797
6116,6116,0.9433333333333334,request_rescan,5.341344
6117,6117,0.9433333333333334,discard,5.341881
6118,6118,0.9433333333333334,request_rescan,5.342425
6119,6119,0.9433333333333334,discard,5.342976
6120,6120,0.76,request_rescan,5.343512
6121,6121,0.9433333333333334,discard,5.344089
6122,6122,0.9433333333333334,discard,5.34463
6123,6123,0.9433333333333334,request_rescan,5.345183
6124,6124,0.9433333333333334,discard,5.345715
6125,6125,0.9433333333333334,discard,5.34627
6126,6126,0.9433333333333334,discard,5.346817
6127,6127,0.76,discard,5.347392
6128,6128,0.76,discard,5.347962
6129,6129,0.9433333333333334,request_rescan,5.348592
6130,6130,0.9433333333333334,discard,5.349185
6131,6131,0.9433333333333334,discard,5.350176
6132,6132,0.9433333333333334,discard,5.35132
6133,6133,0.9433333333333334,discard,5.351861
6134,6134,0.9433333333333334,request_rescan,5.352407
6135,6135,0.9433333333333334,request_rescan,5.352959
6136,6136,0.9433333333333334,request_rescan,5.353506
6137,6137,0.9433333333333334,discard,5.354145
6138,6138,0.9433333333333334,request_rescan,5.354694
6139,6139,0.9433333333333334,request_rescan,5.355259
6140,6140,0.9433333333333334,discard,5.355847
6141,6141,0.9433333333333334,discard,5.356427
6142,6142,0.9433333333333334,discard,5.35699
6143,6143,0.9433333333333334,request_rescan,5.357554
6144,6144,0.9433333333333334,discard,5.358116
6145,6145,0.9433333333333334,discard,5.389276
6146,6146,0.9433333333333334,discard,5.389873
6147,6147,0.9433333333333334,discard,5.390428
6148,6148,0.9433333333333334,discard,5.390988
6149,6149,0.9433333333333334,discard,5.391534
6150,6150,0.9433333333333334,discard,5.392093
6151,6151,0.9433333333333334,discard,5.392641
6152,6152,0.9433333333333334,discard,5.393292
6153,6153,0.76,request_rescan,5.393869
6154,6154,0.9433333333333334,discard,5.394448
6155,6155,0.9433333333333334,request_rescan,5.395009
6156,6156,0.9433333333333334,request_rescan,5.395562
6157,6157,0.9433333333333334,discard,5.396482
6158,6158,0.9433333333333334,request_rescan,5.397054
6159,6159,0.9433333333333334,discard,5.39761
6160,6160,0.76,request_rescan,5.39817
6161,6161,0.9433333333333334,request_rescan,5.398725
6162,6162,0.9433333333333334,discard,5.399316
6163,6163,0.9433333333333334,request_rescan,5.40042
6164,6164,0.9433333333333334,discard,5.400982
6165,6165,0.9433333333333334,discard,5.401543
6166,6166,0.9433333333333334,request_rescan,5.402094
6167,6167,0.9433333333333334,request_rescan,5.402661
6168,6168,0.76,discard,5.403213
6169,6169,0.9433333333333334,request_rescan,5.403814
6170,6170,0.9433333333333334,discard,5.404376
6171,6171,0.9433333333333334,discard,5.40495
6172,6172,0.9433333333333334,discard,5.405514
6173,6173,0.9433333333333334,discard,5.406086
6174,6174,0.9433333333333334,request_rescan,5.406636
6175,6175,0.9433333333333334,discard,5.40721
6176,6176,0.9433333333333334,request_rescan,5.40776
6177,6177,0.9433333333333334,request_rescan,5.408331
6178,6178,0.9433333333333334,discard,5.408885
6179,6179,0.9433333333333334,discard,5.40947
6180,6180,0.9433333333333334,request_rescan,5.410027
6181,6181,0.9433333333333334,discard,5.410576
6182,6182,0.9433333333333334,request_rescan,5.411171
6183,6183,0.9433333333333334,request_rescan,5.411736
6184,6184,0.9433333333333334,discard,5.412307
6185,6185,0.9433333333333334,discard,5.41285
6186,6186,0.9433333333333334,request_rescan,5.41344
6187,6187,0.9433333333333334,request_rescan,5.414011
6188,6188,0.76,discard,5.414567
6189,6189,0.9433333333333334,request_rescan,5.415126
6190,6190,0.9433333333333334,request_rescan,5.415685
6191,6191,0.9433333333333334,request_rescan,5.416233
6192,6192,0.9433333333333334,request_rescan,5.416802
6193,6193,0.76,request_rescan,5.417368
6194,6194,0.9433333333333334,discard,5.417931
6195,6195,0.9433333333333334,request_rescan,5.418481
6196,6196,0.9433333333333334,request_rescan,5.419045
6197,6197,0.9433333333333334,request_rescan,5.419594
6198,6198,0.9433333333333334,discard,5.420163
6199,6199,0.9433333333333334,discard,5.420744
6200,6200,0.9433333333333334,request_rescan,5.421305
6201,6201,0.9433333333333334,request_rescan,5.422746
6202,6202,0.9433333333333334,request_rescan,5.423309
6203,6203,0.9433333333333334,discard,5.423853
6204,6204,0.9433333333333334,request_rescan,5.424422
6205,6205,0.9433333333333334,request_rescan,5.42497
6206,6206,0.9433333333333334,request_rescan,5.425536
6207,6207,0.76,request_rescan,5.426093
6208,6208,0.9433333333333334,discard,5.426655
6209,6209,0.9433333333333334,request_rescan,5.42724
6210,6210,0.9433333333333334,request_rescan,5.427792
6211,6211,0.9433333333333334,discard,5.428345
6212,6212,0.9433333333333334,discard,5.429443
6213,6213,0.9433333333333334,discard,5.430133
6214,6214,0.9433333333333334,request_rescan,5.430697
6215,6215,0.9433333333333334,request_rescan,5.431263
6216,6216,0.9433333333333334,discard,5.431821
6217,6217,0.9433333333333334,discard,5.4324
6218,6218,0.9433333333333334,discard,5.432961
6219,6219,0.9433333333333334,discard,5.433517
6220,6220,0.9433333333333334,request_rescan,5.434082
6221,6221,0.9433333333333334,discard,5.434641
6222,6222,0.9433333333333334,request_rescan,5.435199
6223,6223,0.9433333333333334,request_rescan,5.43576
6224,6224,0.9433333333333334,discard,5.436312
6225,6225,0.9433333333333334,request_rescan,5.436857
6226,6226,0.9433333333333334,request_rescan,5.43747
6227,6227,0.9433333333333334,discard,5.438027
6228,6228,0.9433333333333334,discard,5.438595
6229,6229,0.9433333333333334,request_rescan,5.439173
6230,6230,0.9433333333333334,discard,5.439731
6231,6231,0.9433333333333334,discard,5.440284
6232,6232,0.9433333333333334,request_rescan,5.440843
6233,6233,0.9433333333333334,request_rescan,5.441427
6234,6234,0.9433333333333334,request_rescan,5.441993
6235,6235,0.9433333333333334,discard,5.442558
6236,6236,0.9433333333333334,discard,5.443116
6237,6237,0.9433333333333334,discard,5.443672
6238,6238,0.9433333333333334,discard,5.444233
6239,6239,0.9433333333333334,discard,5.444812
6240,6240,0.9433333333333334,request_rescan,5.445409
6241,6241,0.9433333333333334,request_rescan,5.446037
6242,6242,0.9433333333333334,discard,5.446609
6243,6243,0.9433333333333334,discard,5.44719
6244,6244,0.9433333333333334,request_rescan,5.44779
6245,6245,0.9433333333333334,discard,5.448347
6246,6246,0.9433333333333334,request_rescan,5.449275
6247,6247,0.9433333333333334,discard,5.450321
6248,6248,0.9433333333333334,request_rescan,5.450886
6249,6249,0.9433333333333334,request_rescan,5.451451
6250,6250,0.9433333333333334,request_rescan,5.452026
6251,6251,0.9433333333333334,discard,5.452582
6252,6252,0.9433333333333334,request_rescan,5.453159
6253,6253,0.9433333333333334,request_rescan,5.453749
6254,6254,0.9433333333333334,request_rescan,5.454332
6255,6255,0.9433333333333334,discard,5.454908
6256,6256,0.9433333333333334,request_rescan,5.45549
6257,6257,0.9433333333333334,request_rescan,5.456059
6258,6258,0.9433333333333334,request_rescan,5.456623
6259,6259,0.9433333333333334,request_rescan,5.457192
6260,6260,0.9433333333333334,request_rescan,5.457745
6261,6261,0.9433333333333334,request_rescan,5.458309
6262,6262,0.9433333333333334,request_rescan,5.458861
6263,6263,0.9433333333333334,discard,5.459422
6264,6264,0.9433333333333334,discard,5.46
6265,6265,0.9433333333333334,request_rescan,5.460571
6266,6266,0.9433333333333334,request_rescan,5.461142
6267,6267,0.9433333333333334,request_rescan,5.462771
6268,6268,0.9433333333333334,request_rescan,5.463327
6269,6269,0.9433333333333334,request_rescan,5.463874
6270,6270,0.9433333333333334,discard,5.46443
6271,6271,0.9433333333333334,request_rescan,5.464978
6272,6272,0.9433333333333334,discard,5.46554
6273,6273,0.9433333333333334,discard,5.498777
6274,6274,0.76,discard,5.499541
6275,6275,0.9433333333333334,discard,5.500473
6276,6276,0.9433333333333334,discard,5.50103
6277,6277,0.9433333333333334,discard,5.501591
6278,6278,0.9433333333333334,request_rescan,5.502144
6279,6279,0.9433333333333334,discard,5.5027
6280,6280,0.9433333333333334,request_rescan,5.50325
6281,6281,0.9433333333333334,request_rescan,5.503845
6282,6282,0.9433333333333334,discard,5.504399
6283,6283,0.9433333333333334,discard,5.504959
6284,6284,0.9433333333333334,request_rescan,5.505522
6285,6285,0.9433333333333334,discard,5.506077
6286,6286,0.9433333333333334,request_rescan,5.506623
6287,6287,0.9433333333333334,discard,5.507189
6288,6288,0.9433333333333334,discard,5.507727
6289,6289,0.9433333333333334,discard,5.508283
6290,6290,0.9433333333333334,discard,5.508832
6291,6291,0.9433333333333334,request_rescan,5.509387
6292,6292,0.9433333333333334,request_rescan,5.50993
6293,6293,0.9433333333333334,discard,5.510493
6294,6294,0.9433333333333334,discard,5.51104
6295,6295,0.9433333333333334,discard,5.511584
6296,6296,0.9433333333333334,discard,5.512174
6297,6297,0.9433333333333334,discard,5.512713
6298,6298,0.9433333333333334,discard,5.513303
6299,6299,0.9433333333333334,request_rescan,5.513843
6300,6300,0.9433333333333334,discard,5.514423
6301,6301,0.9433333333333334,discard,5.515931
6302,6302,0.9433333333333334,request_rescan,5.516492
6303,6303,0.9433333333333334,discard,5.51705
6304,6304,0.9433333333333334,discard,5.517596
6305,6305,0.9433333333333334,discard,5.518138
6306,6306,0.9433333333333334,request_rescan,5.518714
6307,6307,0.9433333333333334,request_rescan,5.519267
6308,6308,0.9433333333333334,discard,5.519807
6309,6309,0.9433333333333334,request_rescan,5.520362
6310,6310,0.9433333333333334,request_rescan,5.52097
6311,6311,0.9433333333333334,request_rescan,5.521521
6312,6312,0.9433333333333334,request_rescan,5.522074
6313,6313,0.9433333333333334,discard,5.522636
6314,6314,0.9433333333333334,request_rescan,5.523193
6315,6315,0.9433333333333334,discard,5.523744
6316,6316,0.9433333333333334,request_rescan,5.52431
6317,6317,0.9433333333333334,discard,5.524855
6318,6318,0.9433333333333334,request_rescan,5.525411
6319,6319,0.9433333333333334,request_rescan,5.525953
6320,6320,0.9433333333333334,request_rescan,5.526507
6321,6321,0.9433333333333334,discard,5.527052
6322,6322,0.9433333333333334,discard,5.527616
6323,6323,0.76,request_rescan,5.528171
6324,6324,0.9433333333333334,request_rescan,5.528727
6325,6325,0.9433333333333334,discard,5.529316
6326,6326,0.9433333333333334,discard,5.529866
6327,6327,0.9433333333333334,request_rescan,5.530415
6328,6328,0.9433333333333334,request_rescan,5.530969
6329,6329,0.9433333333333334,discard,5.531571
6330,6330,0.9433333333333334,request_rescan,5.532172
6331,6331,0.9433333333333334,discard,5.532719
6332,6332,0.9433333333333334,discard,5.533711
6333,6333,0.9433333333333334,discard,5.534653
6334,6334,0.9433333333333334,request_rescan,5.535235
6335,6335,0.9433333333333334,request_rescan,5.535773
6336,6336,0.9433333333333334,request_rescan,5.53633
6337,6337,0.9433333333333334,discard,5.536885
6338,6338,0.9433333333333334,discard,5.537505
6339,6339,0.9433333333333334,request_rescan,5.538071
6340,6340,0.9433333333333334,discard,5.53865
6341,6341,0.9433333333333334,discard,5.539228
6342,6342,0.9433333333333334,request_rescan,5.539773
6343,6343,0.9433333333333334,discard,5.540353
6344,6344,0.9433333333333334,discard,5.540906
6345,6345,0.9433333333333334,discard,5.541472
6346,6346,0.9433333333333334,request_rescan,5.542035
6347,6347,0.9433333333333334,request_rescan,5.542584
6348,6348,0.9433333333333334,request_rescan,5.543152
6349,6349,0.9433333333333334,request_rescan,5.543697
6350,6350,0.9433333333333334,request_rescan,5.544268
6351,6351,0.9433333333333334,discard,5.544838
6352,6352,0.9433333333333334,discard,5.545415
6353,6353,0.9433333333333334,request_rescan,5.545969
6354,6354,0.9433333333333334,request_rescan,5.546537
6355,6355,0.9433333333333334,request_rescan,5.547119
6356,6356,0.9433333333333334,request_rescan,5.547687
6357,6357,0.9433333333333334,request_rescan,5.548261
6358,6358,0.9433333333333334,discard,5.54897
6359,6359,0.9433333333333334,discard,5.549514
6360,6360,0.9433333333333334,request_rescan,5.550088
6361,6361,0.9433333333333334,request_rescan,5.551152
6362,6362,0.9433333333333334,request_rescan,5.551796
6363,6363,0.9433333333333334,request_rescan,5.552369
6364,6364,0.9433333333333334,discard,5.552918
6365,6365,0.9433333333333334,discard,5.553505
6366,6366,0.9433333333333334,discard,5.554115
6367,6367,0.9433333333333334,discard,5.554671
6368,6368,0.9433333333333334,request_rescan,5.555233
6369,6369,0.9433333333333334,discard,5.555799
6370,6370,0.9433333333333334,request_rescan,5.556364
6371,6371,0.9433333333333334,request_rescan,5.556909
6372,6372,0.9433333333333334,discard,5.557471
6373,6373,0.9433333333333334,discard,5.558017
6374,6374,0.9433333333333334,request_rescan,5.558569
6375,6375,0.9433333333333334,request_rescan,5.559123
6376,6376,0.9433333333333334,discard,5.559661
6377,6377,0.9433333333333334,discard,5.560224
6378,6378,0.9433333333333334,discard,5.560773
6379,6379,0.9433333333333334,request_rescan,5.561339
6380,6380,0.9433333333333334,discard,5.561895
6381,6381,0.9433333333333334,request_rescan,5.563471
6382,6382,0.9433333333333334,request_rescan,5.564049
6383,6383,0.9433333333333334,request_rescan,5.564635
6384,6384,0.9433333333333334,request_rescan,5.565198
6385,6385,0.9433333333333334,request_rescan,5.565756
6386,6386,0.9433333333333334,request_rescan,5.566313
6387,6387,0.9433333333333334,request_rescan,5.566864
6388,6388,0.9433333333333334,discard,5.567421
6389,6389,0.9433333333333334,request_rescan,5.56797
6390,6390,0.9433333333333334,request_rescan,5.568524
6391,6391,0.9433333333333334,discard,5.569076
6392,6392,0.9433333333333334,request_rescan,5.569634
6393,6393,0.76,discard,5.5702
6394,6394,0.9433333333333334,request_rescan,5.5708
6395,6395,0.9433333333333334,request_rescan,5.571363
6396,6396,0.9433333333333334,request_rescan,5.571912
6397,6397,0.9433333333333334,discard,5.572485
6398,6398,0.9433333333333334,request_rescan,5.573043
6399,6399,0.9433333333333334,request_rescan,5.573596
6400,6400,0.9433333333333334,request_rescan,5.574148
6401,6401,0.9433333333333334,request_rescan,5.607836
6402,6402,0.9433333333333334,request_rescan,5.608451
6403,6403,0.9433333333333334,discard,5.609009
6404,6404,0.9433333333333334,request_rescan,5.609571
6405,6405,0.9433333333333334,request_rescan,5.610127
6406,6406,0.9433333333333334,discard,5.610689
6407,6407,0.9433333333333334,request_rescan,5.61126
6408,6408,0.9433333333333334,request_rescan,5.611821
6409,6409,0.9433333333333334,discard,5.612389
6410,6410,0.9433333333333334,discard,5.612949
6411,6411,0.9433333333333334,request_rescan,5.6135
6412,6412,0.9433333333333334,discard,5.61406
6413,6413,0.9433333333333334,discard,5.614634
6414,6414,0.9433333333333334,request_rescan,5.615193
6415,6415,0.9433333333333334,request_rescan,5.615741
6416,6416,0.9433333333333334,request_rescan,5.616288
6417,6417,0.9433333333333334,request_rescan,5.616841
6418,6418,0.9433333333333334,discard,5.617411
6419,6419,0.9433333333333334,discard,5.617967
6420,6420,0.9433333333333334,discard,5.618532
6421,6421,0.9433333333333334,request_rescan,5.61911
6422,6422,0.9433333333333334,request_rescan,5.619662
6423,6423,0.9433333333333334,discard,5.62021
6424,6424,0.9433333333333334,discard,5.620837
6425,6425,0.9433333333333334,request_rescan,5.621398
6426,6426,0.9433333333333334,discard,5.621967
6427,6427,0.9433333333333334,discard,5.622518
6428,6428,0.9433333333333334,request_rescan,5.623067
6429,6429,0.76,request_rescan,5.623615
6430,6430,0.9433333333333334,discard,5.624163
6431,6431,0.9433333333333334,request_rescan,5.624726
6432,6432,0.9433333333333334,request_rescan,5.625278
6433,6433,0.9433333333333334,discard,5.625817
6434,6434,0.9433333333333334,request_rescan,5.626369
6435,6435,0.9433333333333334,request_rescan,5.626903
6436,6436,0.9433333333333334,request_rescan,5.627459
6437,6437,0.9433333333333334,discard,5.628
6438,6438,0.9433333333333334,request_rescan,5.628557
6439,6439,0.9433333333333334,request_rescan,5.629131
6440,6440,0.9433333333333334,request_rescan,5.629685
6441,6441,0.9433333333333334,request_rescan,5.630265
6442,6442,0.9433333333333334,discard,5.630805
6443,6443,0.9433333333333334,discard,5.631375
6444,6444,0.9433333333333334,request_rescan,5.631917
6445,6445,0.9433333333333334,request_rescan,5.632469
6446,6446,0.9433333333333334,discard,5.633027
6447,6447,0.9433333333333334,request_rescan,5.633572
6448,6448,0.9433333333333334,request_rescan,5.634124
6449,6449,0.9433333333333334,discard,5.634639
6450,6450,0.9433333333333334,request_rescan,5.6352
6451,6451,0.9433333333333334,discard,5.635708
6452,6452,0.9433333333333334,request_rescan,5.63625
6453,6453,0.9433333333333334,discard,5.636765
6454,6454,0.9433333333333334,discard,5.637361
6455,6455,0.9433333333333334,request_rescan,5.63787
6456,6456,0.9433333333333334,request_rescan,5.63843
6457,6457,0.9433333333333334,discard,5.638989
6458,6458,0.9433333333333334,discard,5.63954
6459,6459,0.9433333333333334,discard,5.640063
6460,6460,0.9433333333333334,discard,5.64059
6461,6461,0.9433333333333334,discard,5.641102
6462,6462,0.9433333333333334,discard,5.641626
6463,6463,0.9433333333333334,request_rescan,5.642148
6464,6464,0.9433333333333334,request_rescan,5.642675
6465,6465,0.9433333333333334,discard,5.643196
6466,6466,0.9433333333333334,request_rescan,5.643727
6467,6467,0.9433333333333334,request_rescan,5.644283
6468,6468,0.9433333333333334,discard,5.644814
6469,6469,0.9433333333333334,request_rescan,5.646047
6470,6470,0.9433333333333334,request_rescan,5.646865
6471,6471,0.9433333333333334,request_rescan,5.647404
6472,6472,0.9433333333333334,discard,5.647928
6473,6473,0.9433333333333334,discard,5.648483
6474,6474,0.9433333333333334,request_rescan,5.649017
6475,6475,0.9433333333333334,request_rescan,5.649582
6476,6476,0.9433333333333334,request_rescan,5.650122
6477,6477,0.9433333333333334,request_rescan,5.650652
6478,6478,0.9433333333333334,request_rescan,5.651198
6479,6479,0.9433333333333334,discard,5.651739
6480,6480,0.9433333333333334,discard,5.652285
6481,6481,0.76,request_rescan,5.652825
6482,6482,0.9433333333333334,request_rescan,5.653369
6483,6483,0.9433333333333334,request_rescan,5.653949
6484,6484,0.9433333333333334,request_rescan,5.654484
6485,6485,0.9433333333333334,request_rescan,5.655024
6486,6486,0.9433333333333334,discard,5.655543
6487,6487,0.9433333333333334,discard,5.65609
6488,6488,0.9433333333333334,discard,5.656613
6489,6489,0.9433333333333334,discard,5.657158
6490,6490,0.9433333333333334,discard,5.657684
6491,6491,0.9433333333333334,request_rescan,5.658214
6492,6492,0.9433333333333334,discard,5.658749
6493,6493,0.9433333333333334,request_rescan,5.659284
6494,6494,0.9433333333333334,request_rescan,5.659827
6495,6495,0.9433333333333334,discard,5.660377
6496,6496,0.9433333333333334,discard,5.660909
6497,6497,0.9433333333333334,discard,5.661457
6498,6498,0.9433333333333334,request_rescan,5.662005
6499,6499,0.9433333333333334,discard,5.662532
6500,6500,0.9433333333333334,discard,5.663073
6501,6501,0.9433333333333334,discard,5.665344
6502,6502,0.9433333333333334,discard,5.665875
6503,6503,0.9433333333333334,discard,5.666413
6504,6504,0.9433333333333334,request_rescan,5.66695
6505,6505,0.9433333333333334,request_rescan,5.667472
6506,6506,0.9433333333333334,discard,5.668025
6507,6507,0.9433333333333334,discard,5.668548
6508,6508,0.9433333333333334,request_rescan,5.669082
6509,6509,0.9433333333333334,discard,5.669613
6510,6510,0.9433333333333334,request_rescan,5.670174
6511,6511,0.9433333333333334,discard,5.670768
6512,6512,0.9433333333333334,discard,5.671321
6513,6513,0.9433333333333334,discard,5.671887
6514,6514,0.9433333333333334,request_rescan,5.672468
6515,6515,0.9433333333333334,discard,5.673033
6516,6516,0.9433333333333334,discard,5.673579
6517,6517,0.9433333333333334,discard,5.674134
6518,6518,0.9433333333333334,discard,5.674679
6519,6519,0.9433333333333334,request_rescan,5.675238
6520,6520,0.9433333333333334,discard,5.675788
6521,6521,0.9433333333333334,discard,5.676361
6522,6522,0.9433333333333334,discard,5.676904
6523,6523,0.9433333333333334,discard,5.677507
6524,6524,0.9433333333333334,discard,5.678136
6525,6525,0.76,request_rescan,5.678706
6526,6526,0.9433333333333334,discard,5.679268
6527,6527,0.76,discard,5.679836
6528,6528,0.9433333333333334,request_rescan,5.680405
6529,6529,0.9433333333333334,request_rescan,5.713226
6530,6530,0.9433333333333334,discard,5.713855
6531,6531,0.9433333333333334,request_rescan,5.714434
6532,6532,0.9433333333333334,discard,5.715028
6533,6533,0.9433333333333334,discard,5.715599
6534,6534,0.9433333333333334,request_rescan,5.716157
6535,6535,0.9433333333333334,discard,5.716719
6536,6536,0.9433333333333334,request_rescan,5.717463
6537,6537,0.9433333333333334,discard,5.718038
6538,6538,0.9433333333333334,discard,5.718588
6539,6539,0.9433333333333334,discard,5.719167
6540,6540,0.9433333333333334,request_rescan,5.719713
6541,6541,0.9433333333333334,request_rescan,5.720285
6542,6542,0.9433333333333334,request_rescan,5.72087
6543,6543,0.9433333333333334,request_rescan,5.721432
6544,6544,0.9433333333333334,discard,5.722019
6545,6545,0.9433333333333334,discard,5.722569
6546,6546,0.9433333333333334,discard,5.723116
6547,6547,0.9433333333333334,discard,5.72367
6548,6548,0.9433333333333334,discard,5.724229
6549,6549,0.9433333333333334,discard,5.724774
6550,6550,0.9433333333333334,discard,5.725322
6551,6551,0.9433333333333334,discard,5.725874
6552,6552,0.9433333333333334,request_rescan,5.726426
6553,6553,0.9433333333333334,discard,5.726984
6554,6554,0.9433333333333334,discard,5.727528
6555,6555,0.9433333333333334,request_rescan,5.728102
6556,6556,0.76,request_rescan,5.728649
6557,6557,0.9433333333333334,request_rescan,5.729233
6558,6558,0.9433333333333334,discard,5.729767
6559,6559,0.9433333333333334,request_rescan,5.730346
6560,6560,0.9433333333333334,request_rescan,5.730881
6561,6561,0.9433333333333334,discard,5.73145
6562,6562,0.9433333333333334,request_rescan,5.731988
6563,6563,0.9433333333333334,discard,5.732548
6564,6564,0.9433333333333334,discard,5.733093
6565,6565,0.9433333333333334,request_rescan,5.733644
6566,6566,0.9433333333333334,request_rescan,5.73419
6567,6567,0.9433333333333334,request_rescan,5.734783
6568,6568,0.9433333333333334,request_rescan,5.735351
6569,6569,0.9433333333333334,discard,5.735903
6570,6570,0.9433333333333334,discard,5.736449
6571,6571,0.9433333333333334,request_rescan,5.736983
6572,6572,0.9433333333333334,request_rescan,5.737562
6573,6573,0.9433333333333334,request_rescan,5.738104
6574,6574,0.9433333333333334,request_rescan,5.738625
6575,6575,0.9433333333333334,request_rescan,5.739264
6576,6576,0.9433333333333334,discard,5.739794
6577,6577,0.9433333333333334,discard,5.740355
6578,6578,0.9433333333333334,request_rescan,5.740869
6579,6579,0.9433333333333334,discard,5.741418
6580,6580,0.9433333333333334,discard,5.741924
6581,6581,0.9433333333333334,discard,5.742479
6582,6582,0.9433333333333334,request_rescan,5.742994
6583,6583,0.9433333333333334,discard,5.743526
6584,6584,0.9433333333333334,discard,5.744072
6585,6585,0.9433333333333334,request_rescan,5.744606
6586,6586,0.9433333333333334,discard,5.745138
6587,6587,0.9433333333333334,request_rescan,5.746403
6588,6588,0.9433333333333334,discard,5.747016
6589,6589,0.9433333333333334,discard,5.74755
6590,6590,0.9433333333333334,request_rescan,5.748087
6591,6591,0.9433333333333334,request_rescan,5.748625
6592,6592,0.9433333333333334,request_rescan,5.749165
6593,6593,0.9433333333333334,discard,5.749688
6594,6594,0.9433333333333334,request_rescan,5.750233
6595,6595,0.9433333333333334,request_rescan,5.750757
6596,6596,0.9433333333333334,discard,5.751281
6597,6597,0.9433333333333334,request_rescan,5.751814
6598,6598,0.9433333333333334,discard,5.752341
6599,6599,0.9433333333333334,discard,5.752871
6600,6600,0.9433333333333334,discard,5.753415
6601,6601,0.9433333333333334,request_rescan,5.754872
6602,6602,0.76,request_rescan,5.755459
6603,6603,0.9433333333333334,discard,5.75603
6604,6604,0.9433333333333334,discard,5.756573
6605,6605,0.9433333333333334,discard,5.757128
6606,6606,0.9433333333333334,request_rescan,5.757674
6607,6607,0.9433333333333334,request_rescan,5.758232
6608,6608,0.9433333333333334,request_rescan,5.758771
6609,6609,0.9433333333333334,discard,5.759332
6610,6610,0.9433333333333334,request_rescan,5.759869
6611,6611,0.9433333333333334,request_rescan,5.760428
6612,6612,0.9433333333333334,discard,5.761028
6613,6613,0.9433333333333334,request_rescan,5.761601
6614,6614,0.9433333333333334,request_rescan,5.762144
6615,6615,0.9433333333333334,request_rescan,5.762706
6616,6616,0.9433333333333334,request_rescan,5.763263
6617,6617,0.9433333333333334,discard,5.763806
6618,6618,0.9433333333333334,discard,5.764368
6619,6619,0.9433333333333334,discard,5.765835
6620,6620,0.9433333333333334,discard,5.766446
6621,6621,0.9433333333333334,request_rescan,5.767001
6622,6622,0.9433333333333334,request_rescan,5.767571
6623,6623,0.9433333333333334,request_rescan,5.768121
6624,6624,0.9433333333333334,request_rescan,5.768666
6625,6625,0.9433333333333334,discard,5.769232
6626,6626,0.9433333333333334,discard,5.76978
6627,6627,0.9433333333333334,request_rescan,5.770336
6628,6628,0.9433333333333334,discard,5.770893
6629,6629,0.9433333333333334,request_rescan,5.771494
6630,6630,0.9433333333333334,request_rescan,5.772099
6631,6631,0.9433333333333334,discard,5.772664
6632,6632,0.9433333333333334,request_rescan,5.773234
6633,6633,0.9433333333333334,discard,5.773795
6634,6634,0.9433333333333334,request_rescan,5.774344
6635,6635,0.9433333333333334,request_rescan,5.774897
6636,6636,0.76,discard,5.775443
6637,6637,0.9433333333333334,discard,5.775998
6638,6638,0.9433333333333334,discard,5.776538
6639,6639,0.9433333333333334,discard,5.777091
6640,6640,0.9433333333333334,discard,5.777636
6641,6641,0.9433333333333334,request_rescan,5.778194
6642,6642,0.9433333333333334,discard,5.77874
6643,6643,0.9433333333333334,request_rescan,5.779297
6644,6644,0.9433333333333334,request_rescan,5.779839
6645,6645,0.9433333333333334,discard,5.780415
6646,6646,0.9433333333333334,discard,5.780965
6647,6647,0.9433333333333334,request_rescan,5.781505
6648,6648,0.9433333333333334,discard,5.782074
6649,6649,0.9433333333333334,request_rescan,5.782638
6650,6650,0.9433333333333334,request_rescan,5.783208
6651,6651,0.9433333333333334,discard,5.783968
6652,6652,0.9433333333333334,discard,5.784875
6653,6653,0.9433333333333334,request_rescan,5.785483
6654,6654,0.9433333333333334,request_rescan,5.786027
6655,6655,0.9433333333333334,request_rescan,5.786582
6656,6656,0.9433333333333334,discard,5.787154
6657,6657,0.9433333333333334,discard,5.818053
6658,6658,0.9433333333333334,request_rescan,5.818767
6659,6659,0.9433333333333334,discard,5.819356
6660,6660,0.9433333333333334,discard,5.819907
6661,6661,0.9433333333333334,request_rescan,5.82049
6662,6662,0.9433333333333334,discard,5.82108
6663,6663,0.9433333333333334,request_rescan,5.821653
6664,6664,0.9433333333333334,discard,5.822231
6665,6665,0.9433333333333334,request_rescan,5.822812
6666,6666,0.9433333333333334,request_rescan,5.823373
6667,6667,0.9433333333333334,discard,5.823926
6668,6668,0.9433333333333334,request_rescan,5.824494
6669,6669,0.9433333333333334,request_rescan,5.825038
6670,6670,0.9433333333333334,request_rescan,5.825596
6671,6671,0.9433333333333334,discard,5.826193
6672,6672,0.9433333333333334,discard,5.82675
6673,6673,0.9433333333333334,request_rescan,5.8273
6674,6674,0.9433333333333334,discard,5.827855
6675,6675,0.9433333333333334,discard,5.828422
6676,6676,0.9433333333333334,discard,5.829105
6677,6677,0.76,request_rescan,5.829704
6678,6678,0.9433333333333334,request_rescan,5.830273
6679,6679,0.76,request_rescan,5.830839
6680,6680,0.9433333333333334,request_rescan,5.831398
6681,6681,0.9433333333333334,discard,5.831946
6682,6682,0.9433333333333334,request_rescan,5.832505
6683,6683,0.9433333333333334,request_rescan,5.833063
6684,6684,0.9433333333333334,discard,5.833612
6685,6685,0.9433333333333334,discard,5.834174
6686,6686,0.9433333333333334,discard,5.834715
6687,6687,0.9433333333333334,discard,5.835271
6688,6688,0.9433333333333334,discard,5.835816
6689,6689,0.9433333333333334,request_rescan,5.836365
6690,6690,0.9433333333333334,request_rescan,5.83691
6691,6691,0.9433333333333334,request_rescan,5.837497
6692,6692,0.9433333333333334,discard,5.838053
6693,6693,0.9433333333333334,request_rescan,5.83864
6694,6694,0.9433333333333334,request_rescan,5.839194
6695,6695,0.9433333333333334,request_rescan,5.839755
6696,6696,0.9433333333333334,discard,5.840304
6697,6697,0.9433333333333334,request_rescan,5.840852
6698,6698,0.9433333333333334,discard,5.841398
6699,6699,0.9433333333333334,request_rescan,5.841938
6700,6700,0.9433333333333334,discard,5.842492
6701,6701,0.9433333333333334,request_rescan,5.843934
6702,6702,0.9433333333333334,request_rescan,5.844519
6703,6703,0.9433333333333334,request_rescan,5.845073
6704,6704,0.9433333333333334,request_rescan,5.845879
6705,6705,0.76,request_rescan,5.846918
6706,6706,0.76,request_rescan,5.847475
6707,6707,0.9433333333333334,request_rescan,5.848041
6708,6708,0.9433333333333334,request_rescan,5.848583
6709,6709,0.9433333333333334,discard,5.849144
6710,6710,0.9433333333333334,request_rescan,5.849687
6711,6711,0.76,discard,5.850305
6712,6712,0.9433333333333334,discard,5.850859
6713,6713,0.9433333333333334,request_rescan,5.851431
6714,6714,0.9433333333333334,discard,5.851981
6715,6715,0.9433333333333334,discard,5.852545
6716,6716,0.9433333333333334,discard,5.853095
6717,6717,0.9433333333333334,request_rescan,5.853651
6718,6718,0.9433333333333334,request_rescan,5.854258
6719,6719,0.9433333333333334,discard,5.854825
6720,6720,0.9433333333333334,request_rescan,5.855396
6721,6721,0.76,request_rescan,5.855939
6722,6722,0.9433333333333334,discard,5.856505
6723,6723,0.9433333333333334,request_rescan,5.857058
6724,6724,0.9433333333333334,request_rescan,5.857602
6725,6725,0.9433333333333334,request_rescan,5.858128
6726,6726,0.9433333333333334,discard,5.858658
6727,6727,0.9433333333333334,discard,5.859197
6728,6728,0.9433333333333334,discard,5.859726
6729,6729,0.9433333333333334,discard,5.860261
6730,6730,0.9433333333333334,discard,5.860808
6731,6731,0.9433333333333334,request_rescan,5.861414
6732,6732,0.9433333333333334,discard,5.861996
6733,6733,0.9433333333333334,discard,5.862547
6734,6734,0.9433333333333334,request_rescan,5.863109
6735,6735,0.9433333333333334,discard,5.863693
6736,6736,0.9433333333333334,discard,5.864262
6737,6737,0.9433333333333334,discard,5.864792
6738,6738,0.9433333333333334,discard,5.866108
6739,6739,0.9433333333333334,request_rescan,5.867672
6740,6740,0.9433333333333334,request_rescan,5.868207
6741,6741,0.76,discard,5.868736
6742,6742,0.9433333333333334,request_rescan,5.869281
6743,6743,0.9433333333333334,request_rescan,5.869816
6744,6744,0.9433333333333334,discard,5.870358
6745,6745,0.9433333333333334,discard,5.870931
6746,6746,0.76,discard,5.871473
6747,6747,0.9433333333333334,request_rescan,5.872012
6748,6748,0.9433333333333334,request_rescan,5.872559
6749,6749,0.9433333333333334,discard,5.873094
6750,6750,0.9433333333333334,discard,5.873663
6751,6751,0.9433333333333334,discard,5.874231
6752,6752,0.9433333333333334,discard,5.874792
6753,6753,0.9433333333333334,request_rescan,5.875351
6754,6754,0.9433333333333334,discard,5.875901
6755,6755,0.9433333333333334,discard,5.876459
6756,6756,0.9433333333333334,request_rescan,5.877009
6757,6757,0.9433333333333334,request_rescan,5.877567
6758,6758,0.9433333333333334,discard,5.878118
6759,6759,0.9433333333333334,discard,5.878683
6760,6760,0.9433333333333334,discard,5.879233
6761,6761,0.9433333333333334,request_rescan,5.879789
6762,6762,0.9433333333333334,request_rescan,5.880341
6763,6763,0.9433333333333334,discard,5.880893
6764,6764,0.9433333333333334,request_rescan,5.881445
6765,6765,0.9433333333333334,request_rescan,5.881996
6766,6766,0.9433333333333334,request_rescan,5.882562
6767,6767,0.9433333333333334,discard,5.88312
6768,6768,0.76,request_rescan,5.883681
6769,6769,0.9433333333333334,discard,5.884619
6770,6770,0.9433333333333334,discard,5.885532
6771,6771,0.9433333333333334,request_rescan,5.886064
6772,6772,0.76,discard,5.886587
6773,6773,0.9433333333333334,request_rescan,5.887156
6774,6774,0.9433333333333334,discard,5.887691
6775,6775,0.9433333333333334,discard,5.888236
6776,6776,0.9433333333333334,discard,5.888786
6777,6777,0.9433333333333334,request_rescan,5.889339
6778,6778,0.9433333333333334,request_rescan,5.889883
6779,6779,0.9433333333333334,request_rescan,5.890417
6780,6780,0.9433333333333334,request_rescan,5.890953
6781,6781,0.9433333333333334,request_rescan,5.891498
6782,6782,0.9433333333333334,request_rescan,5.892025
6783,6783,0.76,discard,5.892554
6784,6784,0.9433333333333334,request_rescan,5.893083
6785,6785,0.9433333333333334,discard,5.925107
6786,6786,0.9433333333333334,discard,5.925711
6787,6787,0.9433333333333334,request_rescan,5.926267
6788,6788,0.9433333333333334,request_rescan,5.92682
6789,6789,0.9433333333333334,discard,5.927368
6790,6790,0.9433333333333334,request_rescan,5.927936
6791,6791,0.9433333333333334,discard,5.928513
6792,6792,0.9433333333333334,discard,5.929077
6793,6793,0.9433333333333334,request_rescan,5.92963
6794,6794,0.9433333333333334,discard,5.930211
6795,6795,0.9433333333333334,request_rescan,5.93076
6796,6796,0.9433333333333334,discard,5.931349
6797,6797,0.9433333333333334,discard,5.931913
6798,6798,0.9433333333333334,request_rescan,5.932492
6799,6799,0.9433333333333334,request_rescan,5.933052
6800,6800,0.9433333333333334,request_rescan,5.933608
6801,6801,0.9433333333333334,discard,5.935074
6802,6802,0.9433333333333334,discard,5.935643
6803,6803,0.9433333333333334,discard,5.936229
6804,6804,0.9433333333333334,request_rescan,5.936779
6805,6805,0.9433333333333334,discard,5.937406
6806,6806,0.9433333333333334,discard,5.937952
6807,6807,0.9433333333333334,discard,5.938544
6808,6808,0.9433333333333334,discard,5.939095
6809,6809,0.9433333333333334,discard,5.93964
6810,6810,0.9433333333333334,request_rescan,5.940205
6811,6811,0.9433333333333334,request_rescan,5.940754
6812,6812,0.9433333333333334,discard,5.941333
6813,6813,0.9433333333333334,request_rescan,5.941888
6814,6814,0.9433333333333334,discard,5.942477
6815,6815,0.9433333333333334,request_rescan,5.943037
6816,6816,0.9433333333333334,request_rescan,5.94359
6817,6817,0.9433333333333334,request_rescan,5.94417
6818,6818,0.9433333333333334,request_rescan,5.944739
6819,6819,0.9433333333333334,discard,5.945324
6820,6820,0.9433333333333334,request_rescan,5.945873
6821,6821,0.9433333333333334,request_rescan,5.946438
6822,6822,0.9433333333333334,discard,5.946984
6823,6823,0.9433333333333334,discard,5.947558
6824,6824,0.9433333333333334,discard,5.948113
6825,6825,0.9433333333333334,discard,5.948685
6826,6826,0.9433333333333334,request_rescan,5.949248
6827,6827,0.9433333333333334,request_rescan,5.949798
6828,6828,0.9433333333333334,request_rescan,5.95037
6829,6829,0.9433333333333334,discard,5.950926
6830,6830,0.9433333333333334,discard,5.951482
6831,6831,0.9433333333333334,request_rescan,5.95204
6832,6832,0.9433333333333334,discard,5.952596
6833,6833,0.9433333333333334,discard,5.953934
6834,6834,0.9433333333333334,request_rescan,5.95456
6835,6835,0.9433333333333334,request_rescan,5.955161
6836,6836,0.9433333333333334,request_rescan,5.955716
6837,6837,0.9433333333333334,request_rescan,5.956274
6838,6838,0.9433333333333334,discard,5.956863
6839,6839,0.9433333333333334,discard,5.957428
6840,6840,0.9433333333333334,discard,5.957994
6841,6841,0.9433333333333334,request_rescan,5.95856
6842,6842,0.9433333333333334,discard,5.95911
6843,6843,0.9433333333333334,discard,5.959668
6844,6844,0.9433333333333334,request_rescan,5.960218
6845,6845,0.9433333333333334,discard,5.960758
6846,6846,0.9433333333333334,discard,5.961336
6847,6847,0.9433333333333334,request_rescan,5.96192
6848,6848,0.9433333333333334,discard,5.962511
6849,6849,0.76,request_rescan,5.9631
6850,6850,0.9433333333333334,discard,5.963648
6851,6851,0.9433333333333334,discard,5.964207
6852,6852,0.9433333333333334,discard,5.96475
6853,6853,0.9433333333333334,request_rescan,5.965303
6854,6854,0.9433333333333334,discard,5.965849
6855,6855,0.76,request_rescan,5.966436
6856,6856,0.76,discard,5.967006
6857,6857,0.9433333333333334,request_rescan,5.968669
6858,6858,0.9433333333333334,request_rescan,5.969244
6859,6859,0.9433333333333334,request_rescan,5.969828
6860,6860,0.9433333333333334,discard,5.970381
6861,6861,0.9433333333333334,discard,5.971004
6862,6862,0.9433333333333334,request_rescan,5.971551
6863,6863,0.9433333333333334,request_rescan,5.972146
6864,6864,0.9433333333333334,discard,5.972703
6865,6865,0.9433333333333334,request_rescan,5.97327
6866,6866,0.9433333333333334,discard,5.973833
6867,6867,0.9433333333333334,discard,5.97439
6868,6868,0.9433333333333334,request_rescan,5.974955
6869,6869,0.76,discard,5.975506
6870,6870,0.9433333333333334,discard,5.976059
6871,6871,0.9433333333333334,discard,5.976603
6872,6872,0.9433333333333334,discard,5.977159
6873,6873,0.9433333333333334,discard,5.977697
6874,6874,0.9433333333333334,request_rescan,5.978252
6875,6875,0.9433333333333334,request_rescan,5.978803
6876,6876,0.9433333333333334,discard,5.979362
6877,6877,0.9433333333333334,request_rescan,5.979908
6878,6878,0.9433333333333334,discard,5.98048
6879,6879,0.9433333333333334,request_rescan,5.981032
6880,6880,0.9433333333333334,discard,5.981589
6881,6881,0.9433333333333334,discard,5.98214
6882,6882,0.9433333333333334,request_rescan,5.982703
6883,6883,0.9433333333333334,request_rescan,5.983255
6884,6884,0.9433333333333334,discard,5.983803
6885,6885,0.9433333333333334,discard,5.984363
6886,6886,0.9433333333333334,discard,5.985194
6887,6887,0.9433333333333334,request_rescan,5.986008
6888,6888,0.9433333333333334,request_rescan,5.986661
6889,6889,0.76,discard,5.987254
6890,6890,0.9433333333333334,discard,5.987815
6891,6891,0.9433333333333334,discard,5.988368
6892,6892,0.9433333333333334,discard,5.98896
6893,6893,0.9433333333333334,discard,5.989514
6894,6894,0.9433333333333334,request_rescan,5.990071
6895,6895,0.9433333333333334,discard,5.990645
6896,6896,0.9433333333333334,request_rescan,5.991216
6897,6897,0.9433333333333334,discard,5.991775
6898,6898,0.76,request_rescan,5.992335
6899,6899,0.9433333333333334,discard,5.992887
6900,6900,0.9433333333333334,discard,5.99345
6901,6901,0.9433333333333334,request_rescan,5.994937
6902,6902,0.9433333333333334,request_rescan,5.995792
6903,6903,0.9433333333333334,request_rescan,5.996366
6904,6904,0.9433333333333334,request_rescan,5.996904
6905,6905,0.9433333333333334,request_rescan,5.997468
6906,6906,0.9433333333333334,discard,5.998015
6907,6907,0.9433333333333334,request_rescan,5.998556
6908,6908,0.9433333333333334,request_rescan,5.999117
6909,6909,0.9433333333333334,discard,5.999662
6910,6910,0.9433333333333334,discard,6.000218
6911,6911,0.9433333333333334,discard,6.000775
6912,6912,0.9433333333333334,request_rescan,6.001329
6913,6913,0.9433333333333334,discard,6.032111
6914,6914,0.9433333333333334,discard,6.03303
6915,6915,0.9433333333333334,request_rescan,6.033688
6916,6916,0.9433333333333334,request_rescan,6.034263
6917,6917,0.9433333333333334,request_rescan,6.034843
6918,6918,0.9433333333333334,discard,6.035499
6919,6919,0.9433333333333334,discard,6.036416
6920,6920,0.9433333333333334,request_rescan,6.036995
6921,6921,0.76,request_rescan,6.037603
6922,6922,0.76,request_rescan,6.038154
6923,6923,0.9433333333333334,discard,6.038712
6924,6924,0.9433333333333334,request_rescan,6.039281
6925,6925,0.9433333333333334,discard,6.039843
6926,6926,0.9433333333333334,discard,6.040409
6927,6927,0.9433333333333334,request_rescan,6.040983
6928,6928,0.9433333333333334,discard,6.041536
6929,6929,0.9433333333333334,discard,6.0421
6930,6930,0.9433333333333334,request_rescan,6.042643
6931,6931,0.9433333333333334,request_rescan,6.043216
6932,6932,0.9433333333333334,request_rescan,6.043762
6933,6933,0.76,request_rescan,6.044347
6934,6934,0.9433333333333334,discard,6.044912
6935,6935,0.9433333333333334,request_rescan,6.045799
6936,6936,0.9433333333333334,discard,6.046363
6937,6937,0.9433333333333334,discard,6.046913
6938,6938,0.9433333333333334,request_rescan,6.047476
6939,6939,0.9433333333333334,discard,6.048035
6940,6940,0.9433333333333334,request_rescan,6.048609
6941,6941,0.9433333333333334,discard,6.049173
6942,6942,0.9433333333333334,request_rescan,6.049717
6943,6943,0.9433333333333334,discard,6.050285
6944,6944,0.9433333333333334,discard,6.05084
6945,6945,0.9433333333333334,request_rescan,6.051395
6946,6946,0.9433333333333334,discard,6.051975
6947,6947,0.9433333333333334,discard,6.052957
6948,6948,0.9433333333333334,discard,6.053541
6949,6949,0.9433333333333334,discard,6.054144
6950,6950,0.9433333333333334,request_rescan,6.054693
6951,6951,0.9433333333333334,request_rescan,6.055256
6952,6952,0.9433333333333334,request_rescan,6.055807
6953,6953,0.76,request_rescan,6.056378
6954,6954,0.9433333333333334,request_rescan,6.056923
6955,6955,0.9433333333333334,discard,6.057486
6956,6956,0.9433333333333334,discard,6.058038
6957,6957,0.9433333333333334,request_rescan,6.058592
6958,6958,0.9433333333333334,request_rescan,6.059146
6959,6959,0.9433333333333334,request_rescan,6.059701
6960,6960,0.9433333333333334,request_rescan,6.06027
6961,6961,0.76,request_rescan,6.060821
6962,6962,0.9433333333333334,request_rescan,6.061388
6963,6963,0.9433333333333334,discard,6.061935
6964,6964,0.9433333333333334,request_rescan,6.062506
6965,6965,0.9433333333333334,discard,6.063063
6966,6966,0.9433333333333334,discard,6.063621
6967,6967,0.9433333333333334,discard,6.064187
6968,6968,0.9433333333333334,request_rescan,6.064743
6969,6969,0.9433333333333334,request_rescan,6.065293
6970,6970,0.9433333333333334,request_rescan,6.065853
6971,6971,0.9433333333333334,discard,6.066413
6972,6972,0.9433333333333334,discard,6.066968
6973,6973,0.9433333333333334,request_rescan,6.067524
6974,6974,0.9433333333333334,discard,6.068084
6975,6975,0.9433333333333334,discard,6.069708
6976,6976,0.76,discard,6.070268
6977,6977,0.9433333333333334,discard,6.070874
6978,6978,0.9433333333333334,request_rescan,6.071426
6979,6979,0.9433333333333334,request_rescan,6.071993
6980,6980,0.9433333333333334,request_rescan,6.072539
6981,6981,0.9433333333333334,request_rescan,6.073103
6982,6982,0.9433333333333334,discard,6.073649
6983,6983,0.9433333333333334,discard,6.07421
6984,6984,0.9433333333333334,request_rescan,6.074749
6985,6985,0.76,request_rescan,6.075319
6986,6986,0.9433333333333334,discard,6.07587
6987,6987,0.9433333333333334,discard,6.076427
6988,6988,0.9433333333333334,discard,6.076972
6989,6989,0.9433333333333334,request_rescan,6.077533
6990,6990,0.9433333333333334,request_rescan,6.078118
6991,6991,0.9433333333333334,request_rescan,6.078653
6992,6992,0.9433333333333334,request_rescan,6.079206
6993,6993,0.9433333333333334,request_rescan,6.079739
6994,6994,0.9433333333333334,discard,6.080272
6995,6995,0.9433333333333334,discard,6.080818
6996,6996,0.9433333333333334,discard,6.081361
6997,6997,0.9433333333333334,discard,6.081909
6998,6998,0.9433333333333334,request_rescan,6.082466
6999,6999,0.9433333333333334,discard,6.083057
7000,7000,0.76,request_rescan,6.083611
7001,7001,0.76,request_rescan,6.085076
7002,7002,0.9433333333333334,request_rescan,6.085659
7003,7003,0.9433333333333334,discard,6.086696
7004,7004,0.9433333333333334,discard,6.087535
7005,7005,0.9433333333333334,discard,6.088117
7006,7006,0.76,request_rescan,6.088737
7007,7007,0.9433333333333334,request_rescan,6.089306
7008,7008,0.9433333333333334,request_rescan,6.089847
7009,7009,0.9433333333333334,request_rescan,6.090414
7010,7010,0.9433333333333334,discard,6.090959
7011,7011,0.9433333333333334,discard,6.09151
7012,7012,0.9433333333333334,discard,6.092073
7013,7013,0.9433333333333334,request_rescan,6.092631
7014,7014,0.9433333333333334,request_rescan,6.093187
7015,7015,0.9433333333333334,discard,6.093737
7016,7016,0.9433333333333334,discard,6.09429
7017,7017,0.9433333333333334,request_rescan,6.094843
7018,7018,0.9433333333333334,request_rescan,6.095392
7019,7019,0.9433333333333334,discard,6.095947
7020,7020,0.9433333333333334,request_rescan,6.096488
7021,7021,0.9433333333333334,request_rescan,6.097051
7022,7022,0.9433333333333334,request_rescan,6.097594
7023,7023,0.9433333333333334,discard,6.098153
7024,7024,0.9433333333333334,request_rescan,6.098689
7025,7025,0.9433333333333334,request_rescan,6.099254
7026,7026,0.9433333333333334,discard,6.099795
7027,7027,0.9433333333333334,discard,6.100386
7028,7028,0.9433333333333334,request_rescan,6.100953
7029,7029,0.9433333333333334,discard,6.101776
7030,7030,0.9433333333333334,discard,6.102329
7031,7031,0.9433333333333334,request_rescan,6.102882
7032,7032,0.9433333333333334,request_rescan,6.103516
7033,7033,0.9433333333333334,discard,6.10427
7034,7034,0.9433333333333334,discard,6.104816
7035,7035,0.9433333333333334,discard,6.105497
7036,7036,0.9433333333333334,discard,6.106042
7037,7037,0.9433333333333334,discard,6.106581
7038,7038,0.9433333333333334,request_rescan,6.107114
7039,7039,0.9433333333333334,discard,6.107656
7040,7040,0.9433333333333334,discard,6.108194
7041,7041,0.9433333333333334,request_rescan,6.14084
7042,7042,0.9433333333333334,discard,6.141434
7043,7043,0.9433333333333334,request_rescan,6.141967
7044,7044,0.9433333333333334,request_rescan,6.142499
7045,7045,0.9433333333333334,discard,6.143017
7046,7046,0.9433333333333334,discard,6.143548
7047,7047,0.9433333333333334,discard,6.144068
7048,7048,0.76,request_rescan,6.144597
7049,7049,0.9433333333333334,request_rescan,6.14513
7050,7050,0.9433333333333334,discard,6.145999
7051,7051,0.9433333333333334,request_rescan,6.146536
7052,7052,0.9433333333333334,request_rescan,6.147074
7053,7053,0.9433333333333334,discard,6.147629
7054,7054,0.9433333333333334,discard,6.148167
7055,7055,0.9433333333333334,discard,6.148716
7056,7056,0.9433333333333334,discard,6.149256
7057,7057,0.9433333333333334,discard,6.149784
7058,7058,0.9433333333333334,discard,6.15058
7059,7059,0.9433333333333334,request_rescan,6.151193
7060,7060,0.9433333333333334,discard,6.151728
7061,7061,0.9433333333333334,discard,6.152276
7062,7062,0.9433333333333334,request_rescan,6.152802
7063,7063,0.9433333333333334,request_rescan,6.153355
7064,7064,0.9433333333333334,discard,6.153899
7065,7065,0.9433333333333334,request_rescan,6.154439
7066,7066,0.9433333333333334,request_rescan,6.154963
7067,7067,0.9433333333333334,discard,6.155497
7068,7068,0.9433333333333334,request_rescan,6.156041
7069,7069,0.9433333333333334,discard,6.156579
7070,7070,0.9433333333333334,request_rescan,6.157146
7071,7071,0.9433333333333334,request_rescan,6.157688
7072,7072,0.9433333333333334,discard,6.158244
7073,7073,0.9433333333333334,request_rescan,6.158784
7074,7074,0.9433333333333334,request_rescan,6.159337
7075,7075,0.9433333333333334,discard,6.159878
7076,7076,0.9433333333333334,request_rescan,6.160421
7077,7077,0.9433333333333334,request_rescan,6.161007
7078,7078,0.9433333333333334,request_rescan,6.161561
7079,7079,0.9433333333333334,discard,6.162119
7080,7080,0.9433333333333334,discard,6.162656
7081,7081,0.9433333333333334,discard,6.163228
7082,7082,0.9433333333333334,request_rescan,6.163765
7083,7083,0.9433333333333334,request_rescan,6.164385
7084,7084,0.9433333333333334,discard,6.164941
7085,7085,0.9433333333333334,request_rescan,6.165529
7086,7086,0.9433333333333334,discard,6.166086
7087,7087,0.9433333333333334,request_rescan,6.166684
7088,7088,0.9433333333333334,discard,6.167242
7089,7089,0.9433333333333334,discard,6.167808
7090,7090,0.9433333333333334,discard,6.168358
7091,7091,0.9433333333333334,discard,6.168937
7092,7092,0.9433333333333334,discard,6.170474
7093,7093,0.9433333333333334,discard,6.171046
7094,7094,0.9433333333333334,discard,6.171655
7095,7095,0.9433333333333334,request_rescan,6.1722
7096,7096,0.9433333333333334,request_rescan,6.172755
7097,7097,0.9433333333333334,discard,6.173298
7098,7098,0.9433333333333334,request_rescan,6.173844
7099,7099,0.9433333333333334,request_rescan,6.174395
7100,7100,0.9433333333333334,discard,6.174938
7101,7101,0.9433333333333334,discard,6.176315
7102,7102,0.9433333333333334,request_rescan,6.176867
7103,7103,0.9433333333333334,request_rescan,6.177479
7104,7104,0.76,request_rescan,6.178035
7105,7105,0.9433333333333334,discard,6.17859
7106,7106,0.9433333333333334,discard,6.179133
7107,7107,0.9433333333333334,discard,6.179663
7108,7108,0.9433333333333334,discard,6.180202
7109,7109,0.9433333333333334,request_rescan,6.180723
7110,7110,0.9433333333333334,request_rescan,6.181276
7111,7111,0.9433333333333334,request_rescan,6.181842
7112,7112,0.9433333333333334,request_rescan,6.182453
7113,7113,0.9433333333333334,request_rescan,6.183013
7114,7114,0.9433333333333334,discard,6.18357
7115,7115,0.9433333333333334,discard,6.184114
7116,7116,0.9433333333333334,request_rescan,6.184662
7117,7117,0.9433333333333334,discard,6.185206
7118,7118,0.9433333333333334,request_rescan,6.185779
7119,7119,0.9433333333333334,request_rescan,6.186354
7120,7120,0.9433333333333334,request_rescan,6.186893
7121,7121,0.9433333333333334,discard,6.187477
7122,7122,0.9433333333333334,discard,6.188032
7123,7123,0.9433333333333334,request_rescan,6.188601
7124,7124,0.9433333333333334,discard,6.189193
7125,7125,0.9433333333333334,discard,6.189736
7126,7126,0.9433333333333334,discard,6.190304
7127,7127,0.9433333333333334,request_rescan,6.190815
7128,7128,0.9433333333333334,request_rescan,6.191374
7129,7129,0.9433333333333334,request_rescan,6.191905
7130,7130,0.9433333333333334,request_rescan,6.192464
7131,7131,0.9433333333333334,request_rescan,6.193
7132,7132,0.9433333333333334,request_rescan,6.193534
7133,7133,0.9433333333333334,request_rescan,6.194058
7134,7134,0.9433333333333334,request_rescan,6.194604
7135,7135,0.9433333333333334,request_rescan,6.195152
7136,7136,0.9433333333333334,request_rescan,6.19572
7137,7137,0.9433333333333334,discard,6.196312
7138,7138,0.9433333333333334,discard,6.196884
7139,7139,0.9433333333333334,discard,6.197437
7140,7140,0.9433333333333334,discard,6.198018
7141,7141,0.9433333333333334,request_rescan,6.198589
7142,7142,0.9433333333333334,request_rescan,6.199182
7143,7143,0.9433333333333334,request_rescan,6.199739
7144,7144,0.9433333333333334,discard,6.200308
7145,7145,0.9433333333333334,request_rescan,6.20117
7146,7146,0.9433333333333334,discard,6.202031
7147,7147,0.9433333333333334,request_rescan,6.202652
7148,7148,0.9433333333333334,discard,6.203206
7149,7149,0.9433333333333334,request_rescan,6.203769
7150,7150,0.9433333333333334,request_rescan,6.204331
7151,7151,0.9433333333333334,request_rescan,6.204911
7152,7152,0.9433333333333334,discard,6.205468
7153,7153,0.9433333333333334,request_rescan,6.206035
7154,7154,0.9433333333333334,discard,6.20658
7155,7155,0.9433333333333334,request_rescan,6.207144
7156,7156,0.9433333333333334,request_rescan,6.20769
7157,7157,0.9433333333333334,request_rescan,6.208241
7158,7158,0.9433333333333334,discard,6.208797
7159,7159,0.9433333333333334,request_rescan,6.209364
7160,7160,0.9433333333333334,discard,6.209923
7161,7161,0.9433333333333334,request_rescan,6.210483
7162,7162,0.9433333333333334,discard,6.211078
7163,7163,0.76,request_rescan,6.211633
7164,7164,0.9433333333333334,discard,6.212205
7165,7165,0.9433333333333334,request_rescan,6.212756
7166,7166,0.9433333333333334,discard,6.213333
7167,7167,0.9433333333333334,request_rescan,6.213876
7168,7168,0.9433333333333334,discard,6.214451
7169,7169,0.9433333333333334,request_rescan,6.247251
7170,7170,0.9433333333333334,request_rescan,6.24789
7171,7171,0.76,request_rescan,6.248464
7172,7172,0.9433333333333334,request_rescan,6.249027
7173,7173,0.9433333333333334,request_rescan,6.249578
7174,7174,0.9433333333333334,discard,6.25017
7175,7175,0.9433333333333334,request_rescan,6.250735
7176,7176,0.9433333333333334,discard,6.251295
7177,7177,0.9433333333333334,request_rescan,6.251838
7178,7178,0.9433333333333334,discard,6.252402
7179,7179,0.9433333333333334,request_rescan,6.253412
7180,7180,0.9433333333333334,discard,6.254087
7181,7181,0.9433333333333334,request_rescan,6.254641
7182,7182,0.9433333333333334,discard,6.255204
7183,7183,0.9433333333333334,request_rescan,6.25576
7184,7184,0.9433333333333334,discard,6.256318
7185,7185,0.9433333333333334,request_rescan,6.25687
7186,7186,0.9433333333333334,discard,6.257413
7187,7187,0.9433333333333334,request_rescan,6.257975
7188,7188,0.9433333333333334,discard,6.258523
7189,7189,0.9433333333333334,request_rescan,6.25908
7190,7190,0.9433333333333334,discard,6.259627
7191,7191,0.9433333333333334,discard,6.260173
7192,7192,0.9433333333333334,discard,6.260726
7193,7193,0.9433333333333334,discard,6.261274
7194,7194,0.76,request_rescan,6.261835
7195,7195,0.9433333333333334,request_rescan,6.262381
7196,7196,0.9433333333333334,request_rescan,6.26292
7197,7197,0.9433333333333334,request_rescan,6.263475
7198,7198,0.9433333333333334,request_rescan,6.264021
7199,7199,0.9433333333333334,discard,6.264577
7200,7200,0.9433333333333334,discard,6.265133
7201,7201,0.9433333333333334,discard,6.266618
7202,7202,0.9433333333333334,discard,6.267177
7203,7203,0.9433333333333334,request_rescan,6.267737
7204,7204,0.9433333333333334,request_rescan,6.268287
7205,7205,0.9433333333333334,request_rescan,6.268843
7206,7206,0.9433333333333334,request_rescan,6.269393
7207,7207,0.9433333333333334,request_rescan,6.26995
7208,7208,0.9433333333333334,request_rescan,6.27138
7209,7209,0.9433333333333334,discard,6.271958
7210,7210,0.9433333333333334,request_rescan,6.272545
7211,7211,0.76,discard,6.273133
7212,7212,0.9433333333333334,request_rescan,6.27367
7213,7213,0.76,discard,6.274242
7214,7214,0.9433333333333334,discard,6.274775
7215,7215,0.9433333333333334,discard,6.275328
7216,7216,0.9433333333333334,discard,6.275865
7217,7217,0.9433333333333334,discard,6.276418
7218,7218,0.9433333333333334,request_rescan,6.276962
7219,7219,0.9433333333333334,discard,6.277515
7220,7220,0.9433333333333334,request_rescan,6.278073
7221,7221,0.9433333333333334,request_rescan,6.278628
7222,7222,0.9433333333333334,discard,6.279181
7223,7223,0.9433333333333334,discard,6.279742
7224,7224,0.9433333333333334,discard,6.280296
7225,7225,0.9433333333333334,discard,6.280845
7226,7226,0.9433333333333334,request_rescan,6.281413
7227,7227,0.9433333333333334,request_rescan,6.281973
7228,7228,0.9433333333333334,discard,6.282523
7229,7229,0.9433333333333334,request_rescan,6.283097
7230,7230,0.9433333333333334,request_rescan,6.283671
7231,7231,0.9433333333333334,request_rescan,6.284645
7232,7232,0.9433333333333334,discard,6.285725
7233,7233,0.9433333333333334,request_rescan,6.286291
7234,7234,0.9433333333333334,request_rescan,6.286853
7235,7235,0.9433333333333334,discard,6.287456
7236,7236,0.9433333333333334,discard,6.288012
7237,7237,0.9433333333333334,request_rescan,6.28857
7238,7238,0.9433333333333334,discard,6.289185
7239,7239,0.9433333333333334,request_rescan,6.289736
7240,7240,0.9433333333333334,request_rescan,6.290323
7241,7241,0.9433333333333334,request_rescan,6.29087
7242,7242,0.9433333333333334,discard,6.291436
7243,7243,0.9433333333333334,request_rescan,6.29201
7244,7244,0.9433333333333334,request_rescan,6.292569
7245,7245,0.9433333333333334,discard,6.293138
7246,7246,0.76,discard,6.293689
7247,7247,0.9433333333333334,request_rescan,6.294262
7248,7248,0.9433333333333334,discard,6.294823
7249,7249,0.9433333333333334,request_rescan,6.295407
7250,7250,0.9433333333333334,request_rescan,6.296283
7251,7251,0.9433333333333334,request_rescan,6.296853
7252,7252,0.76,request_rescan,6.297406
7253,7253,0.9433333333333334,discard,6.29798
7254,7254,0.9433333333333334,discard,6.298545
7255,7255,0.9433333333333334,request_rescan,6.29912
7256,7256,0.9433333333333334,request_rescan,6.299666
7257,7257,0.9433333333333334,discard,6.300234
7258,7258,0.9433333333333334,discard,6.300775
7259,7259,0.9433333333333334,request_rescan,6.30146
7260,7260,0.9433333333333334,discard,6.302361
7261,7261,0.9433333333333334,request_rescan,6.302909
7262,7262,0.9433333333333334,request_rescan,6.303462
7263,7263,0.9433333333333334,request_rescan,6.304043
7264,7264,0.9433333333333334,discard,6.304601
7265,7265,0.9433333333333334,discard,6.305162
7266,7266,0.9433333333333334,discard,6.305722
7267,7267,0.9433333333333334,request_rescan,6.306286
7268,7268,0.9433333333333334,request_rescan,6.306832
7269,7269,0.9433333333333334,discard,6.307396
7270,7270,0.76,discard,6.307947
7271,7271,0.76,discard,6.308505
7272,7272,0.9433333333333334,discard,6.309052
7273,7273,0.9433333333333334,discard,6.309609
7274,7274,0.9433333333333334,discard,6.310152
7275,7275,0.9433333333333334,request_rescan,6.310713
7276,7276,0.9433333333333334,request_rescan,6.311271
7277,7277,0.9433333333333334,request_rescan,6.311812
7278,7278,0.9433333333333334,request_rescan,6.312363
7279,7279,0.9433333333333334,request_rescan,6.312897
7280,7280,0.9433333333333334,discard,6.313456
7281,7281,0.9433333333333334,request_rescan,6.314016
7282,7282,0.9433333333333334,discard,6.314565
7283,7283,0.9433333333333334,discard,6.315125
7284,7284,0.9433333333333334,request_rescan,6.315668
7285,7285,0.9433333333333334,discard,6.316221
7286,7286,0.9433333333333334,discard,6.31678
7287,7287,0.9433333333333334,discard,6.317342
7288,7288,0.9433333333333334,discard,6.317892
7289,7289,0.9433333333333334,discard,6.318438
7290,7290,0.9433333333333334,discard,6.319
7291,7291,0.76,request_rescan,6.319555
7292,7292,0.9433333333333334,discard,6.320109
7293,7293,0.9433333333333334,discard,6.320689
7294,7294,0.9433333333333334,request_rescan,6.32125
7295,7295,0.9433333333333334,request_rescan,6.321787
7296,7296,0.9433333333333334,request_rescan,6.322407
7297,7297,0.9433333333333334,discard,6.354841
7298,7298,0.76,discard,6.355487
7299,7299,0.9433333333333334,discard,6.356043
7300,7300,0.9433333333333334,request_rescan,6.356603
7301,7301,0.9433333333333334,discard,6.358057
7302,7302,0.76,discard,6.358608
7303,7303,0.9433333333333334,request_rescan,6.359311
7304,7304,0.9433333333333334,discard,6.359892
7305,7305,0.9433333333333334,discard,6.360465
7306,7306,0.9433333333333334,discard,6.361021
7307,7307,0.9433333333333334,request_rescan,6.361689
7308,7308,0.9433333333333334,discard,6.362312
7309,7309,0.9433333333333334,discard,6.363124
7310,7310,0.9433333333333334,discard,6.363734
7311,7311,0.76,request_rescan,6.364296
7312,7312,0.9433333333333334,request_rescan,6.364865
7313,7313,0.9433333333333334,discard,6.36542
7314,7314,0.9433333333333334,discard,6.365983
7315,7315,0.9433333333333334,discard,6.36653
7316,7316,0.9433333333333334,discard,6.367109
7317,7317,0.9433333333333334,discard,6.367669
7318,7318,0.9433333333333334,request_rescan,6.368221
7319,7319,0.9433333333333334,request_rescan,6.36877
7320,7320,0.9433333333333334,request_rescan,6.369323
7321,7321,0.9433333333333334,request_rescan,6.369881
7322,7322,0.9433333333333334,request_rescan,6.370463
7323,7323,0.9433333333333334,discard,6.371009
7324,7324,0.9433333333333334,discard,6.372516
7325,7325,0.9433333333333334,discard,6.373054
7326,7326,0.9433333333333334,request_rescan,6.373581
7327,7327,0.9433333333333334,request_rescan,6.37412
7328,7328,0.9433333333333334,discard,6.374645
7329,7329,0.9433333333333334,discard,6.375181
7330,7330,0.9433333333333334,discard,6.375704
7331,7331,0.9433333333333334,request_rescan,6.376242
7332,7332,0.9433333333333334,request_rescan,6.376774
7333,7333,0.9433333333333334,request_rescan,6.377315
7334,7334,0.9433333333333334,request_rescan,6.377872
7335,7335,0.9433333333333334,request_rescan,6.378468
7336,7336,0.9433333333333334,discard,6.37908
7337,7337,0.9433333333333334,discard,6.379638
7338,7338,0.9433333333333334,discard,6.3802
7339,7339,0.9433333333333334,discard,6.380752
7340,7340,0.9433333333333334,discard,6.381318
7341,7341,0.9433333333333334,discard,6.38187
7342,7342,0.9433333333333334,discard,6.382416
7343,7343,0.9433333333333334,discard,6.382963
7344,7344,0.9433333333333334,discard,6.383868
7345,7345,0.9433333333333334,discard,6.384828
7346,7346,0.9433333333333334,discard,6.385389
7347,7347,0.9433333333333334,request_rescan,6.385938
7348,7348,0.9433333333333334,request_rescan,6.386501
7349,7349,0.9433333333333334,request_rescan,6.387088
7350,7350,0.9433333333333334,discard,6.387653
7351,7351,0.9433333333333334,request_rescan,6.388283
7352,7352,0.9433333333333334,discard,6.388873
7353,7353,0.9433333333333334,request_rescan,6.389426
7354,7354,0.9433333333333334,discard,6.389959
7355,7355,0.76,request_rescan,6.390524
7356,7356,0.9433333333333334,discard,6.391074
7357,7357,0.9433333333333334,discard,6.391595
7358,7358,0.9433333333333334,discard,6.392139
7359,7359,0.9433333333333334,discard,6.39265
7360,7360,0.9433333333333334,request_rescan,6.393205
7361,7361,0.9433333333333334,request_rescan,6.39373
7362,7362,0.9433333333333334,discard,6.394291
7363,7363,0.9433333333333334,discard,6.394838
7364,7364,0.9433333333333334,request_rescan,6.395397
7365,7365,0.9433333333333334,discard,6.395976
7366,7366,0.9433333333333334,request_rescan,6.396547
7367,7367,0.9433333333333334,discard,6.39712
7368,7368,0.9433333333333334,discard,6.397648
7369,7369,0.9433333333333334,discard,6.39821
7370,7370,0.9433333333333334,request_rescan,6.399014
7371,7371,0.9433333333333334,request_rescan,6.399561
7372,7372,0.9433333333333334,discard,6.400097
7373,7373,0.76,request_rescan,6.401197
7374,7374,0.9433333333333334,discard,6.401799
7375,7375,0.9433333333333334,request_rescan,6.402347
7376,7376,0.9433333333333334,request_rescan,6.402873
7377,7377,0.9433333333333334,request_rescan,6.403431
7378,7378,0.9433333333333334,discard,6.404013
7379,7379,0.9433333333333334,discard,6.404565
7380,7380,0.9433333333333334,request_rescan,6.405096
7381,7381,0.9433333333333334,discard,6.405652
7382,7382,0.9433333333333334,discard,6.406197
7383,7383,0.9433333333333334,discard,6.406729
7384,7384,0.9433333333333334,discard,6.407262
7385,7385,0.9433333333333334,discard,6.4078
7386,7386,0.9433333333333334,discard,6.408328
7387,7387,0.9433333333333334,discard,6.408854
7388,7388,0.9433333333333334,discard,6.409389
7389,7389,0.9433333333333334,request_rescan,6.409915
7390,7390,0.9433333333333334,request_rescan,6.410452
7391,7391,0.9433333333333334,discard,6.411001
7392,7392,0.9433333333333334,discard,6.411559
7393,7393,0.9433333333333334,request_rescan,6.412079
7394,7394,0.9433333333333334,discard,6.412629
7395,7395,0.9433333333333334,request_rescan,6.413164
7396,7396,0.9433333333333334,request_rescan,6.413716
7397,7397,0.9433333333333334,request_rescan,6.414247
7398,7398,0.9433333333333334,discard,6.414788
7399,7399,0.9433333333333334,request_rescan,6.415331
7400,7400,0.9433333333333334,discard,6.415863
7401,7401,0.9433333333333334,discard,6.417305
7402,7402,0.9433333333333334,request_rescan,6.417846
7403,7403,0.9433333333333334,discard,6.418388
7404,7404,0.9433333333333334,request_rescan,6.418931
7405,7405,0.9433333333333334,request_rescan,6.419473
7406,7406,0.9433333333333334,discard,6.420021
7407,7407,0.9433333333333334,discard,6.420583
7408,7408,0.9433333333333334,discard,6.421129
7409,7409,0.9433333333333334,request_rescan,6.421659
7410,7410,0.9433333333333334,discard,6.422206
7411,7411,0.9433333333333334,request_rescan,6.422764
7412,7412,0.9433333333333334,request_rescan,6.423324
7413,7413,0.9433333333333334,request_rescan,6.423882
7414,7414,0.9433333333333334,discard,6.424442
7415,7415,0.9433333333333334,discard,6.424987
7416,7416,0.9433333333333334,request_rescan,6.425545
7417,7417,0.9433333333333334,discard,6.426113
7418,7418,0.9433333333333334,discard,6.42666
7419,7419,0.9433333333333334,discard,6.427248
7420,7420,0.9433333333333334,request_rescan,6.427815
7421,7421,0.9433333333333334,request_rescan,6.42838
7422,7422,0.9433333333333334,request_rescan,6.42894
7423,7423,0.9433333333333334,discard,6.429505
7424,7424,0.9433333333333334,discard,6.430053
7425,7425,0.9433333333333334,request_rescan,6.47301
7426,7426,0.9433333333333334,discard,6.473659
7427,7427,0.76,discard,6.474226
7428,7428,0.9433333333333334,discard,6.474782
7429,7429,0.9433333333333334,request_rescan,6.475352
7430,7430,0.9433333333333334,request_rescan,6.475915
7431,7431,0.9433333333333334,request_rescan,6.476473
7432,7432,0.9433333333333334,discard,6.477036
7433,7433,0.9433333333333334,request_rescan,6.477588
7434,7434,0.9433333333333334,request_rescan,6.478159
7435,7435,0.9433333333333334,request_rescan,6.478708
7436,7436,0.9433333333333334,request_rescan,6.479261
7437,7437,0.9433333333333334,discard,6.479821
7438,7438,0.9433333333333334,request_rescan,6.480385
7439,7439,0.9433333333333334,discard,6.480953
7440,7440,0.9433333333333334,request_rescan,6.481502
7441,7441,0.9433333333333334,request_rescan,6.482069
7442,7442,0.9433333333333334,discard,6.482618
7443,7443,0.9433333333333334,request_rescan,6.483195
7444,7444,0.9433333333333334,discard,6.483747
7445,7445,0.9433333333333334,request_rescan,6.484317
7446,7446,0.9433333333333334,request_rescan,6.48488
7447,7447,0.9433333333333334,request_rescan,6.485461
7448,7448,0.9433333333333334,discard,6.486025
7449,7449,0.9433333333333334,discard,6.486581
7450,7450,0.9433333333333334,request_rescan,6.487253
7451,7451,0.9433333333333334,request_rescan,6.487835
7452,7452,0.9433333333333334,discard,6.488378
7453,7453,0.9433333333333334,discard,6.488933
7454,7454,0.9433333333333334,request_rescan,6.489477
7455,7455,0.9433333333333334,discard,6.490027
7456,7456,0.9433333333333334,discard,6.490557
7457,7457,0.9433333333333334,discard,6.491101
7458,7458,0.9433333333333334,discard,6.49162
7459,7459,0.9433333333333334,request_rescan,6.492179
7460,7460,0.9433333333333334,discard,6.492708
7461,7461,0.9433333333333334,discard,6.493274
7462,7462,0.9433333333333334,discard,6.4938
7463,7463,0.9433333333333334,request_rescan,6.494342
7464,7464,0.9433333333333334,discard,6.49487
7465,7465,0.9433333333333334,discard,6.495441
7466,7466,0.9433333333333334,discard,6.496293
7467,7467,0.9433333333333334,discard,6.497184
7468,7468,0.9433333333333334,discard,6.497719
7469,7469,0.9433333333333334,discard,6.498268
7470,7470,0.9433333333333334,request_rescan,6.498797
7471,7471,0.9433333333333334,request_rescan,6.499337
7472,7472,0.9433333333333334,discard,6.499854
7473,7473,0.9433333333333334,request_rescan,6.500382
7474,7474,0.9433333333333334,request_rescan,6.500905
7475,7475,0.9433333333333334,request_rescan,6.501434
7476,7476,0.9433333333333334,request_rescan,6.501963
7477,7477,0.9433333333333334,discard,6.502488
7478,7478,0.9433333333333334,request_rescan,6.503008
7479,7479,0.9433333333333334,request_rescan,6.503538
7480,7480,0.9433333333333334,discard,6.504109
7481,7481,0.9433333333333334,discard,6.504634
7482,7482,0.76,discard,6.505164
7483,7483,0.9433333333333334,discard,6.5057
7484,7484,0.9433333333333334,request_rescan,6.506227
7485,7485,0.9433333333333334,request_rescan,6.506754
7486,7486,0.9433333333333334,discard,6.507278
7487,7487,0.9433333333333334,request_rescan,6.507798
7488,7488,0.76,discard,6.508331
7489,7489,0.9433333333333334,request_rescan,6.508852
7490,7490,0.9433333333333334,request_rescan,6.509365
7491,7491,0.9433333333333334,request_rescan,6.509888
7492,7492,0.9433333333333334,discard,6.510426
7493,7493,0.9433333333333334,discard,6.510959
7494,7494,0.9433333333333334,discard,6.511514
7495,7495,0.9433333333333334,discard,6.512058
7496,7496,0.9433333333333334,request_rescan,6.512589
7497,7497,0.9433333333333334,request_rescan,6.513121
7498,7498,0.9433333333333334,request_rescan,6.513649
7499,7499,0.9433333333333334,request_rescan,6.514195
7500,7500,0.9433333333333334,request_rescan,6.514733
7501,7501,0.9433333333333334,discard,6.51618
7502,7502,0.9433333333333334,request_rescan,6.516711
7503,7503,0.9433333333333334,request_rescan,6.517272
7504,7504,0.9433333333333334,discard,6.517791
7505,7505,0.9433333333333334,request_rescan,6.518363
7506,7506,0.9433333333333334,request_rescan,6.518888
7507,7507,0.9433333333333334,discard,6.519448
7508,7508,0.9433333333333334,request_rescan,6.519979
7509,7509,0.9433333333333334,request_rescan,6.520534
7510,7510,0.9433333333333334,discard,6.52165
7511,7511,0.9433333333333334,request_rescan,6.522859
7512,7512,0.9433333333333334,request_rescan,6.523988
7513,7513,0.9433333333333334,discard,6.5251
7514,7514,0.9433333333333334,discard,6.526216
7515,7515,0.9433333333333334,request_rescan,6.527413
7516,7516,0.9433333333333334,request_rescan,6.528037
7517,7517,0.9433333333333334,discard,6.528612
7518,7518,0.76,discard,6.529358
7519,7519,0.9433333333333334,discard,6.529923
7520,7520,0.76,request_rescan,6.530541
7521,7521,0.9433333333333334,discard,6.531124
7522,7522,0.9433333333333334,discard,6.53166
7523,7523,0.9433333333333334,discard,6.532608
7524,7524,0.9433333333333334,discard,6.533631
7525,7525,0.9433333333333334,request_rescan,6.53417
7526,7526,0.9433333333333334,discard,6.534696
7527,7527,0.9433333333333334,request_rescan,6.535272
7528,7528,0.9433333333333334,discard,6.535794
7529,7529,0.9433333333333334,discard,6.53634
7530,7530,0.9433333333333334,discard,6.536859
7531,7531,0.9433333333333334,request_rescan,6.537438
7532,7532,0.9433333333333334,discard,6.537976
7533,7533,0.9433333333333334,request_rescan,6.538502
7534,7534,0.9433333333333334,request_rescan,6.539072
7535,7535,0.9433333333333334,discard,6.539601
7536,7536,0.9433333333333334,request_rescan,6.540146
7537,7537,0.9433333333333334,request_rescan,6.540685
7538,7538,0.9433333333333334,request_rescan,6.541233
7539,7539,0.9433333333333334,discard,6.541765
7540,7540,0.9433333333333334,discard,6.5423
7541,7541,0.9433333333333334,request_rescan,6.542808
7542,7542,0.9433333333333334,request_rescan,6.543354
7543,7543,0.9433333333333334,request_rescan,6.543872
7544,7544,0.9433333333333334,request_rescan,6.544425
7545,7545,0.9433333333333334,request_rescan,6.544984
7546,7546,0.9433333333333334,discard,6.545564
7547,7547,0.9433333333333334,discard,6.54611
7548,7548,0.9433333333333334,discard,6.546676
7549,7549,0.9433333333333334,request_rescan,6.547224
7550,7550,0.9433333333333334,request_rescan,6.547754
7551,7551,0.9433333333333334,request_rescan,6.548518
7552,7552,0.9433333333333334,request_rescan,6.549088
7553,7553,0.9433333333333334,request_rescan,6.581289
7554,7554,0.76,request_rescan,6.581892
7555,7555,0.76,discard,6.582453
7556,7556,0.9433333333333334,discard,6.583018
7557,7557,0.9433333333333334,discard,6.583567
7558,7558,0.9433333333333334,request_rescan,6.584132
7559,7559,0.9433333333333334,discard,6.584674
7560,7560,0.9433333333333334,request_rescan,6.585242
7561,7561,0.9433333333333334,discard,6.5858
7562,7562,0.9433333333333334,request_rescan,6.586359
7563,7563,0.9433333333333334,discard,6.586897
7564,7564,0.9433333333333334,request_rescan,6.587507
7565,7565,0.9433333333333334,discard,6.588088
7566,7566,0.9433333333333334,discard,6.588645
7567,7567,0.9433333333333334,discard,6.589235
7568,7568,0.9433333333333334,request_rescan,6.589792
7569,7569,0.9433333333333334,request_rescan,6.590361
7570,7570,0.9433333333333334,discard,6.590909
7571,7571,0.9433333333333334,request_rescan,6.591465
7572,7572,0.9433333333333334,discard,6.59203
7573,7573,0.9433333333333334,request_rescan,6.592586
7574,7574,0.9433333333333334,discard,6.593143
7575,7575,0.9433333333333334,discard,6.593688
7576,7576,0.9433333333333334,request_rescan,6.594262
7577,7577,0.9433333333333334,request_rescan,6.594854
7578,7578,0.9433333333333334,request_rescan,6.59542
7579,7579,0.9433333333333334,request_rescan,6.596004
7580,7580,0.9433333333333334,discard,6.596582
7581,7581,0.9433333333333334,discard,6.597129
7582,7582,0.9433333333333334,request_rescan,6.597692
7583,7583,0.9433333333333334,request_rescan,6.598681
7584,7584,0.9433333333333334,discard,6.599735
7585,7585,0.9433333333333334,request_rescan,6.600297
7586,7586,0.9433333333333334,request_rescan,6.600846
7587,7587,0.9433333333333334,discard,6.601418
7588,7588,0.9433333333333334,discard,6.601967
7589,7589,0.9433333333333334,request_rescan,6.602545
7590,7590,0.9433333333333334,request_rescan,6.603091
7591,7591,0.9433333333333334,request_rescan,6.603654
7592,7592,0.9433333333333334,request_rescan,6.604243
7593,7593,0.9433333333333334,discard,6.604801
7594,7594,0.9433333333333334,request_rescan,6.605354
7595,7595,0.9433333333333334,discard,6.605914
7596,7596,0.9433333333333334,request_rescan,6.606461
7597,7597,0.9433333333333334,discard,6.607016
7598,7598,0.9433333333333334,request_rescan,6.607563
7599,7599,0.9433333333333334,request_rescan,6.608127
7600,7600,0.9433333333333334,request_rescan,6.60867
7601,7601,0.9433333333333334,request_rescan,6.610122
7602,7602,0.9433333333333334,discard,6.610673
7603,7603,0.9433333333333334,discard,6.611254
7604,7604,0.76,request_rescan,6.611809
7605,7605,0.9433333333333334,request_rescan,6.612363
7606,7606,0.9433333333333334,request_rescan,6.612915
7607,7607,0.9433333333333334,discard,6.613471
7608,7608,0.9433333333333334,request_rescan,6.614023
7609,7609,0.9433333333333334,request_rescan,6.614566
7610,7610,0.9433333333333334,request_rescan,6.615135
7611,7611,0.76,request_rescan,6.615685
7612,7612,0.9433333333333334,request_rescan,6.616252
7613,7613,0.9433333333333334,discard,6.616805
7614,7614,0.9433333333333334,request_rescan,6.61736
7615,7615,0.9433333333333334,request_rescan,6.617917
7616,7616,0.9433333333333334,discard,6.618474
7617,7617,0.9433333333333334,request_rescan,6.619023
7618,7618,0.9433333333333334,request_rescan,6.61958
7619,7619,0.9433333333333334,request_rescan,6.620127
7620,7620,0.9433333333333334,request_rescan,6.620727
7621,7621,0.9433333333333334,discard,6.621282
7622,7622,0.9433333333333334,discard,6.62195
7623,7623,0.9433333333333334,discard,6.622531
7624,7624,0.9433333333333334,discard,6.623087
7625,7625,0.9433333333333334,discard,6.623624
7626,7626,0.9433333333333334,discard,6.624178
7627,7627,0.9433333333333334,discard,6.624724
7628,7628,0.9433333333333334,request_rescan,6.625284
7629,7629,0.9433333333333334,request_rescan,6.625828
7630,7630,0.9433333333333334,request_rescan,6.626402
7631,7631,0.9433333333333334,request_rescan,6.626964
7632,7632,0.9433333333333334,discard,6.627535
7633,7633,0.9433333333333334,discard,6.628086
7634,7634,0.9433333333333334,request_rescan,6.628647
7635,7635,0.9433333333333334,request_rescan,6.629248
7636,7636,0.9433333333333334,request_rescan,6.629812
7637,7637,0.9433333333333334,discard,6.630391
7638,7638,0.9433333333333334,discard,6.630949
7639,7639,0.9433333333333334,request_rescan,6.631498
7640,7640,0.9433333333333334,discard,6.632084
7641,7641,0.9433333333333334,discard,6.632652
7642,7642,0.9433333333333334,discard,6.633211
7643,7643,0.9433333333333334,request_rescan,6.634176
7644,7644,0.9433333333333334,request_rescan,6.635143
7645,7645,0.9433333333333334,request_rescan,6.635696
7646,7646,0.9433333333333334,request_rescan,6.636245
7647,7647,0.9433333333333334,discard,6.636808
7648,7648,0.9433333333333334,request_rescan,6.637419
7649,7649,0.9433333333333334,discard,6.637992
7650,7650,0.9433333333333334,discard,6.638545
7651,7651,0.9433333333333334,discard,6.639128
7652,7652,0.9433333333333334,request_rescan,6.63973
7653,7653,0.9433333333333334,request_rescan,6.640292
7654,7654,0.9433333333333334,discard,6.640846
7655,7655,0.9433333333333334,request_rescan,6.641407
7656,7656,0.9433333333333334,request_rescan,6.641978
7657,7657,0.9433333333333334,discard,6.642526
7658,7658,0.9433333333333334,request_rescan,6.643089
7659,7659,0.9433333333333334,discard,6.643631
7660,7660,0.9433333333333334,request_rescan,6.644201
7661,7661,0.9433333333333334,request_rescan,6.644752
7662,7662,0.9433333333333334,discard,6.645335
7663,7663,0.9433333333333334,discard,6.645932
7664,7664,0.9433333333333334,discard,6.64658
7665,7665,0.9433333333333334,discard,6.647143
7666,7666,0.9433333333333334,discard,6.647684
7667,7667,0.9433333333333334,discard,6.648262
7668,7668,0.9433333333333334,request_rescan,6.648808
7669,7669,0.9433333333333334,request_rescan,6.649386
7670,7670,0.9433333333333334,discard,6.649927
7671,7671,0.9433333333333334,discard,6.650491
7672,7672,0.9433333333333334,request_rescan,6.651344
7673,7673,0.9433333333333334,discard,6.652013
7674,7674,0.9433333333333334,request_rescan,6.652568
7675,7675,0.9433333333333334,request_rescan,6.653133
7676,7676,0.9433333333333334,request_rescan,6.653681
7677,7677,0.9433333333333334,request_rescan,6.654292
7678,7678,0.9433333333333334,discard,6.654843
7679,7679,0.9433333333333334,request_rescan,6.655419
7680,7680,0.9433333333333334,request_rescan,6.655978
7681,7681,0.9433333333333334,request_rescan,6.690091
7682,7682,0.9433333333333334,request_rescan,6.690701
7683,7683,0.9433333333333334,request_rescan,6.691258
7684,7684,0.9433333333333334,request_rescan,6.691822
7685,7685,0.9433333333333334,discard,6.692411
7686,7686,0.9433333333333334,request_rescan,6.69297
7687,7687,0.9433333333333334,discard,6.693513
7688,7688,0.9433333333333334,discard,6.694079
7689,7689,0.9433333333333334,discard,6.694625
7690,7690,0.9433333333333334,request_rescan,6.695193
7691,7691,0.9433333333333334,request_rescan,6.695967
7692,7692,0.9433333333333334,discard,6.696606
7693,7693,0.9433333333333334,request_rescan,6.697167
7694,7694,0.9433333333333334,discard,6.697732
7695,7695,0.9433333333333334,discard,6.698298
7696,7696,0.9433333333333334,request_rescan,6.69887
7697,7697,0.9433333333333334,discard,6.699424
7698,7698,0.9433333333333334,discard,6.699986
7699,7699,0.9433333333333334,discard,6.700529
7700,7700,0.9433333333333334,request_rescan,6.701551
7701,7701,0.9433333333333334,discard,6.703069
7702,7702,0.76,discard,6.70362
7703,7703,0.9433333333333334,discard,6.704224
7704,7704,0.9433333333333334,request_rescan,6.704772
7705,7705,0.9433333333333334,discard,6.705349
7706,7706,0.9433333333333334,discard,6.705902
7707,7707,0.9433333333333334,discard,6.706473
7708,7708,0.9433333333333334,discard,6.707033
7709,7709,0.9433333333333334,discard,6.707588
7710,7710,0.9433333333333334,request_rescan,6.708167
7711,7711,0.9433333333333334,request_rescan,6.708727
7712,7712,0.9433333333333334,request_rescan,6.709291
7713,7713,0.9433333333333334,request_rescan,6.709836
7714,7714,0.9433333333333334,discard,6.710394
7715,7715,0.9433333333333334,discard,6.710954
7716,7716,0.9433333333333334,request_rescan,6.711504
7717,7717,0.76,discard,6.71207
7718,7718,0.9433333333333334,request_rescan,6.712621
7719,7719,0.9433333333333334,discard,6.713185
7720,7720,0.9433333333333334,discard,6.713726
7721,7721,0.9433333333333334,discard,6.714292
7722,7722,0.9433333333333334,request_rescan,6.714842
7723,7723,0.9433333333333334,request_rescan,6.715409
7724,7724,0.9433333333333334,request_rescan,6.715959
7725,7725,0.9433333333333334,request_rescan,6.716521
7726,7726,0.9433333333333334,request_rescan,6.717089
7727,7727,0.9433333333333334,request_rescan,6.717643
7728,7728,0.76,discard,6.718216
7729,7729,0.9433333333333334,discard,6.718796
7730,7730,0.9433333333333334,request_rescan,6.7194
7731,7731,0.9433333333333334,discard,6.719989
7732,7732,0.9433333333333334,request_rescan,6.720951
7733,7733,0.9433333333333334,discard,6.721898
7734,7734,0.9433333333333334,discard,6.722492
7735,7735,0.9433333333333334,discard,6.723047
7736,7736,0.9433333333333334,request_rescan,6.723598
7737,7737,0.9433333333333334,discard,6.724171
7738,7738,0.9433333333333334,discard,6.724728
7739,7739,0.9433333333333334,discard,6.725289
7740,7740,0.9433333333333334,request_rescan,6.72587
7741,7741,0.9433333333333334,discard,6.72643
7742,7742,0.9433333333333334,discard,6.726995
7743,7743,0.9433333333333334,discard,6.72756
7744,7744,0.9433333333333334,discard,6.728118
7745,7745,0.9433333333333334,request_rescan,6.728707
7746,7746,0.9433333333333334,request_rescan,6.729262
7747,7747,0.9433333333333334,request_rescan,6.729823
7748,7748,0.9433333333333334,request_rescan,6.73039
7749,7749,0.76,discard,6.730937
7750,7750,0.9433333333333334,request_rescan,6.731527
7751,7751,0.9433333333333334,discard,6.732075
7752,7752,0.9433333333333334,discard,6.732635
7753,7753,0.9433333333333334,discard,6.733193
7754,7754,0.9433333333333334,request_rescan,6.733755
7755,7755,0.9433333333333334,discard,6.734315
7756,7756,0.9433333333333334,request_rescan,6.734875
7757,7757,0.9433333333333334,request_rescan,6.735441
7758,7758,0.9433333333333334,discard,6.736006
7759,7759,0.9433333333333334,request_rescan,6.736557
7760,7760,0.9433333333333334,discard,6.737152
7761,7761,0.9433333333333334,request_rescan,6.737701
7762,7762,0.9433333333333334,discard,6.738266
7763,7763,0.9433333333333334,discard,6.738818
7764,7764,0.9433333333333334,discard,6.739371
7765,7765,0.9433333333333334,discard,6.739916
7766,7766,0.9433333333333334,request_rescan,6.740497
7767,7767,0.76,discard,6.74105
7768,7768,0.9433333333333334,discard,6.741592
7769,7769,0.9433333333333334,discard,6.742155
7770,7770,0.9433333333333334,discard,6.742704
7771,7771,0.9433333333333334,discard,6.743267
7772,7772,0.9433333333333334,discard,6.74382
7773,7773,0.9433333333333334,request_rescan,6.744388
7774,7774,0.9433333333333334,request_rescan,6.744965
7775,7775,0.9433333333333334,discard,6.745906
7776,7776,0.9433333333333334,discard,6.747105
7777,7777,0.9433333333333334,request_rescan,6.747652
7778,7778,0.9433333333333334,discard,6.748232
7779,7779,0.9433333333333334,request_rescan,6.74878
7780,7780,0.9433333333333334,request_rescan,6.749373
7781,7781,0.9433333333333334,discard,6.749964
7782,7782,0.9433333333333334,discard,6.750526
7783,7783,0.9433333333333334,request_rescan,6.751075
7784,7784,0.9433333333333334,request_rescan,6.751628
7785,7785,0.9433333333333334,request_rescan,6.752169
7786,7786,0.9433333333333334,request_rescan,6.752718
7787,7787,0.9433333333333334,request_rescan,6.753265
7788,7788,0.9433333333333334,discard,6.753878
7789,7789,0.9433333333333334,request_rescan,6.754452
7790,7790,0.9433333333333334,discard,6.755008
7791,7791,0.9433333333333334,request_rescan,6.755577
7792,7792,0.9433333333333334,discard,6.75612
7793,7793,0.9433333333333334,discard,6.756664
7794,7794,0.9433333333333334,discard,6.757216
7795,7795,0.9433333333333334,request_rescan,6.757756
7796,7796,0.9433333333333334,request_rescan,6.758314
7797,7797,0.9433333333333334,discard,6.758911
7798,7798,0.9433333333333334,discard,6.759488
7799,7799,0.9433333333333334,request_rescan,6.760033
7800,7800,0.9433333333333334,discard,6.76062
7801,7801,0.9433333333333334,discard,6.762145
7802,7802,0.9433333333333334,discard,6.762695
7803,7803,0.9433333333333334,discard,6.763316
7804,7804,0.9433333333333334,discard,6.76385
7805,7805,0.9433333333333334,discard,6.764445
7806,7806,0.9433333333333334,discard,6.764991
7807,7807,0.9433333333333334,discard,6.765555
7808,7808,0.9433333333333334,request_rescan,6.766098
7809,7809,0.9433333333333334,discard,6.798648
7810,7810,0.9433333333333334,request_rescan,6.799295
7811,7811,0.9433333333333334,request_rescan,6.799878
7812,7812,0.9433333333333334,discard,6.800471
7813,7813,0.9433333333333334,request_rescan,6.801077
7814,7814,0.9433333333333334,discard,6.801645
7815,7815,0.9433333333333334,discard,6.802207
7816,7816,0.9433333333333334,discard,6.802772
7817,7817,0.9433333333333334,request_rescan,6.80336
7818,7818,0.9433333333333334,discard,6.803915
7819,7819,0.9433333333333334,request_rescan,6.804472
7820,7820,0.9433333333333334,discard,6.805036
7821,7821,0.9433333333333334,request_rescan,6.805991
7822,7822,0.9433333333333334,discard,6.806688
7823,7823,0.9433333333333334,discard,6.807252
7824,7824,0.9433333333333334,request_rescan,6.80781
7825,7825,0.9433333333333334,request_rescan,6.80839
7826,7826,0.9433333333333334,request_rescan,6.808939
7827,7827,0.76,request_rescan,6.809502
7828,7828,0.9433333333333334,request_rescan,6.810054
7829,7829,0.9433333333333334,discard,6.810608
7830,7830,0.9433333333333334,discard,6.811162
7831,7831,0.9433333333333334,request_rescan,6.811729
7832,7832,0.9433333333333334,request_rescan,6.812283
7833,7833,0.9433333333333334,request_rescan,6.812831
7834,7834,0.9433333333333334,discard,6.813383
7835,7835,0.9433333333333334,request_rescan,6.813927
7836,7836,0.9433333333333334,request_rescan,6.814485
7837,7837,0.9433333333333334,discard,6.815028
7838,7838,0.9433333333333334,request_rescan,6.815582
7839,7839,0.9433333333333334,request_rescan,6.816138
7840,7840,0.9433333333333334,discard,6.816693
7841,7841,0.9433333333333334,discard,6.817255
7842,7842,0.9433333333333334,discard,6.817806
7843,7843,0.9433333333333334,request_rescan,6.81837
7844,7844,0.9433333333333334,discard,6.818915
7845,7845,0.9433333333333334,discard,6.819461
7846,7846,0.9433333333333334,request_rescan,6.820022
7847,7847,0.9433333333333334,request_rescan,6.820606
7848,7848,0.9433333333333334,discard,6.821168
7849,7849,0.9433333333333334,request_rescan,6.821715
7850,7850,0.9433333333333334,request_rescan,6.822297
7851,7851,0.9433333333333334,discard,6.822839
7852,7852,0.9433333333333334,request_rescan,6.823395
7853,7853,0.9433333333333334,request_rescan,6.823938
7854,7854,0.9433333333333334,discard,6.824486
7855,7855,0.9433333333333334,request_rescan,6.825049
7856,7856,0.9433333333333334,request_rescan,6.825589
7857,7857,0.9433333333333334,discard,6.826157
7858,7858,0.9433333333333334,discard,6.826727
7859,7859,0.9433333333333334,request_rescan,6.827315
7860,7860,0.9433333333333334,request_rescan,6.827857
7861,7861,0.9433333333333334,discard,6.828396
7862,7862,0.9433333333333334,request_rescan,6.828917
7863,7863,0.9433333333333334,request_rescan,6.829458
7864,7864,0.9433333333333334,discard,6.829982
7865,7865,0.9433333333333334,request_rescan,6.830515
7866,7866,0.9433333333333334,request_rescan,6.83104
7867,7867,0.9433333333333334,discard,6.831575
7868,7868,0.9433333333333334,discard,6.83211
7869,7869,0.9433333333333334,request_rescan,6.832636
7870,7870,0.9433333333333334,request_rescan,6.833179
7871,7871,0.9433333333333334,discard,6.8337
7872,7872,0.9433333333333334,request_rescan,6.834231
7873,7873,0.76,discard,6.834751
7874,7874,0.9433333333333334,request_rescan,6.83531
7875,7875,0.9433333333333334,discard,6.835837
7876,7876,0.9433333333333334,request_rescan,6.836393
7877,7877,0.9433333333333334,discard,6.836951
7878,7878,0.9433333333333334,request_rescan,6.837525
7879,7879,0.9433333333333334,discard,6.838058
7880,7880,0.9433333333333334,request_rescan,6.838586
7881,7881,0.9433333333333334,request_rescan,6.839134
7882,7882,0.9433333333333334,discard,6.83967
7883,7883,0.9433333333333334,discard,6.840194
7884,7884,0.9433333333333334,request_rescan,6.840723
7885,7885,0.9433333333333334,request_rescan,6.841248
7886,7886,0.9433333333333334,discard,6.841788
7887,7887,0.9433333333333334,discard,6.842313
7888,7888,0.9433333333333334,request_rescan,6.842848
7889,7889,0.9433333333333334,request_rescan,6.84341
7890,7890,0.9433333333333334,request_rescan,6.84395
7891,7891,0.76,discard,6.844479
7892,7892,0.9433333333333334,request_rescan,6.845651
7893,7893,0.9433333333333334,discard,6.84627
7894,7894,0.9433333333333334,request_rescan,6.846813
7895,7895,0.9433333333333334,request_rescan,6.847347
7896,7896,0.9433333333333334,request_rescan,6.847882
7897,7897,0.9433333333333334,request_rescan,6.848422
7898,7898,0.9433333333333334,request_rescan,6.848969
7899,7899,0.9433333333333334,discard,6.849495
7900,7900,0.9433333333333334,request_rescan,6.850023
7901,7901,0.9433333333333334,request_rescan,6.851443
7902,7902,0.9433333333333334,request_rescan,6.852009
7903,7903,0.9433333333333334,request_rescan,6.85255
7904,7904,0.9433333333333334,request_rescan,6.853092
7905,7905,0.9433333333333334,discard,6.853641
7906,7906,0.9433333333333334,discard,6.854219
7907,7907,0.9433333333333334,request_rescan,6.854786
7908,7908,0.9433333333333334,discard,6.855343
7909,7909,0.9433333333333334,request_rescan,6.855876
7910,7910,0.9433333333333334,discard,6.856428
7911,7911,0.9433333333333334,discard,6.856984
7912,7912,0.9433333333333334,discard,6.857553
7913,7913,0.9433333333333334,request_rescan,6.858099
7914,7914,0.9433333333333334,discard,6.85865
7915,7915,0.9433333333333334,discard,6.859203
7916,7916,0.9433333333333334,discard,6.859754
7917,7917,0.9433333333333334,request_rescan,6.860304
7918,7918,0.9433333333333334,request_rescan,6.860862
7919,7919,0.9433333333333334,request_rescan,6.861414
7920,7920,0.9433333333333334,discard,6.861977
7921,7921,0.9433333333333334,discard,6.862542
7922,7922,0.9433333333333334,request_rescan,6.863119
7923,7923,0.9433333333333334,discard,6.863676
7924,7924,0.76,request_rescan,6.864264
7925,7925,0.9433333333333334,request_rescan,6.864828
7926,7926,0.9433333333333334,request_rescan,6.865387
7927,7927,0.9433333333333334,request_rescan,6.865929
7928,7928,0.9433333333333334,request_rescan,6.866521
7929,7929,0.9433333333333334,discard,6.867066
7930,7930,0.9433333333333334,discard,6.867625
7931,7931,0.9433333333333334,request_rescan,6.868637
7932,7932,0.9433333333333334,discard,6.870246
7933,7933,0.9433333333333334,discard,6.871733
7934,7934,0.9433333333333334,request_rescan,6.872862
7935,7935,0.9433333333333334,discard,6.873697
7936,7936,0.9433333333333334,discard,6.874268
7937,7937,0.9433333333333334,discard,6.908713
7938,7938,0.9433333333333334,request_rescan,6.909339
7939,7939,0.76,request_rescan,6.90992
7940,7940,0.9433333333333334,discard,6.910488
7941,7941,0.76,discard,6.911058
7942,7942,0.9433333333333334,request_rescan,6.911743
7943,7943,0.9433333333333334,discard,6.912358
7944,7944,0.9433333333333334,discard,6.912926
7945,7945,0.9433333333333334,request_rescan,6.913505
7946,7946,0.76,discard,6.914081
7947,7947,0.9433333333333334,request_rescan,6.914642
7948,7948,0.9433333333333334,request_rescan,6.915227
7949,7949,0.9433333333333334,request_rescan,6.915781
7950,7950,0.9433333333333334,discard,6.916359
7951,7951,0.9433333333333334,discard,6.91691
7952,7952,0.9433333333333334,discard,6.917474
7953,7953,0.9433333333333334,request_rescan,6.918035
7954,7954,0.9433333333333334,request_rescan,6.918607
7955,7955,0.9433333333333334,discard,6.919174
7956,7956,0.9433333333333334,discard,6.919742
7957,7957,0.9433333333333334,request_rescan,6.920298
7958,7958,0.9433333333333334,request_rescan,6.920869
7959,7959,0.9433333333333334,request_rescan,6.921427
7960,7960,0.9433333333333334,request_rescan,6.921995
7961,7961,0.9433333333333334,discard,6.922554
7962,7962,0.9433333333333334,request_rescan,6.923109
7963,7963,0.9433333333333334,request_rescan,6.92368
7964,7964,0.9433333333333334,discard,6.924245
7965,7965,0.9433333333333334,discard,6.92481
7966,7966,0.9433333333333334,request_rescan,6.925382
7967,7967,0.9433333333333334,discard,6.925946
7968,7968,0.9433333333333334,discard,6.926506
7969,7969,0.9433333333333334,request_rescan,6.927087
7970,7970,0.9433333333333334,request_rescan,6.927643
7971,7971,0.9433333333333334,discard,6.928232
7972,7972,0.9433333333333334,request_rescan,6.928782
7973,7973,0.9433333333333334,request_rescan,6.929349
7974,7974,0.9433333333333334,discard,6.92991
7975,7975,0.9433333333333334,discard,6.930501
7976,7976,0.9433333333333334,discard,6.931073
7977,7977,0.9433333333333334,discard,6.931628
7978,7978,0.9433333333333334,request_rescan,6.932319
7979,7979,0.9433333333333334,request_rescan,6.932926
7980,7980,0.9433333333333334,discard,6.933481
7981,7981,0.9433333333333334,request_rescan,6.934055
7982,7982,0.9433333333333334,request_rescan,6.934605
7983,7983,0.9433333333333334,discard,6.935171
7984,7984,0.9433333333333334,discard,6.935717
7985,7985,0.9433333333333334,request_rescan,6.936293
7986,7986,0.9433333333333334,discard,6.936845
7987,7987,0.9433333333333334,discard,6.93748
7988,7988,0.9433333333333334,request_rescan,6.938044
7989,7989,0.9433333333333334,request_rescan,6.938618
7990,7990,0.9433333333333334,discard,6.93918
7991,7991,0.9433333333333334,discard,6.939734
7992,7992,0.9433333333333334,discard,6.940301
7993,7993,0.9433333333333334,request_rescan,6.940842
7994,7994,0.9433333333333334,discard,6.941398
7995,7995,0.9433333333333334,request_rescan,6.941956
7996,7996,0.9433333333333334,discard,6.94251
7997,7997,0.9433333333333334,discard,6.943061
7998,7998,0.9433333333333334,discard,6.943603
7999,7999,0.9433333333333334,discard,6.944168
8000,8000,0.9433333333333334,discard,6.94475
8001,8001,0.9433333333333334,request_rescan,6.946791
8002,8002,0.9433333333333334,discard,6.947393
8003,8003,0.9433333333333334,discard,6.947948
8004,8004,0.9433333333333334,request_rescan,6.948536
8005,8005,0.9433333333333334,request_rescan,6.94913
8006,8006,0.9433333333333334,request_rescan,6.949722
8007,8007,0.9433333333333334,request_rescan,6.950316
8008,8008,0.9433333333333334,request_rescan,6.950864
8009,8009,0.9433333333333334,request_rescan,6.951459
8010,8010,0.9433333333333334,discard,6.952058
8011,8011,0.9433333333333334,discard,6.95262
8012,8012,0.9433333333333334,request_rescan,6.953219
8013,8013,0.9433333333333334,request_rescan,6.953824
8014,8014,0.9433333333333334,discard,6.954394
8015,8015,0.9433333333333334,discard,6.954936
8016,8016,0.9433333333333334,discard,6.955521
8017,8017,0.76,request_rescan,6.956096
8018,8018,0.9433333333333334,discard,6.956643
8019,8019,0.9433333333333334,discard,6.957222
8020,8020,0.9433333333333334,request_rescan,6.95777
8021,8021,0.9433333333333334,request_rescan,6.958346
8022,8022,0.9433333333333334,discard,6.958904
8023,8023,0.9433333333333334,discard,6.959519
8024,8024,0.9433333333333334,request_rescan,6.960064
8025,8025,0.9433333333333334,discard,6.96063
8026,8026,0.9433333333333334,request_rescan,6.961191
8027,8027,0.9433333333333334,discard,6.961776
8028,8028,0.9433333333333334,discard,6.962343
8029,8029,0.9433333333333334,discard,6.962934
8030,8030,0.9433333333333334,request_rescan,6.963508
8031,8031,0.9433333333333334,request_rescan,6.964095
8032,8032,0.9433333333333334,request_rescan,6.964682
8033,8033,0.9433333333333334,request_rescan,6.9653
8034,8034,0.9433333333333334,discard,6.966256
8035,8035,0.9433333333333334,discard,6.967289
8036,8036,0.9433333333333334,request_rescan,6.967848
8037,8037,0.9433333333333334,request_rescan,6.96845
8038,8038,0.9433333333333334,request_rescan,6.969019
8039,8039,0.9433333333333334,discard,6.96957
8040,8040,0.9433333333333334,request_rescan,6.970139
8041,8041,0.9433333333333334,discard,6.970755
8042,8042,0.9433333333333334,discard,6.971371
8043,8043,0.9433333333333334,discard,6.971987
8044,8044,0.9433333333333334,discard,6.97257
8045,8045,0.9433333333333334,discard,6.973148
8046,8046,0.9433333333333334,discard,6.973705
8047,8047,0.9433333333333334,request_rescan,6.97428
8048,8048,0.9433333333333334,request_rescan,6.974851
8049,8049,0.9433333333333334,discard,6.975417
8050,8050,0.9433333333333334,discard,6.975989
8051,8051,0.9433333333333334,request_rescan,6.976547
8052,8052,0.9433333333333334,discard,6.978184
8053,8053,0.9433333333333334,discard,6.97886
8054,8054,0.9433333333333334,discard,6.979697
8055,8055,0.9433333333333334,discard,6.980617
8056,8056,0.9433333333333334,discard,6.981178
8057,8057,0.9433333333333334,request_rescan,6.98173
8058,8058,0.9433333333333334,request_rescan,6.982287
8059,8059,0.9433333333333334,request_rescan,6.982838
8060,8060,0.9433333333333334,discard,6.983394
8061,8061,0.9433333333333334,request_rescan,6.983977
8062,8062,0.9433333333333334,request_rescan,6.984551
8063,8063,0.9433333333333334,discard,6.985142
8064,8064,0.9433333333333334,request_rescan,6.985697
8065,8065,0.9433333333333334,discard,7.017615
8066,8066,0.9433333333333334,request_rescan,7.018318
8067,8067,0.9433333333333334,discard,7.018889
8068,8068,0.9433333333333334,discard,7.019452
8069,8069,0.9433333333333334,request_rescan,7.020009
8070,8070,0.9433333333333334,discard,7.020608
8071,8071,0.9433333333333334,discard,7.02117
8072,8072,0.9433333333333334,request_rescan,7.021734
8073,8073,0.9433333333333334,request_rescan,7.022282
8074,8074,0.9433333333333334,discard,7.02286
8075,8075,0.9433333333333334,discard,7.023429
8076,8076,0.9433333333333334,request_rescan,7.023987
8077,8077,0.9433333333333334,discard,7.024541
8078,8078,0.9433333333333334,request_rescan,7.025092
8079,8079,0.9433333333333334,request_rescan,7.025643
8080,8080,0.9433333333333334,discard,7.026205
8081,8081,0.9433333333333334,discard,7.026749
8082,8082,0.9433333333333334,discard,7.027303
8083,8083,0.9433333333333334,discard,7.02786
8084,8084,0.9433333333333334,discard,7.028441
8085,8085,0.9433333333333334,request_rescan,7.029003
8086,8086,0.9433333333333334,request_rescan,7.029566
8087,8087,0.9433333333333334,request_rescan,7.030134
8088,8088,0.76,request_rescan,7.030695
8089,8089,0.9433333333333334,request_rescan,7.031255
8090,8090,0.9433333333333334,request_rescan,7.032112
8091,8091,0.9433333333333334,request_rescan,7.032649
8092,8092,0.9433333333333334,discard,7.033229
8093,8093,0.9433333333333334,discard,7.034323
8094,8094,0.9433333333333334,discard,7.034921
8095,8095,0.9433333333333334,discard,7.035493
8096,8096,0.9433333333333334,request_rescan,7.036058
8097,8097,0.9433333333333334,request_rescan,7.036599
8098,8098,0.9433333333333334,request_rescan,7.037272
8099,8099,0.9433333333333334,discard,7.037834
8100,8100,0.9433333333333334,request_rescan,7.038419
8101,8101,0.9433333333333334,discard,7.03995
8102,8102,0.9433333333333334,request_rescan,7.040497
8103,8103,0.9433333333333334,request_rescan,7.04105
8104,8104,0.9433333333333334,request_rescan,7.041597
8105,8105,0.9433333333333334,request_rescan,7.042165
8106,8106,0.9433333333333334,discard,7.042705
8107,8107,0.9433333333333334,discard,7.043273
8108,8108,0.9433333333333334,discard,7.043835
8109,8109,0.9433333333333334,request_rescan,7.044416
8110,8110,0.9433333333333334,discard,7.044981
8111,8111,0.9433333333333334,discard,7.045783
8112,8112,0.9433333333333334,discard,7.046371
8113,8113,0.9433333333333334,request_rescan,7.046953
8114,8114,0.9433333333333334,request_rescan,7.047529
8115,8115,0.9433333333333334,discard,7.048098
8116,8116,0.9433333333333334,request_rescan,7.048647
8117,8117,0.9433333333333334,request_rescan,7.049264
8118,8118,0.9433333333333334,discard,7.049806
8119,8119,0.9433333333333334,request_rescan,7.050468
8120,8120,0.9433333333333334,request_rescan,7.051386
8121,8121,0.9433333333333334,discard,7.051953
8122,8122,0.9433333333333334,discard,7.052502
8123,8123,0.9433333333333334,discard,7.053069
8124,8124,0.9433333333333334,request_rescan,7.05361
8125,8125,0.9433333333333334,request_rescan,7.054208
8126,8126,0.9433333333333334,discard,7.054753
8127,8127,0.9433333333333334,discard,7.05531
8128,8128,0.9433333333333334,request_rescan,7.055881
8129,8129,0.9433333333333334,discard,7.056432
8130,8130,0.9433333333333334,discard,7.056997
8131,8131,0.9433333333333334,discard,7.057546
8132,8132,0.9433333333333334,discard,7.058103
8133,8133,0.9433333333333334,request_rescan,7.058642
8134,8134,0.9433333333333334,request_rescan,7.059204
8135,8135,0.9433333333333334,discard,7.059741
8136,8136,0.9433333333333334,discard,7.060322
8137,8137,0.9433333333333334,discard,7.060887
8138,8138,0.9433333333333334,discard,7.061449
8139,8139,0.9433333333333334,request_rescan,7.06202
8140,8140,0.9433333333333334,discard,7.06257
8141,8141,0.9433333333333334,discard,7.063135
8142,8142,0.9433333333333334,request_rescan,7.063699
8143,8143,0.9433333333333334,discard,7.064263
8144,8144,0.9433333333333334,discard,7.064832
8145,8145,0.9433333333333334,discard,7.065406
8146,8146,0.9433333333333334,discard,7.066256
8147,8147,0.9433333333333334,request_rescan,7.066828
8148,8148,0.9433333333333334,request_rescan,7.067559
8149,8149,0.9433333333333334,discard,7.068364
8150,8150,0.9433333333333334,request_rescan,7.068915
8151,8151,0.9433333333333334,discard,7.069471
8152,8152,0.9433333333333334,discard,7.07003
8153,8153,0.76,request_rescan,7.070634
8154,8154,0.9433333333333334,request_rescan,7.071225
8155,8155,0.9433333333333334,request_rescan,7.071795
8156,8156,0.9433333333333334,request_rescan,7.072352
8157,8157,0.9433333333333334,discard,7.072902
8158,8158,0.9433333333333334,request_rescan,7.073458
8159,8159,0.9433333333333334,discard,7.074016
8160,8160,0.9433333333333334,request_rescan,7.07457
8161,8161,0.9433333333333334,request_rescan,7.075143
8162,8162,0.9433333333333334,request_rescan,7.075693
8163,8163,0.9433333333333334,discard,7.076251
8164,8164,0.9433333333333334,request_rescan,7.076799
8165,8165,0.9433333333333334,request_rescan,7.07735
8166,8166,0.9433333333333334,request_rescan,7.077909
8167,8167,0.9433333333333334,request_rescan,7.079551
8168,8168,0.9433333333333334,discard,7.080127
8169,8169,0.9433333333333334,request_rescan,7.080675
8170,8170,0.9433333333333334,discard,7.081246
8171,8171,0.9433333333333334,request_rescan,7.081788
8172,8172,0.9433333333333334,request_rescan,7.082352
8173,8173,0.9433333333333334,discard,7.08289
8174,8174,0.9433333333333334,request_rescan,7.083451
8175,8175,0.9433333333333334,discard,7.083998
8176,8176,0.9433333333333334,request_rescan,7.084563
8177,8177,0.9433333333333334,discard,7.085113
8178,8178,0.9433333333333334,request_rescan,7.085659
8179,8179,0.9433333333333334,discard,7.086234
8180,8180,0.9433333333333334,discard,7.086794
8181,8181,0.9433333333333334,request_rescan,7.087392
8182,8182,0.9433333333333334,request_rescan,7.087954
8183,8183,0.9433333333333334,discard,7.088507
8184,8184,0.9433333333333334,discard,7.089056
8185,8185,0.76,request_rescan,7.089611
8186,8186,0.9433333333333334,discard,7.090161
8187,8187,0.9433333333333334,discard,7.090727
8188,8188,0.9433333333333334,discard,7.091273
8189,8189,0.9433333333333334,request_rescan,7.091834
8190,8190,0.9433333333333334,request_rescan,7.092397
8191,8191,0.9433333333333334,request_rescan,7.09295
8192,8192,0.9433333333333334,discard,7.09351
8193,8193,0.9433333333333334,request_rescan,7.126754
8194,8194,0.9433333333333334,request_rescan,7.127393
8195,8195,0.9433333333333334,request_rescan,7.127958
8196,8196,0.9433333333333334,discard,7.128745
8197,8197,0.9433333333333334,request_rescan,7.129385
8198,8198,0.9433333333333334,discard,7.129935
8199,8199,0.9433333333333334,request_rescan,7.130858
8200,8200,0.9433333333333334,discard,7.131486
8201,8201,0.9433333333333334,request_rescan,7.13293
8202,8202,0.9433333333333334,discard,7.133501
8203,8203,0.9433333333333334,request_rescan,7.134066
8204,8204,0.9433333333333334,request_rescan,7.134647
8205,8205,0.9433333333333334,discard,7.135201
8206,8206,0.9433333333333334,discard,7.135758
8207,8207,0.76,discard,7.136316
8208,8208,0.9433333333333334,discard,7.136863
8209,8209,0.9433333333333334,request_rescan,7.137468
8210,8210,0.9433333333333334,request_rescan,7.138031
8211,8211,0.9433333333333334,request_rescan,7.138611
8212,8212,0.9433333333333334,discard,7.139195
8213,8213,0.9433333333333334,discard,7.139756
8214,8214,0.9433333333333334,discard,7.140311
8215,8215,0.76,discard,7.140867
8216,8216,0.9433333333333334,discard,7.141423
8217,8217,0.9433333333333334,discard,7.141977
8218,8218,0.76,discard,7.142521
8219,8219,0.9433333333333334,discard,7.143078
8220,8220,0.9433333333333334,discard,7.143635
8221,8221,0.9433333333333334,discard,7.144188
8222,8222,0.9433333333333334,request_rescan,7.144752
8223,8223,0.9433333333333334,request_rescan,7.1453
8224,8224,0.9433333333333334,request_rescan,7.145861
8225,8225,0.9433333333333334,discard,7.146411
8226,8226,0.9433333333333334,request_rescan,7.146977
8227,8227,0.9433333333333334,request_rescan,7.147528
8228,8228,0.9433333333333334,discard,7.148089
8229,8229,0.9433333333333334,request_rescan,7.148638
8230,8230,0.9433333333333334,request_rescan,7.149429
8231,8231,0.9433333333333334,discard,7.150015
8232,8232,0.9433333333333334,request_rescan,7.151147
8233,8233,0.9433333333333334,discard,7.151914
8234,8234,0.9433333333333334,request_rescan,7.152476
8235,8235,0.9433333333333334,discard,7.153033
8236,8236,0.9433333333333334,discard,7.153592
8237,8237,0.9433333333333334,discard,7.154154
8238,8238,0.9433333333333334,discard,7.154704
8239,8239,0.9433333333333334,discard,7.155293
8240,8240,0.9433333333333334,request_rescan,7.155851
8241,8241,0.9433333333333334,request_rescan,7.15642
8242,8242,0.9433333333333334,discard,7.156969
8243,8243,0.9433333333333334,request_rescan,7.157527
8244,8244,0.9433333333333334,request_rescan,7.158077
8245,8245,0.76,discard,7.158625
8246,8246,0.9433333333333334,discard,7.15919
8247,8247,0.9433333333333334,request_rescan,7.159751
8248,8248,0.9433333333333334,request_rescan,7.160304
8249,8249,0.9433333333333334,request_rescan,7.160858
8250,8250,0.9433333333333334,discard,7.161461
8251,8251,0.9433333333333334,discard,7.162027
8252,8252,0.9433333333333334,discard,7.162586
8253,8253,0.9433333333333334,discard,7.163138
8254,8254,0.9433333333333334,discard,7.163695
8255,8255,0.9433333333333334,discard,7.164248
8256,8256,0.9433333333333334,request_rescan,7.164804
8257,8257,0.9433333333333334,request_rescan,7.165351
8258,8258,0.9433333333333334,discard,7.165923
8259,8259,0.9433333333333334,discard,7.16648
8260,8260,0.9433333333333334,discard,7.16721
8261,8261,0.9433333333333334,discard,7.167832
8262,8262,0.9433333333333334,request_rescan,7.168388
8263,8263,0.9433333333333334,discard,7.168959
8264,8264,0.9433333333333334,discard,7.169501
8265,8265,0.9433333333333334,discard,7.170059
8266,8266,0.9433333333333334,discard,7.170671
8267,8267,0.9433333333333334,discard,7.171256
8268,8268,0.9433333333333334,request_rescan,7.171797
8269,8269,0.9433333333333334,request_rescan,7.172379
8270,8270,0.9433333333333334,discard,7.172938
8271,8271,0.9433333333333334,request_rescan,7.17349
8272,8272,0.9433333333333334,discard,7.174047
8273,8273,0.9433333333333334,discard,7.174585
8274,8274,0.9433333333333334,request_rescan,7.175131
8275,8275,0.9433333333333334,discard,7.175671
8276,8276,0.9433333333333334,discard,7.176227
8277,8277,0.9433333333333334,discard,7.176766
8278,8278,0.9433333333333334,request_rescan,7.177326
8279,8279,0.9433333333333334,discard,7.177875
8280,8280,0.9433333333333334,request_rescan,7.178454
8281,8281,0.9433333333333334,discard,7.178999
8282,8282,0.9433333333333334,discard,7.180526
8283,8283,0.9433333333333334,discard,7.181097
8284,8284,0.9433333333333334,request_rescan,7.181646
8285,8285,0.9433333333333334,discard,7.182197
8286,8286,0.9433333333333334,request_rescan,7.182737
8287,8287,0.9433333333333334,request_rescan,7.183289
8288,8288,0.9433333333333334,discard,7.18384
8289,8289,0.9433333333333334,request_rescan,7.184387
8290,8290,0.9433333333333334,discard,7.18494
8291,8291,0.9433333333333334,request_rescan,7.185479
8292,8292,0.9433333333333334,discard,7.186074
8293,8293,0.9433333333333334,discard,7.186622
8294,8294,0.9433333333333334,request_rescan,7.187228
8295,8295,0.9433333333333334,discard,7.187777
8296,8296,0.9433333333333334,request_rescan,7.188369
8297,8297,0.9433333333333334,request_rescan,7.188916
8298,8298,0.9433333333333334,request_rescan,7.189476
8299,8299,0.9433333333333334,request_rescan,7.190016
8300,8300,0.9433333333333334,request_rescan,7.190561
8301,8301,0.9433333333333334,discard,7.191987
8302,8302,0.9433333333333334,request_rescan,7.192541
8303,8303,0.9433333333333334,discard,7.193128
8304,8304,0.9433333333333334,request_rescan,7.193676
8305,8305,0.9433333333333334,request_rescan,7.194265
8306,8306,0.9433333333333334,request_rescan,7.194834
8307,8307,0.9433333333333334,request_rescan,7.195401
8308,8308,0.9433333333333334,discard,7.196344
8309,8309,0.9433333333333334,discard,7.197276
8310,8310,0.9433333333333334,request_rescan,7.197826
8311,8311,0.9433333333333334,discard,7.19839
8312,8312,0.9433333333333334,request_rescan,7.198934
8313,8313,0.9433333333333334,request_rescan,7.19952
8314,8314,0.9433333333333334,request_rescan,7.200082
8315,8315,0.9433333333333334,request_rescan,7.200633
8316,8316,0.9433333333333334,request_rescan,7.201199
8317,8317,0.9433333333333334,discard,7.201743
8318,8318,0.9433333333333334,request_rescan,7.202295
8319,8319,0.9433333333333334,discard,7.202855
8320,8320,0.9433333333333334,discard,7.203422
8321,8321,0.9433333333333334,request_rescan,7.237102
8322,8322,0.9433333333333334,request_rescan,7.237723
8323,8323,0.9433333333333334,discard,7.238293
8324,8324,0.9433333333333334,request_rescan,7.238856
8325,8325,0.9433333333333334,discard,7.239419
8326,8326,0.9433333333333334,request_rescan,7.239981
8327,8327,0.9433333333333334,discard,7.240532
8328,8328,0.9433333333333334,request_rescan,7.241094
8329,8329,0.9433333333333334,discard,7.241646
8330,8330,0.9433333333333334,discard,7.242205
8331,8331,0.9433333333333334,discard,7.24274
8332,8332,0.9433333333333334,request_rescan,7.243298
8333,8333,0.9433333333333334,discard,7.243832
8334,8334,0.9433333333333334,discard,7.244387
8335,8335,0.9433333333333334,request_rescan,7.244935
8336,8336,0.9433333333333334,request_rescan,7.245557
8337,8337,0.9433333333333334,discard,7.24621
8338,8338,0.9433333333333334,discard,7.246778
8339,8339,0.9433333333333334,discard,7.247332
8340,8340,0.9433333333333334,request_rescan,7.247896
8341,8341,0.9433333333333334,request_rescan,7.248452
8342,8342,0.9433333333333334,request_rescan,7.249046
8343,8343,0.9433333333333334,request_rescan,7.249598
8344,8344,0.9433333333333334,discard,7.250161
8345,8345,0.9433333333333334,discard,7.250706
8346,8346,0.9433333333333334,discard,7.251269
8347,8347,0.9433333333333334,discard,7.251812
8348,8348,0.9433333333333334,discard,7.252507
8349,8349,0.9433333333333334,request_rescan,7.253487
8350,8350,0.9433333333333334,discard,7.254093
8351,8351,0.76,discard,7.25464
8352,8352,0.9433333333333334,discard,7.255201
8353,8353,0.9433333333333334,request_rescan,7.255752
8354,8354,0.9433333333333334,request_rescan,7.256299
8355,8355,0.9433333333333334,request_rescan,7.256852
8356,8356,0.9433333333333334,request_rescan,7.257408
8357,8357,0.9433333333333334,request_rescan,7.257966
8358,8358,0.9433333333333334,discard,7.258534
8359,8359,0.9433333333333334,discard,7.259091
8360,8360,0.9433333333333334,discard,7.259644
8361,8361,0.9433333333333334,request_rescan,7.26021
8362,8362,0.9433333333333334,discard,7.260764
8363,8363,0.9433333333333334,discard,7.261345
8364,8364,0.9433333333333334,request_rescan,7.261896
8365,8365,0.9433333333333334,request_rescan,7.26247
8366,8366,0.9433333333333334,request_rescan,7.26303
8367,8367,0.9433333333333334,request_rescan,7.263596
8368,8368,0.9433333333333334,discard,7.264168
8369,8369,0.9433333333333334,request_rescan,7.264715
8370,8370,0.9433333333333334,discard,7.265288
8371,8371,0.9433333333333334,discard,7.265835
8372,8372,0.9433333333333334,discard,7.266401
8373,8373,0.9433333333333334,request_rescan,7.266947
8374,8374,0.9433333333333334,discard,7.267513
8375,8375,0.9433333333333334,discard,7.268069
8376,8376,0.9433333333333334,discard,7.268631
8377,8377,0.9433333333333334,discard,7.269177
8378,8378,0.9433333333333334,discard,7.269736
8379,8379,0.9433333333333334,request_rescan,7.270285
8380,8380,0.9433333333333334,discard,7.270881
8381,8381,0.9433333333333334,request_rescan,7.271439
8382,8382,0.9433333333333334,request_rescan,7.272005
8383,8383,0.9433333333333334,request_rescan,7.272565
8384,8384,0.9433333333333334,request_rescan,7.273127
8385,8385,0.9433333333333334,discard,7.273664
8386,8386,0.9433333333333334,request_rescan,7.274222
8387,8387,0.9433333333333334,discard,7.274767
8388,8388,0.9433333333333334,discard,7.275313
8389,8389,0.9433333333333334,request_rescan,7.275863
8390,8390,0.9433333333333334,discard,7.27644
8391,8391,0.9433333333333334,request_rescan,7.27698
8392,8392,0.9433333333333334,request_rescan,7.277554
8393,8393,0.9433333333333334,discard,7.278115
8394,8394,0.9433333333333334,request_rescan,7.278656
8395,8395,0.9433333333333334,discard,7.279204
8396,8396,0.9433333333333334,discard,7.279749
8397,8397,0.9433333333333334,discard,7.281225
8398,8398,0.9433333333333334,discard,7.281874
8399,8399,0.9433333333333334,request_rescan,7.282457
8400,8400,0.9433333333333334,discard,7.283015
8401,8401,0.9433333333333334,request_rescan,7.284435
8402,8402,0.9433333333333334,discard,7.284985
8403,8403,0.9433333333333334,discard,7.285541
8404,8404,0.9433333333333334,request_rescan,7.286097
8405,8405,0.9433333333333334,request_rescan,7.286671
8406,8406,0.9433333333333334,request_rescan,7.287297
8407,8407,0.9433333333333334,discard,7.287855
8408,8408,0.9433333333333334,request_rescan,7.288451
8409,8409,0.9433333333333334,request_rescan,7.289017
8410,8410,0.9433333333333334,discard,7.289558
8411,8411,0.9433333333333334,discard,7.290094
8412,8412,0.9433333333333334,request_rescan,7.290643
8413,8413,0.9433333333333334,discard,7.291195
8414,8414,0.76,discard,7.291735
8415,8415,0.9433333333333334,request_rescan,7.29228
8416,8416,0.9433333333333334,discard,7.29286
8417,8417,0.9433333333333334,request_rescan,7.293422
8418,8418,0.9433333333333334,request_rescan,7.293975
8419,8419,0.9433333333333334,request_rescan,7.294545
8420,8420,0.76,discard,7.295097
8421,8421,0.9433333333333334,request_rescan,7.295648
8422,8422,0.9433333333333334,discard,7.296203
8423,8423,0.9433333333333334,request_rescan,7.296758
8424,8424,0.9433333333333334,discard,7.297313
8425,8425,0.9433333333333334,discard,7.29786
8426,8426,0.9433333333333334,discard,7.298455
8427,8427,0.9433333333333334,discard,7.299057
8428,8428,0.9433333333333334,discard,7.299619
8429,8429,0.9433333333333334,request_rescan,7.300562
8430,8430,0.9433333333333334,request_rescan,7.301375
8431,8431,0.9433333333333334,discard,7.301947
8432,8432,0.9433333333333334,discard,7.302495
8433,8433,0.9433333333333334,request_rescan,7.303056
8434,8434,0.9433333333333334,discard,7.303606
8435,8435,0.9433333333333334,request_rescan,7.304235
8436,8436,0.9433333333333334,request_rescan,7.304795
8437,8437,0.9433333333333334,discard,7.305366
8438,8438,0.9433333333333334,request_rescan,7.305916
8439,8439,0.9433333333333334,discard,7.306462
8440,8440,0.9433333333333334,request_rescan,7.307029
8441,8441,0.9433333333333334,discard,7.30758
8442,8442,0.9433333333333334,request_rescan,7.308145
8443,8443,0.9433333333333334,discard,7.308702
8444,8444,0.9433333333333334,request_rescan,7.309259
8445,8445,0.9433333333333334,request_rescan,7.309798
8446,8446,0.9433333333333334,discard,7.310357
8447,8447,0.9433333333333334,request_rescan,7.310894
8448,8448,0.9433333333333334,discard,7.311473
8449,8449,0.9433333333333334,request_rescan,7.343772
8450,8450,0.9433333333333334,request_rescan,7.344409
8451,8451,0.9433333333333334,discard,7.344966
8452,8452,0.9433333333333334,discard,7.345839
8453,8453,0.9433333333333334,discard,7.346388
8454,8454,0.9433333333333334,request_rescan,7.34696
8455,8455,0.9433333333333334,discard,7.347507
8456,8456,0.9433333333333334,discard,7.348071
8457,8457,0.9433333333333334,request_rescan,7.348624
8458,8458,0.9433333333333334,request_rescan,7.349184
8459,8459,0.76,request_rescan,7.34974
8460,8460,0.9433333333333334,discard,7.350294
8461,8461,0.9433333333333334,discard,7.350965
8462,8462,0.9433333333333334,request_rescan,7.351871
8463,8463,0.9433333333333334,discard,7.352436
8464,8464,0.9433333333333334,discard,7.352991
8465,8465,0.9433333333333334,discard,7.353545
8466,8466,0.9433333333333334,request_rescan,7.35415
8467,8467,0.9433333333333334,discard,7.354717
8468,8468,0.9433333333333334,request_rescan,7.355261
8469,8469,0.9433333333333334,request_rescan,7.355824
8470,8470,0.9433333333333334,discard,7.356371
8471,8471,0.9433333333333334,request_rescan,7.356908
8472,8472,0.9433333333333334,discard,7.35747
8473,8473,0.9433333333333334,request_rescan,7.358024
8474,8474,0.9433333333333334,request_rescan,7.358585
8475,8475,0.9433333333333334,discard,7.35914
8476,8476,0.9433333333333334,request_rescan,7.359695
8477,8477,0.9433333333333334,request_rescan,7.360243
8478,8478,0.9433333333333334,discard,7.360811
8479,8479,0.9433333333333334,discard,7.361372
8480,8480,0.9433333333333334,request_rescan,7.361925
8481,8481,0.9433333333333334,request_rescan,7.362482
8482,8482,0.9433333333333334,request_rescan,7.363039
8483,8483,0.9433333333333334,request_rescan,7.36358
8484,8484,0.9433333333333334,request_rescan,7.364136
8485,8485,0.9433333333333334,request_rescan,7.364672
8486,8486,0.9433333333333334,request_rescan,7.365232
8487,8487,0.9433333333333334,discard,7.365779
8488,8488,0.9433333333333334,discard,7.366339
8489,8489,0.9433333333333334,request_rescan,7.366892
8490,8490,0.9433333333333334,request_rescan,7.367436
8491,8491,0.9433333333333334,request_rescan,7.368005
8492,8492,0.9433333333333334,discard,7.368539
8493,8493,0.9433333333333334,discard,7.369122
8494,8494,0.9433333333333334,request_rescan,7.369689
8495,8495,0.9433333333333334,request_rescan,7.370251
8496,8496,0.9433333333333334,request_rescan,7.370863
8497,8497,0.9433333333333334,discard,7.371426
8498,8498,0.9433333333333334,discard,7.371998
8499,8499,0.9433333333333334,discard,7.372555
8500,8500,0.9433333333333334,discard,7.373111
8501,8501,0.9433333333333334,discard,7.374603
8502,8502,0.9433333333333334,request_rescan,7.375163
8503,8503,0.9433333333333334,request_rescan,7.375723
8504,8504,0.9433333333333334,discard,7.376274
8505,8505,0.9433333333333334,request_rescan,7.376824
8506,8506,0.9433333333333334,request_rescan,7.377364
8507,8507,0.9433333333333334,discard,7.377939
8508,8508,0.9433333333333334,request_rescan,7.378508
8509,8509,0.9433333333333334,discard,7.37905
8510,8510,0.9433333333333334,discard,7.379631
8511,8511,0.9433333333333334,discard,7.380202
8512,8512,0.9433333333333334,request_rescan,7.380761
8513,8513,0.9433333333333334,request_rescan,7.382278
8514,8514,0.9433333333333334,discard,7.382922
8515,8515,0.9433333333333334,discard,7.383482
8516,8516,0.9433333333333334,discard,7.384042
8517,8517,0.9433333333333334,discard,7.384588
8518,8518,0.9433333333333334,discard,7.385143
8519,8519,0.9433333333333334,request_rescan,7.385693
8520,8520,0.9433333333333334,request_rescan,7.38624
8521,8521,0.9433333333333334,request_rescan,7.386792
8522,8522,0.9433333333333334,request_rescan,7.387349
8523,8523,0.9433333333333334,request_rescan,7.387902
8524,8524,0.9433333333333334,request_rescan,7.388458
8525,8525,0.9433333333333334,request_rescan,7.389045
8526,8526,0.9433333333333334,request_rescan,7.389617
8527,8527,0.9433333333333334,discard,7.39017
8528,8528,0.9433333333333334,request_rescan,7.39073
8529,8529,0.9433333333333334,request_rescan,7.391308
8530,8530,0.9433333333333334,request_rescan,7.391861
8531,8531,0.9433333333333334,discard,7.392406
8532,8532,0.76,request_rescan,7.392963
8533,8533,0.9433333333333334,discard,7.393503
8534,8534,0.9433333333333334,request_rescan,7.394059
8535,8535,0.9433333333333334,discard,7.394612
8536,8536,0.9433333333333334,request_rescan,7.395169
8537,8537,0.9433333333333334,discard,7.395733
8538,8538,0.9433333333333334,request_rescan,7.396343
8539,8539,0.9433333333333334,discard,7.396892
8540,8540,0.9433333333333334,request_rescan,7.39744
8541,8541,0.9433333333333334,request_rescan,7.398017
8542,8542,0.9433333333333334,request_rescan,7.398581
8543,8543,0.9433333333333334,request_rescan,7.399152
8544,8544,0.9433333333333334,discard,7.399911
8545,8545,0.9433333333333334,discard,7.400946
8546,8546,0.9433333333333334,discard,7.401513
8547,8547,0.9433333333333334,request_rescan,7.402065
8548,8548,0.9433333333333334,request_rescan,7.40261
8549,8549,0.9433333333333334,discard,7.403181
8550,8550,0.9433333333333334,discard,7.403729
8551,8551,0.9433333333333334,discard,7.404315
8552,8552,0.9433333333333334,discard,7.404888
8553,8553,0.9433333333333334,discard,7.40545
8554,8554,0.9433333333333334,discard,7.40607
8555,8555,0.9433333333333334,discard,7.406707
8556,8556,0.9433333333333334,request_rescan,7.407272
8557,8557,0.9433333333333334,discard,7.407835
8558,8558,0.9433333333333334,discard,7.408405
8559,8559,0.9433333333333334,discard,7.408961
8560,8560,0.9433333333333334,request_rescan,7.409511
8561,8561,0.9433333333333334,request_rescan,7.410076
8562,8562,0.9433333333333334,discard,7.410628
8563,8563,0.9433333333333334,discard,7.411193
8564,8564,0.9433333333333334,discard,7.411737
8565,8565,0.9433333333333334,discard,7.412321
8566,8566,0.9433333333333334,discard,7.412861
8567,8567,0.9433333333333334,request_rescan,7.413442
8568,8568,0.9433333333333334,request_rescan,7.414003
8569,8569,0.9433333333333334,request_rescan,7.414553
8570,8570,0.9433333333333334,request_rescan,7.415117
8571,8571,0.9433333333333334,discard,7.415663
8572,8572,0.9433333333333334,request_rescan,7.416253
8573,8573,0.9433333333333334,request_rescan,7.416806
8574,8574,0.9433333333333334,discard,7.417395
8575,8575,0.9433333333333334,discard,7.417933
8576,8576,0.9433333333333334,discard,7.418495
8577,8577,0.9433333333333334,discard,7.450284
8578,8578,0.76,request_rescan,7.451279
8579,8579,0.9433333333333334,request_rescan,7.452302
8580,8580,0.9433333333333334,discard,7.452847
8581,8581,0.9433333333333334,request_rescan,7.453434
8582,8582,0.9433333333333334,discard,7.454041
8583,8583,0.9433333333333334,request_rescan,7.454609
8584,8584,0.9433333333333334,discard,7.455193
8585,8585,0.9433333333333334,request_rescan,7.455796
8586,8586,0.9433333333333334,request_rescan,7.456357
8587,8587,0.9433333333333334,discard,7.456922
8588,8588,0.9433333333333334,discard,7.457474
8589,8589,0.9433333333333334,request_rescan,7.458046
8590,8590,0.9433333333333334,request_rescan,7.458594
8591,8591,0.9433333333333334,request_rescan,7.459165
8592,8592,0.9433333333333334,discard,7.459719
8593,8593,0.9433333333333334,discard,7.460289
8594,8594,0.9433333333333334,discard,7.460858
8595,8595,0.76,request_rescan,7.461432
8596,8596,0.9433333333333334,discard,7.462008
8597,8597,0.9433333333333334,discard,7.462568
8598,8598,0.9433333333333334,request_rescan,7.463146
8599,8599,0.9433333333333334,discard,7.4637
8600,8600,0.9433333333333334,request_rescan,7.464266
8601,8601,0.9433333333333334,request_rescan,7.465726
8602,8602,0.9433333333333334,discard,7.466293
8603,8603,0.9433333333333334,discard,7.466849
8604,8604,0.9433333333333334,request_rescan,7.46741
8605,8605,0.9433333333333334,discard,7.467965
8606,8606,0.9433333333333334,discard,7.468538
8607,8607,0.9433333333333334,discard,7.46911
8608,8608,0.9433333333333334,discard,7.46967
8609,8609,0.9433333333333334,discard,7.470237
8610,8610,0.9433333333333334,discard,7.470855
8611,8611,0.9433333333333334,request_rescan,7.471434
8612,8612,0.9433333333333334,discard,7.472009
8613,8613,0.9433333333333334,discard,7.47258
8614,8614,0.9433333333333334,request_rescan,7.473146
8615,8615,0.9433333333333334,request_rescan,7.473727
8616,8616,0.9433333333333334,discard,7.474296
8617,8617,0.9433333333333334,request_rescan,7.474864
8618,8618,0.9433333333333334,discard,7.475416
8619,8619,0.9433333333333334,discard,7.47599
8620,8620,0.9433333333333334,request_rescan,7.476541
8621,8621,0.9433333333333334,discard,7.477115
8622,8622,0.9433333333333334,request_rescan,7.477665
8623,8623,0.9433333333333334,discard,7.478237
8624,8624,0.9433333333333334,request_rescan,7.478789
8625,8625,0.9433333333333334,request_rescan,7.47937
8626,8626,0.9433333333333334,request_rescan,7.479927
8627,8627,0.9433333333333334,request_rescan,7.48049
8628,8628,0.9433333333333334,discard,7.481054
8629,8629,0.9433333333333334,discard,7.481621
8630,8630,0.9433333333333334,discard,7.482218
8631,8631,0.9433333333333334,discard,7.484245
8632,8632,0.9433333333333334,discard,7.48531
8633,8633,0.9433333333333334,request_rescan,7.485861
8634,8634,0.9433333333333334,discard,7.486423
8635,8635,0.9433333333333334,discard,7.486977
8636,8636,0.9433333333333334,discard,7.48753
8637,8637,0.9433333333333334,discard,7.488101
8638,8638,0.9433333333333334,discard,7.488665
8639,8639,0.9433333333333334,discard,7.489288
8640,8640,0.9433333333333334,request_rescan,7.48985
8641,8641,0.9433333333333334,discard,7.490422
8642,8642,0.9433333333333334,request_rescan,7.490967
8643,8643,0.9433333333333334,request_rescan,7.491516
8644,8644,0.9433333333333334,request_rescan,7.492063
8645,8645,0.9433333333333334,discard,7.492602
8646,8646,0.9433333333333334,request_rescan,7.493154
8647,8647,0.9433333333333334,request_rescan,7.493698
8648,8648,0.9433333333333334,discard,7.494245
8649,8649,0.9433333333333334,request_rescan,7.494788
8650,8650,0.9433333333333334,discard,7.49534
8651,8651,0.9433333333333334,request_rescan,7.495892
8652,8652,0.9433333333333334,discard,7.496441
8653,8653,0.9433333333333334,discard,7.496981
8654,8654,0.9433333333333334,discard,7.49754
8655,8655,0.9433333333333334,discard,7.49808
8656,8656,0.9433333333333334,request_rescan,7.498638
8657,8657,0.9433333333333334,discard,7.499225
8658,8658,0.9433333333333334,request_rescan,7.499816
8659,8659,0.9433333333333334,request_rescan,7.500649
8660,8660,0.9433333333333334,request_rescan,7.501578
8661,8661,0.9433333333333334,request_rescan,7.502186
8662,8662,0.9433333333333334,request_rescan,7.502724
8663,8663,0.9433333333333334,request_rescan,7.503285
8664,8664,0.76,request_rescan,7.503845
8665,8665,0.9433333333333334,request_rescan,7.504694
8666,8666,0.9433333333333334,request_rescan,7.50526
8667,8667,0.9433333333333334,request_rescan,7.505868
8668,8668,0.9433333333333334,discard,7.506425
8669,8669,0.9433333333333334,discard,7.506986
8670,8670,0.9433333333333334,request_rescan,7.507541
8671,8671,0.9433333333333334,discard,7.508089
8672,8672,0.9433333333333334,discard,7.508647
8673,8673,0.9433333333333334,request_rescan,7.509195
8674,8674,0.9433333333333334,request_rescan,7.509746
8675,8675,0.9433333333333334,discard,7.510306
8676,8676,0.9433333333333334,request_rescan,7.510851
8677,8677,0.9433333333333334,discard,7.511403
8678,8678,0.9433333333333334,request_rescan,7.511979
8679,8679,0.9433333333333334,discard,7.512543
8680,8680,0.9433333333333334,request_rescan,7.513087
8681,8681,0.9433333333333334,discard,7.513636
8682,8682,0.76,discard,7.514186
8683,8683,0.9433333333333334,request_rescan,7.514743
8684,8684,0.9433333333333334,discard,7.515289
8685,8685,0.9433333333333334,discard,7.515829
8686,8686,0.9433333333333334,discard,7.516396
8687,8687,0.9433333333333334,discard,7.516947
8688,8688,0.9433333333333334,request_rescan,7.517505
8689,8689,0.9433333333333334,request_rescan,7.518055
8690,8690,0.9433333333333334,request_rescan,7.518613
8691,8691,0.9433333333333334,discard,7.519167
8692,8692,0.9433333333333334,discard,7.519721
8693,8693,0.9433333333333334,discard,7.520263
8694,8694,0.9433333333333334,request_rescan,7.520816
8695,8695,0.9433333333333334,request_rescan,7.521376
8696,8696,0.9433333333333334,request_rescan,7.521949
8697,8697,0.9433333333333334,discard,7.522514
8698,8698,0.9433333333333334,request_rescan,7.523059
8699,8699,0.9433333333333334,request_rescan,7.523596
8700,8700,0.9433333333333334,request_rescan,7.52415
8701,8701,0.9433333333333334,discard,7.52566
8702,8702,0.9433333333333334,request_rescan,7.526238
8703,8703,0.9433333333333334,request_rescan,7.526814
8704,8704,0.9433333333333334,discard,7.527359
8705,8705,0.9433333333333334,request_rescan,7.559603
8706,8706,0.9433333333333334,discard,7.560226
8707,8707,0.9433333333333334,request_rescan,7.560786
8708,8708,0.9433333333333334,request_rescan,7.561361
8709,8709,0.76,discard,7.561922
8710,8710,0.9433333333333334,request_rescan,7.56249
8711,8711,0.9433333333333334,request_rescan,7.563056
8712,8712,0.9433333333333334,request_rescan,7.563626
8713,8713,0.9433333333333334,discard,7.564186
8714,8714,0.9433333333333334,request_rescan,7.564759
8715,8715,0.9433333333333334,request_rescan,7.565345
8716,8716,0.9433333333333334,discard,7.565911
8717,8717,0.9433333333333334,discard,7.566474
8718,8718,0.9433333333333334,discard,7.567045
8719,8719,0.9433333333333334,discard,7.567599
8720,8720,0.9433333333333334,discard,7.568172
8721,8721,0.9433333333333334,request_rescan,7.568724
8722,8722,0.9433333333333334,request_rescan,7.569297
8723,8723,0.9433333333333334,request_rescan,7.569846
8724,8724,0.9433333333333334,discard,7.570455
8725,8725,0.9433333333333334,request_rescan,7.571018
8726,8726,0.9433333333333334,request_rescan,7.571583
8727,8727,0.9433333333333334,discard,7.572186
8728,8728,0.9433333333333334,request_rescan,7.572761
8729,8729,0.9433333333333334,request_rescan,7.573317
8730,8730,0.9433333333333334,discard,7.573874
8731,8731,0.9433333333333334,discard,7.574434
8732,8732,0.9433333333333334,request_rescan,7.575002
8733,8733,0.9433333333333334,discard,7.575559
8734,8734,0.9433333333333334,discard,7.576123
8735,8735,0.9433333333333334,discard,7.57668
8736,8736,0.9433333333333334,discard,7.577256
8737,8737,0.9433333333333334,request_rescan,7.577815
8738,8738,0.9433333333333334,discard,7.578389
8739,8739,0.9433333333333334,discard,7.578932
8740,8740,0.9433333333333334,request_rescan,7.579503
8741,8741,0.9433333333333334,discard,7.580049
8742,8742,0.9433333333333334,request_rescan,7.580609
8743,8743,0.9433333333333334,request_rescan,7.581186
8744,8744,0.9433333333333334,request_rescan,7.581751
8745,8745,0.9433333333333334,discard,7.582323
8746,8746,0.9433333333333334,request_rescan,7.582883
8747,8747,0.9433333333333334,request_rescan,7.584453
8748,8748,0.9433333333333334,request_rescan,7.585027
8749,8749,0.9433333333333334,request_rescan,7.585573
8750,8750,0.9433333333333334,discard,7.586134
8751,8751,0.9433333333333334,discard,7.586671
8752,8752,0.9433333333333334,request_rescan,7.58727
8753,8753,0.9433333333333334,request_rescan,7.587821
8754,8754,0.9433333333333334,discard,7.588375
8755,8755,0.9433333333333334,discard,7.588919
8756,8756,0.9433333333333334,discard,7.589499
8757,8757,0.9433333333333334,request_rescan,7.590094
8758,8758,0.9433333333333334,request_rescan,7.590641
8759,8759,0.9433333333333334,request_rescan,7.59122
8760,8760,0.9433333333333334,discard,7.591758
8761,8761,0.9433333333333334,request_rescan,7.592341
8762,8762,0.9433333333333334,request_rescan,7.59287
8763,8763,0.9433333333333334,request_rescan,7.593403
8764,8764,0.9433333333333334,discard,7.593969
8765,8765,0.9433333333333334,discard,7.594555
8766,8766,0.9433333333333334,request_rescan,7.595135
8767,8767,0.9433333333333334,request_rescan,7.595704
8768,8768,0.9433333333333334,discard,7.596734
8769,8769,0.9433333333333334,request_rescan,7.597528
8770,8770,0.9433333333333334,request_rescan,7.59809
8771,8771,0.9433333333333334,discard,7.598637
8772,8772,0.9433333333333334,discard,7.599209
8773,8773,0.9433333333333334,discard,7.599765
8774,8774,0.9433333333333334,discard,7.600321
8775,8775,0.9433333333333334,discard,7.600877
8776,8776,0.9433333333333334,request_rescan,7.601447
8777,8777,0.76,request_rescan,7.602015
8778,8778,0.9433333333333334,discard,7.602559
8779,8779,0.9433333333333334,request_rescan,7.603112
8780,8780,0.9433333333333334,discard,7.603661
8781,8781,0.9433333333333334,request_rescan,7.604247
8782,8782,0.9433333333333334,request_rescan,7.604802
8783,8783,0.9433333333333334,request_rescan,7.605404
8784,8784,0.9433333333333334,request_rescan,7.605957
8785,8785,0.9433333333333334,discard,7.606511
8786,8786,0.9433333333333334,request_rescan,7.607062
8787,8787,0.9433333333333334,discard,7.607608
8788,8788,0.9433333333333334,request_rescan,7.608159
8789,8789,0.9433333333333334,discard,7.608704
8790,8790,0.9433333333333334,request_rescan,7.609261
8791,8791,0.9433333333333334,request_rescan,7.609805
8792,8792,0.9433333333333334,request_rescan,7.610364
8793,8793,0.9433333333333334,request_rescan,7.610911
8794,8794,0.9433333333333334,discard,7.611472
8795,8795,0.9433333333333334,request_rescan,7.612028
8796,8796,0.9433333333333334,request_rescan,7.612572
8797,8797,0.9433333333333334,discard,7.613135
8798,8798,0.9433333333333334,discard,7.61368
8799,8799,0.9433333333333334,request_rescan,7.614239
8800,8800,0.9433333333333334,request_rescan,7.614779
8801,8801,0.9433333333333334,request_rescan,7.616196
8802,8802,0.76,discard,7.616761
8803,8803,0.9433333333333334,request_rescan,7.61732
8804,8804,0.9433333333333334,discard,7.617873
8805,8805,0.9433333333333334,request_rescan,7.61842
8806,8806,0.9433333333333334,request_rescan,7.618986
8807,8807,0.9433333333333334,discard,7.61953
8808,8808,0.9433333333333334,request_rescan,7.620087
8809,8809,0.9433333333333334,request_rescan,7.62068
8810,8810,0.9433333333333334,discard,7.62127
8811,8811,0.9433333333333334,discard,7.621813
8812,8812,0.9433333333333334,request_rescan,7.622448
8813,8813,0.9433333333333334,discard,7.623001
8814,8814,0.9433333333333334,request_rescan,7.62356
8815,8815,0.9433333333333334,request_rescan,7.624126
8816,8816,0.9433333333333334,request_rescan,7.624675
8817,8817,0.9433333333333334,request_rescan,7.625232
8818,8818,0.9433333333333334,discard,7.625766
8819,8819,0.9433333333333334,request_rescan,7.62635
8820,8820,0.9433333333333334,request_rescan,7.626888
8821,8821,0.9433333333333334,discard,7.627478
8822,8822,0.9433333333333334,discard,7.628025
8823,8823,0.9433333333333334,discard,7.628582
8824,8824,0.76,request_rescan,7.62913
8825,8825,0.9433333333333334,request_rescan,7.629712
8826,8826,0.9433333333333334,request_rescan,7.630277
8827,8827,0.9433333333333334,discard,7.630823
8828,8828,0.9433333333333334,discard,7.631401
8829,8829,0.9433333333333334,request_rescan,7.631956
8830,8830,0.9433333333333334,request_rescan,7.632546
8831,8831,0.9433333333333334,request_rescan,7.633105
8832,8832,0.9433333333333334,request_rescan,7.633654
8833,8833,0.9433333333333334,discard,7.673428
8834,8834,0.9433333333333334,request_rescan,7.674048
8835,8835,0.9433333333333334,discard,7.674601
8836,8836,0.9433333333333334,request_rescan,7.675168
8837,8837,0.9433333333333334,discard,7.67572
8838,8838,0.9433333333333334,discard,7.676274
8839,8839,0.9433333333333334,request_rescan,7.676828
8840,8840,0.9433333333333334,discard,7.67739
8841,8841,0.9433333333333334,request_rescan,7.677937
8842,8842,0.9433333333333334,discard,7.678499
8843,8843,0.9433333333333334,discard,7.679047
8844,8844,0.9433333333333334,discard,7.679608
8845,8845,0.9433333333333334,discard,7.680157
8846,8846,0.9433333333333334,discard,7.680706
8847,8847,0.9433333333333334,discard,7.681259
8848,8848,0.9433333333333334,discard,7.68181
8849,8849,0.9433333333333334,request_rescan,7.682359
8850,8850,0.9433333333333334,request_rescan,7.682897
8851,8851,0.9433333333333334,request_rescan,7.683457
8852,8852,0.9433333333333334,discard,7.684004
8853,8853,0.9433333333333334,request_rescan,7.685644
8854,8854,0.9433333333333334,request_rescan,7.686216
8855,8855,0.9433333333333334,discard,7.686767
8856,8856,0.9433333333333334,request_rescan,7.687343
8857,8857,0.9433333333333334,discard,7.687888
8858,8858,0.9433333333333334,request_rescan,7.688438
8859,8859,0.9433333333333334,request_rescan,7.688985
8860,8860,0.9433333333333334,discard,7.689538
8861,8861,0.9433333333333334,discard,7.690088
8862,8862,0.9433333333333334,discard,7.690648
8863,8863,0.9433333333333334,discard,7.691217
8864,8864,0.9433333333333334,discard,7.691786
8865,8865,0.9433333333333334,discard,7.692344
8866,8866,0.9433333333333334,discard,7.692894
8867,8867,0.9433333333333334,discard,7.693476
8868,8868,0.9433333333333334,request_rescan,7.694058
8869,8869,0.9433333333333334,request_rescan,7.694617
8870,8870,0.9433333333333334,discard,7.695182
8871,8871,0.9433333333333334,request_rescan,7.695763
8872,8872,0.9433333333333334,discard,7.696329
8873,8873,0.9433333333333334,discard,7.69688
8874,8874,0.9433333333333334,request_rescan,7.697448
8875,8875,0.9433333333333334,request_rescan,7.698028
8876,8876,0.9433333333333334,request_rescan,7.698587
8877,8877,0.9433333333333334,request_rescan,7.699145
8878,8878,0.9433333333333334,request_rescan,7.699682
8879,8879,0.9433333333333334,discard,7.700263
8880,8880,0.9433333333333334,request_rescan,7.70081
8881,8881,0.9433333333333334,request_rescan,7.701451
8882,8882,0.9433333333333334,discard,7.702052
8883,8883,0.9433333333333334,request_rescan,7.702632
8884,8884,0.9433333333333334,discard,7.703552
8885,8885,0.9433333333333334,discard,7.704653
8886,8886,0.9433333333333334,request_rescan,7.705319
8887,8887,0.9433333333333334,request_rescan,7.705871
8888,8888,0.9433333333333334,request_rescan,7.706432
8889,8889,0.9433333333333334,request_rescan,7.706985
8890,8890,0.9433333333333334,request_rescan,7.707552
8891,8891,0.9433333333333334,request_rescan,7.708112
8892,8892,0.9433333333333334,request_rescan,7.708677
8893,8893,0.9433333333333334,request_rescan,7.709241
8894,8894,0.9433333333333334,discard,7.709789
8895,8895,0.9433333333333334,request_rescan,7.710352
8896,8896,0.9433333333333334,request_rescan,7.710899
8897,8897,0.9433333333333334,request_rescan,7.711488
8898,8898,0.9433333333333334,request_rescan,7.712052
8899,8899,0.9433333333333334,discard,7.712622
8900,8900,0.9433333333333334,discard,7.713173
8901,8901,0.9433333333333334,request_rescan,7.714645
8902,8902,0.9433333333333334,request_rescan,7.715213
8903,8903,0.9433333333333334,request_rescan,7.715771
8904,8904,0.9433333333333334,discard,7.716329
8905,8905,0.9433333333333334,request_rescan,7.716881
8906,8906,0.9433333333333334,discard,7.71764
8907,8907,0.9433333333333334,discard,7.718202
8908,8908,0.9433333333333334,discard,7.718759
8909,8909,0.9433333333333334,discard,7.719341
8910,8910,0.9433333333333334,request_rescan,7.719918
8911,8911,0.9433333333333334,discard,7.720514
8912,8912,0.9433333333333334,request_rescan,7.721078
8913,8913,0.9433333333333334,discard,7.721647
8914,8914,0.9433333333333334,request_rescan,7.722244
8915,8915,0.9433333333333334,discard,7.722792
8916,8916,0.9433333333333334,request_rescan,7.723351
8917,8917,0.9433333333333334,request_rescan,7.723893
8918,8918,0.9433333333333334,discard,7.724439
8919,8919,0.9433333333333334,request_rescan,7.724997
8920,8920,0.9433333333333334,request_rescan,7.725538
8921,8921,0.9433333333333334,request_rescan,7.726092
8922,8922,0.9433333333333334,request_rescan,7.726641
8923,8923,0.9433333333333334,request_rescan,7.727194
8924,8924,0.9433333333333334,discard,7.727749
8925,8925,0.9433333333333334,discard,7.728313
8926,8926,0.9433333333333334,request_rescan,7.728895
8927,8927,0.9433333333333334,discard,7.729446
8928,8928,0.9433333333333334,discard,7.729993
8929,8929,0.9433333333333334,discard,7.730565
8930,8930,0.9433333333333334,request_rescan,7.73111
8931,8931,0.9433333333333334,request_rescan,7.731671
8932,8932,0.9433333333333334,discard,7.732662
8933,8933,0.9433333333333334,discard,7.73371
8934,8934,0.76,request_rescan,7.734283
8935,8935,0.9433333333333334,discard,7.734831
8936,8936,0.9433333333333334,request_rescan,7.735398
8937,8937,0.9433333333333334,discard,7.735935
8938,8938,0.9433333333333334,discard,7.736499
8939,8939,0.9433333333333334,discard,7.737044
8940,8940,0.9433333333333334,request_rescan,7.737692
8941,8941,0.9433333333333334,request_rescan,7.738272
8942,8942,0.9433333333333334,discard,7.738832
8943,8943,0.9433333333333334,request_rescan,7.739426
8944,8944,0.9433333333333334,request_rescan,7.739993
8945,8945,0.9433333333333334,request_rescan,7.740539
8946,8946,0.9433333333333334,discard,7.741097
8947,8947,0.9433333333333334,discard,7.741631
8948,8948,0.9433333333333334,request_rescan,7.742186
8949,8949,0.9433333333333334,request_rescan,7.74272
8950,8950,0.9433333333333334,request_rescan,7.743275
8951,8951,0.9433333333333334,request_rescan,7.743811
8952,8952,0.9433333333333334,request_rescan,7.7444
8953,8953,0.9433333333333334,discard,7.74498
8954,8954,0.9433333333333334,request_rescan,7.74554
8955,8955,0.9433333333333334,discard,7.746356
8956,8956,0.9433333333333334,request_rescan,7.746915
8957,8957,0.9433333333333334,discard,7.747488
8958,8958,0.9433333333333334,request_rescan,7.74805
8959,8959,0.9433333333333334,request_rescan,7.748596
8960,8960,0.9433333333333334,request_rescan,7.749165
8961,8961,0.9433333333333334,discard,7.781039
8962,8962,0.9433333333333334,request_rescan,7.781695
8963,8963,0.9433333333333334,request_rescan,7.782286
8964,8964,0.9433333333333334,discard,7.782863
8965,8965,0.9433333333333334,discard,7.783429
8966,8966,0.9433333333333334,discard,7.784005
8967,8967,0.9433333333333334,request_rescan,7.784569
8968,8968,0.9433333333333334,request_rescan,7.785119
8969,8969,0.9433333333333334,request_rescan,7.786625
8970,8970,0.9433333333333334,discard,7.787228
8971,8971,0.9433333333333334,discard,7.787792
8972,8972,0.9433333333333334,request_rescan,7.788339
8973,8973,0.9433333333333334,discard,7.788881
8974,8974,0.9433333333333334,discard,7.789443
8975,8975,0.9433333333333334,discard,7.789998
8976,8976,0.9433333333333334,discard,7.790548
8977,8977,0.9433333333333334,request_rescan,7.791109
8978,8978,0.9433333333333334,request_rescan,7.791655
8979,8979,0.9433333333333334,request_rescan,7.792217
8980,8980,0.9433333333333334,request_rescan,7.792752
8981,8981,0.76,discard,7.793318
8982,8982,0.9433333333333334,request_rescan,7.793861
8983,8983,0.9433333333333334,request_rescan,7.794418
8984,8984,0.9433333333333334,discard,7.794996
8985,8985,0.9433333333333334,discard,7.795573
8986,8986,0.9433333333333334,request_rescan,7.796125
8987,8987,0.9433333333333334,request_rescan,7.797513
8988,8988,0.9433333333333334,discard,7.798139
8989,8989,0.9433333333333334,request_rescan,7.798698
8990,8990,0.9433333333333334,request_rescan,7.799257
8991,8991,0.9433333333333334,discard,7.799825
8992,8992,0.9433333333333334,discard,7.800381
8993,8993,0.9433333333333334,discard,7.800933
8994,8994,0.9433333333333334,discard,7.801481
8995,8995,0.9433333333333334,request_rescan,7.802028
8996,8996,0.9433333333333334,discard,7.802585
8997,8997,0.9433333333333334,discard,7.803143
8998,8998,0.9433333333333334,discard,7.80369
8999,8999,0.9433333333333334,discard,7.804281
9000,9000,0.9433333333333334,discard,7.80483
9001,9001,0.9433333333333334,request_rescan,7.806304
9002,9002,0.9433333333333334,discard,7.806855
9003,9003,0.9433333333333334,request_rescan,7.807426
9004,9004,0.9433333333333334,discard,7.807985
9005,9005,0.9433333333333334,request_rescan,7.808552
9006,9006,0.9433333333333334,discard,7.809101
9007,9007,0.9433333333333334,discard,7.80966
9008,9008,0.9433333333333334,discard,7.810212
9009,9009,0.9433333333333334,request_rescan,7.810752
9010,9010,0.9433333333333334,discard,7.811324
9011,9011,0.9433333333333334,request_rescan,7.811874
9012,9012,0.9433333333333334,request_rescan,7.812437
9013,9013,0.9433333333333334,request_rescan,7.812993
9014,9014,0.9433333333333334,discard,7.813552
9015,9015,0.9433333333333334,discard,7.814112
9016,9016,0.9433333333333334,discard,7.814679
9017,9017,0.9433333333333334,request_rescan,7.81524
9018,9018,0.9433333333333334,discard,7.815787
9019,9019,0.9433333333333334,request_rescan,7.816344
9020,9020,0.9433333333333334,request_rescan,7.816889
9021,9021,0.9433333333333334,request_rescan,7.817434
9022,9022,0.9433333333333334,request_rescan,7.81799
9023,9023,0.9433333333333334,request_rescan,7.818557
9024,9024,0.9433333333333334,request_rescan,7.819139
9025,9025,0.9433333333333334,request_rescan,7.819683
9026,9026,0.9433333333333334,request_rescan,7.820255
9027,9027,0.9433333333333334,request_rescan,7.820827
9028,9028,0.9433333333333334,request_rescan,7.821391
9029,9029,0.9433333333333334,request_rescan,7.821957
9030,9030,0.9433333333333334,request_rescan,7.822533
9031,9031,0.9433333333333334,discard,7.823089
9032,9032,0.9433333333333334,discard,7.823662
9033,9033,0.9433333333333334,request_rescan,7.824208
9034,9034,0.9433333333333334,request_rescan,7.824747
9035,9035,0.9433333333333334,discard,7.825316
9036,9036,0.9433333333333334,request_rescan,7.825858
9037,9037,0.9433333333333334,discard,7.826417
9038,9038,0.9433333333333334,request_rescan,7.826962
9039,9039,0.9433333333333334,discard,7.827517
9040,9040,0.9433333333333334,request_rescan,7.828105
9041,9041,0.9433333333333334,discard,7.82869
9042,9042,0.9433333333333334,discard,7.829277
9043,9043,0.9433333333333334,discard,7.829835
9044,9044,0.9433333333333334,request_rescan,7.830411
9045,9045,0.9433333333333334,discard,7.83097
9046,9046,0.9433333333333334,discard,7.831543
9047,9047,0.9433333333333334,request_rescan,7.832565
9048,9048,0.9433333333333334,request_rescan,7.833476
9049,9049,0.9433333333333334,request_rescan,7.83402
9050,9050,0.9433333333333334,request_rescan,7.834591
9051,9051,0.76,request_rescan,7.835154
9052,9052,0.9433333333333334,request_rescan,7.835742
9053,9053,0.9433333333333334,discard,7.836302
9054,9054,0.9433333333333334,request_rescan,7.836862
9055,9055,0.9433333333333334,request_rescan,7.837455
9056,9056,0.76,request_rescan,7.838022
9057,9057,0.9433333333333334,request_rescan,7.838571
9058,9058,0.9433333333333334,discard,7.839142
9059,9059,0.9433333333333334,discard,7.8397
9060,9060,0.9433333333333334,discard,7.840281
9061,9061,0.9433333333333334,request_rescan,7.840826
9062,9062,0.9433333333333334,discard,7.8414
9063,9063,0.9433333333333334,discard,7.841959
9064,9064,0.9433333333333334,request_rescan,7.842524
9065,9065,0.9433333333333334,request_rescan,7.843073
9066,9066,0.9433333333333334,discard,7.843632
9067,9067,0.9433333333333334,discard,7.844205
9068,9068,0.9433333333333334,discard,7.844782
9069,9069,0.9433333333333334,discard,7.845361
9070,9070,0.9433333333333334,discard,7.846172
9071,9071,0.9433333333333334,discard,7.846723
9072,9072,0.9433333333333334,discard,7.847277
9073,9073,0.9433333333333334,request_rescan,7.847831
9074,9074,0.9433333333333334,request_rescan,7.848396
9075,9075,0.9433333333333334,discard,7.848984
9076,9076,0.9433333333333334,request_rescan,7.849918
9077,9077,0.9433333333333334,request_rescan,7.850533
9078,9078,0.9433333333333334,discard,7.851091
9079,9079,0.9433333333333334,request_rescan,7.85164
9080,9080,0.9433333333333334,request_rescan,7.852205
9081,9081,0.9433333333333334,discard,7.852749
9082,9082,0.9433333333333334,discard,7.853312
9083,9083,0.9433333333333334,discard,7.853892
9084,9084,0.9433333333333334,discard,7.854458
9085,9085,0.9433333333333334,discard,7.855006
9086,9086,0.9433333333333334,discard,7.855566
9087,9087,0.9433333333333334,discard,7.856115
9088,9088,0.9433333333333334,discard,7.856663
9089,9089,0.9433333333333334,discard,7.889334
9090,9090,0.9433333333333334,request_rescan,7.889931
9091,9091,0.9433333333333334,request_rescan,7.890518
9092,9092,0.9433333333333334,discard,7.891081
9093,9093,0.9433333333333334,discard,7.891631
9094,9094,0.9433333333333334,discard,7.892217
9095,9095,0.9433333333333334,request_rescan,7.892776
9096,9096,0.9433333333333334,request_rescan,7.893543
9097,9097,0.9433333333333334,discard,7.894109
9098,9098,0.9433333333333334,request_rescan,7.894668
9099,9099,0.9433333333333334,request_rescan,7.895232
9100,9100,0.9433333333333334,request_rescan,7.895786
9101,9101,0.9433333333333334,discard,7.897429
9102,9102,0.9433333333333334,request_rescan,7.89799
9103,9103,0.9433333333333334,request_rescan,7.89857
9104,9104,0.9433333333333334,discard,7.899143
9105,9105,0.9433333333333334,discard,7.899725
9106,9106,0.9433333333333334,discard,7.900738
9107,9107,0.9433333333333334,discard,7.901313
9108,9108,0.9433333333333334,discard,7.901856
9109,9109,0.9433333333333334,discard,7.902424
9110,9110,0.9433333333333334,discard,7.902993
9111,9111,0.9433333333333334,request_rescan,7.903562
9112,9112,0.9433333333333334,discard,7.904157
9113,9113,0.9433333333333334,request_rescan,7.904726
9114,9114,0.9433333333333334,discard,7.905276
9115,9115,0.9433333333333334,discard,7.905842
9116,9116,0.9433333333333334,discard,7.906394
9117,9117,0.9433333333333334,request_rescan,7.90696
9118,9118,0.9433333333333334,request_rescan,7.907513
9119,9119,0.9433333333333334,discard,7.908077
9120,9120,0.9433333333333334,discard,7.908622
9121,9121,0.9433333333333334,discard,7.909186
9122,9122,0.9433333333333334,discard,7.909749
9123,9123,0.9433333333333334,discard,7.910307
9124,9124,0.9433333333333334,request_rescan,7.910862
9125,9125,0.9433333333333334,request_rescan,7.911413
9126,9126,0.9433333333333334,request_rescan,7.911967
9127,9127,0.9433333333333334,request_rescan,7.912531
9128,9128,0.9433333333333334,discard,7.913101
9129,9129,0.9433333333333334,discard,7.913649
9130,9130,0.9433333333333334,request_rescan,7.914237
9131,9131,0.9433333333333334,discard,7.915169
9132,9132,0.9433333333333334,discard,7.915731
9133,9133,0.9433333333333334,request_rescan,7.916319
9134,9134,0.9433333333333334,request_rescan,7.917284
9135,9135,0.9433333333333334,discard,7.917831
9136,9136,0.9433333333333334,request_rescan,7.918394
9137,9137,0.9433333333333334,request_rescan,7.91894
9138,9138,0.9433333333333334,discard,7.919509
9139,9139,0.9433333333333334,discard,7.920068
9140,9140,0.9433333333333334,discard,7.920676
9141,9141,0.9433333333333334,request_rescan,7.921244
9142,9142,0.9433333333333334,discard,7.921797
9143,9143,0.9433333333333334,discard,7.922365
9144,9144,0.9433333333333334,discard,7.922913
9145,9145,0.9433333333333334,discard,7.923477
9146,9146,0.9433333333333334,discard,7.924039
9147,9147,0.9433333333333334,discard,7.924596
9148,9148,0.9433333333333334,discard,7.925165
9149,9149,0.76,discard,7.925709
9150,9150,0.9433333333333334,request_rescan,7.926265
9151,9151,0.9433333333333334,discard,7.926814
9152,9152,0.9433333333333334,discard,7.927381
9153,9153,0.9433333333333334,request_rescan,7.927924
9154,9154,0.9433333333333334,request_rescan,7.92849
9155,9155,0.9433333333333334,discard,7.929051
9156,9156,0.9433333333333334,discard,7.929609
9157,9157,0.9433333333333334,discard,7.930163
9158,9158,0.9433333333333334,discard,7.930722
9159,9159,0.9433333333333334,request_rescan,7.931272
9160,9160,0.9433333333333334,discard,7.931828
9161,9161,0.9433333333333334,request_rescan,7.932379
9162,9162,0.9433333333333334,discard,7.932936
9163,9163,0.9433333333333334,request_rescan,7.933487
9164,9164,0.9433333333333334,request_rescan,7.934048
9165,9165,0.9433333333333334,discard,7.934593
9166,9166,0.9433333333333334,request_rescan,7.935159
9167,9167,0.9433333333333334,discard,7.935698
9168,9168,0.9433333333333334,request_rescan,7.936252
9169,9169,0.9433333333333334,request_rescan,7.936796
9170,9170,0.9433333333333334,request_rescan,7.937382
9171,9171,0.9433333333333334,request_rescan,7.937939
9172,9172,0.9433333333333334,request_rescan,7.938496
9173,9173,0.9433333333333334,discard,7.939062
9174,9174,0.9433333333333334,discard,7.93962
9175,9175,0.9433333333333334,request_rescan,7.940172
9176,9176,0.9433333333333334,request_rescan,7.940738
9177,9177,0.9433333333333334,request_rescan,7.941293
9178,9178,0.9433333333333334,discard,7.941848
9179,9179,0.9433333333333334,discard,7.942404
9180,9180,0.9433333333333334,discard,7.942966
9181,9181,0.9433333333333334,discard,7.943524
9182,9182,0.76,discard,7.944073
9183,9183,0.9433333333333334,discard,7.944623
9184,9184,0.9433333333333334,discard,7.945203
9185,9185,0.9433333333333334,request_rescan,7.946356
9186,9186,0.9433333333333334,request_rescan,7.946916
9187,9187,0.9433333333333334,discard,7.947481
9188,9188,0.9433333333333334,discard,7.948044
9189,9189,0.9433333333333334,discard,7.948601
9190,9190,0.9433333333333334,discard,7.949153
9191,9191,0.9433333333333334,request_rescan,7.949696
9192,9192,0.9433333333333334,discard,7.950261
9193,9193,0.9433333333333334,request_rescan,7.950809
9194,9194,0.9433333333333334,request_rescan,7.95137
9195,9195,0.9433333333333334,request_rescan,7.951918
9196,9196,0.9433333333333334,request_rescan,7.952484
9197,9197,0.9433333333333334,discard,7.953054
9198,9198,0.9433333333333334,request_rescan,7.953611
9199,9199,0.9433333333333334,request_rescan,7.954201
9200,9200,0.9433333333333334,request_rescan,7.954752
9201,9201,0.9433333333333334,discard,7.956242
9202,9202,0.9433333333333334,discard,7.956793
9203,9203,0.9433333333333334,request_rescan,7.957365
9204,9204,0.9433333333333334,discard,7.957914
9205,9205,0.9433333333333334,discard,7.958476
9206,9206,0.9433333333333334,request_rescan,7.959039
9207,9207,0.9433333333333334,discard,7.959588
9208,9208,0.9433333333333334,request_rescan,7.960152
9209,9209,0.9433333333333334,discard,7.960704
9210,9210,0.9433333333333334,discard,7.961253
9211,9211,0.9433333333333334,discard,7.961814
9212,9212,0.9433333333333334,discard,7.962376
9213,9213,0.9433333333333334,discard,7.962931
9214,9214,0.9433333333333334,request_rescan,7.9635
9215,9215,0.9433333333333334,discard,7.96406
9216,9216,0.9433333333333334,request_rescan,7.964623
9217,9217,0.9433333333333334,request_rescan,7.995134
9218,9218,0.9433333333333334,discard,7.99611
9219,9219,0.9433333333333334,request_rescan,7.996675
9220,9220,0.9433333333333334,discard,7.997336
9221,9221,0.9433333333333334,request_rescan,7.997921
9222,9222,0.9433333333333334,request_rescan,7.99848
9223,9223,0.9433333333333334,request_rescan,7.999051
9224,9224,0.9433333333333334,request_rescan,7.999714
9225,9225,0.9433333333333334,request_rescan,8.000915
9226,9226,0.9433333333333334,discard,8.001473
9227,9227,0.9433333333333334,discard,8.002043
9228,9228,0.9433333333333334,request_rescan,8.002598
9229,9229,0.9433333333333334,discard,8.003169
9230,9230,0.9433333333333334,request_rescan,8.003722
9231,9231,0.9433333333333334,discard,8.00429
9232,9232,0.9433333333333334,discard,8.004859
9233,9233,0.9433333333333334,discard,8.005411
9234,9234,0.9433333333333334,discard,8.005961
9235,9235,0.9433333333333334,request_rescan,8.006525
9236,9236,0.9433333333333334,request_rescan,8.007081
9237,9237,0.9433333333333334,request_rescan,8.00764
9238,9238,0.9433333333333334,request_rescan,8.008193
9239,9239,0.9433333333333334,discard,8.008752
9240,9240,0.9433333333333334,discard,8.009312
9241,9241,0.9433333333333334,request_rescan,8.009872
9242,9242,0.9433333333333334,request_rescan,8.010438
9243,9243,0.9433333333333334,discard,8.011
9244,9244,0.9433333333333334,discard,8.011552
9245,9245,0.9433333333333334,request_rescan,8.012116
9246,9246,0.9433333333333334,request_rescan,8.012667
9247,9247,0.9433333333333334,discard,8.013236
9248,9248,0.9433333333333334,discard,8.013785
9249,9249,0.9433333333333334,request_rescan,8.014351
9250,9250,0.9433333333333334,request_rescan,8.014897
9251,9251,0.9433333333333334,discard,8.015467
9252,9252,0.9433333333333334,request_rescan,8.016018
9253,9253,0.9433333333333334,discard,8.016587
9254,9254,0.9433333333333334,request_rescan,8.017141
9255,9255,0.9433333333333334,request_rescan,8.017697
9256,9256,0.9433333333333334,discard,8.018252
9257,9257,0.9433333333333334,discard,8.018815
9258,9258,0.9433333333333334,discard,8.019371
9259,9259,0.9433333333333334,discard,8.019928
9260,9260,0.9433333333333334,request_rescan,8.020488
9261,9261,0.9433333333333334,discard,8.021057
9262,9262,0.9433333333333334,request_rescan,8.021606
9263,9263,0.9433333333333334,request_rescan,8.022173
9264,9264,0.9433333333333334,discard,8.022723
9265,9265,0.9433333333333334,request_rescan,8.023294
9266,9266,0.9433333333333334,request_rescan,8.02384
9267,9267,0.9433333333333334,request_rescan,8.024411
9268,9268,0.9433333333333334,discard,8.024957
9269,9269,0.9433333333333334,discard,8.025515
9270,9270,0.9433333333333334,discard,8.026068
9271,9271,0.9433333333333334,request_rescan,8.02662
9272,9272,0.76,request_rescan,8.02719
9273,9273,0.9433333333333334,discard,8.027747
9274,9274,0.9433333333333334,request_rescan,8.028325
9275,9275,0.9433333333333334,request_rescan,8.028884
9276,9276,0.9433333333333334,discard,8.029454
9277,9277,0.9433333333333334,request_rescan,8.030003
9278,9278,0.9433333333333334,request_rescan,8.030564
9279,9279,0.9433333333333334,discard,8.03112
9280,9280,0.9433333333333334,discard,8.031889
9281,9281,0.9433333333333334,request_rescan,8.032712
9282,9282,0.9433333333333334,discard,8.033365
9283,9283,0.9433333333333334,request_rescan,8.033914
9284,9284,0.9433333333333334,request_rescan,8.034485
9285,9285,0.9433333333333334,request_rescan,8.035076
9286,9286,0.9433333333333334,request_rescan,8.03564
9287,9287,0.9433333333333334,discard,8.036208
9288,9288,0.76,request_rescan,8.036771
9289,9289,0.9433333333333334,request_rescan,8.03732
9290,9290,0.9433333333333334,discard,8.037888
9291,9291,0.9433333333333334,discard,8.038446
9292,9292,0.9433333333333334,discard,8.039027
9293,9293,0.9433333333333334,request_rescan,8.039585
9294,9294,0.9433333333333334,request_rescan,8.040153
9295,9295,0.9433333333333334,request_rescan,8.040698
9296,9296,0.9433333333333334,request_rescan,8.041261
9297,9297,0.9433333333333334,request_rescan,8.041803
9298,9298,0.9433333333333334,request_rescan,8.042363
9299,9299,0.9433333333333334,request_rescan,8.04291
9300,9300,0.9433333333333334,request_rescan,8.043478
9301,9301,0.9433333333333334,request_rescan,8.045224
9302,9302,0.9433333333333334,discard,8.04578
9303,9303,0.9433333333333334,discard,8.046387
9304,9304,0.9433333333333334,request_rescan,8.046937
9305,9305,0.9433333333333334,request_rescan,8.047522
9306,9306,0.9433333333333334,discard,8.048092
9307,9307,0.9433333333333334,request_rescan,8.048646
9308,9308,0.9433333333333334,discard,8.049564
9309,9309,0.9433333333333334,discard,8.050204
9310,9310,0.9433333333333334,request_rescan,8.050758
9311,9311,0.9433333333333334,request_rescan,8.051317
9312,9312,0.9433333333333334,discard,8.051861
9313,9313,0.9433333333333334,discard,8.052436
9314,9314,0.9433333333333334,request_rescan,8.053002
9315,9315,0.9433333333333334,discard,8.053544
9316,9316,0.9433333333333334,discard,8.054134
9317,9317,0.9433333333333334,discard,8.054674
9318,9318,0.9433333333333334,request_rescan,8.055245
9319,9319,0.9433333333333334,discard,8.05578
9320,9320,0.9433333333333334,discard,8.056363
9321,9321,0.9433333333333334,discard,8.056917
9322,9322,0.9433333333333334,request_rescan,8.057483
9323,9323,0.9433333333333334,request_rescan,8.058023
9324,9324,0.9433333333333334,request_rescan,8.058572
9325,9325,0.9433333333333334,request_rescan,8.059138
9326,9326,0.9433333333333334,request_rescan,8.059729
9327,9327,0.76,request_rescan,8.060303
9328,9328,0.9433333333333334,discard,8.060863
9329,9329,0.9433333333333334,request_rescan,8.061437
9330,9330,0.9433333333333334,request_rescan,8.062023
9331,9331,0.9433333333333334,request_rescan,8.062578
9332,9332,0.9433333333333334,request_rescan,8.063157
9333,9333,0.9433333333333334,request_rescan,8.063707
9334,9334,0.9433333333333334,discard,8.064299
9335,9335,0.9433333333333334,request_rescan,8.064844
9336,9336,0.9433333333333334,discard,8.065841
9337,9337,0.9433333333333334,discard,8.066794
9338,9338,0.9433333333333334,discard,8.067374
9339,9339,0.9433333333333334,request_rescan,8.067923
9340,9340,0.9433333333333334,request_rescan,8.068493
9341,9341,0.9433333333333334,discard,8.069044
9342,9342,0.9433333333333334,request_rescan,8.069595
9343,9343,0.9433333333333334,request_rescan,8.070162
9344,9344,0.9433333333333334,request_rescan,8.070726
9345,9345,0.9433333333333334,request_rescan,8.123271
9346,9346,0.9433333333333334,request_rescan,8.124011
9347,9347,0.9433333333333334,discard,8.124651
9348,9348,0.9433333333333334,discard,8.125299
9349,9349,0.9433333333333334,discard,8.125926
9350,9350,0.9433333333333334,request_rescan,8.126556
9351,9351,0.9433333333333334,discard,8.12716
9352,9352,0.9433333333333334,discard,8.127789
9353,9353,0.9433333333333334,request_rescan,8.128428
9354,9354,0.9433333333333334,request_rescan,8.129039
9355,9355,0.9433333333333334,request_rescan,8.129628
9356,9356,0.9433333333333334,request_rescan,8.13023
9357,9357,0.9433333333333334,request_rescan,8.130831
9358,9358,0.9433333333333334,discard,8.131419
9359,9359,0.9433333333333334,request_rescan,8.131989
9360,9360,0.9433333333333334,discard,8.132566
9361,9361,0.9433333333333334,request_rescan,8.133122
9362,9362,0.9433333333333334,discard,8.1337
9363,9363,0.9433333333333334,request_rescan,8.134267
9364,9364,0.9433333333333334,discard,8.134831
9365,9365,0.9433333333333334,request_rescan,8.135416
9366,9366,0.9433333333333334,request_rescan,8.135986
9367,9367,0.9433333333333334,request_rescan,8.136564
9368,9368,0.9433333333333334,request_rescan,8.137146
9369,9369,0.9433333333333334,discard,8.137706
9370,9370,0.9433333333333334,request_rescan,8.138312
9371,9371,0.9433333333333334,request_rescan,8.138885
9372,9372,0.9433333333333334,discard,8.139471
9373,9373,0.9433333333333334,request_rescan,8.140037
9374,9374,0.9433333333333334,discard,8.140612
9375,9375,0.9433333333333334,discard,8.141187
9376,9376,0.9433333333333334,discard,8.14176
9377,9377,0.9433333333333334,request_rescan,8.142328
9378,9378,0.9433333333333334,discard,8.142902
9379,9379,0.9433333333333334,request_rescan,8.143481
9380,9380,0.9433333333333334,request_rescan,8.144154
9381,9381,0.9433333333333334,discard,8.144756
9382,9382,0.9433333333333334,request_rescan,8.145361
9383,9383,0.9433333333333334,discard,8.146344
9384,9384,0.9433333333333334,discard,8.147327
9385,9385,0.9433333333333334,discard,8.147959
9386,9386,0.9433333333333334,request_rescan,8.148691
9387,9387,0.9433333333333334,request_rescan,8.149236
9388,9388,0.9433333333333334,request_rescan,8.149782
9389,9389,0.9433333333333334,request_rescan,8.150395
9390,9390,0.9433333333333334,discard,8.150993
9391,9391,0.9433333333333334,discard,8.151538
9392,9392,0.9433333333333334,discard,8.152083
9393,9393,0.9433333333333334,discard,8.152614
9394,9394,0.9433333333333334,request_rescan,8.153159
9395,9395,0.9433333333333334,request_rescan,8.153718
9396,9396,0.9433333333333334,request_rescan,8.154309
9397,9397,0.9433333333333334,request_rescan,8.154864
9398,9398,0.9433333333333334,discard,8.15545
9399,9399,0.9433333333333334,request_rescan,8.156012
9400,9400,0.9433333333333334,request_rescan,8.156586
9401,9401,0.9433333333333334,discard,8.158128
9402,9402,0.9433333333333334,discard,8.158721
9403,9403,0.9433333333333334,discard,8.159281
9404,9404,0.9433333333333334,discard,8.159837
9405,9405,0.9433333333333334,discard,8.160396
9406,9406,0.9433333333333334,discard,8.160963
9407,9407,0.9433333333333334,discard,8.161521
9408,9408,0.9433333333333334,request_rescan,8.162092
9409,9409,0.9433333333333334,discard,8.162668
9410,9410,0.9433333333333334,discard,8.163255
9411,9411,0.9433333333333334,discard,8.16383
9412,9412,0.9433333333333334,discard,8.164421
9413,9413,0.9433333333333334,request_rescan,8.164972
9414,9414,0.9433333333333334,discard,8.165546
9415,9415,0.9433333333333334,discard,8.166108
9416,9416,0.9433333333333334,request_rescan,8.166646
9417,9417,0.9433333333333334,discard,8.16722
9418,9418,0.9433333333333334,discard,8.167763
9419,9419,0.9433333333333334,discard,8.168337
9420,9420,0.9433333333333334,request_rescan,8.168916
9421,9421,0.9433333333333334,discard,8.169474
9422,9422,0.9433333333333334,discard,8.170031
9423,9423,0.9433333333333334,discard,8.170635
9424,9424,0.9433333333333334,discard,8.171202
9425,9425,0.9433333333333334,discard,8.171745
9426,9426,0.9433333333333334,discard,8.172302
9427,9427,0.9433333333333334,discard,8.17286
9428,9428,0.9433333333333334,request_rescan,8.17344
9429,9429,0.9433333333333334,discard,8.174015
9430,9430,0.9433333333333334,request_rescan,8.17457
9431,9431,0.9433333333333334,discard,8.175165
9432,9432,0.9433333333333334,request_rescan,8.175757
9433,9433,0.9433333333333334,discard,8.176351
9434,9434,0.9433333333333334,discard,8.176906
9435,9435,0.9433333333333334,request_rescan,8.177486
9436,9436,0.9433333333333334,request_rescan,8.178049
9437,9437,0.9433333333333334,discard,8.178601
9438,9438,0.9433333333333334,discard,8.179198
9439,9439,0.9433333333333334,discard,8.179765
9440,9440,0.9433333333333334,request_rescan,8.18035
9441,9441,0.9433333333333334,request_rescan,8.180904
9442,9442,0.9433333333333334,request_rescan,8.181456
9443,9443,0.9433333333333334,request_rescan,8.182046
9444,9444,0.9433333333333334,request_rescan,8.1826
9445,9445,0.9433333333333334,request_rescan,8.183169
9446,9446,0.9433333333333334,discard,8.184144
9447,9447,0.9433333333333334,discard,8.185315
9448,9448,0.9433333333333334,discard,8.185875
9449,9449,0.9433333333333334,request_rescan,8.186438
9450,9450,0.9433333333333334,request_rescan,8.187022
9451,9451,0.9433333333333334,request_rescan,8.187647
9452,9452,0.9433333333333334,request_rescan,8.188211
9453,9453,0.9433333333333334,discard,8.188817
9454,9454,0.9433333333333334,discard,8.189406
9455,9455,0.9433333333333334,discard,8.189989
9456,9456,0.9433333333333334,discard,8.19218
9457,9457,0.9433333333333334,request_rescan,8.192759
9458,9458,0.9433333333333334,request_rescan,8.193347
9459,9459,0.9433333333333334,discard,8.193922
9460,9460,0.9433333333333334,request_rescan,8.194497
9461,9461,0.9433333333333334,request_rescan,8.195068
9462,9462,0.9433333333333334,request_rescan,8.195929
9463,9463,0.9433333333333334,discard,8.196509
9464,9464,0.9433333333333334,discard,8.197085
9465,9465,0.9433333333333334,request_rescan,8.197699
9466,9466,0.76,request_rescan,8.198297
9467,9467,0.9433333333333334,request_rescan,8.198885
9468,9468,0.9433333333333334,discard,8.19946
9469,9469,0.9433333333333334,discard,8.200047
9470,9470,0.9433333333333334,request_rescan,8.200626
9471,9471,0.9433333333333334,discard,8.201733
9472,9472,0.9433333333333334,discard,8.202379
9473,9473,0.9433333333333334,request_rescan,8.238407
9474,9474,0.9433333333333334,discard,8.239031
9475,9475,0.9433333333333334,discard,8.239585
9476,9476,0.9433333333333334,request_rescan,8.240155
9477,9477,0.9433333333333334,discard,8.240705
9478,9478,0.9433333333333334,request_rescan,8.241265
9479,9479,0.9433333333333334,discard,8.241818
9480,9480,0.9433333333333334,discard,8.242367
9481,9481,0.9433333333333334,request_rescan,8.242918
9482,9482,0.9433333333333334,discard,8.243469
9483,9483,0.9433333333333334,request_rescan,8.244019
9484,9484,0.9433333333333334,discard,8.244567
9485,9485,0.9433333333333334,discard,8.245322
9486,9486,0.9433333333333334,discard,8.245951
9487,9487,0.9433333333333334,discard,8.246489
9488,9488,0.9433333333333334,discard,8.247058
9489,9489,0.9433333333333334,discard,8.247602
9490,9490,0.9433333333333334,request_rescan,8.248166
9491,9491,0.9433333333333334,discard,8.248708
9492,9492,0.9433333333333334,discard,8.249274
9493,9493,0.9433333333333334,request_rescan,8.249812
9494,9494,0.9433333333333334,request_rescan,8.250372
9495,9495,0.9433333333333334,discard,8.251011
9496,9496,0.9433333333333334,discard,8.251928
9497,9497,0.9433333333333334,request_rescan,8.252493
9498,9498,0.9433333333333334,discard,8.253058
9499,9499,0.9433333333333334,discard,8.253616
9500,9500,0.9433333333333334,request_rescan,8.254181
9501,9501,0.9433333333333334,request_rescan,8.25565
9502,9502,0.76,discard,8.256216
9503,9503,0.9433333333333334,discard,8.256767
9504,9504,0.9433333333333334,request_rescan,8.257322
9505,9505,0.9433333333333334,discard,8.257861
9506,9506,0.9433333333333334,discard,8.258433
9507,9507,0.9433333333333334,request_rescan,8.258981
9508,9508,0.9433333333333334,discard,8.259542
9509,9509,0.9433333333333334,discard,8.2601
9510,9510,0.9433333333333334,request_rescan,8.260665
9511,9511,0.9433333333333334,discard,8.261215
9512,9512,0.9433333333333334,discard,8.261775
9513,9513,0.9433333333333334,discard,8.262329
9514,9514,0.9433333333333334,request_rescan,8.262898
9515,9515,0.9433333333333334,request_rescan,8.263453
9516,9516,0.9433333333333334,discard,8.264005
9517,9517,0.9433333333333334,discard,8.264551
9518,9518,0.9433333333333334,request_rescan,8.265094
9519,9519,0.9433333333333334,request_rescan,8.265653
9520,9520,0.9433333333333334,discard,8.266198
9521,9521,0.9433333333333334,discard,8.266753
9522,9522,0.9433333333333334,request_rescan,8.267298
9523,9523,0.9433333333333334,discard,8.267854
9524,9524,0.9433333333333334,request_rescan,8.268405
9525,9525,0.9433333333333334,discard,8.26896
9526,9526,0.76,discard,8.269505
9527,9527,0.9433333333333334,request_rescan,8.27007
9528,9528,0.9433333333333334,request_rescan,8.270617
9529,9529,0.9433333333333334,discard,8.271186
9530,9530,0.9433333333333334,discard,8.271732
9531,9531,0.9433333333333334,discard,8.272303
9532,9532,0.9433333333333334,discard,8.272848
9533,9533,0.9433333333333334,request_rescan,8.273408
9534,9534,0.9433333333333334,request_rescan,8.273974
9535,9535,0.9433333333333334,request_rescan,8.274518
9536,9536,0.9433333333333334,discard,8.275075
9537,9537,0.9433333333333334,discard,8.275615
9538,9538,0.9433333333333334,discard,8.276168
9539,9539,0.9433333333333334,discard,8.276715
9540,9540,0.9433333333333334,request_rescan,8.277262
9541,9541,0.9433333333333334,request_rescan,8.277829
9542,9542,0.9433333333333334,request_rescan,8.27841
9543,9543,0.9433333333333334,discard,8.278989
9544,9544,0.9433333333333334,discard,8.279551
9545,9545,0.9433333333333334,request_rescan,8.280104
9546,9546,0.9433333333333334,request_rescan,8.280662
9547,9547,0.9433333333333334,request_rescan,8.281222
9548,9548,0.9433333333333334,request_rescan,8.281781
9549,9549,0.9433333333333334,discard,8.28235
9550,9550,0.9433333333333334,discard,8.283319
9551,9551,0.9433333333333334,discard,8.284268
9552,9552,0.9433333333333334,request_rescan,8.284806
9553,9553,0.9433333333333334,request_rescan,8.285367
9554,9554,0.9433333333333334,request_rescan,8.28591
9555,9555,0.9433333333333334,request_rescan,8.28649
9556,9556,0.9433333333333334,request_rescan,8.287043
9557,9557,0.9433333333333334,request_rescan,8.2876
9558,9558,0.9433333333333334,discard,8.288144
9559,9559,0.9433333333333334,request_rescan,8.2887
9560,9560,0.9433333333333334,request_rescan,8.289258
9561,9561,0.9433333333333334,discard,8.289809
9562,9562,0.9433333333333334,discard,8.290367
9563,9563,0.9433333333333334,discard,8.290918
9564,9564,0.9433333333333334,discard,8.291472
9565,9565,0.9433333333333334,request_rescan,8.293104
9566,9566,0.9433333333333334,discard,8.293684
9567,9567,0.9433333333333334,request_rescan,8.29445
9568,9568,0.9433333333333334,request_rescan,8.295087
9569,9569,0.9433333333333334,request_rescan,8.295884
9570,9570,0.9433333333333334,discard,8.296449
9571,9571,0.9433333333333334,request_rescan,8.297014
9572,9572,0.9433333333333334,request_rescan,8.297592
9573,9573,0.9433333333333334,discard,8.298151
9574,9574,0.9433333333333334,request_rescan,8.298966
9575,9575,0.9433333333333334,discard,8.299725
9576,9576,0.9433333333333334,request_rescan,8.300809
9577,9577,0.9433333333333334,discard,8.301569
9578,9578,0.9433333333333334,request_rescan,8.302366
9579,9579,0.9433333333333334,discard,8.302961
9580,9580,0.9433333333333334,discard,8.303561
9581,9581,0.9433333333333334,discard,8.304379
9582,9582,0.9433333333333334,discard,8.305602
9583,9583,0.9433333333333334,discard,8.306723
9584,9584,0.9433333333333334,discard,8.307853
9585,9585,0.9433333333333334,discard,8.308978
9586,9586,0.9433333333333334,discard,8.310095
9587,9587,0.9433333333333334,request_rescan,8.31121
9588,9588,0.9433333333333334,discard,8.312331
9589,9589,0.9433333333333334,request_rescan,8.313446
9590,9590,0.9433333333333334,request_rescan,8.314465
9591,9591,0.9433333333333334,request_rescan,8.315046
9592,9592,0.9433333333333334,request_rescan,8.315611
9593,9593,0.9433333333333334,discard,8.316172
9594,9594,0.9433333333333334,request_rescan,8.316733
9595,9595,0.9433333333333334,discard,8.317287
9596,9596,0.9433333333333334,discard,8.317827
9597,9597,0.9433333333333334,request_rescan,8.318393
9598,9598,0.9433333333333334,request_rescan,8.318951
9599,9599,0.9433333333333334,discard,8.31952
9600,9600,0.9433333333333334,discard,8.320106
9601,9601,0.9433333333333334,discard,8.357716
9602,9602,0.9433333333333334,request_rescan,8.358334
9603,9603,0.9433333333333334,request_rescan,8.35889
9604,9604,0.9433333333333334,request_rescan,8.35946
9605,9605,0.9433333333333334,discard,8.360035
9606,9606,0.9433333333333334,discard,8.360584
9607,9607,0.9433333333333334,request_rescan,8.361135
9608,9608,0.9433333333333334,request_rescan,8.362008
9609,9609,0.9433333333333334,discard,8.36256
9610,9610,0.9433333333333334,request_rescan,8.363118
9611,9611,0.9433333333333334,discard,8.363668
9612,9612,0.9433333333333334,discard,8.364227
9613,9613,0.9433333333333334,request_rescan,8.364797
9614,9614,0.9433333333333334,request_rescan,8.365373
9615,9615,0.9433333333333334,discard,8.36593
9616,9616,0.9433333333333334,request_rescan,8.366507
9617,9617,0.9433333333333334,request_rescan,8.367461
9618,9618,0.9433333333333334,discard,8.368022
9619,9619,0.9433333333333334,request_rescan,8.368576
9620,9620,0.9433333333333334,discard,8.369118
9621,9621,0.9433333333333334,request_rescan,8.369677
9622,9622,0.9433333333333334,discard,8.370229
9623,9623,0.9433333333333334,discard,8.370825
9624,9624,0.9433333333333334,request_rescan,8.371374
9625,9625,0.9433333333333334,discard,8.37193
9626,9626,0.9433333333333334,discard,8.372483
9627,9627,0.9433333333333334,request_rescan,8.373028
9628,9628,0.9433333333333334,discard,8.373587
9629,9629,0.9433333333333334,request_rescan,8.37415
9630,9630,0.9433333333333334,discard,8.374699
9631,9631,0.9433333333333334,request_rescan,8.375258
9632,9632,0.9433333333333334,request_rescan,8.375805
9633,9633,0.9433333333333334,request_rescan,8.376371
9634,9634,0.9433333333333334,request_rescan,8.376921
9635,9635,0.9433333333333334,discard,8.377487
9636,9636,0.9433333333333334,discard,8.378048
9637,9637,0.9433333333333334,request_rescan,8.378612
9638,9638,0.9433333333333334,request_rescan,8.379156
9639,9639,0.9433333333333334,discard,8.379715
9640,9640,0.9433333333333334,request_rescan,8.380262
9641,9641,0.9433333333333334,request_rescan,8.380805
9642,9642,0.9433333333333334,discard,8.381373
9643,9643,0.9433333333333334,discard,8.381921
9644,9644,0.9433333333333334,request_rescan,8.382488
9645,9645,0.9433333333333334,request_rescan,8.38304
9646,9646,0.9433333333333334,request_rescan,8.383598
9647,9647,0.9433333333333334,discard,8.384158
9648,9648,0.9433333333333334,request_rescan,8.384708
9649,9649,0.9433333333333334,request_rescan,8.385271
9650,9650,0.9433333333333334,discard,8.385817
9651,9651,0.9433333333333334,request_rescan,8.386377
9652,9652,0.9433333333333334,request_rescan,8.386919
9653,9653,0.9433333333333334,request_rescan,8.387509
9654,9654,0.9433333333333334,discard,8.388074
9655,9655,0.9433333333333334,request_rescan,8.388626
9656,9656,0.9433333333333334,request_rescan,8.389192
9657,9657,0.9433333333333334,discard,8.389729
9658,9658,0.9433333333333334,request_rescan,8.390314
9659,9659,0.9433333333333334,request_rescan,8.390872
9660,9660,0.9433333333333334,request_rescan,8.391444
9661,9661,0.9433333333333334,discard,8.391982
9662,9662,0.9433333333333334,request_rescan,8.392541
9663,9663,0.9433333333333334,discard,8.394097
9664,9664,0.9433333333333334,request_rescan,8.395071
9665,9665,0.76,request_rescan,8.395829
9666,9666,0.9433333333333334,discard,8.396422
9667,9667,0.9433333333333334,request_rescan,8.396978
9668,9668,0.9433333333333334,request_rescan,8.397542
9669,9669,0.9433333333333334,discard,8.398093
9670,9670,0.76,request_rescan,8.398656
9671,9671,0.9433333333333334,request_rescan,8.399207
9672,9672,0.9433333333333334,discard,8.399767
9673,9673,0.9433333333333334,discard,8.400327
9674,9674,0.9433333333333334,request_rescan,8.400919
9675,9675,0.9433333333333334,request_rescan,8.401481
9676,9676,0.9433333333333334,request_rescan,8.402058
9677,9677,0.9433333333333334,discard,8.402606
9678,9678,0.9433333333333334,request_rescan,8.403171
9679,9679,0.9433333333333334,request_rescan,8.403714
9680,9680,0.9433333333333334,request_rescan,8.40433
9681,9681,0.9433333333333334,discard,8.404882
9682,9682,0.9433333333333334,discard,8.405447
9683,9683,0.9433333333333334,discard,8.406005
9684,9684,0.9433333333333334,request_rescan,8.406569
9685,9685,0.9433333333333334,discard,8.407175
9686,9686,0.9433333333333334,request_rescan,8.407768
9687,9687,0.9433333333333334,request_rescan,8.408328
9688,9688,0.9433333333333334,request_rescan,8.408884
9689,9689,0.9433333333333334,request_rescan,8.40945
9690,9690,0.9433333333333334,discard,8.410007
9691,9691,0.9433333333333334,discard,8.410558
9692,9692,0.9433333333333334,request_rescan,8.41113
9693,9693,0.9433333333333334,request_rescan,8.411687
9694,9694,0.9433333333333334,request_rescan,8.412255
9695,9695,0.9433333333333334,discard,8.41282
9696,9696,0.9433333333333334,request_rescan,8.413374
9697,9697,0.9433333333333334,discard,8.413963
9698,9698,0.9433333333333334,discard,8.414522
9699,9699,0.9433333333333334,request_rescan,8.415764
9700,9700,0.9433333333333334,discard,8.416318
9701,9701,0.9433333333333334,discard,8.417754
9702,9702,0.9433333333333334,request_rescan,8.418344
9703,9703,0.9433333333333334,discard,8.418903
9704,9704,0.9433333333333334,request_rescan,8.419468
9705,9705,0.9433333333333334,request_rescan,8.420022
9706,9706,0.9433333333333334,discard,8.420629
9707,9707,0.9433333333333334,request_rescan,8.421185
9708,9708,0.9433333333333334,discard,8.421748
9709,9709,0.9433333333333334,request_rescan,8.422296
9710,9710,0.9433333333333334,discard,8.422863
9711,9711,0.9433333333333334,request_rescan,8.42344
9712,9712,0.9433333333333334,request_rescan,8.424007
9713,9713,0.9433333333333334,discard,8.42456
9714,9714,0.9433333333333334,request_rescan,8.425127
9715,9715,0.9433333333333334,request_rescan,8.425678
9716,9716,0.9433333333333334,request_rescan,8.426244
9717,9717,0.9433333333333334,request_rescan,8.426806
9718,9718,0.9433333333333334,request_rescan,8.427359
9719,9719,0.9433333333333334,request_rescan,8.4279
9720,9720,0.9433333333333334,request_rescan,8.428467
9721,9721,0.9433333333333334,discard,8.429028
9722,9722,0.9433333333333334,request_rescan,8.429597
9723,9723,0.9433333333333334,request_rescan,8.430152
9724,9724,0.9433333333333334,request_rescan,8.430712
9725,9725,0.9433333333333334,request_rescan,8.431264
9726,9726,0.9433333333333334,request_rescan,8.431826
9727,9727,0.9433333333333334,request_rescan,8.432396
9728,9728,0.9433333333333334,discard,8.433238
9729,9729,0.9433333333333334,request_rescan,8.466774
9730,9730,0.9433333333333334,discard,8.467494
9731,9731,0.9433333333333334,discard,8.46807
9732,9732,0.9433333333333334,discard,8.46862
9733,9733,0.9433333333333334,discard,8.469182
9734,9734,0.9433333333333334,request_rescan,8.469735
9735,9735,0.9433333333333334,request_rescan,8.470298
9736,9736,0.9433333333333334,discard,8.470891
9737,9737,0.9433333333333334,discard,8.471474
9738,9738,0.9433333333333334,request_rescan,8.472103
9739,9739,0.9433333333333334,discard,8.472664
9740,9740,0.9433333333333334,discard,8.473215
9741,9741,0.9433333333333334,discard,8.473775
9742,9742,0.9433333333333334,discard,8.474328
9743,9743,0.76,discard,8.474879
9744,9744,0.9433333333333334,discard,8.475426
9745,9745,0.9433333333333334,discard,8.475971
9746,9746,0.9433333333333334,discard,8.476532
9747,9747,0.9433333333333334,discard,8.477089
9748,9748,0.9433333333333334,request_rescan,8.477637
9749,9749,0.9433333333333334,request_rescan,8.478201
9750,9750,0.9433333333333334,request_rescan,8.478753
9751,9751,0.9433333333333334,request_rescan,8.479309
9752,9752,0.9433333333333334,discard,8.47986
9753,9753,0.9433333333333334,request_rescan,8.480409
9754,9754,0.9433333333333334,request_rescan,8.480971
9755,9755,0.9433333333333334,discard,8.481532
9756,9756,0.9433333333333334,request_rescan,8.482085
9757,9757,0.9433333333333334,request_rescan,8.48264
9758,9758,0.9433333333333334,request_rescan,8.483202
9759,9759,0.9433333333333334,discard,8.483752
9760,9760,0.9433333333333334,request_rescan,8.48431
9761,9761,0.9433333333333334,discard,8.484861
9762,9762,0.9433333333333334,discard,8.485433
9763,9763,0.9433333333333334,request_rescan,8.485983
9764,9764,0.9433333333333334,request_rescan,8.486539
9765,9765,0.9433333333333334,request_rescan,8.487118
9766,9766,0.9433333333333334,request_rescan,8.48768
9767,9767,0.9433333333333334,request_rescan,8.488237
9768,9768,0.9433333333333334,discard,8.488786
9769,9769,0.9433333333333334,discard,8.489353
9770,9770,0.9433333333333334,discard,8.489913
9771,9771,0.9433333333333334,request_rescan,8.490464
9772,9772,0.9433333333333334,request_rescan,8.491021
9773,9773,0.9433333333333334,request_rescan,8.491569
9774,9774,0.9433333333333334,discard,8.492135
9775,9775,0.9433333333333334,request_rescan,8.49268
9776,9776,0.76,discard,8.493233
9777,9777,0.9433333333333334,discard,8.494738
9778,9778,0.9433333333333334,discard,8.49599
9779,9779,0.9433333333333334,request_rescan,8.496554
9780,9780,0.9433333333333334,discard,8.497125
9781,9781,0.9433333333333334,request_rescan,8.497688
9782,9782,0.9433333333333334,discard,8.498262
9783,9783,0.9433333333333334,discard,8.498833
9784,9784,0.9433333333333334,discard,8.499417
9785,9785,0.9433333333333334,request_rescan,8.499976
9786,9786,0.9433333333333334,request_rescan,8.500561
9787,9787,0.9433333333333334,request_rescan,8.501136
9788,9788,0.9433333333333334,request_rescan,8.501709
9789,9789,0.9433333333333334,discard,8.502285
9790,9790,0.9433333333333334,discard,8.502855
9791,9791,0.9433333333333334,discard,8.503418
9792,9792,0.9433333333333334,request_rescan,8.504025
9793,9793,0.9433333333333334,request_rescan,8.504585
9794,9794,0.9433333333333334,discard,8.505158
9795,9795,0.9433333333333334,request_rescan,8.505724
9796,9796,0.9433333333333334,request_rescan,8.506323
9797,9797,0.9433333333333334,request_rescan,8.506881
9798,9798,0.9433333333333334,discard,8.507456
9799,9799,0.9433333333333334,request_rescan,8.508028
9800,9800,0.9433333333333334,discard,8.508583
9801,9801,0.9433333333333334,discard,8.509995
9802,9802,0.9433333333333334,request_rescan,8.510556
9803,9803,0.9433333333333334,request_rescan,8.511129
9804,9804,0.9433333333333334,request_rescan,8.511705
9805,9805,0.9433333333333334,request_rescan,8.512286
9806,9806,0.9433333333333334,discard,8.512836
9807,9807,0.9433333333333334,discard,8.513415
9808,9808,0.9433333333333334,request_rescan,8.513969
9809,9809,0.9433333333333334,discard,8.514534
9810,9810,0.9433333333333334,discard,8.5151
9811,9811,0.9433333333333334,request_rescan,8.51571
9812,9812,0.9433333333333334,discard,8.516283
9813,9813,0.9433333333333334,request_rescan,8.516861
9814,9814,0.9433333333333334,request_rescan,8.517428
9815,9815,0.9433333333333334,request_rescan,8.518002
9816,9816,0.9433333333333334,discard,8.518575
9817,9817,0.9433333333333334,discard,8.51913
9818,9818,0.9433333333333334,request_rescan,8.519697
9819,9819,0.9433333333333334,request_rescan,8.520251
9820,9820,0.9433333333333334,discard,8.520864
9821,9821,0.9433333333333334,discard,8.521423
9822,9822,0.9433333333333334,discard,8.521996
9823,9823,0.9433333333333334,discard,8.522548
9824,9824,0.9433333333333334,discard,8.523108
9825,9825,0.9433333333333334,discard,8.523667
9826,9826,0.9433333333333334,request_rescan,8.524239
9827,9827,0.9433333333333334,discard,8.524795
9828,9828,0.9433333333333334,discard,8.525381
9829,9829,0.9433333333333334,request_rescan,8.525946
9830,9830,0.9433333333333334,request_rescan,8.526498
9831,9831,0.9433333333333334,discard,8.527073
9832,9832,0.9433333333333334,discard,8.527651
9833,9833,0.9433333333333334,request_rescan,8.52824
9834,9834,0.9433333333333334,discard,8.528818
9835,9835,0.9433333333333334,request_rescan,8.529387
9836,9836,0.9433333333333334,request_rescan,8.52994
9837,9837,0.9433333333333334,request_rescan,8.530513
9838,9838,0.9433333333333334,request_rescan,8.531076
9839,9839,0.9433333333333334,discard,8.531647
9840,9840,0.9433333333333334,discard,8.532209
9841,9841,0.9433333333333334,discard,8.532774
9842,9842,0.9433333333333334,request_rescan,8.533867
9843,9843,0.9433333333333334,request_rescan,8.534524
9844,9844,0.9433333333333334,request_rescan,8.535098
9845,9845,0.9433333333333334,discard,8.535654
9846,9846,0.9433333333333334,request_rescan,8.536212
9847,9847,0.9433333333333334,request_rescan,8.536778
9848,9848,0.9433333333333334,request_rescan,8.537376
9849,9849,0.9433333333333334,request_rescan,8.537966
9850,9850,0.9433333333333334,discard,8.538545
9851,9851,0.9433333333333334,request_rescan,8.539119
9852,9852,0.9433333333333334,discard,8.539678
9853,9853,0.9433333333333334,request_rescan,8.540249
9854,9854,0.9433333333333334,request_rescan,8.540798
9855,9855,0.9433333333333334,request_rescan,8.541367
9856,9856,0.9433333333333334,request_rescan,8.541914
9857,9857,0.9433333333333334,discard,8.573178
9858,9858,0.9433333333333334,request_rescan,8.573782
9859,9859,0.9433333333333334,discard,8.574365
9860,9860,0.9433333333333334,request_rescan,8.574927
9861,9861,0.9433333333333334,discard,8.575508
9862,9862,0.9433333333333334,request_rescan,8.576082
9863,9863,0.9433333333333334,discard,8.576656
9864,9864,0.9433333333333334,discard,8.577213
9865,9865,0.9433333333333334,discard,8.57778
9866,9866,0.9433333333333334,discard,8.578344
9867,9867,0.9433333333333334,request_rescan,8.578903
9868,9868,0.9433333333333334,discard,8.579476
9869,9869,0.9433333333333334,discard,8.580055
9870,9870,0.9433333333333334,discard,8.580629
9871,9871,0.9433333333333334,request_rescan,8.581214
9872,9872,0.9433333333333334,discard,8.581769
9873,9873,0.9433333333333334,discard,8.582332
9874,9874,0.9433333333333334,request_rescan,8.582889
9875,9875,0.9433333333333334,discard,8.583455
9876,9876,0.9433333333333334,discard,8.584014
9877,9877,0.9433333333333334,request_rescan,8.584568
9878,9878,0.9433333333333334,discard,8.58514
9879,9879,0.9433333333333334,request_rescan,8.58569
9880,9880,0.9433333333333334,discard,8.586258
9881,9881,0.9433333333333334,request_rescan,8.586806
9882,9882,0.9433333333333334,discard,8.587377
9883,9883,0.9433333333333334,request_rescan,8.587938
9884,9884,0.9433333333333334,request_rescan,8.588506
9885,9885,0.9433333333333334,request_rescan,8.589067
9886,9886,0.9433333333333334,discard,8.589637
9887,9887,0.9433333333333334,request_rescan,8.590188
9888,9888,0.9433333333333334,request_rescan,8.59076
9889,9889,0.9433333333333334,discard,8.591322
9890,9890,0.76,discard,8.59189
9891,9891,0.9433333333333334,request_rescan,8.592443
9892,9892,0.9433333333333334,discard,8.592997
9893,9893,0.9433333333333334,discard,8.593563
9894,9894,0.9433333333333334,discard,8.594143
9895,9895,0.9433333333333334,request_rescan,8.595745
9896,9896,0.9433333333333334,request_rescan,8.596679
9897,9897,0.9433333333333334,request_rescan,8.597234
9898,9898,0.9433333333333334,request_rescan,8.597799
9899,9899,0.9433333333333334,request_rescan,8.598359
9900,9900,0.9433333333333334,request_rescan,8.59892
9901,9901,0.9433333333333334,discard,8.600336
9902,9902,0.9433333333333334,request_rescan,8.600897
9903,9903,0.9433333333333334,request_rescan,8.601458
9904,9904,0.9433333333333334,request_rescan,8.602042
9905,9905,0.9433333333333334,request_rescan,8.602609
9906,9906,0.9433333333333334,discard,8.60319
9907,9907,0.9433333333333334,discard,8.603783
9908,9908,0.9433333333333334,discard,8.604355
9909,9909,0.9433333333333334,request_rescan,8.604894
9910,9910,0.9433333333333334,request_rescan,8.605466
9911,9911,0.9433333333333334,request_rescan,8.606008
9912,9912,0.9433333333333334,discard,8.606549
9913,9913,0.9433333333333334,request_rescan,8.607108
9914,9914,0.9433333333333334,request_rescan,8.60766
9915,9915,0.9433333333333334,discard,8.608216
9916,9916,0.9433333333333334,request_rescan,8.608784
9917,9917,0.9433333333333334,request_rescan,8.609339
9918,9918,0.9433333333333334,request_rescan,8.609882
9919,9919,0.9433333333333334,discard,8.610433
9920,9920,0.9433333333333334,discard,8.610981
9921,9921,0.9433333333333334,discard,8.611539
9922,9922,0.9433333333333334,discard,8.612116
9923,9923,0.9433333333333334,request_rescan,8.6127
9924,9924,0.9433333333333334,discard,8.613269
9925,9925,0.9433333333333334,discard,8.613817
9926,9926,0.9433333333333334,discard,8.61436
9927,9927,0.9433333333333334,discard,8.614919
9928,9928,0.9433333333333334,discard,8.615483
9929,9929,0.9433333333333334,discard,8.61605
9930,9930,0.9433333333333334,discard,8.616964
9931,9931,0.9433333333333334,discard,8.617966
9932,9932,0.9433333333333334,discard,8.618512
9933,9933,0.9433333333333334,request_rescan,8.619073
9934,9934,0.9433333333333334,discard,8.619629
9935,9935,0.9433333333333334,request_rescan,8.620185
9936,9936,0.9433333333333334,request_rescan,8.620783
9937,9937,0.9433333333333334,discard,8.621344
9938,9938,0.9433333333333334,discard,8.621894
9939,9939,0.9433333333333334,discard,8.622522
9940,9940,0.9433333333333334,discard,8.623088
9941,9941,0.9433333333333334,discard,8.623633
9942,9942,0.9433333333333334,request_rescan,8.624197
9943,9943,0.9433333333333334,discard,8.62475
9944,9944,0.9433333333333334,request_rescan,8.625317
9945,9945,0.9433333333333334,discard,8.625862
9946,9946,0.9433333333333334,discard,8.626426
9947,9947,0.9433333333333334,request_rescan,8.626977
9948,9948,0.9433333333333334,discard,8.627538
9949,9949,0.9433333333333334,request_rescan,8.628114
9950,9950,0.9433333333333334,discard,8.628697
9951,9951,0.9433333333333334,request_rescan,8.629481
9952,9952,0.9433333333333334,discard,8.630039
9953,9953,0.9433333333333334,request_rescan,8.630584
9954,9954,0.9433333333333334,request_rescan,8.63114
9955,9955,0.9433333333333334,request_rescan,8.631678
9956,9956,0.9433333333333334,request_rescan,8.632248
9957,9957,0.9433333333333334,discard,8.632793
9958,9958,0.9433333333333334,discard,8.633349
9959,9959,0.9433333333333334,request_rescan,8.634378
9960,9960,0.9433333333333334,discard,8.635022
9961,9961,0.9433333333333334,request_rescan,8.63557
9962,9962,0.9433333333333334,request_rescan,8.636138
9963,9963,0.9433333333333334,discard,8.636687
9964,9964,0.9433333333333334,discard,8.637295
9965,9965,0.9433333333333334,request_rescan,8.637844
9966,9966,0.9433333333333334,discard,8.638419
9967,9967,0.9433333333333334,request_rescan,8.638995
9968,9968,0.9433333333333334,request_rescan,8.639541
9969,9969,0.9433333333333334,discard,8.640098
9970,9970,0.9433333333333334,request_rescan,8.640643
9971,9971,0.9433333333333334,discard,8.641193
9972,9972,0.9433333333333334,request_rescan,8.641745
9973,9973,0.9433333333333334,discard,8.642296
9974,9974,0.9433333333333334,request_rescan,8.642841
9975,9975,0.9433333333333334,request_rescan,8.643407
9976,9976,0.9433333333333334,discard,8.643964
9977,9977,0.9433333333333334,request_rescan,8.644533
9978,9978,0.9433333333333334,discard,8.645313
9979,9979,0.9433333333333334,request_rescan,8.645868
9980,9980,0.9433333333333334,discard,8.64642
9981,9981,0.9433333333333334,discard,8.646967
9982,9982,0.9433333333333334,request_rescan,8.647525
9983,9983,0.9433333333333334,discard,8.648069
9984,9984,0.9433333333333334,request_rescan,8.648624
9985,9985,0.9433333333333334,request_rescan,8.679705
9986,9986,0.9433333333333334,discard,8.680316
9987,9987,0.9433333333333334,discard,8.680865
9988,9988,0.9433333333333334,discard,8.681432
9989,9989,0.9433333333333334,discard,8.681979
9990,9990,0.9433333333333334,discard,8.682541
9991,9991,0.9433333333333334,request_rescan,8.683092
9992,9992,0.9433333333333334,discard,8.683655
9993,9993,0.9433333333333334,discard,8.684198
9994,9994,0.9433333333333334,discard,8.684759
9995,9995,0.9433333333333334,discard,8.685312
9996,9996,0.9433333333333334,request_rescan,8.685862
9997,9997,0.9433333333333334,request_rescan,8.686415
9998,9998,0.9433333333333334,discard,8.686973
9999,9999,0.9433333333333334,request_rescan,8.687518
10000,10000,0.9433333333333334,request_rescan,8.688068
10001,10001,0.76,request_rescan,8.689516
10002,10002,0.9433333333333334,discard,8.69008
10003,10003,0.9433333333333334,discard,8.690646
10004,10004,0.9433333333333334,discard,8.691202
10005,10005,0.9433333333333334,request_rescan,8.691759
10006,10006,0.9433333333333334,discard,8.692307
10007,10007,0.9433333333333334,discard,8.692861
10008,10008,0.9433333333333334,discard,8.693417
10009,10009,0.9433333333333334,discard,8.693969
10010,10010,0.9433333333333334,request_rescan,8.694525
10011,10011,0.9433333333333334,discard,8.69547
10012,10012,0.9433333333333334,request_rescan,8.697313
10013,10013,0.9433333333333334,request_rescan,8.697891
10014,10014,0.9433333333333334,discard,8.698462
10015,10015,0.9433333333333334,discard,8.699048
10016,10016,0.9433333333333334,discard,8.699611
10017,10017,0.9433333333333334,discard,8.700188
10018,10018,0.9433333333333334,discard,8.700747
10019,10019,0.9433333333333334,request_rescan,8.701322
10020,10020,0.9433333333333334,request_rescan,8.701888
10021,10021,0.9433333333333334,discard,8.702491
10022,10022,0.9433333333333334,discard,8.703059
10023,10023,0.9433333333333334,discard,8.703632
10024,10024,0.9433333333333334,request_rescan,8.704194
10025,10025,0.9433333333333334,discard,8.704761
10026,10026,0.9433333333333334,discard,8.705325
10027,10027,0.9433333333333334,discard,8.70589
10028,10028,0.9433333333333334,discard,8.706464
10029,10029,0.9433333333333334,request_rescan,8.707029
10030,10030,0.9433333333333334,discard,8.707606
10031,10031,0.9433333333333334,discard,8.708178
10032,10032,0.9433333333333334,discard,8.70875
10033,10033,0.9433333333333334,discard,8.709317
10034,10034,0.9433333333333334,discard,8.709891
10035,10035,0.9433333333333334,discard,8.710462
10036,10036,0.9433333333333334,discard,8.711043
10037,10037,0.9433333333333334,request_rescan,8.711617
10038,10038,0.9433333333333334,request_rescan,8.712211
10039,10039,0.9433333333333334,discard,8.712774
10040,10040,0.9433333333333334,discard,8.713357
10041,10041,0.9433333333333334,discard,8.713917
10042,10042,0.9433333333333334,request_rescan,8.71448
10043,10043,0.9433333333333334,request_rescan,8.715048
10044,10044,0.9433333333333334,discard,8.715619
10045,10045,0.9433333333333334,request_rescan,8.716786
10046,10046,0.9433333333333334,request_rescan,8.717432
10047,10047,0.9433333333333334,request_rescan,8.717994
10048,10048,0.9433333333333334,discard,8.71857
10049,10049,0.9433333333333334,discard,8.719131
10050,10050,0.9433333333333334,request_rescan,8.719692
10051,10051,0.9433333333333334,discard,8.720276
10052,10052,0.9433333333333334,request_rescan,8.720831
10053,10053,0.9433333333333334,discard,8.721428
10054,10054,0.9433333333333334,discard,8.722011
10055,10055,0.9433333333333334,discard,8.722594
10056,10056,0.9433333333333334,discard,8.723159
10057,10057,0.9433333333333334,discard,8.723725
10058,10058,0.9433333333333334,request_rescan,8.72431
10059,10059,0.9433333333333334,request_rescan,8.724873
10060,10060,0.9433333333333334,discard,8.725567
10061,10061,0.9433333333333334,request_rescan,8.72613
10062,10062,0.9433333333333334,discard,8.726677
10063,10063,0.9433333333333334,request_rescan,8.727216
10064,10064,0.9433333333333334,discard,8.727747
10065,10065,0.9433333333333334,request_rescan,8.728284
10066,10066,0.9433333333333334,discard,8.728818
10067,10067,0.9433333333333334,discard,8.729372
10068,10068,0.9433333333333334,request_rescan,8.729926
10069,10069,0.9433333333333334,discard,8.730463
10070,10070,0.9433333333333334,request_rescan,8.731002
10071,10071,0.9433333333333334,request_rescan,8.731539
10072,10072,0.9433333333333334,discard,8.732092
10073,10073,0.9433333333333334,discard,8.732634
10074,10074,0.9433333333333334,request_rescan,8.733203
10075,10075,0.9433333333333334,request_rescan,8.733765
10076,10076,0.9433333333333334,discard,8.73433
10077,10077,0.9433333333333334,request_rescan,8.734861
10078,10078,0.76,request_rescan,8.735412
10079,10079,0.9433333333333334,request_rescan,8.735949
10080,10080,0.9433333333333334,discard,8.736495
10081,10081,0.9433333333333334,discard,8.737041
10082,10082,0.9433333333333334,discard,8.737638
10083,10083,0.9433333333333334,request_rescan,8.738191
10084,10084,0.9433333333333334,discard,8.738722
10085,10085,0.9433333333333334,discard,8.739287
10086,10086,0.9433333333333334,request_rescan,8.739826
10087,10087,0.9433333333333334,request_rescan,8.740364
10088,10088,0.9433333333333334,discard,8.74091
10089,10089,0.9433333333333334,discard,8.741453
10090,10090,0.9433333333333334,request_rescan,8.742007
10091,10091,0.9433333333333334,discard,8.742547
10092,10092,0.9433333333333334,request_rescan,8.743111
10093,10093,0.9433333333333334,discard,8.743644
10094,10094,0.9433333333333334,discard,8.744205
10095,10095,0.9433333333333334,discard,8.74509
10096,10096,0.9433333333333334,request_rescan,8.745965
10097,10097,0.9433333333333334,discard,8.74652
10098,10098,0.9433333333333334,discard,8.747059
10099,10099,0.9433333333333334,request_rescan,8.747606
10100,10100,0.9433333333333334,discard,8.748142
10101,10101,0.9433333333333334,request_rescan,8.749549
10102,10102,0.9433333333333334,request_rescan,8.750108
10103,10103,0.9433333333333334,request_rescan,8.750649
10104,10104,0.9433333333333334,request_rescan,8.751207
10105,10105,0.9433333333333334,request_rescan,8.751746
10106,10106,0.76,request_rescan,8.752302
10107,10107,0.9433333333333334,request_rescan,8.752863
10108,10108,0.9433333333333334,request_rescan,8.753408
10109,10109,0.9433333333333334,discard,8.753996
10110,10110,0.76,request_rescan,8.754547
10111,10111,0.9433333333333334,request_rescan,8.755103
10112,10112,0.9433333333333334,request_rescan,8.755701
